1586247641.247030 -0.000000060 -0.000000033 -0.000000075 -0.000000000 0.000000000 -0.000000001 1.000000000
1586247641.280030 0.001020532 -0.041108780 -0.004059131 -0.000781506 0.000036579 0.000470662 -0.999999642
1586247641.313030 -0.006221334 -0.089327738 0.005942997 -0.002135903 0.000231189 0.000459314 -0.999997616
1586247641.346030 -0.004151156 -0.133148596 0.003762376 -0.002913773 0.000387949 0.000911882 -0.999995291
1586247641.379030 -0.007150133 -0.175455734 0.003964314 -0.003548324 0.000857270 0.001252563 -0.999992549
1586247641.412030 -0.010681837 -0.216872707 0.006699032 -0.003976852 0.001150672 0.001678659 -0.999990046
1586247641.445030 -0.007627327 -0.257267654 0.007306111 -0.004003823 0.001291562 0.002377477 -0.999988377
1586247641.478031 -0.018183542 -0.299845666 0.010884054 -0.003938109 0.001449328 0.002640063 -0.999987721
1586247641.511030 -0.008856584 -0.342246473 0.012753200 0.003164381 -0.001681985 -0.003640048 0.999987006
1586247641.544031 -0.019635001 -0.373358935 0.016298311 0.002461076 -0.001881425 -0.003881736 0.999987721
1586247641.577031 -0.011971412 -0.418374807 0.017480165 -0.001671195 0.001868485 0.004943585 -0.999984622
1586247641.610031 -0.022863284 -0.452002466 0.029186755 -0.000932396 0.001907608 0.005175699 -0.999984384
1586247641.643031 -0.024103498 -0.498163551 0.029393580 0.000160724 0.001911141 0.005781262 -0.999981463
1586247641.676031 -0.025473924 -0.538227320 0.033326361 0.001160473 0.001835463 0.006362608 -0.999977410
1586247641.709031 -0.020630689 -0.577287555 0.039501034 0.001701325 0.001414931 0.007422405 -0.999970019
1586247641.742031 -0.021471489 -0.628340483 0.042608604 0.002463192 0.001460523 0.008124642 -0.999962926
1586247641.775031 -0.018346654 -0.661067545 0.038458578 -0.003575951 -0.001307293 -0.009050144 0.999951839
1586247641.808031 -0.026536062 -0.701857805 0.035601091 -0.004339963 -0.001245590 -0.009681705 0.999942958
1586247641.841031 -0.034191694 -0.741074264 0.044135805 -0.004455268 -0.001294290 -0.010469658 0.999934435
1586247641.874031 -0.024613176 -0.791777194 0.042348500 -0.004986048 -0.001020798 -0.012006141 0.999915004
1586247641.907032 -0.037261855 -0.826595426 0.044407558 -0.005202830 -0.001336986 -0.012745565 0.999904394
1586247641.940032 -0.034867816 -0.864852726 0.049920138 -0.005318314 -0.001425840 -0.014117648 0.999885261
1586247641.973032 -0.041099869 -0.910893440 0.053314816 -0.005514562 -0.001335770 -0.015170790 0.999868810
1586247642.006032 -0.040126108 -0.954894185 0.056403536 -0.005679399 -0.001744368 -0.016609589 0.999844432
1586247642.039032 -0.044156875 -0.993781805 0.057989243 -0.006090045 -0.001683429 -0.017940141 0.999819100
1586247642.072032 -0.042456277 -1.024337173 0.052814692 -0.006798357 -0.001745663 -0.019586546 0.999783576
1586247642.105032 -0.049406242 -1.075106382 0.052409183 -0.007172942 -0.001539682 -0.021039262 0.999751806
1586247642.171032 -0.056925781 -1.160036802 0.062258884 -0.007670969 -0.001545826 -0.024246428 0.999675453
1586247642.204032 -0.066923641 -1.202388048 0.062728919 -0.008229226 -0.001570560 -0.025866963 0.999630332
1586247642.237032 -0.069584228 -1.248327136 0.051181167 -0.009210378 -0.001796206 -0.027820313 0.999568939
1586247642.270032 -0.080312490 -1.283745050 0.066885285 -0.009030432 -0.001561596 -0.029414734 0.999525309
1586247642.303033 -0.086379990 -1.328739285 0.080393873 -0.008904518 -0.001774016 -0.031389002 0.999466002
1586247642.336033 -0.093191415 -1.368483901 0.085180447 -0.009472936 -0.002188493 -0.033443302 0.999393344
1586247642.369033 -0.109826222 -1.406224012 0.107564576 -0.009090483 -0.002298540 -0.035168458 0.999337435
1586247642.402033 -0.116978459 -1.443164945 0.119224742 -0.009208590 -0.002301252 -0.037479676 0.999252319
1586247642.435033 -0.115663283 -1.499505997 0.081760280 -0.011407346 -0.002656098 -0.040045053 0.999129236
1586247642.468033 -0.134203374 -1.539461136 0.090020619 -0.011564344 -0.002750746 -0.042047378 0.999044895
1586247642.501033 -0.145738378 -1.572840691 0.122037366 -0.010754704 -0.002843114 -0.044365268 0.998953462
1586247642.534033 -0.159567416 -1.613597631 0.127059028 -0.010994315 -0.003129137 -0.046789788 0.998839378
1586247642.567033 -0.154338941 -1.658313274 0.106284283 -0.012376220 -0.002725949 -0.050021257 0.998667777
1586247642.600033 -0.161678329 -1.704105258 0.111352451 -0.012664497 -0.002657257 -0.052819312 0.998520255
1586247642.633033 -0.168093666 -1.741278172 0.115288354 -0.013069093 -0.002922932 -0.055671949 0.998359382
1586247642.666034 -0.181239694 -1.785667777 0.120506756 -0.013359696 -0.002943585 -0.058638640 0.998185635
1586247642.699033 -0.201100886 -1.823607445 0.123408757 -0.013797432 -0.003088598 -0.061195858 0.998025656
1586247642.732033 -0.210506216 -1.861050844 0.125703618 -0.014316112 -0.003448921 -0.064262442 0.997824430
1586247642.765033 -0.221406206 -1.903808355 0.129124880 -0.014760733 -0.003379390 -0.067364775 0.997613549
1586247642.798034 -0.229631692 -1.946131706 0.130804777 -0.015193492 -0.003352355 -0.070851162 0.997365594
1586247642.831034 -0.246848643 -1.982249856 0.131262913 -0.015784504 -0.003505742 -0.074054398 0.997123122
1586247642.864034 -0.246152416 -2.014993906 0.133140028 -0.016428264 -0.003203147 -0.077977344 0.996814668
1586247642.897034 -0.272295266 -2.061361790 0.144156247 -0.016567739 -0.003477189 -0.080973834 0.996572495
1586247642.930034 -0.287246436 -2.103268385 0.145750418 -0.017199608 -0.003599931 -0.084559180 0.996263564
1586247642.963034 -0.303051591 -2.142624378 0.147801951 -0.017716169 -0.003786213 -0.088020258 0.995953977
1586247642.996034 -0.308047563 -2.183610916 0.152271807 -0.018105241 -0.003590798 -0.092280567 0.995562017
1586247643.029034 -0.327813208 -2.226978302 0.152818874 -0.018595636 -0.003694668 -0.095895879 0.995210826
1586247643.062034 -0.345638543 -2.262008905 0.158083558 -0.018909127 -0.003831076 -0.099633619 0.994837165
1586247643.095034 -0.366797864 -2.295934677 0.157549724 -0.019228041 -0.004237442 -0.103208393 0.994464874
1586247643.128034 -0.374022365 -2.340193987 0.163047373 -0.019614011 -0.004230440 -0.107635923 0.993987918
1586247643.161035 -0.392801970 -2.371773481 0.171426564 -0.019685240 -0.004409233 -0.111540712 0.993555129
1586247643.194035 -0.414007425 -2.406259537 0.173485503 -0.020067932 -0.004876917 -0.115582354 0.993083179
1586247643.227035 -0.435944825 -2.445641279 0.177016661 -0.020286113 -0.005182380 -0.119589284 0.992602706
1586247643.260035 -0.456743389 -2.480859280 0.181526944 -0.020571202 -0.005266154 -0.123641923 0.992099762
1586247643.293035 -0.479891777 -2.516743660 0.184269771 -0.021035880 -0.005443685 -0.127812266 0.991560340
1586247643.326035 -0.514876723 -2.557331562 0.150076360 -0.023088574 -0.005922118 -0.131694376 0.991003811
1586247643.359035 -0.518612087 -2.595007658 0.184951350 -0.022095146 -0.005821782 -0.136911288 0.990319788
1586247643.392035 -0.522185922 -2.634419441 0.187183291 -0.022771508 -0.004779411 -0.142271921 0.989554167
1586247643.425035 -0.532271743 -2.677927017 0.199929878 -0.023161620 -0.003695091 -0.147690952 0.988755465
1586247643.458035 -0.548465788 -2.715936661 0.202861965 -0.024124326 -0.002548754 -0.152682379 0.987977564
1586247643.491035 -0.562991083 -2.754825830 0.205799729 -0.025067389 -0.001784897 -0.157782450 0.987154126
1586247643.524035 -0.583963454 -2.789797783 0.208856732 -0.025881618 -0.001278060 -0.162490427 0.986369789
1586247643.557035 -0.605554879 -2.824262857 0.210436493 -0.026564926 -0.001339320 -0.167063117 0.985587358
1586247643.590035 -0.623239458 -2.864220142 0.212993279 -0.026949823 -0.001260391 -0.171890199 0.984746695
1586247643.623036 -0.685223818 -2.888899088 0.207076222 -0.027386367 -0.002899388 -0.174687773 0.984238744
1586247643.656036 -0.709909379 -2.926488876 0.208023787 -0.027434528 -0.003614928 -0.179051057 0.983450651
1586247643.689036 -0.740337849 -2.963201761 0.212562278 -0.027189016 -0.004834956 -0.183353096 0.982659221
1586247643.722036 -0.771112442 -2.999486208 0.223898768 -0.027156146 -0.006107463 -0.187739298 0.981824458
1586247643.755036 -0.801089168 -3.035942316 0.226342201 -0.027126759 -0.007492688 -0.192197859 0.980952621
1586247643.788036 -0.831463218 -3.072025299 0.228243470 -0.027378112 -0.008806987 -0.196764767 0.980028868
1586247643.821036 -0.863723397 -3.107647181 0.238884673 -0.027704775 -0.009924686 -0.201440364 0.979058564
1586247643.854036 -0.894508123 -3.143283844 0.240012705 -0.028201668 -0.010907758 -0.206221774 0.978038013
1586247643.887036 -0.925522029 -3.178805828 0.240464613 -0.028908163 -0.011762242 -0.211095750 0.976967037
1586247643.920036 -0.957179129 -3.214059114 0.240080982 -0.029913127 -0.012597924 -0.215959251 0.975862741
1586247643.953036 -0.989369571 -3.249276638 0.239272296 -0.031039864 -0.013376415 -0.220868111 0.974717855
1586247643.986037 -1.025386453 -3.287056446 0.251266629 -0.031873733 -0.014125455 -0.225742221 0.973563075
1586247644.019037 -1.058369994 -3.322417259 0.250496209 -0.032849193 -0.014781736 -0.230759352 0.972343922
1586247644.052037 -1.092896342 -3.359066010 0.256093591 -0.033439487 -0.015358462 -0.235896975 0.971081138
1586247644.085037 -1.126774788 -3.395317078 0.257391602 -0.033881009 -0.015871899 -0.241193876 0.969755530
1586247644.118037 -1.160463214 -3.432013273 0.259875089 -0.034067929 -0.016352292 -0.246611878 0.968377292
1586247644.151037 -1.196019411 -3.470602989 0.269186020 -0.034013122 -0.016774543 -0.252082318 0.966962457
1586247644.184037 -1.230725288 -3.508591175 0.272816986 -0.033882439 -0.017071309 -0.257550925 0.965519667
1586247644.217037 -1.265952229 -3.546888351 0.277976543 -0.033559769 -0.017230667 -0.262958169 0.964069486
1586247644.250037 -1.303305626 -3.584312677 0.293020189 -0.033031911 -0.017190296 -0.268242478 0.962631464
1586247644.283037 -1.339787245 -3.623065710 0.297797173 -0.032863438 -0.017130591 -0.273517191 0.961152911
1586247644.316037 -1.377249479 -3.662144899 0.303004384 -0.032521311 -0.017022440 -0.278738022 0.959665477
1586247644.349037 -1.417165041 -3.702372313 0.313769847 -0.032222632 -0.016918538 -0.283996910 0.958134294
1586247644.382037 -1.456156254 -3.740714073 0.317890435 -0.032086819 -0.016919848 -0.289333403 0.956540823
1586247644.415037 -1.496137500 -3.778724670 0.322346210 -0.031892210 -0.017032340 -0.294756234 0.954888225
1586247644.448038 -1.536919832 -3.816050291 0.325920194 -0.031876057 -0.017228581 -0.300273418 0.953164697
1586247644.481038 -1.579537630 -3.854107141 0.334129602 -0.031889800 -0.017485956 -0.305885196 0.951373518
1586247644.514038 -1.622055650 -3.890070438 0.337123752 -0.032015681 -0.017822303 -0.311592638 0.949509025
1586247644.547038 -1.665664196 -3.925659657 0.341009498 -0.031981796 -0.018287560 -0.317267120 0.947620392
1586247644.580038 -1.710135102 -3.960487127 0.344324678 -0.032110333 -0.018793808 -0.322942644 0.945686936
1586247644.613038 -1.760123849 -3.998911381 0.355855584 -0.032173961 -0.019284654 -0.328596532 0.943725228
1586247644.646038 -1.806588888 -4.032631397 0.359383792 -0.032481343 -0.019927470 -0.334171832 0.941741526
1586247644.679038 -1.854373574 -4.066493034 0.364177853 -0.032892913 -0.020652222 -0.339730263 0.939720631
1586247644.712038 -1.902505040 -4.099716663 0.367787063 -0.033196867 -0.021447301 -0.345235854 0.937683463
1586247644.745038 -1.954261303 -4.136366844 0.375628948 -0.033369157 -0.022174897 -0.350726396 0.935620546
1586247644.778038 -2.003654718 -4.170011044 0.379564226 -0.033594970 -0.022784432 -0.356195837 0.933529198
1586247644.811038 -2.053508520 -4.203946114 0.383793950 -0.033689201 -0.023282550 -0.361633956 0.931420326
1586247644.844038 -2.103853703 -4.238221645 0.387981474 -0.033807546 -0.023642946 -0.367071301 0.929277539
1586247644.877038 -2.158336163 -4.277200222 0.396959662 -0.033779833 -0.023878839 -0.372458398 0.927126527
1586247644.910038 -2.209810734 -4.311882019 0.401331633 -0.033772290 -0.024126569 -0.377789676 0.924960732
1586247644.943039 -2.264126778 -4.349189758 0.408186316 -0.033681601 -0.024330674 -0.383097112 0.922773123
1586247644.976039 -2.317187786 -4.383980751 0.413028747 -0.033613324 -0.024512585 -0.388324738 0.920583069
1586247645.009039 -2.368696690 -4.416401863 0.416284442 -0.033559382 -0.024672788 -0.393498361 0.918381214
1586247645.042039 -2.425388813 -4.453257561 0.422684193 -0.033624500 -0.024729418 -0.398649365 0.916153133
1586247645.075039 -2.485831738 -4.493068218 0.430734962 -0.033598725 -0.024810357 -0.403746992 0.913916886
1586247645.108039 -2.542275667 -4.527309418 0.435251534 -0.033605516 -0.024911556 -0.408807099 0.911661625
1586247645.141039 -2.600138187 -4.561579704 0.440019518 -0.033612609 -0.025072830 -0.413875073 0.909367383
1586247645.174039 -2.659033060 -4.595426559 0.444538146 -0.033595469 -0.025343575 -0.418864191 0.907073200
1586247645.207039 -2.719120502 -4.628901482 0.449046820 -0.033741951 -0.025726767 -0.423794299 0.904764116
1586247645.240039 -2.787158012 -4.669845581 0.457145512 -0.033774495 -0.026168508 -0.428728074 0.902422726
1586247645.273039 -2.849447489 -4.702825546 0.461882293 -0.033742782 -0.026686972 -0.433542550 0.900105596
1586247645.306040 -2.912750006 -4.736284256 0.467335284 -0.033573627 -0.027097763 -0.438414603 0.897736728
1586247645.339040 -2.981727123 -4.773809433 0.473907113 -0.033410314 -0.027420433 -0.443245560 0.895357668
1586247645.372040 -3.046747208 -4.806354523 0.479082853 -0.033258885 -0.027750591 -0.448081434 0.892942786
1586247645.405040 -3.108926296 -4.837302685 0.483195484 -0.033221006 -0.028090123 -0.453040540 0.890427768
1586247645.438040 -3.175808907 -4.869037151 0.487994164 -0.033164442 -0.028437581 -0.458024532 0.887865424
1586247645.471040 -3.245115519 -4.902515411 0.493480563 -0.033052146 -0.028816590 -0.463107824 0.885216594
1586247645.504040 -3.313653946 -4.933673859 0.498226196 -0.033054113 -0.029104935 -0.468253016 0.882496178
1586247645.537040 -3.382892609 -4.964467049 0.502674639 -0.033006012 -0.029383272 -0.473399192 0.879738927
1586247645.570040 -3.453170538 -4.994654655 0.507194638 -0.033002283 -0.029635590 -0.478540063 0.876944661
1586247645.603040 -3.541477680 -5.035780907 0.516209662 -0.032963991 -0.029830595 -0.483720630 0.874092698
1586247645.636040 -3.613918781 -5.064549446 0.520669401 -0.033132762 -0.030180300 -0.488727361 0.871284664
1586247645.669040 -3.691922426 -5.096055031 0.526272655 -0.033202171 -0.030588742 -0.493652463 0.868486762
1586247645.702041 -3.766599655 -5.124021053 0.530977547 -0.033282101 -0.031021561 -0.498484910 0.865703702
1586247645.735040 -3.842312336 -5.151625156 0.535714388 -0.033309817 -0.031449772 -0.503241897 0.862930417
1586247645.768041 -3.921425819 -5.180915833 0.540989757 -0.033404946 -0.031962629 -0.507967353 0.860134721
1586247645.801041 -3.999363422 -5.207635403 0.545819521 -0.033548236 -0.032473467 -0.512658477 0.857322216
1586247645.834041 -4.078134537 -5.234210491 0.550647199 -0.033589482 -0.032859027 -0.517338037 0.854490161
1586247645.867041 -4.157650948 -5.261127472 0.555682898 -0.033488926 -0.033153906 -0.522087872 0.851588845
1586247645.933041 -4.319290638 -5.313570976 0.565258503 -0.033161610 -0.033614904 -0.531526685 0.845724404
1586247645.966041 -4.421276093 -5.351680756 0.571316898 -0.033170253 -0.033710882 -0.536298513 0.842702389
1586247645.999041 -4.504542351 -5.376548767 0.576065063 -0.033106416 -0.033996355 -0.540940821 0.839721024
1586247646.032041 -4.588729858 -5.400913239 0.580829382 -0.033060819 -0.034203798 -0.545500994 0.836759150
1586247646.065041 -4.675804138 -5.426212311 0.585763097 -0.032867488 -0.034463268 -0.550031185 0.833785117
1586247646.098041 -4.762781620 -5.449665070 0.590537786 -0.032800436 -0.034727350 -0.554421902 0.830863774
1586247646.131042 -4.862608910 -5.479749680 0.595203757 -0.032674164 -0.035042740 -0.558817744 0.827905297
1586247646.164042 -4.951786995 -5.501754284 0.599788785 -0.032664239 -0.035372343 -0.563072860 0.825003564
1586247646.197042 -5.041934967 -5.522999763 0.604157686 -0.032719105 -0.035727203 -0.567319989 0.822071195
1586247646.230042 -5.141093254 -5.548969269 0.608463824 -0.032758746 -0.036099389 -0.571540415 0.819124758
1586247646.263042 -5.233236790 -5.569028378 0.612756789 -0.032836258 -0.036506578 -0.575697005 0.816187501
1586247646.296042 -5.326261520 -5.589236736 0.617081106 -0.032852829 -0.036949482 -0.579841495 0.813227773
1586247646.329042 -5.420315266 -5.608611584 0.621388495 -0.032857120 -0.037352256 -0.583885908 0.810310125
1586247646.362042 -5.515258789 -5.627459526 0.625693679 -0.032929391 -0.037666671 -0.587889016 0.807392955
1586247646.395042 -5.626555443 -5.654210567 0.629578114 -0.032958299 -0.037885711 -0.591851592 0.804481268
1586247646.428042 -5.723522186 -5.671859264 0.633992553 -0.032998204 -0.038236409 -0.595687926 0.801626444
1586247646.461042 -5.821591377 -5.688822269 0.638357759 -0.033041775 -0.038632292 -0.599419177 0.798819423
1586247646.494042 -5.922628403 -5.706295013 0.642809212 -0.033026993 -0.039075665 -0.603128672 0.796001315
1586247646.527043 -6.010782242 -5.715933800 0.647907972 -0.032942325 -0.039543785 -0.606663704 0.793290734
1586247646.560042 -6.112517357 -5.732091427 0.652187705 -0.032870978 -0.039810292 -0.610213876 0.790552795
1586247646.593043 -6.215250492 -5.747820854 0.656357527 -0.032786727 -0.040046737 -0.613689542 0.787849367
1586247646.626043 -6.331514359 -5.769783974 0.659651875 -0.032726496 -0.040199246 -0.617171705 0.785119176
1586247646.659043 -6.459591866 -5.798446178 0.662199736 -0.032574002 -0.040391248 -0.620593727 0.782413542
1586247646.692043 -6.566917419 -5.813217163 0.665697813 -0.032525361 -0.040768303 -0.623795986 0.779845238
1586247646.725043 -6.675208092 -5.827471733 0.669202387 -0.032472610 -0.041077942 -0.626914382 0.777326584
1586247646.758043 -6.786475182 -5.841932297 0.673535824 -0.032391280 -0.041287936 -0.630075872 0.774758458
1586247646.791043 -6.901079178 -5.859384060 0.677018404 -0.032275379 -0.041353744 -0.633131385 0.772264779
1586247646.824043 -7.012747765 -5.872466564 0.680461347 -0.032217324 -0.041475199 -0.636084020 0.769830525
1586247646.857043 -7.125377655 -5.884883404 0.683937669 -0.032256722 -0.041634768 -0.638969183 0.767427206
1586247646.890043 -7.242254734 -5.899996758 0.687406421 -0.032241493 -0.041861378 -0.641891539 0.764972806
1586247646.923043 -7.356814384 -5.911734104 0.691148221 -0.032160342 -0.042192187 -0.644627452 0.762653947
1586247646.956043 -7.472412109 -5.922973633 0.695084512 -0.032091230 -0.042480260 -0.647296548 0.760376751
1586247646.989043 -7.592937469 -5.936069489 0.699112236 -0.031983703 -0.042721204 -0.649994969 0.758062363
1586247647.022044 -7.710460186 -5.946365833 0.703111768 -0.031836301 -0.042930681 -0.652527928 0.755877495
1586247647.055044 -7.828847885 -5.956094742 0.707035184 -0.031777024 -0.043096893 -0.654984713 0.753742695
1586247647.088044 -7.952069759 -5.968089104 0.711018205 -0.031683207 -0.043323617 -0.657425404 0.751605749
1586247647.121044 -8.072333336 -5.976585865 0.714379609 -0.031744178 -0.043589793 -0.659704030 0.749588430
1586247647.154044 -8.193449974 -5.984446049 0.717538953 -0.031820204 -0.043863900 -0.661906183 0.747625411
1586247647.187044 -8.319295883 -5.994763374 0.721400976 -0.031930178 -0.044168651 -0.664104223 0.745650887
1586247647.220044 -8.442279816 -6.001818657 0.724158764 -0.032062110 -0.044421859 -0.666147411 0.743805349
1586247647.253044 -8.566160202 -6.008668900 0.726923943 -0.032062169 -0.044641629 -0.668084443 0.742052794
1586247647.286044 -8.694896698 -6.018359184 0.731043041 -0.031940434 -0.044794444 -0.670042455 0.740281343
1586247647.319044 -8.820400238 -6.024712563 0.733841658 -0.031877849 -0.044966497 -0.671810925 0.738669097
1586247647.352044 -8.946775436 -6.030524254 0.736599505 -0.031853288 -0.045235407 -0.673511147 0.737103701
1586247647.385045 -9.078116417 -6.039942741 0.740811050 -0.031957924 -0.045428194 -0.675223589 0.735518932
1586247647.418044 -9.206462860 -6.045701027 0.743358076 -0.032095164 -0.045473300 -0.676789522 0.734069526
1586247647.451045 -9.335626602 -6.051325798 0.745729268 -0.032143950 -0.045498539 -0.678278804 0.732689977
1586247647.484045 -9.465873718 -6.056481361 0.748133123 -0.032262236 -0.045409117 -0.679750025 0.731325686
1586247647.517045 -9.600265503 -6.066047668 0.751831114 -0.032306138 -0.045343455 -0.681128979 0.730043650
1586247647.550045 -9.732036591 -6.070376396 0.753954649 -0.032457054 -0.045416161 -0.682390571 0.728853285
1586247647.583045 -9.864727020 -6.074314117 0.756213963 -0.032691266 -0.045482885 -0.683582485 0.727720797
1586247647.616045 -9.999364853 -6.078988075 0.758376718 -0.032845855 -0.045550101 -0.684727073 0.726632833
1586247647.649045 -10.137096405 -6.087267876 0.763095319 -0.032752335 -0.045699544 -0.685811639 0.725604057
1586247647.682045 -10.273032188 -6.091257095 0.765963495 -0.032669544 -0.045777313 -0.686801553 0.724665999
1586247647.715045 -10.409887314 -6.095178604 0.768964767 -0.032486767 -0.045888782 -0.687755704 0.723761737
1586247647.748045 -10.548309326 -6.100070953 0.771124363 -0.032360971 -0.045928366 -0.688691020 0.722874880
1586247647.781045 -10.689146996 -6.107740402 0.777342319 -0.032151252 -0.045994036 -0.689610004 0.722003460
1586247647.814045 -10.828703880 -6.111438751 0.780040622 -0.032011054 -0.046092506 -0.690466762 0.721184015
1586247647.847046 -10.969069481 -6.114843369 0.782670796 -0.031893935 -0.046198152 -0.691315949 0.720368564
1586247647.880046 -11.110207558 -6.117748260 0.785302520 -0.031732257 -0.046267733 -0.692214310 0.719507992
1586247647.913046 -11.254229546 -6.125338554 0.791312099 -0.031504005 -0.046290655 -0.693090558 0.718672514
1586247647.946046 -11.396486282 -6.127783775 0.793735862 -0.031500902 -0.046201598 -0.693919361 0.717878163
1586247647.979046 -11.539410591 -6.129807472 0.795984149 -0.031531300 -0.046136033 -0.694723070 0.717103302
1586247648.012046 -11.684976578 -6.135552406 0.800803900 -0.031565815 -0.046091005 -0.695609450 0.716244876
1586247648.045046 -11.828916550 -6.137454987 0.802951574 -0.031667944 -0.045946538 -0.696355641 0.715524256
1586247648.078046 -11.973667145 -6.139108658 0.804954290 -0.031778451 -0.045822728 -0.697109938 0.714792430
1586247648.111046 -12.122299194 -6.143405914 0.809079051 -0.031950623 -0.045795996 -0.697910428 0.714004874
1586247648.144046 -12.268748283 -6.143989563 0.810798407 -0.032258153 -0.045818694 -0.698577821 0.713336706
1586247648.177046 -12.416040421 -6.144228935 0.812606931 -0.032516178 -0.045917042 -0.699228346 0.712680936
1586247648.210047 -12.564125061 -6.144283295 0.814601421 -0.032670792 -0.046024229 -0.699862599 0.712044060
1586247648.243046 -12.716670990 -6.147857666 0.819923460 -0.032707870 -0.046145044 -0.700564325 0.711344123
1586247648.276047 -12.866402626 -6.147864342 0.822120249 -0.032793611 -0.046291474 -0.701156020 0.710747480
1586247648.309047 -13.018879890 -6.149016380 0.826106310 -0.032851610 -0.046478041 -0.701797068 0.710099638
1586247648.342047 -13.170465469 -6.148662567 0.828226209 -0.032933652 -0.046671681 -0.702364087 0.709522247
1586247648.375047 -13.322847366 -6.148396492 0.830308318 -0.032927483 -0.046890441 -0.702877045 0.708999991
1586247648.408047 -13.476011276 -6.148289680 0.832289815 -0.032863885 -0.047038045 -0.703322530 0.708551228
1586247648.441047 -13.633148193 -6.151958466 0.838108420 -0.032633334 -0.047216162 -0.703760624 0.708114862
1586247648.474047 -13.787651062 -6.152353287 0.840129495 -0.032472700 -0.047272526 -0.704111457 0.707769632
1586247648.507047 -13.944255829 -6.154294968 0.844074965 -0.032262027 -0.047270428 -0.704424620 0.707467794
1586247648.540047 -14.099580765 -6.154675484 0.846192300 -0.032158282 -0.047216363 -0.704673827 0.707227886
1586247648.573047 -14.255262375 -6.154939651 0.848343551 -0.032070428 -0.047212072 -0.704900444 0.707006335
1586247648.606047 -14.414107323 -6.157729149 0.853488684 -0.032012045 -0.047073886 -0.705191970 0.706727386
1586247648.639047 -14.570695877 -6.158058167 0.855501533 -0.032018449 -0.046972007 -0.705389619 0.706536651
1586247648.672048 -14.727752686 -6.158077240 0.857405543 -0.032042682 -0.047001563 -0.705553651 0.706369817
1586247648.705048 -14.888051033 -6.160492897 0.862924814 -0.032084197 -0.047057636 -0.705708027 0.706209898
1586247648.738048 -15.046686172 -6.160275459 0.865077436 -0.032130629 -0.047176771 -0.705781460 0.706126451
1586247648.771048 -15.205888748 -6.159913063 0.867311120 -0.032139748 -0.047338292 -0.705812156 0.706084609
1586247648.804048 -15.365676880 -6.159471512 0.869629383 -0.032171544 -0.047530357 -0.705790579 0.706091702
1586247648.837048 -15.528003693 -6.160803795 0.872473478 -0.032180816 -0.047630530 -0.705767214 0.706107974
1586247648.870048 -15.688828468 -6.160465240 0.874865115 -0.032121211 -0.047863893 -0.705687523 0.706174493
1586247648.903048 -15.850130081 -6.160219193 0.877262115 -0.032089949 -0.048082151 -0.705606580 0.706241965
1586247648.936048 -16.011867523 -6.160181046 0.879615843 -0.032047659 -0.048269950 -0.705518961 0.706318676
1586247648.969048 -16.177091599 -6.165948868 0.889323175 -0.031799171 -0.048401885 -0.705532968 0.706306875
1586247649.002048 -16.339614868 -6.166526794 0.891452193 -0.031840891 -0.048358817 -0.705496669 0.706344128
1586247649.035048 -16.502388000 -6.167270660 0.893569112 -0.031916711 -0.048159644 -0.705472589 0.706378400
1586247649.068048 -16.665893555 -6.168422699 0.895040572 -0.032054007 -0.047835384 -0.705514789 0.706352055
1586247649.101048 -16.831726074 -6.172811508 0.901949167 -0.032009427 -0.047634736 -0.705539048 0.706343472
1586247649.134048 -16.995756149 -6.173845291 0.903752685 -0.032128662 -0.047340266 -0.705521286 0.706375539
1586247649.167049 -17.160343170 -6.174844742 0.905581474 -0.032246351 -0.047069427 -0.705497444 0.706412137
1586247649.200049 -17.327760696 -6.178350449 0.911457062 -0.032353345 -0.046876054 -0.705542862 0.706374705
1586247649.233049 -17.493759155 -6.178932190 0.913595438 -0.032548010 -0.046773229 -0.705486536 0.706428826
1586247649.266049 -17.660591125 -6.179544449 0.915859938 -0.032599930 -0.046756990 -0.705415666 0.706498325
1586247649.299049 -17.830522537 -6.182567596 0.921735764 -0.032394201 -0.046806287 -0.705409646 0.706510425
1586247649.332049 -17.998590469 -6.183517456 0.924195945 -0.032165680 -0.046770219 -0.705338061 0.706594825
1586247649.365049 -18.167205811 -6.184440613 0.926547468 -0.031983111 -0.046777628 -0.705273986 0.706666589
1586247649.398049 -18.338020325 -6.188283920 0.929887414 -0.031933695 -0.046814423 -0.705313623 0.706626773
1586247649.431049 -18.507951736 -6.189535141 0.931976318 -0.031833291 -0.046912111 -0.705242276 0.706696033
1586247649.464049 -18.678428650 -6.190927505 0.933848739 -0.031695038 -0.047017880 -0.705194592 0.706742883
1586247649.497050 -18.854179382 -6.193960190 0.940922499 -0.031393975 -0.047143348 -0.705235660 0.706706882
1586247649.530050 -19.025581360 -6.195587158 0.942831635 -0.031245440 -0.047193065 -0.705188870 0.706756830
1586247649.563050 -19.197343826 -6.197153091 0.944906473 -0.031127363 -0.047233108 -0.705141306 0.706806898
1586247649.596050 -19.369493484 -6.198604584 0.947130799 -0.031036168 -0.047222637 -0.705083132 0.706869602
1586247649.629050 -19.546592712 -6.201585770 0.953252792 -0.030985266 -0.047152128 -0.705126762 0.706833005
1586247649.662050 -19.720003128 -6.203313828 0.955636859 -0.031002637 -0.047120959 -0.705053031 0.706907868
1586247649.695050 -19.894939423 -6.204885483 0.958158255 -0.031184943 -0.047118150 -0.705040395 0.706912637
1586247649.728050 -20.069087982 -6.205722809 0.960838795 -0.031401694 -0.047350556 -0.704972982 0.706954718
1586247649.761050 -20.245540619 -6.206529617 0.963888407 -0.031600207 -0.047471385 -0.704927623 0.706983030
1586247649.794050 -20.420616150 -6.207431793 0.966994524 -0.031763460 -0.047535524 -0.704886019 0.707012892
1586247649.827050 -20.596221924 -6.208417892 0.970176935 -0.031878859 -0.047604389 -0.704847813 0.707041204
1586247649.860050 -20.772348404 -6.209636688 0.973299384 -0.031994428 -0.047582109 -0.704810441 0.707074642
1586247649.893050 -20.955261230 -6.211393356 0.983703375 -0.031819642 -0.047670741 -0.704832196 0.707054973
1586247649.926051 -21.132797241 -6.213779449 0.986160040 -0.031706359 -0.047662210 -0.704848409 0.707044423
1586247649.959050 -21.310880661 -6.216394424 0.988361359 -0.031577557 -0.047653794 -0.704840541 0.707058609
1586247649.992051 -21.489336014 -6.219289780 0.990307331 -0.031453993 -0.047566727 -0.704846144 0.707064390
1586247650.025051 -21.673084259 -6.221605301 0.997350693 -0.031319145 -0.047276039 -0.704902947 0.707033217
1586247650.058051 -21.852588654 -6.224655151 0.999074221 -0.031282485 -0.046925176 -0.704887390 0.707073748
1586247650.091051 -22.032510757 -6.227489471 1.000698328 -0.031217009 -0.046729803 -0.704840183 0.707136631
1586247650.124051 -22.215881348 -6.230028152 1.005877614 -0.031270772 -0.046474427 -0.704846144 0.707145095
1586247650.157051 -22.396940231 -6.232236862 1.007516503 -0.031381901 -0.046301387 -0.704798758 0.707198799
1586247650.190051 -22.578544617 -6.234024048 1.009225368 -0.031548440 -0.046236180 -0.704763412 0.707230926
1586247650.223051 -22.763801575 -6.235918045 1.014760494 -0.031629059 -0.046252627 -0.704747021 0.707242548
1586247650.256051 -22.946758270 -6.237392426 1.016734838 -0.031781167 -0.046361700 -0.704703927 0.707271457
1586247650.289051 -23.130388260 -6.238546371 1.019031286 -0.031915307 -0.046554662 -0.704654932 0.707301617
1586247650.322051 -23.314893723 -6.240821838 1.021531105 -0.031992942 -0.046745084 -0.704664946 0.707275510
1586247650.355052 -23.503612518 -6.241168976 1.030281067 -0.031788021 -0.047121871 -0.704592347 0.707332134
1586247650.388052 -23.689052582 -6.242975235 1.033099174 -0.031711966 -0.047320761 -0.704527557 0.707386732
1586247650.421052 -23.875133514 -6.245035172 1.035827756 -0.031556547 -0.047578566 -0.704451561 0.707452178
1586247650.454052 -24.064983368 -6.246410370 1.043130994 -0.031359851 -0.047752216 -0.704451203 0.707449496
1586247650.487052 -24.252178192 -6.248691559 1.045632243 -0.031336453 -0.047744993 -0.704428375 0.707473755
1586247650.520052 -24.439605713 -6.251096725 1.047935009 -0.031302154 -0.047790181 -0.704410136 0.707490385
1586247650.553052 -24.629505157 -6.253614426 1.054837942 -0.031208605 -0.047755633 -0.704419851 0.707487226
1586247650.586052 -24.817806244 -6.256959915 1.056916952 -0.031233575 -0.047514550 -0.704438269 0.707483947
1586247650.619052 -25.006475449 -6.260156631 1.058773756 -0.031341191 -0.047281671 -0.704433560 0.707499564
1586247650.652052 -25.196857452 -6.261621475 1.065028429 -0.031504784 -0.047069788 -0.704427421 0.707512558
1586247650.685052 -25.386226654 -6.264495850 1.067301512 -0.031678438 -0.046879351 -0.704398453 0.707546234
1586247650.718052 -25.576242447 -6.267347336 1.069760680 -0.031762455 -0.046757411 -0.704355597 0.707593262
1586247650.751053 -25.766883850 -6.270166397 1.072332978 -0.031836692 -0.046637248 -0.704337418 0.707615912
1586247650.784052 -25.961059570 -6.273330688 1.077006221 -0.031926509 -0.046585348 -0.704360068 0.707592666
1586247650.817053 -26.153163910 -6.275970459 1.080102324 -0.031991094 -0.046682708 -0.704301655 0.707641482
1586247650.850053 -26.345945358 -6.278667450 1.083261967 -0.032034364 -0.046798266 -0.704268157 0.707665265
1586247650.883053 -26.541824341 -6.276798248 1.092032909 -0.031796902 -0.047058716 -0.704171181 0.707755208
1586247650.916053 -26.735765457 -6.279951096 1.095436454 -0.031594690 -0.047148101 -0.704135716 0.707793534
1586247650.949053 -26.929994583 -6.283325195 1.098781586 -0.031394035 -0.047160849 -0.704141855 0.707795620
1586247650.982053 -27.124332428 -6.286760330 1.102019191 -0.031317174 -0.047085997 -0.704160571 0.707785368
1586247651.015053 -27.321945190 -6.287775040 1.109165549 -0.031316429 -0.046940811 -0.704163671 0.707791924
1586247651.048053 -27.516801834 -6.291347504 1.112025619 -0.031433344 -0.046755210 -0.704166412 0.707796335
1586247651.081053 -27.712080002 -6.294628143 1.114718318 -0.031606168 -0.046645671 -0.704131603 0.707830548
1586247651.114053 -27.909093857 -6.297649384 1.118162513 -0.031848371 -0.046497006 -0.704136252 0.707824826
1586247651.147053 -28.107959747 -6.298120499 1.124453545 -0.031848401 -0.046429612 -0.704051316 0.707913637
1586247651.180053 -28.305278778 -6.301347733 1.127674818 -0.031909134 -0.046389196 -0.703974783 0.707989633
1586247651.213053 -28.503154755 -6.304372787 1.131051302 -0.031965911 -0.046469431 -0.703861833 0.708094239
1586247651.246054 -28.703638077 -6.305320740 1.137165189 -0.032080088 -0.046613328 -0.703685105 0.708255112
1586247651.279053 -28.902389526 -6.308420181 1.140666842 -0.032172740 -0.046742138 -0.703538895 0.708387673
1586247651.312054 -29.101676941 -6.311691284 1.144200087 -0.032181650 -0.046922177 -0.703357160 0.708555818
1586247651.345054 -29.304662704 -6.313690186 1.150660038 -0.032130152 -0.047054276 -0.703138709 0.708766222
1586247651.378054 -29.504371643 -6.317451477 1.154471874 -0.032195833 -0.047007374 -0.702962935 0.708940625
1586247651.411054 -29.704460144 -6.321634293 1.158235073 -0.032120496 -0.046939217 -0.702781558 0.709128499
1586247651.444054 -29.909149170 -6.325139999 1.164472342 -0.031994585 -0.046697997 -0.702614367 0.709315717
1586247651.477054 -30.110076904 -6.329908371 1.168141842 -0.031884193 -0.046482030 -0.702433705 0.709513724
1586247651.510054 -30.311470032 -6.334396362 1.171638727 -0.031872299 -0.046391428 -0.702257097 0.709695041
1586247651.543054 -30.517930984 -6.338268280 1.177192450 -0.031841010 -0.046338297 -0.702146053 0.709809780
1586247651.576054 -30.720413208 -6.342983246 1.180609703 -0.031767488 -0.046290621 -0.701978445 0.709981918
1586247651.609055 -30.923324585 -6.347753525 1.184149981 -0.031698819 -0.046184078 -0.701793253 0.710174978
1586247651.642055 -31.130393982 -6.355030060 1.185680985 -0.031641990 -0.046087805 -0.701683819 0.710291862
1586247651.675055 -31.334741592 -6.359500885 1.189499855 -0.031666905 -0.046122957 -0.701501608 0.710468531
1586247651.708055 -31.539554596 -6.363534927 1.193338633 -0.031800058 -0.046352912 -0.701308429 0.710638225
1586247651.741055 -31.746065140 -6.367813110 1.196838975 -0.031911492 -0.046565283 -0.701104403 0.710820675
1586247651.774055 -31.955593109 -6.368133545 1.209614992 -0.031754225 -0.046799667 -0.700846195 0.711066842
1586247651.807055 -32.161800385 -6.372711182 1.213401079 -0.031812839 -0.046904244 -0.700648546 0.711252093
1586247651.840055 -32.368385315 -6.377550125 1.217092633 -0.031838447 -0.046959423 -0.700438619 0.711454153
1586247651.873055 -32.577739716 -6.381713867 1.224084139 -0.031836241 -0.046993401 -0.700269699 0.711618185
1586247651.906055 -32.784870148 -6.386669159 1.227552176 -0.031922489 -0.047068082 -0.700086355 0.711789846
1586247651.939055 -32.992252350 -6.391963959 1.230895758 -0.032099869 -0.046957772 -0.699904978 0.711967409
1586247651.972055 -33.202953339 -6.397338867 1.237491727 -0.032067362 -0.046890069 -0.699765384 0.712110579
1586247652.005055 -33.411476135 -6.403835297 1.240800738 -0.032018457 -0.046772428 -0.699615061 0.712268233
1586247652.038055 -33.620342255 -6.410579681 1.244210362 -0.031981915 -0.046560280 -0.699459195 0.712436795
1586247652.071056 -33.829635620 -6.417438507 1.247644424 -0.031884257 -0.046415132 -0.699282706 0.712623894
1586247652.104056 -34.042594910 -6.422058105 1.255749464 -0.031756431 -0.046340581 -0.699134350 0.712779999
1586247652.137056 -34.252773285 -6.429069519 1.259312153 -0.031684250 -0.046269488 -0.698957920 0.712960839
1586247652.170056 -34.463245392 -6.435985565 1.263083935 -0.031601101 -0.046238765 -0.698756933 0.713163495
1586247652.203056 -34.676460266 -6.442779541 1.266243458 -0.031557113 -0.046240915 -0.698588490 0.713330269
1586247652.236056 -34.887939453 -6.449794769 1.270152092 -0.031525046 -0.046138395 -0.698355436 0.713566542
1586247652.269056 -35.099761963 -6.456832886 1.274040937 -0.031508595 -0.046115093 -0.698125005 0.713794231
1586247652.302056 -35.311912537 -6.463691711 1.277726650 -0.031628460 -0.046120025 -0.697894275 0.714014173
1586247652.335056 -35.528259277 -6.466548920 1.290231466 -0.031775951 -0.046276551 -0.697744191 0.714144111
1586247652.368056 -35.741111755 -6.473159790 1.293509007 -0.031965107 -0.046475135 -0.697531462 0.714330554
1586247652.401056 -35.954421997 -6.480113983 1.296952248 -0.032118499 -0.046558898 -0.697330594 0.714514375
1586247652.434057 -36.171001434 -6.485675812 1.304218292 -0.032146007 -0.046616502 -0.697202623 0.714634180
1586247652.467056 -36.385074615 -6.493591309 1.307635784 -0.032190859 -0.046606772 -0.697047830 0.714783847
1586247652.500057 -36.599613190 -6.501720428 1.311122179 -0.032292571 -0.046556257 -0.696894109 0.714932382
1586247652.533057 -36.815784454 -6.508766174 1.313900232 -0.032302231 -0.046617031 -0.696759582 0.715059161
1586247652.566057 -37.034355164 -6.520057678 1.316273212 -0.032305982 -0.046610724 -0.696620584 0.715194762
1586247652.599057 -37.250411987 -6.528347015 1.319795847 -0.032251205 -0.046608999 -0.696490765 0.715323746
1586247652.632057 -37.466773987 -6.536861420 1.323371410 -0.032187667 -0.046520196 -0.696354330 0.715465248
1586247652.665057 -37.690265656 -6.545799255 1.327617168 -0.032147918 -0.046384349 -0.696299016 0.715529740
1586247652.698057 -37.907283783 -6.554630280 1.331508875 -0.032076716 -0.046235442 -0.696223438 0.715616107
1586247652.731057 -38.124660492 -6.563129425 1.335165262 -0.032101780 -0.046185330 -0.696156800 0.715682983
1586247652.764057 -38.342498779 -6.571357727 1.338804007 -0.032160822 -0.046292339 -0.696074188 0.715753853
1586247652.797057 -38.560501099 -6.569694519 1.360380173 -0.031849120 -0.046618823 -0.695922196 0.715894341
1586247652.830057 -38.779510498 -6.578075409 1.363603115 -0.031863187 -0.046704423 -0.695834696 0.715973198
1586247652.863057 -38.998935699 -6.586494446 1.366841793 -0.031843543 -0.046773538 -0.695752859 0.716048956
1586247652.896058 -39.221824646 -6.592350006 1.375207901 -0.031819467 -0.046950020 -0.695663273 0.716125667
1586247652.929058 -39.442729950 -6.600875854 1.378604412 -0.031801075 -0.047117975 -0.695580661 0.716195703
1586247652.962058 -39.663940430 -6.609535217 1.382260561 -0.031754196 -0.047272567 -0.695512474 0.716253817
1586247652.995058 -39.887065887 -6.615161896 1.390659571 -0.031744212 -0.047481220 -0.695424139 0.716326118
1586247653.028058 -40.109214783 -6.623851776 1.394114256 -0.031848043 -0.047542319 -0.695373297 0.716366887
1586247653.061058 -40.331493378 -6.632629395 1.397547483 -0.032044441 -0.047495399 -0.695345163 0.716388583
1586247653.094058 -40.554424286 -6.638397217 1.406314373 -0.032275233 -0.047476567 -0.695275009 0.716447532
1586247653.127058 -40.777111053 -6.646896362 1.409662008 -0.032535639 -0.047402393 -0.695234597 0.716479838
1586247653.160058 -41.000160217 -6.655662537 1.413103819 -0.032700833 -0.047278266 -0.695223510 0.716491282
1586247653.193058 -41.224773407 -6.662117004 1.422395229 -0.032788694 -0.047238339 -0.695170164 0.716541648
1586247653.226058 -41.449279785 -6.670627594 1.426081657 -0.033054411 -0.047131106 -0.695144832 0.716561139
1586247653.259058 -41.674224854 -6.679290771 1.429746389 -0.033275932 -0.047057919 -0.695110321 0.716589212
1586247653.292058 -41.899040222 -6.686302185 1.438683748 -0.033336371 -0.046958938 -0.695104778 0.716598153
1586247653.325058 -42.124954224 -6.695640564 1.442335367 -0.033403665 -0.046776854 -0.695080519 0.716630459
1586247653.358058 -42.351299286 -6.704986572 1.445994139 -0.033453524 -0.046636932 -0.695079625 0.716638207
1586247653.391059 -42.577560425 -6.711959839 1.455064297 -0.033502668 -0.046565302 -0.695088506 0.716631889
1586247653.424059 -42.804840088 -6.721672058 1.458650827 -0.033569779 -0.046577077 -0.695074499 0.716641545
1586247653.457059 -43.032524109 -6.731224060 1.462098837 -0.033693016 -0.046566382 -0.695096612 0.716615081
1586247653.490059 -43.261680603 -6.740036011 1.465983629 -0.033958584 -0.046589494 -0.695170760 0.716529071
1586247653.523059 -43.488468170 -6.743724823 1.476268291 -0.034020692 -0.046878748 -0.695149183 0.716528177
1586247653.556059 -43.717937469 -6.752372742 1.480027437 -0.034135431 -0.047104307 -0.695160270 0.716497183
1586247653.589059 -43.947765350 -6.761032104 1.484032631 -0.034220397 -0.047301676 -0.695174336 0.716466427
1586247653.622059 -44.177680969 -6.768600464 1.487914324 -0.034338322 -0.047470514 -0.695232093 0.716393590
1586247653.655059 -44.406677246 -6.772884369 1.499644756 -0.034362733 -0.047775954 -0.695209503 0.716394067
1586247653.688059 -44.637115479 -6.781082153 1.504114628 -0.034592360 -0.047947705 -0.695229411 0.716352224
1586247653.721059 -44.867576599 -6.789539337 1.508892298 -0.034811854 -0.048009478 -0.695261478 0.716306329
1586247653.754060 -45.098793030 -6.798839569 1.514704704 -0.035040617 -0.048011210 -0.695335150 0.716223598
1586247653.787060 -45.327610016 -6.802444458 1.526579618 -0.035333544 -0.047932111 -0.695347905 0.716202080
1586247653.820060 -45.558139801 -6.811096191 1.531547308 -0.035955548 -0.047674336 -0.695433617 0.716105103
1586247653.853060 -45.788642883 -6.819259644 1.536277056 -0.036737438 -0.047472861 -0.695512354 0.716002285
1586247653.886060 -46.020053864 -6.826328278 1.540874004 -0.037689000 -0.047204170 -0.695574403 0.715910316
1586247653.919060 -46.255458832 -6.832359314 1.547820807 -0.038457368 -0.046935458 -0.695607841 0.715854645
1586247653.952060 -46.486709595 -6.840175629 1.552669764 -0.039166689 -0.046591021 -0.695625305 0.715821743
1586247653.985060 -46.718208313 -6.848037720 1.557583332 -0.039964020 -0.046128243 -0.695670128 0.715764046
1586247654.018060 -46.951168060 -6.856658936 1.562990427 -0.040721714 -0.045731399 -0.695731282 0.715687335
1586247654.051060 -47.173942566 -6.857421875 1.580627680 -0.041020006 -0.045486540 -0.695725322 0.715691686
1586247654.084060 -47.407138824 -6.867164612 1.586192608 -0.041313261 -0.044889916 -0.695773721 0.715665519
1586247654.117060 -47.641105652 -6.877620697 1.592028856 -0.041212857 -0.044435285 -0.695833445 0.715641618
1586247654.150061 -47.873371124 -6.884376526 1.604001045 -0.040622354 -0.044113915 -0.695885301 0.715644777
1586247654.183060 -48.109264374 -6.896053314 1.610292435 -0.040048778 -0.043587554 -0.695968986 0.715628028
1586247654.216061 -48.345661163 -6.907535553 1.616669893 -0.039511651 -0.043270368 -0.696019173 0.715628386
1586247654.249061 -48.584083557 -6.917129517 1.623840332 -0.039068818 -0.043161485 -0.696064353 0.715615273
1586247654.282061 -48.814357758 -6.922950745 1.637708664 -0.038350135 -0.043426223 -0.696044445 0.715657473
1586247654.315061 -49.052700043 -6.932292938 1.644785166 -0.037719965 -0.043754086 -0.696009815 0.715704679
1586247654.348061 -49.291263580 -6.940887451 1.651941061 -0.037393570 -0.044069689 -0.695974529 0.715736747
1586247654.381061 -49.530334473 -6.950115204 1.659314871 -0.037212338 -0.044562124 -0.695948660 0.715740800
1586247654.414061 -49.760734558 -6.952030182 1.673747540 -0.036837909 -0.045175683 -0.695858419 0.715809524
1586247654.447061 -49.999904633 -6.959709167 1.681131601 -0.036826495 -0.045636125 -0.695846021 0.715792954
1586247654.480061 -50.239006042 -6.967597961 1.688582420 -0.036688954 -0.046136539 -0.695841849 0.715772033
1586247654.513061 -50.478530884 -6.974819183 1.696148396 -0.036569655 -0.046389133 -0.695887625 0.715717196
1586247654.546061 -50.707347870 -6.978740692 1.710367680 -0.036456976 -0.046354648 -0.695929706 0.715684354
1586247654.579062 -50.945869446 -6.988231659 1.716861486 -0.036488026 -0.045980144 -0.696071267 0.715569139
1586247654.612062 -51.183952332 -6.998405457 1.723057270 -0.036728114 -0.045218535 -0.696265757 0.715416193
1586247654.645062 -51.414402008 -7.005046844 1.734750748 -0.036809925 -0.044456366 -0.696394145 0.715334833
1586247654.678062 -51.653217316 -7.016651154 1.741140127 -0.036817729 -0.043617871 -0.696576118 0.715208769
1586247654.711062 -51.892227173 -7.028278351 1.747538090 -0.036996305 -0.042603713 -0.696753979 0.715087533
1586247654.744062 -52.122241974 -7.034118652 1.758923292 -0.036996815 -0.041803572 -0.696784317 0.715105176
1586247654.777062 -52.362304688 -7.045341492 1.765659332 -0.037027627 -0.041024644 -0.696848989 0.715085685
1586247654.810062 -52.602909088 -7.055995941 1.772613525 -0.037125617 -0.040340360 -0.696902514 0.715067327
1586247654.843062 -52.843887329 -7.066062927 1.780259609 -0.037132468 -0.040031392 -0.696948051 0.715039909
1586247654.876062 -53.073268890 -7.067939758 1.792376518 -0.036941379 -0.040067729 -0.696838856 0.715154171
1586247654.909062 -53.315567017 -7.076950073 1.799456835 -0.037037104 -0.040196087 -0.696858525 0.715122998
1586247654.942062 -53.558254242 -7.085548401 1.806667805 -0.037141532 -0.040392146 -0.696851492 0.715113342
1586247654.975063 -53.792449951 -7.087989807 1.817904949 -0.037133038 -0.040639032 -0.696831822 0.715118885
1586247655.008062 -54.036331177 -7.096080780 1.825585365 -0.037054807 -0.041026548 -0.696836829 0.715095997
1586247655.041063 -54.280487061 -7.104221344 1.833616257 -0.036923885 -0.041422985 -0.696846128 0.715070784
1586247655.074063 -54.515693665 -7.107196808 1.845564842 -0.036677029 -0.041977327 -0.696785152 0.715110600
1586247655.107063 -54.760074615 -7.115097046 1.854020834 -0.036386222 -0.042473558 -0.696806550 0.715075374
1586247655.140063 -55.004470825 -7.123367310 1.862757444 -0.036241915 -0.042678166 -0.696846664 0.715031445
1586247655.173063 -55.240707397 -7.128532410 1.875237465 -0.035891831 -0.042713854 -0.696818769 0.715074122
1586247655.206063 -55.485229492 -7.138179779 1.884202242 -0.035637319 -0.042585343 -0.696900725 0.715014637
1586247655.239063 -55.729698181 -7.148178101 1.892902613 -0.035438806 -0.042318027 -0.696979403 0.714963734
1586247655.272063 -55.975410461 -7.156627655 1.901599646 -0.035244644 -0.042129893 -0.697040617 0.714924693
1586247655.305063 -56.219600677 -7.166332245 1.909308195 -0.035360392 -0.041784592 -0.697120249 0.714861572
1586247655.338063 -56.463897705 -7.175994873 1.916842222 -0.035547283 -0.041356519 -0.697196543 0.714802802
1586247655.371063 -56.690505981 -7.176914215 1.929383755 -0.035571426 -0.041102838 -0.697153687 0.714858055
1586247655.404063 -56.935466766 -7.186225891 1.936515570 -0.035720322 -0.040659521 -0.697189391 0.714841187
1586247655.437063 -57.180885315 -7.195343018 1.943597555 -0.035764575 -0.040432997 -0.697200656 0.714840829
1586247655.470064 -57.418613434 -7.200824738 1.953563452 -0.035643462 -0.040428791 -0.697174728 0.714872420
1586247655.503063 -57.665348053 -7.209514618 1.961037874 -0.035686884 -0.040413175 -0.697151840 0.714893460
1586247655.536064 -57.912509918 -7.217918396 1.968721151 -0.035759836 -0.040519930 -0.697099566 0.714934707
1586247655.569064 -58.151016235 -7.223087311 1.978694677 -0.035666764 -0.040766377 -0.696973801 0.715047956
1586247655.602064 -58.399261475 -7.231613159 1.986531258 -0.035545319 -0.041051686 -0.696890831 0.715118527
1586247655.635064 -58.647838593 -7.240207672 1.994416475 -0.035377711 -0.041331913 -0.696817040 0.715182662
1586247655.668064 -58.887565613 -7.245471954 2.004728794 -0.035066336 -0.041732904 -0.696626663 0.715360045
1586247655.701064 -59.136589050 -7.254383087 2.013152838 -0.034843057 -0.042031985 -0.696527481 0.715450108
1586247655.734064 -59.385841370 -7.263343811 2.021661520 -0.034639508 -0.042324789 -0.696434379 0.715533257
1586247655.767064 -59.626609802 -7.268798828 2.031550646 -0.034539163 -0.042598706 -0.696310759 0.715642214
1586247655.800064 -59.876277924 -7.278484344 2.039945841 -0.034324020 -0.042805240 -0.696235120 0.715713859
1586247655.833065 -60.126014709 -7.288558960 2.048350573 -0.034058806 -0.042916924 -0.696167409 0.715785682
1586247655.866064 -60.367332458 -7.294391632 2.058174849 -0.033643160 -0.043098465 -0.696032584 0.715925515
1586247655.899065 -60.616931915 -7.304508209 2.066430569 -0.033564392 -0.042960633 -0.695983946 0.715984821
1586247655.932065 -60.866512299 -7.314636230 2.074405670 -0.033486784 -0.042863566 -0.695921183 0.716055155
1586247655.965065 -61.107967377 -7.321277618 2.083264351 -0.033640295 -0.042728573 -0.695851982 0.716123343
1586247655.998065 -61.358085632 -7.330631256 2.090523243 -0.033923294 -0.042578712 -0.695786297 0.716182768
1586247656.031065 -61.608386993 -7.340038300 2.097714901 -0.034063544 -0.042475984 -0.695718169 0.716248393
1586247656.064065 -61.849708557 -7.347404480 2.106171608 -0.034222305 -0.042322010 -0.695547283 0.716415942
1586247656.097065 -62.100921631 -7.357215881 2.113358736 -0.034244742 -0.042284749 -0.695458949 0.716502786
1586247656.130065 -62.352527618 -7.366851807 2.120599031 -0.034442604 -0.042222824 -0.695364773 0.716588378
1586247656.163065 -62.604400635 -7.376621246 2.128028154 -0.034569561 -0.042175014 -0.695279300 0.716668010
1586247656.196065 -62.844093323 -7.382411957 2.137468815 -0.034551620 -0.042536139 -0.695089340 0.716831744
1586247656.229065 -63.096492767 -7.392326355 2.145127058 -0.034567114 -0.042489413 -0.695024371 0.716896713
1586247656.262065 -63.349193573 -7.402355194 2.152948856 -0.034425616 -0.042509813 -0.694937468 0.716986656
1586247656.295066 -63.602012634 -7.412631989 2.161323309 -0.034507483 -0.042440288 -0.694864511 0.717057467
1586247656.328066 -63.843181610 -7.419853210 2.171460390 -0.034492582 -0.042734321 -0.694786906 0.717115939
1586247656.361066 -64.096740723 -7.429878235 2.179421902 -0.034409761 -0.042935539 -0.694703817 0.717188418
1586247656.394066 -64.350601196 -7.440101624 2.187524319 -0.034343775 -0.042999700 -0.694652736 0.717237175
1586247656.427066 -64.605415344 -7.448966980 2.195018291 -0.034299638 -0.043031450 -0.694562256 0.717324972
1586247656.460066 -64.860221863 -7.458896637 2.202813387 -0.034095824 -0.043265950 -0.694433331 0.717445433
1586247656.493066 -65.114814758 -7.468799591 2.210654974 -0.034212198 -0.043193243 -0.694355071 0.717519999
1586247656.526066 -65.369567871 -7.478672028 2.218549013 -0.034307119 -0.043194722 -0.694254756 0.717612445
1586247656.559066 -65.624549866 -7.488544464 2.226526022 -0.034403142 -0.043178592 -0.694176853 0.717684209
1586247656.592066 -65.879615784 -7.498622894 2.234374285 -0.034612831 -0.042976063 -0.694105983 0.717754781
1586247656.625066 -66.134941101 -7.508819580 2.242160320 -0.034634352 -0.042932197 -0.694033980 0.717826068
1586247656.658067 -66.390510559 -7.518989563 2.249796867 -0.034851518 -0.042805512 -0.693973362 0.717881680
1586247656.691066 -66.646392822 -7.529273987 2.257429838 -0.035116728 -0.042633142 -0.693909347 0.717940867
1586247656.724066 -66.902854919 -7.539634705 2.265139818 -0.035106208 -0.042634480 -0.693819344 0.718028307
1586247656.757066 -67.159576416 -7.550231934 2.272835493 -0.035241481 -0.042433891 -0.693726599 0.718123138
1586247656.790067 -67.416816711 -7.560775757 2.280562162 -0.035185184 -0.042531990 -0.693609893 0.718232810
1586247656.823067 -67.686950684 -7.572311401 2.288011312 -0.035257127 -0.042143397 -0.693532825 0.718326628
1586247656.856067 -67.882713318 -7.579261780 2.311214447 -0.034984503 -0.042540401 -0.693449557 0.718396962
1586247656.889067 -68.140777588 -7.589752197 2.319427490 -0.034832746 -0.042708360 -0.693336070 0.718503833
1586247656.922067 -68.448249817 -7.604019165 2.313606977 -0.035051614 -0.042456593 -0.693177640 0.718661070
1586247656.955067 -68.706466675 -7.614372253 2.322304487 -0.035162300 -0.042503424 -0.693071604 0.718755126
1586247656.988067 -68.964912415 -7.624588013 2.331051826 -0.035335988 -0.042633507 -0.692993224 0.718814492
1586247657.021067 -69.223648071 -7.635162354 2.339881420 -0.035631802 -0.042549215 -0.692876279 0.718917549
1586247657.054067 -69.508071899 -7.646461487 2.350085974 -0.035882056 -0.042122163 -0.692827106 0.718977690
1586247657.087067 -69.741706848 -7.656181335 2.357371807 -0.035761204 -0.042837858 -0.692634881 0.719126582
1586247657.120067 -70.001403809 -7.666725159 2.365754843 -0.035928573 -0.042964578 -0.692529261 0.719212353
1586247657.153068 -70.261497498 -7.677871704 2.374011993 -0.035844117 -0.043123428 -0.692407608 0.719324291
1586247657.186068 -70.547325134 -7.689743042 2.384540558 -0.036024000 -0.042539883 -0.692391932 0.719365060
1586247657.219068 -70.807769775 -7.701339722 2.393019676 -0.035806030 -0.042642415 -0.692331195 0.719428360
1586247657.252068 -71.068389893 -7.713188171 2.401452303 -0.035594191 -0.042690448 -0.692271292 0.719493687
1586247657.285068 -71.328865051 -7.725097656 2.410086393 -0.035486158 -0.042605154 -0.692216933 0.719556332
1586247657.318068 -71.589569092 -7.737144470 2.418599129 -0.035429027 -0.042583723 -0.692159951 0.719615281
1586247657.351068 -71.850349426 -7.749000549 2.427361488 -0.035451677 -0.042545233 -0.692072511 0.719700456
1586247657.384068 -71.990097046 -7.750823975 2.462326050 -0.035341565 -0.043447323 -0.691964567 0.719755828
1586247657.417068 -72.249717712 -7.761108398 2.470352173 -0.035338908 -0.043417942 -0.691887617 0.719831705
1586247657.450068 -72.508605957 -7.772315979 2.479115486 -0.035360396 -0.043407507 -0.691779494 0.719935119
1586247657.483068 -72.765861511 -7.786064148 2.487717152 -0.035477463 -0.043287568 -0.691679001 0.720033228
1586247657.516068 -73.025375366 -7.797500610 2.496027470 -0.035718620 -0.043185852 -0.691590428 0.720112443
1586247657.549068 -73.283561707 -7.809982300 2.504289627 -0.036090940 -0.042983700 -0.691496849 0.720195830
1586247657.582068 -73.542228699 -7.822463989 2.512840748 -0.036395703 -0.042826783 -0.691415489 0.720267951
1586247657.615069 -73.922180176 -7.844268799 2.498274803 -0.036939140 -0.041711513 -0.691376626 0.720343053
1586247657.648069 -74.182540894 -7.857543945 2.506520748 -0.037428886 -0.041453034 -0.691339016 0.720368743
1586247657.681069 -74.430046082 -7.871139526 2.511996746 -0.037694573 -0.041632172 -0.691248894 0.720431030
1586247657.714069 -74.703605652 -7.883102417 2.523677349 -0.038014501 -0.041235354 -0.691269636 0.720417202
1586247657.747069 -74.958999634 -7.891403198 2.528518200 -0.038197037 -0.041736949 -0.691131532 0.720511138
1586247657.780069 -75.093620300 -7.887512207 2.578179836 -0.038073957 -0.042467803 -0.691127598 0.720478654
1586247657.813069 -75.357650757 -7.899757385 2.587122917 -0.037936479 -0.042663299 -0.691033602 0.720564604
1586247657.846069 -75.618003845 -7.912330627 2.596866131 -0.037603766 -0.042993717 -0.690977633 0.720615983
1586247657.879069 -75.880683899 -7.924903870 2.606534481 -0.037288461 -0.043289438 -0.690938890 0.720651925
1586247657.912069 -76.143585205 -7.937805176 2.616244316 -0.036906835 -0.043479729 -0.690907300 0.720690310
1586247657.945069 -76.401535034 -7.948852539 2.630632877 -0.036294635 -0.043639716 -0.690853536 0.720763266
1586247657.978070 -76.664665222 -7.961975098 2.639974117 -0.035916746 -0.043804649 -0.690855622 0.720770240
1586247658.011070 -76.925933838 -7.974098206 2.651154995 -0.035611246 -0.044011921 -0.690876663 0.720752656
1586247658.044070 -77.189208984 -7.986740112 2.660177708 -0.035290539 -0.044111162 -0.690930367 0.720710874
1586247658.077070 -77.450439453 -7.999023438 2.671108723 -0.035081416 -0.044134527 -0.690958738 0.720692396
1586247658.110070 -77.713554382 -8.011375427 2.679950237 -0.034904271 -0.044117294 -0.691077471 0.720588207
1586247658.143070 -77.976425171 -8.023551941 2.688642025 -0.034911986 -0.043957368 -0.691215158 0.720465481
1586247658.176070 -78.236518860 -8.034896851 2.700306416 -0.035085857 -0.043805812 -0.691296697 0.720388055
1586247658.209070 -78.499168396 -8.046600342 2.708611012 -0.035324961 -0.043602504 -0.691440344 0.720250905
1586247658.242070 -78.761970520 -8.058151245 2.716748714 -0.035570204 -0.043429576 -0.691581726 0.720113516
1586247658.275070 -79.024673462 -8.070152283 2.725235462 -0.035754502 -0.043354180 -0.691780567 0.719917893
1586247658.308070 -79.286026001 -8.079017639 2.736089230 -0.036123782 -0.043324795 -0.691949844 0.719738483
1586247658.341070 -79.549522400 -8.089988708 2.744018078 -0.036429282 -0.043321379 -0.692116916 0.719562590
1586247658.374070 -79.813301086 -8.100891113 2.752041340 -0.036752459 -0.043212686 -0.692304671 0.719372094
1586247658.407070 -80.076248169 -8.110260010 2.762500286 -0.036783159 -0.043191653 -0.692483544 0.719199657
1586247658.440070 -80.340644836 -8.121520996 2.771096230 -0.036754131 -0.042978771 -0.692663729 0.719040334
1586247658.473071 -80.605346680 -8.132965088 2.780090332 -0.036608603 -0.042792499 -0.692851722 0.718877733
1586247658.506071 -80.869331360 -8.143447876 2.791497231 -0.036442369 -0.042778201 -0.693043470 0.718702197
1586247658.539071 -81.134437561 -8.155113220 2.800997257 -0.036307365 -0.042562883 -0.693225503 0.718546212
1586247658.572071 -81.399879456 -8.166702271 2.810513020 -0.036002092 -0.042459849 -0.693394363 0.718404651
1586247658.605071 -81.664924622 -8.176963806 2.822558403 -0.035865840 -0.042311620 -0.693593800 0.718227684
1586247658.638071 -81.930770874 -8.187728882 2.832067013 -0.035675228 -0.042239688 -0.693750203 0.718090415
1586247658.671071 -82.196754456 -8.198204041 2.841328621 -0.035588857 -0.042157702 -0.693904877 0.717950046
1586247658.704071 -82.461959839 -8.207801819 2.852010727 -0.035527945 -0.042116705 -0.694065094 0.717800498
1586247658.737071 -82.728393555 -8.217864990 2.860979557 -0.035603460 -0.042184096 -0.694194913 0.717667282
1586247658.770071 -82.995040894 -8.227828979 2.869962215 -0.035612553 -0.042194523 -0.694326699 0.717538774
1586247658.803071 -83.261306763 -8.235801697 2.879730225 -0.035546362 -0.042177036 -0.694422543 0.717450380
1586247658.836071 -83.529006958 -8.245727539 2.888690948 -0.035328321 -0.042323597 -0.694532514 0.717345953
1586247658.869072 -83.796913147 -8.255493164 2.897591114 -0.035207212 -0.042426292 -0.694671214 0.717211604
1586247658.902071 -84.063346863 -8.263488770 2.907351971 -0.035073459 -0.042544719 -0.694854736 0.717033267
1586247658.935072 -84.331726074 -8.273330688 2.916297913 -0.034925874 -0.042589683 -0.695044816 0.716853559
1586247658.968072 -84.600326538 -8.283264160 2.925348759 -0.034751445 -0.042579465 -0.695231318 0.716681838
1586247659.001072 -84.867179871 -8.291465759 2.935087204 -0.034423415 -0.042706709 -0.695410907 0.716515839
1586247659.034072 -85.136436462 -8.301628113 2.944355965 -0.034171075 -0.042754840 -0.695577562 0.716363311
1586247659.067072 -85.405960083 -8.311866760 2.953560829 -0.033844203 -0.042794570 -0.695743501 0.716215193
1586247659.100072 -85.673614502 -8.319198608 2.963209629 -0.033376962 -0.042886477 -0.695829749 0.716147900
1586247659.133072 -85.943595886 -8.329208374 2.972708702 -0.033047970 -0.042832643 -0.695965707 0.716034174
1586247659.166072 -86.213508606 -8.338951111 2.982168198 -0.032847967 -0.042715918 -0.696093142 0.715926468
1586247659.199072 -86.480552673 -8.346305847 2.991201401 -0.032718897 -0.042602491 -0.696244061 0.715792358
1586247659.232072 -86.750152588 -8.354858398 3.000164986 -0.033168942 -0.042537209 -0.696405113 0.715618849
1586247659.265072 -87.019660950 -8.362586975 3.009045601 -0.033706393 -0.042713467 -0.696533442 0.715458333
1586247659.298073 -87.286071777 -8.367599487 3.017597198 -0.034284029 -0.042730216 -0.696627200 0.715338647
1586247659.331073 -87.555862427 -8.375312805 3.026718140 -0.034840260 -0.042604428 -0.696743488 0.715205967
1586247659.364073 -87.826042175 -8.382850647 3.035708427 -0.035306871 -0.042572863 -0.696805418 0.715124547
1586247659.397073 -88.093109131 -8.387924194 3.044436932 -0.035803735 -0.042534612 -0.696833611 0.715074658
1586247659.430073 -88.363922119 -8.395317078 3.053544998 -0.036080569 -0.042542484 -0.696859598 0.715035021
1586247659.463073 -88.634925842 -8.403190613 3.062696934 -0.036310524 -0.042459130 -0.696876168 0.715012193
1586247659.496073 -88.902740479 -8.410720825 3.071763992 -0.036510438 -0.042186722 -0.696912348 0.714982808
1586247659.529073 -89.174133301 -8.419761658 3.080951214 -0.036573976 -0.041895077 -0.696940958 0.714968920
1586247659.562073 -89.445922852 -8.429222107 3.090547085 -0.036502387 -0.041634068 -0.696976423 0.714953184
1586247659.595073 -89.715133667 -8.437065125 3.100529671 -0.036366466 -0.041584332 -0.696964025 0.714975178
1586247659.628073 -89.987899780 -8.445808411 3.110414028 -0.036223978 -0.041697878 -0.696924090 0.715014696
1586247659.661073 -90.261100769 -8.454399109 3.120466709 -0.036064744 -0.041855253 -0.696878552 0.715057969
1586247659.694074 -90.531509399 -8.461418152 3.131329536 -0.035813514 -0.042080279 -0.696830094 0.715104580
1586247659.727073 -90.804962158 -8.469535828 3.141739845 -0.035559565 -0.042407654 -0.696784139 0.715142727
1586247659.760074 -91.078323364 -8.477371216 3.152146816 -0.035548236 -0.042615764 -0.696740091 0.715173781
1586247659.826074 -91.620964050 -8.492095947 3.173673153 -0.035590470 -0.042480990 -0.696750164 0.715169847
1586247659.859074 -91.893196106 -8.500648499 3.183760643 -0.035818066 -0.042217981 -0.696803153 0.715122402
1586247659.892074 -92.165962219 -8.508934021 3.193444729 -0.035813745 -0.042293090 -0.696804106 0.715117276
1586247659.925074 -92.437759399 -8.515876770 3.203829288 -0.036177572 -0.042141024 -0.696795404 0.715116441
1586247659.958074 -92.711029053 -8.524337769 3.213124752 -0.036437329 -0.041823130 -0.696862638 0.715056419
1586247659.991074 -92.984733582 -8.532943726 3.222222805 -0.036297735 -0.041800041 -0.696903765 0.715024710
1586247660.024075 -93.257934570 -8.540954590 3.232332706 -0.036074698 -0.041839708 -0.696798086 0.715136647
1586247660.057075 -93.532638550 -8.549591064 3.241192341 -0.035822153 -0.041938562 -0.696791470 0.715150058
1586247660.090075 -93.807533264 -8.558258057 3.250138283 -0.035570681 -0.042011466 -0.696781576 0.715167999
1586247660.123075 -94.082527161 -8.567108154 3.259121895 -0.035423398 -0.042155720 -0.696808457 0.715140581
1586247660.156075 -94.358131409 -8.575393677 3.268023014 -0.035365045 -0.042329229 -0.696833193 0.715109110
1586247660.189075 -94.633956909 -8.583526611 3.277121067 -0.035212755 -0.042605683 -0.696791470 0.715140939
1586247660.222075 -94.909896851 -8.592567444 3.287516594 -0.034874111 -0.043104529 -0.696813226 0.715106368
1586247660.255075 -95.186103821 -8.600639343 3.297176361 -0.034578588 -0.043517504 -0.696800292 0.715108335
1586247660.288075 -95.461959839 -8.608825684 3.306293011 -0.034494579 -0.043743651 -0.696776807 0.715121508
1586247660.321075 -95.733985901 -8.613471985 3.320160389 -0.034609973 -0.043482900 -0.696781814 0.715126991
1586247660.354075 -96.009361267 -8.622291565 3.329349518 -0.034682870 -0.043290958 -0.696782708 0.715134203
1586247660.387075 -96.284812927 -8.631179810 3.338493347 -0.034505963 -0.043349691 -0.696767807 0.715153635
1586247660.420075 -96.559234619 -8.638885498 3.349162102 -0.034647465 -0.043147162 -0.696778893 0.715148330
1586247660.453075 -96.834564209 -8.647842407 3.357475281 -0.034850951 -0.042936381 -0.696825087 0.715106070
1586247660.486075 -97.109878540 -8.656700134 3.365576744 -0.035152584 -0.042690087 -0.696845531 0.715086102
1586247660.519076 -97.384117126 -8.663627625 3.375421047 -0.035620749 -0.042341258 -0.696832418 0.715096533
1586247660.552076 -97.659919739 -8.672424316 3.383726120 -0.035771430 -0.042259958 -0.696817040 0.715108871
1586247660.585076 -97.936035156 -8.680900574 3.392092705 -0.036038186 -0.042204272 -0.696798027 0.715117157
1586247660.618076 -98.211158752 -8.687271118 3.402348995 -0.036131114 -0.042242307 -0.696827292 0.715081811
1586247660.651076 -98.487937927 -8.695930481 3.411487579 -0.036020782 -0.042407218 -0.696811140 0.715093315
1586247660.684076 -98.764991760 -8.704658508 3.421060085 -0.036129713 -0.042307921 -0.696842194 0.715063453
1586247660.717076 -99.041023254 -8.711166382 3.432398796 -0.035987526 -0.042492535 -0.696828961 0.715072513
1586247660.750076 -99.318672180 -8.719802856 3.441986084 -0.035809930 -0.042697258 -0.696875036 0.715024412
1586247660.783076 -99.596206665 -8.728584290 3.451529503 -0.035748716 -0.042798575 -0.696922183 0.714975417
1586247660.816076 -99.874450684 -8.737106323 3.461476326 -0.035614494 -0.042979300 -0.696907699 0.714985371
1586247660.849077 -100.152107239 -8.745964050 3.470929623 -0.035582844 -0.042993244 -0.696938336 0.714956224
1586247660.882077 -100.429733276 -8.754699707 3.480321884 -0.035600159 -0.042902112 -0.696952164 0.714947402
1586247660.915076 -100.703338623 -8.759941101 3.493280411 -0.035320912 -0.042961765 -0.696876228 0.715031683
1586247660.948076 -100.980911255 -8.768981934 3.502782822 -0.035274953 -0.042932037 -0.696859419 0.715052128
1586247660.981077 -101.258392334 -8.778015137 3.512202263 -0.035275847 -0.042907663 -0.696865618 0.715047479
1586247661.014077 -101.534133911 -8.784446716 3.523288727 -0.035339206 -0.042873945 -0.696896613 0.715016246
1586247661.047077 -101.811729431 -8.793205261 3.532362461 -0.035505563 -0.042819679 -0.696926594 0.714982033
1586247661.080077 -102.089317322 -8.801956177 3.541101456 -0.035674836 -0.042788181 -0.696951210 0.714951396
1586247661.113077 -102.364730835 -8.808120728 3.551364899 -0.035814736 -0.042818055 -0.696934521 0.714958966
1586247661.146077 -102.642730713 -8.816925049 3.560081959 -0.035903811 -0.042711824 -0.696954310 0.714941502
1586247661.179077 -102.920928955 -8.825737000 3.568872452 -0.035870939 -0.042677809 -0.696956396 0.714943171
1586247661.212077 -103.196380615 -8.832427979 3.579698563 -0.035715610 -0.042703364 -0.696989000 0.714917600
1586247661.245077 -103.474998474 -8.841712952 3.588757038 -0.035622329 -0.042662106 -0.697001100 0.714912891
1586247661.278077 -103.753959656 -8.851081848 3.597948551 -0.035372343 -0.042747878 -0.697019398 0.714902401
1586247661.311077 -104.029945374 -8.857925415 3.609462261 -0.035097335 -0.042829566 -0.697011828 0.714918435
1586247661.344078 -104.309242249 -8.867324829 3.618595600 -0.034822136 -0.042971399 -0.697010636 0.714924514
1586247661.377078 -104.588500977 -8.876777649 3.627572060 -0.034592215 -0.043095909 -0.697050154 0.714889705
1586247661.410078 -104.867607117 -8.885665894 3.636534691 -0.034576029 -0.043095306 -0.697060227 0.714880645
1586247661.443078 -105.142105103 -8.891632080 3.648484707 -0.034419328 -0.043212630 -0.697063565 0.714877903
1586247661.476078 -105.421012878 -8.900352478 3.657381535 -0.034544885 -0.043232560 -0.697059274 0.714874864
1586247661.509078 -105.699821472 -8.909156799 3.666252136 -0.034579094 -0.043278489 -0.697061002 0.714868724
1586247661.542078 -105.975112915 -8.915817261 3.677844048 -0.034516335 -0.043065116 -0.697062373 0.714883268
1586247661.575078 -106.253807068 -8.925064087 3.686858177 -0.034562852 -0.042915855 -0.697072089 0.714880526
1586247661.608078 -106.532402039 -8.934310913 3.695711613 -0.034651548 -0.042750664 -0.697100759 0.714858174
1586247661.641078 -106.807754517 -8.941055298 3.707031727 -0.034743462 -0.042448509 -0.697099686 0.714872837
1586247661.674078 -107.086608887 -8.950286865 3.715279102 -0.034920424 -0.042313516 -0.697142482 0.714830518
1586247661.707078 -107.365486145 -8.959510803 3.723257542 -0.035078764 -0.042235073 -0.697180748 0.714789987
1586247661.740079 -107.641586304 -8.966308594 3.733616352 -0.035003487 -0.042085677 -0.697107255 0.714874208
1586247661.773078 -107.920997620 -8.975921631 3.741625786 -0.034858316 -0.042048682 -0.697121978 0.714869022
1586247661.806079 -108.200843811 -8.985397339 3.749754429 -0.034619302 -0.042114176 -0.697088003 0.714910030
1586247661.839079 -108.480155945 -8.994903564 3.758955002 -0.034569263 -0.042118773 -0.697041988 0.714956999
1586247661.872079 -108.760620117 -9.004051208 3.767791271 -0.034301188 -0.042372003 -0.696976244 0.715019047
1586247661.905079 -109.041152954 -9.013137817 3.776938915 -0.034012914 -0.042684332 -0.696892619 0.715095758
1586247661.938079 -109.316085815 -9.017669678 3.789684772 -0.033674002 -0.042865507 -0.696726561 0.715262711
1586247661.971079 -109.596290588 -9.026985168 3.799258232 -0.033438716 -0.043115072 -0.696670651 0.715313256
1586247662.004079 -109.876289368 -9.035797119 3.808607578 -0.033553630 -0.043276276 -0.696631193 0.715336561
1586247662.037079 -110.155807495 -9.044845581 3.817819595 -0.033764035 -0.043427095 -0.696640432 0.715308547
1586247662.070079 -110.431648254 -9.050025940 3.828977585 -0.033941541 -0.043554489 -0.696586192 0.715345204
1586247662.103079 -110.710754395 -9.059181213 3.837815285 -0.034207676 -0.043386243 -0.696559012 0.715369225
1586247662.136079 -110.989631653 -9.068901062 3.846559525 -0.034384247 -0.043097381 -0.696523309 0.715412915
1586247662.169080 -111.268188477 -9.079093933 3.855559826 -0.034648687 -0.042695571 -0.696552396 0.715395927
1586247662.202080 -111.543716431 -9.084869385 3.866010666 -0.035018507 -0.042370219 -0.696466804 0.715480626
1586247662.235080 -111.822586060 -9.094985962 3.874653816 -0.035329700 -0.042047519 -0.696437180 0.715513229
1586247662.268080 -112.101539612 -9.105323792 3.883328438 -0.035660028 -0.041713577 -0.696420908 0.715532184
1586247662.301080 -112.381164551 -9.114936829 3.892480373 -0.035879578 -0.041489806 -0.696394503 0.715559900
1586247662.334080 -112.656929016 -9.121871948 3.902807236 -0.035993278 -0.041400436 -0.696268916 0.715681553
1586247662.367080 -112.936668396 -9.132141113 3.912206650 -0.036174804 -0.041123807 -0.696168125 0.715786397
1586247662.400080 -113.216896057 -9.141983032 3.921744347 -0.036328316 -0.041180406 -0.696020246 0.715919256
1586247662.433080 -113.494537354 -9.149291992 3.932472706 -0.036447257 -0.041345056 -0.695796728 0.716120899
1586247662.466080 -113.775581360 -9.159324646 3.942683220 -0.036379069 -0.041540638 -0.695658684 0.716247201
1586247662.499080 -114.056900024 -9.169601440 3.953110218 -0.036123037 -0.041836288 -0.695527673 0.716370165
1586247662.532080 -114.335205078 -9.177467346 3.964427948 -0.035862148 -0.042148288 -0.695407391 0.716481686
1586247662.565081 -114.616622925 -9.188255310 3.974845409 -0.035655946 -0.042299606 -0.695327044 0.716561079
1586247662.598080 -114.897819519 -9.199089050 3.985072136 -0.035611447 -0.042388473 -0.695260704 0.716622412
1586247662.631081 -115.175704956 -9.206886292 3.995862007 -0.035553187 -0.042353854 -0.695137978 0.716746330
1586247662.664081 -115.456939697 -9.218002319 4.006011963 -0.035423990 -0.042478245 -0.695066154 0.716815054
1586247662.697081 -115.738197327 -9.229217529 4.016066551 -0.035263386 -0.042612363 -0.695007145 0.716872215
1586247662.730081 -116.019920349 -9.240203857 4.026538849 -0.035181761 -0.042598844 -0.694939137 0.716942966
1586247662.763081 -116.301147461 -9.251754761 4.036556721 -0.035066903 -0.042559318 -0.694862962 0.717024803
1586247662.796081 -116.582168579 -9.263336182 4.046437740 -0.035022464 -0.042523719 -0.694780529 0.717108905
1586247662.829081 -116.856239319 -9.268394470 4.056711197 -0.034946442 -0.042428833 -0.694642007 0.717252493
1586247662.862081 -117.137283325 -9.280181885 4.066518784 -0.034953564 -0.042263746 -0.694580197 0.717321754
1586247662.895081 -117.418235779 -9.291984558 4.076097012 -0.034998056 -0.042116266 -0.694502652 0.717403233
1586247662.928082 -117.695816040 -9.299819946 4.085386276 -0.035178874 -0.041987948 -0.694389760 0.717511237
1586247662.961081 -117.977188110 -9.311271667 4.094998837 -0.035248484 -0.042039379 -0.694327116 0.717565358
1586247662.994081 -118.258903503 -9.322509766 4.104670525 -0.035382003 -0.042161383 -0.694261193 0.717615485
1586247663.027081 -118.536926270 -9.330322266 4.114099503 -0.035497189 -0.042377118 -0.694131136 0.717722893
1586247663.060082 -118.818695068 -9.341758728 4.124060631 -0.035448194 -0.042567383 -0.694036722 0.717805386
1586247663.093082 -119.100402832 -9.353240967 4.134357452 -0.035502911 -0.042619843 -0.693974733 0.717859507
1586247663.126082 -119.381965637 -9.365051270 4.144893646 -0.035504431 -0.042551041 -0.693892598 0.717942834
1586247663.159082 -119.658790588 -9.372039795 4.155229568 -0.035621256 -0.042439785 -0.693822205 0.718011737
1586247663.192082 -119.940254211 -9.384391785 4.165791512 -0.035718352 -0.042235270 -0.693780601 0.718059182
1586247663.225082 -120.221504211 -9.396820068 4.176448822 -0.035851359 -0.041990604 -0.693739176 0.718106866
1586247663.258082 -120.502861023 -9.409271240 4.187135220 -0.036006540 -0.041793283 -0.693705320 0.718143404
1586247663.291082 -120.783340454 -9.421112061 4.198626995 -0.036302149 -0.041473500 -0.693669498 0.718181610
1586247663.324082 -121.064628601 -9.433418274 4.209442616 -0.036489069 -0.041291576 -0.693606853 0.718243122
1586247663.357082 -121.346023560 -9.445678711 4.220186710 -0.036730226 -0.041085768 -0.693525732 0.718320906
1586247663.390082 -121.627853394 -9.457916260 4.230836868 -0.036868896 -0.041011062 -0.693438351 0.718402445
1586247663.423083 -121.901664734 -9.461563110 4.238211155 -0.037033383 -0.041114274 -0.693358004 0.718465626
1586247663.456083 -122.184188843 -9.473640442 4.248460770 -0.037012223 -0.041295201 -0.693267524 0.718543708
1586247663.489083 -122.467002869 -9.485908508 4.258684635 -0.036923263 -0.041545067 -0.693201303 0.718597710
1586247663.522083 -122.749717712 -9.498611450 4.269053936 -0.036873907 -0.041782375 -0.693135619 0.718649805
1586247663.555083 -123.029853821 -9.506866455 4.278109074 -0.036473960 -0.042092402 -0.693114161 0.718672872
1586247663.588083 -123.313461304 -9.519706726 4.289003372 -0.036164850 -0.042454757 -0.693055272 0.718724012
1586247663.621083 -123.597366333 -9.532783508 4.300024509 -0.035687774 -0.042953093 -0.692948341 0.718821287
1586247663.654083 -123.881996155 -9.545852661 4.311104774 -0.035226285 -0.043343157 -0.692902207 0.718865156
1586247663.687083 -124.161735535 -9.554550171 4.320864677 -0.034662396 -0.043671440 -0.692834139 0.718938231
1586247663.720083 -124.445747375 -9.567756653 4.331834793 -0.034341276 -0.043994166 -0.692756057 0.719009280
1586247663.753083 -124.729362488 -9.580802917 4.342517376 -0.034264177 -0.044248261 -0.692678452 0.719072104
1586247663.786083 -125.012603760 -9.593688965 4.352566719 -0.034429252 -0.044422135 -0.692579448 0.719148874
1586247663.819083 -125.291152954 -9.600494385 4.360444546 -0.034845829 -0.044668324 -0.692489862 0.719199777
1586247663.852083 -125.575088501 -9.610198975 4.368677139 -0.035510715 -0.045938633 -0.692372620 0.719200134
1586247663.885084 -125.858566284 -9.620552063 4.377032757 -0.036086947 -0.046759043 -0.692293882 0.719194412
1586247663.918084 -126.137893677 -9.629501343 4.385010719 -0.036044806 -0.046815772 -0.692206621 0.719276726
1586247663.951084 -126.420776367 -9.642379761 4.393966198 -0.036235988 -0.046362534 -0.692143083 0.719357669
1586247663.984084 -126.704139709 -9.653839111 4.402490139 -0.036577825 -0.046797682 -0.692037106 0.719414175
1586247664.017084 -126.987365723 -9.664009094 4.410867691 -0.037308842 -0.047670413 -0.692022622 0.719333231
1586247664.050084 -127.264373779 -9.673202515 4.420240402 -0.037754744 -0.047329724 -0.692076564 0.719280541
1586247664.083084 -127.546600342 -9.687904358 4.430500031 -0.037219610 -0.046796050 -0.692072570 0.719347179
1586247664.116084 -127.828323364 -9.703620911 4.441378593 -0.036805749 -0.045779362 -0.692164838 0.719345212
1586247664.149084 -128.105834961 -9.717041016 4.452897549 -0.036292352 -0.044378899 -0.692270041 0.719357848
1586247664.182084 -128.386886597 -9.732139587 4.463899612 -0.036424279 -0.043579154 -0.692392588 0.719282091
1586247664.215084 -128.667388916 -9.745162964 4.473575592 -0.037367526 -0.042807158 -0.692329824 0.719340503
1586247664.248085 -128.944000244 -9.755882263 4.483960629 -0.037910286 -0.041999362 -0.692366600 0.719324291
1586247664.281084 -129.225082397 -9.770576477 4.495316982 -0.037943393 -0.040740762 -0.692477345 0.719288349
1586247664.314085 -129.506881714 -9.784919739 4.506866932 -0.037385076 -0.040557519 -0.692562103 0.719246268
1586247664.347085 -129.784240723 -9.793006897 4.517235756 -0.038366944 -0.040338043 -0.692627072 0.719144344
1586247664.380085 -130.065719604 -9.802391052 4.526409626 -0.039716661 -0.040452387 -0.692553163 0.719135880
1586247664.413085 -130.348068237 -9.813140869 4.537314415 -0.040310174 -0.040677443 -0.692635894 0.719010472
1586247664.446085 -130.627685547 -9.820236206 4.549026012 -0.039953381 -0.041558363 -0.692718267 0.718900561
1586247664.479085 -130.911117554 -9.832229614 4.561050892 -0.039503727 -0.041789111 -0.692881823 0.718754470
1586247664.512085 -131.194488525 -9.845817566 4.573775768 -0.038468931 -0.041903302 -0.692993581 0.718696177
1586247664.545085 -131.477920532 -9.860031128 4.586361885 -0.037534803 -0.041787226 -0.693176866 0.718575597
1586247664.578085 -131.755325317 -9.870056152 4.600807190 -0.037163734 -0.041202493 -0.693396091 0.718417108
1586247664.611085 -132.037948608 -9.885131836 4.614004135 -0.036274966 -0.040953860 -0.693518341 0.718358755
1586247664.644085 -132.317779541 -9.897781372 4.627614498 -0.035671234 -0.040666826 -0.693673015 0.718255937
1586247664.677085 -132.599914551 -9.912597656 4.639932156 -0.035116822 -0.040371150 -0.693789124 0.718187809
1586247664.710086 -132.881668091 -9.926864624 4.651515007 -0.034662545 -0.040185541 -0.693841815 0.718169332
1586247664.743086 -133.159011841 -9.936096191 4.663089275 -0.034981579 -0.039827142 -0.693916321 0.718101859
1586247664.776086 -133.440261841 -9.948196411 4.672868252 -0.035407748 -0.039700456 -0.693873584 0.718129337
1586247664.809086 -133.721511841 -9.959701538 4.682183266 -0.035740789 -0.039870061 -0.693750203 0.718222558
1586247664.842086 -133.998794556 -9.966400146 4.692543030 -0.036152478 -0.039960075 -0.693740070 0.718206704
1586247664.875086 -134.279815674 -9.978195190 4.702477455 -0.036113795 -0.040279191 -0.693646312 0.718281448
1586247664.908086 -134.560913086 -9.990173340 4.712830544 -0.036096931 -0.040528212 -0.693561077 0.718350649
1586247664.941086 -134.839126587 -9.997787476 4.724626541 -0.036067337 -0.040898334 -0.693590283 0.718302965
1586247664.974086 -135.120025635 -10.010711670 4.735719204 -0.035889890 -0.041299321 -0.693507731 0.718368530
1586247665.007086 -135.400787354 -10.024017334 4.747039318 -0.035644263 -0.041651443 -0.693396688 0.718467712
1586247665.040086 -135.678985596 -10.032592773 4.759299755 -0.035122901 -0.042090211 -0.693141103 0.718714356
1586247665.073087 -135.959091187 -10.046737671 4.770741940 -0.034648150 -0.042410512 -0.692927837 0.718924224
1586247665.106086 -136.238601685 -10.061370850 4.782012939 -0.034225788 -0.042501424 -0.692669332 0.719188035
1586247665.139086 -136.515502930 -10.071166992 4.794082165 -0.033934653 -0.042568069 -0.692376256 0.719480038
1586247665.172086 -136.793777466 -10.085998535 4.804813385 -0.033707082 -0.042518444 -0.692107201 0.719752491
1586247665.205087 -137.071426392 -10.100997925 4.815335274 -0.033557206 -0.042433210 -0.691840529 0.720020890
1586247665.238087 -137.347091675 -10.111511230 4.826507568 -0.033348173 -0.042491134 -0.691630721 0.720228672
1586247665.271087 -137.623550415 -10.126663208 4.836443901 -0.033411682 -0.042276736 -0.691423297 0.720437586
1586247665.304087 -137.899261475 -10.142135620 4.846000195 -0.033535033 -0.041963752 -0.691225767 0.720639646
1586247665.337087 -138.173767090 -10.153427124 4.856633186 -0.033557203 -0.041797642 -0.691006541 0.720858395
1586247665.370087 -138.448913574 -10.168975830 4.865978718 -0.033739895 -0.041490786 -0.690777004 0.721087635
1586247665.403087 -138.723892212 -10.184448242 4.875185490 -0.033705920 -0.041540228 -0.690517783 0.721334577
1586247665.436087 -138.997772217 -10.195220947 4.886342049 -0.033741061 -0.041472342 -0.690287173 0.721557558
1586247665.469087 -139.272003174 -10.210784912 4.896201134 -0.033782840 -0.041462395 -0.690013289 0.721818149
1586247665.502087 -139.545867920 -10.226486206 4.906382561 -0.033788234 -0.041488413 -0.689721227 0.722095430
1586247665.535087 -139.819274902 -10.237091064 4.918062210 -0.034007013 -0.041395765 -0.689525187 0.722277641
1586247665.568088 -140.092453003 -10.253280640 4.928456783 -0.033934504 -0.041491020 -0.689246416 0.722541690
1586247665.601088 -140.365081787 -10.269439697 4.938617229 -0.034016728 -0.041625928 -0.689003408 0.722761750
1586247665.634088 -140.637985229 -10.279876709 4.950084686 -0.034143418 -0.041616213 -0.688767850 0.722980738
1586247665.667088 -140.910095215 -10.296722412 4.960229874 -0.034020007 -0.041715935 -0.688535392 0.723202288
1586247665.700088 -141.181823730 -10.313812256 4.970273018 -0.034010202 -0.041736126 -0.688311100 0.723415017
1586247665.733088 -141.454315186 -10.325332642 4.981824398 -0.033777628 -0.041644808 -0.688096464 0.723635316
1586247665.766088 -141.724700928 -10.343765259 4.991847038 -0.033451851 -0.041330859 -0.687875211 0.723878741
1586247665.799088 -141.994430542 -10.362106323 5.001951694 -0.033302158 -0.041101590 -0.687672377 0.724091411
1586247665.832088 -142.265716553 -10.374145508 5.014575481 -0.033231169 -0.040827960 -0.687463164 0.724308729
1586247665.865088 -142.533859253 -10.392578125 5.025428772 -0.033369303 -0.040279236 -0.687313080 0.724475622
1586247665.898088 -142.801239014 -10.410797119 5.036292076 -0.033683121 -0.039727330 -0.687211633 0.724587798
1586247665.931088 -143.070983887 -10.421966553 5.048964024 -0.034225345 -0.039369192 -0.687085390 0.724701524
1586247665.964089 -143.337463379 -10.439147949 5.059410572 -0.034670886 -0.039065525 -0.687027872 0.724751413
1586247665.997088 -143.603897095 -10.456176758 5.069654465 -0.035027176 -0.038808718 -0.686994076 0.724780083
1586247666.030089 -143.874313354 -10.467071533 5.082473755 -0.035301149 -0.038585156 -0.686962843 0.724808335
1586247666.063089 -144.140548706 -10.484115601 5.092134476 -0.035480350 -0.038324580 -0.686989069 0.724788547
1586247666.096089 -144.406829834 -10.501235962 5.101492882 -0.035558939 -0.038140155 -0.687038064 0.724748015
1586247666.129089 -144.678253174 -10.512588501 5.114020348 -0.035469681 -0.037977554 -0.687163830 0.724641562
1586247666.162089 -144.944610596 -10.530349731 5.123634815 -0.035182446 -0.038064953 -0.687333405 0.724490285
1586247666.195089 -145.211059570 -10.548095703 5.133535385 -0.034704953 -0.038211267 -0.687512875 0.724335313
1586247666.228089 -145.476989746 -10.565628052 5.143943787 -0.034184959 -0.038129587 -0.687722385 0.724165380
1586247666.261089 -145.751388550 -10.575073242 5.159060001 -0.033492893 -0.038252242 -0.687973857 0.723952413
1586247666.294089 -146.017257690 -10.592468262 5.170551300 -0.032749768 -0.038491268 -0.688230753 0.723729432
1586247666.327089 -146.282806396 -10.609115601 5.182103157 -0.032233030 -0.038709614 -0.688465714 0.723517537
1586247666.360089 -146.555130005 -10.618804932 5.196667671 -0.031746209 -0.038912699 -0.688725233 0.723281145
1586247666.393090 -146.819580078 -10.634918213 5.207918167 -0.031314787 -0.039053332 -0.689045846 0.722986996
1586247666.426090 -147.083374023 -10.650573730 5.218760490 -0.031177040 -0.039040748 -0.689431071 0.722626269
1586247666.459090 -147.355117798 -10.657913208 5.231496334 -0.031124830 -0.039028373 -0.689858556 0.722221136
1586247666.492090 -147.617691040 -10.672302246 5.240743160 -0.031406522 -0.038983889 -0.690351903 0.721739769
1586247666.525090 -147.879776001 -10.686172485 5.249151230 -0.031864043 -0.038851537 -0.690869033 0.721231759
1586247666.558090 -148.141647339 -10.698684692 5.257148266 -0.032465309 -0.038783066 -0.691416383 0.720683932
1586247666.591090 -148.416824341 -10.700820923 5.267727852 -0.032955408 -0.038729582 -0.692003131 0.720101118
1586247666.624090 -148.679428101 -10.713333130 5.275276184 -0.033136159 -0.038844898 -0.692553520 0.719557345
1586247666.657090 -148.942474365 -10.725708008 5.282898426 -0.033121526 -0.039006498 -0.693154037 0.718970835
1586247666.690090 -149.216323853 -10.729965210 5.293340206 -0.032918394 -0.039053645 -0.693792045 0.718361974
1586247666.723090 -149.479949951 -10.741851807 5.301815510 -0.032699496 -0.039346866 -0.694298506 0.717866480
1586247666.756090 -149.743881226 -10.753616333 5.310732841 -0.032391038 -0.039696660 -0.694805086 0.717370808
1586247666.789091 -150.007446289 -10.764480591 5.319822311 -0.032078590 -0.040127672 -0.695325673 0.716856301
1586247666.822090 -150.272262573 -10.773468018 5.329084396 -0.031754434 -0.040596157 -0.695769310 0.716413736
1586247666.855091 -150.536376953 -10.783782959 5.338397026 -0.031544954 -0.040965077 -0.696194589 0.715988755
1586247666.888091 -150.823181152 -10.780868530 5.353018761 -0.031361017 -0.041147612 -0.696541846 0.715648592
1586247666.921091 -151.087081909 -10.790466309 5.362101555 -0.031290825 -0.041392405 -0.696896136 0.715292513
1586247666.954091 -151.350814819 -10.799362183 5.370850563 -0.031409800 -0.041674670 -0.697207093 0.714967906
1586247666.987091 -151.614318848 -10.807373047 5.379047394 -0.031693880 -0.041879822 -0.697544754 0.714613855
1586247667.020091 -151.893814087 -10.806793213 5.390850067 -0.031961858 -0.041743781 -0.697874069 0.714288294
1586247667.053091 -152.156753540 -10.815490723 5.398495674 -0.032485425 -0.041412260 -0.698166966 0.713997662
1586247667.086091 -152.419723511 -10.824142456 5.406057358 -0.033055544 -0.041099742 -0.698456705 0.713706195
1586247667.119091 -152.682830811 -10.832351685 5.413390160 -0.033715244 -0.040810931 -0.698803604 0.713352144
1586247667.152092 -152.963256836 -10.831787109 5.425166130 -0.034289811 -0.040626492 -0.699076891 0.713067532
1586247667.185091 -153.226959229 -10.840164185 5.432657242 -0.034760922 -0.040452622 -0.699266076 0.712869108
1586247667.218091 -153.490966797 -10.848358154 5.440149307 -0.035326749 -0.040214166 -0.699418902 0.712704778
1586247667.251091 -153.755386353 -10.855941772 5.448619843 -0.035749704 -0.040029079 -0.699532270 0.712582827
1586247667.284092 -154.039077759 -10.856201172 5.460465431 -0.035908047 -0.040042948 -0.699587166 0.712520182
1586247667.317091 -154.304809570 -10.864685059 5.469145775 -0.035919134 -0.040137548 -0.699571311 0.712529898
1586247667.350092 -154.570999146 -10.873458862 5.478184700 -0.035807073 -0.040259566 -0.699520767 0.712578297
1586247667.383092 -154.837265015 -10.882949829 5.487932205 -0.035498027 -0.040268350 -0.699452937 0.712659776
1586247667.416092 -155.123275757 -10.884689331 5.501727104 -0.035236984 -0.040161397 -0.699439406 0.712692022
1586247667.449092 -155.390075684 -10.894180298 5.511722565 -0.035092149 -0.040108394 -0.699338377 0.712801397
1586247667.482092 -155.657546997 -10.903366089 5.521275520 -0.035025124 -0.040367771 -0.699197590 0.712928116
1586247667.515092 -155.941040039 -10.908493042 5.533947945 -0.034526113 -0.040702648 -0.699079931 0.713048756
1586247667.548092 -156.209320068 -10.917984009 5.543025017 -0.034075946 -0.040939491 -0.698825836 0.713305950
1586247667.614092 -156.763092041 -10.934020996 5.563450813 -0.032894611 -0.041749436 -0.698242724 0.713885188
1586247667.647093 -157.031921387 -10.944122314 5.571614265 -0.032719072 -0.041869011 -0.697898984 0.714222252
1586247667.680093 -157.300903320 -10.954757690 5.579654694 -0.032645196 -0.041688681 -0.697497249 0.714628518
1586247667.713093 -157.569976807 -10.965652466 5.587737083 -0.032544434 -0.041732546 -0.697065711 0.715051591
1586247667.746093 -157.860733032 -10.972808838 5.601010323 -0.032256123 -0.042000003 -0.696667016 0.715437353
1586247667.779093 -158.130615234 -10.984512329 5.609563828 -0.032118794 -0.042141587 -0.696205676 0.715884268
1586247667.812093 -158.400833130 -10.996948242 5.618392944 -0.031831887 -0.042279787 -0.695705950 0.716374457
1586247667.845093 -158.671340942 -11.010299683 5.626626968 -0.031906541 -0.042303279 -0.695235908 0.716826022
1586247667.878093 -158.963104248 -11.018142700 5.638807297 -0.032155838 -0.041945338 -0.694682062 0.717372596
1586247667.911093 -159.233718872 -11.032791138 5.646080017 -0.031727400 -0.042098504 -0.694110036 0.717936218
1586247667.944093 -159.504501343 -11.047241211 5.652776718 -0.031891759 -0.041540071 -0.693453848 0.718595326
1586247667.977093 -159.792022705 -11.059478760 5.663350105 -0.031461865 -0.041559473 -0.692964554 0.719084918
1586247668.010093 -160.064422607 -11.075164795 5.671349525 -0.031377044 -0.041103397 -0.692352772 0.719703853
1586247668.043093 -160.337188721 -11.091629028 5.679538727 -0.031343788 -0.040761445 -0.691854000 0.720204353
1586247668.076093 -160.610321045 -11.108596802 5.688212395 -0.030688968 -0.040894911 -0.691263020 0.720792115
1586247668.109094 -160.903656006 -11.122100830 5.700486183 -0.030477554 -0.040735085 -0.690793514 0.721260071
1586247668.142094 -161.177947998 -11.140029907 5.709345818 -0.030101001 -0.040698234 -0.690268040 0.721780896
1586247668.175094 -161.452560425 -11.158279419 5.718255043 -0.029782802 -0.040657409 -0.689697385 0.722341657
1586247668.208094 -161.728698730 -11.176269531 5.727652550 -0.029750433 -0.040333465 -0.689170241 0.722864091
1586247668.241094 -162.022689819 -11.190689087 5.738258362 -0.029497743 -0.040396947 -0.688595057 0.723418832
1586247668.274094 -162.299484253 -11.209594727 5.746644020 -0.029276788 -0.040345244 -0.687979698 0.724015951
1586247668.307094 -162.576583862 -11.228775024 5.754822731 -0.029165473 -0.040269073 -0.687392294 0.724582374
1586247668.340094 -162.854766846 -11.248779297 5.762474060 -0.029015239 -0.040320072 -0.686816871 0.725131094
1586247668.373094 -163.149108887 -11.263931274 5.772708893 -0.029156029 -0.040198587 -0.686242938 0.725675344
1586247668.406094 -163.427398682 -11.284622192 5.780800819 -0.029222369 -0.039958943 -0.685706615 0.726192713
1586247668.439094 -163.705932617 -11.305984497 5.789129257 -0.029250592 -0.039603844 -0.685221791 0.726668537
1586247668.472095 -163.985046387 -11.328125000 5.797755241 -0.029195067 -0.039120682 -0.684751570 0.727140009
1586247668.505094 -164.280609131 -11.345748901 5.808882713 -0.028851151 -0.038767718 -0.684319377 0.727579355
1586247668.538095 -164.560958862 -11.369171143 5.818140984 -0.028533399 -0.038311724 -0.683971107 0.727943361
1586247668.571095 -164.841491699 -11.393218994 5.827598572 -0.028182417 -0.037674442 -0.683670163 0.728272974
1586247668.604095 -165.123489380 -11.416839600 5.837756157 -0.027840137 -0.037053026 -0.683477461 0.728498876
1586247668.637095 -165.418701172 -11.436508179 5.848045349 -0.027654439 -0.036316905 -0.683223367 0.728781343
1586247668.670095 -165.700683594 -11.460586548 5.857523918 -0.027550127 -0.035668012 -0.683108509 0.728924930
1586247668.703095 -165.983169556 -11.484497070 5.866973877 -0.027325176 -0.035195876 -0.683006585 0.729051828
1586247668.736095 -166.266250610 -11.508224487 5.876347065 -0.027291533 -0.034636911 -0.682951987 0.729131043
1586247668.769095 -166.563110352 -11.526885986 5.886217594 -0.027039768 -0.034369923 -0.682882845 0.729217827
1586247668.802095 -166.848159790 -11.550613403 5.895862103 -0.026642293 -0.034058735 -0.682881713 0.729248106
1586247668.835095 -167.134124756 -11.574508667 5.905549526 -0.026171446 -0.033701591 -0.682919979 0.729245961
1586247668.868095 -167.421661377 -11.597869873 5.915814400 -0.025498953 -0.033485182 -0.682987273 0.729216695
1586247668.901095 -167.719009399 -11.617233276 5.925132275 -0.024918348 -0.033379775 -0.683072984 0.729161263
1586247668.934096 -168.007034302 -11.640640259 5.935297012 -0.024308326 -0.033363309 -0.683203042 0.729060829
1586247668.967096 -168.295562744 -11.663604736 5.945463657 -0.023737401 -0.033486072 -0.683359981 0.728926897
1586247669.000096 -168.585754395 -11.685287476 5.955033779 -0.023343297 -0.033572357 -0.683573306 0.728735626
1586247669.033096 -168.883239746 -11.703536987 5.964214325 -0.022974789 -0.033892136 -0.683758318 0.728558898
1586247669.066096 -169.173873901 -11.725280762 5.973639011 -0.022514312 -0.034047958 -0.683938682 0.728396773
1586247669.099096 -169.465164185 -11.747009277 5.982854843 -0.021952389 -0.034260444 -0.684111536 0.728241622
1586247669.132096 -169.756805420 -11.769195557 5.991753578 -0.021217108 -0.034370661 -0.684262574 0.728116274
1586247669.165096 -170.055572510 -11.787918091 6.000010490 -0.020524086 -0.034330573 -0.684397042 0.728011668
1586247669.198096 -170.348098755 -11.810852051 6.008676529 -0.019852431 -0.034065612 -0.684589207 0.727862000
1586247669.231096 -170.640991211 -11.834030151 6.017226219 -0.019252658 -0.033713423 -0.684820175 0.727677166
1586247669.264096 -170.934799194 -11.856689453 6.024813175 -0.018812776 -0.033316091 -0.685007453 0.727530658
1586247669.297096 -171.232971191 -11.876052856 6.032540321 -0.018393725 -0.033242196 -0.685225964 0.727339029
1586247669.330096 -171.527313232 -11.898025513 6.040517807 -0.018105714 -0.033114638 -0.685409844 0.727178752
1586247669.363096 -171.821914673 -11.919387817 6.048396587 -0.017910002 -0.033012494 -0.685550988 0.727055252
1586247669.396096 -172.117874146 -11.939620972 6.055909157 -0.017858056 -0.032891899 -0.685697019 0.726924241
1586247669.429097 -172.416351318 -11.957778931 6.063758850 -0.017979860 -0.032758109 -0.685802579 0.726827621
1586247669.462097 -172.712631226 -11.977951050 6.071403980 -0.018045602 -0.032594793 -0.685948730 0.726695478
1586247669.495097 -173.009338379 -11.998336792 6.079059124 -0.018081158 -0.032366365 -0.686114848 0.726548016
1586247669.528097 -173.307205200 -12.019226074 6.086721897 -0.017935663 -0.032083899 -0.686272323 0.726415396
1586247669.561097 -173.607025146 -12.038299561 6.094282627 -0.017474892 -0.031520959 -0.686479926 0.726255119
1586247669.594097 -173.905456543 -12.060882568 6.101756573 -0.017011227 -0.030816110 -0.686688006 0.726099610
1586247669.627097 -174.204574585 -12.083236694 6.109229088 -0.016615722 -0.030244343 -0.686858892 0.725971222
1586247669.660097 -174.505630493 -12.105346680 6.116266727 -0.016410649 -0.029747395 -0.687039256 0.725825608
1586247669.693097 -174.806701660 -12.124160767 6.124397755 -0.015995206 -0.029521817 -0.687188089 0.725703239
1586247669.726097 -175.108322144 -12.145767212 6.132180214 -0.015563458 -0.029262021 -0.687300086 0.725617051
1586247669.759097 -175.410552979 -12.166748047 6.140096188 -0.015205234 -0.029098695 -0.687406778 0.725530148
1586247669.792098 -175.713394165 -12.184661865 6.148624897 -0.014899760 -0.029118493 -0.687507212 0.725440621
1586247669.825098 -176.016784668 -12.204330444 6.156758785 -0.014859585 -0.029083060 -0.687587798 0.725366414
1586247669.858098 -176.320663452 -12.223785400 6.164813519 -0.014741210 -0.029118305 -0.687666953 0.725292385
1586247669.891098 -176.624069214 -12.241027832 6.172878265 -0.014838396 -0.029062796 -0.687770903 0.725194037
1586247669.924098 -176.928466797 -12.260650635 6.180490971 -0.014970420 -0.028868452 -0.687927186 0.725050867
1586247669.957098 -177.233520508 -12.280151367 6.188096523 -0.015028296 -0.028909072 -0.688103974 0.724880278
1586247669.990098 -177.540023804 -12.299713135 6.195940495 -0.015256016 -0.028688759 -0.688304186 0.724694192
1586247670.023098 -177.843475342 -12.315109253 6.204246998 -0.015488654 -0.028518809 -0.688467026 0.724541187
1586247670.056098 -178.150238037 -12.334213257 6.212010384 -0.015572727 -0.028491128 -0.688599646 0.724414468
1586247670.089098 -178.457397461 -12.353088379 6.219985962 -0.015811622 -0.028435109 -0.688727617 0.724289775
1586247670.188099 -179.379241943 -12.404113770 6.244062424 -0.016232880 -0.028146351 -0.689199388 0.723842919
1586247670.221098 -179.689376831 -12.422805786 6.251771450 -0.016119061 -0.028452327 -0.689290822 0.723746359
1586247670.254099 -180.000244141 -12.441207886 6.259559631 -0.016137332 -0.028590355 -0.689398348 0.723638117
1586247670.287099 -180.312606812 -12.459152222 6.268469334 -0.016073229 -0.028848333 -0.689558148 0.723477066
1586247670.320099 -180.620513916 -12.472991943 6.276695728 -0.015879693 -0.029294217 -0.689672351 0.723354518
1586247670.353099 -180.933319092 -12.490768433 6.285149097 -0.015837254 -0.029616607 -0.689748287 0.723269939
1586247670.386099 -181.246505737 -12.508346558 6.293583393 -0.015927168 -0.029920492 -0.689845145 0.723163068
1586247670.419099 -181.556701660 -12.522232056 6.301957130 -0.016026855 -0.030331779 -0.689906597 0.723085046
1586247670.452099 -181.870910645 -12.539260864 6.310256958 -0.016319396 -0.030513398 -0.689967334 0.723012984
1586247670.485099 -182.185470581 -12.556594849 6.318480492 -0.016474754 -0.030761303 -0.690003037 0.722964823
1586247670.518099 -182.500244141 -12.574447632 6.326652050 -0.016630560 -0.030794026 -0.690036416 0.722928047
1586247670.551099 -182.809127808 -12.588714600 6.334492683 -0.016715676 -0.030681962 -0.690030456 0.722936511
1586247670.584099 -183.124633789 -12.607223511 6.342537403 -0.016896755 -0.030514719 -0.690004110 0.722964525
1586247670.617100 -183.440460205 -12.626007080 6.350501060 -0.017195344 -0.030274196 -0.689974666 0.722995698
1586247670.650100 -183.766418457 -12.645736694 6.359076023 -0.017561316 -0.029906601 -0.689959526 0.723016620
1586247670.683100 -184.082992554 -12.665084839 6.367092609 -0.017773090 -0.029562602 -0.689894259 0.723087907
1586247670.716100 -184.399826050 -12.683990479 6.375202656 -0.018245876 -0.029250192 -0.689829171 0.723150969
1586247670.749100 -184.696807861 -12.696441650 6.383378983 -0.018441260 -0.029215386 -0.689781010 0.723193407
1586247670.782100 -185.015151978 -12.715698242 6.392049789 -0.018602936 -0.029071251 -0.689670861 0.723300040
1586247670.815100 -185.334014893 -12.735168457 6.401162148 -0.018730460 -0.028885299 -0.689596832 0.723374784
1586247670.848100 -185.654434204 -12.753723145 6.410851002 -0.018740563 -0.028697666 -0.689517081 0.723457992
1586247670.881100 -185.965530396 -12.770858765 6.420798302 -0.018615305 -0.028664462 -0.689448714 0.723527670
1586247670.914100 -186.286651611 -12.790634155 6.430294991 -0.018493325 -0.028550267 -0.689385593 0.723595500
1586247670.947100 -186.608413696 -12.810546875 6.439622879 -0.018300802 -0.028528346 -0.689309359 0.723673940
1586247670.980100 -186.923797607 -12.828598022 6.449295044 -0.018057168 -0.028457312 -0.689238012 0.723750710
1586247671.013101 -187.246658325 -12.848281860 6.458776474 -0.017861426 -0.028625924 -0.689149499 0.723833203
1586247671.046100 -187.569961548 -12.867980957 6.468382359 -0.017505141 -0.028901935 -0.688995063 0.723977983
1586247671.079101 -187.887435913 -12.885772705 6.478168964 -0.017194510 -0.028993446 -0.688890934 0.724080801
1586247671.112101 -188.211624146 -12.905578613 6.487814903 -0.016952574 -0.029177507 -0.688740253 0.724222481
1586247671.145101 -188.536026001 -12.925369263 6.497407436 -0.016777992 -0.029379429 -0.688590050 0.724361181
1586247671.178101 -188.854354858 -12.943145752 6.507208824 -0.016822906 -0.029291671 -0.688544452 0.724407077
1586247671.211101 -189.178909302 -12.963577271 6.516446590 -0.016677916 -0.029292466 -0.688431859 0.724517405
1586247671.244101 -189.503555298 -12.984298706 6.525540352 -0.016755553 -0.029061938 -0.688347399 0.724605143
1586247671.277101 -189.823425293 -13.002929688 6.534740448 -0.016643286 -0.029045502 -0.688330650 0.724624217
1586247671.310101 -190.148910522 -13.024169922 6.543662071 -0.016595811 -0.028714646 -0.688261509 0.724704266
1586247671.343101 -190.474655151 -13.045562744 6.552577496 -0.016713649 -0.028281087 -0.688213706 0.724763989
1586247671.376101 -190.795623779 -13.065002441 6.561795712 -0.016627312 -0.028158983 -0.688117385 0.724862158
1586247671.409101 -191.122253418 -13.085983276 6.571050644 -0.016768692 -0.027826641 -0.688068449 0.724918187
1586247671.442101 -191.449417114 -13.106918335 6.580472469 -0.016760498 -0.027671101 -0.688014984 0.724975109
1586247671.475101 -191.772155762 -13.126815796 6.590022564 -0.016858222 -0.027760141 -0.687936127 0.725044191
1586247671.508102 -192.099975586 -13.147216797 6.599463940 -0.017041296 -0.027622601 -0.687887788 0.725090981
1586247671.541101 -192.428619385 -13.167816162 6.609100342 -0.016888827 -0.027697539 -0.687832832 0.725143909
1586247671.574102 -192.753952026 -13.188995361 6.619772434 -0.016905963 -0.027560623 -0.687662482 0.725310326
1586247671.607102 -193.083343506 -13.210601807 6.629584789 -0.016656695 -0.027395517 -0.687585771 0.725395024
1586247671.640102 -193.413192749 -13.232208252 6.639428616 -0.016440509 -0.027342668 -0.687486351 0.725496113
1586247671.673102 -193.741333008 -13.253372192 6.650074005 -0.016331136 -0.027339887 -0.687375844 0.725603461
1586247671.706102 -194.071685791 -13.275070190 6.659633160 -0.016081870 -0.027438188 -0.687289953 0.725686669
1586247671.739102 -194.402297974 -13.296585083 6.668834209 -0.016166657 -0.027393362 -0.687211215 0.725760996
1586247671.772102 -194.732742310 -13.317214966 6.679606438 -0.016107261 -0.027442630 -0.687070370 0.725893855
1586247671.805102 -195.064224243 -13.338775635 6.688948154 -0.016030669 -0.027476763 -0.686969817 0.725989461
1586247671.838102 -195.396072388 -13.360595703 6.698347569 -0.015942363 -0.027425447 -0.686886728 0.726071894
1586247671.871103 -195.729141235 -13.381774902 6.709341049 -0.015814751 -0.027546883 -0.686751604 0.726197839
1586247671.904103 -196.061691284 -13.403717041 6.718390465 -0.015590549 -0.027589533 -0.686666131 0.726281941
1586247671.937103 -196.394515991 -13.425994873 6.727361202 -0.015513001 -0.027459104 -0.686632276 0.726320505
1586247671.970103 -196.730255127 -13.448043823 6.737751961 -0.015316844 -0.027437378 -0.686624646 0.726332784
1586247672.003103 -197.063644409 -13.470230103 6.746370316 -0.015291929 -0.027330117 -0.686620116 0.726341605
1586247672.036103 -197.397460938 -13.492401123 6.755172253 -0.015194386 -0.027252151 -0.686626911 0.726340115
1586247672.069103 -197.736007690 -13.514846802 6.766185284 -0.014926910 -0.027139936 -0.686671078 0.726308107
1586247672.102103 -198.070495605 -13.537353516 6.775219440 -0.014720768 -0.026911972 -0.686763346 0.726233602
1586247672.135103 -198.405441284 -13.559570312 6.784245014 -0.014537781 -0.026785014 -0.686883211 0.726128578
1586247672.168103 -198.746887207 -13.580535889 6.795680046 -0.014355332 -0.026827781 -0.687083244 0.725941300
1586247672.201103 -199.082473755 -13.601852417 6.804489613 -0.014311163 -0.026800064 -0.687276065 0.725760698
1586247672.234103 -199.418182373 -13.622879028 6.813004494 -0.014507800 -0.026698431 -0.687477767 0.725569487
1586247672.267103 -199.761611938 -13.642395020 6.824006081 -0.014592024 -0.026906969 -0.687708616 0.725341260
1586247672.300103 -200.098312378 -13.662887573 6.832529545 -0.014670879 -0.026973961 -0.687872112 0.725182176
1586247672.333104 -200.435104370 -13.683212280 6.841244221 -0.014685601 -0.027005129 -0.688015997 0.725044131
1586247672.366104 -200.780914307 -13.702011108 6.852713585 -0.014672160 -0.026995424 -0.688206494 0.724864066
1586247672.399104 -201.118591309 -13.721618652 6.861418724 -0.014804661 -0.027163355 -0.688355923 0.724713206
1586247672.432104 -201.456481934 -13.741043091 6.870035648 -0.014975755 -0.027382603 -0.688521683 0.724543869
1586247672.465104 -201.794555664 -13.760192871 6.878310204 -0.015068648 -0.027560983 -0.688672245 0.724392116
1586247672.498104 -202.145568848 -13.777725220 6.890902042 -0.015320867 -0.027663013 -0.688810110 0.724251747
1586247672.531104 -202.484436035 -13.797302246 6.899395466 -0.015204310 -0.027754590 -0.688964725 0.724103689
1586247672.564104 -202.829971313 -13.816024780 6.910225391 -0.015170157 -0.027779266 -0.689137816 0.723938704
1586247672.597104 -203.169052124 -13.836257935 6.918824673 -0.015106589 -0.027550621 -0.689297795 0.723796487
1586247672.630104 -203.508316040 -13.856719971 6.927553654 -0.014987946 -0.027280858 -0.689464688 0.723650157
1586247672.663104 -203.847824097 -13.877807617 6.936344624 -0.014883250 -0.027039977 -0.689704835 0.723432541
1586247672.696105 -204.201721191 -13.894714355 6.949912071 -0.014730247 -0.026842482 -0.689910591 0.723246753
1586247672.729104 -204.541381836 -13.914779663 6.958259106 -0.014737698 -0.026611388 -0.690083265 0.723090470
1586247672.762105 -204.881164551 -13.934707642 6.966693401 -0.014798761 -0.026382124 -0.690259457 0.722929418
1586247672.795105 -205.221328735 -13.953643799 6.975961685 -0.014865340 -0.026064182 -0.690405667 0.722799957
1586247672.828105 -205.577377319 -13.970108032 6.989717484 -0.014912785 -0.025985207 -0.690613389 0.722603381
1586247672.861105 -205.918197632 -13.988861084 6.998629093 -0.015025496 -0.025878781 -0.690773964 0.722451329
1586247672.894105 -206.259185791 -14.007598877 7.007649899 -0.014897914 -0.025894294 -0.690914929 0.722318649
1586247672.927105 -206.613220215 -14.024246216 7.020389557 -0.014918865 -0.025782553 -0.691070616 0.722173274
1586247672.960105 -206.954696655 -14.042739868 7.029459000 -0.014922232 -0.025690390 -0.691240609 0.722013772
1586247672.993105 -207.296630859 -14.061141968 7.038420200 -0.014797986 -0.025768777 -0.691391945 0.721868575
1586247673.026105 -207.652359009 -14.077148438 7.050679207 -0.014732659 -0.025876403 -0.691615224 0.721652150
1586247673.059105 -207.995025635 -14.095367432 7.059785366 -0.014372168 -0.026017217 -0.691746175 0.721528828
1586247673.092105 -208.337783813 -14.113342285 7.069106579 -0.014042614 -0.026191706 -0.691911757 0.721370161
1586247673.125105 -208.695297241 -14.129058838 7.081557274 -0.013855962 -0.026532680 -0.692065358 0.721213996
1586247673.158106 -209.038528442 -14.146469116 7.090339661 -0.013641149 -0.026721889 -0.692213297 0.721069098
1586247673.191106 -209.381698608 -14.163772583 7.098917484 -0.013525365 -0.026720274 -0.692385614 0.720905900
1586247673.224106 -209.739639282 -14.179138184 7.110994339 -0.013440698 -0.027036015 -0.692533135 0.720753968
1586247673.257106 -210.082916260 -14.196182251 7.119559765 -0.013132781 -0.027369902 -0.692667842 0.720617652
1586247673.290106 -210.426086426 -14.213256836 7.127868176 -0.013249904 -0.027263962 -0.692827702 0.720465779
1586247673.323106 -210.785156250 -14.227890015 7.139266014 -0.013313920 -0.027319172 -0.692954183 0.720340908
1586247673.356106 -211.128479004 -14.244735718 7.147205353 -0.013284175 -0.027323561 -0.693111360 0.720189989
1586247673.389106 -211.471725464 -14.261352539 7.155032635 -0.013349801 -0.027273292 -0.693281412 0.720026970
1586247673.422106 -211.831832886 -14.275909424 7.166200638 -0.013269395 -0.027472926 -0.693480015 0.719829679
1586247673.455106 -212.175140381 -14.292160034 7.173797607 -0.013459710 -0.027262310 -0.693651557 0.719668806
1586247673.488106 -212.518676758 -14.308425903 7.181513786 -0.013439951 -0.027224213 -0.693802893 0.719524682
1586247673.521106 -212.879241943 -14.322952271 7.193083763 -0.013700515 -0.027058015 -0.693937898 0.719395876
1586247673.554106 -213.223098755 -14.338775635 7.201317310 -0.013802139 -0.026891483 -0.694086194 0.719257057
1586247673.587106 -213.567199707 -14.354064941 7.209666729 -0.013798118 -0.026978176 -0.694217980 0.719126701
1586247673.620106 -213.928909302 -14.367523193 7.220856667 -0.013917863 -0.027247015 -0.694433451 0.718906164
1586247673.653107 -214.273361206 -14.382492065 7.228915215 -0.013931332 -0.027414745 -0.694575846 0.718761981
1586247673.686107 -214.617645264 -14.397125244 7.236997604 -0.014033139 -0.027494859 -0.694715738 0.718621731
1586247673.719107 -214.980072021 -14.409561157 7.248329163 -0.014268428 -0.027713062 -0.694879174 0.718450725
1586247673.752107 -215.324493408 -14.424118042 7.256875038 -0.014188645 -0.027916159 -0.695008755 0.718318999
1586247673.785107 -215.668945312 -14.438522339 7.265544891 -0.014231263 -0.027987041 -0.695168197 0.718161166
1586247673.818107 -216.031768799 -14.450393677 7.277007103 -0.014096201 -0.028292079 -0.695336521 0.717988908
1586247673.851107 -216.376296997 -14.464508057 7.285621643 -0.014078200 -0.028566370 -0.695488930 0.717830777
1586247673.884107 -216.720581055 -14.478057861 7.294046402 -0.014285624 -0.028803233 -0.695646644 0.717664361
1586247673.917107 -217.082824707 -14.488372803 7.305188179 -0.014571130 -0.028999830 -0.695794165 0.717507601
1586247673.950107 -217.426742554 -14.501586914 7.313158035 -0.014918745 -0.029051123 -0.695965886 0.717331886
1586247673.983108 -217.770584106 -14.514816284 7.321392059 -0.014991850 -0.029207673 -0.696110308 0.717183888
1586247674.016108 -218.132965088 -14.525054932 7.332385063 -0.015054613 -0.029339205 -0.696274400 0.717017770
1586247674.049108 -218.476699829 -14.538406372 7.341045380 -0.014928818 -0.029348018 -0.696441531 0.716857791
1586247674.115108 -219.182739258 -14.560974121 7.360077858 -0.014908224 -0.029479302 -0.696917295 0.716390312
1586247674.148108 -219.526351929 -14.573318481 7.368263245 -0.014903724 -0.029628953 -0.697211623 0.716097832
1586247674.181108 -219.869689941 -14.584838867 7.376122475 -0.014955878 -0.029878177 -0.697528958 0.715777278
1586247674.214108 -220.231735229 -14.593338013 7.386348724 -0.014940500 -0.030148011 -0.697887421 0.715416670
1586247674.247108 -220.575134277 -14.604812622 7.394536972 -0.014690101 -0.030273113 -0.698286057 0.715027452
1586247674.280108 -220.918289185 -14.615737915 7.402833939 -0.014502853 -0.030380823 -0.698752284 0.714571118
1586247674.313108 -221.280273438 -14.622497559 7.413082123 -0.014545561 -0.030443242 -0.699291885 0.714039624
1586247674.346108 -221.623413086 -14.632293701 7.421124458 -0.014279693 -0.030724721 -0.699872136 0.713464141
1586247674.379108 -221.966308594 -14.641479492 7.428893089 -0.014118315 -0.030887691 -0.700502038 0.712841928
1586247674.412109 -222.327545166 -14.646209717 7.438254356 -0.014074475 -0.031011019 -0.701139092 0.712210834
1586247674.445108 -222.670181274 -14.653915405 7.445613861 -0.013993174 -0.031259723 -0.701742589 0.711606920
1586247674.478109 -223.012573242 -14.660873413 7.453207970 -0.014117807 -0.031254180 -0.702347994 0.711007237
1586247674.511109 -223.373046875 -14.663192749 7.462613106 -0.014231294 -0.031353157 -0.702952147 0.710403204
1586247674.544109 -223.715393066 -14.668899536 7.470294952 -0.014470816 -0.031396363 -0.703539550 0.709814787
1586247674.577109 -224.057373047 -14.673675537 7.477838516 -0.014872313 -0.031518932 -0.704128563 0.709216714
1586247674.610109 -224.417175293 -14.672348022 7.487106323 -0.015171141 -0.031878706 -0.704673827 0.708652556
1586247674.643109 -224.758850098 -14.675720215 7.494366646 -0.015692681 -0.031897686 -0.705241203 0.708075643
1586247674.676109 -225.100402832 -14.678421021 7.501424789 -0.016269088 -0.031782541 -0.705825925 0.707484961
1586247674.709109 -225.459869385 -14.675765991 7.510427475 -0.016417712 -0.031903297 -0.706359148 0.706943750
1586247674.742109 -225.801681519 -14.678375244 7.517969131 -0.016815037 -0.031757288 -0.706904590 0.706395566
1586247674.775109 -226.143554688 -14.680786133 7.525623322 -0.016856194 -0.031841118 -0.707472205 0.705822349
1586247674.808109 -226.503005981 -14.676620483 7.534891129 -0.016851427 -0.031918302 -0.707999170 0.705290377
1586247674.841110 -226.845199585 -14.678497314 7.542688370 -0.017030627 -0.031684097 -0.708581805 0.704711199
1586247674.874110 -227.187454224 -14.679962158 7.550537109 -0.016929954 -0.031777699 -0.709107757 0.704180300
1586247674.907110 -227.533554077 -14.679351807 7.558451653 -0.017104208 -0.031849377 -0.709645450 0.703630924
1586247674.940110 -227.875946045 -14.679244995 7.566208839 -0.017158210 -0.032163549 -0.710131764 0.703124523
1586247674.973110 -228.217926025 -14.678695679 7.574127197 -0.017207501 -0.032456864 -0.710590422 0.702646196
1586247675.006110 -228.589736938 -14.665817261 7.585929871 -0.017620534 -0.032519124 -0.711023688 0.702194691
1586247675.039110 -228.931671143 -14.663772583 7.593803406 -0.017773330 -0.032792740 -0.711464167 0.701731801
1586247675.072110 -229.273330688 -14.661193848 7.601550102 -0.017953215 -0.033122871 -0.711872160 0.701297760
1586247675.105110 -229.631210327 -14.652130127 7.611378670 -0.018275917 -0.033273153 -0.712277353 0.700870812
1586247675.138110 -229.972686768 -14.648834229 7.618812561 -0.018587530 -0.033506703 -0.712677956 0.700444102
1586247675.171110 -230.313903809 -14.645446777 7.626151085 -0.018887967 -0.033672553 -0.713088989 0.700009704
1586247675.204110 -230.656234741 -14.642227173 7.634006500 -0.019119412 -0.033671685 -0.713445425 0.699640155
1586247675.237111 -231.017501831 -14.630279541 7.644578934 -0.019002797 -0.033679586 -0.713764906 0.699317038
1586247675.270110 -231.358825684 -14.626892090 7.652354240 -0.018985510 -0.033696190 -0.714106679 0.698967695
1586247675.303111 -231.699981689 -14.623275757 7.660441399 -0.018987894 -0.033719599 -0.714458644 0.698606670
1586247675.336111 -232.056365967 -14.612564087 7.670686722 -0.018797755 -0.033688419 -0.714852929 0.698209882
1586247675.369111 -232.397033691 -14.608581543 7.678492546 -0.018958777 -0.033551008 -0.715207636 0.697848856
1586247675.402111 -232.737609863 -14.604187012 7.686218262 -0.019020053 -0.033549719 -0.715527356 0.697519481
1586247675.435111 -233.093719482 -14.592407227 7.696398735 -0.018883169 -0.033755060 -0.715877652 0.697153687
1586247675.468111 -233.434158325 -14.587295532 7.704500198 -0.018998682 -0.033631403 -0.716191590 0.696834087
1586247675.501111 -233.774368286 -14.581436157 7.712615967 -0.019088179 -0.033741225 -0.716505170 0.696503818
1586247675.534111 -234.115325928 -14.574630737 7.720231056 -0.019384531 -0.033960521 -0.716831326 0.696149290
1586247675.567111 -234.475891113 -14.558731079 7.730787277 -0.019476475 -0.034547247 -0.717106521 0.695834339
1586247675.600111 -234.816925049 -14.549987793 7.737443924 -0.019904494 -0.035499882 -0.717423201 0.695447803
1586247675.633111 -235.157379150 -14.541229248 7.744218826 -0.020190507 -0.036272626 -0.717719018 0.695094347
1586247675.666111 -235.512496948 -14.526763916 7.754462242 0.020168722 0.036248438 0.718068480 -0.694735169
1586247675.699111 -235.852478027 -14.519653320 7.762431145 0.019598216 0.036440935 0.718280613 -0.694522083
1586247675.732112 -236.191848755 -14.512832642 7.770579338 0.019712508 0.035959613 0.718574822 -0.694239557
1586247675.765111 -236.545639038 -14.499832153 7.781574249 0.019863725 0.035309665 0.718909025 -0.693922520
1586247675.798112 -236.885223389 -14.491668701 7.789768219 0.019760430 0.035660736 0.719169021 -0.693638146
1586247675.831112 -237.224197388 -14.482543945 7.797454834 0.020384727 0.035805121 0.719407141 -0.693365574
1586247675.864112 -237.576705933 -14.467666626 7.806801796 0.021016480 0.036047816 0.719733715 -0.692995191
1586247675.897112 -237.914047241 -14.456176758 7.812011719 0.021971792 0.036215711 0.719855666 -0.692830086
1586247675.930112 -238.251159668 -14.444732666 7.817651749 0.023346007 0.035931859 0.720082700 -0.692563891
1586247675.963112 -238.589935303 -14.432952881 7.825090408 -0.023311228 -0.036300447 -0.720256805 0.692364812
1586247675.996112 -238.947631836 -14.415725708 7.837815285 0.023244144 0.036636665 0.720557749 -0.692036211
1586247676.029112 -239.286041260 -14.404083252 7.845668793 0.023286849 0.037309662 0.720812201 -0.691733718
1586247676.062112 -239.624237061 -14.392211914 7.853781700 0.023191750 0.038248133 0.721073389 -0.691413403
1586247676.095113 -239.977249146 -14.375579834 7.865258217 0.023420274 0.038702309 0.721415401 -0.691023529
1586247676.128113 -240.314666748 -14.363021851 7.873060226 0.023734868 0.039156914 0.721660316 -0.690731406
1586247676.161113 -240.651763916 -14.350540161 7.880562782 0.023690339 0.039607536 0.721867263 -0.690490901
1586247676.194113 -241.003463745 -14.334075928 7.891246796 0.023817718 0.039633635 0.722149968 -0.690189362
1586247676.227113 -241.339675903 -14.321044922 7.898739815 0.023858096 0.039982650 0.722342849 -0.689965963
1586247676.260113 -241.675231934 -14.307723999 7.906092644 0.024148881 0.040160552 0.722563982 -0.689713955
1586247676.293113 -242.025238037 -14.290634155 7.915185928 0.024598420 0.040226527 0.722769618 -0.689478695
1586247676.326113 -242.359802246 -14.276550293 7.921839714 0.025087446 0.040391386 0.722967863 -0.689243615
1586247676.359113 -242.693847656 -14.262283325 7.928444862 0.025880005 0.040302381 0.723161519 -0.689016283
1586247676.392113 -243.042663574 -14.244476318 7.937034607 0.026482612 0.040445205 0.723317504 -0.688821197
1586247676.425113 -243.376586914 -14.229431152 7.943810463 0.026981056 0.040762018 0.723382652 -0.688714802
1586247676.458113 -243.710067749 -14.214492798 7.950925827 0.027546138 0.040811289 0.723418474 -0.688651919
1586247676.491113 -244.058227539 -14.197189331 7.960262299 0.028040051 0.041049000 0.723468602 -0.688565135
1586247676.524113 -244.391632080 -14.181900024 7.967985153 0.028680027 0.041284353 0.723405719 -0.688590765
1586247676.557114 -244.724868774 -14.166900635 7.975986481 0.029198408 0.041576061 0.723289728 -0.688673258
1586247676.590114 -245.072708130 -14.150421143 7.985816002 0.029330701 0.041936319 0.723089099 -0.688856483
1586247676.623114 -245.405487061 -14.136047363 7.994153976 0.029694766 0.042229451 0.722854555 -0.689069152
1586247676.656114 -245.737930298 -14.122100830 8.002671242 0.029883236 0.042653542 0.722548008 -0.689356327
1586247676.689114 -246.084625244 -14.107788086 8.012403488 0.030040085 0.042772472 0.722265661 -0.689637899
1586247676.722114 -246.416473389 -14.094818115 8.021142960 0.030175418 0.042929001 0.721884668 -0.690021157
1586247676.755114 -246.747634888 -14.082550049 8.030103683 0.030132949 0.043094557 0.721503377 -0.690411329
1586247676.788114 -247.078811646 -14.071136475 8.039502144 -0.030142602 -0.043207534 -0.721138358 0.690785110
1586247676.821114 -247.428039551 -14.059112549 8.049139023 0.030131072 0.043156356 0.720836043 -0.691104293
1586247676.854114 -247.757568359 -14.048217773 8.057945251 0.030234367 0.043193400 0.720464170 -0.691485167
1586247676.887114 -248.086608887 -14.037567139 8.066485405 0.030519065 0.043114979 0.720127821 -0.691827714
1586247676.920115 -248.429702759 -14.026916504 8.075524330 0.030673832 0.043145765 0.719805300 -0.692154527
1586247676.953114 -248.757904053 -14.016937256 8.084122658 0.030687600 0.043091856 0.719439507 -0.692537487
1586247676.986115 -249.085723877 -14.007263184 8.092748642 0.030798998 0.042970635 0.719094932 -0.692897856
1586247677.019115 -249.427215576 -13.998474121 8.102046967 0.030780196 0.042908221 0.718741655 -0.693269014
1586247677.052115 -249.754241943 -13.988800049 8.110865593 0.030875295 0.042936996 0.718410373 -0.693606377
1586247677.085115 -250.080718994 -13.979156494 8.119794846 0.031091150 0.043008279 0.718101919 -0.693911552
1586247677.118115 -250.420013428 -13.971160889 8.128741264 0.031346712 0.043064188 0.717832863 -0.694174945
1586247677.151115 -250.745788574 -13.961822510 8.137881279 0.031636450 0.043113653 0.717520416 -0.694481671
1586247677.184115 -251.071411133 -13.952911377 8.147294044 0.031586472 0.043339394 0.717187345 -0.694813907
1586247677.217115 -251.408416748 -13.946197510 8.156237602 0.031521350 0.043437619 0.716847420 -0.695161462
1586247677.250115 -251.733337402 -13.937988281 8.165630341 0.031564888 0.043387566 0.716514766 -0.695505440
1586247677.283115 -252.057907104 -13.930023193 8.175128937 0.031589538 0.043510318 0.716174901 -0.695846677
1586247677.316115 -252.381835938 -13.921936035 8.184550285 0.031727701 0.043705296 0.715831161 -0.696181774
1586247677.349115 -252.719085693 -13.917144775 8.193420410 0.031740040 0.043885078 0.715651572 -0.696354508
1586247677.382115 -253.041946411 -13.909851074 8.202665329 0.031712770 0.044017993 0.715332866 -0.696674705
1586247677.415116 -253.364135742 -13.902404785 8.211861610 0.031900644 0.044118304 0.714977503 -0.697024524
1586247677.448115 -253.694641113 -13.898254395 8.220731735 0.031928241 0.044297561 0.714645505 -0.697352290
1586247677.481116 -254.016128540 -13.892059326 8.230098724 0.031879183 0.044328347 0.714249194 -0.697758496
1586247677.514116 -254.336730957 -13.886444092 8.239637375 0.031902879 0.044227395 0.713902533 -0.698118448
1586247677.547116 -254.657775879 -13.881561279 8.249202728 -0.031832427 -0.044211507 -0.713521779 0.698511839
1586247677.580116 -254.985153198 -13.880218506 8.257919312 0.031836662 0.044225119 0.713082135 -0.698959529
1586247677.613116 -255.304077148 -13.875915527 8.267420769 0.031917185 0.044213124 0.712628484 -0.699419200
1586247677.646116 -255.622100830 -13.871826172 8.276817322 0.031984299 0.044242963 0.712108374 -0.699943781
1586247677.679116 -255.940841675 -13.868743896 8.285817146 -0.032150000 -0.044162963 -0.711588860 0.700469494
1586247677.712116 -256.261566162 -13.869537354 8.294322014 0.032134920 0.044181459 0.710955858 -0.701111317
1586247677.745116 -256.577911377 -13.867523193 8.304031372 0.031894084 0.044322360 0.710358202 -0.701718986
1586247677.778116 -256.893432617 -13.866180420 8.313858032 0.031674415 0.044285305 0.709793866 -0.702302098
1586247677.811116 -257.208618164 -13.867828369 8.322632790 0.031358093 0.044451449 0.709246159 -0.702858925
1586247677.844116 -257.522399902 -13.867431641 8.332607269 0.031146973 0.044502918 0.708717942 -0.703397632
1586247677.877117 -257.835052490 -13.867584229 8.342527390 0.030958500 0.044486817 0.708222926 -0.703905404
1586247677.910117 -258.146911621 -13.868896484 8.352100372 -0.030677821 -0.044510208 -0.707777798 0.704363763
1586247677.943117 -258.452728271 -13.873321533 8.360237122 -0.030538231 -0.044487715 -0.707268417 0.704882741
1586247677.976117 -258.761718750 -13.874969482 8.370052338 -0.030302793 -0.044432096 -0.706783175 0.705382943
1586247678.009117 -259.069305420 -13.877227783 8.379895210 -0.030169308 -0.044148508 -0.706292987 0.705897331
1586247678.042117 -259.368988037 -13.882598877 8.388535500 -0.030198904 -0.043837491 -0.705739439 0.706468880
1586247678.075117 -259.674102783 -13.885894775 8.398545265 -0.030139327 -0.043530308 -0.705231905 0.706997037
1586247678.108117 -259.977996826 -13.889465332 8.408443451 -0.030246463 -0.043110359 -0.704743743 0.707504690
1586247678.141117 -260.281311035 -13.893371582 8.418935776 -0.030470252 -0.042704523 -0.704264879 0.707996488
1586247678.174117 -260.568542480 -13.899536133 8.426145554 -0.030758560 -0.042577215 -0.703699172 0.708553910
1586247678.207117 -260.869628906 -13.903808594 8.435839653 -0.031192299 -0.042180948 -0.703203082 0.709050953
1586247678.240118 -261.169860840 -13.908111572 8.445617676 -0.031526715 -0.041893452 -0.702681541 0.709570050
1586247678.273118 -261.470367432 -13.913055420 8.455527306 -0.031773742 -0.041491862 -0.702218711 0.710040689
1586247678.306118 -261.748199463 -13.920867920 8.462933540 -0.031911675 -0.041377988 -0.701635003 0.710617959
1586247678.339118 -262.046966553 -13.926910400 8.473581314 -0.031784806 -0.041268952 -0.701113522 0.711144507
1586247678.372118 -262.345001221 -13.933349609 8.484498024 -0.031629834 -0.041224200 -0.700608671 0.711651385
1586247678.405118 -262.622741699 -13.941772461 8.493434906 -0.031470779 -0.041299064 -0.700108349 0.712146342
1586247678.438118 -262.919433594 -13.949829102 8.504761696 -0.031232059 -0.041255280 -0.699668825 0.712591171
1586247678.471118 -263.215057373 -13.958465576 8.516120911 -0.030978829 -0.041179344 -0.699248791 0.713018715
1586247678.504118 -263.510589600 -13.967712402 8.527196884 -0.030809224 -0.041191928 -0.698814034 0.713451445
1586247678.537118 -263.772186279 -13.975006104 8.535215378 -0.030566813 -0.041258585 -0.698389232 0.713873923
1586247678.570118 -264.064880371 -13.984893799 8.545982361 -0.030216008 -0.041063786 -0.698003411 0.714277267
1586247678.603118 -264.356628418 -13.994934082 8.556676865 -0.029840589 -0.040893927 -0.697640181 0.714657605
1586247678.636118 -264.647399902 -14.005035400 8.567267418 -0.029720576 -0.040608950 -0.697330534 0.714981019
1586247678.669118 -264.898223877 -14.012969971 8.574514389 -0.029753000 -0.040427253 -0.697071850 0.715242147
1586247678.702119 -265.186950684 -14.022918701 8.584567070 -0.029674023 -0.040287547 -0.696848750 0.715470731
1586247678.735119 -265.474334717 -14.032714844 8.594599724 -0.029685497 -0.040173531 -0.696670055 0.715650558
1586247678.768119 -265.761901855 -14.042358398 8.604279518 -0.029666003 -0.040171303 -0.696502984 0.715814173
1586247678.801119 -266.000549316 -14.049896240 8.611402512 -0.029905142 -0.040091485 -0.696280062 0.716025472
1586247678.834119 -266.285247803 -14.059295654 8.621114731 -0.029950798 -0.040217016 -0.696087956 0.716203272
1586247678.867119 -266.568969727 -14.068634033 8.630935669 -0.029980659 -0.040369891 -0.695900083 0.716376007
1586247678.900119 -266.852172852 -14.079132080 8.640318871 -0.030035498 -0.040527955 -0.695782900 0.716478646
1586247678.933119 -267.081848145 -14.084808350 8.647995949 -0.030012848 -0.040841106 -0.695579708 0.716659009
1586247678.966119 -267.362274170 -14.094818115 8.657842636 -0.029945582 -0.040969297 -0.695442319 0.716787815
1586247678.999119 -267.641632080 -14.104858398 8.667837143 -0.029816568 -0.041265327 -0.695326328 0.716888785
1586247679.032119 -267.919616699 -14.115295410 8.677457809 -0.029823810 -0.041435752 -0.695221663 0.716980100
1586247679.065120 -268.140075684 -14.120758057 8.685406685 -0.029950470 -0.041649830 -0.695115566 0.717065275
1586247679.098119 -268.415222168 -14.131347656 8.695062637 -0.029983491 -0.041663542 -0.695026875 0.717149079
1586247679.131120 -268.688995361 -14.141906738 8.704436302 -0.030043688 -0.041673005 -0.694934070 0.717235923
1586247679.164119 -268.963226318 -14.152313232 8.714130402 -0.030029207 -0.041729759 -0.694857657 0.717307329
1586247679.197120 -269.234558105 -14.163177490 8.723326683 -0.030013110 -0.041730281 -0.694762409 0.717400193
1586247679.230120 -269.504638672 -14.173797607 8.732415199 -0.030122127 -0.041759070 -0.694680870 0.717472911
1586247679.263120 -269.773712158 -14.184143066 8.741401672 -0.030352443 -0.041797042 -0.694569349 0.717568994
1586247679.296120 -269.932525635 -14.185150146 8.746400833 -0.030599177 -0.041943096 -0.694395065 0.717718601
1586247679.329120 -270.198974609 -14.195556641 8.755282402 -0.030707598 -0.042060565 -0.694312930 0.717786551
1586247679.362120 -270.464263916 -14.206268311 8.764313698 -0.030677348 -0.042210184 -0.694235086 0.717854381
1586247679.395120 -270.678253174 -14.212158203 8.771883965 -0.030713081 -0.042327326 -0.694133997 0.717943668
1586247679.428120 -270.940765381 -14.222900391 8.780861855 -0.030899853 -0.042242721 -0.694068849 0.718003631
1586247679.461120 -271.201843262 -14.233551025 8.789770126 -0.031045467 -0.042213943 -0.693985581 0.718079567
1586247679.494120 -271.461822510 -14.244628906 8.799011230 -0.031025976 -0.042114764 -0.693967700 0.718103528
1586247679.527120 -271.648071289 -14.249603271 8.806138992 -0.030914217 -0.041906580 -0.693948567 0.718138933
1586247679.560121 -271.905731201 -14.261108398 8.815421104 -0.030612823 -0.041855577 -0.693951905 0.718151629
1586247679.593121 -272.162109375 -14.272674561 8.824721336 -0.030364454 -0.041805733 -0.693984747 0.718133330
1586247679.626121 -272.417144775 -14.283782959 8.833732605 -0.030151933 -0.041923460 -0.693995357 0.718125224
1586247679.659121 -272.592651367 -14.287231445 8.840464592 -0.030249447 -0.042051140 -0.694070756 0.718040764
1586247679.692121 -272.844970703 -14.298034668 8.848963737 -0.030236244 -0.042175215 -0.694107652 0.717998385
1586247679.725121 -273.095764160 -14.308532715 8.857247353 -0.030091047 -0.042371765 -0.694126070 0.717975140
1586247679.758121 -273.283538818 -14.312713623 8.863587379 -0.030129135 -0.042550065 -0.694106221 0.717982113
1586247679.791121 -273.531280518 -14.322723389 8.871585846 -0.030192584 -0.042694416 -0.694100022 0.717976928
1586247679.824121 -273.777801514 -14.332519531 8.879558563 -0.030255195 -0.043002013 -0.694095790 0.717959940
1586247679.857121 -274.022705078 -14.342407227 8.887748718 -0.030303031 -0.043168146 -0.694115043 0.717929423
1586247679.890121 -274.179901123 -14.343658447 8.893602371 -0.030130979 -0.043469854 -0.694103420 0.717929661
1586247679.923121 -274.422027588 -14.353637695 8.902280807 -0.029823691 -0.043737873 -0.694120944 0.717909336
1586247679.956122 -274.662261963 -14.364257812 8.911127090 -0.029459830 -0.043900464 -0.694167435 0.717869401
1586247679.989121 -274.900695801 -14.375091553 8.919866562 -0.029111769 -0.043953031 -0.694232047 0.717817962
1586247680.022122 -275.045989990 -14.377258301 8.925575256 -0.028975487 -0.043848582 -0.694200814 0.717859983
1586247680.055122 -275.280334473 -14.387695312 8.933820724 -0.028877225 -0.043671027 -0.694245517 0.717831552
1586247680.088122 -275.512664795 -14.398193359 8.941793442 -0.028766811 -0.043429356 -0.694305778 0.717792392
1586247680.121122 -275.742919922 -14.408752441 8.949674606 -0.028700735 -0.043118000 -0.694343388 0.717777371
1586247680.154122 -275.877227783 -14.411468506 8.954240799 -0.028732896 -0.042800941 -0.694303393 0.717833757
1586247680.187122 -276.103607178 -14.421905518 8.961431503 -0.028791219 -0.042453006 -0.694357991 0.717799246
1586247680.220122 -276.328247070 -14.432067871 8.968717575 -0.028829601 -0.042202938 -0.694405854 0.717766225
1586247680.253122 -276.551116943 -14.442169189 8.976032257 -0.028832467 -0.042015906 -0.694419086 0.717764318
1586247680.286122 -276.677093506 -14.442840576 8.980907440 -0.028911769 -0.041828543 -0.694350243 0.717838585
1586247680.319122 -276.896453857 -14.452606201 8.988421440 -0.028908938 -0.041832499 -0.694345832 0.717842877
1586247680.352122 -277.113983154 -14.462402344 8.995902061 -0.028915759 -0.041898210 -0.694362640 0.717822373
1586247680.385123 -277.329925537 -14.471893311 9.003506660 -0.028923392 -0.041958209 -0.694376230 0.717805505
1586247680.418123 -277.447296143 -14.470245361 9.008201599 -0.028942045 -0.042047597 -0.694349349 0.717825472
1586247680.451123 -277.659301758 -14.479644775 9.015689850 -0.028848585 -0.042082530 -0.694364130 0.717812955
1586247680.484123 -277.869140625 -14.489166260 9.023244858 -0.028722197 -0.042073078 -0.694389939 0.717793584
1586247680.517123 -278.077087402 -14.499084473 9.030941010 -0.028503414 -0.042025436 -0.694425106 0.717770994
1586247680.550123 -278.185791016 -14.498046875 9.035291672 -0.028449988 -0.041904394 -0.694420338 0.717784882
1586247680.583123 -278.389251709 -14.507904053 9.042457581 -0.028434277 -0.041776393 -0.694478273 0.717736840
1586247680.616123 -278.590576172 -14.517791748 9.049812317 -0.028284520 -0.041668441 -0.694508672 0.717719674
1586247680.649123 -278.789855957 -14.528167725 9.057331085 -0.028109761 -0.041353144 -0.694564342 0.717690885
1586247680.682123 -278.890197754 -14.526916504 9.061781883 -0.027751148 -0.041178346 -0.694503605 0.717773676
1586247680.715123 -279.085510254 -14.536865234 9.069221497 -0.027529895 -0.041023843 -0.694549561 0.717746556
1586247680.748123 -279.278625488 -14.546234131 9.076461792 -0.027461406 -0.040883344 -0.694583118 0.717724741
1586247680.781123 -279.469726562 -14.555480957 9.083589554 -0.027290460 -0.040959682 -0.694605768 0.717704952
1586247680.814124 -279.561492920 -14.552978516 9.087205887 -0.027314782 -0.040975802 -0.694503665 0.717801929
1586247680.847124 -279.747863770 -14.561645508 9.093626976 -0.027291000 -0.040980354 -0.694520891 0.717785895
1586247680.880124 -279.932067871 -14.570190430 9.099990845 -0.027205527 -0.040974200 -0.694560826 0.717750907
1586247680.913124 -280.114196777 -14.578735352 9.106136322 -0.027183235 -0.040914916 -0.694594502 0.717722476
1586247680.946124 -280.275817871 -14.583374023 9.111822128 -0.027220875 -0.040860947 -0.694559813 0.717757702
1586247680.979124 -280.452606201 -14.591186523 9.117693901 -0.027261823 -0.040888611 -0.694600105 0.717715621
1586247681.012124 -280.627197266 -14.598999023 9.123508453 -0.027342409 -0.040846556 -0.694637537 0.717678666
1586247681.045124 -280.799957275 -14.606964111 9.129226685 -0.027374804 -0.040790256 -0.694645643 0.717672825
1586247681.078124 -280.801635742 -14.596862793 9.130226135 -0.027370155 -0.040739443 -0.694551051 0.717767477
1586247681.111124 -280.969146729 -14.604766846 9.136181831 -0.027423441 -0.040637527 -0.694598258 0.717725515
1586247681.144125 -281.134490967 -14.612701416 9.142454147 -0.027206572 -0.040673696 -0.694621265 0.717709482
1586247681.177124 -281.297851562 -14.620819092 9.148656845 -0.027016040 -0.040599115 -0.694637001 0.717705607
1586247681.210124 -281.369689941 -14.618347168 9.152473450 -0.026822420 -0.040436760 -0.694615781 0.717742622
1586247681.243124 -281.527221680 -14.626190186 9.158968925 -0.026528243 -0.040497150 -0.694651186 0.717715800
1586247681.276125 -281.682617188 -14.633789062 9.165266991 -0.026410552 -0.040453725 -0.694683075 0.717691720
1586247681.342125 -281.901428223 -14.638458252 9.174590111 -0.026320251 -0.040150501 -0.694716513 0.717679799
1586247681.375125 -282.048553467 -14.645629883 9.180183411 -0.026292205 -0.039980624 -0.694719672 0.717687190
1586247681.408125 -282.193481445 -14.652465820 9.185360909 -0.026363641 -0.039881162 -0.694724917 0.717684984
1586247681.441125 -282.336090088 -14.659088135 9.190349579 -0.026539415 -0.039730575 -0.694731176 0.717680812
1586247681.474125 -282.395690918 -14.655792236 9.193019867 -0.026747048 -0.039561596 -0.694698930 0.717713714
1586247681.507125 -282.533294678 -14.662445068 9.197543144 -0.026856836 -0.039412461 -0.694739997 0.717678010
1586247681.540125 -282.668762207 -14.668975830 9.202041626 -0.026952565 -0.039207481 -0.694771349 0.717655301
1586247681.573125 -282.802185059 -14.675689697 9.206579208 -0.027015179 -0.038966335 -0.694820762 0.717618287
1586247681.606125 -282.854766846 -14.671844482 9.209710121 -0.027049543 -0.038776197 -0.694768727 0.717677653
1586247681.639126 -282.982604980 -14.678070068 9.214071274 -0.027029455 -0.038684130 -0.694815814 0.717637837
1586247681.672125 -283.107940674 -14.684417725 9.218491554 -0.026993632 -0.038578935 -0.694841743 0.717619658
1586247681.705126 -283.231323242 -14.690887451 9.222660065 -0.027009517 -0.038375173 -0.694846034 0.717625916
1586247681.738126 -283.327911377 -14.695007324 9.226503372 -0.027092457 -0.038113158 -0.694894433 0.717589855
1586247681.771126 -283.445281982 -14.701263428 9.230666161 -0.027032286 -0.037954755 -0.694881320 0.717613220
1586247681.804126 -283.560424805 -14.707489014 9.234848022 -0.027000751 -0.037762776 -0.694847286 0.717657506
1586247681.837126 -283.673400879 -14.713684082 9.239041328 -0.026905235 -0.037597388 -0.694855988 0.717661321
1586247681.870126 -283.756958008 -14.715789795 9.243391991 -0.026897132 -0.037374321 -0.694914877 0.717616260
1586247681.903126 -283.863983154 -14.721496582 9.247680664 -0.026882321 -0.037206300 -0.694929957 0.717610955
1586247681.936126 -283.968444824 -14.727081299 9.251891136 -0.026860889 -0.037075792 -0.694943905 0.717604935
1586247681.969126 -284.071075439 -14.732513428 9.255953789 -0.026878145 -0.036913469 -0.694981694 0.717576146
1586247682.002126 -284.027313232 -14.717102051 9.258944511 -0.026821584 -0.036806773 -0.694880366 0.717681885
1586247682.035126 -284.123901367 -14.722503662 9.262491226 -0.026749931 -0.036669046 -0.694903255 0.717669368
1586247682.068126 -284.218109131 -14.727752686 9.265913010 -0.026741114 -0.036442485 -0.694920123 0.717664897
1586247682.101127 -284.309875488 -14.733093262 9.269196510 -0.026692118 -0.036242086 -0.694909930 0.717686713
1586247682.134127 -284.393402100 -14.737457275 9.272478104 -0.026766773 -0.036051508 -0.694913030 0.717690587
1586247682.167127 -284.479400635 -14.742065430 9.275463104 -0.026803285 -0.035991870 -0.694902480 0.717702508
1586247682.200127 -284.497894287 -14.734344482 9.280562401 -0.026635351 -0.036091629 -0.694769144 0.717832744
1586247682.233127 -284.579681396 -14.738586426 9.283127785 -0.026698440 -0.036102239 -0.694754720 0.717843831
1586247682.266127 -284.659271240 -14.742858887 9.285686493 -0.026724190 -0.036128353 -0.694725275 0.717869997
1586247682.299127 -284.736877441 -14.746765137 9.288167000 -0.026776522 -0.036207732 -0.694740236 0.717849612
1586247682.332127 -284.807281494 -14.749420166 9.290494919 -0.026874542 -0.036330365 -0.694768727 0.717812240
1586247682.365127 -284.879211426 -14.752685547 9.292942047 -0.026930839 -0.036524538 -0.694773495 0.717795610
1586247682.398127 -284.948974609 -14.755859375 9.295357704 -0.027023971 -0.036706660 -0.694791257 0.717765689
1586247682.431127 -284.973419189 -14.751892090 9.297390938 -0.027138174 -0.036874153 -0.694818854 0.717725992
1586247682.464128 -285.038635254 -14.755096436 9.299570084 -0.027298599 -0.036961477 -0.694837034 0.717697918
1586247682.497128 -285.101623535 -14.758422852 9.301750183 -0.027450532 -0.036956392 -0.694879413 0.717651248
1586247682.530128 -285.162597656 -14.761962891 9.303676605 -0.027521845 -0.036954243 -0.694907010 0.717621922
1586247682.563128 -285.217803955 -14.765075684 9.305806160 -0.027584286 -0.036856063 -0.694899499 0.717631876
1586247682.596128 -285.273712158 -14.768646240 9.307525635 -0.027591079 -0.036808096 -0.694908023 0.717625856
1586247682.629128 -285.327484131 -14.772308350 9.309150696 -0.027719736 -0.036643352 -0.694886446 0.717650175
1586247682.662128 -285.288726807 -14.758544922 9.310743332 -0.027731359 -0.036464550 -0.694761693 0.717779636
1586247682.695128 -285.338684082 -14.762176514 9.312235832 -0.027845975 -0.036261406 -0.694749534 0.717797279
1586247682.728128 -285.386505127 -14.765991211 9.313750267 -0.027955975 -0.036055543 -0.694755554 0.717797577
1586247682.761128 -285.432495117 -14.769683838 9.315274239 -0.028007980 -0.035886373 -0.694771528 0.717788517
1586247682.794128 -285.469360352 -14.771270752 9.317464828 -0.028083887 -0.035668455 -0.694784582 0.717783749
1586247682.827128 -285.509948730 -14.774169922 9.319080353 -0.028162297 -0.035531975 -0.694819689 0.717753470
1586247682.860128 -285.548950195 -14.776763916 9.320762634 -0.028272714 -0.035432789 -0.694842994 0.717731476
1586247682.893128 -285.586090088 -14.779357910 9.322454453 -0.028368175 -0.035353154 -0.694836199 0.717738152
1586247682.926129 -285.621826172 -14.781616211 9.324113846 -0.028448343 -0.035327002 -0.694817781 0.717754126
1586247682.959129 -285.613128662 -14.775451660 9.330740929 -0.028213233 -0.035409022 -0.694853127 0.717725098
1586247682.992129 -285.645599365 -14.777435303 9.332209587 -0.028319776 -0.035421371 -0.694796205 0.717775464
1586247683.025129 -285.676666260 -14.779449463 9.333472252 -0.028434306 -0.035492484 -0.694732368 0.717829227
1586247683.058129 -285.705932617 -14.781463623 9.334787369 -0.028568745 -0.035565212 -0.694721699 0.717830658
1586247683.091129 -285.727600098 -14.781555176 9.335780144 -0.028739601 -0.035534538 -0.694705606 0.717840850
1586247683.124129 -285.752258301 -14.783264160 9.336904526 -0.028762877 -0.035571963 -0.694732666 0.717811823
1586247683.157129 -285.775695801 -14.785095215 9.337863922 -0.028778046 -0.035554145 -0.694796920 0.717750013
1586247683.190129 -285.797546387 -14.787078857 9.338811874 -0.028744936 -0.035568610 -0.694866061 0.717683673
1586247683.223129 -285.817993164 -14.789062500 9.339638710 -0.028753784 -0.035519268 -0.694928944 0.717624843
1586247683.256129 -285.836975098 -14.791046143 9.340507507 -0.028780490 -0.035433277 -0.694936574 0.717620611
1586247683.289129 -285.854431152 -14.792938232 9.341394424 -0.028715163 -0.035438478 -0.694925785 0.717633426
1586247683.322129 -285.870239258 -14.794982910 9.342179298 -0.028683901 -0.035397626 -0.694887877 0.717673421
1586247683.355130 -285.884552002 -14.796966553 9.342961311 -0.028583582 -0.035382692 -0.694857359 0.717707694
1586247683.388129 -285.897155762 -14.798919678 9.343641281 -0.028512925 -0.035400771 -0.694824338 0.717741609
1586247683.421130 -285.908233643 -14.800689697 9.344248772 -0.028470334 -0.035379931 -0.694803178 0.717764735
1586247683.454130 -285.917633057 -14.802581787 9.344926834 -0.028412223 -0.035368428 -0.694799304 0.717771411
1586247683.487130 -285.874664307 -14.785827637 9.345681190 -0.028284969 -0.035299998 -0.694816172 0.717763484
1586247683.520130 -285.879119873 -14.786376953 9.344997406 -0.028306484 -0.035273109 -0.694860935 0.717720628
1586247683.553130 -285.882293701 -14.786895752 9.344943047 -0.028315784 -0.035257071 -0.694908798 0.717674732
1586247683.586130 -285.884246826 -14.787841797 9.344568253 -0.028316706 -0.035260595 -0.694964767 0.717620254
1586247683.619130 -285.887054443 -14.787292480 9.346037865 -0.028306872 -0.035253618 -0.694928348 0.717656314
1586247683.652130 -285.886474609 -14.787414551 9.345974922 -0.028314143 -0.035298347 -0.694915354 0.717666328
1586247683.685130 -285.884613037 -14.787292480 9.345927238 -0.028423222 -0.035225976 -0.694888830 0.717691362
1586247683.718130 -285.881988525 -14.787139893 9.345757484 -0.028469533 -0.035187323 -0.694844544 0.717734277
1586247683.751130 -285.878692627 -14.786926270 9.345564842 -0.028671950 -0.035038963 -0.694802999 0.717773676
1586247683.784131 -285.875061035 -14.786804199 9.345252037 -0.028923154 -0.034789890 -0.694780588 0.717797339
1586247683.817131 -285.871368408 -14.786590576 9.344842911 -0.029210031 -0.034486897 -0.694782853 0.717798173
1586247683.850131 -285.868011475 -14.786743164 9.344518661 -0.029537708 -0.034130804 -0.694812536 0.717773080
1586247683.883131 -285.864807129 -14.786834717 9.343972206 -0.029888600 -0.033738241 -0.694870353 0.717721164
1586247683.916131 -285.861877441 -14.786987305 9.343379021 -0.030239254 -0.033322453 -0.694927692 0.717670321
1586247683.949131 -285.859222412 -14.786926270 9.342824936 -0.030609967 -0.032918610 -0.694971740 0.717630684
1586247683.982131 -285.857391357 -14.786956787 9.342342377 -0.030892398 -0.032626178 -0.694994748 0.717609584
1586247684.015131 -285.865966797 -14.787902832 9.344496727 -0.031168431 -0.032512993 -0.695005000 0.717592835
1586247684.048131 -285.865386963 -14.787414551 9.344151497 -0.031370338 -0.032369088 -0.694957316 0.717636764
1586247684.081131 -285.865753174 -14.787445068 9.343948364 -0.031467285 -0.032244060 -0.694943249 0.717651784
1586247684.114131 -285.866729736 -14.787200928 9.343987465 -0.031518251 -0.032197330 -0.694918752 0.717675388
1586247684.147131 -285.868377686 -14.786987305 9.344176292 -0.031497356 -0.032221060 -0.694920778 0.717673242
1586247684.180132 -285.870819092 -14.786895752 9.344282150 -0.031447619 -0.032254916 -0.694940090 0.717655241
1586247684.213131 -285.873870850 -14.786651611 9.344477654 -0.031409141 -0.032297432 -0.694992065 0.717604637
1586247684.246132 -285.877532959 -14.786407471 9.344646454 -0.031375170 -0.032348000 -0.695039153 0.717558265
1586247684.279132 -285.881835938 -14.786041260 9.344676018 -0.031335741 -0.032394454 -0.695047498 0.717549801
1586247684.312132 -285.886749268 -14.785766602 9.344641685 -0.031343788 -0.032395784 -0.695069790 0.717527807
1586247684.345132 -285.892486572 -14.785308838 9.344493866 -0.031386700 -0.032356139 -0.695076644 0.717521071
1586247684.378132 -285.899108887 -14.784851074 9.344490051 -0.031465854 -0.032271896 -0.695050895 0.717546344
1586247684.411132 -285.906494141 -14.784210205 9.344544411 -0.031596273 -0.032150757 -0.695018888 0.717577100
1586247684.477132 -285.924468994 -14.783020020 9.344454765 -0.031835377 -0.031912889 -0.694954395 0.717639625
1586247684.510132 -285.935485840 -14.782257080 9.344633102 -0.031952202 -0.031778313 -0.694920480 0.717673182
1586247684.543132 -285.999542236 -14.794067383 9.350346565 -0.031990290 -0.031695291 -0.694944143 0.717652202
1586247684.576132 -286.013488770 -14.793243408 9.350106239 -0.032103926 -0.031573497 -0.694961309 0.717635870
1586247684.609133 -286.029235840 -14.792419434 9.350372314 -0.032195270 -0.031497341 -0.694965482 0.717631102
1586247684.642133 -286.046386719 -14.791259766 9.351016998 -0.032247543 -0.031473801 -0.694967031 0.717628360
1586247684.675133 -286.062377930 -14.792388916 9.352244377 -0.032257494 -0.031381950 -0.695019186 0.717581332
1586247684.708133 -286.081298828 -14.791748047 9.353047371 -0.032315224 -0.031389039 -0.694971800 0.717624307
1586247684.741133 -286.101593018 -14.790924072 9.353901863 -0.032357782 -0.031420905 -0.694930196 0.717661381
1586247684.774133 -286.123199463 -14.790100098 9.354751587 -0.032436043 -0.031453535 -0.694898725 0.717686832
1586247684.807133 -286.145935059 -14.789215088 9.355567932 -0.032476630 -0.031505682 -0.694872081 0.717708468
1586247684.840133 -286.221588135 -14.804321289 9.361175537 -0.032391876 -0.031645708 -0.694929957 0.717650056
1586247684.873133 -286.246856689 -14.803314209 9.362024307 -0.032483965 -0.031670954 -0.694907904 0.717666209
1586247684.906133 -286.273498535 -14.802337646 9.362970352 -0.032544997 -0.031700656 -0.694914997 0.717655241
1586247684.939133 -286.301483154 -14.801055908 9.364068031 -0.032597482 -0.031732511 -0.694914937 0.717651546
1586247684.972133 -286.335205078 -14.802154541 9.366103172 -0.032618046 -0.031668507 -0.694973707 0.717596531
1586247685.005134 -286.366699219 -14.801635742 9.367538452 -0.032703873 -0.031646781 -0.694949687 0.717616796
1586247685.038134 -286.399322510 -14.800994873 9.369053841 -0.032808602 -0.031612799 -0.694959521 0.717604041
1586247685.071134 -286.433380127 -14.800445557 9.370693207 -0.032837868 -0.031626437 -0.694932699 0.717628121
1586247685.104134 -286.468658447 -14.799804688 9.372348785 -0.032840312 -0.031673346 -0.694918871 0.717639267
1586247685.137134 -286.505279541 -14.799133301 9.374118805 -0.032886382 -0.031689472 -0.694907725 0.717647254
1586247685.170134 -286.607330322 -14.820404053 9.379333496 -0.032862306 -0.031884208 -0.694989443 0.717560530
1586247685.203134 -286.646575928 -14.819488525 9.381128311 -0.032913059 -0.031914275 -0.694948792 0.717596292
1586247685.236134 -286.687011719 -14.818481445 9.382901192 -0.033003807 -0.031905241 -0.694915652 0.717624664
1586247685.269134 -286.728881836 -14.817352295 9.384819031 -0.033054948 -0.032014322 -0.694905162 0.717627525
1586247685.302134 -286.777832031 -14.818908691 9.387786865 -0.033074822 -0.032025188 -0.695015073 0.717519701
1586247685.335134 -286.823577881 -14.818572998 9.390046120 -0.033129156 -0.032021299 -0.695029974 0.717503011
1586247685.368134 -286.886047363 -14.825622559 9.392854691 -0.033139497 -0.031937275 -0.695063472 0.717473745
1586247685.401134 -286.933959961 -14.825592041 9.395294189 -0.033201244 -0.031832602 -0.695100844 0.717439294
1586247685.434134 -286.982604980 -14.825531006 9.398082733 -0.033329725 -0.031670045 -0.695090890 0.717450202
1586247685.467134 -287.032836914 -14.825622559 9.400912285 -0.033389922 -0.031461786 -0.695068538 0.717478216
1586247685.500135 -287.083862305 -14.825958252 9.404099464 -0.033464134 -0.031206325 -0.695028186 0.717525005
1586247685.533135 -287.177459717 -14.843658447 9.407528877 -0.033460855 -0.030956335 -0.695178509 0.717390418
1586247685.566135 -287.232543945 -14.844573975 9.410606384 -0.033429589 -0.030771283 -0.695146620 0.717430770
1586247685.599135 -287.288970947 -14.845611572 9.413505554 -0.033427559 -0.030549265 -0.695133328 0.717453182
1586247685.632135 -287.346771240 -14.846527100 9.416422844 -0.033415169 -0.030368272 -0.695106626 0.717487335
1586247685.665135 -287.406127930 -14.847198486 9.418997765 -0.033388790 -0.030261751 -0.695123136 0.717477024
1586247685.698135 -287.479431152 -14.854522705 9.421306610 -0.033475157 -0.030198375 -0.695198476 0.717402637
1586247685.731135 -287.542572021 -14.854797363 9.423397064 -0.033501059 -0.030404579 -0.695151210 0.717438579
1586247685.764135 -287.606933594 -14.854675293 9.425545692 -0.033671405 -0.030631473 -0.695123971 0.717447340
1586247685.797135 -287.672546387 -14.854217529 9.427688599 -0.033925708 -0.030878052 -0.695071995 0.717475116
1586247685.830135 -287.739501953 -14.853637695 9.429721832 -0.034150179 -0.031181896 -0.694997489 0.717523515
1586247685.863136 -287.816497803 -14.858947754 9.431362152 -0.034519855 -0.031327620 -0.694994986 0.717501938
1586247685.896135 -287.886352539 -14.858673096 9.433782578 -0.034847770 -0.031619571 -0.694902837 0.717562556
1586247685.929136 -287.957366943 -14.858520508 9.436184883 -0.035222530 -0.031899486 -0.694844902 0.717587948
1586247685.962136 -288.029479980 -14.858306885 9.438866615 -0.035616279 -0.032116078 -0.694793224 0.717608929
1586247685.995136 -288.102722168 -14.858612061 9.441873550 -0.035925742 -0.032232754 -0.694766581 0.717613995
1586247686.028136 -288.217102051 -14.871795654 9.446256638 -0.036179390 -0.032141246 -0.694985688 0.717393100
1586247686.061136 -288.293060303 -14.873016357 9.449688911 -0.036324203 -0.032146309 -0.694940805 0.717429161
1586247686.094136 -288.370178223 -14.874542236 9.453478813 -0.036359966 -0.032184351 -0.694926739 0.717439234
1586247686.127136 -288.448333740 -14.876342773 9.457544327 -0.036379334 -0.032149728 -0.694925845 0.717440665
1586247686.160136 -288.527557373 -14.878356934 9.461894989 -0.036306407 -0.032095559 -0.694932282 0.717440546
1586247686.193136 -288.612670898 -14.885711670 9.466404915 -0.036247522 -0.031830046 -0.695044041 0.717347085
1586247686.226136 -288.694061279 -14.888427734 9.471119881 -0.036181390 -0.031565003 -0.694979787 0.717424393
1586247686.259136 -288.776397705 -14.891235352 9.475739479 -0.036182135 -0.031312432 -0.694935977 0.717477798
1586247686.292136 -288.859649658 -14.893829346 9.480305672 -0.036291596 -0.031079059 -0.694873750 0.717542708
1586247686.325137 -288.943878174 -14.896148682 9.484556198 -0.036485225 -0.030889668 -0.694834590 0.717579067
1586247686.358137 -289.100067139 -14.907379150 9.489790916 -0.036749423 -0.030724488 -0.695066571 0.717347860
1586247686.391137 -289.186126709 -14.909210205 9.493638992 -0.037030101 -0.030644156 -0.695003748 0.717397809
1586247686.424137 -289.273223877 -14.911132812 9.497330666 -0.037238207 -0.030663252 -0.694955707 0.717432737
1586247686.457137 -289.361145020 -14.912994385 9.501268387 -0.037466437 -0.030651258 -0.694920719 0.717455268
1586247686.490137 -289.450073242 -14.914733887 9.505290031 -0.037639380 -0.030733813 -0.694912136 0.717451036
1586247686.523137 -289.564453125 -14.918273926 9.510927200 -0.037667841 -0.030912604 -0.695078373 0.717280746
1586247686.556137 -289.655090332 -14.919708252 9.514900208 -0.037897736 -0.031219423 -0.695009828 0.717321754
1586247686.589137 -289.746643066 -14.921203613 9.518918037 -0.038096722 -0.031612407 -0.694904506 0.717396021
1586247686.622137 -289.838684082 -14.922668457 9.522913933 -0.038323373 -0.031855769 -0.694823444 0.717451692
1586247686.655137 -289.931488037 -14.924468994 9.527292252 -0.038488265 -0.031955935 -0.694768608 0.717491567
1586247686.688138 -290.050994873 -14.927154541 9.533796310 -0.038402289 -0.032111265 -0.694836080 0.717423797
1586247686.721138 -290.145660400 -14.929870605 9.538950920 -0.038369954 -0.032284103 -0.694803715 0.717449188
1586247686.754138 -290.240997314 -14.932830811 9.544466972 -0.038309809 -0.032485701 -0.694803655 0.717443347
1586247686.787138 -290.336944580 -14.935943604 9.549987793 -0.038277894 -0.032651320 -0.694823444 0.717418432
1586247686.820138 -290.433502197 -14.939392090 9.555380821 -0.038331687 -0.032613222 -0.694851518 0.717390060
1586247686.853138 -290.529724121 -14.942016602 9.560436249 -0.038344324 -0.032416228 -0.694917798 0.717334151
1586247686.886138 -290.657562256 -14.944946289 9.566211700 -0.038404375 -0.032157648 -0.694888592 0.717370808
1586247686.919138 -290.755523682 -14.947998047 9.570206642 -0.038636740 -0.031997818 -0.694806159 0.717445314
1586247686.952138 -290.853820801 -14.950744629 9.574015617 -0.038914025 -0.031939883 -0.694713116 0.717522979
1586247686.985138 -290.953063965 -14.953277588 9.577647209 -0.039257139 -0.031866457 -0.694634438 0.717583716
1586247687.018138 -291.053070068 -14.955688477 9.581235886 -0.039538022 -0.031924020 -0.694570601 0.717627585
1586247687.051138 -291.156097412 -14.959686279 9.584259987 -0.039752539 -0.032046337 -0.694652975 0.717530549
1586247687.084138 -291.286010742 -14.959259033 9.590306282 -0.039849728 -0.032358848 -0.694663763 0.717500687
1586247687.117138 -291.388641357 -14.961761475 9.594561577 -0.039914783 -0.032817610 -0.694629908 0.717508972
1586247687.150139 -291.491912842 -14.964050293 9.599215508 -0.040030718 -0.033315226 -0.694609284 0.717499614
1586247687.183139 -291.595886230 -14.966491699 9.604328156 -0.039995257 -0.033830073 -0.694582522 0.717503369
1586247687.216139 -291.700592041 -14.969116211 9.609765053 -0.039909359 -0.034254402 -0.694549263 0.717520177
1586247687.249139 -291.807922363 -14.973052979 9.615444183 -0.039673448 -0.034690861 -0.694599032 0.717464149
1586247687.315139 -292.050018311 -14.974395752 9.629839897 -0.038926870 -0.035650123 -0.694632947 0.717425227
1586247687.348139 -292.156982422 -14.978271484 9.635603905 -0.038732495 -0.035986092 -0.694625139 0.717426479
1586247687.381139 -292.264038086 -14.982360840 9.641316414 -0.038496312 -0.036252197 -0.694631398 0.717419684
1586247687.414139 -292.371429443 -14.986572266 9.646759987 -0.038292378 -0.036370076 -0.694635451 0.717420816
1586247687.447139 -292.479003906 -14.991180420 9.652132988 -0.038141306 -0.036365479 -0.694631338 0.717432976
1586247687.480139 -292.588195801 -14.995330811 9.657304764 -0.038011905 -0.036279857 -0.694689572 0.717387855
1586247687.513139 -292.719696045 -14.995513916 9.664491653 -0.037837952 -0.036159225 -0.694683254 0.717409194
1586247687.546139 -292.828521729 -14.999938965 9.669100761 -0.037810475 -0.036001686 -0.694650590 0.717450261
1586247687.579139 -292.937530518 -15.004516602 9.673677444 -0.037892338 -0.035865080 -0.694645643 0.717457533
1586247687.612139 -293.047027588 -15.008728027 9.678297997 -0.038157284 -0.035682224 -0.694631100 0.717466712
1586247687.678140 -293.286804199 -15.013336182 9.689972878 -0.038447920 -0.035773072 -0.694573343 0.717502594
1586247687.711140 -293.398803711 -15.017333984 9.695092201 -0.038481742 -0.035956766 -0.694477439 0.717584372
1586247687.744140 -293.511444092 -15.021301270 9.700487137 -0.038415611 -0.036169827 -0.694387674 0.717664063
1586247687.777140 -293.624603271 -15.025360107 9.706291199 -0.038359582 -0.036370724 -0.694278479 0.717762589
1586247687.810140 -293.738128662 -15.029296875 9.712200165 -0.038431644 -0.036602005 -0.694115877 0.717904210
1586247687.843140 -293.868286133 -15.029937744 9.720415115 -0.038464967 -0.036878690 -0.693967760 0.718031466
1586247687.876140 -293.982360840 -15.033905029 9.726493835 -0.038585451 -0.037124343 -0.693715274 0.718256295
1586247687.909141 -294.096374512 -15.038177490 9.732601166 -0.038728535 -0.037227500 -0.693458676 0.718491077
1586247687.942140 -294.210754395 -15.042724609 9.738542557 -0.038928121 -0.037227288 -0.693200707 0.718729138
1586247687.975141 -294.325317383 -15.047454834 9.744093895 -0.039163828 -0.037218608 -0.692920327 0.718987107
1586247688.008141 -294.441528320 -15.052642822 9.749376297 -0.039604481 -0.036879424 -0.692721605 0.719171822
1586247688.041141 -294.574798584 -15.055908203 9.756593704 -0.039804429 -0.036812119 -0.692386627 0.719486833
1586247688.074141 -294.690643311 -15.061340332 9.761277199 -0.040206879 -0.036685649 -0.692009211 0.719833970
1586247688.107141 -294.806854248 -15.067108154 9.765832901 -0.040571865 -0.036444366 -0.691648185 0.720172644
1586247688.140141 -294.923400879 -15.073394775 9.770503044 -0.040793773 -0.036200725 -0.691294611 0.720511734
1586247688.173141 -295.040466309 -15.080078125 9.775326729 -0.041009031 -0.035791148 -0.690928102 0.720871449
1586247688.206141 -295.157806396 -15.087371826 9.780311584 -0.041109260 -0.035407647 -0.690539539 0.721256912
1586247688.239141 -295.292480469 -15.093841553 9.787312508 -0.041094307 -0.034956593 -0.690219402 0.721586168
1586247688.272141 -295.410644531 -15.102020264 9.792908669 -0.041250169 -0.034584142 -0.689754725 0.722039282
1586247688.305141 -295.529388428 -15.110656738 9.798767090 -0.041271955 -0.034194857 -0.689283490 0.722506583
1586247688.338141 -295.648284912 -15.119812012 9.804858208 -0.041247606 -0.033657636 -0.688785434 0.723007917
1586247688.371141 -295.767730713 -15.129516602 9.811209679 -0.041113317 -0.033101432 -0.688268185 0.723533690
1586247688.404142 -295.888916016 -15.139801025 9.818884850 -0.040831953 -0.032612842 -0.687819242 0.723998547
1586247688.437141 -296.021453857 -15.147979736 9.824816704 -0.040345818 -0.032170054 -0.687285125 0.724552631
1586247688.470142 -296.142395020 -15.158203125 9.831701279 -0.040000439 -0.032002043 -0.686706662 0.725127459
1586247688.503142 -296.263793945 -15.168304443 9.838604927 -0.039756384 -0.031847615 -0.686107218 0.725714862
1586247688.536142 -296.385162354 -15.178558350 9.845538139 -0.039635241 -0.031680401 -0.685484290 0.726317286
1586247688.569142 -296.506713867 -15.188812256 9.852413177 -0.039570566 -0.031559926 -0.684826672 0.726946056
1586247688.602142 -296.628112793 -15.198974609 9.858931541 -0.039624572 -0.031310175 -0.684163868 0.727577806
1586247688.635142 -296.749877930 -15.209411621 9.865794182 -0.039590213 -0.031268191 -0.683452904 0.728249371
1586247688.668142 -296.871826172 -15.219940186 9.872582436 -0.039599717 -0.031277403 -0.682729363 0.728926778
1586247688.701142 -297.000579834 -15.231262207 9.880904198 -0.039682686 -0.031182442 -0.682003319 0.729605675
1586247688.734142 -297.123077393 -15.242340088 9.887943268 -0.039776117 -0.031176284 -0.681179285 0.730370283
1586247688.767142 -297.245788574 -15.253845215 9.895062447 -0.039846987 -0.031194393 -0.680306554 0.731178641
1586247688.800143 -297.368469238 -15.265991211 9.902173996 -0.040003266 -0.031148767 -0.679349601 0.732061207
1586247688.833143 -297.491790771 -15.278625488 9.909089088 -0.039969709 -0.031197313 -0.678344011 0.732992947
1586247688.866143 -297.617309570 -15.292816162 9.916469574 -0.039954092 -0.031058967 -0.677356184 0.733912587
1586247688.899143 -297.741363525 -15.306945801 9.923550606 -0.039868742 -0.030999381 -0.676238954 0.734949350
1586247688.932143 -297.881805420 -15.321197510 9.927500725 -0.039470527 -0.030713446 -0.675182164 0.735953748
1586247688.965143 -298.006317139 -15.336822510 9.934456825 -0.039318118 -0.030606659 -0.673985779 0.737062156
1586247688.998143 -298.131134033 -15.353515625 9.941604614 -0.039135247 -0.030387221 -0.672748446 0.738210380
1586247689.031143 -298.256164551 -15.371124268 9.948778152 -0.038888723 -0.030147502 -0.671465039 0.739400804
1586247689.064143 -298.381652832 -15.389495850 9.956244469 -0.038491488 -0.029975077 -0.670116544 0.740650892
1586247689.097143 -298.511108398 -15.411071777 9.960357666 -0.037798375 -0.029547323 -0.668776631 0.741913795
1586247689.130143 -298.637573242 -15.431335449 9.968175888 -0.037130233 -0.029298749 -0.667260289 0.743321359
1586247689.163143 -298.764251709 -15.452453613 9.976181984 -0.036519498 -0.029005976 -0.665705323 0.744756043
1586247689.196143 -298.891143799 -15.473968506 9.984190941 -0.035990115 -0.028743809 -0.664036393 0.746280253
1586247689.229144 -299.018005371 -15.495971680 9.992343903 -0.035547197 -0.028571457 -0.662283063 0.747864485
1586247689.262143 -299.146667480 -15.518127441 10.001691818 -0.035376340 -0.028314156 -0.660501599 0.749456167
1586247689.295144 -299.272369385 -15.546295166 10.004473686 -0.034984767 -0.028129866 -0.658564568 0.751184046
1586247689.328144 -299.400115967 -15.569702148 10.012371063 -0.034848958 -0.027990326 -0.656483293 0.753015161
1586247689.361144 -299.527954102 -15.594024658 10.020304680 -0.034713030 -0.027850328 -0.654308200 0.754917383
1586247689.394144 -299.656219482 -15.619094849 10.028163910 -0.034599930 -0.027770385 -0.652040958 0.756884694
1586247689.427144 -299.784484863 -15.645385742 10.036067963 -0.034469634 -0.027766833 -0.649649739 0.758944035
1586247689.460144 -299.909545898 -15.678939819 10.038875580 -0.034134481 -0.027611816 -0.647252321 0.761010468
1586247689.493144 -300.038085938 -15.707702637 10.046922684 -0.033889890 -0.027628029 -0.644604325 0.763264954
1586247689.526144 -300.166961670 -15.737777710 10.054822922 -0.033672512 -0.027587131 -0.641868174 0.765578508
1586247689.559144 -300.295715332 -15.769012451 10.062993050 -0.033437043 -0.027616154 -0.638990045 0.767991543
1586247689.592144 -300.424468994 -15.801269531 10.071088791 -0.033403933 -0.027603969 -0.635985494 0.770483375
1586247689.625144 -300.548187256 -15.841842651 10.074174881 -0.033265889 -0.027419442 -0.632942080 0.772997975
1586247689.658144 -300.677124023 -15.876586914 10.081839561 -0.033231586 -0.027440356 -0.629645467 0.775686383
1586247689.691144 -300.805969238 -15.913146973 10.089493752 -0.033234894 -0.027279634 -0.626258314 0.778429031
1586247689.724145 -300.934814453 -15.951156616 10.097106934 -0.033101678 -0.027044199 -0.622760773 0.781243861
1586247689.757145 -301.063598633 -15.990936279 10.104904175 -0.032969326 -0.026773123 -0.619114041 0.784151793
1586247689.790145 -301.184814453 -16.040527344 10.108919144 -0.032693207 -0.026404200 -0.615387559 0.787103653
1586247689.823145 -301.313812256 -16.083374023 10.116556168 -0.032463104 -0.026294032 -0.611487150 0.790150881
1586247689.856145 -301.442657471 -16.128005981 10.124098778 -0.032289326 -0.026220009 -0.607486784 0.793240070
1586247689.889145 -301.571655273 -16.174209595 10.131862640 -0.032138109 -0.026067697 -0.603372812 0.796384931
1586247689.922145 -301.700653076 -16.222122192 10.139609337 -0.031799257 -0.025916604 -0.599128306 0.799601436
1586247689.955145 -301.819396973 -16.281539917 10.144608498 -0.031351060 -0.025547877 -0.594992459 0.802713156
1586247689.988145 -301.948394775 -16.332870483 10.152387619 -0.030937161 -0.025368314 -0.590566337 0.805996776
1586247690.021145 -302.077087402 -16.385650635 10.160171509 -0.030413566 -0.025340039 -0.586076736 0.809288025
1586247690.054146 -302.205627441 -16.440277100 10.168077469 -0.029951777 -0.025254220 -0.581509650 0.812595606
1586247690.087146 -302.334014893 -16.496688843 10.175972939 -0.029542148 -0.025054373 -0.576882780 0.815908074
1586247690.120146 -302.450469971 -16.566894531 10.181551933 -0.028906107 -0.024612023 -0.572413981 0.819085479
1586247690.153146 -302.578460693 -16.626861572 10.189387321 -0.028440982 -0.024415458 -0.567602038 0.822449446
1586247690.186146 -302.705993652 -16.688217163 10.197330475 -0.028176932 -0.024213249 -0.562758803 0.825785935
1586247690.219146 -302.833099365 -16.750991821 10.205407143 -0.027929515 -0.024127230 -0.557820737 0.829140484
1586247690.252146 -302.959747314 -16.815368652 10.213493347 -0.027882781 -0.023844570 -0.552813947 0.832496643
1586247690.285146 -303.070922852 -16.894119263 10.219421387 -0.027654143 -0.023210844 -0.548083127 0.835644305
1586247690.318146 -303.196746826 -16.962249756 10.227668762 -0.027375132 -0.022938590 -0.542912364 0.839029551
1586247690.351146 -303.322174072 -17.032150269 10.235851288 -0.027306587 -0.022629019 -0.537715793 0.842379928
1586247690.384146 -303.447448730 -17.103561401 10.244100571 -0.027046889 -0.022460589 -0.532453656 0.845728755
1586247690.417146 -303.572448730 -17.176803589 10.252422333 -0.026779890 -0.022330409 -0.527168810 0.849044979
1586247690.450146 -303.680603027 -17.264755249 10.259120941 -0.026449800 -0.021843281 -0.522162795 0.852155745
1586247690.483146 -303.804748535 -17.341598511 10.267512321 -0.025956806 -0.021846632 -0.516762674 0.855456233
1586247690.516146 -303.928558350 -17.420013428 10.275798798 -0.025654018 -0.021840937 -0.511368275 0.858701050
1586247690.549147 -304.051879883 -17.499969482 10.283934593 -0.025327234 -0.021919787 -0.505953789 0.861910045
1586247690.582147 -304.161285400 -17.592254639 10.290578842 -0.024985492 -0.021779427 -0.500874996 0.864884734
1586247690.615147 -304.283264160 -17.675781250 10.298211098 -0.024820296 -0.021763852 -0.495396286 0.868039668
1586247690.648147 -304.404296875 -17.761047363 10.305690765 -0.024684429 -0.021701995 -0.489911497 0.871152401
1586247690.681147 -304.524566650 -17.848022461 10.313138962 -0.024553657 -0.021579009 -0.484410048 0.874230206
1586247690.714147 -304.643920898 -17.936805725 10.320701599 -0.024511993 -0.021328505 -0.478896409 0.877269924
1586247690.747147 -304.755493164 -18.036338806 10.328325272 -0.024622889 -0.020919360 -0.473586053 0.880154788
1586247690.780147 -304.873413086 -18.128379822 10.335988998 -0.024668753 -0.020881860 -0.467914522 0.883182526
1586247690.813147 -304.990844727 -18.221977234 10.344034195 -0.024754792 -0.020880790 -0.462253928 0.886156023
1586247690.846147 -305.107208252 -18.317871094 10.352378845 -0.024653764 -0.020738186 -0.456594855 0.889091313
1586247690.879147 -305.222595215 -18.416145325 10.361147881 -0.024422735 -0.020343106 -0.450941801 0.891987205
1586247690.912148 -305.336853027 -18.516639709 10.370067596 -0.023934931 -0.019838300 -0.445288628 0.894847274
1586247690.945148 -305.420593262 -18.636054993 10.382473946 -0.023346126 -0.018783461 -0.440201163 0.897399068
1586247690.978148 -305.532348633 -18.740509033 10.391626358 -0.023007303 -0.018176254 -0.434517354 0.900186121
1586247691.011148 -305.643066406 -18.846405029 10.400757790 -0.022825239 -0.017596329 -0.428860366 0.902910948
1586247691.044148 -305.752563477 -18.953865051 10.409891129 -0.022772161 -0.016997455 -0.423168898 0.905605078
1586247691.077148 -305.861511230 -19.062767029 10.418869019 -0.022647858 -0.016415084 -0.417444408 0.908271909
1586247691.110148 -305.966308594 -19.176246643 10.427510262 -0.022920517 -0.015600066 -0.412025005 0.910750628
1586247691.143148 -306.068603516 -19.297256470 10.436505318 -0.022877216 -0.015242470 -0.406263471 0.913342416
1586247691.176148 -306.175506592 -19.410705566 10.444583893 -0.023022950 -0.015024395 -0.400369316 0.915941417
1586247691.209148 -306.282165527 -19.525474548 10.452447891 -0.023133457 -0.014971727 -0.394492596 0.918485880
1586247691.242148 -306.388397217 -19.641777039 10.459976196 -0.023185968 -0.015099806 -0.388646990 0.920971274
1586247691.275148 -306.492340088 -19.762039185 10.468091965 -0.023347020 -0.015104018 -0.383070827 0.923300445
1586247691.308148 -306.571990967 -19.892265320 10.482360840 -0.022692800 -0.015110534 -0.377568781 0.925580144
1586247691.341148 -306.674987793 -20.015083313 10.490419388 -0.022354096 -0.015044889 -0.371800691 0.927921414
1586247691.374149 -306.776794434 -20.139896393 10.498769760 -0.021897078 -0.015008017 -0.366066486 0.930209994
1586247691.407149 -306.877349854 -20.266609192 10.507411957 -0.021378756 -0.014982540 -0.360370636 0.932443857
1586247691.440149 -306.974426270 -20.396869659 10.515830994 -0.021043567 -0.014617037 -0.354906470 0.934550643
1586247691.473149 -307.059783936 -20.535186768 10.528537750 -0.020113826 -0.014050261 -0.349449217 0.936634004
1586247691.506149 -307.155761719 -20.667530060 10.537435532 -0.019593090 -0.013695985 -0.343746006 0.938758373
1586247691.539149 -307.250366211 -20.801574707 10.546384811 -0.019173622 -0.013270875 -0.338072062 0.940831304
1586247691.572149 -307.343872070 -20.937274933 10.555191040 -0.018755972 -0.012814775 -0.332418740 0.942858338
1586247691.605149 -307.436340332 -21.077304840 10.563990593 -0.018437982 -0.012322975 -0.327005357 0.944762290
1586247691.638149 -307.515716553 -21.222953796 10.577570915 -0.017688960 -0.011833436 -0.321478754 0.946677685
1586247691.671149 -307.606781006 -21.363761902 10.586208344 -0.017165272 -0.011706106 -0.315756530 0.948612750
1586247691.704149 -307.697113037 -21.505882263 10.594819069 -0.016709087 -0.011707888 -0.310055405 0.950499535
1586247691.737149 -307.786773682 -21.649169922 10.603377342 -0.016430259 -0.011872347 -0.304314852 0.952355862
1586247691.770149 -307.873046875 -21.792507172 10.610571861 -0.016259581 -0.012196237 -0.298672348 0.954139292
1586247691.803149 -307.951751709 -21.947799683 10.625909805 -0.015734196 -0.012416578 -0.293127239 0.955863357
1586247691.836150 -308.038177490 -22.094726562 10.633719444 -0.015502155 -0.012722742 -0.287352353 0.957615018
1586247691.869150 -308.123077393 -22.243223190 10.641431808 -0.015308290 -0.012967342 -0.281679213 0.959298909
1586247691.902150 -308.206756592 -22.393087387 10.649138451 -0.015174655 -0.013209526 -0.276091367 0.960920811
1586247691.935150 -308.290313721 -22.546962738 10.657371521 -0.015266806 -0.013376227 -0.270801961 0.962421119
1586247691.968150 -308.359710693 -22.710107803 10.673164368 -0.014907421 -0.013438885 -0.265594810 0.963875830
1586247692.001150 -308.438903809 -22.865587234 10.680397034 -0.014877857 -0.013346799 -0.260290891 0.965323389
1586247692.034150 -308.515655518 -23.023595810 10.687235832 -0.014578729 -0.012731832 -0.255057335 0.966732204
1586247692.067150 -308.590972900 -23.183145523 10.694128036 -0.014197945 -0.012029036 -0.249882802 0.968097270
1586247692.100150 -308.663513184 -23.346500397 10.701498985 -0.013922543 -0.011525759 -0.244956672 0.969365537
1586247692.133151 -308.726715088 -23.518514633 10.718144417 -0.013342411 -0.011234202 -0.240100756 0.970591307
1586247692.166150 -308.799560547 -23.681734085 10.725768089 -0.013200849 -0.011304528 -0.235143185 0.971805334
1586247692.199151 -308.872344971 -23.846040726 10.733589172 -0.012957513 -0.011583691 -0.230258226 0.972974360
1586247692.232151 -308.944366455 -24.011613846 10.741559982 -0.012778700 -0.011893669 -0.225453109 0.974097669
1586247692.265151 -309.006866455 -24.188289642 10.758005142 -0.012459964 -0.011950995 -0.220953792 0.975131452
1586247692.298151 -309.076263428 -24.356592178 10.766218185 -0.012235760 -0.012015177 -0.216249719 0.976187527
1586247692.331151 -309.144714355 -24.525947571 10.774456978 -0.012047142 -0.012203436 -0.211595267 0.977207005
1586247692.364151 -309.211608887 -24.696571350 10.782592773 -0.011944294 -0.012436314 -0.206989348 0.978191257
1586247692.397151 -309.270812988 -24.879291534 10.798749924 -0.011834145 -0.012927333 -0.202583790 0.979108155
1586247692.430151 -309.335479736 -25.052457809 10.806513786 -0.012036264 -0.013256408 -0.198060393 0.980026364
1586247692.463151 -309.398498535 -25.227212906 10.814240456 -0.012095391 -0.013596416 -0.193546921 0.980922282
1586247692.496151 -309.460083008 -25.403457642 10.822677612 -0.012254000 -0.013835566 -0.189055517 0.981792510
1586247692.529151 -309.514251709 -25.592489243 10.838164330 -0.011976063 -0.014496153 -0.184561625 0.982641101
1586247692.562151 -309.573516846 -25.771369934 10.846092224 -0.011721998 -0.014747475 -0.179992363 0.983487606
1586247692.595151 -309.630279541 -25.951536179 10.853590965 -0.011741787 -0.014528281 -0.175482050 0.984305382
1586247692.628152 -309.684600830 -26.132991791 10.860593796 -0.011893034 -0.014128121 -0.170970976 0.985103011
1586247692.661151 -309.737365723 -26.315647125 10.868598938 -0.012082010 -0.014084261 -0.166445732 0.985876024
1586247692.694152 -309.782684326 -26.516162872 10.885465622 -0.012108565 -0.014816174 -0.161800936 0.986637890
1586247692.727152 -309.835266113 -26.700500488 10.893383980 -0.012205005 -0.015399748 -0.156988546 0.987404943
1586247692.760152 -309.886108398 -26.886791229 10.902425766 -0.012132406 -0.015810313 -0.152148038 0.988156796
1586247692.793152 -309.933807373 -27.076114655 10.912797928 -0.011868657 -0.015988810 -0.147340551 0.988885343
1586247692.826152 -309.981414795 -27.264934540 10.922183990 -0.011624456 -0.016089378 -0.142541185 0.989589870
1586247692.859152 -310.027191162 -27.454975128 10.931802750 -0.011388570 -0.016335141 -0.137849465 0.990252972
1586247692.892152 -310.071807861 -27.646003723 10.941532135 -0.011155188 -0.016743297 -0.133248582 0.990878463
1586247692.925152 -310.114044189 -27.838415146 10.951738358 -0.010969818 -0.017107870 -0.128729194 0.991471589
1586247692.958152 -310.145812988 -28.062269211 10.974475861 -0.010339081 -0.017671311 -0.124215014 0.992044091
1586247692.991152 -310.184173584 -28.256746292 10.983737946 -0.010029614 -0.017563051 -0.119615674 0.992614269
1586247693.024153 -310.220306396 -28.452293396 10.992707253 -0.009801656 -0.017305737 -0.114963897 0.993170619
1586247693.057153 -310.255004883 -28.648790359 11.001213074 -0.009731710 -0.017025249 -0.110320009 0.993702650
1586247693.090153 -310.286651611 -28.847034454 11.010156631 -0.009783000 -0.016749088 -0.105820000 0.994196177
1586247693.123153 -310.313262939 -29.068004608 11.027223587 -0.009535253 -0.016802678 -0.101281226 0.994670212
1586247693.156153 -310.342864990 -29.267307281 11.035541534 -0.009451479 -0.016582618 -0.096787557 0.995122075
1586247693.189153 -310.370574951 -29.467512131 11.044016838 -0.009463966 -0.016268611 -0.092393130 0.995544791
1586247693.222153 -310.396789551 -29.668788910 11.052777290 -0.009416759 -0.015896991 -0.088121697 0.995938361
1586247693.255153 -310.420959473 -29.872877121 11.062007904 -0.009441526 -0.015576986 -0.084089279 0.996291757
1586247693.288153 -310.442077637 -30.099428177 11.080550194 -0.009007275 -0.015473627 -0.080086090 0.996627212
1586247693.321153 -310.464691162 -30.304086685 11.089865685 -0.008739680 -0.015337566 -0.076081298 0.996945381
1586247693.354153 -310.486328125 -30.509666443 11.099411964 -0.008419424 -0.015370823 -0.072211377 0.997235417
1586247693.387153 -310.506805420 -30.716232300 11.109090805 -0.008045077 -0.015396513 -0.068397082 0.997506976
1586247693.420153 -310.525726318 -30.924695969 11.118462563 -0.007836401 -0.015375187 -0.064825684 0.997747421
1586247693.453154 -310.542877197 -31.156875610 11.138912201 -0.007360755 -0.015467856 -0.061222270 0.997977138
1586247693.486153 -310.559356689 -31.366176605 11.148200035 -0.006952465 -0.015374811 -0.057750702 0.998188496
1586247693.519154 -310.574310303 -31.575946808 11.157204628 -0.006775677 -0.015148989 -0.054398298 0.998381495
1586247693.552154 -310.587799072 -31.786346436 11.166077614 -0.006686955 -0.014831367 -0.051235683 0.998554111
1586247693.585154 -310.599304199 -31.998563766 11.176813126 -0.006791592 -0.014491478 -0.048260376 0.998706639
1586247693.618154 -310.611877441 -32.234527588 11.195291519 -0.006693959 -0.014258008 -0.045286410 0.998849869
1586247693.651154 -310.621551514 -32.447303772 11.204525948 -0.006697893 -0.013826532 -0.042550258 0.998976231
1586247693.684154 -310.630249023 -32.660923004 11.213759422 -0.006739647 -0.013439049 -0.039961711 0.999088109
1586247693.717154 -310.638153076 -32.875415802 11.223113060 -0.006662160 -0.013058554 -0.037460744 0.999190569
1586247693.750154 -310.644714355 -33.091938019 11.232014656 -0.006633073 -0.012763225 -0.035147250 0.999278605
1586247693.783154 -310.655761719 -33.331855774 11.251604080 -0.006487221 -0.012769534 -0.032890894 0.999356389
1586247693.816154 -310.662017822 -33.549011230 11.260887146 -0.006383895 -0.012643822 -0.030684847 0.999428809
1586247693.849154 -310.667785645 -33.767036438 11.270188332 -0.006229520 -0.012641858 -0.028534796 0.999493480
1586247693.882154 -310.672912598 -33.985843658 11.279428482 -0.005958349 -0.012674558 -0.026466914 0.999551654
1586247693.915155 -310.676757812 -34.206188202 11.290064812 -0.005845666 -0.012639172 -0.024455991 0.999603927
1586247693.948155 -310.687103271 -34.449665070 11.308343887 -0.005759269 -0.012832261 -0.022468898 0.999648631
1586247693.981155 -310.689666748 -34.670616150 11.318018913 -0.005740285 -0.012747497 -0.020589827 0.999690294
1586247694.014155 -310.691070557 -34.892326355 11.327975273 -0.005633652 -0.012662203 -0.018816324 0.999726892
1586247694.047155 -310.691894531 -35.114715576 11.338011742 -0.005533576 -0.012567526 -0.017125556 0.999759078
1586247694.080155 -310.692382812 -35.339580536 11.348094940 -0.005390257 -0.012462622 -0.015500889 0.999787629
1586247694.113155 -310.699066162 -35.585384369 11.367312431 -0.005420744 -0.012464726 -0.013752602 0.999813080
1586247694.146155 -310.697143555 -35.810260773 11.377611160 -0.005415112 -0.012100167 -0.012186150 0.999837935
1586247694.179155 -310.694427490 -36.035820007 11.387950897 -0.005503714 -0.011820830 -0.010654052 0.999858320
1586247694.212155 -310.691253662 -36.262046814 11.398221016 -0.005613446 -0.011646795 -0.009119838 0.999874830
1586247694.245155 -310.695587158 -36.506526947 11.415611267 -0.005645067 -0.011894017 -0.007516497 0.999885082
1586247694.278156 -310.691986084 -36.734600067 11.425792694 -0.005781919 -0.011818394 -0.006076166 0.999895036
1586247694.311156 -310.687469482 -36.963417053 11.435789108 -0.005899191 -0.011581471 -0.004650009 0.999904752
1586247694.344156 -310.682250977 -37.192996979 11.445735931 -0.006070226 -0.011341866 -0.003308153 0.999911785
1586247694.377156 -310.676757812 -37.423492432 11.456340790 -0.006232618 -0.011239673 -0.001968141 0.999915481
1586247694.410156 -310.679656982 -37.675354004 11.473438263 -0.006098866 -0.011325522 -0.000573087 0.999917090
1586247694.443156 -310.672912598 -37.907928467 11.483731270 -0.005899340 -0.011252440 0.000593124 0.999919116
1586247694.476156 -310.665985107 -38.141536713 11.494058609 -0.005739272 -0.011241606 0.001702798 0.999918938
1586247694.509156 -310.658538818 -38.376293182 11.504375458 -0.005369127 -0.011372444 0.002770364 0.999917150
1586247694.542156 -310.652252197 -38.613700867 11.515280724 -0.004925132 -0.011558080 0.003817368 0.999913812
1586247694.575156 -310.654785156 -38.869071960 11.532415390 -0.004336656 -0.011876362 0.004843783 0.999908388
1586247694.608156 -310.646881104 -39.107086182 11.543000221 -0.003803134 -0.012060005 0.005751704 0.999903560
1586247694.641156 -310.638916016 -39.345970154 11.553510666 -0.003255576 -0.012413292 0.006604413 0.999895871
1586247694.674156 -310.630310059 -39.585521698 11.564021111 -0.002725750 -0.012702498 0.007440526 0.999887943
1586247694.707156 -310.621795654 -39.825630188 11.576032639 -0.002278924 -0.012985026 0.008272531 0.999878883
1586247694.740156 -310.624816895 -40.085018158 11.591881752 -0.001911670 -0.013425387 0.009089840 0.999866724
1586247694.773157 -310.614990234 -40.326358795 11.603016853 -0.001603097 -0.013659856 0.009726954 0.999858141
1586247694.806157 -310.605010986 -40.568222046 11.614238739 -0.001441419 -0.013831040 0.010284746 0.999850512
1586247694.839157 -310.593872070 -40.810504913 11.625517845 -0.001407564 -0.013905616 0.010807746 0.999843955
1586247694.872157 -310.584503174 -41.054229736 11.636790276 -0.001549989 -0.013972048 0.011315854 0.999837220
1586247694.905157 -310.585296631 -41.315917969 11.653015137 -0.001776636 -0.014070056 0.011863695 0.999829113
1586247694.938157 -310.573486328 -41.559768677 11.664241791 -0.002222448 -0.014045866 0.012311745 0.999823093
1586247694.971157 -310.561309814 -41.803897858 11.675316811 -0.002891689 -0.014053206 0.012794814 0.999815226
1586247695.004157 -310.548950195 -42.048477173 11.686350822 -0.003640949 -0.014062699 0.013298269 0.999806046
1586247695.037157 -310.539001465 -42.294200897 11.697988510 -0.004579097 -0.014004450 0.013818306 0.999796033
1586247695.070157 -310.530670166 -42.545864105 11.709545135 -0.005644828 -0.013970602 0.014276079 0.999784589
1586247695.103157 -310.518188477 -42.792678833 11.720865250 -0.006521732 -0.013900824 0.014721802 0.999773741
1586247695.136158 -310.505310059 -43.040493011 11.732324600 -0.007481784 -0.013976941 0.015152050 0.999759555
1586247695.169158 -310.492645264 -43.289497375 11.743971825 -0.008147717 -0.014130175 0.015540348 0.999746203
1586247695.202157 -310.480346680 -43.541164398 11.756041527 -0.008593231 -0.014309499 0.015910856 0.999734163
1586247695.235158 -310.486785889 -43.823490143 11.775841713 -0.008811653 -0.014696615 0.016416613 0.999718428
1586247695.268158 -310.473144531 -44.076412201 11.788570404 -0.008909464 -0.014744637 0.016722128 0.999711812
1586247695.301158 -310.459411621 -44.331077576 11.801525116 -0.008950800 -0.014763769 0.016988978 0.999706626
1586247695.334158 -310.453399658 -44.596443176 11.817794800 -0.008858949 -0.014805159 0.017295882 0.999701619
1586247695.367158 -310.438049316 -44.852584839 11.831749916 -0.008655460 -0.014539761 0.017573541 0.999702394
1586247695.400158 -310.421905518 -45.109508514 11.846163750 -0.008461475 -0.014085406 0.017833821 0.999705970
1586247695.433158 -310.404907227 -45.367221832 11.861011505 -0.008195043 -0.013572270 0.018039977 0.999711633
1586247695.466158 -310.389984131 -45.628147125 11.876579285 -0.007837564 -0.013048251 0.018250648 0.999717593
1586247695.499158 -310.386322021 -45.902748108 11.895817757 -0.007624835 -0.012570295 0.018461222 0.999721527
1586247695.532158 -310.368774414 -46.163154602 11.911100388 -0.007314235 -0.011967991 0.018619601 0.999728322
1586247695.565158 -310.351348877 -46.424114227 11.926160812 -0.007083237 -0.011412477 0.018747084 0.999734044
1586247695.598159 -310.333831787 -46.685432434 11.940922737 -0.007119596 -0.010914063 0.018880870 0.999736905
1586247695.631159 -310.316955566 -46.947250366 11.955265999 -0.007273047 -0.010567687 0.019018108 0.999736845
1586247695.664159 -310.316131592 -47.225852966 11.973019600 -0.007474244 -0.010429504 0.019173423 0.999733865
1586247695.697159 -310.299652100 -47.488895416 11.986876488 -0.007672608 -0.010379778 0.019272711 0.999731004
1586247695.730159 -310.282958984 -47.752502441 12.000617027 -0.007942736 -0.010198779 0.019406073 0.999728203
1586247695.763159 -310.265655518 -48.016700745 12.014530182 -0.008321434 -0.009965984 0.019499619 0.999725580
1586247695.796159 -310.250122070 -48.283683777 12.029708862 -0.008621126 -0.009811537 0.019637875 0.999721885
1586247695.829159 -310.249603271 -48.564483643 12.046554565 -0.008942395 -0.009680832 0.019742519 0.999718249
1586247695.862159 -310.232269287 -48.831607819 12.061729431 -0.009178519 -0.009474824 0.019806871 0.999716878
1586247695.895159 -310.214233398 -49.099521637 12.077250481 -0.009352475 -0.009150775 0.019838635 0.999717653
1586247695.928159 -310.195709229 -49.368198395 12.093107224 -0.009403497 -0.008748872 0.019918930 0.999719143
1586247695.961159 -310.191955566 -49.650077820 12.110698700 -0.009482950 -0.008311752 0.020073954 0.999719024
1586247695.994159 -310.173248291 -49.920955658 12.127111435 -0.009482324 -0.007783756 0.020140681 0.999721944
1586247696.027159 -310.154357910 -50.192443848 12.143585205 -0.009629935 -0.007245490 0.020245250 0.999722481
1586247696.060159 -310.135131836 -50.464500427 12.159967422 -0.009880601 -0.006685382 0.020383058 0.999721110
1586247696.093160 -310.106842041 -50.732849121 12.175004005 -0.009918331 -0.006221198 0.020379832 0.999723792
1586247696.126160 -310.115386963 -51.023937225 12.193605423 -0.009962142 -0.006008081 0.020606564 0.999720037
1586247696.159160 -310.097137451 -51.299388885 12.209614754 -0.009871632 -0.005793623 0.020713497 0.999719977
1586247696.192160 -310.078887939 -51.575752258 12.225755692 -0.009733975 -0.005573274 0.020764273 0.999721527
1586247696.225160 -310.060058594 -51.853004456 12.241910934 -0.009529084 -0.005266710 0.020835921 0.999723673
1586247696.258160 -310.055847168 -52.139026642 12.259115219 -0.009381087 -0.005070456 0.021016657 0.999722302
1586247696.291160 -310.037536621 -52.418128967 12.275304794 -0.009226889 -0.004958755 0.021054128 0.999723494
1586247696.324160 -310.019073486 -52.697975159 12.291517258 -0.008951156 -0.004787813 0.021134177 0.999725103
1586247696.357160 -309.999938965 -52.978523254 12.307770729 -0.008558661 -0.004389893 0.021226205 0.999728441
1586247696.390160 -309.994262695 -53.266254425 12.325277328 -0.008379668 -0.003816976 0.021360205 0.999729514
1586247696.423161 -309.974670410 -53.548622131 12.342033386 -0.008232950 -0.003335596 0.021406356 0.999731421
1586247696.456161 -309.954925537 -53.831588745 12.358854294 -0.008206517 -0.002904124 0.021446571 0.999732137
1586247696.489161 -309.935150146 -54.115230560 12.375496864 -0.008093148 -0.002625985 0.021507956 0.999732554
1586247696.522161 -309.929595947 -54.404026031 12.392556190 -0.007881403 -0.002536311 0.021602539 0.999732375
1586247696.555161 -309.911010742 -54.689701080 12.408543587 -0.007650942 -0.002517099 0.021670498 0.999732733
1586247696.588161 -309.892822266 -54.976203918 12.424198151 -0.007461548 -0.002521539 0.021759830 0.999732196
1586247696.621161 -309.875030518 -55.263614655 12.439555168 -0.007188201 -0.002618572 0.021830354 0.999732494
1586247696.654161 -309.858612061 -55.554225922 12.455007553 -0.007077008 -0.002769010 0.022034172 0.999728382
1586247696.687161 -309.854339600 -55.843997955 12.470379829 -0.006856740 -0.003000372 0.022185154 0.999725878
1586247696.720161 -309.837402344 -56.134635925 12.485809326 -0.006552547 -0.003160377 0.022290081 0.999725103
1586247696.753161 -309.820556641 -56.425937653 12.501471519 -0.006314546 -0.003451489 0.022349212 0.999724388
1586247696.786161 -309.809753418 -56.716823578 12.516885757 -0.005884707 -0.003769286 0.022419127 0.999724269
1586247696.819161 -309.792327881 -57.009555817 12.533182144 -0.005645364 -0.003971533 0.022430144 0.999724567
1586247696.852162 -309.774536133 -57.303028107 12.549757957 -0.005418419 -0.004062560 0.022458272 0.999724865
1586247696.885161 -309.756561279 -57.597026825 12.566406250 -0.005228251 -0.004188864 0.022479724 0.999724865
1586247696.918162 -309.739807129 -57.894329071 12.583127022 -0.005110859 -0.004371314 0.022575624 0.999722600
1586247696.951162 -309.732177734 -58.184284210 12.598207474 -0.005165577 -0.004504579 0.022736805 0.999718010
1586247696.984162 -309.714019775 -58.480239868 12.614284515 -0.005402178 -0.004575646 0.022855226 0.999713778
1586247697.017162 -309.695770264 -58.776760101 12.630130768 -0.005867422 -0.004601667 0.022963827 0.999708533
1586247697.050162 -309.677368164 -59.073989868 12.645908356 -0.006081760 -0.004653778 0.023111617 0.999703586
1586247697.083162 -309.667846680 -59.366836548 12.660396576 -0.006487966 -0.004929321 0.023321137 0.999694824
1586247697.116162 -309.650512695 -59.666385651 12.676203728 -0.006793648 -0.005239794 0.023465326 0.999687850
1586247697.149162 -309.633087158 -59.967048645 12.692141533 -0.006715804 -0.005578778 0.023563776 0.999684274
1586247697.182162 -309.615570068 -60.268573761 12.708131790 -0.006751001 -0.005868166 0.023677738 0.999679685
1586247697.215162 -309.601074219 -60.573329926 12.723977089 -0.006730199 -0.006062320 0.023847666 0.999674559
1586247697.248163 -309.582916260 -60.877082825 12.740373611 -0.006647706 -0.006114971 0.023970950 0.999671876
1586247697.281163 -309.564575195 -61.181674957 12.757075310 -0.006478428 -0.006198239 0.024090748 0.999669552
1586247697.314163 -309.546020508 -61.487174988 12.774058342 -0.006104499 -0.006307465 0.024185710 0.999669015
1586247697.347163 -309.536895752 -61.772705078 12.789166451 -0.005882055 -0.006333502 0.024393896 0.999665082
1586247697.380163 -309.517822266 -62.079963684 12.806446075 -0.005582214 -0.006223901 0.024457265 0.999665916
1586247697.413163 -309.498840332 -62.387874603 12.823856354 -0.005360067 -0.006220878 0.024524225 0.999665558
1586247697.446163 -309.479431152 -62.696506500 12.841206551 -0.005279124 -0.006210651 0.024598785 0.999664187
1586247697.479163 -309.465637207 -62.992843628 12.857183456 -0.005042434 -0.006196740 0.024760302 0.999661505
1586247697.512163 -309.446594238 -63.302448273 12.873871803 -0.005088866 -0.006265144 0.024896409 0.999657512
1586247697.545163 -309.427062988 -63.612716675 12.890375137 -0.005015671 -0.006213249 0.025007935 0.999655366
1586247697.578163 -309.407226562 -63.923458099 12.906705856 -0.005109817 -0.006004625 0.025133071 0.999653041
1586247697.611163 -309.392150879 -64.221244812 12.922123909 -0.005683899 -0.005874315 0.025249358 0.999647796
1586247697.644163 -309.372650146 -64.533378601 12.938569069 -0.005770087 -0.005867169 0.025337331 0.999645114
1586247697.677164 -309.353118896 -64.846214294 12.954895973 -0.005879253 -0.005999254 0.025452362 0.999640822
1586247697.710163 -309.333801270 -65.160011292 12.971506119 -0.005924523 -0.006217478 0.025552256 0.999636650
1586247697.743164 -309.314727783 -65.475372314 12.987795830 -0.005790204 -0.006466414 0.025668176 0.999632895
1586247697.776164 -309.301666260 -65.772407532 13.004045486 -0.005933136 -0.006932739 0.025884129 0.999623358
1586247697.809164 -309.282501221 -66.088424683 13.021161079 -0.006093383 -0.007248231 0.026010063 0.999616861
1586247697.842164 -309.263275146 -66.405380249 13.038310051 -0.005889504 -0.007407381 0.026174653 0.999612570
1586247697.875164 -309.242858887 -66.722831726 13.055585861 -0.005791038 -0.007302159 0.026356734 0.999609172
1586247697.908164 -309.228363037 -67.025001526 13.072418213 -0.006199688 -0.007292671 0.026447570 0.999604404
1586247697.941164 -309.208343506 -67.343620300 13.090278625 -0.006233454 -0.007466585 0.026549488 0.999600232
1586247697.974164 -309.188110352 -67.662841797 13.108214378 -0.006402463 -0.007649779 0.026593797 0.999596596
1586247698.007164 -309.167694092 -67.982749939 13.126170158 -0.006469518 -0.007705203 0.026633557 0.999594688
1586247698.040164 -309.151947021 -68.286842346 13.142714500 -0.006715745 -0.007851290 0.026849369 0.999586105
1586247698.073164 -309.132141113 -68.607711792 13.160535812 -0.006942093 -0.008094532 0.026972026 0.999579310
1586247698.106164 -309.111602783 -68.929222107 13.178493500 -0.007168084 -0.008064564 0.027133923 0.999573588
1586247698.139165 -309.090820312 -69.251480103 13.196676254 -0.007378340 -0.007988804 0.027341932 0.999567032
1586247698.172165 -309.073730469 -69.558540344 13.213287354 -0.007660925 -0.008165797 0.027563443 0.999557376
1586247698.205165 -309.052825928 -69.882049561 13.231637001 -0.007660389 -0.008127479 0.027739260 0.999552846
1586247698.238165 -309.031799316 -70.206329346 13.250422478 -0.007822812 -0.008082744 0.027863337 0.999548554
1586247698.271165 -309.010345459 -70.531669617 13.269511223 -0.007662594 -0.007911220 0.028007496 0.999547064
1586247698.304165 -308.985809326 -70.871948242 13.289269447 -0.007611424 -0.007821076 0.028052974 0.999546885
1586247698.337165 -308.970764160 -71.164688110 13.304883957 -0.007498384 -0.008102013 0.028283488 0.999539018
1586247698.370165 -308.949279785 -71.492240906 13.323804855 -0.007345258 -0.008202112 0.028422121 0.999535382
1586247698.403165 -308.927947998 -71.820358276 13.342593193 -0.007135003 -0.008329891 0.028589739 0.999531090
1586247698.436165 -308.905670166 -72.148864746 13.361506462 -0.007025391 -0.008229639 0.028759351 0.999527812
1586247698.469165 -308.886749268 -72.461334229 13.379021645 -0.007081449 -0.008219164 0.028806679 0.999526143
1586247698.502166 -308.864990234 -72.790481567 13.398449898 -0.007306307 -0.008311436 0.028909203 0.999520779
1586247698.535166 -308.842895508 -73.120094299 13.418210030 -0.007707327 -0.008268713 0.028979860 0.999516129
1586247698.568166 -308.820068359 -73.449989319 13.438254356 -0.007953345 -0.008104776 0.029066866 0.999512970
1586247698.601166 -308.799468994 -73.763587952 13.456157684 -0.008424462 -0.008042569 0.029341144 0.999501646
1586247698.634166 -308.776306152 -74.094207764 13.476242065 -0.008930533 -0.007950829 0.029475816 0.999493957
1586247698.667166 -308.752655029 -74.425140381 13.496235847 -0.009758979 -0.007605870 0.029686958 0.999482751
1586247698.700166 -308.728668213 -74.756813049 13.516216278 -0.010664612 -0.007293558 0.029909050 0.999469161
1586247698.733166 -308.705444336 -75.088424683 13.535567284 -0.011289804 -0.007106483 0.030138409 0.999456704
1586247698.799166 -308.661834717 -75.731361389 13.573274612 -0.011971205 -0.007165212 0.030686021 0.999431729
1586247698.832166 -308.638244629 -76.067253113 13.593751907 -0.011961848 -0.007203897 0.030910479 0.999424636
1586247698.865166 -308.614318848 -76.404464722 13.614439964 -0.011774808 -0.007180143 0.031135127 0.999420047
1586247698.898166 -308.589874268 -76.742881775 13.635685921 -0.011384636 -0.007001955 0.031337894 0.999419510
1586247698.931166 -308.567382812 -77.064353943 13.655110359 -0.010520458 -0.006618136 0.031644776 0.999421954
1586247698.964166 -308.541992188 -77.404640198 13.676679611 -0.009775161 -0.006356229 0.031818867 0.999425650
1586247698.997167 -308.516479492 -77.745903015 13.698346138 -0.008889526 -0.006099613 0.032026201 0.999428988
1586247699.030167 -308.490905762 -78.087669373 13.719975471 -0.008053929 -0.005941038 0.032211706 0.999431014
1586247699.063167 -308.467102051 -78.430046082 13.741434097 -0.007444888 -0.005777856 0.032412615 0.999430239
1586247699.096167 -308.442626953 -78.748580933 13.759835243 -0.006818205 -0.005602053 0.032636210 0.999428332
1586247699.129167 -308.417846680 -79.091850281 13.780319214 -0.006289720 -0.005686756 0.032858856 0.999424040
1586247699.162167 -308.393005371 -79.435272217 13.800279617 -0.006065488 -0.005755643 0.033096068 0.999417245
1586247699.195167 -308.368133545 -79.778862000 13.819643021 -0.005916655 -0.005814906 0.033404991 0.999407530
1586247699.228167 -308.343536377 -80.122497559 13.838069916 -0.006022632 -0.005896330 0.033629939 0.999398828
1586247699.261167 -308.319244385 -80.441154480 13.854688644 -0.006250739 -0.006038006 0.033984825 0.999384642
1586247699.294167 -308.294403076 -80.785987854 13.873189926 -0.006352871 -0.006294812 0.034216587 0.999374449
1586247699.327168 -308.268920898 -81.131446838 13.891500473 -0.006449759 -0.006485519 0.034439057 0.999364972
1586247699.360168 -308.243408203 -81.477722168 13.909842491 -0.006449132 -0.006610382 0.034694381 0.999355316
1586247699.393168 -308.217620850 -81.824737549 13.928337097 -0.006164908 -0.006740670 0.034948871 0.999347448
1586247699.426167 -308.192749023 -82.145011902 13.945075035 -0.006056577 -0.006764601 0.035300784 0.999335527
1586247699.459168 -308.166229248 -82.493263245 13.963920593 -0.005757749 -0.006763447 0.035613146 0.999326169
1586247699.492168 -308.139587402 -82.842063904 13.982999802 -0.005564511 -0.006822176 0.035893157 0.999316931
1586247699.525168 -308.113037109 -83.191490173 14.002410889 -0.005250782 -0.007056872 0.036188506 0.999306321
1586247699.558168 -308.086181641 -83.539886475 14.021462440 -0.004909337 -0.007357266 0.036510058 0.999294162
1586247699.591168 -308.061706543 -83.862930298 14.039253235 -0.004628122 -0.007538073 0.036825147 0.999282598
1586247699.624168 -308.035034180 -84.213584900 14.058629036 -0.004240394 -0.007839831 0.037129130 0.999270737
1586247699.657168 -308.007995605 -84.564453125 14.077530861 -0.004159778 -0.008146881 0.037363429 0.999259949
1586247699.690168 -307.980651855 -84.915809631 14.096282959 -0.004058748 -0.008432556 0.037638210 0.999247670
1586247699.723168 -307.954864502 -85.244857788 14.113412857 -0.004075676 -0.008640084 0.038087036 0.999228776
1586247699.756168 -307.926727295 -85.597129822 14.131577492 -0.004063517 -0.008809620 0.038344942 0.999217510
1586247699.789168 -307.898712158 -85.949935913 14.149607658 -0.004008501 -0.009086861 0.038604323 0.999205232
1586247699.822169 -307.869964600 -86.303062439 14.167889595 -0.004115522 -0.009257594 0.038836949 0.999194264
1586247699.855169 -307.840332031 -86.656311035 14.185938835 -0.004369944 -0.009309001 0.039043814 0.999184668
1586247699.888169 -307.814147949 -86.980049133 14.203555107 -0.004521102 -0.009248668 0.039385669 0.999171078
1586247699.921169 -307.784393311 -87.334396362 14.222304344 -0.004723549 -0.009286952 0.039670248 0.999158561
1586247699.954169 -307.754425049 -87.689186096 14.240976334 -0.005002171 -0.009337573 0.039991371 0.999143958
1586247699.987169 -307.724639893 -88.044670105 14.259542465 -0.004985005 -0.009565255 0.040268656 0.999130726
1586247700.020169 -307.694824219 -88.399841309 14.277932167 -0.005101025 -0.010080287 0.040521570 0.999114871
1586247700.053169 -307.669250488 -88.726463318 14.295796394 -0.005171150 -0.010780929 0.040817905 0.999095082
1586247700.086169 -307.639556885 -89.083541870 14.314355850 -0.005256414 -0.011186770 0.041107152 0.999078274
1586247700.119169 -307.609313965 -89.441360474 14.333196640 -0.005310505 -0.011366487 0.041349743 0.999065936
1586247700.152169 -307.578094482 -89.799751282 14.352450371 -0.005026937 -0.011470959 0.041584861 0.999056458
1586247700.185169 -307.545776367 -90.157478333 14.371607780 -0.004776210 -0.011388167 0.041834742 0.999048233
1586247700.218170 -307.516998291 -90.486633301 14.391311646 -0.004778653 -0.011263162 0.042104203 0.999038339
1586247700.251169 -307.483703613 -90.845657349 14.411308289 -0.004830479 -0.010897843 0.042287484 0.999034345
1586247700.284170 -307.449890137 -91.204849243 14.431377411 -0.004907459 -0.010575593 0.042455580 0.999030352
1586247700.317170 -307.416137695 -91.564132690 14.451478958 -0.005238503 -0.010277914 0.042607814 0.999025345
1586247700.350170 -307.384857178 -91.899085999 14.471639633 -0.005738914 -0.010185710 0.042829987 0.999013960
1586247700.383170 -307.351898193 -92.258590698 14.492053032 -0.006210983 -0.010073495 0.042943723 0.999007404
1586247700.416170 -307.318695068 -92.618316650 14.512302399 -0.006892949 -0.010007562 0.043003008 0.999001026
1586247700.449170 -307.286041260 -92.978462219 14.532489777 -0.007486820 -0.009942126 0.043071732 0.998994470
1586247700.482170 -307.253997803 -93.314727783 14.551952362 -0.008190572 -0.009865796 0.043204896 0.998983979
1586247700.515170 -307.220611572 -93.675773621 14.572580338 -0.008757531 -0.009687929 0.043160710 0.998982787
1586247700.548170 -307.186828613 -94.037536621 14.593573570 -0.009248763 -0.009327836 0.043141980 0.998982668
1586247700.581170 -307.152557373 -94.399993896 14.614982605 -0.009578735 -0.008853383 0.043068603 0.998987019
1586247700.647171 -307.084686279 -95.096527100 14.658305168 -0.009573550 -0.008060426 0.043032061 0.998995304
1586247700.680171 -307.050292969 -95.461639404 14.680108070 -0.009113342 -0.007821409 0.043026991 0.999001741
1586247700.713171 -307.016387939 -95.827407837 14.701935768 -0.008755773 -0.007651319 0.043011568 0.999006927
1586247700.746171 -306.982666016 -96.193901062 14.723646164 -0.008217871 -0.007488848 0.042990051 0.999013662
1586247700.779171 -306.950378418 -96.536247253 14.745732307 -0.007657110 -0.007277566 0.042892966 0.999023795
1586247700.812171 -306.916778564 -96.903610229 14.767655373 -0.007077277 -0.006982727 0.042758770 0.999036014
1586247700.845171 -306.882812500 -97.271308899 14.789487839 -0.006277591 -0.006691749 0.042556457 0.999051929
1586247700.878171 -306.849792480 -97.639190674 14.810996056 -0.005785733 -0.006573183 0.042273946 0.999067724
1586247700.911171 -306.818542480 -97.983253479 14.832608223 -0.005663157 -0.006529619 0.041931026 0.999083161
1586247700.944171 -306.785583496 -98.351150513 14.853451729 -0.005414337 -0.006483093 0.041531317 0.999101520
1586247700.977171 -306.753448486 -98.719131470 14.873821259 -0.005535334 -0.006552956 0.041121855 0.999117374
1586247701.010171 -306.721527100 -99.087417603 14.894010544 -0.005563378 -0.006598833 0.040707462 0.999133825
1586247701.043171 -306.691650391 -99.432273865 14.913597107 -0.005876869 -0.006662221 0.040369537 0.999145329
1586247701.076172 -306.660034180 -99.800720215 14.933357239 -0.006406367 -0.006667991 0.039977349 0.999157846
1586247701.109172 -306.628875732 -100.169509888 14.953259468 -0.006850421 -0.006797387 0.039635219 0.999167621
1586247701.142172 -306.598022461 -100.538948059 14.973258972 -0.007076561 -0.007027765 0.039283827 0.999178350
1586247701.175172 -306.570373535 -100.885795593 14.993273735 -0.007399231 -0.007332291 0.038892321 0.999189138
1586247701.208172 -306.540313721 -101.256423950 15.013835907 -0.007470816 -0.007536593 0.038546834 0.999200463
1586247701.241172 -306.510528564 -101.627754211 15.034607887 -0.007526845 -0.007772188 0.038164318 0.999212980
1586247701.274172 -306.481445312 -101.999969482 15.055469513 -0.007522612 -0.008156472 0.037823435 0.999222875
1586247701.307172 -306.454620361 -102.349563599 15.075960159 -0.007351518 -0.008564667 0.037412714 0.999236166
1586247701.340172 -306.425628662 -102.723167419 15.097118378 -0.006966083 -0.008827289 0.037020590 0.999251246
1586247701.373172 -306.396728516 -103.097282410 15.118416786 -0.006622105 -0.009151522 0.036584854 0.999266744
1586247701.406173 -306.367706299 -103.471900940 15.139864922 -0.006054223 -0.009320555 0.036217503 0.999282181
1586247701.439172 -306.341308594 -103.822860718 15.161152840 -0.006045402 -0.009501034 0.035861094 0.999293387
1586247701.472172 -306.312042236 -104.197540283 15.182464600 -0.005960434 -0.009414593 0.035450242 0.999309361
1586247701.505172 -306.282592773 -104.572532654 15.203768730 -0.005824149 -0.009287849 0.035080567 0.999324381
1586247701.538173 -306.253967285 -104.947914124 15.224899292 -0.005943120 -0.009398084 0.034659907 0.999337316
1586247701.571173 -306.228454590 -105.300163269 15.245935440 -0.006040305 -0.009874883 0.034238655 0.999346673
1586247701.604173 -306.200775146 -105.676368713 15.266427994 -0.006056845 -0.010212355 0.033895247 0.999354839
1586247701.637173 -306.173187256 -106.053230286 15.286581993 -0.006138772 -0.010508929 0.033575274 0.999362111
1586247701.670173 -306.146331787 -106.430725098 15.306422234 -0.006000996 -0.010896124 0.033285789 0.999368489
1586247701.703173 -306.122436523 -106.784324646 15.326090813 -0.006204307 -0.011148644 0.032831915 0.999379456
1586247701.736173 -306.095581055 -107.162353516 15.346583366 -0.006227016 -0.011339645 0.032483794 0.999388576
1586247701.769173 -306.068664551 -107.540931702 15.367529869 -0.006069213 -0.011523206 0.032180883 0.999397218
1586247701.802173 -306.042053223 -107.919876099 15.388801575 -0.006135285 -0.011813175 0.031846721 0.999404192
1586247701.835173 -306.018096924 -108.275352478 15.409746170 -0.005812228 -0.012110595 0.031558737 0.999411643
1586247701.868173 -305.991333008 -108.654991150 15.431312561 -0.005924881 -0.012117583 0.031305224 0.999418914
1586247701.901174 -305.964324951 -109.035110474 15.452538490 -0.006074697 -0.011986244 0.031175770 0.999423623
1586247701.934173 -305.937622070 -109.415596008 15.473299026 -0.006256759 -0.011970078 0.031049119 0.999426603
1586247701.967174 -305.912963867 -109.771751404 15.493256569 -0.006437481 -0.012193475 0.030895071 0.999427557
1586247702.000174 -305.887207031 -110.153327942 15.514086723 -0.006220460 -0.012340715 0.030795075 0.999430180
1586247702.033174 -305.861694336 -110.535781860 15.534988403 -0.005872637 -0.012585416 0.030683789 0.999432683
1586247702.066174 -305.836517334 -110.918838501 15.556205750 -0.005707413 -0.012986287 0.030562811 0.999432266
1586247702.099174 -305.811889648 -111.277015686 15.576106071 -0.005526811 -0.013356485 0.030350773 0.999434829
1586247702.132174 -305.786437988 -111.660148621 15.597744942 -0.005394548 -0.013496386 0.030306160 0.999435067
1586247702.165174 -305.759765625 -112.043151855 15.619760513 -0.005473435 -0.013151577 0.030299531 0.999439418
1586247702.198174 -305.732177734 -112.426055908 15.641978264 -0.005508631 -0.012665749 0.030386766 0.999442816
1586247702.231174 -305.705749512 -112.783798218 15.663917542 -0.006100506 -0.012511928 0.030506151 0.999437690
1586247702.264174 -305.678802490 -113.166519165 15.686325073 -0.006686956 -0.012371297 0.030628325 0.999431908
1586247702.297174 -305.652191162 -113.549583435 15.708364487 -0.007229805 -0.012449538 0.030749056 0.999423504
1586247702.330174 -305.625274658 -113.932044983 15.729292870 -0.008140206 -0.012484545 0.030852336 0.999412894
1586247702.363175 -305.599060059 -114.291481018 15.751091957 -0.008550823 -0.012558199 0.031110285 0.999400556
1586247702.396175 -305.571990967 -114.676170349 15.772822380 -0.008834541 -0.012485844 0.031326141 0.999392211
1586247702.429175 -305.544616699 -115.061805725 15.795175552 -0.008916645 -0.012266846 0.031466879 0.999389768
1586247702.462175 -305.516448975 -115.448387146 15.818193436 -0.008636116 -0.011925476 0.031527586 0.999394417
1586247702.495175 -305.489318848 -115.810287476 15.842547417 -0.008289218 -0.011772495 0.031473149 0.999400973
1586247702.528175 -305.461364746 -116.198165894 15.866484642 -0.007476032 -0.011747354 0.031479433 0.999407411
1586247702.561175 -305.433288574 -116.586395264 15.890449524 -0.006819277 -0.011677588 0.031525292 0.999411464
1586247702.594175 -305.404937744 -116.973838806 15.913561821 -0.006405652 -0.011614131 0.031590238 0.999412894
1586247702.627175 -305.379058838 -117.337379456 15.938144684 -0.006141126 -0.011386227 0.031784162 0.999411047
1586247702.660175 -305.350921631 -117.725502014 15.961024284 -0.005984724 -0.011276386 0.031933334 0.999408543
1586247702.693175 -305.322540283 -118.113578796 15.983455658 -0.005762577 -0.011221874 0.032058705 0.999406397
1586247702.726176 -305.294250488 -118.501457214 16.005508423 -0.005941451 -0.011137480 0.032207806 0.999401510
1586247702.759176 -305.269470215 -118.863395691 16.028476715 -0.006363630 -0.011274651 0.032364558 0.999392271
1586247702.792176 -305.241058350 -119.251197815 16.050252914 -0.006721109 -0.011304799 0.032485906 0.999385715
1586247702.825176 -305.212524414 -119.639053345 16.071964264 -0.007370471 -0.011286740 0.032628339 0.999376655
1586247702.858176 -305.183471680 -120.027275085 16.093803406 -0.007762819 -0.011163012 0.032740224 0.999371409
1586247702.891176 -305.158569336 -120.388946533 16.117065430 -0.008090079 -0.011065375 0.032857120 0.999366045
1586247702.924176 -305.129211426 -120.777908325 16.139301300 -0.008418977 -0.010972647 0.032947373 0.999361396
1586247702.957176 -305.099578857 -121.167427063 16.161705017 -0.008591355 -0.010830794 0.033039179 0.999358475
1586247702.990176 -305.069641113 -121.557411194 16.185222626 -0.008785754 -0.010672413 0.033065803 0.999357581
1586247703.023176 -305.045074463 -121.921348572 16.208477020 -0.008667290 -0.010403014 0.033266626 0.999354839
1586247703.056176 -305.014678955 -122.312553406 16.232353210 -0.008351922 -0.010143377 0.033361446 0.999356985
1586247703.089176 -304.983856201 -122.703926086 16.256547928 -0.008185446 -0.009748138 0.033414289 0.999360561
1586247703.122176 -304.953277588 -123.095542908 16.280637741 -0.007959752 -0.009438961 0.033399526 0.999365807
1586247703.155176 -304.928741455 -123.459373474 16.304800034 -0.007739634 -0.009252443 0.033463631 0.999367177
1586247703.188177 -304.897918701 -123.851203918 16.329023361 -0.007758468 -0.008994339 0.033459056 0.999369502
1586247703.221177 -304.867309570 -124.243179321 16.353050232 -0.007708490 -0.008823887 0.033452936 0.999371648
1586247703.254177 -304.835968018 -124.634689331 16.377279282 -0.007614046 -0.008568961 0.033510711 0.999372602
1586247703.287177 -304.813171387 -124.997657776 16.399969101 -0.007851274 -0.008497551 0.033637237 0.999367177
1586247703.320177 -304.783020020 -125.390022278 16.423353195 -0.008010238 -0.008617138 0.033657193 0.999364197
1586247703.353177 -304.754364014 -125.783409119 16.446186066 -0.007920533 -0.009228401 0.033648595 0.999359727
1586247703.386177 -304.727600098 -126.176689148 16.469066620 -0.007890225 -0.009995569 0.033503246 0.999357522
1586247703.419177 -304.704498291 -126.540817261 16.490428925 -0.007730514 -0.009865378 0.033556174 0.999358237
1586247703.452177 -304.674560547 -126.935028076 16.513694763 -0.007061690 -0.009688396 0.033408578 0.999369860
1586247703.485177 -304.643554688 -127.329177856 16.537441254 -0.006883383 -0.009019513 0.033334155 0.999379873
1586247703.518177 -304.612152100 -127.723228455 16.561548233 -0.006870270 -0.008444644 0.033182178 0.999390066
1586247703.551178 -304.589904785 -128.086547852 16.583490372 -0.007173092 -0.008508761 0.033092264 0.999390364
1586247703.584177 -304.562042236 -128.481338501 16.607265472 -0.006776929 -0.009501470 0.032854483 0.999392033
1586247703.617177 -304.534088135 -128.875442505 16.630832672 -0.006519645 -0.010090841 0.032671727 0.999394000
1586247703.650177 -304.507995605 -129.268234253 16.653741837 -0.007212043 -0.010627531 0.032667194 0.999383807
1586247703.683178 -304.486511230 -129.630523682 16.674238205 -0.007934064 -0.010674339 0.032602362 0.999379933
1586247703.716178 -304.457489014 -130.024322510 16.698070526 -0.008344442 -0.010236988 0.032507785 0.999384284
1586247703.749178 -304.427673340 -130.418289185 16.722528458 -0.008849144 -0.009777896 0.032274134 0.999392092
1586247703.782178 -304.403442383 -130.788284302 16.745124817 -0.008977920 -0.009644531 0.032020278 0.999400377
1586247703.815178 -304.374694824 -131.183258057 16.769983292 -0.009023279 -0.009820819 0.031790208 0.999405622
1586247703.848178 -304.347167969 -131.578094482 16.794237137 -0.009913714 -0.010336133 0.031621955 0.999397337
1586247703.881178 -304.319274902 -131.972839355 16.819295883 -0.009846896 -0.010310696 0.031455982 0.999403477
1586247703.914178 -304.288482666 -132.386611938 16.845714569 -0.009612650 -0.009805718 0.031286705 0.999416113
1586247703.947178 -304.259918213 -132.783172607 16.871147156 -0.009485482 -0.009442741 0.031175271 0.999424338
1586247703.980178 -304.231109619 -133.179840088 16.896570206 -0.009186208 -0.009239336 0.031040635 0.999433219
1586247704.013178 -304.202697754 -133.576980591 16.922060013 -0.009034038 -0.009139664 0.030911552 0.999439597
1586247704.046179 -304.191192627 -133.890258789 16.940616608 -0.008958876 -0.009325013 0.030848777 0.999440432
1586247704.079179 -304.163299561 -134.287826538 16.966096878 -0.008546173 -0.009386289 0.030673387 0.999448895
1586247704.112179 -304.135437012 -134.685485840 16.991342545 -0.008362770 -0.009352375 0.030467579 0.999457061
1586247704.145179 -304.107299805 -135.083206177 17.016248703 -0.008058875 -0.009153793 0.030330280 0.999465525
1586247704.178179 -304.086853027 -135.446685791 17.037614822 -0.007815182 -0.008979140 0.030331012 0.999469042
1586247704.211179 -304.059082031 -135.844619751 17.061973572 -0.007992595 -0.008865538 0.030072710 0.999476433
1586247704.244179 -304.031646729 -136.242767334 17.086215973 -0.007757038 -0.008814881 0.029887211 0.999484360
1586247704.277179 -304.004364014 -136.641159058 17.110420227 -0.007628322 -0.008802432 0.029744266 0.999489725
1586247704.310179 -303.984466553 -137.004440308 17.130521774 -0.007621974 -0.008859280 0.029630750 0.999492586
1586247704.343179 -303.958038330 -137.402999878 17.154335022 -0.007283181 -0.009018639 0.029475052 0.999498367
1586247704.376179 -303.931488037 -137.801513672 17.178258896 -0.007219254 -0.009052695 0.029339682 0.999502420
1586247704.409179 -303.904388428 -138.199539185 17.202320099 -0.007272273 -0.009080814 0.029217834 0.999505460
1586247704.442180 -303.884246826 -138.563308716 17.223611832 -0.007358075 -0.009049731 0.029185906 0.999505997
1586247704.475179 -303.857482910 -138.961578369 17.247901917 -0.007678330 -0.009063090 0.029055923 0.999507248
1586247704.508180 -303.830780029 -139.359909058 17.272100449 -0.007764578 -0.009092885 0.028978681 0.999508560
1586247704.541180 -303.803924561 -139.758255005 17.296400070 -0.008030504 -0.009012087 0.028888982 0.999509811
1586247704.574180 -303.784118652 -140.121185303 17.317699432 -0.008362145 -0.009033157 0.028812384 0.999509037
1586247704.607180 -303.757385254 -140.519577026 17.341812134 -0.008531481 -0.008916486 0.028730646 0.999511003
1586247704.640180 -303.730743408 -140.918167114 17.365968704 -0.008926988 -0.008867943 0.028641107 0.999510646
1586247704.673180 -303.704132080 -141.317138672 17.390445709 -0.009103477 -0.008853773 0.028542127 0.999511957
1586247704.706180 -303.684448242 -141.680450439 17.412889481 -0.009142548 -0.008980406 0.028503817 0.999511600
1586247704.739180 -303.658386230 -142.079452515 17.438159943 -0.009118795 -0.008983931 0.028390765 0.999514997
1586247704.772180 -303.634674072 -142.461761475 17.462194443 -0.008904249 -0.009030529 0.028317155 0.999518573
1586247704.805180 -303.608642578 -142.860931396 17.487775803 -0.008705884 -0.008874130 0.028249696 0.999523640
1586247704.838180 -303.584289551 -143.243743896 17.511842728 -0.008715570 -0.008804377 0.028255459 0.999523997
1586247704.871181 -303.558258057 -143.643157959 17.537122726 -0.008455724 -0.008685392 0.028219156 0.999528289
1586247704.904181 -303.532379150 -144.042709351 17.562528610 -0.008351744 -0.008570087 0.028143620 0.999532282
1586247704.970181 -303.483001709 -144.836471558 17.611566544 -0.008263111 -0.008387271 0.028124433 0.999535084
1586247705.003181 -303.457458496 -145.235473633 17.636852264 -0.008500606 -0.008307591 0.028081566 0.999534965
1586247705.036181 -303.431823730 -145.634902954 17.661911011 -0.008513004 -0.008169359 0.028082656 0.999536037
1586247705.069181 -303.406677246 -146.034667969 17.686702728 -0.008588284 -0.008264196 0.028089680 0.999534369
1586247705.102181 -303.384338379 -146.371444702 17.707609177 -0.008601279 -0.008527764 0.028140947 0.999530613
1586247705.135181 -303.359924316 -146.771545410 17.731607437 -0.008379847 -0.008794928 0.028065324 0.999532282
1586247705.168181 -303.335449219 -147.171813965 17.755760193 -0.008295000 -0.008943299 0.028052079 0.999532104
1586247705.201181 -303.310821533 -147.572189331 17.780319214 -0.008315532 -0.008999165 0.028033298 0.999531865
1586247705.234181 -303.286376953 -147.970291138 17.805932999 -0.008216053 -0.009015313 0.028018881 0.999532998
1586247705.267181 -303.261138916 -148.370574951 17.831600189 -0.008251965 -0.008878986 0.028020712 0.999533892
1586247705.300181 -303.236083984 -148.770721436 17.856998444 -0.008345245 -0.008777617 0.028004188 0.999534428
1586247705.333182 -303.210906982 -149.170684814 17.882196426 -0.008579552 -0.008757996 0.027990732 0.999533057
1586247705.366182 -303.188232422 -149.504226685 17.904527664 -0.009008974 -0.008900311 0.027895588 0.999530673
1586247705.399182 -303.163482666 -149.904296875 17.929098129 -0.009419083 -0.008958765 0.027890638 0.999526441
1586247705.432182 -303.138702393 -150.304626465 17.953647614 -0.009763867 -0.008976622 0.027865630 0.999523759
1586247705.465182 -303.113830566 -150.705535889 17.978425980 -0.010052383 -0.008895917 0.027843919 0.999522209
1586247705.498182 -303.089782715 -151.071105957 18.002443314 -0.010093808 -0.008778322 0.027964160 0.999519467
1586247705.531182 -303.064727783 -151.473159790 18.027675629 -0.010125189 -0.008751920 0.027959473 0.999519467
1586247705.564182 -303.039611816 -151.875808716 18.053230286 -0.009699672 -0.008705455 0.027923122 0.999525189
1586247705.597182 -303.014587402 -152.278732300 18.079055786 -0.009387285 -0.008677485 0.027877703 0.999529600
1586247705.630183 -302.990997314 -152.643768311 18.103740692 -0.009090126 -0.008629073 0.027831031 0.999534070
1586247705.663182 -302.966186523 -153.046981812 18.129610062 -0.008725911 -0.008651138 0.027808083 0.999537766
1586247705.696182 -302.940948486 -153.450103760 18.155368805 -0.008463085 -0.008606369 0.027810326 0.999540329
1586247705.729182 -302.916076660 -153.853073120 18.180866241 -0.008354276 -0.008583145 0.027790383 0.999541998
1586247705.762183 -302.892608643 -154.216323853 18.204669952 -0.008477689 -0.008518226 0.027690278 0.999544322
1586247705.795183 -302.867523193 -154.619186401 18.229721069 -0.008673638 -0.008519527 0.027663898 0.999543369
1586247705.828183 -302.842651367 -155.022079468 18.254621506 -0.008941382 -0.008592371 0.027657822 0.999540567
1586247705.861183 -302.817779541 -155.425003052 18.279411316 -0.009356111 -0.008720249 0.027650258 0.999535859
1586247705.894183 -302.795654297 -155.785934448 18.302865982 -0.009791315 -0.008811269 0.027573369 0.999533057
1586247705.927183 -302.770904541 -156.188949585 18.327405930 -0.010120839 -0.008806497 0.027571738 0.999529839
1586247705.960183 -302.746215820 -156.592254639 18.352035522 -0.010360925 -0.008812056 0.027569134 0.999527335
1586247705.993183 -302.721130371 -156.995803833 18.376815796 -0.010602236 -0.008787449 0.027531767 0.999526143
1586247706.026183 -302.698577881 -157.357467651 18.401687622 -0.010650606 -0.008884285 0.027540946 0.999524474
1586247706.059183 -302.673645020 -157.761627197 18.427539825 -0.010713310 -0.008883229 0.027528217 0.999524176
1586247706.092183 -302.649078369 -158.166122437 18.453491211 -0.010580122 -0.008957634 0.027507933 0.999525487
1586247706.125184 -302.624176025 -158.570922852 18.479709625 -0.010324478 -0.008920131 0.027506035 0.999528527
1586247706.158183 -302.601226807 -158.933074951 18.504787445 -0.010174423 -0.008884588 0.027396999 0.999533415
1586247706.191184 -302.576232910 -159.337768555 18.530780792 -0.010045171 -0.008841620 0.027416402 0.999534547
1586247706.224184 -302.551330566 -159.742691040 18.556745529 -0.009867728 -0.008833392 0.027390199 0.999537110
1586247706.257184 -302.526123047 -160.147430420 18.582561493 -0.009863883 -0.008803558 0.027371751 0.999537945
1586247706.290184 -302.503601074 -160.509170532 18.607852936 -0.009935201 -0.008771050 0.027281335 0.999539912
1586247706.323184 -302.478790283 -160.913330078 18.634010315 -0.010189385 -0.008743053 0.027236922 0.999538839
1586247706.356184 -302.454315186 -161.317840576 18.660001755 -0.010334045 -0.008755081 0.027225304 0.999537587
1586247706.389184 -302.429687500 -161.722686768 18.685575485 -0.010417998 -0.008819439 0.027163181 0.999537826
1586247706.422184 -302.406280518 -162.084228516 18.709093094 -0.010642052 -0.008830804 0.027187895 0.999534726
1586247706.455184 -302.381805420 -162.489334106 18.734220505 -0.010611564 -0.008806795 0.027174339 0.999535620
1586247706.488184 -302.357147217 -162.894683838 18.759340286 -0.010693192 -0.008790313 0.027149696 0.999535561
1586247706.521184 -302.332214355 -163.300445557 18.784778595 -0.010622025 -0.008671626 0.027118009 0.999538183
1586247706.554184 -302.308227539 -163.662628174 18.808851242 -0.010400982 -0.008594072 0.027094919 0.999541819
1586247706.587185 -302.283203125 -164.068954468 18.835023880 -0.009792061 -0.008449842 0.027069418 0.999549925
1586247706.620185 -302.258697510 -164.475448608 18.861019135 -0.009442330 -0.008464714 0.027077079 0.999552965
1586247706.653185 -302.234161377 -164.881927490 18.886600494 -0.009090215 -0.008563166 0.027086113 0.999555111
1586247706.686185 -302.210876465 -165.244720459 18.910243988 -0.008856356 -0.008866485 0.027027074 0.999556184
1586247706.719185 -302.187103271 -165.650985718 18.935329437 -0.008617133 -0.009023083 0.027004078 0.999557495
1586247706.752185 -302.163208008 -166.057357788 18.960460663 -0.008353621 -0.009083457 0.027010977 0.999558985
1586247706.785185 -302.139129639 -166.463790894 18.985612869 -0.008235573 -0.008996750 0.026997827 0.999561071
1586247706.818185 -302.114410400 -166.826263428 19.008672714 -0.008360744 -0.008954619 0.026863294 0.999564052
1586247706.851185 -302.090087891 -167.232223511 19.033363342 -0.008297920 -0.008951693 0.026859809 0.999564767
1586247706.884185 -302.066070557 -167.638214111 19.058067322 -0.008533984 -0.008983318 0.026832949 0.999563217
1586247706.917185 -302.042053223 -168.044418335 19.082750320 -0.008673191 -0.009025069 0.026817484 0.999562025
1586247706.950186 -302.017608643 -168.406616211 19.105110168 -0.008823455 -0.009175913 0.026769888 0.999560595
1586247706.983185 -301.993560791 -168.812728882 19.129686356 -0.009071172 -0.009267880 0.026791112 0.999556959
1586247707.016186 -301.969299316 -169.218917847 19.154367447 -0.009152323 -0.009159947 0.026816888 0.999556541
1586247707.049186 -301.945251465 -169.625473022 19.179235458 -0.009351015 -0.009185256 0.026818208 0.999554455
1586247707.082186 -301.920867920 -169.988632202 19.202033997 -0.009406716 -0.009100349 0.026789557 0.999555469
1586247707.115186 -301.896148682 -170.395507812 19.227220535 -0.009167433 -0.008989666 0.026841350 0.999557316
1586247707.148186 -301.871093750 -170.802581787 19.252532959 -0.009200513 -0.008876698 0.026818067 0.999558628
1586247707.181186 -301.846374512 -171.210250854 19.277914047 -0.008864164 -0.008776946 0.026803322 0.999562979
1586247707.214186 -301.822784424 -171.574707031 19.300622940 -0.008655608 -0.008702833 0.026742920 0.999567032
1586247707.247186 -301.797912598 -171.983352661 19.325401306 -0.007882506 -0.008511709 0.026784230 0.999573946
1586247707.280186 -301.772857666 -172.391464233 19.350290298 -0.008101909 -0.008213363 0.026832659 0.999573350
1586247707.313186 -301.747772217 -172.799407959 19.375539780 -0.008020669 -0.007999357 0.026839439 0.999575615
1586247707.346186 -301.723663330 -173.163970947 19.397264481 -0.007023901 -0.008080410 0.026800249 0.999583483
1586247707.379186 -301.699401855 -173.572204590 19.421752930 -0.006474853 -0.008143970 0.026844421 0.999585509
1586247707.412186 -301.675292969 -173.979644775 19.446537018 -0.006427645 -0.008209041 0.026865829 0.999584675
1586247707.445187 -301.651336670 -174.386917114 19.471353531 -0.006991506 -0.008382784 0.026899703 0.999578595
1586247707.478187 -301.627319336 -174.749374390 19.493017197 -0.007474840 -0.008785296 0.026841100 0.999573231
1586247707.511187 -301.603393555 -175.154861450 19.516809464 -0.007588178 -0.008896749 0.026918475 0.999569297
1586247707.544187 -301.579223633 -175.560119629 19.540966034 -0.008335680 -0.008951716 0.026931044 0.999562502
1586247707.577187 -301.555480957 -175.966674805 19.566320419 -0.007988929 -0.009114517 0.027001258 0.999561906
1586247707.610187 -301.531585693 -176.328979492 19.588222504 -0.008810818 -0.009408844 0.026915768 0.999554634
1586247707.643187 -301.507781982 -176.734420776 19.612737656 -0.010247856 -0.009646370 0.027005490 0.999536276
1586247707.676187 -301.483856201 -177.141189575 19.638271332 -0.010027944 -0.009814006 0.027152706 0.999532819
1586247707.709187 -301.459930420 -177.549087524 19.664194107 -0.009301483 -0.009923973 0.027228802 0.999536693
1586247707.742187 -301.435089111 -177.912689209 19.686601639 -0.008836508 -0.009901315 0.027287349 0.999539554
1586247707.775187 -301.410461426 -178.320663452 19.713100433 -0.008238673 -0.009813689 0.027421569 0.999541879
1586247707.808187 -301.385620117 -178.728775024 19.739603043 -0.008239120 -0.009823987 0.027459597 0.999540687
1586247707.841187 -301.360900879 -179.136749268 19.765588760 -0.008246541 -0.010003345 0.027532596 0.999536872
1586247707.874187 -301.335937500 -179.500747681 19.787679672 -0.007308543 -0.009946607 0.027517023 0.999545157
1586247707.907187 -301.311218262 -179.908660889 19.813165665 -0.006924808 -0.010005015 0.027559970 0.999546170
1586247707.940188 -301.286224365 -180.316055298 19.838079453 -0.006743550 -0.010041290 0.027633371 0.999544978
1586247707.973188 -301.261291504 -180.689804077 19.859613419 -0.006960809 -0.010055055 0.027653115 0.999542773
1586247708.006188 -301.235870361 -181.096054077 19.883865356 -0.007749289 -0.009967458 0.027628478 0.999538541
1586247708.039188 -301.210144043 -181.502441406 19.908254623 -0.008155197 -0.009850631 0.027620522 0.999536693
1586247708.072188 -301.184143066 -181.908859253 19.932825089 -0.008309871 -0.009685952 0.027608240 0.999537349
1586247708.105188 -301.158691406 -182.271362305 19.953798294 -0.008646071 -0.009486111 0.027735736 0.999532938
1586247708.138188 -301.133056641 -182.677322388 19.978282928 -0.009154409 -0.009406312 0.027793258 0.999527574
1586247708.171188 -301.107421875 -183.083541870 20.003068924 -0.009762317 -0.009320734 0.027864447 0.999520600
1586247708.204188 -301.082122803 -183.490203857 20.028333664 -0.010145426 -0.009392628 0.027929816 0.999514341
1586247708.237188 -301.057373047 -183.853958130 20.050493240 -0.010256023 -0.009439970 0.027942754 0.999512374
1586247708.270189 -301.032287598 -184.261047363 20.076185226 -0.010174870 -0.009574044 0.027950924 0.999511719
1586247708.303189 -301.007049561 -184.668426514 20.102144241 -0.010013849 -0.009616416 0.027990652 0.999511838
1586247708.336189 -300.982116699 -185.076248169 20.128334045 -0.009788394 -0.009699861 0.028041642 0.999511838
1586247708.369189 -300.958007812 -185.441528320 20.152248383 -0.009658546 -0.009815372 0.028157396 0.999508679
1586247708.402189 -300.932800293 -185.849212646 20.178667068 -0.009551525 -0.009878132 0.028164996 0.999508858
1586247708.435189 -300.907501221 -186.257080078 20.204946518 -0.009251863 -0.009890797 0.028164851 0.999511600
1586247708.468189 -300.882080078 -186.664978027 20.231142044 -0.008920670 -0.009935649 0.028153382 0.999514461
1586247708.501189 -300.857330322 -187.031173706 20.254629135 -0.008732737 -0.009845360 0.028169988 0.999516547
1586247708.534189 -300.831512451 -187.437881470 20.280414581 -0.008638381 -0.009802698 0.028193370 0.999517083
1586247708.567189 -300.805755615 -187.844375610 20.305946350 -0.008669436 -0.009807453 0.028223701 0.999515951
1586247708.600189 -300.779907227 -188.250793457 20.331237793 -0.008952677 -0.009784188 0.028274482 0.999512255
1586247708.633189 -300.755737305 -188.619125366 20.354394913 -0.009003758 -0.009912742 0.028374143 0.999507666
1586247708.666189 -300.730377197 -189.024658203 20.379426956 -0.009237230 -0.009965271 0.028400440 0.999504328
1586247708.699189 -300.705017090 -189.430282593 20.404428482 -0.009387970 -0.010053653 0.028432231 0.999501109
1586247708.732189 -300.679321289 -189.835906982 20.429552078 -0.009528427 -0.010015521 0.028506888 0.999498010
1586247708.765190 -300.653656006 -190.206665039 20.453218460 -0.009902150 -0.010133418 0.028544785 0.999492109
1586247708.798190 -300.627716064 -190.611968994 20.478153229 -0.010019541 -0.010115705 0.028575735 0.999490261
1586247708.831190 -300.601440430 -191.017562866 20.503343582 -0.010254412 -0.010097796 0.028585091 0.999487758
1586247708.864190 -300.575378418 -191.423355103 20.528789520 -0.010164738 -0.010119017 0.028636578 0.999487042
1586247708.897190 -300.550964355 -191.796752930 20.554004669 -0.010099202 -0.010471611 0.028694820 0.999482393
1586247708.930190 -300.524597168 -192.202270508 20.580118179 -0.010067850 -0.010458355 0.028728768 0.999481797
1586247708.963190 -300.498199463 -192.607910156 20.606353760 -0.009961635 -0.010277921 0.028771255 0.999483585
1586247708.996190 -300.471923828 -193.013656616 20.632505417 -0.009835124 -0.010222904 0.028814055 0.999484181
1586247709.029190 -300.446746826 -193.389221191 20.657613754 -0.009876490 -0.010310521 0.028835446 0.999482214
1586247709.062190 -300.420532227 -193.794479370 20.683446884 -0.009870172 -0.010317363 0.028843001 0.999482036
1586247709.095190 -300.394531250 -194.199829102 20.709346771 -0.009887666 -0.010411924 0.028843518 0.999480844
1586247709.128191 -300.368499756 -194.605148315 20.735052109 -0.009874403 -0.010556599 0.028857052 0.999479055
1586247709.161191 -300.342834473 -194.982559204 20.760759354 -0.009998411 -0.010661392 0.028929438 0.999474585
1586247709.194191 -300.316650391 -195.387344360 20.786863327 -0.010086417 -0.010633004 0.028936371 0.999473810
1586247709.227191 -300.290618896 -195.792129517 20.812660217 -0.010233641 -0.010654952 0.028975565 0.999471009
1586247709.260191 -300.264282227 -196.197021484 20.838525772 -0.010382861 -0.010637428 0.029003076 0.999468803
1586247709.293191 -300.237854004 -196.576339722 20.863689423 -0.010550618 -0.010785748 0.029000903 0.999465525
1586247709.326191 -300.212127686 -196.981185913 20.889638901 -0.010533333 -0.010872394 0.028980751 0.999465406
1586247709.359191 -300.186279297 -197.385147095 20.915149689 -0.010739833 -0.011048108 0.029008498 0.999460459
1586247709.392191 -300.159759521 -197.773468018 20.940544128 -0.010595530 -0.011270551 0.029059449 0.999458015
1586247709.425191 -300.133728027 -198.178024292 20.966430664 -0.010407418 -0.011198487 0.029120449 0.999459028
1586247709.458191 -300.107421875 -198.582687378 20.992385864 -0.010515095 -0.011188772 0.029137081 0.999457538
1586247709.491191 -300.081420898 -198.987518311 21.018440247 -0.010332376 -0.011204939 0.029207051 0.999457240
1586247709.524191 -300.053955078 -199.370697021 21.044153214 -0.010600449 -0.011460707 0.029216293 0.999451220
1586247709.557191 -300.027984619 -199.775161743 21.070238113 -0.010582060 -0.011550674 0.029244713 0.999449551
1586247709.590192 -300.001373291 -200.179412842 21.096498489 -0.010437131 -0.011551691 0.029285925 0.999449849
1586247709.623192 -299.974670410 -200.583511353 21.122682571 -0.010529369 -0.011437300 0.029328808 0.999448955
1586247709.656192 -299.947021484 -200.967803955 21.148540497 -0.010981441 -0.011531085 0.029342473 0.999442577
1586247709.689192 -299.920379639 -201.371429443 21.174776077 -0.011218369 -0.011447011 0.029350530 0.999440730
1586247709.722192 -299.893981934 -201.775115967 21.200927734 -0.011519670 -0.011460710 0.029368266 0.999436617
1586247709.755192 -299.867858887 -202.179000854 21.227268219 -0.011447490 -0.011550423 0.029381469 0.999436021
1586247709.788192 -299.839477539 -202.565704346 21.253677368 -0.011744261 -0.011657359 0.029358383 0.999431968
1586247709.821192 -299.812866211 -202.969253540 21.280250549 -0.011808306 -0.011572180 0.029400725 0.999431014
1586247709.854192 -299.786193848 -203.373001099 21.307050705 -0.011921406 -0.011466731 0.029441634 0.999429643
1586247709.887192 -299.759521484 -203.776779175 21.333866119 -0.012127906 -0.011299699 0.029472027 0.999428213
1586247709.920192 -299.730224609 -204.165420532 21.361236572 -0.012163430 -0.011177549 0.029364496 0.999432266
1586247709.953192 -299.703826904 -204.569000244 21.388299942 -0.012277246 -0.011121636 0.029362235 0.999431610
1586247709.986192 -299.677642822 -204.972854614 21.415313721 -0.012227565 -0.011257036 0.029373689 0.999430358
1586247710.019192 -299.651367188 -205.376968384 21.442222595 -0.012095630 -0.011346985 0.029374573 0.999430895
1586247710.052192 -299.622131348 -205.768524170 21.469352722 -0.012088955 -0.011300362 0.029304814 0.999433577
1586247710.085193 -299.596282959 -206.172576904 21.496004105 -0.012035308 -0.011390605 0.029330790 0.999432445
1586247710.118193 -299.570129395 -206.576965332 21.522481918 -0.011760592 -0.011391869 0.029361989 0.999434829
1586247710.151193 -299.544128418 -206.981567383 21.548999786 -0.011539816 -0.011449323 0.029360445 0.999436736
1586247710.184193 -299.515045166 -207.376556396 21.575750351 -0.011110544 -0.011488453 0.029159781 0.999446988
1586247710.217193 -299.489227295 -207.781463623 21.602146149 -0.010572225 -0.011586078 0.029147457 0.999452114
1586247710.250193 -299.463165283 -208.186370850 21.628435135 -0.010286719 -0.011543779 0.029199809 0.999454021
1586247710.283193 -299.437042236 -208.591308594 21.654397964 -0.009942770 -0.011596248 0.029213201 0.999456525
1586247710.316193 -299.407836914 -208.988189697 21.680438995 -0.009785862 -0.011696445 0.029076949 0.999460876
1586247710.349193 -299.381805420 -209.392547607 21.706129074 -0.009635061 -0.011642344 0.029077478 0.999462962
1586247710.382193 -299.355865479 -209.796890259 21.731641769 -0.009484857 -0.011649830 0.029106135 0.999463439
1586247710.415194 -299.329895020 -210.201370239 21.756904602 -0.009463578 -0.011660032 0.029104693 0.999463558
1586247710.448194 -299.303344727 -210.603805542 21.781930923 -0.009678751 -0.011543024 0.029101465 0.999462962
1586247710.481194 -299.271270752 -211.002761841 21.807081223 -0.009788185 -0.011484718 0.029071655 0.999463439
1586247710.514194 -299.244781494 -211.406356812 21.832208633 -0.010120928 -0.011285592 0.029083116 0.999462068
1586247710.547194 -299.218109131 -211.810211182 21.857501984 -0.010358959 -0.011115348 0.029105958 0.999460876
1586247710.580194 -299.187988281 -212.211532593 21.882921219 -0.010669410 -0.010983966 0.029006876 0.999461949
1586247710.613194 -299.161499023 -212.615036011 21.908760071 -0.010978549 -0.010871086 0.029016327 0.999459505
1586247710.646194 -299.135009766 -213.018783569 21.934877396 -0.011022240 -0.010743474 0.028997250 0.999461055
1586247710.679194 -299.108062744 -213.422363281 21.961381912 -0.011364341 -0.010450888 0.029010104 0.999459922
1586247710.712194 -299.076629639 -213.825485229 21.987859726 -0.011821121 -0.010232645 0.028934576 0.999459028
1586247710.745194 -299.050445557 -214.228866577 22.014852524 -0.012094766 -0.010144936 0.029006667 0.999454618
1586247710.778194 -299.023986816 -214.632415771 22.042087555 -0.012489617 -0.010109276 0.029022630 0.999449611
1586247710.811194 -298.997802734 -215.035995483 22.069496155 -0.012746274 -0.010164054 0.029031867 0.999445558
1586247710.844195 -298.967285156 -215.441436768 22.096223831 -0.013026477 -0.010137114 0.028861841 0.999447167
1586247710.877194 -298.940460205 -215.844772339 22.124326706 -0.013286412 -0.009975236 0.028918140 0.999443710
1586247710.910195 -298.913543701 -216.248291016 22.152620316 -0.013484656 -0.009665469 0.028972285 0.999442577
1586247710.943195 -298.886199951 -216.651809692 22.181097031 -0.013775349 -0.009407448 0.028980631 0.999440789
1586247710.976195 -298.855957031 -217.060058594 22.207653046 -0.013860166 -0.009096426 0.028877240 0.999445498
1586247711.009195 -298.828552246 -217.463912964 22.236345291 -0.013844699 -0.008910452 0.028925031 0.999446034
1586247711.042195 -298.801391602 -217.868087769 22.265081406 -0.013880104 -0.008840779 0.028942462 0.999445677
1586247711.075195 -298.774169922 -218.272354126 22.293855667 -0.013745278 -0.008694444 0.028995479 0.999447286
1586247711.108195 -298.744506836 -218.682647705 22.320428848 -0.013685167 -0.008385609 0.028927727 0.999452651
1586247711.141195 -298.716186523 -219.087478638 22.349460602 -0.013301193 -0.008011545 0.028974572 0.999459565
1586247711.174195 -298.687713623 -219.492462158 22.378351212 -0.012962937 -0.007620070 0.029011972 0.999466002
1586247711.207195 -298.658966064 -219.897689819 22.407058716 -0.012778163 -0.007251723 0.029005583 0.999471307
1586247711.240195 -298.630432129 -220.309509277 22.432523727 -0.012253582 -0.006966858 0.028857481 0.999484181
1586247711.273196 -298.602081299 -220.715194702 22.460802078 -0.011743248 -0.006816839 0.028842546 0.999491811
1586247711.306196 -298.573455811 -221.120941162 22.488990784 -0.011289208 -0.006547887 0.028831668 0.999499083
1586247711.339196 -298.544708252 -221.526885986 22.516881943 -0.010739893 -0.006124199 0.028861213 0.999507010
1586247711.372196 -298.516357422 -221.939193726 22.541280746 -0.010530353 -0.005742848 0.028777864 0.999513865
1586247711.405196 -298.487701416 -222.344635010 22.568651199 -0.010260075 -0.005278342 0.028799923 0.999518633
1586247711.438196 -298.459136963 -222.749618530 22.596164703 -0.010281057 -0.004983942 0.028775111 0.999520600
1586247711.471196 -298.431030273 -223.154586792 22.623395920 -0.010602982 -0.004897790 0.028748544 0.999518454
1586247711.504196 -298.403594971 -223.566390991 22.647602081 -0.010753602 -0.004844700 0.028699517 0.999518514
1586247711.537196 -298.376037598 -223.971725464 22.674432755 -0.011029214 -0.004888111 0.028707635 0.999515057
1586247711.570196 -298.348846436 -224.377365112 22.700901031 -0.011121869 -0.005005489 0.028773895 0.999511600
1586247711.603196 -298.322479248 -224.783203125 22.726758957 -0.011081934 -0.005180692 0.028840149 0.999509215
1586247711.636196 -298.295440674 -225.196609497 22.749677658 -0.011203349 -0.005127440 0.028816840 0.999508798
1586247711.669197 -298.268066406 -225.604080200 22.775938034 -0.010806561 -0.005023717 0.028872129 0.999512136
1586247711.702197 -298.241088867 -226.012054443 22.802658081 -0.010189623 -0.005200556 0.028906930 0.999516666
1586247711.735197 -298.214660645 -226.420745850 22.829462051 -0.009288043 -0.005675231 0.028915025 0.999522686
1586247711.768197 -298.188323975 -226.836166382 22.852977753 -0.008566290 -0.005635481 0.028883195 0.999530196
1586247711.801197 -298.161376953 -227.245590210 22.879327774 -0.007717043 -0.005945861 0.028875958 0.999535561
1586247711.834197 -298.134338379 -227.654861450 22.904977798 -0.007041871 -0.006019715 0.028919786 0.999538779
1586247711.867197 -298.107666016 -228.063812256 22.929632187 -0.006720483 -0.006109938 0.029001674 0.999538124
1586247711.900197 -298.082153320 -228.478805542 22.951229095 -0.006472618 -0.006153948 0.029015457 0.999539077
1586247711.933197 -298.054779053 -228.887130737 22.975496292 -0.006360739 -0.006178631 0.029005002 0.999539971
1586247711.966197 -298.028045654 -229.294799805 23.000331879 -0.006609411 -0.006466693 0.029035637 0.999535620
1586247711.999197 -298.002105713 -229.702407837 23.026063919 -0.007105291 -0.006699054 0.029137610 0.999527752
1586247712.032197 -297.976867676 -230.114685059 23.046401978 -0.008073003 -0.006554572 0.029161673 0.999520600
1586247712.065197 -297.949707031 -230.521270752 23.071413040 -0.009388060 -0.006446284 0.029230641 0.999507844
1586247712.098197 -297.922424316 -230.928298950 23.096260071 -0.010457070 -0.006508722 0.029210780 0.999497414
1586247712.131197 -297.896667480 -231.336059570 23.120105743 -0.011114061 -0.006632814 0.029265996 0.999487877
1586247712.164198 -297.869964600 -231.744598389 23.144535065 -0.011546315 -0.006601340 0.029226953 0.999484360
1586247712.197198 -297.842742920 -232.154357910 23.169782639 -0.011791468 -0.006538184 0.029224675 0.999481976
1586247712.230198 -297.815460205 -232.565460205 23.195991516 -0.011441320 -0.006448962 0.029226536 0.999486566
1586247712.263198 -297.787902832 -232.977966309 23.223022461 -0.010542244 -0.006292014 0.029206622 0.999498010
1586247712.296198 -297.760894775 -233.402832031 23.244182587 -0.009314477 -0.006152871 0.029366992 0.999506354
1586247712.329198 -297.734405518 -233.817657471 23.271486282 -0.007509143 -0.006437525 0.029331185 0.999520838
1586247712.362198 -297.707977295 -234.232833862 23.297986984 -0.005948007 -0.006777626 0.029308209 0.999529779
1586247712.395198 -297.681427002 -234.647979736 23.323740005 -0.004459500 -0.006910596 0.029316545 0.999536335
1586247712.428198 -297.655364990 -235.068023682 23.344449997 -0.003433436 -0.007046555 0.029231686 0.999541938
1586247712.461198 -297.628692627 -235.482452393 23.367784500 -0.002406657 -0.007118899 0.029232863 0.999544442
1586247712.494199 -297.601867676 -235.896408081 23.390253067 -0.001887619 -0.007209282 0.029218759 0.999545336
1586247712.527199 -297.575378418 -236.309936523 23.411882401 -0.001705706 -0.007395987 0.029231515 0.999543905
1586247712.560199 -297.549407959 -236.723602295 23.433149338 -0.001770794 -0.007721785 0.029283997 0.999539733
1586247712.593199 -297.523498535 -237.143371582 23.449319839 -0.002161950 -0.007952163 0.029410692 0.999533415
1586247712.626199 -297.497100830 -237.556442261 23.469402313 -0.002623468 -0.008121939 0.029421972 0.999530613
1586247712.659199 -297.470428467 -237.969543457 23.489406586 -0.003268272 -0.008196843 0.029429767 0.999527931
1586247712.692199 -297.443267822 -238.382858276 23.509819031 -0.003974497 -0.008179862 0.029468363 0.999524355
1586247712.725199 -297.416320801 -238.795333862 23.530096054 -0.004670262 -0.008235447 0.029527320 0.999519169
1586247712.758199 -297.389251709 -239.217010498 23.548425674 -0.005124033 -0.008367426 0.029558370 0.999514878
1586247712.791199 -297.361877441 -239.631225586 23.570627213 -0.005526424 -0.008367336 0.029519631 0.999513924
1586247712.824199 -297.334381104 -240.045959473 23.593524933 -0.005866140 -0.008273399 0.029534880 0.999512315
1586247712.857199 -297.306793213 -240.460983276 23.616825104 -0.006247193 -0.008213222 0.029534908 0.999510527
1586247712.890199 -297.279144287 -240.876708984 23.640308380 -0.006642759 -0.008147667 0.029577371 0.999507248
1586247712.923199 -297.251068115 -241.300125122 23.661937714 -0.006844252 -0.008110678 0.029551381 0.999506950
1586247712.956199 -297.223724365 -241.716491699 23.686550140 -0.006926775 -0.008116459 0.029569721 0.999505818
1586247712.989200 -297.196289062 -242.133224487 23.711460114 -0.007109671 -0.008149181 0.029545600 0.999504924
1586247713.022200 -297.168701172 -242.550262451 23.736619949 -0.007185787 -0.008091914 0.029596474 0.999503374
1586247713.055200 -297.142211914 -242.967880249 23.761604309 -0.007184296 -0.008128528 0.029610444 0.999502659
1586247713.088200 -297.113769531 -243.393234253 23.784263611 -0.007288605 -0.008103622 0.029660333 0.999500632
1586247713.121200 -297.086700439 -243.811218262 23.809280396 -0.007244408 -0.008141952 0.029688263 0.999499798
1586247713.154200 -297.060119629 -244.229583740 23.834131241 -0.007268012 -0.008296566 0.029705873 0.999497890
1586247713.187200 -297.033050537 -244.648223877 23.858894348 -0.007284611 -0.008426493 0.029718772 0.999496281
1586247713.220200 -297.004486084 -245.073348999 23.881776810 -0.007260263 -0.008421452 0.029767694 0.999495029
1586247713.253200 -296.977020264 -245.492324829 23.906518936 -0.007189184 -0.008452451 0.029781980 0.999494910
1586247713.286200 -296.949737549 -245.911773682 23.931138992 -0.007227302 -0.008475188 0.029794058 0.999494076
1586247713.319200 -296.922088623 -246.331344604 23.955553055 -0.007202595 -0.008440754 0.029819559 0.999493718
1586247713.352201 -296.893371582 -246.758117676 23.978334427 -0.007263392 -0.008586740 0.029891470 0.999489903
1586247713.385201 -296.865692139 -247.178466797 24.002716064 -0.007107198 -0.008651415 0.029910346 0.999489963
1586247713.418200 -296.837493896 -247.599029541 24.027206421 -0.006916821 -0.008550988 0.029931560 0.999491513
1586247713.451201 -296.809265137 -248.019989014 24.051738739 -0.006866813 -0.008477934 0.029952558 0.999491811
1586247713.484201 -296.780059814 -248.447723389 24.075252533 -0.006870568 -0.008395849 0.029932709 0.999493062
1586247713.517201 -296.751373291 -248.868988037 24.099651337 -0.006875992 -0.008302328 0.029929670 0.999493897
1586247713.550201 -296.723175049 -249.290710449 24.124202728 -0.006873250 -0.008279759 0.029876415 0.999495685
1586247713.583201 -296.694702148 -249.712539673 24.148498535 -0.006707400 -0.008304643 0.029893927 0.999496102
1586247713.616201 -296.665771484 -250.141036987 24.172225952 -0.006805182 -0.008432128 0.029951723 0.999492645
1586247713.649201 -296.637451172 -250.563644409 24.196592331 -0.006867887 -0.008326579 0.030010991 0.999491334
1586247713.682201 -296.608856201 -250.986251831 24.220657349 -0.006910414 -0.008208293 0.030067716 0.999490321
1586247713.715201 -296.580230713 -251.409118652 24.244634628 -0.006947666 -0.008052176 0.030134331 0.999489307
1586247713.748201 -296.550628662 -251.837844849 24.268249512 -0.006962597 -0.008097192 0.030026583 0.999492049
1586247713.781201 -296.522674561 -252.261230469 24.292200089 -0.006760000 -0.008275442 0.030056225 0.999491096
1586247713.814202 -296.494384766 -252.684814453 24.316442490 -0.006896973 -0.008433541 0.030071769 0.999488473
1586247713.847202 -296.465942383 -253.108551025 24.340826035 -0.006949543 -0.008421989 0.030090755 0.999487579
1586247713.880202 -296.436859131 -253.538436890 24.365591049 -0.007040948 -0.008539266 0.030034296 0.999487638
1586247713.913202 -296.408691406 -253.962905884 24.390121460 -0.007070959 -0.008514518 0.030071856 0.999486566
1586247713.946202 -296.379974365 -254.387313843 24.414649963 -0.007029712 -0.008451335 0.030070599 0.999487400
1586247713.979202 -296.351318359 -254.811889648 24.439260483 -0.007232517 -0.008402161 0.030054618 0.999486864
1586247714.012202 -296.321289062 -255.241744995 24.463571548 -0.007490159 -0.008488239 0.029984858 0.999486268
1586247714.045202 -296.292572021 -255.667160034 24.488399506 -0.007574797 -0.008456001 0.030006504 0.999485254
1586247714.078202 -296.264526367 -256.093078613 24.513278961 -0.007359594 -0.008583447 0.029995982 0.999486089
1586247714.111202 -296.236175537 -256.519256592 24.538299561 -0.007684797 -0.008639961 0.030018609 0.999482512
1586247714.144202 -296.205505371 -256.949157715 24.562704086 -0.007718474 -0.008687277 0.030025847 0.999481618
1586247714.177202 -296.176910400 -257.375793457 24.587646484 -0.008022696 -0.008729254 0.030080814 0.999477208
1586247714.210202 -296.148376465 -257.802612305 24.612802505 -0.007942229 -0.008716459 0.030113336 0.999476910
1586247714.243202 -296.119140625 -258.229797363 24.638050079 -0.007949114 -0.008587228 0.030186821 0.999475837
1586247714.276202 -296.087677002 -258.660614014 24.663595200 -0.008047163 -0.008618480 0.030284567 0.999471784
1586247714.309203 -296.058746338 -259.088439941 24.688476562 -0.008014858 -0.008648181 0.030327313 0.999470532
1586247714.342203 -296.029876709 -259.516723633 24.713287354 -0.008086710 -0.008660066 0.030379731 0.999468207
1586247714.375203 -296.000885010 -259.945495605 24.738355637 -0.008082151 -0.008717816 0.030351413 0.999468625
1586247714.408203 -295.968658447 -260.377746582 24.763422012 -0.007689268 -0.008748428 0.030529859 0.999466002
1586247714.441203 -295.939331055 -260.807464600 24.788553238 -0.007222652 -0.008452110 0.030575726 0.999470592
1586247714.474203 -295.909515381 -261.237274170 24.813749313 -0.006931872 -0.008317803 0.030618759 0.999472499
1586247714.507203 -295.880432129 -261.667419434 24.838647842 -0.006573349 -0.008300936 0.030670520 0.999473453
1586247714.540203 -295.847076416 -262.100097656 24.864114761 -0.006763399 -0.008333244 0.030741105 0.999469757
1586247714.573203 -295.817749023 -262.530242920 24.888597488 -0.006636232 -0.008316906 0.030781791 0.999469519
1586247714.606203 -295.788665771 -262.960479736 24.912973404 -0.006335408 -0.008409883 0.030856576 0.999468386
1586247714.639204 -295.759582520 -263.390716553 24.936985016 -0.006406605 -0.008377548 0.030897196 0.999466956
1586247714.672204 -295.726440430 -263.824218750 24.962015152 -0.006760776 -0.008391701 0.031010430 0.999460995
1586247714.705204 -295.697448730 -264.254699707 24.985811234 -0.006960869 -0.008457341 0.031053169 0.999457717
1586247714.738204 -295.668457031 -264.685150146 25.009696960 -0.007375866 -0.008574516 0.031121381 0.999451637
1586247714.771204 -295.639556885 -265.116119385 25.033529282 -0.007538617 -0.008690543 0.031165527 0.999448061
1586247714.804204 -295.606353760 -265.551330566 25.058536530 -0.007698029 -0.008838021 0.031283356 0.999441862
1586247714.837204 -295.577148438 -265.982818604 25.082883835 -0.007759005 -0.008866530 0.031369410 0.999438465
1586247714.870204 -295.547546387 -266.414581299 25.107559204 -0.007844836 -0.008830599 0.031422324 0.999436438
1586247714.903204 -295.517822266 -266.846679688 25.132503510 -0.008051456 -0.008844071 0.031495932 0.999432385
1586247714.936204 -295.484100342 -267.283508301 25.158721924 -0.008145064 -0.008614114 0.031563036 0.999431491
1586247714.969204 -295.454132080 -267.716156006 25.184106827 -0.008110076 -0.008644594 0.031629812 0.999429405
1586247715.002204 -295.424316406 -268.148956299 25.209598541 -0.008071303 -0.008679068 0.031719219 0.999426603
1586247715.035204 -295.393981934 -268.582183838 25.235210419 -0.007930487 -0.008624585 0.031807713 0.999425352
1586247715.068205 -295.359802246 -269.020965576 25.260885239 -0.008167237 -0.008634201 0.031827711 0.999422729
1586247715.101204 -295.329315186 -269.454467773 25.286262512 -0.008207141 -0.008666788 0.031893179 0.999420047
1586247715.134205 -295.298736572 -269.888183594 25.311470032 -0.008156150 -0.008726498 0.031953011 0.999418020
1586247715.167205 -295.268066406 -270.322082520 25.336858749 -0.008188366 -0.008743693 0.032009240 0.999415755
1586247715.200205 -295.235656738 -270.763397217 25.362752914 -0.007955104 -0.008958431 0.032045931 0.999414682
1586247715.233205 -295.204772949 -271.197784424 25.388460159 -0.007972121 -0.008900680 0.032096498 0.999413371
1586247715.266205 -295.173980713 -271.632476807 25.414030075 -0.007914573 -0.008842304 0.032178339 0.999411762
1586247715.299205 -295.143096924 -272.067779541 25.439476013 -0.007717489 -0.008832232 0.032239385 0.999411345
1586247715.332205 -295.109069824 -272.511718750 25.464639664 -0.007595271 -0.008878903 0.032325611 0.999409080
1586247715.398206 -295.047637939 -273.383331299 25.514938354 -0.007112354 -0.009241886 0.032451708 0.999405324
1586247715.431205 -295.016662598 -273.819549561 25.540189743 -0.006896317 -0.009395568 0.032560188 0.999401808
1586247715.464206 -294.983184814 -274.266082764 25.565275192 -0.006630659 -0.009747114 0.032617427 0.999398410
1586247715.497206 -294.952117920 -274.702423096 25.590524673 -0.006526530 -0.009836372 0.032695897 0.999395728
1586247715.530206 -294.920715332 -275.138885498 25.615594864 -0.006365776 -0.009865431 0.032769106 0.999394059
1586247715.563206 -294.889068604 -275.575317383 25.640577316 -0.006435275 -0.009840106 0.032778114 0.999393582
1586247715.596206 -294.855194092 -276.023864746 25.665393829 -0.006539643 -0.010298475 0.032879297 0.999384940
1586247715.629206 -294.823150635 -276.460510254 25.690414429 -0.006652474 -0.010304193 0.032938942 0.999382138
1586247715.662206 -294.790679932 -276.897155762 25.715614319 -0.006897062 -0.010227090 0.033022098 0.999378562
1586247715.695206 -294.759429932 -277.334320068 25.741161346 -0.007010013 -0.010145632 0.033065479 0.999377131
1586247715.728206 -294.724517822 -277.783874512 25.766731262 -0.007092267 -0.010248199 0.033270843 0.999368668
1586247715.761206 -294.692443848 -278.221374512 25.792270660 -0.007333875 -0.010234997 0.033378609 0.999363542
1586247715.827206 -294.628021240 -279.097229004 25.843608856 -0.007452667 -0.010363453 0.033484899 0.999357700
1586247715.860207 -294.596130371 -279.535583496 25.868515015 -0.007294625 -0.010331651 0.033493146 0.999358952
1586247715.893207 -294.559967041 -279.990539551 25.895797729 -0.006890535 -0.010725629 0.033679955 0.999351382
1586247715.926207 -294.527526855 -280.428924561 25.921682358 -0.006713629 -0.010656499 0.033747420 0.999351084
1586247715.959207 -294.495086670 -280.867095947 25.947692871 -0.006410837 -0.010647856 0.033773571 0.999352217
1586247715.992207 -294.462615967 -281.305023193 25.973535538 -0.006278604 -0.010688225 0.033809006 0.999351501
1586247716.025207 -294.430358887 -281.742736816 25.999431610 -0.006259650 -0.010763105 0.033802111 0.999351025
1586247716.058207 -294.394714355 -282.197265625 26.027284622 -0.006191611 -0.011075107 0.033882704 0.999345303
1586247716.091207 -294.362152100 -282.634338379 26.052200317 -0.006207615 -0.011122927 0.033862919 0.999345303
1586247716.124207 -294.329956055 -283.070770264 26.077207565 -0.006236643 -0.011274185 0.033776417 0.999346375
1586247716.157207 -294.297332764 -283.507019043 26.101947784 -0.006450534 -0.011271039 0.033632413 0.999349952
1586247716.190207 -294.264251709 -283.956878662 26.130193710 -0.006932676 -0.011329332 0.033481237 0.999351144
1586247716.223207 -294.231384277 -284.392944336 26.155111313 -0.006976157 -0.011132266 0.033253752 0.999360681
1586247716.256207 -294.198730469 -284.828765869 26.180347443 -0.007182896 -0.010927388 0.032990962 0.999370098
1586247716.289207 -294.166595459 -285.264221191 26.205692291 -0.007401764 -0.010845039 0.032680571 0.999379635
1586247716.322207 -294.135253906 -285.703216553 26.231952667 -0.007432878 -0.010699507 0.032358602 0.999391437
1586247716.355208 -294.104156494 -286.138824463 26.257123947 -0.007681518 -0.010780874 0.032040842 0.999398947
1586247716.388208 -294.073211670 -286.574432373 26.282421112 -0.007851005 -0.010877441 0.031674139 0.999408305
1586247716.421208 -294.042510986 -287.010040283 26.307975769 -0.007893890 -0.010859592 0.031313982 0.999419451
1586247716.454208 -294.011535645 -287.466491699 26.341632843 -0.008093238 -0.011211019 0.031065162 0.999421716
1586247716.487208 -293.981353760 -287.902099609 26.367338181 -0.007773757 -0.011204295 0.030702513 0.999435544
1586247716.520208 -293.951568604 -288.337585449 26.393314362 -0.007739037 -0.011151326 0.030369481 0.999446571
1586247716.553208 -293.921875000 -288.772888184 26.419172287 -0.007676362 -0.011098423 0.029986609 0.999459207
1586247716.586208 -293.893066406 -289.218811035 26.450551987 -0.007830174 -0.011534967 0.029641839 0.999463379
1586247716.619208 -293.863464355 -289.653930664 26.476346970 -0.007812798 -0.011504228 0.029285006 0.999474406
1586247716.652208 -293.834045410 -290.089263916 26.502067566 -0.007749915 -0.011417305 0.028935526 0.999486089
1586247716.685209 -293.804962158 -290.524383545 26.527513504 -0.007734090 -0.011460158 0.028580599 0.999495924
1586247716.718209 -293.779388428 -290.967620850 26.557683945 -0.007808357 -0.011714313 0.028329806 0.999499500
1586247716.751209 -293.751220703 -291.402557373 26.583217621 -0.007984579 -0.011692947 0.027959434 0.999508858
1586247716.784209 -293.723541260 -291.837677002 26.608993530 -0.008061647 -0.011779165 0.027608577 0.999516964
1586247716.817209 -293.697509766 -292.277557373 26.637327194 -0.007957935 -0.012174994 0.027235745 0.999523222
1586247716.850209 -293.670654297 -292.712677002 26.663509369 -0.007551193 -0.012257178 0.026910448 0.999534190
1586247716.883209 -293.643768311 -293.147613525 26.689592361 -0.007383585 -0.012239469 0.026581287 0.999544501
1586247716.916209 -293.617309570 -293.582427979 26.715425491 -0.007355243 -0.012272025 0.026252564 0.999552965
1586247716.949209 -293.591278076 -294.017120361 26.741195679 -0.007353306 -0.012351247 0.025923125 0.999560654
1586247716.982209 -293.567535400 -294.458923340 26.769866943 -0.007177949 -0.012923542 0.025589753 0.999563217
1586247717.015209 -293.541381836 -294.893829346 26.795701981 -0.006863176 -0.012820375 0.025239753 0.999575675
1586247717.048209 -293.515472412 -295.328643799 26.821575165 -0.006561219 -0.012754133 0.024896756 0.999587119
1586247717.081209 -293.490020752 -295.763183594 26.847181320 -0.006651193 -0.012813346 0.024611469 0.999592900
1586247717.114210 -293.468444824 -296.200744629 26.875045776 -0.006627619 -0.013213478 0.024376940 0.999593616
1586247717.147209 -293.443420410 -296.634765625 26.900650024 -0.006744832 -0.013293036 0.024148459 0.999597251
1586247717.180210 -293.419219971 -297.068817139 26.926124573 -0.006727427 -0.013488702 0.023976285 0.999598920
1586247717.213210 -293.394531250 -297.502685547 26.951971054 -0.006770760 -0.013547502 0.023844581 0.999601007
1586247717.246210 -293.374023438 -297.938049316 26.979482651 -0.007015646 -0.013496892 0.023721842 0.999602854
1586247717.279210 -293.349578857 -298.371185303 27.005062103 -0.007173121 -0.013506431 0.023686681 0.999602437
1586247717.312210 -293.325012207 -298.804168701 27.030788422 -0.007537812 -0.013520305 0.023640299 0.999600708
1586247717.345210 -293.300445557 -299.236999512 27.056634903 -0.007871390 -0.013556791 0.023607075 0.999598444
1586247717.378210 -293.281768799 -299.671142578 27.085685730 -0.008041024 -0.014238304 0.023501273 0.999590099
1586247717.411210 -293.257171631 -300.104187012 27.111770630 -0.008191556 -0.014261024 0.023460474 0.999589562
1586247717.444210 -293.232513428 -300.537261963 27.137899399 -0.008250087 -0.014266222 0.023478631 0.999588490
1586247717.477210 -293.213256836 -300.969940186 27.166765213 -0.008235247 -0.014343937 0.023536712 0.999586165
1586247717.510210 -293.188262939 -301.403076172 27.192899704 -0.008072675 -0.014388433 0.023609767 0.999585152
1586247717.543211 -293.163482666 -301.835998535 27.219240189 -0.007984161 -0.014487511 0.023691051 0.999582529
1586247717.576210 -293.145599365 -302.268890381 27.248392105 -0.007694662 -0.014757128 0.023872664 0.999576449
1586247717.609211 -293.120788574 -302.702087402 27.274923325 -0.007392495 -0.014856852 0.024050428 0.999573052
1586247717.642211 -293.100341797 -303.134643555 27.302774429 -0.007087320 -0.015360231 0.024377316 0.999559760
1586247717.675211 -293.074951172 -303.568206787 27.328741074 -0.006641001 -0.015322990 0.024584468 0.999558330
1586247717.708211 -293.049774170 -304.001708984 27.353969574 -0.006390035 -0.015399111 0.024736326 0.999554992
1586247717.741211 -293.024566650 -304.435272217 27.378787994 -0.005900830 -0.015556591 0.024853434 0.999552727
1586247717.774211 -293.010192871 -304.863830566 27.406904221 -0.005432963 -0.016420882 0.025122354 0.999534786
1586247717.807211 -292.984893799 -305.296508789 27.431625366 -0.005101591 -0.016563490 0.025217306 0.999531746
1586247717.840211 -292.959289551 -305.729156494 27.456518173 -0.004814982 -0.016559875 0.025359510 0.999529660
1586247717.873211 -292.933441162 -306.161163330 27.481702805 -0.004708767 -0.016557457 0.025473194 0.999527335
1586247717.906211 -292.918853760 -306.584899902 27.509927750 -0.004962057 -0.016974950 0.025634650 0.999514937
1586247717.939212 -292.892578125 -307.015563965 27.534221649 -0.005336284 -0.016853886 0.025674045 0.999514043
1586247717.972211 -292.866241455 -307.445983887 27.558448792 -0.005724311 -0.016774099 0.025671586 0.999513328
1586247718.005212 -292.839782715 -307.875793457 27.582853317 -0.006382048 -0.016532106 0.025562704 0.999516189
1586247718.038212 -292.826080322 -308.294586182 27.611896515 -0.007078409 -0.016423132 0.025459211 0.999515891
1586247718.071212 -292.799285889 -308.724243164 27.636831284 -0.007618964 -0.015955327 0.025121434 0.999528050
1586247718.104212 -292.772918701 -309.153869629 27.661834717 -0.008102000 -0.015464501 0.024664223 0.999543428
1586247718.137212 -292.746948242 -309.583618164 27.687501907 -0.008395672 -0.015011612 0.023994192 0.999564171
1586247718.170212 -292.721618652 -310.013427734 27.713087082 -0.008591503 -0.014745791 0.023176482 0.999585748
1586247718.203212 -292.717529297 -310.425994873 27.747268677 -0.008936138 -0.014732013 0.022423377 0.999600112
1586247718.236212 -292.693817139 -310.855621338 27.774152756 -0.009215802 -0.014290722 0.021341922 0.999627709
1586247718.269212 -292.671478271 -311.285156250 27.801418304 -0.009353995 -0.014050089 0.020076808 0.999656022
1586247718.302212 -292.650482178 -311.714996338 27.828582764 -0.009373635 -0.013936962 0.018657343 0.999684870
1586247718.335212 -292.650360107 -312.127838135 27.862272263 -0.009295107 -0.014025471 0.017299069 0.999708831
1586247718.368212 -292.631683350 -312.557586670 27.889036179 -0.009315372 -0.013856213 0.015665576 0.999737918
1586247718.401212 -292.614746094 -312.987426758 27.915843964 -0.009358437 -0.013854240 0.013897239 0.999763668
1586247718.434213 -292.598297119 -313.417480469 27.942783356 -0.009254992 -0.013391675 0.012048678 0.999794960
1586247718.467213 -292.582855225 -313.847778320 27.969923019 -0.008957952 -0.012960162 0.010139244 0.999824464
1586247718.500213 -292.601501465 -314.251159668 28.006429672 -0.008745044 -0.013389136 0.008275051 0.999837875
1586247718.533213 -292.592498779 -314.680786133 28.032819748 -0.008467406 -0.014145501 0.006162510 0.999845147
1586247718.566213 -292.585021973 -315.109924316 28.058929443 -0.008679985 -0.014779368 0.004107095 0.999844670
1586247718.599213 -292.578765869 -315.540649414 28.085369110 -0.008451282 -0.015201356 0.002047807 0.999846697
1586247718.632213 -292.602172852 -315.944335938 28.119270325 -0.008506387 -0.015644200 0.000080710 0.999841452
1586247718.665213 -292.598754883 -316.374114990 28.144882202 -0.008288205 -0.015727777 -0.002098584 0.999839842
1586247718.698213 -292.595855713 -316.803558350 28.170240402 -0.007812351 -0.015793985 -0.004316125 0.999835432
1586247718.731213 -292.595123291 -317.232696533 28.195821762 -0.007806419 -0.015964581 -0.006542318 0.999820650
1586247718.764213 -292.596557617 -317.661926270 28.221839905 -0.007464111 -0.016299747 -0.008720584 0.999801338
1586247718.797214 -292.601409912 -318.090942383 28.247756958 -0.007484049 -0.016568732 -0.010815996 0.999776244
1586247718.830214 -292.652008057 -318.474639893 28.285732269 -0.007637263 -0.016815629 -0.012830482 0.999747157
1586247718.863214 -292.657714844 -318.902832031 28.311235428 -0.007507086 -0.016756715 -0.015007356 0.999718785
1586247718.896214 -292.664916992 -319.330444336 28.336528778 -0.007601439 -0.016658144 -0.017232703 0.999683857
1586247718.929214 -292.672790527 -319.757293701 28.361642838 -0.007889539 -0.016187392 -0.019527290 0.999647200
1586247718.962214 -292.686431885 -320.186584473 28.387588501 -0.008116066 -0.015748506 -0.021684501 0.999607921
1586247718.995214 -292.738220215 -320.569519043 28.422830582 -0.008458942 -0.015800446 -0.023792854 0.999556303
1586247719.028214 -292.752563477 -320.997161865 28.448135376 -0.008469254 -0.015495575 -0.026421124 0.999494970
1586247719.061214 -292.768341064 -321.424835205 28.474050522 -0.008128613 -0.014972928 -0.029161949 0.999429584
1586247719.094214 -292.786315918 -321.852203369 28.499403000 -0.007996112 -0.014464184 -0.032067265 0.999349117
1586247719.127214 -292.842468262 -322.240875244 28.532663345 -0.007997960 -0.014570675 -0.034803167 0.999256015
1586247719.160214 -292.866485596 -322.667816162 28.558637619 -0.007714034 -0.014217192 -0.038054723 0.999144793
1586247719.193214 -292.893585205 -323.094604492 28.584617615 -0.007505268 -0.014037130 -0.041434720 0.999014497
1586247719.226214 -292.923797607 -323.520446777 28.610239029 -0.007179826 -0.014027000 -0.044921711 0.998866200
1586247719.259215 -292.990875244 -323.904327393 28.642734528 -0.007417083 -0.014476815 -0.048067894 0.998711646
1586247719.292215 -293.027526855 -324.328765869 28.668201447 -0.007588266 -0.014586879 -0.051714718 0.998526573
1586247719.325215 -293.066528320 -324.752197266 28.693561554 -0.007905333 -0.014602904 -0.055425838 0.998324752
1586247719.358215 -293.108947754 -325.174713135 28.719129562 -0.008477986 -0.014732324 -0.059211105 0.998100817
1586247719.391215 -293.189819336 -325.551574707 28.751466751 -0.009237498 -0.015274256 -0.062467068 0.997887373
1586247719.424215 -293.239349365 -325.972412109 28.777624130 -0.010089159 -0.015648382 -0.066348180 0.997622848
1586247719.457215 -293.292144775 -326.392211914 28.804035187 -0.010952979 -0.016052119 -0.070262015 0.997339249
1586247719.490215 -293.347503662 -326.811218262 28.831020355 -0.011953354 -0.016225129 -0.074174315 0.997041702
1586247719.523215 -293.440582275 -327.180938721 28.864458084 -0.013318001 -0.016575575 -0.077693753 0.996750534
1586247719.556215 -293.501678467 -327.597808838 28.893281937 -0.014630971 -0.016463948 -0.081772700 0.996407568
1586247719.589216 -293.565673828 -328.013885498 28.922761917 -0.015864341 -0.016393023 -0.085897841 0.996042728
1586247719.622216 -293.659484863 -328.391937256 28.956573486 -0.017076494 -0.016709233 -0.089677691 0.995684266
1586247719.655216 -293.730712891 -328.806640625 28.987302780 -0.018129379 -0.016558859 -0.093962118 0.995272994
1586247719.688215 -293.804992676 -329.221069336 29.018352509 -0.018877417 -0.016423877 -0.098272622 0.994844913
1586247719.721216 -293.906555176 -329.597015381 29.053386688 -0.019582838 -0.016333820 -0.102429852 0.994413316
1586247719.754216 -293.986541748 -330.009979248 29.085374832 -0.020055952 -0.016142419 -0.106829740 0.993943989
1586247719.787216 -294.069732666 -330.423034668 29.117961884 -0.019817861 -0.015985874 -0.111271776 0.993463814
1586247719.820216 -294.184204102 -330.799194336 29.154588699 -0.019297810 -0.015940245 -0.115433998 0.992999792
1586247719.853216 -294.275085449 -331.210968018 29.187625885 -0.018494666 -0.016042637 -0.119870543 0.992487609
1586247719.886216 -294.369140625 -331.621520996 29.220642090 -0.017876208 -0.016091455 -0.124317050 0.991950989
1586247719.919216 -294.494873047 -331.994537354 29.256839752 -0.017200828 -0.016394412 -0.128390610 0.991438985
1586247719.952216 -294.596527100 -332.401885986 29.289123535 -0.016811343 -0.016780086 -0.132894099 0.990845621
1586247719.985216 -294.701629639 -332.807708740 29.320835114 -0.016414762 -0.017251765 -0.137385562 0.990231395
1586247720.018216 -294.837982178 -333.176544189 29.354583740 -0.016204985 -0.017651252 -0.141636223 0.989628732
1586247720.051216 -294.949371338 -333.578979492 29.385385513 -0.016071945 -0.017989755 -0.146237582 0.988955379
1586247720.084217 -295.063568115 -333.979919434 29.415782928 -0.016184509 -0.018119019 -0.150769532 0.988270402
1586247720.117217 -295.209289551 -334.344299316 29.447217941 -0.016837180 -0.018309314 -0.155156940 0.987576663
1586247720.150217 -295.330841064 -334.741577148 29.477096558 -0.017154574 -0.018516641 -0.159706026 0.986841917
1586247720.183217 -295.455902100 -335.137420654 29.506875992 -0.017530559 -0.018855484 -0.164232299 0.986085653
1586247720.216217 -295.611419678 -335.498138428 29.536979675 -0.017899873 -0.019215723 -0.168622360 0.985330880
1586247720.249217 -295.743591309 -335.891357422 29.567371368 -0.017971426 -0.019524772 -0.173048630 0.984555721
1586247720.282217 -295.896850586 -336.261322021 29.597084045 -0.018129259 -0.019706618 -0.177306831 0.983791351
1586247720.315217 -296.037902832 -336.651062012 29.628480911 -0.018137364 -0.019933714 -0.181664318 0.982991219
1586247720.348217 -296.182312012 -337.039428711 29.659870148 -0.017867982 -0.020291418 -0.185929209 0.982191145
1586247720.381217 -296.350524902 -337.396911621 29.688270569 -0.017827036 -0.020615490 -0.189999789 0.981405795
1586247720.414217 -296.500183105 -337.782623291 29.719810486 -0.017338574 -0.021042909 -0.194183826 0.980586171
1586247720.447217 -296.653045654 -338.166809082 29.751171112 -0.016933441 -0.021463038 -0.198365450 0.979746819
1586247720.480217 -296.833679199 -338.519958496 29.779762268 -0.017059863 -0.021504574 -0.202527434 0.978891850
1586247720.513217 -296.993652344 -338.899871826 29.811555862 -0.016888618 -0.021740593 -0.206725717 0.978011608
1586247720.546217 -297.156372070 -339.278045654 29.842687607 -0.016723812 -0.022002077 -0.210912287 0.977114320
1586247720.579218 -297.342742920 -339.628448486 29.868337631 -0.016749503 -0.022154953 -0.215102032 0.976196587
1586247720.612218 -297.512298584 -340.002685547 29.898626328 -0.016667934 -0.022495991 -0.219248742 0.975267231
1586247720.645218 -297.684417725 -340.375518799 29.928730011 -0.016668916 -0.022751279 -0.223380521 0.974323213
1586247720.678218 -297.878662109 -340.721740723 29.952888489 -0.016892822 -0.022901479 -0.227346346 0.973398089
1586247720.711218 -298.054260254 -341.092041016 29.982479095 -0.016957581 -0.023206694 -0.231417656 0.972429872
1586247720.744218 -298.232330322 -341.460571289 30.012344360 -0.016748788 -0.023404071 -0.235385865 0.971475840
1586247720.777218 -298.420593262 -341.818939209 30.041236877 -0.016637772 -0.023594262 -0.239286095 0.970519841
1586247720.810218 -298.604553223 -342.182830811 30.070468903 -0.016912339 -0.023747783 -0.243162155 0.969547391
1586247720.843218 -298.791564941 -342.545166016 30.099679947 -0.017009614 -0.024093486 -0.246956632 0.968577623
1586247720.876218 -298.981018066 -342.905334473 30.129003525 -0.017189920 -0.024584878 -0.250715852 0.967595875
1586247720.909219 -299.224639893 -343.211425781 30.148082733 -0.017581284 -0.024599407 -0.254402041 0.966625810
1586247720.942219 -299.419403076 -343.567352295 30.177412033 -0.017671434 -0.024845507 -0.258100510 0.965636849
1586247720.975219 -299.616394043 -343.921539307 30.206808090 -0.018011689 -0.025030229 -0.261760354 0.964640200
1586247721.008219 -299.839965820 -344.250915527 30.231121063 -0.018583000 -0.025332535 -0.265295267 0.963655233
1586247721.041219 -300.042083740 -344.600860596 30.260759354 -0.018863708 -0.025590487 -0.268886387 0.962647140
1586247721.074219 -300.246398926 -344.949401855 30.290824890 -0.018993020 -0.025846921 -0.272420883 0.961643457
1586247721.107219 -300.476684570 -345.275146484 30.314544678 -0.019268662 -0.026182685 -0.275907457 0.960634351
1586247721.140219 -300.686157227 -345.619354248 30.344362259 -0.019488273 -0.026481584 -0.279373437 0.959619403
1586247721.173219 -300.897094727 -345.962005615 30.374097824 -0.019514231 -0.026676241 -0.282782793 0.958614349
1586247721.206219 -301.132415771 -346.284851074 30.398036957 -0.019764304 -0.026704289 -0.286110550 0.957620502
1586247721.239219 -301.347381592 -346.624084473 30.428184509 -0.019724548 -0.026875297 -0.289404541 0.956626177
1586247721.272219 -301.564239502 -346.961425781 30.458358765 -0.019804239 -0.027035203 -0.292597353 0.955648363
1586247721.305219 -301.785003662 -347.294769287 30.487518311 -0.019800991 -0.027375706 -0.295662820 0.954694748
1586247721.338219 -302.035766602 -347.608551025 30.508966446 -0.019702226 -0.027593400 -0.298743784 0.953730941
1586247721.371219 -302.258575439 -347.940185547 30.538249969 -0.019829512 -0.027869804 -0.301737010 0.952777505
1586247721.404220 -302.483764648 -348.270599365 30.566986084 -0.019763678 -0.028287973 -0.304622769 0.951847851
1586247721.437220 -302.733215332 -348.584960938 30.589437485 -0.019753098 -0.028583337 -0.307335854 0.950966597
1586247721.470220 -302.962005615 -348.911346436 30.618267059 -0.019690543 -0.028975427 -0.310040236 0.950077772
1586247721.503220 -303.192413330 -349.236572266 30.647338867 -0.019496024 -0.029398425 -0.312682986 0.949202299
1586247721.536220 -303.446075439 -349.548522949 30.668390274 -0.019457074 -0.029691545 -0.315230757 0.948350906
1586247721.569220 -303.679412842 -349.869781494 30.697389603 -0.019286215 -0.029976742 -0.317794472 0.947489381
1586247721.602220 -303.914123535 -350.189025879 30.726005554 -0.019425154 -0.030314390 -0.320280731 0.946638286
1586247721.635220 -304.170776367 -350.498413086 30.746463776 -0.019771516 -0.030746432 -0.322640926 0.945815325
1586247721.668220 -304.408996582 -350.812713623 30.774608612 -0.020280451 -0.031238597 -0.324976504 0.944988489
1586247721.701220 -304.648437500 -351.125488281 30.802803040 -0.021004945 -0.031653404 -0.327227801 0.944181621
1586247721.734221 -304.906982422 -351.432739258 30.823059082 -0.021579357 -0.031988855 -0.329511970 0.943362594
1586247721.767220 -305.149291992 -351.741851807 30.851278305 -0.022186311 -0.032246139 -0.331609160 0.942604601
1586247721.800221 -305.392242432 -352.050140381 30.879692078 -0.022989631 -0.032327730 -0.333635688 0.941867113
1586247721.833221 -305.639282227 -352.354125977 30.906980515 -0.023594590 -0.032526836 -0.335493773 0.941185057
1586247721.866221 -305.902313232 -352.661682129 30.926456451 -0.024357706 -0.032665014 -0.337357014 0.940494537
1586247721.899221 -306.149963379 -352.965881348 30.955118179 -0.024805605 -0.032876115 -0.339108348 0.939845443
1586247721.932221 -306.398468018 -353.269256592 30.984144211 -0.025151607 -0.033168763 -0.340762049 0.939227581
1586247721.965221 -306.660278320 -353.573974609 31.006725311 -0.025514215 -0.033448547 -0.342373580 0.938621640
1586247721.998221 -306.911560059 -353.875457764 31.036415100 -0.025442483 -0.033685382 -0.343916088 0.938051045
1586247722.031221 -307.163635254 -354.176544189 31.066005707 -0.025334090 -0.033802748 -0.345415831 0.937498569
1586247722.064221 -307.418701172 -354.474365234 31.094429016 -0.025049448 -0.034113299 -0.346819222 0.936976671
1586247722.097221 -307.683593750 -354.782623291 31.114929199 -0.024776578 -0.034441896 -0.348383009 0.936391592
1586247722.130221 -307.939483643 -355.080322266 31.143680573 -0.024521023 -0.034716159 -0.349813372 0.935854793
1586247722.163222 -308.196014404 -355.377563477 31.172462463 -0.024101494 -0.035053089 -0.351198077 0.935334384
1586247722.196221 -308.459808350 -355.681701660 31.194383621 -0.023676842 -0.035392582 -0.352470934 0.934853494
1586247722.229222 -308.718353271 -355.976501465 31.222913742 -0.023411661 -0.035627499 -0.353732347 0.934374690
1586247722.262222 -308.977355957 -356.270233154 31.251308441 -0.023221491 -0.035828993 -0.354890794 0.933932304
1586247722.295222 -309.240112305 -356.572631836 31.272270203 -0.023350209 -0.035788968 -0.356021702 0.933500111
1586247722.328222 -309.500793457 -356.864044189 31.299915314 -0.023652464 -0.035850719 -0.357019991 0.933108866
1586247722.361222 -309.761779785 -357.154174805 31.327308655 -0.024073809 -0.035953019 -0.357924104 0.932747662
1586247722.394222 -310.023986816 -357.443328857 31.354543686 -0.024574578 -0.035927676 -0.358763754 0.932412982
1586247722.427222 -310.284942627 -357.747558594 31.372440338 -0.025010439 -0.035570867 -0.359630793 0.932080984
1586247722.460222 -310.546813965 -358.036437988 31.400115967 -0.025581213 -0.035114229 -0.360419512 0.931778133
1586247722.493222 -310.809692383 -358.324645996 31.427768707 -0.025938362 -0.035027213 -0.361197650 0.931470156
1586247722.526222 -311.073852539 -358.612548828 31.455575943 -0.025978182 -0.035162423 -0.361933023 0.931178451
1586247722.559222 -311.335937500 -358.915893555 31.473691940 -0.026164979 -0.035133846 -0.362802982 0.930835664
1586247722.592222 -311.601165771 -359.203735352 31.502233505 -0.026022313 -0.035112955 -0.363519192 0.930561006
1586247722.625223 -311.867248535 -359.491455078 31.531002045 -0.025573015 -0.035251696 -0.364208609 0.930298626
1586247722.658223 -312.131530762 -359.791198730 31.551689148 -0.025124313 -0.035323210 -0.365106195 0.929956257
1586247722.691223 -312.399566650 -360.078613281 31.580085754 -0.024467560 -0.035444092 -0.365818948 0.929688990
1586247722.724223 -312.664978027 -360.374145508 31.604064941 -0.023610443 -0.035649136 -0.366659641 0.929372072
1586247722.757223 -312.934997559 -360.660278320 31.631679535 -0.023174675 -0.035973560 -0.367371589 0.929089367
1586247722.790223 -313.205200195 -360.945617676 31.658800125 -0.022632865 -0.036311414 -0.368045539 0.928822756
1586247722.823223 -313.469543457 -361.243957520 31.679458618 -0.022444516 -0.036473859 -0.368791729 0.928524971
1586247722.856223 -313.740692139 -361.528198242 31.705821991 -0.022337316 -0.036519840 -0.369372010 0.928295016
1586247722.889223 -314.011444092 -361.812255859 31.732048035 -0.022236794 -0.036327958 -0.369931787 0.928082108
1586247722.922223 -314.282623291 -362.095764160 31.758247375 -0.022349179 -0.036061332 -0.370540112 0.927847087
1586247722.955223 -314.543212891 -362.397399902 31.776096344 -0.022865802 -0.035745475 -0.371255815 0.927560568
1586247722.988224 -314.815185547 -362.679534912 31.801406860 -0.023377478 -0.035471573 -0.371702790 0.927379251
1586247723.021223 -315.088043213 -362.961364746 31.826583862 -0.024236828 -0.035237655 -0.372207522 0.927163661
1586247723.054224 -315.361541748 -363.242980957 31.851890564 -0.024747165 -0.035045322 -0.372661680 0.926975071
1586247723.087224 -315.621856689 -363.543945312 31.870620728 -0.025138438 -0.034742728 -0.373415232 0.926672578
1586247723.120224 -315.895843506 -363.825653076 31.896726608 -0.025684267 -0.034317326 -0.373866379 0.926491618
1586247723.153224 -316.171173096 -364.107971191 31.923360825 -0.025791433 -0.034068041 -0.374379247 0.926290631
1586247723.186224 -316.436065674 -364.405151367 31.945592880 -0.025668057 -0.033739328 -0.375170082 0.925986111
1586247723.219224 -316.712921143 -364.688110352 31.972795486 -0.025593489 -0.033518709 -0.375658691 0.925798118
1586247723.252224 -316.990783691 -364.971191406 32.000431061 -0.025208086 -0.033473555 -0.376153827 0.925609231
1586247723.285224 -317.270141602 -365.254028320 32.028064728 -0.024833769 -0.033599462 -0.376608849 0.925429702
1586247723.318224 -317.533325195 -365.556030273 32.049156189 -0.024453076 -0.033545930 -0.377257437 0.925177634
1586247723.351224 -317.813598633 -365.838928223 32.076690674 -0.024066212 -0.033608109 -0.377632797 0.925032318
1586247723.384224 -318.094970703 -366.121520996 32.104038239 -0.023817927 -0.033843599 -0.378066003 0.924853206
1586247723.417224 -318.364379883 -366.417419434 32.126674652 -0.023641795 -0.034010675 -0.378776550 0.924560785
1586247723.450224 -318.647583008 -366.699249268 32.152801514 -0.023644086 -0.034406703 -0.379126936 0.924402475
1586247723.483225 -318.931396484 -366.981231689 32.178997040 -0.023680687 -0.034738652 -0.379466861 0.924249649
1586247723.516225 -319.215820312 -367.262786865 32.204582214 -0.023935495 -0.035055012 -0.379807025 0.924091399
1586247723.549225 -319.481811523 -367.562072754 32.224586487 -0.024188697 -0.035052381 -0.380312502 0.923876941
1586247723.582225 -319.767120361 -367.844604492 32.249755859 -0.024542570 -0.035119686 -0.380627632 0.923735321
1586247723.615225 -320.042816162 -368.135162354 32.272533417 -0.024720700 -0.035002824 -0.381047279 0.923561990
1586247723.648225 -320.329711914 -368.418029785 32.297580719 -0.024950087 -0.035187937 -0.381249040 0.923465490
1586247723.681225 -320.617156982 -368.700866699 32.322734833 -0.025353011 -0.035314068 -0.381451488 0.923366070
1586247723.714225 -320.904998779 -368.984283447 32.348300934 -0.025465846 -0.035401665 -0.381593943 0.923300743
1586247723.747225 -321.170684814 -369.284484863 32.369709015 -0.025390387 -0.035125971 -0.382050484 0.923124552
1586247723.780225 -321.459869385 -369.569122314 32.395374298 -0.025493441 -0.035065532 -0.382201880 0.923061371
1586247723.813226 -321.749450684 -369.854217529 32.421047211 -0.025470193 -0.034989953 -0.382352561 0.923002422
1586247723.846226 -322.039855957 -370.139953613 32.447219849 -0.025338054 -0.034885913 -0.382544994 0.922930360
1586247723.879225 -322.330688477 -370.425964355 32.473377228 -0.024998516 -0.034878824 -0.382724345 0.922865510
1586247723.912225 -322.590118408 -370.731567383 32.495067596 -0.024710866 -0.034681737 -0.383165151 0.922697723
1586247723.945226 -322.882263184 -371.018005371 32.520843506 -0.024665087 -0.034607861 -0.383323818 0.922635794
1586247723.978226 -323.175018311 -371.304901123 32.546791077 -0.024557797 -0.034515079 -0.383510530 0.922564566
1586247724.011226 -323.468231201 -371.592315674 32.572654724 -0.024259329 -0.034480728 -0.383696437 0.922496438
1586247724.044226 -323.734375000 -371.894470215 32.595794678 -0.024061292 -0.034116592 -0.384141922 0.922329724
1586247724.077226 -324.028747559 -372.182830811 32.621067047 -0.023861675 -0.033861276 -0.384244829 0.922301471
1586247724.110226 -324.324005127 -372.470642090 32.646259308 -0.023956180 -0.033692762 -0.384339541 0.922265768
1586247724.143226 -324.620056152 -372.758270264 32.671382904 -0.024012119 -0.033831839 -0.384389669 0.922238290
1586247724.176226 -324.886230469 -373.059631348 32.694923401 -0.024344206 -0.033592619 -0.384786636 0.922072768
1586247724.209226 -325.183654785 -373.347167969 32.719974518 -0.024585873 -0.033898365 -0.384859711 0.922024667
1586247724.242226 -325.481231689 -373.635498047 32.745540619 -0.025057849 -0.033762600 -0.384916395 0.921993256
1586247724.275226 -325.779388428 -373.924499512 32.770675659 -0.025588214 -0.033441722 -0.385014415 0.921949506
1586247724.308227 -326.045379639 -374.226104736 32.794105530 -0.026172759 -0.032781415 -0.385326594 0.921826363
1586247724.341227 -326.344543457 -374.516662598 32.819534302 -0.026638716 -0.032463670 -0.385400772 0.921793222
1586247724.374227 -326.646118164 -374.807617188 32.844978333 -0.026886882 -0.032808956 -0.385474294 0.921743095
1586247724.407227 -326.947967529 -375.100280762 32.870082855 -0.027105508 -0.033471547 -0.385609180 0.921656430
1586247724.440227 -327.218139648 -375.401550293 32.895065308 -0.026986957 -0.033579070 -0.385840088 0.921559334
1586247724.473227 -327.522155762 -375.694824219 32.921215057 -0.026828434 -0.033691946 -0.385862052 0.921550632
1586247724.506227 -327.826141357 -375.989288330 32.948425293 -0.026196897 -0.033739280 -0.385884345 0.921557784
1586247724.539227 -328.130828857 -376.284118652 32.975753784 -0.025912400 -0.033648081 -0.385930061 0.921549976
1586247724.572227 -328.401336670 -376.588653564 33.001991272 -0.025513114 -0.033622876 -0.386101454 0.921490252
1586247724.605227 -328.707733154 -376.883850098 33.029457092 -0.024986386 -0.034125775 -0.386166453 0.921458960
1586247724.638227 -329.014404297 -377.178283691 33.055507660 -0.025272518 -0.034477048 -0.386158407 0.921441436
1586247724.671227 -329.321105957 -377.473480225 33.081840515 -0.025357932 -0.034532346 -0.386180013 0.921427965
1586247724.704228 -329.590972900 -377.779724121 33.106105804 -0.025619954 -0.034014311 -0.386401534 0.921347201
1586247724.737227 -329.898254395 -378.076416016 33.132461548 -0.025584875 -0.033687476 -0.386401474 0.921360135
1586247724.770228 -330.206390381 -378.373413086 33.158897400 -0.025463279 -0.033581097 -0.386429042 0.921355844
1586247724.803228 -330.515411377 -378.670593262 33.185325623 -0.025467187 -0.033543155 -0.386464626 0.921342254
1586247724.836228 -330.786682129 -378.978576660 33.209320068 -0.025182158 -0.033507921 -0.386857450 0.921186447
1586247724.869228 -331.096740723 -379.276885986 33.235900879 -0.025099337 -0.033582710 -0.386864722 0.921182930
1586247724.902228 -331.407653809 -379.575683594 33.262744904 -0.025131375 -0.033518560 -0.386873960 0.921180487
1586247724.935228 -331.719482422 -379.874755859 33.289562225 -0.024735389 -0.033776868 -0.386858970 0.921188056
1586247724.968228 -331.992736816 -380.184204102 33.314018250 -0.024459960 -0.033845577 -0.387030035 0.921121061
1586247725.001228 -332.305725098 -380.483825684 33.341075897 -0.024439426 -0.034027062 -0.386930496 0.921156704
1586247725.034228 -332.619506836 -380.783874512 33.367774963 -0.024343640 -0.034453310 -0.386777639 0.921207666
1586247725.067228 -332.933654785 -381.083801270 33.394466400 -0.024637820 -0.034803838 -0.386594206 0.921263635
1586247725.100228 -333.207794189 -381.394226074 33.418045044 -0.024784893 -0.035047568 -0.386577666 0.921257377
1586247725.133229 -333.522247314 -381.695892334 33.444213867 -0.024841245 -0.035229716 -0.386293888 0.921367884
1586247725.166229 -333.837066650 -381.997985840 33.470546722 -0.024585336 -0.035622444 -0.385941625 0.921507359
1586247725.199229 -334.151153564 -382.300659180 33.497154236 -0.024492320 -0.035659149 -0.385560095 0.921668053
1586247725.232229 -334.425598145 -382.613281250 33.521465302 -0.024721742 -0.035557400 -0.385409057 0.921729028
1586247725.265229 -334.740295410 -382.916442871 33.548446655 -0.025197119 -0.035872255 -0.384982824 0.921882033
1586247725.298229 -335.055053711 -383.220397949 33.575393677 -0.025495082 -0.036012806 -0.384569526 0.922040939
1586247725.331229 -335.369476318 -383.525024414 33.602714539 -0.025131136 -0.036007743 -0.384081960 0.922254324
1586247725.364229 -335.643341064 -383.839202881 33.627929688 -0.024979174 -0.035783354 -0.383833677 0.922370493
1586247725.397229 -335.956604004 -384.144592285 33.655513763 -0.025564551 -0.035362180 -0.383424997 0.922540665
1586247725.430229 -336.269226074 -384.450805664 33.684020996 -0.025600791 -0.034991171 -0.383042753 0.922712564
1586247725.463229 -336.582214355 -384.757812500 33.713378906 -0.025920391 -0.034559347 -0.382778287 0.922829747
1586247725.496229 -336.855957031 -385.073425293 33.739547729 -0.026157349 -0.034276582 -0.382505178 0.922946751
1586247725.529229 -337.169311523 -385.380523682 33.768287659 -0.026703626 -0.034016702 -0.382083982 0.923115194
1586247725.562229 -337.483062744 -385.688262939 33.797641754 -0.026927888 -0.033931166 -0.381706834 0.923267841
1586247725.595230 -337.797058105 -385.996154785 33.827503204 -0.026872279 -0.033950772 -0.381235689 0.923463404
1586247725.628230 -338.070861816 -386.313598633 33.853942871 -0.027122410 -0.033666190 -0.381094396 0.923524797
1586247725.661230 -338.385101318 -386.622985840 33.883983612 -0.027537465 -0.033472754 -0.380708784 0.923678637
1586247725.694230 -338.699584961 -386.933074951 33.914196014 -0.027330725 -0.033621710 -0.380276024 0.923857570
1586247725.727230 -339.014343262 -387.243774414 33.944335938 -0.027086077 -0.033764336 -0.379837841 0.924039781
1586247725.760230 -339.290283203 -387.563629150 33.971313477 -0.026602954 -0.034041204 -0.379681051 0.924108148
1586247725.793230 -339.605529785 -387.875732422 34.001365662 -0.026041269 -0.034300394 -0.379237324 0.924296737
1586247725.826230 -339.920532227 -388.188110352 34.031166077 -0.026068777 -0.034280851 -0.378865838 0.924449086
1586247725.859230 -340.235656738 -388.501007080 34.060523987 -0.025850054 -0.034421094 -0.378446043 0.924621820
1586247725.892231 -340.510314941 -388.822723389 34.087009430 -0.025525957 -0.034527846 -0.378106594 0.924765825
1586247725.925230 -340.824645996 -389.137054443 34.115806580 -0.025372028 -0.034429964 -0.377694011 0.924942255
1586247725.958230 -341.119354248 -389.455657959 34.143283844 -0.024854571 -0.034424696 -0.377404571 0.925074577
1586247725.991230 -341.432800293 -389.771423340 34.170745850 -0.024475422 -0.034541413 -0.376999468 0.925245523
1586247726.024231 -341.727783203 -390.090393066 34.198043823 -0.024488032 -0.034231886 -0.376704156 0.925376952
1586247726.057231 -342.040863037 -390.406982422 34.225387573 -0.024211166 -0.034045026 -0.376297057 0.925556779
1586247726.090231 -342.354095459 -390.723541260 34.252578735 -0.024092615 -0.033994772 -0.375876844 0.925732493
1586247726.123231 -342.667724609 -391.040222168 34.279663086 -0.024046630 -0.034037303 -0.375476569 0.925894499
1586247726.156231 -342.943908691 -391.364013672 34.306320190 -0.023788899 -0.034047782 -0.375195384 0.926014721
1586247726.189231 -343.256561279 -391.681640625 34.333763123 -0.023657620 -0.034120575 -0.374784917 0.926181614
1586247726.222231 -343.551971436 -392.001983643 34.360431671 -0.023804992 -0.034202885 -0.374399424 0.926330686
1586247726.255231 -343.864562988 -392.319824219 34.387367249 -0.023768095 -0.034403294 -0.373996437 0.926487029
1586247726.288231 -344.177032471 -392.638122559 34.414604187 -0.023915257 -0.034408607 -0.373592287 0.926646054
1586247726.321231 -344.489471436 -392.956542969 34.441890717 -0.023934122 -0.034448586 -0.373189241 0.926806450
1586247726.354231 -344.766937256 -393.280456543 34.468055725 -0.024089307 -0.034547538 -0.373004079 0.926873326
1586247726.387232 -345.078643799 -393.599121094 34.495468140 -0.024175763 -0.034468122 -0.372642368 0.927019536
1586247726.420231 -345.390106201 -393.918212891 34.523338318 -0.024290323 -0.034256473 -0.372338325 0.927146554
1586247726.453232 -345.701568604 -394.237396240 34.551071167 -0.024353115 -0.034137633 -0.372055948 0.927262604
1586247726.486232 -345.978698730 -394.562683105 34.578624725 -0.024591923 -0.034018259 -0.371980160 0.927291095
1586247726.519232 -346.289703369 -394.881988525 34.606292725 -0.024807334 -0.033974886 -0.371808589 0.927355766
1586247726.552232 -346.600708008 -395.201843262 34.634231567 -0.024717778 -0.033922505 -0.371650606 0.927423477
1586247726.585232 -346.911621094 -395.521881104 34.662193298 -0.024782896 -0.033700962 -0.371479332 0.927498400
1586247726.618232 -347.189147949 -395.847473145 34.690555573 -0.024799556 -0.033380710 -0.371569008 0.927473545
1586247726.651232 -347.499481201 -396.168457031 34.718971252 -0.024735685 -0.033219885 -0.371458501 0.927525282
1586247726.684232 -347.809753418 -396.489257812 34.747333527 -0.024770109 -0.033106219 -0.371361852 0.927567184
1586247726.717232 -348.120239258 -396.810180664 34.775955200 -0.024459060 -0.033144627 -0.371274620 0.927608907
1586247726.750232 -348.398834229 -397.134918213 34.803833008 -0.024364650 -0.033071067 -0.371368498 0.927576482
1586247726.783232 -348.708404541 -397.456390381 34.832649231 -0.024211437 -0.032990854 -0.371256024 0.927628398
1586247726.816232 -349.017791748 -397.777618408 34.861339569 -0.024080634 -0.032845289 -0.371136248 0.927684903
1586247726.849233 -349.327301025 -398.098693848 34.890113831 -0.023921847 -0.032801609 -0.371007383 0.927742124
1586247726.882233 -349.606475830 -398.420959473 34.917598724 -0.023964616 -0.032738890 -0.371074885 0.927716196
1586247726.915233 -349.915710449 -398.741699219 34.946151733 -0.023861915 -0.032857094 -0.370933652 0.927771211
1586247726.948233 -350.224578857 -399.062072754 34.974899292 -0.023553493 -0.033064786 -0.370792061 0.927828252
1586247726.981233 -350.530975342 -399.383026123 35.003917694 -0.023544220 -0.033097897 -0.370739579 0.927848279
1586247727.014233 -350.811676025 -399.703094482 35.030441284 -0.023429753 -0.033045065 -0.370731592 0.927856266
1586247727.047233 -351.119018555 -400.023315430 35.059394836 -0.023196727 -0.033125632 -0.370619446 0.927904010
1586247727.080233 -351.425903320 -400.342712402 35.088108063 -0.023247540 -0.033131536 -0.370511055 0.927945852
1586247727.113233 -351.732940674 -400.662322998 35.116752625 -0.023098230 -0.033292763 -0.370367885 0.928000987
1586247727.146233 -352.011047363 -400.980712891 35.143009186 -0.023164332 -0.033414066 -0.370400667 0.927981853
1586247727.179233 -352.316711426 -401.299377441 35.171497345 -0.023167104 -0.033485059 -0.370263398 0.928034008
1586247727.212234 -352.621887207 -401.617919922 35.200103760 -0.023191808 -0.033469182 -0.370136470 0.928084552
1586247727.245233 -352.926849365 -401.936065674 35.228500366 -0.023325562 -0.033473223 -0.370001256 0.928135037
1586247727.278234 -353.204040527 -402.253295898 35.254402161 -0.023436755 -0.033607673 -0.369961083 0.928143382
1586247727.311234 -353.508117676 -402.571105957 35.282775879 -0.023530751 -0.033651635 -0.369724691 0.928233624
1586247727.344234 -353.811767578 -402.888641357 35.311527252 -0.023516562 -0.033788603 -0.369453460 0.928336918
1586247727.377234 -354.094757080 -403.205261230 35.338058472 -0.023515195 -0.033955105 -0.369284093 0.928398252
1586247727.410233 -354.397094727 -403.522827148 35.366714478 -0.023537457 -0.034022633 -0.368959129 0.928524494
1586247727.443234 -354.698669434 -403.840209961 35.394817352 -0.023513168 -0.034005553 -0.368608475 0.928664923
1586247727.476234 -355.000061035 -404.157897949 35.423439026 -0.023525089 -0.034006104 -0.368228614 0.928815305
1586247727.509234 -355.275299072 -404.473449707 35.449497223 -0.023565769 -0.034327414 -0.367886245 0.928938150
1586247727.542234 -355.575286865 -404.790924072 35.477672577 -0.023458481 -0.034401283 -0.367450774 0.929110467
1586247727.575234 -355.874359131 -405.108581543 35.505920410 -0.023443043 -0.034287095 -0.367035747 0.929279089
1586247727.608234 -356.173004150 -405.425964355 35.534385681 -0.023306847 -0.034192111 -0.366632581 0.929445148
1586247727.641234 -356.445281982 -405.741210938 35.560852051 -0.023312032 -0.034137297 -0.366425216 0.929528832
1586247727.674234 -356.742156982 -406.058776855 35.588775635 -0.023358015 -0.033953611 -0.366052508 0.929681182
1586247727.707234 -357.038238525 -406.376220703 35.616500854 -0.023330748 -0.033770930 -0.365689963 0.929831266
1586247727.740235 -357.334167480 -406.693725586 35.644424438 -0.023254216 -0.033675972 -0.365301967 0.929989100
1586247727.773234 -357.628021240 -407.010894775 35.672180176 -0.023383468 -0.033453267 -0.365001798 0.930111766
1586247727.806235 -357.892456055 -407.323730469 35.698497772 -0.023248404 -0.033296958 -0.364638060 0.930263400
1586247727.839235 -358.186584473 -407.641540527 35.726654053 -0.023074508 -0.033081327 -0.364201307 0.930446506
1586247727.872235 -358.480041504 -407.958557129 35.754386902 -0.023110539 -0.032845460 -0.363806307 0.930608511
1586247727.905235 -358.773101807 -408.275573730 35.782600403 -0.023250252 -0.032627139 -0.363390446 0.930775106
1586247727.938235 -359.064788818 -408.594360352 35.810638428 -0.023191124 -0.032799393 -0.363027751 0.930912077
1586247727.971235 -359.327758789 -408.903625488 35.835762024 -0.023109704 -0.033175178 -0.362600803 0.931067169
1586247728.004235 -359.620635986 -409.221405029 35.862777710 -0.022690982 -0.033511154 -0.362174094 0.931231499
1586247728.037235 -359.912750244 -409.539489746 35.889987946 -0.022230029 -0.033666365 -0.361764014 0.931396365
1586247728.070235 -360.203857422 -409.857574463 35.917205811 -0.021933824 -0.033546619 -0.361355305 0.931566417
1586247728.103235 -360.494110107 -410.175628662 35.944587708 -0.021690907 -0.033374522 -0.360940307 0.931739151
1586247728.136235 -360.750732422 -410.483154297 35.969772339 -0.021457255 -0.033440404 -0.360594988 0.931875885
1586247728.169235 -361.038848877 -410.800292969 35.997833252 -0.021318553 -0.033366937 -0.360181302 0.932041645
1586247728.202236 -361.326324463 -411.116394043 36.025634766 -0.021710992 -0.033188343 -0.359764457 0.932199955
1586247728.235236 -361.612792969 -411.432037354 36.052642822 -0.022511423 -0.032846745 -0.359350383 0.932352781
1586247728.268236 -361.898071289 -411.747314453 36.079479218 -0.023394613 -0.032350190 -0.358893454 0.932524383
1586247728.301236 -362.150512695 -412.049743652 36.103645325 -0.024331870 -0.031929214 -0.358602017 0.932627022
1586247728.334236 -362.435333252 -412.365905762 36.131179810 -0.024710268 -0.031477369 -0.358231187 0.932774901
1586247728.367236 -362.720001221 -412.682556152 36.159557343 -0.024984121 -0.031004064 -0.357885301 0.932916284
1586247728.400236 -363.004547119 -412.999267578 36.188507080 -0.024910660 -0.030748965 -0.357533634 0.933061481
1586247728.433236 -363.287292480 -413.317962646 36.217857361 -0.024624228 -0.030553589 -0.357205212 0.933201313
1586247728.466236 -363.538635254 -413.617919922 36.244602203 -0.024058821 -0.030606290 -0.356852978 0.933349073
1586247728.499236 -363.822418213 -413.935638428 36.274196625 -0.023368359 -0.030713348 -0.356486827 0.933503032
1586247728.532236 -364.106262207 -414.253356934 36.303901672 -0.022709906 -0.030853443 -0.356130034 0.933650792
1586247728.565237 -364.389465332 -414.570526123 36.333465576 -0.022145865 -0.031112682 -0.355777830 0.933789968
1586247728.598236 -364.671813965 -414.887084961 36.362705231 -0.021513999 -0.031283900 -0.355423510 0.933933914
1586247728.631237 -364.918914795 -415.182434082 36.387634277 -0.021111578 -0.031503979 -0.355097651 0.934059680
1586247728.664237 -365.199279785 -415.498168945 36.414924622 -0.020667730 -0.031814698 -0.354771554 0.934183002
1586247728.697237 -365.478790283 -415.813232422 36.441661835 -0.020386398 -0.031991079 -0.354426205 0.934314251
1586247728.730237 -365.757080078 -416.127410889 36.468162537 -0.020398438 -0.032121137 -0.354099423 0.934433460
1586247728.763237 -366.033111572 -416.441619873 36.494400024 -0.020389346 -0.032134563 -0.353836805 0.934532642
1586247728.796237 -366.277832031 -416.730285645 36.517456055 -0.020246983 -0.032288045 -0.353429228 0.934684634
1586247728.829237 -366.553009033 -417.042938232 36.543716431 -0.020286232 -0.032233577 -0.353139281 0.934795260
1586247728.862237 -366.827239990 -417.355255127 36.570041656 -0.020395219 -0.032134905 -0.352866173 0.934899449
1586247728.895237 -367.100738525 -417.667053223 36.596336365 -0.020320384 -0.032153931 -0.352535158 0.935025275
1586247728.928237 -367.371246338 -417.978881836 36.623535156 -0.020531146 -0.032127783 -0.352315038 0.935104489
1586247728.961237 -367.611846924 -418.259826660 36.645412445 -0.020706773 -0.032233939 -0.352069229 0.935189545
1586247728.994237 -367.882476807 -418.569885254 36.672294617 -0.020811975 -0.032191798 -0.351809144 0.935286582
1586247729.027238 -368.152221680 -418.879455566 36.699859619 -0.020853043 -0.032075856 -0.351561308 0.935382843
1586247729.060238 -368.421081543 -419.188354492 36.727203369 -0.020747691 -0.032014873 -0.351306319 0.935483038
1586247729.093238 -368.689147949 -419.496826172 36.754707336 -0.020761818 -0.031950098 -0.351132363 0.935550272
1586247729.126238 -368.924011230 -419.773315430 36.776615143 -0.020794243 -0.032071624 -0.350996345 0.935596406
1586247729.159238 -369.190399170 -420.080749512 36.803558350 -0.020690797 -0.032093536 -0.350804269 0.935670018
1586247729.192238 -369.456237793 -420.387725830 36.830596924 -0.020518033 -0.032184497 -0.350613326 0.935742259
1586247729.225238 -369.721038818 -420.693481445 36.858013153 -0.020404667 -0.032180157 -0.350425094 0.935815394
1586247729.258238 -369.958740234 -420.970153809 36.881111145 -0.020291628 -0.032389160 -0.350202024 0.935894132
1586247729.291238 -370.221954346 -421.274871826 36.907516479 -0.020295858 -0.032384902 -0.350063860 0.935945868
1586247729.324238 -370.483886719 -421.578613281 36.934272766 -0.020070078 -0.032346092 -0.349891514 0.936016500
1586247729.357238 -370.745178223 -421.881805420 36.960151672 -0.020064026 -0.032265905 -0.349730074 0.936079741
1586247729.390239 -370.978454590 -422.154022217 36.983066559 -0.019977152 -0.032401625 -0.349555552 0.936142087
1586247729.423239 -371.237884521 -422.456085205 37.008750916 -0.019702286 -0.032372870 -0.349385858 0.936212242
1586247729.456239 -371.496520996 -422.757202148 37.034378052 -0.019617379 -0.032371230 -0.349278331 0.936254203
1586247729.489239 -371.754119873 -423.057617188 37.059890747 -0.019559473 -0.032220025 -0.349129498 0.936316192
1586247729.522239 -372.009948730 -423.357513428 37.084548950 -0.019499511 -0.032109264 -0.349091321 0.936335444
1586247729.555239 -372.232574463 -423.615295410 37.107234955 -0.019462228 -0.032287408 -0.348972678 0.936374307
1586247729.588239 -372.487884521 -423.913482666 37.132041931 -0.019126236 -0.032321081 -0.348883033 0.936413527
1586247729.621239 -372.742431641 -424.211120605 37.156688690 -0.018975466 -0.032234430 -0.348819852 0.936443090
1586247729.654239 -372.996154785 -424.507751465 37.181404114 -0.018708229 -0.032151468 -0.348763764 0.936472178
1586247729.687239 -373.221069336 -424.768676758 37.204727173 -0.018482894 -0.032131772 -0.348709702 0.936497450
1586247729.720239 -373.472595215 -425.063903809 37.228713989 -0.018449366 -0.031919383 -0.348676503 0.936517835
1586247729.753239 -373.723175049 -425.358428955 37.253093719 -0.018263161 -0.031723674 -0.348692358 0.936522186
1586247729.786239 -373.973022461 -425.652160645 37.277160645 -0.018177448 -0.031559557 -0.348704398 0.936524868
1586247729.819239 -374.222351074 -425.944763184 37.300750732 -0.017982513 -0.031470343 -0.348712921 0.936528504
1586247729.852239 -374.437438965 -426.188903809 37.324150085 -0.018185616 -0.031444628 -0.348687112 0.936535001
1586247729.885240 -374.685028076 -426.479675293 37.347427368 -0.018283576 -0.031286061 -0.348713994 0.936528444
1586247729.918240 -374.931396484 -426.769592285 37.370765686 -0.018303514 -0.030976940 -0.348708451 0.936540425
1586247729.951240 -375.177093506 -427.058959961 37.394126892 -0.018418996 -0.030617662 -0.348692507 0.936555862
1586247729.984240 -375.421661377 -427.347442627 37.417499542 -0.018643765 -0.030183958 -0.348721564 0.936554670
1586247730.017240 -375.631866455 -427.584014893 37.441600800 -0.018947303 -0.030027755 -0.348550618 0.936617255
1586247730.050240 -375.875091553 -427.871093750 37.465232849 -0.019074708 -0.029721115 -0.348616421 0.936599970
1586247730.083240 -376.117584229 -428.157043457 37.488506317 -0.019395381 -0.029452160 -0.348668337 0.936582565
1586247730.116240 -376.359649658 -428.442138672 37.511871338 -0.019539624 -0.029215962 -0.348705590 0.936573088
1586247730.149240 -376.601440430 -428.725158691 37.536975861 -0.019546360 -0.029002627 -0.348714828 0.936576128
1586247730.182240 -376.808837891 -428.955841064 37.559463501 -0.019718766 -0.029029340 -0.348742366 0.936561406
1586247730.215240 -377.049407959 -429.238555908 37.583328247 -0.019688785 -0.028853545 -0.348904520 0.936507106
1586247730.248240 -377.289001465 -429.520507812 37.607494354 -0.019614844 -0.028561208 -0.349043459 0.936465800
1586247730.281240 -377.528320312 -429.802154541 37.631580353 -0.019424915 -0.028302738 -0.349199176 0.936419606
1586247730.314240 -377.765960693 -430.083068848 37.654373169 -0.019187778 -0.028231567 -0.349320322 0.936381459
1586247730.347241 -377.971374512 -430.306243896 37.678348541 -0.019184025 -0.028466083 -0.349336892 0.936368227
1586247730.380241 -378.209136963 -430.584869385 37.701759338 -0.019056916 -0.028606474 -0.349482536 0.936312199
1586247730.413241 -378.446289062 -430.862854004 37.725456238 -0.019132107 -0.028557155 -0.349601150 0.936267853
1586247730.446241 -378.682678223 -431.139587402 37.748676300 -0.019255579 -0.028498232 -0.349708796 0.936226964
1586247730.479241 -378.917327881 -431.415191650 37.773002625 -0.019676536 -0.028302828 -0.349853933 0.936169863
1586247730.512241 -379.122344971 -431.632568359 37.795265198 -0.020159245 -0.028114570 -0.349981308 0.936117649
1586247730.545241 -379.357360840 -431.908020020 37.818553925 -0.020736188 -0.027847696 -0.350170493 0.936042309
1586247730.578241 -379.592254639 -432.183105469 37.841571808 -0.021229416 -0.027585674 -0.350343525 0.935974240
1586247730.644241 -380.037750244 -432.684906006 37.887149811 -0.022015274 -0.027182415 -0.350606531 0.935869455
1586247730.677241 -380.272155762 -432.959594727 37.910495758 -0.022080690 -0.026809523 -0.350851774 0.935786724
1586247730.710242 -380.506774902 -433.234191895 37.933994293 -0.022127030 -0.026445679 -0.351123780 0.935693920
1586247730.743242 -380.741302490 -433.508850098 37.957443237 -0.022010088 -0.026108377 -0.351456910 0.935581148
1586247730.776242 -380.975372314 -433.781982422 37.980499268 -0.021631598 -0.025750108 -0.351872444 0.935443699
1586247730.809242 -381.180725098 -433.997222900 38.003860474 -0.021417946 -0.025621276 -0.352223396 0.935320020
1586247730.842242 -381.415893555 -434.271179199 38.027320862 -0.020954398 -0.025440710 -0.352729797 0.935144544
1586247730.875242 -381.651702881 -434.544860840 38.050922394 -0.020456493 -0.025342412 -0.353286833 0.934948027
1586247730.908242 -381.887329102 -434.817504883 38.074493408 -0.020114869 -0.025178839 -0.353853554 0.934745550
1586247730.941242 -382.123413086 -435.088317871 38.098487854 -0.019719183 -0.025009256 -0.354424864 0.934542000
1586247730.974242 -382.329254150 -435.299804688 38.120193481 -0.019698977 -0.024924144 -0.354966670 0.934339046
1586247731.007242 -382.565368652 -435.570922852 38.143577576 -0.019631833 -0.024620259 -0.355732113 0.934057415
1586247731.040242 -382.801422119 -435.841613770 38.166938782 -0.019608796 -0.024155244 -0.356449604 0.933796406
1586247731.073242 -383.037170410 -436.112121582 38.189865112 -0.019700497 -0.023410127 -0.357221782 0.933518410
1586247731.106243 -383.272796631 -436.382263184 38.213123322 -0.019817350 -0.022572814 -0.357985586 0.933243811
1586247731.139242 -383.509979248 -436.651245117 38.236080170 -0.020226210 -0.022140840 -0.358806372 0.932930231
1586247731.172243 -383.781066895 -436.975341797 38.263061523 -0.020590961 -0.021869803 -0.359778523 0.932554126
1586247731.205243 -383.943939209 -437.096313477 38.278434753 -0.021443337 -0.022204306 -0.360394597 0.932289064
1586247731.238243 -384.184234619 -437.363708496 38.301353455 -0.021693945 -0.022181584 -0.361367434 0.931907177
1586247731.271243 -384.425689697 -437.631164551 38.324035645 -0.021649359 -0.022226775 -0.362394840 0.931508064
1586247731.304243 -384.668640137 -437.898193359 38.346855164 -0.021683663 -0.022493040 -0.363548279 0.931051373
1586247731.337243 -384.912414551 -438.165100098 38.369495392 -0.021430254 -0.022779062 -0.364737928 0.930584908
1586247731.370243 -385.123504639 -438.364593506 38.388416290 -0.020895958 -0.022880701 -0.365886092 0.930143654
1586247731.403243 -385.367858887 -438.632751465 38.412384033 -0.019906431 -0.022569600 -0.367291003 0.929619133
1586247731.436243 -385.612762451 -438.901092529 38.436477661 -0.018772751 -0.022255672 -0.368727326 0.929081559
1586247731.469243 -385.858459473 -439.169433594 38.460250854 -0.017542779 -0.021761732 -0.370155990 0.928549051
1586247731.502243 -386.104797363 -439.436279297 38.483974457 -0.016723305 -0.021378879 -0.371649057 0.927976489
1586247731.535244 -386.317077637 -439.630676270 38.502281189 -0.016508043 -0.021378653 -0.372971416 0.927449584
1586247731.568244 -386.566162109 -439.893554688 38.525039673 -0.016454576 -0.021499161 -0.374506950 0.926828742
1586247731.601244 -386.817077637 -440.154327393 38.547187805 -0.017100243 -0.021966446 -0.376028955 0.926189661
1586247731.634243 -387.069030762 -440.412811279 38.568634033 -0.018007249 -0.022596803 -0.377565295 0.925532103
1586247731.667244 -387.291198730 -440.613342285 38.585704803 -0.018993678 -0.023134556 -0.378992110 0.924915731
1586247731.700244 -387.543334961 -440.871917725 38.607059479 -0.019451886 -0.022736281 -0.380551696 0.924275458
1586247731.733244 -387.796264648 -441.130340576 38.627960205 -0.020008566 -0.022176426 -0.382198900 0.923597276
1586247731.766244 -388.049926758 -441.388549805 38.648830414 -0.020467043 -0.021812763 -0.383932769 0.922876418
1586247731.799244 -388.273925781 -441.588409424 38.665763855 -0.021135034 -0.021534674 -0.385573298 0.922183752
1586247731.832244 -388.530181885 -441.845642090 38.687511444 -0.021024585 -0.021337327 -0.387327701 0.921455383
1586247731.865244 -388.788299561 -442.102783203 38.710117340 -0.020420671 -0.021506023 -0.389004618 0.920758307
1586247731.898244 -389.047607422 -442.359527588 38.733211517 -0.019962311 -0.021553004 -0.390608758 0.920087993
1586247731.931244 -389.277313232 -442.556823730 38.752609253 -0.019619199 -0.022090333 -0.391881526 0.919541180
1586247731.964244 -389.540710449 -442.810852051 38.775379181 -0.019193590 -0.022875618 -0.393363208 0.918898106
1586247731.997245 -389.804748535 -443.064971924 38.797618866 -0.018315345 -0.023554817 -0.394936293 0.918223917
1586247732.030245 -390.068725586 -443.319580078 38.819728851 -0.017225921 -0.023669105 -0.396567523 0.917538762
1586247732.063245 -390.333435059 -443.573028564 38.841125488 -0.016175240 -0.023917351 -0.398184896 0.916850686
1586247732.096245 -390.561340332 -443.752441406 38.857341766 -0.016169252 -0.024362765 -0.399652064 0.916200459
1586247732.129245 -390.827819824 -444.001342773 38.877639771 -0.016527742 -0.024923531 -0.401282787 0.915465951
1586247732.162245 -391.095245361 -444.249145508 38.897621155 -0.016689837 -0.025648797 -0.402894467 0.914734781
1586247732.195245 -391.363037109 -444.496887207 38.918071747 -0.016849041 -0.025927113 -0.404534280 0.913999975
1586247732.228245 -391.602386475 -444.687927246 38.936187744 -0.016779842 -0.026197715 -0.406050384 0.913320959
1586247732.261245 -391.871063232 -444.933868408 38.955513000 -0.017106295 -0.026148275 -0.407642066 0.912607074
1586247732.294245 -392.140563965 -445.178314209 38.974159241 -0.017872691 -0.026131077 -0.409246296 0.911874533
1586247732.327245 -392.410491943 -445.422546387 38.992984772 -0.018704774 -0.025898062 -0.410843283 0.911146104
1586247732.360245 -392.655151367 -445.609558105 39.009140015 -0.019487470 -0.026242612 -0.412320316 0.910452425
1586247732.393245 -392.927795410 -445.851135254 39.028018951 -0.020249248 -0.026561946 -0.413966298 0.909679294
1586247732.426246 -393.202392578 -446.092346191 39.047641754 -0.020485908 -0.027170166 -0.415489167 0.908961475
1586247732.459246 -393.478363037 -446.333435059 39.067756653 -0.020328701 -0.027756911 -0.417021900 0.908245087
1586247732.492246 -393.728179932 -446.519683838 39.086891174 -0.020602882 -0.027964164 -0.418448269 0.907576203
1586247732.525246 -394.005584717 -446.759887695 39.107536316 -0.020411313 -0.028061142 -0.420000285 0.906860411
1586247732.558246 -394.283905029 -446.999511719 39.128170013 -0.020484775 -0.028276922 -0.421600789 0.906109095
1586247732.591246 -394.563110352 -447.238861084 39.148742676 -0.020221770 -0.028695686 -0.423192084 0.905359685
1586247732.624246 -394.817596436 -447.423706055 39.167861938 -0.019738020 -0.029508634 -0.424623191 0.904673874
1586247732.657246 -395.099121094 -447.660430908 39.188537598 -0.019930512 -0.029858587 -0.426178634 0.903926492
1586247732.690246 -395.381011963 -447.897003174 39.209007263 -0.019866705 -0.029827524 -0.427625597 0.903245270
1586247732.723246 -395.664672852 -448.130187988 39.230529785 -0.020187914 -0.030014468 -0.428971350 0.902593613
1586247732.756246 -395.920654297 -448.313354492 39.248455048 -0.021054864 -0.030171292 -0.430421114 0.901878119
1586247732.789247 -396.205169678 -448.546691895 39.269050598 -0.021330714 -0.030210333 -0.431918025 0.901154399
1586247732.822246 -396.490722656 -448.779418945 39.289348602 -0.021607876 -0.030277139 -0.433458000 0.900405824
1586247732.855247 -396.777587891 -449.011108398 39.309211731 -0.022386461 -0.030314513 -0.434955388 0.899663150
1586247732.888247 -397.065979004 -449.242919922 39.328758240 -0.022863446 -0.030564424 -0.436434269 0.898926139
1586247732.921247 -397.320983887 -449.407104492 39.345214844 -0.023606330 -0.030886061 -0.437644720 0.898307264
1586247732.954247 -397.611633301 -449.638244629 39.365081787 -0.023513615 -0.030886350 -0.439158261 0.897570729
1586247732.987247 -397.901611328 -449.870727539 39.385585785 -0.022880733 -0.030104412 -0.440674245 0.896870375
1586247733.020247 -398.193054199 -450.103576660 39.406784058 -0.022346199 -0.029177239 -0.442110240 0.896207511
1586247733.053247 -398.457122803 -450.283447266 39.426635742 -0.021497041 -0.028655080 -0.443361700 0.895626664
1586247733.086247 -398.752166748 -450.514556885 39.448513031 -0.020656347 -0.028404277 -0.444797546 0.894942284
1586247733.119247 -399.048919678 -450.744812012 39.469673157 -0.019836038 -0.028685322 -0.446283579 0.894211769
1586247733.152247 -399.346862793 -450.973388672 39.490661621 -0.019234449 -0.029038332 -0.447696090 0.893507242
1586247733.185247 -399.645599365 -451.201843262 39.510860443 -0.018925577 -0.028975729 -0.449115008 0.892803490
1586247733.218247 -399.908447266 -451.362365723 39.528152466 -0.019033253 -0.029127758 -0.450267553 0.892215550
1586247733.251248 -400.209320068 -451.586608887 39.547424316 -0.019436983 -0.029451061 -0.451712281 0.891465604
1586247733.284248 -400.511688232 -451.810058594 39.567089081 -0.019572733 -0.030045148 -0.453251868 0.890661001
1586247733.317248 -400.816009521 -452.032012939 39.586524963 -0.020267395 -0.030946262 -0.454910398 0.889768541
1586247733.350248 -401.120849609 -452.253051758 39.605644226 -0.021282611 -0.031518392 -0.456626892 0.888845086
1586247733.383248 -401.391815186 -452.407043457 39.623264313 -0.022295117 -0.031934343 -0.457957506 0.888120532
1586247733.416248 -401.699523926 -452.627227783 39.642620087 -0.022878796 -0.031728435 -0.459788442 0.887166560
1586247733.449248 -402.008544922 -452.847503662 39.662303925 -0.023057995 -0.031498235 -0.461661041 0.886197090
1586247733.482248 -402.318939209 -453.067352295 39.681453705 -0.023303596 -0.031037366 -0.463712156 0.885135412
1586247733.515248 -402.601196289 -453.233306885 39.700508118 -0.023860989 -0.031133335 -0.465435058 0.884212434
1586247733.548248 -402.916015625 -453.449981689 39.721088409 -0.023843139 -0.031562425 -0.467535913 0.883088648
1586247733.581248 -403.233123779 -453.664886475 39.741226196 -0.024217483 -0.032308716 -0.469661891 0.881922543
1586247733.614249 -403.551177979 -453.875427246 39.761177063 -0.024543282 -0.032990526 -0.471601486 0.880852580
1586247733.647248 -403.843231201 -454.036956787 39.782119751 -0.024797292 -0.033651173 -0.473590463 0.879752696
1586247733.680248 -404.164550781 -454.247680664 39.803031921 -0.024835765 -0.033901740 -0.475828081 0.878533721
1586247733.713248 -404.487121582 -454.457000732 39.824016571 -0.024735451 -0.034409426 -0.478218496 0.877217889
1586247733.746249 -404.811523438 -454.664245605 39.844238281 -0.025058033 -0.035055906 -0.480702370 0.875824451
1586247733.779249 -405.137695312 -454.865875244 39.863800049 -0.025585115 -0.035764251 -0.483165771 0.874423921
1586247733.812249 -405.432067871 -455.009002686 39.883647919 -0.026179135 -0.036633909 -0.485630631 0.873003721
1586247733.845249 -405.760803223 -455.212005615 39.903007507 -0.026335388 -0.037108351 -0.488320470 0.871477246
1586247733.878249 -406.090942383 -455.415130615 39.922298431 -0.026066959 -0.037148703 -0.491015315 0.869968116
1586247733.911249 -406.422607422 -455.617614746 39.941169739 -0.025525093 -0.037097238 -0.493743688 0.868440866
1586247733.944249 -406.788146973 -455.854522705 39.959472656 -0.024769306 -0.037350651 -0.496566564 0.866840899
1586247733.977249 -407.124267578 -456.052825928 39.977664948 -0.023897916 -0.037979800 -0.499264181 0.865287125
1586247734.010249 -407.461853027 -456.249237061 39.995868683 -0.023451714 -0.038565718 -0.501894891 0.863750160
1586247734.043249 -407.801269531 -456.443511963 40.013481140 -0.022989897 -0.039302517 -0.504484236 0.862219512
1586247734.076249 -408.063293457 -456.498840332 40.032615662 -0.022681385 -0.040160973 -0.506491005 0.861010790
1586247734.109250 -408.405700684 -456.688964844 40.049942017 -0.022586644 -0.040734708 -0.509012759 0.859497905
1586247734.142250 -408.748687744 -456.877441406 40.066867828 -0.022561816 -0.041078992 -0.511538208 0.857981443
1586247734.175250 -409.092407227 -457.064453125 40.083679199 -0.022488473 -0.041217528 -0.514124095 0.856429636
1586247734.208250 -409.439239502 -457.245666504 40.100448608 -0.022832304 -0.041135687 -0.516666472 0.854893208
1586247734.241250 -409.756958008 -457.371063232 40.116287231 -0.023607612 -0.040893517 -0.519160748 0.853371322
1586247734.274250 -410.103881836 -457.551696777 40.132465363 -0.024414450 -0.040482387 -0.521873951 0.851711690
1586247734.307250 -410.451934814 -457.731750488 40.149291992 -0.025113789 -0.039865993 -0.524592042 0.850048959
1586247734.340250 -410.801025391 -457.909942627 40.166065216 -0.025830060 -0.039086044 -0.527289033 0.848393440
1586247734.373250 -411.177856445 -458.140808105 40.181167603 -0.026380416 -0.038526010 -0.530094504 0.846651971
1586247734.406250 -411.478851318 -458.200469971 40.200317383 -0.027259529 -0.037761338 -0.532501936 0.845146537
1586247734.439250 -411.833801270 -458.373840332 40.217857361 -0.027621448 -0.037448213 -0.535244703 0.843414426
1586247734.472250 -412.191284180 -458.545623779 40.235565186 -0.027609587 -0.037495233 -0.537948728 0.841690600
1586247734.505250 -412.551910400 -458.715057373 40.253963470 -0.027305186 -0.037653416 -0.540535569 0.840034604
1586247734.538250 -412.893768311 -458.834350586 40.272201538 -0.026751250 -0.037294738 -0.543078184 0.838426888
1586247734.571251 -413.257019043 -459.002319336 40.291393280 -0.025817662 -0.037218321 -0.545747399 0.836724639
1586247734.604251 -413.621887207 -459.168212891 40.311058044 -0.025021164 -0.037216034 -0.548423767 0.834997237
1586247734.637251 -413.988281250 -459.331939697 40.330696106 -0.024261918 -0.037281264 -0.551045001 0.833289146
1586247734.670251 -414.355041504 -459.490417480 40.349308014 -0.023609430 -0.037765451 -0.553586483 0.831599951
1586247734.703251 -414.703643799 -459.586517334 40.365722656 -0.023554951 -0.037920669 -0.556104422 0.829912722
1586247734.736251 -415.074340820 -459.742065430 40.382431030 -0.023470968 -0.038361069 -0.558745742 0.828118861
1586247734.769251 -415.446197510 -459.896026611 40.398361206 -0.023444472 -0.038509440 -0.561399996 0.826315641
1586247734.802251 -415.819000244 -460.048583984 40.413887024 -0.023383081 -0.038519271 -0.564090610 0.824482501
1586247734.835251 -416.193908691 -460.198730469 40.428962708 -0.023335367 -0.038879968 -0.566799879 0.822606742
1586247734.868251 -416.569946289 -460.346313477 40.443855286 -0.023425817 -0.039226688 -0.569510698 0.820713162
1586247734.901251 -416.949645996 -460.482574463 40.460613251 -0.023456750 -0.039595809 -0.572028995 0.818941295
1586247734.934252 -417.302246094 -460.543457031 40.470657349 -0.023410648 -0.039629612 -0.574560881 0.817166626
1586247734.967252 -417.682617188 -460.683776855 40.486343384 -0.023403376 -0.039830480 -0.577315211 0.815213501
1586247735.000252 -418.063903809 -460.822753906 40.501831055 -0.023472577 -0.039603837 -0.580032527 0.813291430
1586247735.033252 -418.446685791 -460.959014893 40.517612457 -0.023536503 -0.039496411 -0.582737565 0.811358809
1586247735.066252 -418.828460693 -461.087585449 40.533222198 -0.023814376 -0.039429381 -0.585310996 0.809499383
1586247735.099252 -419.213562012 -461.217254639 40.548557281 -0.024389412 -0.039467510 -0.587991774 0.807535172
1586247735.132252 -419.584228516 -461.277496338 40.557563782 -0.025267154 -0.039557710 -0.590639114 0.805569530
1586247735.165252 -419.972930908 -461.401824951 40.572345734 -0.025942802 -0.040209081 -0.593248010 0.803596318
1586247735.198252 -420.362945557 -461.523895264 40.586891174 -0.026325015 -0.040828843 -0.595826149 0.801642835
1586247735.231252 -420.755187988 -461.644042969 40.602157593 -0.026801739 -0.041207321 -0.598380029 0.799703121
1586247735.264252 -421.148834229 -461.762573242 40.617553711 -0.026659966 -0.041851249 -0.600982547 0.797720373
1586247735.297252 -421.533905029 -461.820465088 40.626373291 -0.026410043 -0.042081304 -0.603544831 0.795779705
1586247735.330253 -421.930419922 -461.933715820 40.642261505 -0.026281595 -0.042760484 -0.606195927 0.793730021
1586247735.363252 -422.328338623 -462.044891357 40.657913208 -0.025856555 -0.043534830 -0.608811259 0.791697621
1586247735.396253 -422.726684570 -462.154205322 40.673316956 -0.025582071 -0.043887395 -0.611404061 0.789686322
1586247735.429253 -423.121246338 -462.217987061 40.681594849 -0.025422275 -0.043977495 -0.613909483 0.787740409
1586247735.462253 -423.521453857 -462.320831299 40.695690155 -0.025534332 -0.044449929 -0.616533458 0.785658240
1586247735.495253 -423.922302246 -462.421264648 40.709514618 -0.025725394 -0.044573732 -0.619176209 0.783563852
1586247735.528253 -424.323791504 -462.520507812 40.722972870 -0.025804516 -0.044418525 -0.621770203 0.781513214
1586247735.561253 -424.725036621 -462.579162598 40.729316711 -0.025868328 -0.044417948 -0.624283969 0.779504597
1586247735.594253 -425.128265381 -462.672058105 40.742080688 -0.026260527 -0.044415735 -0.626842439 0.777435660
1586247735.627253 -425.532714844 -462.762542725 40.754974365 -0.027022811 -0.044265885 -0.629400492 0.775348604
1586247735.660253 -425.938110352 -462.851074219 40.768508911 -0.027434021 -0.044276908 -0.631900430 0.773297310
1586247735.693253 -426.345611572 -462.902679443 40.774826050 -0.027881444 -0.043736205 -0.634201884 0.771425903
1586247735.726253 -426.753295898 -462.985778809 40.788505554 -0.028315425 -0.043883596 -0.636616707 0.769410014
1586247735.759254 -427.162353516 -463.067047119 40.802749634 -0.028454151 -0.043655533 -0.638920963 0.767505407
1586247735.792253 -427.572692871 -463.146575928 40.817405701 -0.028385639 -0.043748513 -0.641166806 0.765627503
1586247735.825254 -427.982543945 -463.221832275 40.832439423 -0.028915375 -0.043459103 -0.643314123 0.763820767
1586247735.858253 -428.399047852 -463.259002686 40.835517883 -0.029364318 -0.042970710 -0.645397782 0.762071490
1586247735.891254 -428.811737061 -463.330932617 40.851669312 -0.029570132 -0.043182097 -0.647495866 0.760269761
1586247735.924254 -429.225250244 -463.401275635 40.868103027 -0.030120488 -0.042863552 -0.649632215 0.758441448
1586247735.957254 -429.640258789 -463.469238281 40.884887695 -0.030206740 -0.043107461 -0.651675582 0.756669283
1586247735.990254 -430.055023193 -463.531524658 40.898948669 -0.030692190 -0.043301947 -0.653707623 0.754883647
1586247736.023254 -430.479705811 -463.560699463 40.900955200 -0.031269610 -0.043208081 -0.655850291 0.753004491
1586247736.056254 -430.898223877 -463.622253418 40.915687561 -0.031258613 -0.043719571 -0.657792211 0.751279593
1586247736.089254 -431.318206787 -463.681976318 40.930130005 -0.031193640 -0.043958034 -0.659786761 0.749517262
1586247736.122254 -431.740081787 -463.737457275 40.945079803 -0.030782189 -0.044616204 -0.661642373 0.747857869
1586247736.155254 -432.170227051 -463.769165039 40.949142456 -0.030113876 -0.045418859 -0.663507938 0.746181965
1586247736.188254 -432.594543457 -463.822784424 40.964065552 -0.029515084 -0.046281707 -0.665302455 0.744553268
1586247736.221255 -433.019775391 -463.873962402 40.978569031 -0.028954208 -0.047149003 -0.666932583 0.743060946
1586247736.254255 -433.445068359 -463.921234131 40.991989136 -0.028802752 -0.047986131 -0.668435693 0.741661310
1586247736.287255 -433.879486084 -463.949066162 40.991844177 -0.028909953 -0.048267987 -0.669928968 0.740290225
1586247736.320255 -434.305877686 -463.995666504 41.003974915 -0.028766664 -0.048666939 -0.671340764 0.738989651
1586247736.353255 -434.732421875 -464.041046143 41.015579224 -0.028762015 -0.048830479 -0.672713459 0.737729609
1586247736.386255 -435.159820557 -464.085083008 41.026950836 -0.029049160 -0.048781369 -0.674011290 0.736536086
1586247736.419255 -435.587280273 -464.128448486 41.038223267 -0.029309601 -0.048391715 -0.675266147 0.735401154
1586247736.452255 -436.014312744 -464.165100098 41.047866821 -0.029607236 -0.047867246 -0.676397920 0.734382749
1586247736.485255 -436.458648682 -464.183471680 41.041137695 -0.029752642 -0.047156457 -0.677550197 0.733359993
1586247736.518255 -436.888153076 -464.222778320 41.052417755 -0.029996157 -0.046734493 -0.678678632 0.732332945
1586247736.551255 -437.318908691 -464.260864258 41.063911438 -0.030246377 -0.046227671 -0.679784477 0.731328487
1586247736.584255 -437.751159668 -464.297668457 41.075584412 -0.030202508 -0.046061207 -0.680845320 0.730353236
1586247736.617255 -438.195190430 -464.319854736 41.074985504 -0.030199170 -0.045635968 -0.681934953 0.729362845
1586247736.650256 -438.629638672 -464.354217529 41.087432861 -0.029895991 -0.045617349 -0.682936847 0.728438497
1586247736.683255 -439.065185547 -464.387207031 41.100036621 -0.029537737 -0.045659017 -0.683961391 0.727488577
1586247736.716256 -439.501953125 -464.419036865 41.112869263 -0.029008057 -0.045790430 -0.684955657 0.726565659
1586247736.749256 -439.951782227 -464.440277100 41.113769531 -0.028528184 -0.045915905 -0.685936809 0.725650489
1586247736.782256 -440.390045166 -464.468505859 41.125709534 -0.028134972 -0.046440348 -0.686881125 0.724738598
1586247736.815256 -440.828979492 -464.495880127 41.137207031 -0.027829736 -0.046886474 -0.687806845 0.723843217
1586247736.848256 -441.268371582 -464.521697998 41.148273468 -0.027789857 -0.046988700 -0.688703835 0.722984672
1586247736.881256 -441.706878662 -464.542633057 41.158519745 -0.027691871 -0.047266893 -0.689599395 0.722116172
1586247736.914256 -442.167358398 -464.561950684 41.155624390 -0.027705491 -0.047721706 -0.690514803 0.721210361
1586247736.947256 -442.608825684 -464.583374023 41.165042877 -0.027878881 -0.048138920 -0.691338897 0.720385969
1586247736.980256 -443.050872803 -464.603210449 41.174236298 -0.028011233 -0.048778173 -0.692068756 0.719636679
1586247737.013257 -443.493225098 -464.620544434 41.182456970 -0.028370738 -0.049180921 -0.692685246 0.719001770
1586247737.046256 -443.952545166 -464.640869141 41.181095123 -0.028813394 -0.049254950 -0.693320215 0.718366861
1586247737.079257 -444.396606445 -464.658142090 41.189563751 -0.029114395 -0.049492992 -0.693766654 0.717907190
1586247737.112257 -444.841583252 -464.674652100 41.198268890 -0.029600885 -0.049779423 -0.694122851 0.717523038
1586247737.145257 -445.286956787 -464.690551758 41.207191467 -0.030030906 -0.050273523 -0.694274426 0.717324018
1586247737.178257 -445.732543945 -464.703399658 41.214118958 -0.030736625 -0.050724249 -0.694325328 0.717213154
1586247737.211257 -446.200408936 -464.727416992 41.211853027 -0.031503648 -0.050985593 -0.694226921 0.717256546
1586247737.244257 -446.648284912 -464.742340088 41.220390320 -0.031978428 -0.051626280 -0.693929911 0.717477083
1586247737.277257 -447.096893311 -464.757843018 41.229782104 -0.032816410 -0.051762182 -0.693529487 0.717816591
1586247737.310257 -447.546386719 -464.774169922 41.239337921 -0.033259004 -0.052097857 -0.692966998 0.718315005
1586247737.343257 -447.998352051 -464.789794922 41.248760223 -0.033593241 -0.052580137 -0.692266822 0.718939245
1586247737.376257 -448.470031738 -464.821502686 41.248458862 -0.033878565 -0.052945402 -0.691549540 0.719588995
1586247737.409257 -448.922912598 -464.840789795 41.258689880 -0.033925682 -0.053298958 -0.690702677 0.720373690
1586247737.442258 -449.376129150 -464.861236572 41.269477844 -0.033905838 -0.053437132 -0.689878166 0.721153975
1586247737.475258 -449.830566406 -464.882965088 41.280361176 -0.033753842 -0.053519104 -0.689056396 0.721940219
1586247737.508258 -450.285888672 -464.906372070 41.291297913 -0.033460379 -0.053476933 -0.688259721 0.722716570
1586247737.541258 -450.742767334 -464.929718018 41.300811768 -0.033152401 -0.053247288 -0.687628090 0.723348618
1586247737.574258 -451.222198486 -464.978027344 41.300594330 -0.032587558 -0.053113185 -0.686986029 0.723994017
1586247737.607258 -451.679565430 -465.004394531 41.311157227 -0.032108396 -0.052832089 -0.686362624 0.724627018
1586247737.640258 -452.137298584 -465.031097412 41.321514130 -0.031830128 -0.052410126 -0.685826600 0.725177228
1586247737.673258 -452.595855713 -465.058471680 41.331809998 -0.031595554 -0.052020460 -0.685347378 0.725668371
1586247737.706258 -453.070556641 -465.103759766 41.334022522 -0.031534020 -0.051779442 -0.684933662 0.726078808
1586247737.739258 -453.531158447 -465.131347656 41.343284607 -0.031318843 -0.051821049 -0.684484482 0.726508617
1586247737.772258 -453.992248535 -465.159057617 41.352714539 -0.031054020 -0.051747076 -0.684067607 0.726917744
1586247737.805259 -454.454589844 -465.187011719 41.362190247 -0.030844569 -0.051705282 -0.683686137 0.727288425
1586247737.838259 -454.932434082 -465.234588623 41.365020752 -0.030898988 -0.052087549 -0.683389246 0.727537870
1586247737.871259 -455.396087646 -465.261627197 41.374092102 -0.030884713 -0.052583322 -0.682981491 0.727885604
1586247737.904258 -455.860168457 -465.288818359 41.383247375 -0.031171437 -0.052940622 -0.682570219 0.728233159
1586247737.937259 -456.325073242 -465.315826416 41.392223358 -0.031422108 -0.053594999 -0.682226837 0.728496313
1586247737.970259 -456.802795410 -465.364929199 41.397163391 -0.031339467 -0.053494602 -0.681801736 0.728905022
1586247738.003259 -457.267578125 -465.393890381 41.406692505 -0.031260073 -0.053616028 -0.681416690 0.729259610
1586247738.036259 -457.731719971 -465.423645020 41.416584015 -0.031355292 -0.053505767 -0.681091428 0.729567409
1586247738.069259 -458.205657959 -465.469573975 41.423263550 -0.032128364 -0.052664142 -0.680786252 0.729879737
1586247738.102259 -458.669433594 -465.499877930 41.434051514 -0.032573581 -0.052002314 -0.680513024 0.730162144
1586247738.135259 -459.133392334 -465.530426025 41.444763184 -0.032891721 -0.051566798 -0.680214524 0.730456829
1586247738.168259 -459.598022461 -465.562103271 41.456085205 -0.032940358 -0.050725523 -0.679967642 0.730743408
1586247738.201259 -460.077789307 -465.617919922 41.463500977 -0.032964915 -0.050088663 -0.679932892 0.730818570
1586247738.234259 -460.544219971 -465.651336670 41.475593567 -0.032853574 -0.049310826 -0.679745913 0.731050432
1586247738.267259 -461.010803223 -465.684814453 41.488494873 -0.032861084 -0.048608426 -0.679649293 0.731186867
1586247738.300260 -461.479187012 -465.719390869 41.501262665 -0.032355305 -0.048562013 -0.679587662 0.731269836
1586247738.333260 -461.962951660 -465.774566650 41.510307312 -0.031679749 -0.048615076 -0.679507792 0.731370032
1586247738.366260 -462.432678223 -465.808166504 41.523151398 -0.030893417 -0.048846725 -0.679369867 0.731516421
1586247738.399260 -462.903320312 -465.841705322 41.536209106 -0.030381205 -0.048988607 -0.679224432 0.731663406
1586247738.432260 -463.374023438 -465.874908447 41.548755646 -0.029929908 -0.049125008 -0.679099917 0.731788456
1586247738.465260 -463.843383789 -465.910339355 41.560752869 -0.029622883 -0.049427323 -0.679032326 0.731843293
1586247738.498260 -464.335357666 -465.968444824 41.567268372 -0.029465020 -0.049887981 -0.678938508 0.731905460
1586247738.531260 -464.806396484 -466.001007080 41.577751160 -0.029512972 -0.050203782 -0.678726315 0.732078671
1586247738.564260 -465.277923584 -466.033386230 41.587795258 -0.029488325 -0.050756276 -0.678501070 0.732250333
1586247738.597260 -465.749572754 -466.065795898 41.597560883 -0.029791951 -0.050898775 -0.678330302 0.732386351
1586247738.630260 -466.221893311 -466.098358154 41.606937408 -0.029964894 -0.051085368 -0.678174973 0.732510209
1586247738.663260 -466.715667725 -466.157897949 41.611373901 -0.030086339 -0.051382665 -0.678123653 0.732531905
1586247738.696261 -467.188812256 -466.191802979 41.620018005 -0.030352205 -0.051622499 -0.677918971 0.732693553
1586247738.729260 -467.662261963 -466.226196289 41.629272461 -0.030263450 -0.051941227 -0.677738905 0.732841194
1586247738.762261 -468.136657715 -466.260833740 41.638732910 -0.030588627 -0.051983073 -0.677713752 0.732848048
1586247738.795261 -468.626586914 -466.313873291 41.645023346 -0.030724913 -0.051821060 -0.677619934 0.732940555
1586247738.828261 -469.101257324 -466.349273682 41.654685974 -0.030708164 -0.051888477 -0.677507341 0.733040571
1586247738.861261 -469.576293945 -466.385009766 41.664634705 -0.030972660 -0.051699743 -0.677420080 0.733123422
1586247738.894261 -470.051116943 -466.420745850 41.674285889 -0.031042010 -0.051480975 -0.677318454 0.733229756
1586247738.927261 -470.541320801 -466.476043701 41.681678772 -0.031147420 -0.051044986 -0.677354515 0.733222485
1586247738.960261 -471.016754150 -466.513427734 41.692321777 -0.031308740 -0.050445326 -0.677287698 0.733318806
1586247738.993261 -471.492553711 -466.551055908 41.703079224 -0.031338062 -0.049896013 -0.677229464 0.733408928
1586247739.026261 -471.968627930 -466.588195801 41.714622498 -0.031688955 -0.049274530 -0.677215397 0.733448803
1586247739.059261 -472.445495605 -466.625488281 41.725868225 -0.031775713 -0.048901416 -0.677134335 0.733544946
1586247739.092261 -472.922454834 -466.662689209 41.737373352 -0.031944748 -0.048536673 -0.677082598 0.733609498
1586247739.125262 -473.401214600 -466.703125000 41.747390747 -0.032121804 -0.048173472 -0.677091539 0.733617485
1586247739.158262 -473.905090332 -466.766937256 41.756500244 -0.031918466 -0.048313234 -0.676997066 0.733704388
1586247739.191262 -474.384887695 -466.804077148 41.768653870 -0.031910390 -0.048432052 -0.676942706 0.733747005
1586247739.224262 -474.865600586 -466.841186523 41.780853271 -0.031701058 -0.048791740 -0.676865935 0.733803153
1586247739.257262 -475.347320557 -466.880432129 41.792816162 -0.031151976 -0.049300309 -0.676773250 0.733878136
1586247739.290262 -475.842681885 -466.932861328 41.802959442 -0.030844182 -0.049571827 -0.676745594 0.733898282
1586247739.323262 -476.325042725 -466.970947266 41.814331055 -0.030294329 -0.050023358 -0.676664472 0.733965456
1586247739.356262 -476.807373047 -467.008666992 41.824916840 -0.029887587 -0.050499272 -0.676593184 0.734015107
1586247739.389262 -477.290374756 -467.045562744 41.834468842 -0.029686540 -0.051184587 -0.676572084 0.733995318
1586247739.422262 -477.787780762 -467.096740723 41.841949463 -0.029478582 -0.052072402 -0.676563919 0.733948767
1586247739.455262 -478.270935059 -467.134033203 41.850605011 -0.029448003 -0.052464586 -0.676559448 0.733926177
1586247739.488262 -478.754211426 -467.170715332 41.858634949 -0.029591739 -0.052934617 -0.676578999 0.733868599
1586247739.521263 -479.247344971 -467.217041016 41.866153717 -0.029738637 -0.053275924 -0.676739156 0.733690321
1586247739.554263 -479.730438232 -467.254760742 41.874835968 -0.029922098 -0.053144701 -0.676814318 0.733623028
1586247739.587263 -480.213409424 -467.291992188 41.883110046 -0.030223578 -0.053062018 -0.676916838 0.733522058
1586247739.620263 -480.695922852 -467.329986572 41.891708374 -0.030628502 -0.052386254 -0.676995456 0.733481288
1586247739.653263 -481.178222656 -467.368041992 41.900253296 -0.031183392 -0.051399641 -0.677125692 0.733407497
1586247739.686263 -481.676208496 -467.423217773 41.908493042 -0.031691909 -0.050412275 -0.677372575 0.733226180
1586247739.719263 -482.159179688 -467.461700439 41.917831421 -0.032185312 -0.049639598 -0.677449405 0.733186424
1586247739.752263 -482.642791748 -467.500366211 41.928672791 -0.032289710 -0.049042638 -0.677554369 0.733125031
1586247739.785263 -483.127593994 -467.539276123 41.940063477 -0.032428056 -0.048402790 -0.677684546 0.733041167
1586247739.818263 -483.615173340 -467.576995850 41.951919556 -0.032482177 -0.047935415 -0.677817583 0.732946455
1586247739.851263 -484.115783691 -467.631134033 41.964164734 -0.031989995 -0.047811266 -0.677919507 0.732881963
1586247739.884264 -484.603759766 -467.669342041 41.976615906 -0.031458139 -0.047880527 -0.677970767 0.732852936
1586247739.917263 -485.093139648 -467.707733154 41.989135742 -0.030581862 -0.048294537 -0.678031325 0.732806921
1586247739.950264 -485.582824707 -467.745391846 42.001461029 -0.029827293 -0.048689924 -0.678061306 0.732784092
1586247739.983263 -486.072235107 -467.785675049 42.013542175 -0.029139668 -0.048821151 -0.678202212 0.732672572
1586247740.016264 -486.575805664 -467.837188721 42.025154114 -0.028622480 -0.049030062 -0.678301394 0.732587278
1586247740.049264 -487.065368652 -467.874725342 42.036216736 -0.028313816 -0.049237978 -0.678273320 0.732611299
1586247740.082264 -487.554992676 -467.911621094 42.046493530 -0.028386351 -0.049309809 -0.678283751 0.732593954
1586247740.115264 -488.044769287 -467.948181152 42.055915833 -0.028543860 -0.049489852 -0.678310275 0.732551217
1586247740.148264 -488.534393311 -467.984985352 42.064971924 -0.028771639 -0.049390763 -0.678328335 0.732532263
1586247740.181264 -489.036499023 -468.035797119 42.073883057 -0.028889002 -0.049092244 -0.678526938 0.732363760
1586247740.214264 -489.527160645 -468.073150635 42.082580566 -0.029128607 -0.048906341 -0.678561628 0.732334554
1586247740.247264 -490.018096924 -468.110229492 42.091789246 -0.029270917 -0.048753198 -0.678592086 0.732310891
1586247740.280264 -490.508972168 -468.147338867 42.100944519 -0.029486682 -0.048628516 -0.678678632 0.732230246
1586247740.313264 -491.000701904 -468.184204102 42.110668182 -0.029439833 -0.048661746 -0.678717911 0.732193530
1586247740.346264 -491.503601074 -468.234161377 42.120155334 -0.029352456 -0.048533566 -0.678846002 0.732086778
1586247740.379265 -491.996154785 -468.271728516 42.130550385 -0.029197246 -0.048531339 -0.678885043 0.732056975
1586247740.412265 -492.488952637 -468.309295654 42.141002655 -0.028973188 -0.048635352 -0.678956807 0.731992424
1586247740.445265 -492.981719971 -468.346343994 42.151741028 -0.028807368 -0.048820768 -0.678998291 0.731948078
1586247740.478265 -493.474395752 -468.382995605 42.162536621 -0.028763082 -0.048915319 -0.679066122 0.731880605
1586247740.511265 -493.977233887 -468.429962158 42.172912598 -0.028395116 -0.049034454 -0.679158568 0.731801152
1586247740.544265 -494.470153809 -468.467346191 42.183628082 -0.028321113 -0.048991390 -0.679202139 0.731766522
1586247740.577265 -494.963317871 -468.503753662 42.194503784 -0.028252812 -0.049009565 -0.679252267 0.731721461
1586247740.610265 -495.456634521 -468.540130615 42.205020905 -0.028353214 -0.049237683 -0.679309368 0.731649160
1586247740.643265 -495.950012207 -468.576354980 42.214897156 -0.028637405 -0.049441047 -0.679455578 0.731488645
1586247740.676265 -496.451965332 -468.620056152 42.224380493 -0.028519422 -0.049690332 -0.679425955 0.731503844
1586247740.709265 -496.945587158 -468.656066895 42.234039307 -0.028663248 -0.049763419 -0.679481268 0.731441975
1586247740.742265 -497.439483643 -468.691894531 42.243862152 -0.028726995 -0.049830727 -0.679494262 0.731422782
1586247740.775265 -497.937438965 -468.731689453 42.253776550 -0.028843254 -0.050152246 -0.679504633 0.731386542
1586247740.808265 -498.431335449 -468.767608643 42.263305664 -0.028992057 -0.050268620 -0.679555833 0.731325150
1586247740.841266 -498.925201416 -468.803131104 42.272731781 -0.029264780 -0.050304517 -0.679602146 0.731268823
1586247740.874266 -499.418243408 -468.838958740 42.282215118 -0.029433461 -0.050109059 -0.679669678 0.731212676
1586247740.907266 -499.911529541 -468.875030518 42.291732788 -0.029785186 -0.049655002 -0.679747224 0.731157303
1586247740.940266 -500.401763916 -468.911376953 42.301116943 -0.029840734 -0.049109228 -0.679966152 0.730988264
1586247740.973266 -500.907012939 -468.954681396 42.312297821 -0.030083299 -0.048872523 -0.679974020 0.730986953
1586247741.006266 -501.400756836 -468.991363525 42.322273254 -0.030271679 -0.048643414 -0.680062711 0.730911970
1586247741.039266 -501.895050049 -469.027954102 42.332389832 -0.030223543 -0.048681799 -0.680149078 0.730830967
1586247741.072266 -502.388977051 -469.065032959 42.342895508 -0.030287471 -0.048253644 -0.680258572 0.730754793
1586247741.105266 -502.883819580 -469.102325439 42.354038239 -0.030003633 -0.047882073 -0.680373728 0.730683804
1586247741.138266 -503.384887695 -469.143188477 42.366798401 -0.029618502 -0.047465764 -0.680495501 0.730613232
1586247741.171266 -503.880584717 -469.180908203 42.377494812 -0.029134065 -0.047453370 -0.680558443 0.730574846
1586247741.204267 -504.377075195 -469.217895508 42.388057709 -0.028614312 -0.047741458 -0.680610657 0.730528057
1586247741.237267 -504.873229980 -469.254486084 42.398300171 -0.028520823 -0.047756296 -0.680671513 0.730473995
1586247741.270267 -505.373291016 -469.293304443 42.411804199 -0.028329190 -0.047839470 -0.680744410 0.730408013
1586247741.303267 -505.871063232 -469.330444336 42.422164917 -0.027651519 -0.048056617 -0.680771112 0.730394959
1586247741.336267 -506.368469238 -469.367095947 42.432212830 -0.027384158 -0.048115697 -0.680870235 0.730308712
1586247741.369267 -506.865997314 -469.403808594 42.441455841 -0.026962519 -0.048384305 -0.680947661 0.730234504
1586247741.402267 -507.365081787 -469.442535400 42.452716827 -0.026751876 -0.048368357 -0.681044161 0.730153203
1586247741.435267 -507.862640381 -469.478820801 42.461185455 -0.026719332 -0.048504423 -0.681073070 0.730118513
1586247741.468267 -508.360046387 -469.514739990 42.469364166 -0.026628733 -0.048661504 -0.681110382 0.730076551
1586247741.501267 -508.856964111 -469.550750732 42.477493286 -0.026844235 -0.048435476 -0.681177437 0.730021060
1586247741.534267 -509.355438232 -469.588500977 42.488208771 -0.026878774 -0.048454177 -0.681284785 0.729918361
1586247741.567267 -509.853027344 -469.624542236 42.495864868 -0.026891585 -0.048474077 -0.681306064 0.729896724
1586247741.600267 -510.350433350 -469.661132812 42.503349304 -0.026939094 -0.048292741 -0.681379557 0.729838431
1586247741.633267 -510.848083496 -469.696990967 42.511253357 -0.027109772 -0.048139736 -0.681421220 0.729803324
1586247741.666268 -511.345916748 -469.734680176 42.522628784 -0.027391525 -0.047867008 -0.681491315 0.729745269
1586247741.699268 -511.843383789 -469.770843506 42.531021118 -0.027643561 -0.047403868 -0.681555271 0.729706287
1586247741.732268 -512.340942383 -469.807006836 42.539649963 -0.027745217 -0.047058593 -0.681625307 0.729659319
1586247741.765268 -512.838256836 -469.842773438 42.548480988 -0.027952135 -0.046615236 -0.681691051 0.729618430
1586247741.798268 -513.335815430 -469.881591797 42.561447144 -0.028187782 -0.046394698 -0.681808293 0.729513884
1586247741.831268 -513.834472656 -469.917755127 42.570610046 -0.028246220 -0.046183538 -0.681873262 0.729464293
1586247741.864268 -514.333129883 -469.954010010 42.580108643 -0.028214842 -0.045921385 -0.681936562 0.729422927
1586247741.897268 -514.832397461 -469.990722656 42.590057373 -0.028086424 -0.045675661 -0.682021201 0.729364157
1586247741.930268 -515.330566406 -470.028961182 42.604602814 -0.027737170 -0.045326039 -0.682099819 0.729325771
1586247741.963268 -515.830200195 -470.065795898 42.615165710 -0.027386904 -0.045148011 -0.682175517 0.729279280
1586247741.996268 -516.329833984 -470.101684570 42.625408173 -0.027137518 -0.045117285 -0.682240605 0.729229569
1586247742.029269 -516.829956055 -470.137481689 42.635616302 -0.026967585 -0.045162663 -0.682291508 0.729185462
1586247742.062268 -517.329101562 -470.174957275 42.648815155 -0.026891410 -0.045193173 -0.682374775 0.729108453
1586247742.095269 -517.829956055 -470.210693359 42.658535004 -0.026609719 -0.045279339 -0.682368279 0.729119539
1586247742.128268 -518.330810547 -470.246948242 42.668056488 -0.026504129 -0.045080598 -0.682424903 0.729082704
1586247742.161269 -518.832031250 -470.282714844 42.677173615 -0.026165456 -0.045090303 -0.682488859 0.729034424
1586247742.194269 -519.331787109 -470.319885254 42.689453125 -0.025720119 -0.045266192 -0.682536006 0.728995264
1586247742.227269 -519.834350586 -470.354797363 42.698246002 -0.025738925 -0.045378573 -0.682599008 0.728928685
1586247742.260269 -520.337097168 -470.390014648 42.706546783 -0.025620602 -0.045811210 -0.682636142 0.728870928
1586247742.293269 -520.840026855 -470.425231934 42.714420319 -0.025546011 -0.045915030 -0.682663023 0.728841841
1586247742.326269 -521.344543457 -470.461303711 42.725112915 -0.025410535 -0.045971893 -0.682731032 0.728779316
1586247742.359269 -521.848144531 -470.496459961 42.733032227 -0.025128901 -0.046271600 -0.682731450 0.728769660
1586247742.392269 -522.351928711 -470.531555176 42.740734100 -0.025220932 -0.046450514 -0.682774723 0.728714585
1586247742.425269 -522.856323242 -470.565856934 42.748287201 -0.025444152 -0.046704736 -0.682819068 0.728649080
1586247742.458269 -523.350830078 -470.598876953 42.760868073 -0.025415542 -0.047290295 -0.682765543 0.728662491
1586247742.491269 -523.856445312 -470.632385254 42.767608643 -0.025565296 -0.047849223 -0.682782292 0.728605032
1586247742.524270 -524.362426758 -470.665344238 42.774169922 -0.025741875 -0.048672415 -0.682758510 0.728566527
1586247742.557270 -524.869628906 -470.697204590 42.780071259 -0.026109722 -0.049903303 -0.682754695 0.728473723
1586247742.590270 -525.368713379 -470.728576660 42.790534973 -0.026847780 -0.050068133 -0.682901263 0.728298306
1586247742.623270 -525.874267578 -470.762695312 42.797760010 -0.026616152 -0.050119780 -0.682908297 0.728296578
1586247742.656270 -526.379394531 -470.797668457 42.805778503 -0.026307702 -0.049870126 -0.682954192 0.728281975
1586247742.689270 -526.883483887 -470.833251953 42.813930511 -0.026530769 -0.048792463 -0.683114648 0.728196323
1586247742.722270 -527.387939453 -470.868957520 42.822414398 -0.027406961 -0.047652427 -0.683325171 0.728041887
1586247742.755270 -527.882934570 -470.902099609 42.833019257 -0.028728040 -0.046438053 -0.683360875 0.728035867
1586247742.788270 -528.386718750 -470.936767578 42.841873169 -0.029821068 -0.045302100 -0.683435321 0.727993488
1586247742.821270 -528.891967773 -470.972656250 42.852272034 -0.029715806 -0.044671766 -0.683569193 0.727911115
1586247742.854270 -529.398071289 -471.007751465 42.863380432 -0.030079067 -0.043423824 -0.683671594 0.727875531
1586247742.887270 -529.899108887 -471.043212891 42.877082825 -0.029489219 -0.043010458 -0.683865190 0.727742434
1586247742.920271 -530.408081055 -471.078796387 42.889900208 -0.029123422 -0.042699438 -0.683955550 0.727690458
1586247742.953270 -530.918518066 -471.113342285 42.903419495 -0.028463572 -0.042800795 -0.684084535 0.727589428
1586247742.986271 -531.429077148 -471.148315430 42.916519165 -0.027221914 -0.043331392 -0.684119642 0.727572501
1586247743.019271 -531.932861328 -471.183532715 42.931388855 -0.026581258 -0.043428861 -0.684333622 0.727389097
1586247743.085271 -532.956848145 -471.251281738 42.955261230 -0.025548097 -0.044247128 -0.684401393 0.727313042
1586247743.118271 -533.468933105 -471.284423828 42.965740204 -0.025417984 -0.044620875 -0.684472561 0.727227807
1586247743.151271 -533.972534180 -471.316223145 42.977462769 -0.024950117 -0.045103438 -0.684468031 0.727218509
1586247743.184271 -534.484863281 -471.348571777 42.986820221 -0.024891227 -0.045224704 -0.684457898 0.727222562
1586247743.217271 -534.997131348 -471.380493164 42.995655060 -0.025028851 -0.045208242 -0.684471190 0.727206290
1586247743.250271 -535.509826660 -471.412353516 43.003986359 -0.025123801 -0.045369338 -0.684493065 0.727172434
1586247743.283271 -536.011962891 -471.447753906 43.013240814 -0.025385316 -0.045478139 -0.684552252 0.727100790
1586247743.316271 -536.524780273 -471.480529785 43.020889282 -0.025530666 -0.045590810 -0.684567690 0.727074146
1586247743.349272 -537.037353516 -471.513549805 43.028633118 -0.025716539 -0.045500807 -0.684590757 0.727051556
1586247743.382272 -537.550537109 -471.547058105 43.036659241 -0.025796890 -0.045353383 -0.684636414 0.727014899
1586247743.415272 -538.054626465 -471.581298828 43.046669006 -0.025816679 -0.045273881 -0.684713721 0.726946235
1586247743.448272 -538.568725586 -471.614562988 43.055709839 -0.025772866 -0.045246776 -0.684755981 0.726909697
1586247743.481272 -539.083496094 -471.647705078 43.065147400 -0.025952786 -0.045146205 -0.684798479 0.726869583
1586247743.514272 -539.597961426 -471.681213379 43.074707031 -0.026077839 -0.044916235 -0.684780955 0.726895869
1586247743.547272 -540.113098145 -471.714965820 43.084281921 -0.026168585 -0.044691298 -0.684782624 0.726904869
1586247743.580272 -540.613525391 -471.750488281 43.094963074 -0.026152313 -0.044557907 -0.684805274 0.726892233
1586247743.613272 -541.129150391 -471.784118652 43.104728699 -0.026183695 -0.044445723 -0.684781671 0.726920247
1586247743.646272 -541.645751953 -471.817565918 43.114807129 -0.026028365 -0.044567719 -0.684756041 0.726942599
1586247743.679272 -542.162109375 -471.851196289 43.124797821 -0.025926441 -0.044629514 -0.684689105 0.727005422
1586247743.712272 -542.678955078 -471.884704590 43.134658813 -0.025856942 -0.044665493 -0.684644341 0.727047801
1586247743.745272 -543.181762695 -471.919921875 43.146125793 -0.025909932 -0.045012753 -0.684557438 0.727106392
1586247743.778273 -543.699218750 -471.952941895 43.155872345 -0.025849104 -0.045391016 -0.684470415 0.727167010
1586247743.811272 -544.215942383 -471.986083984 43.165367126 -0.025848329 -0.045674868 -0.684434652 0.727182806
1586247743.844273 -544.733947754 -472.019470215 43.174671173 -0.025635451 -0.045941513 -0.684349000 0.727254212
1586247743.877273 -545.251647949 -472.053527832 43.184352875 -0.025674462 -0.045910656 -0.684327722 0.727274895
1586247743.910273 -545.754272461 -472.089355469 43.194267273 -0.025596531 -0.045724671 -0.684301794 0.727313697
1586247743.943273 -546.271728516 -472.122924805 43.203075409 -0.025724500 -0.045878153 -0.684239149 0.727358460
1586247743.976273 -546.789672852 -472.156066895 43.211677551 -0.026113510 -0.045974240 -0.684181392 0.727392852
1586247744.009273 -547.307739258 -472.188476562 43.220275879 -0.026315778 -0.046610396 -0.684125125 0.727397919
1586247744.042273 -547.812622070 -472.223754883 43.229171753 -0.026435614 -0.046397559 -0.684059858 0.727468550
1586247744.075273 -548.331054688 -472.256408691 43.238212585 -0.026414067 -0.046845157 -0.684039235 0.727460086
1586247744.141273 -549.366821289 -472.324279785 43.257980347 -0.026958998 -0.045923449 -0.684020460 0.727516532
1586247744.174273 -549.870239258 -472.361816406 43.267082214 -0.026753247 -0.045620807 -0.684077382 0.727489591
1586247744.207273 -550.388305664 -472.396850586 43.276786804 -0.027088106 -0.045276344 -0.684030294 0.727543116
1586247744.240274 -550.906250000 -472.431640625 43.286682129 -0.026988417 -0.045154784 -0.684065402 0.727521300
1586247744.273274 -551.424438477 -472.466186523 43.297367096 -0.027264388 -0.044899680 -0.684097588 0.727496564
1586247744.306274 -551.942810059 -472.500854492 43.308326721 -0.027391940 -0.044557799 -0.684126258 0.727485776
1586247744.339274 -552.443054199 -472.538879395 43.320549011 -0.026999682 -0.044075791 -0.684266150 0.727398276
1586247744.372274 -552.962158203 -472.574707031 43.332878113 -0.026632156 -0.043766975 -0.684302270 0.727396429
1586247744.405274 -553.481201172 -472.610290527 43.345146179 -0.025967808 -0.043745775 -0.684374750 0.727353632
1586247744.438274 -554.000732422 -472.645751953 43.357101440 -0.025796890 -0.043489229 -0.684436023 0.727317452
1586247744.504274 -555.018249512 -472.716979980 43.379241943 -0.025351107 -0.043534607 -0.684610903 0.727165699
1586247744.537274 -555.538208008 -472.749450684 43.390960693 -0.025114834 -0.043730285 -0.684608102 0.727164865
1586247744.570274 -556.057861328 -472.781433105 43.402313232 -0.024933010 -0.043890286 -0.684618354 0.727151871
1586247744.603275 -556.578063965 -472.813476562 43.413520813 -0.024725348 -0.044067647 -0.684624672 0.727142215
1586247744.636274 -557.078002930 -472.856018066 43.421768188 -0.024324417 -0.043898180 -0.684682786 0.727111220
1586247744.669275 -557.597656250 -472.889343262 43.432590485 -0.024118423 -0.044313289 -0.684665442 0.727109313
1586247744.702275 -558.117431641 -472.922851562 43.442924500 -0.024056345 -0.044497952 -0.684667945 0.727097750
1586247744.735275 -558.636108398 -472.956604004 43.453041077 -0.024105608 -0.044533182 -0.684666395 0.727095366
1586247744.768275 -559.133972168 -472.993713379 43.460063934 -0.024012983 -0.044028144 -0.684710383 0.727087736
1586247744.801275 -559.653015137 -473.027526855 43.469703674 -0.024132999 -0.043928936 -0.684658825 0.727138400
1586247744.834275 -560.172180176 -473.061645508 43.479034424 -0.024004400 -0.044194493 -0.684577465 0.727203131
1586247744.867275 -560.690979004 -473.096130371 43.488353729 -0.024040133 -0.044387285 -0.684514463 0.727249563
1586247744.900275 -561.189208984 -473.131896973 43.494239807 -0.023846449 -0.044331171 -0.684425771 0.727342784
1586247744.933275 -561.708862305 -473.166870117 43.503261566 -0.023760498 -0.044606883 -0.684273541 0.727471948
1586247744.966275 -562.228698730 -473.200805664 43.512695312 -0.023705902 -0.045070786 -0.684139907 0.727570832
1586247744.999275 -562.748840332 -473.235534668 43.522071838 -0.023364248 -0.045705862 -0.683999836 0.727673948
1586247745.032275 -563.268188477 -473.270263672 43.530342102 -0.023214104 -0.046134487 -0.683847308 0.727795064
1586247745.065275 -563.758911133 -473.308227539 43.536567688 -0.022735476 -0.045886919 -0.683833599 0.727838755
1586247745.098276 -564.277221680 -473.343994141 43.545558929 -0.022795973 -0.045715760 -0.683702528 0.727970660
1586247745.131276 -564.795288086 -473.379943848 43.554275513 -0.022941766 -0.045549911 -0.683606803 0.728066385
1586247745.164276 -565.312744141 -473.415649414 43.563739777 -0.023327529 -0.045055535 -0.683491468 0.728193223
1586247745.197276 -565.829467773 -473.451782227 43.572769165 -0.023805231 -0.044481866 -0.683358550 0.728337765
1586247745.230276 -566.314575195 -473.492065430 43.578903198 -0.023943841 -0.043272398 -0.683314860 0.728446960
1586247745.263276 -566.831542969 -473.529479980 43.588623047 -0.024205595 -0.042535976 -0.683185041 0.728603542
1586247745.296276 -567.348388672 -473.566650391 43.599327087 -0.024419632 -0.041893099 -0.683074772 0.728736937
1586247745.329276 -567.865478516 -473.604125977 43.610507965 -0.024623811 -0.041213024 -0.682967305 0.728869557
1586247745.362276 -568.382202148 -473.641540527 43.622673035 -0.024516519 -0.040584501 -0.682934105 0.728939593
1586247745.395276 -568.866760254 -473.687194824 43.631576538 -0.024120122 -0.039955318 -0.682844400 0.729071617
1586247745.428277 -569.384887695 -473.726257324 43.644779205 -0.023620099 -0.039446384 -0.682719350 0.729232788
1586247745.461277 -569.902526855 -473.765502930 43.658149719 -0.023047209 -0.039066300 -0.682643056 0.729342997
1586247745.494277 -570.420654297 -473.804687500 43.671932220 -0.022714941 -0.038631488 -0.682565510 0.729449093
1586247745.527277 -570.912109375 -473.851257324 43.682262421 -0.022593975 -0.038193028 -0.682504654 0.729532957
1586247745.560277 -571.430053711 -473.889587402 43.695392609 -0.022299409 -0.038327899 -0.682376027 0.729655266
1586247745.593277 -571.947753906 -473.928710938 43.708839417 -0.021925179 -0.038129576 -0.682259083 0.729786277
1586247745.626277 -572.465209961 -473.967529297 43.721881866 -0.021616366 -0.037900060 -0.682108521 0.729948163
1586247745.659277 -572.982421875 -474.006408691 43.735237122 -0.021362064 -0.037706643 -0.681973338 0.730091989
1586247745.692277 -573.464294434 -474.056396484 43.743782043 -0.020511985 -0.036565233 -0.682055116 0.730098009
1586247745.725277 -573.981201172 -474.095336914 43.756896973 -0.020606160 -0.036343649 -0.681933880 0.730219722
1586247745.758277 -574.497314453 -474.134216309 43.769462585 -0.020928174 -0.035964523 -0.681728244 0.730421245
1586247745.791277 -575.013427734 -474.173156738 43.781570435 -0.021125553 -0.035652101 -0.681559980 0.730587900
1586247745.824277 -575.528564453 -474.213317871 43.794158936 -0.021157471 -0.035260934 -0.681411624 0.730744302
1586247745.857277 -576.005249023 -474.263977051 43.802875519 -0.020948738 -0.034280680 -0.681463003 0.730749011
1586247745.890277 -576.521362305 -474.304565430 43.816410065 -0.020922095 -0.034017857 -0.681296587 0.730917335
1586247745.923278 -577.037109375 -474.344787598 43.830451965 -0.020930201 -0.033732001 -0.681066036 0.731145084
1586247745.956278 -577.553100586 -474.385803223 43.844619751 -0.020965725 -0.033333044 -0.680837989 0.731374800
1586247745.989278 -578.035644531 -474.438476562 43.855461121 -0.020774066 -0.033053618 -0.680583954 0.731629252
1586247746.022278 -578.552062988 -474.480590820 43.870185852 -0.020704718 -0.032716647 -0.680257857 0.731949627
1586247746.055278 -579.068420410 -474.523376465 43.884605408 -0.020471575 -0.032598387 -0.679890215 0.732302964
1586247746.088278 -579.584594727 -474.567077637 43.899642944 -0.020094633 -0.032646831 -0.679424047 0.732743740
1586247746.121278 -580.067626953 -474.623352051 43.911300659 -0.019883633 -0.032436114 -0.678961277 0.733187675
1586247746.154278 -580.584350586 -474.667175293 43.926139832 -0.019533185 -0.032526892 -0.678419352 0.733694494
1586247746.187278 -581.100402832 -474.711242676 43.940925598 -0.019335777 -0.032547627 -0.677839518 0.734234571
1586247746.220278 -581.589599609 -474.768554688 43.953090668 -0.018156797 -0.031651475 -0.677599251 0.734525561
1586247746.253278 -582.105468750 -474.813537598 43.967578888 -0.017763853 -0.031756222 -0.676939964 0.735138297
1586247746.286278 -582.621215820 -474.859924316 43.982067108 -0.017587483 -0.031569302 -0.676237226 0.735797048
1586247746.319278 -583.135070801 -474.909484863 43.995391846 -0.017469823 -0.031425826 -0.675530612 0.736454844
1586247746.352278 -583.611206055 -474.973510742 44.005176544 -0.016711148 -0.030803215 -0.675029814 0.736957788
1586247746.385279 -584.125427246 -475.022338867 44.018569946 -0.016738743 -0.030740064 -0.674233615 0.737688184
1586247746.418279 -584.639892578 -475.072692871 44.032062531 -0.016833276 -0.030632921 -0.673386276 0.738464117
1586247746.451279 -585.122497559 -475.136779785 44.042087555 -0.016566724 -0.030143715 -0.672554731 0.739247680
1586247746.484279 -585.636596680 -475.189758301 44.055759430 -0.016480355 -0.030003339 -0.671576798 0.740143836
1586247746.517279 -586.149963379 -475.244201660 44.069969177 -0.016521662 -0.029712036 -0.670551300 0.741083860
1586247746.550279 -586.664062500 -475.296142578 44.084003448 -0.016685933 -0.029356219 -0.669503570 0.742040992
1586247746.583279 -587.130493164 -475.373718262 44.093070984 -0.016830534 -0.028690770 -0.668560982 0.742913008
1586247746.616279 -587.644042969 -475.430969238 44.108310699 -0.016701639 -0.028400715 -0.667333484 0.744029880
1586247746.649279 -588.156860352 -475.489624023 44.123554230 -0.016633630 -0.028110834 -0.666081905 0.745163083
1586247746.682279 -588.668823242 -475.553771973 44.138668060 -0.016537219 -0.027811129 -0.664768100 0.746348858
1586247746.715279 -589.132385254 -475.635742188 44.148536682 -0.016227305 -0.027249930 -0.663585067 0.747428238
1586247746.748280 -589.645385742 -475.700134277 44.164405823 -0.015889078 -0.027413210 -0.662207663 0.748650253
1586247746.781280 -590.158325195 -475.766296387 44.180915833 -0.015666991 -0.027519545 -0.660775006 0.749915838
1586247746.814280 -590.671142578 -475.834228516 44.197605133 -0.015112191 -0.027612871 -0.659325838 0.751198113
1586247746.847280 -591.232788086 -475.885864258 44.220008850 -0.014859170 -0.027919399 -0.657692730 0.752622128
1586247746.880280 -591.744018555 -475.960327148 44.236938477 -0.014430226 -0.027711550 -0.656312168 0.753842294
1586247746.913280 -592.125122070 -476.083007812 44.237243652 -0.013471365 -0.026755540 -0.655188560 0.754871309
1586247746.946280 -592.635864258 -476.158325195 44.253196716 -0.013339220 -0.026545200 -0.653606236 0.756251454
1586247746.979280 -593.146240234 -476.236022949 44.269001007 -0.013189673 -0.026117267 -0.652030587 0.757627964
1586247747.012280 -593.611450195 -476.333557129 44.279060364 -0.012853325 -0.025470559 -0.650516093 0.758956492
1586247747.045280 -594.120849609 -476.415466309 44.294330597 -0.012567937 -0.025115633 -0.648847818 0.760399759
1586247747.078280 -594.630004883 -476.499084473 44.309890747 -0.012325287 -0.024749804 -0.647192061 0.761825442
1586247747.111280 -595.139282227 -476.583862305 44.325141907 -0.012134252 -0.024807278 -0.645508826 0.763253331
1586247747.144280 -595.587036133 -476.694274902 44.334102631 -0.011581451 -0.024808072 -0.644126654 0.764428794
1586247747.177280 -596.096313477 -476.782836914 44.349479675 -0.011244863 -0.025151607 -0.642355442 0.765911579
1586247747.210280 -596.605529785 -476.873901367 44.364574432 -0.010672987 -0.025572298 -0.640610397 0.767365992
1586247747.243281 -597.067138672 -476.984680176 44.374649048 -0.009820014 -0.025700714 -0.639101148 0.768630505
1586247747.276281 -597.576049805 -477.078552246 44.388618469 -0.009523391 -0.026190111 -0.637331188 0.770085931
1586247747.309281 -598.083862305 -477.173522949 44.402477264 -0.009065658 -0.026782783 -0.635520220 0.771566331
1586247747.342281 -598.591491699 -477.270629883 44.415962219 -0.008830428 -0.027162272 -0.633666039 0.773079336
1586247747.375281 -599.087646484 -477.384704590 44.426353455 -0.008724809 -0.027426012 -0.631882310 0.774529815
1586247747.408281 -599.592712402 -477.487365723 44.438873291 -0.008828938 -0.027650489 -0.630019069 0.776037037
1586247747.441281 -600.097167969 -477.591857910 44.451057434 -0.008955657 -0.027897291 -0.628166795 0.777526915
1586247747.474281 -600.600830078 -477.698181152 44.463317871 -0.009236455 -0.028014055 -0.626294017 0.779028714
1586247747.507281 -600.979492188 -477.847290039 44.470268250 -0.009256631 -0.027607029 -0.624794841 0.780245900
1586247747.540281 -601.481628418 -477.958312988 44.481575012 -0.009544879 -0.027505428 -0.622935176 0.781731546
1586247747.573282 -601.982849121 -478.071899414 44.493808746 -0.009799719 -0.027257865 -0.621113658 0.783185124
1586247747.606282 -602.432128906 -478.207031250 44.505275726 -0.010033190 -0.026951136 -0.619315863 0.784615099
1586247747.639282 -602.932250977 -478.324523926 44.517593384 -0.010616660 -0.026908115 -0.617492020 0.786045074
1586247747.672282 -603.431762695 -478.444213867 44.530330658 -0.011120051 -0.026878124 -0.615642965 0.787488222
1586247747.705282 -603.928100586 -478.567993164 44.543800354 -0.011579961 -0.026706705 -0.613818288 0.788910508
1586247747.738282 -604.359008789 -478.716308594 44.557182312 -0.011435002 -0.026217576 -0.612205505 0.790181160
1586247747.771282 -604.855834961 -478.843566895 44.571262360 -0.011618137 -0.025802478 -0.610343874 0.791630983
1586247747.804282 -605.352905273 -478.973266602 44.585563660 -0.011585087 -0.025654718 -0.608445823 0.793096066
1586247747.837282 -605.796569824 -479.123657227 44.601020813 -0.011632055 -0.025172658 -0.606692553 0.794452786
1586247747.870282 -606.292297363 -479.257019043 44.616119385 -0.011881470 -0.024858363 -0.604709387 0.795969546
1586247747.903282 -606.786621094 -479.392272949 44.632034302 -0.011787176 -0.024690077 -0.602675259 0.797517419
1586247747.936282 -607.277282715 -479.533386230 44.647495270 -0.012085438 -0.023930000 -0.600713909 0.799014509
1586247747.969282 -607.699096680 -479.698974609 44.666259766 -0.011959074 -0.022730814 -0.598835766 0.800459862
1586247748.002282 -608.189514160 -479.842834473 44.682361603 -0.012256710 -0.021847548 -0.596818626 0.801985025
1586247748.035282 -608.679382324 -479.987854004 44.698577881 -0.012870967 -0.021009693 -0.594762921 0.803523540
1586247748.068283 -609.168579102 -480.137054443 44.715606689 -0.012950957 -0.020697350 -0.592783868 0.804991484
1586247748.101283 -609.585937500 -480.311645508 44.736431122 -0.012573302 -0.020063557 -0.590929270 0.806375861
1586247748.134283 -610.074707031 -480.464355469 44.753940582 -0.012522427 -0.019740233 -0.588909686 0.807860672
1586247748.167283 -610.563354492 -480.619903564 44.771995544 -0.012149185 -0.019568514 -0.586901486 0.809330702
1586247748.200283 -611.051208496 -480.777343750 44.790088654 -0.011736332 -0.019391319 -0.584933221 0.810764730
1586247748.233283 -611.464477539 -480.962951660 44.812026978 -0.010912419 -0.019074414 -0.583043277 0.812143862
1586247748.266283 -611.951049805 -481.124816895 44.828903198 -0.010283172 -0.019526143 -0.580963433 0.813630402
1586247748.299283 -612.437011719 -481.287994385 44.846008301 -0.009851068 -0.020016046 -0.578885198 0.815103889
1586247748.332283 -612.919860840 -481.454986572 44.862480164 -0.009614944 -0.020637963 -0.576864481 0.816522479
1586247748.365283 -613.332580566 -481.644775391 44.883888245 -0.008994311 -0.020672148 -0.574828744 0.817963123
1586247748.398283 -613.814880371 -481.814147949 44.899261475 -0.008956045 -0.020943601 -0.572668076 0.819470882
1586247748.431283 -614.295898438 -481.986053467 44.914115906 -0.008681685 -0.021095322 -0.570507050 0.820975900
1586247748.464284 -614.721069336 -482.178283691 44.932937622 -0.008238733 -0.020700760 -0.568462014 0.822407842
1586247748.497284 -615.199340820 -482.355285645 44.947505951 -0.008231223 -0.020785188 -0.566285253 0.823906183
1586247748.530284 -615.676025391 -482.533447266 44.962013245 -0.008644044 -0.020996297 -0.564103365 0.825392008
1586247748.563284 -616.152404785 -482.713256836 44.976814270 -0.009218096 -0.021399949 -0.561860800 0.826903582
1586247748.596284 -616.672729492 -482.886627197 44.988182068 -0.010709912 -0.021861607 -0.559686244 0.828346968
1586247748.629284 -617.008850098 -483.107116699 45.013977051 -0.010084689 -0.021177622 -0.557625592 0.829761147
1586247748.662284 -617.480468750 -483.295288086 45.029109955 -0.010411441 -0.021013560 -0.555438042 0.831227243
1586247748.695284 -617.950561523 -483.486175537 45.044887543 -0.010671585 -0.020719729 -0.553255081 0.832685769
1586247748.728284 -618.366210938 -483.694946289 45.066188812 -0.010478527 -0.020277428 -0.551237047 0.834036469
1586247748.761284 -618.833618164 -483.894287109 45.082843781 -0.010466397 -0.020240843 -0.549017906 0.835500002
1586247748.794284 -619.299926758 -484.095458984 45.099876404 -0.010362118 -0.020376204 -0.546807289 0.836946368
1586247748.827285 -619.765686035 -484.299560547 45.116992950 -0.009981334 -0.020368593 -0.544541121 0.838427424
1586247748.860284 -620.161682129 -484.515594482 45.141506195 -0.009323239 -0.019864140 -0.542557716 0.839731932
1586247748.893285 -620.624572754 -484.725402832 45.158477783 -0.008773834 -0.019556269 -0.540312529 0.841191471
1586247748.926285 -621.086425781 -484.937866211 45.175018311 -0.008013248 -0.019238601 -0.538084209 0.842633426
1586247748.959285 -621.547485352 -485.148773193 45.192337036 -0.007606238 -0.019010035 -0.535881162 0.844045162
1586247748.992285 -621.936767578 -485.376647949 45.216247559 -0.007201314 -0.018433398 -0.533778548 0.845392704
1586247749.025285 -622.394653320 -485.593383789 45.232631683 -0.007284850 -0.018097335 -0.531526804 0.846816778
1586247749.058285 -622.851135254 -485.811798096 45.248775482 -0.007138670 -0.017722178 -0.529221535 0.848268569
1586247749.091285 -623.306152344 -486.032592773 45.264366150 -0.007357210 -0.017244481 -0.526966572 0.849679172
1586247749.124285 -623.687255859 -486.271118164 45.287994385 -0.007010550 -0.016131015 -0.524800658 0.851043463
1586247749.157285 -624.138427734 -486.497650146 45.303211212 -0.007188708 -0.015448634 -0.522533417 0.852448523
1586247749.190285 -624.588989258 -486.726531982 45.319217682 -0.007374734 -0.014870819 -0.520264506 0.853843868
1586247749.223285 -624.986450195 -486.966857910 45.341094971 -0.007249445 -0.014676472 -0.518118858 0.855151951
1586247749.256285 -625.434387207 -487.202941895 45.358051300 -0.006912619 -0.014636372 -0.515889347 0.856502354
1586247749.289285 -625.880615234 -487.442932129 45.376289368 -0.006639213 -0.015059996 -0.513640106 0.857847929
1586247749.322286 -626.279418945 -487.682556152 45.396465302 -0.005378723 -0.014606038 -0.511485219 0.859151125
1586247749.355286 -626.723571777 -487.927459717 45.413848877 -0.004575938 -0.014504851 -0.509275436 0.860469162
1586247749.388286 -627.166687012 -488.174346924 45.431446075 -0.004132330 -0.014309994 -0.507067740 0.861777544
1586247749.421286 -627.609863281 -488.419464111 45.445446014 -0.003481120 -0.014119157 -0.504831612 0.863095403
1586247749.454286 -627.983581543 -488.670227051 45.469467163 -0.002847076 -0.013846978 -0.502601206 0.864402831
1586247749.487286 -628.422729492 -488.920440674 45.484977722 -0.002976149 -0.013768258 -0.500315130 0.865728855
1586247749.520286 -628.859741211 -489.172668457 45.500045776 -0.003220737 -0.013383796 -0.498002350 0.867066443
1586247749.553286 -629.243713379 -489.429351807 45.521495819 -0.003311128 -0.012840974 -0.495763600 0.868356287
1586247749.586286 -629.676574707 -489.686645508 45.536235809 -0.003839284 -0.012288944 -0.493434310 0.869687796
1586247749.619286 -630.107604980 -489.946411133 45.550369263 -0.004091859 -0.011598532 -0.491161525 0.870981753
1586247749.652287 -630.488159180 -490.208343506 45.572925568 -0.003984720 -0.010801768 -0.488788724 0.872326255
1586247749.685286 -630.916625977 -490.473327637 45.588409424 -0.004012614 -0.010381758 -0.486479998 0.873620868
1586247749.718287 -631.344482422 -490.740631104 45.604370117 -0.003736258 -0.010190266 -0.484212518 0.874883175
1586247749.751287 -631.722656250 -491.007751465 45.627368927 -0.003301263 -0.009924720 -0.482042789 0.876085281
1586247749.817287 -632.569946289 -491.552947998 45.660232544 -0.002551466 -0.009772331 -0.477533758 0.878555417
1586247749.850287 -632.945190430 -491.827026367 45.684055328 -0.001982212 -0.009461537 -0.475265920 0.879789114
1586247749.883287 -633.364257812 -492.105316162 45.700492859 -0.001608253 -0.009235654 -0.473055482 0.880982757
1586247749.916287 -633.782104492 -492.385131836 45.716835022 -0.001181483 -0.009154488 -0.470834702 0.882173181
1586247749.949287 -634.153991699 -492.663970947 45.739383698 -0.000926018 -0.008849792 -0.468511105 0.883412838
1586247749.982287 -634.567504883 -492.947631836 45.754531860 -0.000833720 -0.008739403 -0.466230392 0.884619832
1586247750.015287 -634.979187012 -493.233276367 45.769878387 -0.000872582 -0.008482989 -0.463915259 0.885838568
1586247750.048287 -635.348632812 -493.516967773 45.791996002 -0.000776738 -0.008290012 -0.461722583 0.886985362
1586247750.081287 -635.757141113 -493.806518555 45.806484222 -0.000748217 -0.008399726 -0.459438324 0.888169706
1586247750.114287 -636.164428711 -494.097503662 45.821407318 -0.000959277 -0.008579498 -0.457131803 0.889357090
1586247750.147288 -636.567749023 -494.391906738 45.837814331 -0.001004130 -0.008789291 -0.454815924 0.890541553
1586247750.180288 -636.921081543 -494.679626465 45.860797882 -0.001346618 -0.008853927 -0.452444047 0.891747892
1586247750.213288 -637.322937012 -494.977111816 45.876590729 -0.001474649 -0.008876525 -0.450070709 0.892947674
1586247750.246288 -637.722656250 -495.276733398 45.892513275 -0.001355946 -0.008846966 -0.447673589 0.894152284
1586247750.279288 -638.081542969 -495.573730469 45.914222717 -0.001557231 -0.008736072 -0.445240796 0.895366907
1586247750.312288 -638.477844238 -495.877593994 45.930000305 -0.001943767 -0.008590014 -0.442796350 0.896579027
1586247750.345288 -638.872253418 -496.183715820 45.946617126 -0.002126068 -0.008483800 -0.440293431 0.897811413
1586247750.378288 -639.225769043 -496.486877441 45.969455719 -0.002248913 -0.008041416 -0.437811345 0.899028122
1586247750.411288 -639.615295410 -496.797882080 45.986721039 -0.002187580 -0.007764879 -0.435283095 0.900257528
1586247750.444288 -640.003234863 -497.111297607 46.003349304 -0.001957983 -0.007652687 -0.432777852 0.901466012
1586247750.477288 -640.355163574 -497.421569824 46.026023865 -0.001826882 -0.007534157 -0.430340707 0.902633309
1586247750.510288 -640.739624023 -497.739410400 46.043720245 -0.001569211 -0.007429591 -0.427850604 0.903817654
1586247750.543288 -641.123046875 -498.059143066 46.061096191 -0.001553714 -0.007355266 -0.425358772 0.904993653
1586247750.576288 -641.504516602 -498.380859375 46.078887939 -0.001414984 -0.007183386 -0.422823638 0.906182468
1586247750.609288 -641.836730957 -498.696594238 46.103988647 -0.000985205 -0.007297479 -0.420436710 0.907292008
1586247750.642289 -642.213989258 -499.022705078 46.121524811 -0.001190126 -0.007032328 -0.417967737 0.908433914
1586247750.675289 -642.589477539 -499.350097656 46.138504028 -0.001283318 -0.006901060 -0.415470183 0.909579754
1586247750.708289 -642.963012695 -499.679168701 46.155860901 -0.001670122 -0.006749080 -0.412958115 0.910723507
1586247750.741289 -643.288330078 -500.002441406 46.180168152 -0.001625508 -0.006674349 -0.410396039 0.911881566
1586247750.774289 -643.658081055 -500.336883545 46.196914673 -0.001581371 -0.006343786 -0.407821298 0.913038373
1586247750.807289 -644.026428223 -500.673370361 46.213985443 -0.001549453 -0.006061729 -0.405228704 0.914193988
1586247750.840289 -644.358398438 -501.004119873 46.236408234 -0.001406133 -0.006278688 -0.402663976 0.915325284
1586247750.873289 -644.723083496 -501.344360352 46.253498077 -0.001469225 -0.006453216 -0.400140673 0.916429877
1586247750.906289 -645.086059570 -501.686706543 46.271564484 -0.001377761 -0.006765504 -0.397570670 0.917545557
1586247750.939289 -645.447753906 -502.030944824 46.288963318 -0.001094908 -0.007005999 -0.394978493 0.918663025
1586247750.972290 -645.762878418 -502.365600586 46.312583923 -0.000930399 -0.007420319 -0.392524183 0.919711292
1586247751.005290 -646.119506836 -502.714782715 46.329708099 -0.000735492 -0.007248056 -0.389937818 0.920812368
1586247751.038290 -646.474243164 -503.065429688 46.346584320 -0.000548661 -0.007184957 -0.387392581 0.921886742
1586247751.071290 -646.794921875 -503.407470703 46.368473053 -0.000615925 -0.007662522 -0.384827852 0.922956407
1586247751.104290 -647.145629883 -503.761627197 46.384941101 -0.000404149 -0.007854491 -0.382247746 0.924026430
1586247751.137290 -647.494812012 -504.117553711 46.401699066 -0.000540435 -0.007901388 -0.379651904 0.925095618
1586247751.170290 -647.810485840 -504.464355469 46.423286438 -0.000707746 -0.008442948 -0.377099454 0.926134109
1586247751.203290 -648.155090332 -504.823852539 46.439075470 -0.000874042 -0.008654424 -0.374594718 0.927147865
1586247751.236290 -648.498413086 -505.184448242 46.455554962 -0.001367360 -0.009001341 -0.372053564 0.928166628
1586247751.269290 -648.837951660 -505.548126221 46.471950531 -0.001483172 -0.009301447 -0.369485408 0.929188848
1586247751.302290 -649.139404297 -505.895385742 46.495704651 -0.001460046 -0.009718437 -0.366983861 0.930175424
1586247751.335290 -649.475769043 -506.262207031 46.512130737 -0.001607924 -0.009734060 -0.364520609 0.931143045
1586247751.368290 -649.810668945 -506.630676270 46.528984070 -0.001830727 -0.009637626 -0.362087578 0.932092547
1586247751.401290 -650.114074707 -506.987487793 46.551063538 -0.002104610 -0.009759810 -0.359631181 0.933041155
1586247751.434290 -650.444091797 -507.359771729 46.567707062 -0.002419174 -0.009679364 -0.357262194 0.933950901
1586247751.467291 -650.772338867 -507.734252930 46.584846497 -0.002225339 -0.009457466 -0.354859829 0.934869111
1586247751.500291 -651.071411133 -508.094940186 46.607295990 -0.002258241 -0.009402249 -0.352504820 0.935760081
1586247751.533291 -651.395629883 -508.473144531 46.624618530 -0.002212614 -0.009301882 -0.350124240 0.936654508
1586247751.566291 -651.718383789 -508.853057861 46.642349243 -0.002197564 -0.009183958 -0.347712040 0.937553883
1586247751.599291 -652.037658691 -509.235046387 46.661651611 -0.002344489 -0.009003483 -0.345351607 0.938427269
1586247751.632291 -652.322692871 -509.593933105 46.684597015 -0.002240211 -0.009355121 -0.342964530 0.939299107
1586247751.665291 -652.638793945 -509.979644775 46.702945709 -0.001924723 -0.008900811 -0.340571761 0.940174460
1586247751.698291 -652.953369141 -510.366485596 46.721145630 -0.001708597 -0.008493842 -0.338210702 0.941030622
1586247751.731291 -653.265930176 -510.755187988 46.739498138 -0.001482487 -0.008061977 -0.335848421 0.941880405
1586247751.764291 -653.574340820 -511.146850586 46.757648468 -0.001327068 -0.007807367 -0.333539397 0.942702949
1586247751.797292 -653.842895508 -511.504943848 46.780235291 -0.001470775 -0.008114282 -0.331296980 0.943490505
1586247751.830292 -654.149047852 -511.898529053 46.798408508 -0.001228392 -0.007760208 -0.329033732 0.944285512
1586247751.863292 -654.454223633 -512.293457031 46.816379547 -0.000972360 -0.007539176 -0.326716006 0.945091963
1586247751.896291 -654.757812500 -512.689147949 46.834583282 -0.001217902 -0.007320373 -0.324548542 0.945839942
1586247751.929292 -655.059387207 -513.086914062 46.852268219 -0.001083523 -0.007133959 -0.322277546 0.946617782
1586247751.962292 -655.356140137 -513.486816406 46.870006561 -0.001004517 -0.007106632 -0.320154667 0.947338104
1586247751.995292 -655.608703613 -513.840454102 46.893360138 -0.001316547 -0.007395057 -0.317909896 0.948091209
1586247752.028292 -655.904907227 -514.242431641 46.911380768 -0.000918746 -0.007437204 -0.315730214 0.948819458
1586247752.061292 -656.199584961 -514.645629883 46.929698944 -0.000957578 -0.007338205 -0.313617766 0.949520528
1586247752.094292 -656.469360352 -515.024719238 46.950550079 -0.000919223 -0.007434117 -0.311427593 0.950240374
1586247752.127292 -656.760253906 -515.431030273 46.968902588 -0.000652343 -0.007382943 -0.309354782 0.950917900
1586247752.160292 -657.049560547 -515.837951660 46.988288879 -0.000874490 -0.007331159 -0.307324052 0.951576352
1586247752.193292 -657.314331055 -516.217651367 47.008106232 -0.001165479 -0.007342943 -0.305182695 0.952264786
1586247752.226292 -657.599182129 -516.627746582 47.027099609 -0.001063824 -0.007174606 -0.303211331 0.952895761
1586247752.259292 -657.882934570 -517.038818359 47.046428680 -0.001083076 -0.006956659 -0.301274240 0.953511596
1586247752.292293 -658.144104004 -517.420043945 47.066799164 -0.001134783 -0.006809974 -0.299352616 0.954117656
1586247752.325293 -658.423889160 -517.834228516 47.086055756 -0.001196474 -0.006466454 -0.297606438 0.954666018
1586247752.358293 -658.701782227 -518.248718262 47.105415344 -0.001250267 -0.005978688 -0.295993209 0.955170512
1586247752.391293 -658.959106445 -518.631530762 47.125556946 -0.001216203 -0.005645237 -0.294354796 0.955678761
1586247752.424293 -659.233703613 -519.048950195 47.145782471 -0.000825852 -0.005132748 -0.293031275 0.956088781
1586247752.457293 -659.507019043 -519.467529297 47.165790558 -0.000417918 -0.004637343 -0.291823983 0.956460714
1586247752.490293 -659.762084961 -519.850646973 47.185985565 -0.000411868 -0.004261382 -0.290630341 0.956825852
1586247752.523293 -660.032958984 -520.270629883 47.205799103 -0.000220865 -0.003713115 -0.289645910 0.957126737
1586247752.556293 -660.302795410 -520.691040039 47.225948334 0.000013053 -0.003197779 -0.288797081 0.957385063
1586247752.589293 -660.556762695 -521.073242188 47.246307373 0.000147283 -0.002903431 -0.287828416 0.957677603
1586247752.622293 -660.825073242 -521.494384766 47.266510010 0.000379950 -0.002654795 -0.287112117 0.957893252
1586247752.655293 -661.092773438 -521.915588379 47.286727905 0.000258297 -0.002446723 -0.286419839 0.958101094
1586247752.688294 -661.347412109 -522.295959473 47.306442261 0.000043035 -0.002573275 -0.285592496 0.958347738
1586247752.721293 -661.614379883 -522.717041016 47.326854706 -0.000035226 -0.002548887 -0.284962118 0.958535433
1586247752.754294 -661.880187988 -523.138793945 47.347393036 -0.000040680 -0.002454825 -0.284383923 0.958707333
1586247752.787294 -662.134216309 -523.518737793 47.366718292 -0.000107944 -0.002618683 -0.283663750 0.958920240
1586247752.820294 -662.399536133 -523.940734863 47.387359619 -0.000140429 -0.002737931 -0.283171892 0.959065318
1586247752.853294 -662.663513184 -524.363159180 47.407878876 0.000071585 -0.002942357 -0.282728612 0.959195495
1586247752.886294 -662.917236328 -524.742187500 47.426567078 0.000172585 -0.003301086 -0.282171965 0.959358156
1586247752.919294 -663.180114746 -525.165222168 47.446868896 0.000531971 -0.003296581 -0.281809509 0.959464610
1586247752.952294 -663.442504883 -525.589233398 47.467113495 0.000889331 -0.003317972 -0.281509608 0.959552288
1586247752.985294 -663.694702148 -525.967285156 47.486236572 0.001147330 -0.003457681 -0.281118929 0.959666014
1586247753.018294 -663.954833984 -526.391052246 47.506664276 0.001617580 -0.003330396 -0.280882537 0.959735036
1586247753.051295 -664.214599609 -526.814697266 47.526725769 0.001717746 -0.003214684 -0.280668855 0.959797800
1586247753.084294 -664.474609375 -527.231201172 47.546894073 0.001612902 -0.003121297 -0.280483395 0.959852457
1586247753.117295 -664.732482910 -527.653930664 47.566810608 0.001453817 -0.002693627 -0.280331075 0.959898472
1586247753.150295 -664.989440918 -528.076293945 47.586734772 0.001123428 -0.002188657 -0.280188829 0.959941804
1586247753.183295 -665.230712891 -528.408569336 47.604171753 0.000637055 -0.002098305 -0.279716223 0.960080266
1586247753.216295 -665.487182617 -528.830444336 47.624477386 0.000159293 -0.001785649 -0.279613823 0.960110903
1586247753.249295 -665.743041992 -529.252441406 47.645259857 -0.000299692 -0.001438523 -0.279482871 0.960149586
1586247753.282295 -665.991577148 -529.624084473 47.663833618 -0.000793129 -0.001051095 -0.279126436 0.960253477
1586247753.315295 -666.246948242 -530.045959473 47.684970856 -0.000813752 -0.000615279 -0.279031515 0.960281432
1586247753.348295 -666.501647949 -530.468322754 47.706985474 -0.000811189 -0.000214418 -0.278918862 0.960314393
1586247753.381295 -666.749145508 -530.839294434 47.727661133 -0.000696957 -0.000007122 -0.278682381 0.960383058
1586247753.414295 -667.004150391 -531.261352539 47.750000000 -0.000659645 0.000018842 -0.278612703 0.960403383
1586247753.447295 -667.258483887 -531.683349609 47.772121429 -0.000551641 -0.000107292 -0.278522134 0.960429728
1586247753.480295 -667.506286621 -532.051513672 47.792633057 -0.000329375 -0.000116802 -0.278332949 0.960484624
1586247753.513296 -667.759521484 -532.473999023 47.815006256 -0.000185311 0.000117172 -0.278262734 0.960505009
1586247753.546296 -668.011718750 -532.896484375 47.837127686 0.000164062 0.000361675 -0.278221905 0.960516810
1586247753.579296 -668.259033203 -533.262268066 47.857639313 0.000462562 0.000543829 -0.278058946 0.960563779
1586247753.612296 -668.511718750 -533.683593750 47.879779816 0.000321776 0.000582188 -0.278015822 0.960576236
1586247753.645296 -668.764099121 -534.104858398 47.901844025 0.000389516 0.000425623 -0.277961820 0.960591972
1586247753.678296 -669.016845703 -534.524047852 47.922992706 0.000271618 0.000405002 -0.277863055 0.960620582
1586247753.711296 -669.258972168 -534.868347168 47.941146851 0.000224948 0.000334187 -0.277601093 0.960696340
1586247753.744296 -669.510620117 -535.289184570 47.962150574 0.000479490 0.000259644 -0.277544290 0.960712671
1586247753.777296 -669.761413574 -535.709838867 47.983703613 0.000358313 0.000312050 -0.277513623 0.960721612
1586247753.810296 -670.004760742 -536.068298340 48.002815247 0.000141799 0.000331588 -0.277259856 0.960794926
1586247753.843296 -670.255432129 -536.487243652 48.024314880 -0.000214785 0.000237651 -0.277223080 0.960805535
1586247753.876297 -670.505676270 -536.906860352 48.045780182 -0.000085235 0.000226385 -0.277149588 0.960826755
1586247753.909296 -670.757324219 -537.324279785 48.066295624 -0.000346571 0.000465620 -0.276985824 0.960873842
1586247753.942297 -670.993286133 -537.661193848 48.084980011 -0.000496298 0.000730635 -0.276804090 0.960926056
1586247753.975296 -671.242797852 -538.079833984 48.106647491 -0.000571728 0.000648671 -0.276742131 0.960943818
1586247754.008297 -671.492553711 -538.497985840 48.127857208 -0.000928104 0.000482168 -0.276678592 0.960961938
1586247754.041297 -671.731018066 -538.849853516 48.146633148 -0.000714988 0.000263250 -0.276430368 0.961033642
1586247754.074297 -671.980224609 -539.267883301 48.168853760 -0.000655472 0.000067424 -0.276356727 0.961054921
1586247754.107297 -672.229309082 -539.686157227 48.190433502 -0.000483274 -0.000114168 -0.276253015 0.961084902
1586247754.140297 -672.477416992 -540.103454590 48.212692261 0.000248373 -0.000290516 -0.276131034 0.961120009
1586247754.173297 -672.728454590 -540.510253906 48.234565735 0.000536740 -0.000452634 -0.276033014 0.961147904
1586247754.206297 -672.975891113 -540.927795410 48.256011963 0.000833571 -0.000817370 -0.275996149 0.961158097
1586247754.239297 -673.222839355 -541.345214844 48.277610779 0.001393318 -0.001054209 -0.275875449 0.961191833
1586247754.272297 -673.426513672 -541.595336914 48.289077759 0.001990319 -0.001197986 -0.275408149 0.961324632
1586247754.305297 -673.673095703 -542.011718750 48.309997559 0.002543569 -0.001563284 -0.275281787 0.961358964
1586247754.338297 -673.918762207 -542.427001953 48.330768585 0.002915978 -0.001900218 -0.275142014 0.961397350
1586247754.371298 -674.163391113 -542.839294434 48.350246429 0.002881825 -0.001913606 -0.275013000 0.961434305
1586247754.404298 -674.375671387 -543.140197754 48.363212585 0.003562987 -0.001791385 -0.274722576 0.961515307
1586247754.437298 -674.618408203 -543.553283691 48.382938385 0.004162103 -0.001806487 -0.274613589 0.961544037
1586247754.470298 -674.860229492 -543.965698242 48.402206421 0.004434556 -0.001852984 -0.274603486 0.961545587
1586247754.503298 -675.102294922 -544.373901367 48.421070099 0.004504353 -0.001908980 -0.274528980 0.961566448
1586247754.536298 -675.378784180 -544.869567871 48.443908691 0.004577727 -0.001914087 -0.274640888 0.961534083
1586247754.569298 -675.618041992 -545.278015137 48.463375092 0.004429966 -0.001818499 -0.274729729 0.961509585
1586247754.602298 -675.856811523 -545.685058594 48.482810974 0.004407346 -0.001696163 -0.274808288 0.961487532
1586247754.635298 -676.095458984 -546.090576172 48.501415253 0.004135698 -0.001130560 -0.274853349 0.961476624
1586247754.668298 -676.219116211 -546.167297363 48.504714966 0.004049302 -0.000504163 -0.274720848 0.961515427
1586247754.701298 -676.455322266 -546.571472168 48.524108887 0.004038990 -0.000211236 -0.274786204 0.961496890
1586247754.734298 -676.669677734 -546.908935547 48.540988922 0.003643871 0.000203317 -0.274772853 0.961502254
1586247754.767298 -676.905151367 -547.308898926 48.560798645 0.003318519 0.000476105 -0.274798214 0.961496115
1586247754.800298 -677.118530273 -547.645690918 48.577896118 0.003132790 0.000618277 -0.274820268 0.961490393
1586247754.833299 -677.354125977 -548.044311523 48.598106384 0.003181130 0.000619760 -0.274857372 0.961479604
1586247754.866299 -677.565551758 -548.378845215 48.615726471 0.003361881 0.000637028 -0.274917126 0.961461902
1586247754.899299 -677.799743652 -548.775878906 48.635841370 0.003541917 0.000614487 -0.274981797 0.961442769
1586247754.932299 -678.033569336 -549.172119141 48.655834198 0.003651828 0.000591127 -0.275046766 0.961423755
1586247754.965299 -678.267578125 -549.564819336 48.675514221 0.003506511 0.000581699 -0.275014102 0.961433649
1586247754.998299 -678.449401855 -549.826416016 48.690586090 0.003672660 0.000222125 -0.274957269 0.961449444
1586247755.031299 -678.681762695 -550.218750000 48.710140228 0.003650606 0.000086505 -0.274945438 0.961452961
1586247755.064299 -678.912475586 -550.610046387 48.730209351 0.003721565 0.000097067 -0.274960935 0.961448193
1586247755.097299 -679.143066406 -550.996948242 48.748355865 0.003442139 0.000166585 -0.274940372 0.961455166
1586247755.130299 -679.313476562 -551.243652344 48.763454437 0.002987862 0.000128046 -0.274959147 0.961451292
1586247755.163299 -679.541259766 -551.630249023 48.782333374 0.002622455 0.000281245 -0.275043517 0.961428225
1586247755.196300 -679.768676758 -552.016174316 48.800994873 0.002394348 0.000338641 -0.275088787 0.961415827
1586247755.229300 -679.948120117 -552.287292480 48.816905975 0.002046078 0.000170433 -0.275038242 0.961431146
1586247755.262300 -680.174316406 -552.669433594 48.835559845 0.001580268 0.000164204 -0.275016546 0.961438179
1586247755.295300 -680.399658203 -553.050903320 48.854476929 0.001392514 0.000026468 -0.274921179 0.961465836
1586247755.328300 -680.624633789 -553.428955078 48.873722076 0.001223207 -0.000154725 -0.274686038 0.961533248
1586247755.361300 -680.780944824 -553.657470703 48.889873505 0.001225322 -0.000592616 -0.274447381 0.961601138
1586247755.394300 -681.004272461 -554.035156250 48.909332275 0.001339316 -0.000946956 -0.274131209 0.961690962
1586247755.427300 -681.226806641 -554.412170410 48.928470612 0.001215160 -0.001378230 -0.273812056 0.961781502
1586247755.460300 -681.448303223 -554.785095215 48.947555542 0.001327932 -0.001914047 -0.273212016 0.961951077
1586247755.493300 -681.595031738 -555.003234863 48.965045929 0.001449555 -0.002672750 -0.272548616 0.962137222
1586247755.526300 -681.813842773 -555.376403809 48.983825684 0.001486152 -0.003028166 -0.271885186 0.962323844
1586247755.559300 -682.031188965 -555.748535156 49.002807617 0.001688927 -0.003517780 -0.271086335 0.962547183
1586247755.592300 -682.247131348 -556.117248535 49.021163940 0.001514882 -0.003833302 -0.270139307 0.962812424
1586247755.625300 -682.377563477 -556.316284180 49.037471771 0.001364350 -0.004901544 -0.269130051 0.963090420
1586247755.658301 -682.590087891 -556.684387207 49.054588318 0.001213670 -0.005147994 -0.268156856 0.963360727
1586247755.691301 -682.800720215 -557.052307129 49.071758270 0.000935256 -0.005196766 -0.267105401 0.963652849
1586247755.724301 -682.939331055 -557.279174805 49.087852478 0.000818402 -0.005750278 -0.265788972 0.964013755
1586247755.757301 -683.146240234 -557.645080566 49.104312897 0.000788510 -0.005670072 -0.264566660 0.964350462
1586247755.790301 -683.351196289 -558.010253906 49.121055603 0.000906140 -0.005743603 -0.263290316 0.964699209
1586247755.823301 -683.554260254 -558.374694824 49.137966156 0.001062781 -0.005745987 -0.261973947 0.965057313
1586247755.856301 -683.656799316 -558.543701172 49.153564453 0.001122892 -0.006348954 -0.260659575 0.965409279
1586247755.889301 -683.856933594 -558.905456543 49.169929504 0.001232862 -0.006406117 -0.259276390 0.965781152
1586247755.922301 -684.054504395 -559.266601562 49.186550140 0.001408666 -0.006400006 -0.257870674 0.966157317
1586247755.955301 -684.249694824 -559.623962402 49.203102112 0.001660615 -0.006289034 -0.256350130 0.966562092
1586247755.988301 -684.338500977 -559.780212402 49.219642639 0.001847893 -0.006579483 -0.254829556 0.966961861
1586247756.021302 -684.530334473 -560.137451172 49.235466003 0.002121359 -0.006525186 -0.253382891 0.967341781
1586247756.054302 -684.720520020 -560.493408203 49.251419067 0.002186269 -0.006421335 -0.251963019 0.967713118
1586247756.087302 -684.908142090 -560.846374512 49.268318176 0.002276540 -0.006175667 -0.250570655 0.968075991
1586247756.120301 -684.983398438 -560.986938477 49.281856537 0.002259076 -0.006247297 -0.249109298 0.968452632
1586247756.153302 -685.167419434 -561.338500977 49.297126770 0.002187490 -0.005933147 -0.247742027 0.968805432
1586247756.186302 -685.350097656 -561.689758301 49.312778473 0.002227694 -0.005718186 -0.246418297 0.969144166
1586247756.219302 -685.443969727 -561.870300293 49.326618195 0.002193898 -0.005873988 -0.244903922 0.969527125
1586247756.252302 -685.623168945 -562.217529297 49.342025757 0.002282590 -0.005670778 -0.243586615 0.969859898
1586247756.285302 -685.800903320 -562.562744141 49.357681274 0.002221107 -0.005622582 -0.242260069 0.970192611
1586247756.318302 -685.977233887 -562.906188965 49.373401642 0.001931369 -0.005829304 -0.240930229 0.970523119
1586247756.351302 -686.030883789 -563.015136719 49.385906219 0.001619518 -0.006428772 -0.239494950 0.970875025
1586247756.384302 -686.204345703 -563.355102539 49.401382446 0.001258910 -0.006768864 -0.238224074 0.971185863
1586247756.417302 -686.376037598 -563.693542480 49.416725159 0.000952512 -0.007129552 -0.236981511 0.971487522
1586247756.450302 -686.447509766 -563.840087891 49.428924561 0.000583768 -0.008138527 -0.235531807 0.971832395
1586247756.483302 -686.616149902 -564.175903320 49.444499969 0.000382930 -0.008464810 -0.234237611 0.972142458
1586247756.516303 -686.783142090 -564.510131836 49.459766388 0.000213772 -0.008727056 -0.232965380 0.972445846
1586247756.549303 -686.946716309 -564.842224121 49.475131989 0.000180125 -0.008914326 -0.231712461 0.972743511
1586247756.582303 -686.969970703 -564.902832031 49.483814240 0.000379682 -0.009101604 -0.230453864 0.973040640
1586247756.615303 -687.131652832 -565.234069824 49.499050140 0.000653774 -0.009376873 -0.229218364 0.973329663
1586247756.648303 -687.292175293 -565.563720703 49.514507294 0.001064926 -0.009904179 -0.227932990 0.973625898
1586247756.681303 -687.344787598 -565.682189941 49.525413513 0.001613289 -0.010516583 -0.226629093 0.973923028
1586247756.714303 -687.502441406 -566.009277344 49.540309906 0.002112746 -0.011056918 -0.225270569 0.974231243
1586247756.747303 -687.657958984 -566.335021973 49.555282593 0.002812117 -0.011504119 -0.223834902 0.974555135
1586247756.780303 -687.705200195 -566.446777344 49.564167023 0.003545463 -0.011657589 -0.222400233 0.974879324
1586247756.813303 -687.856201172 -566.768310547 49.578796387 0.004135370 -0.011865510 -0.221012712 0.975190043
1586247756.846303 -688.005187988 -567.088256836 49.592651367 0.004603982 -0.012034822 -0.219680965 0.975486696
1586247756.879303 -688.152221680 -567.406677246 49.606342316 0.004856914 -0.012038883 -0.218435198 0.975765109
1586247756.912304 -688.157836914 -567.438598633 49.611030579 0.004983723 -0.011704206 -0.217323139 0.976016819
1586247756.945303 -688.300537109 -567.752746582 49.624458313 0.004897207 -0.011441167 -0.216245651 0.976259708
1586247756.978304 -688.441711426 -568.064697266 49.638069153 0.004752577 -0.011210640 -0.215243503 0.976484537
1586247757.011304 -688.494873047 -568.189758301 49.646732330 0.004286140 -0.010978067 -0.214376837 0.976679921
1586247757.044304 -688.632568359 -568.496887207 49.659980774 0.003947020 -0.010710355 -0.213471115 0.976882756
1586247757.110304 -688.784667969 -568.861145020 49.678260803 0.002996773 -0.010042316 -0.212022126 0.977208734
1586247757.143304 -688.916748047 -569.161926270 49.691257477 0.002626300 -0.009555910 -0.211384714 0.977352738
1586247757.176304 -689.048156738 -569.461181641 49.704196930 0.002273738 -0.009081094 -0.210852504 0.977473080
1586247757.209304 -689.168579102 -569.740417480 49.716186523 0.002055973 -0.008802434 -0.210491300 0.977553964
1586247757.242305 -689.178771973 -569.769958496 49.723361969 0.001681715 -0.008607749 -0.210247904 0.977608800
1586247757.275305 -689.304992676 -570.057678223 49.736434937 0.001513242 -0.008598167 -0.210072130 0.977646947
1586247757.308305 -689.430480957 -570.343505859 49.750129700 0.001343876 -0.008631193 -0.209999293 0.977662563
1586247757.341305 -689.553100586 -570.624389648 49.763687134 0.001209915 -0.008391621 -0.209940106 0.977677584
1586247757.374305 -689.562194824 -570.647399902 49.772315979 0.001311243 -0.008131735 -0.209985957 0.977669716
1586247757.407305 -689.684326172 -570.927429199 49.786247253 0.001571566 -0.007753078 -0.210159883 0.977635026
1586247757.440305 -689.805725098 -571.206115723 49.800052643 0.001855939 -0.007476327 -0.210408449 0.977583230
1586247757.473305 -689.920104980 -571.469848633 49.812549591 0.002212048 -0.007122877 -0.210846752 0.977490783
1586247757.506305 -689.932250977 -571.494018555 49.822158813 0.002490729 -0.006668783 -0.211413741 0.977370799
1586247757.539305 -690.048339844 -571.762451172 49.834300995 0.002702326 -0.005917176 -0.212114215 0.977223277
1586247757.572305 -690.164062500 -572.028198242 49.846420288 0.002686858 -0.005113530 -0.212940812 0.977048039
1586247757.605305 -690.201171875 -572.104125977 49.857128143 0.002389372 -0.004361205 -0.213963091 0.976829112
1586247757.638305 -690.315673828 -572.363708496 49.869377136 0.002164721 -0.003697054 -0.215064362 0.976590514
1586247757.671305 -690.430664062 -572.620971680 49.881858826 0.001907766 -0.003202191 -0.216238976 0.976333380
1586247757.704306 -690.544738770 -572.873718262 49.894756317 0.001736641 -0.002876030 -0.217531756 0.976047516
1586247757.737306 -690.559875488 -572.879394531 49.905456543 0.001605600 -0.002672747 -0.219059333 0.975706577
1586247757.770306 -690.675292969 -573.128479004 49.918979645 0.001621425 -0.002551793 -0.220792517 0.975316167
1586247757.803306 -690.790222168 -573.374633789 49.932262421 0.001399696 -0.002476282 -0.222743452 0.974872947
1586247757.836306 -690.831054688 -573.431640625 49.944282532 0.000959605 -0.002268923 -0.224869937 0.974385738
1586247757.869306 -690.944519043 -573.671875000 49.957115173 0.000666887 -0.001742621 -0.227254748 0.973833561
1586247757.902306 -691.057556152 -573.909851074 49.969577789 0.000280440 -0.001063216 -0.229842067 0.973227322
1586247757.935306 -691.099182129 -573.959350586 49.981182098 -0.000207067 -0.000520906 -0.232494563 0.972597599
1586247757.968306 -691.211914062 -574.188903809 49.992641449 -0.000661373 -0.000240744 -0.235406160 0.971896887
1586247758.001306 -691.325317383 -574.416809082 50.003929138 -0.001009077 0.000016046 -0.238536566 0.971132994
1586247758.034306 -691.372802734 -574.464721680 50.015171051 -0.001307249 0.000275889 -0.241702780 0.970349431
1586247758.067307 -691.486083984 -574.684753418 50.026599884 -0.001261354 0.000709674 -0.245239362 0.969461501
1586247758.100307 -691.600158691 -574.903442383 50.037990570 -0.001115263 0.001118042 -0.248981297 0.968506992
1586247758.133307 -691.716064453 -575.119689941 50.049449921 -0.000904799 0.001277100 -0.252919555 0.967486084
1586247758.166306 -691.826232910 -575.293457031 50.063434601 -0.000820011 0.001329220 -0.257002175 0.966409624
1586247758.199307 -691.943542480 -575.504150391 50.074913025 -0.000814170 0.001380343 -0.261321187 0.965250611
1586247758.232307 -692.061950684 -575.712646484 50.086788177 -0.000755310 0.001397553 -0.265810907 0.964023948
1586247758.265307 -692.181701660 -575.918762207 50.098720551 -0.000768870 0.001252727 -0.270414352 0.962742984
1586247758.298307 -692.152343750 -575.719299316 50.109535217 -0.000781029 0.000830909 -0.274847627 0.961487174
1586247758.331307 -692.274414062 -575.919189453 50.121246338 -0.000803798 0.000618738 -0.279899746 0.960028708
1586247758.364307 -692.397583008 -576.117797852 50.132961273 -0.000742465 0.000393178 -0.285117626 0.958492219
1586247758.397307 -692.522277832 -576.305786133 50.144966125 -0.000503689 0.000094451 -0.290425241 0.956897616
1586247758.430307 -692.578063965 -576.295532227 50.157356262 -0.000711083 -0.000271125 -0.295742750 0.955267370
1586247758.463307 -692.705810547 -576.486083984 50.168739319 -0.000671357 -0.000497882 -0.301472545 0.953474522
1586247758.496307 -692.834777832 -576.674255371 50.179569244 -0.000566393 -0.000756321 -0.307329059 0.951602817
1586247758.529307 -692.965148926 -576.849853516 50.190296173 -0.000711650 -0.001101706 -0.313150525 0.949702621
1586247758.562308 -693.031433105 -576.839050293 50.201179504 -0.001371771 -0.001626158 -0.318959504 0.947766006
1586247758.595308 -693.165832520 -577.017700195 50.210632324 -0.001700997 -0.002146051 -0.325235605 0.945629120
1586247758.628308 -693.301025391 -577.194396973 50.219966888 -0.001874954 -0.002604477 -0.331639171 0.943400860
1586247758.661308 -693.435974121 -577.356689453 50.229423523 -0.001747727 -0.003058506 -0.337920755 0.941168010
1586247758.694308 -693.514160156 -577.349792480 50.239665985 -0.002225101 -0.003544201 -0.344262958 0.938863933
1586247758.727308 -693.652954102 -577.516906738 50.250061035 -0.002171785 -0.003881933 -0.350956768 0.936381102
1586247758.760308 -693.793762207 -577.681762695 50.260200500 -0.002077818 -0.004339086 -0.357653379 0.933842063
1586247758.793308 -693.937805176 -577.835815430 50.271049500 -0.001936525 -0.004881456 -0.364303768 0.931265414
1586247758.826308 -694.023620605 -577.827941895 50.281223297 -0.002063125 -0.005037611 -0.370888174 0.928661644
1586247758.859308 -694.169372559 -577.985351562 50.291748047 -0.001579076 -0.005194638 -0.377783477 0.925878048
1586247758.892308 -694.316284180 -578.140502930 50.301918030 -0.000994384 -0.005310527 -0.384712994 0.923020482
1586247758.925308 -694.465270996 -578.293640137 50.312290192 -0.000390738 -0.005586547 -0.391669065 0.920089126
1586247758.958309 -694.560424805 -578.275390625 50.322574615 -0.000208974 -0.006138616 -0.398283690 0.917241752
1586247758.991308 -694.711730957 -578.419067383 50.332683563 -0.000001490 -0.006566880 -0.405343890 0.914140701
1586247759.024309 -694.864685059 -578.560180664 50.342678070 0.000229031 -0.006882171 -0.412410706 0.910972059
1586247759.057309 -695.018493652 -578.699035645 50.353057861 0.000426412 -0.007180085 -0.419489205 0.907731891
1586247759.090309 -695.124755859 -578.683288574 50.361824036 -0.000085980 -0.007500647 -0.426151365 0.904620767
1586247759.123309 -695.282043457 -578.813537598 50.371784210 -0.000392288 -0.007848987 -0.433382988 0.901175618
1586247759.156309 -695.440307617 -578.940612793 50.381340027 -0.000944287 -0.008303787 -0.440622926 0.897653461
1586247759.189309 -695.600219727 -579.065063477 50.390640259 -0.001690507 -0.008856641 -0.447829008 0.894073784
1586247759.222309 -695.753906250 -579.121582031 50.401191711 -0.002397746 -0.009707548 -0.454777360 0.890549064
1586247759.255309 -695.917053223 -579.237182617 50.410297394 -0.003118575 -0.010420959 -0.461934686 0.886847258
1586247759.288309 -696.082397461 -579.350830078 50.419250488 -0.003587842 -0.010987964 -0.469034374 0.883104324
1586247759.321309 -696.248779297 -579.463623047 50.428184509 -0.003907263 -0.011445109 -0.476109862 0.879302680
1586247759.354309 -696.338012695 -579.377197266 50.427581787 -0.004565448 -0.011609757 -0.482661724 0.875718057
1586247759.387310 -696.507385254 -579.481811523 50.436172485 -0.004910171 -0.011933566 -0.489808679 0.871734500
1586247759.420310 -696.677612305 -579.585449219 50.444629669 -0.005100071 -0.012177284 -0.496949196 0.867679238
1586247759.453310 -696.849792480 -579.687622070 50.452728271 -0.005202859 -0.012328386 -0.504071057 0.863558531
1586247759.486310 -696.988342285 -579.677673340 50.456176758 -0.005167931 -0.012290007 -0.510792971 0.859600425
1586247759.519310 -697.163269043 -579.771606445 50.465145111 -0.004977971 -0.012533935 -0.517821908 0.855382204
1586247759.552310 -697.339843750 -579.863769531 50.473899841 -0.004706621 -0.012763441 -0.524772406 0.851133943
1586247759.585310 -697.517883301 -579.953857422 50.483299255 -0.004390806 -0.013026778 -0.531610847 0.846877217
1586247759.618310 -697.671630859 -579.945922852 50.486663818 -0.004029185 -0.013452271 -0.537995875 0.842830479
1586247759.651310 -697.854125977 -580.026794434 50.496604919 -0.004092127 -0.014122144 -0.544641614 0.838540077
1586247759.684310 -698.038208008 -580.105285645 50.506645203 -0.004065841 -0.014897116 -0.551161528 0.834255695
1586247759.717310 -698.223937988 -580.181518555 50.516571045 -0.004127920 -0.015641391 -0.557570398 0.829972088
1586247759.750310 -698.389221191 -580.171936035 50.519050598 -0.004371196 -0.016118798 -0.563612580 0.825870395
1586247759.783311 -698.577209473 -580.239807129 50.528511047 -0.004725158 -0.016911998 -0.569914103 0.821516693
1586247759.816311 -698.765991211 -580.304931641 50.537559509 -0.005228490 -0.017810516 -0.576123536 0.817151904
1586247759.849311 -698.956481934 -580.367797852 50.546543121 -0.006012351 -0.018594665 -0.582220376 0.812796175
1586247759.882311 -699.133850098 -580.358154297 50.546253204 -0.006647736 -0.019242663 -0.587832808 0.808726251
1586247759.915311 -699.325073242 -580.414306641 50.554672241 -0.007235169 -0.019721039 -0.593708932 0.804405689
1586247759.948311 -699.517944336 -580.468383789 50.563076019 -0.007796764 -0.020163998 -0.599410653 0.800149739
1586247759.981311 -699.712036133 -580.520935059 50.570858002 -0.008188635 -0.020721734 -0.604940772 0.795958757
1586247760.014311 -699.902099609 -580.514343262 50.568309784 -0.008891881 -0.020971559 -0.610064089 0.792024612
1586247760.047311 -700.097412109 -580.560729980 50.575866699 -0.009380728 -0.021409236 -0.615280032 0.787962079
1586247760.080311 -700.293945312 -580.606628418 50.583610535 -0.009731919 -0.021355994 -0.620370746 0.783957541
1586247760.113311 -700.490417480 -580.652343750 50.591796875 -0.009772390 -0.020748077 -0.625291109 0.780054569
1586247760.146312 -700.685058594 -580.687927246 50.598075867 -0.009716541 -0.020398887 -0.629824638 0.776408672
1586247760.179311 -700.892211914 -580.679565430 50.594749451 -0.010156543 -0.019864829 -0.634278476 0.772782743
1586247760.212312 -701.092224121 -580.716552734 50.602657318 -0.010909200 -0.020127118 -0.638670802 0.769139528
1586247760.245311 -701.294067383 -580.750793457 50.611213684 -0.011862755 -0.020506799 -0.642864048 0.765613914
1586247760.278312 -701.497131348 -580.784179688 50.619964600 -0.012889534 -0.020681204 -0.646818638 0.762254477
1586247760.311312 -701.697509766 -580.808227539 50.627555847 -0.013586432 -0.021113092 -0.650313616 0.759250939
1586247760.344312 -701.886596680 -580.818054199 50.635520935 -0.014436543 -0.021205496 -0.653881609 0.756161928
1586247760.377312 -702.093078613 -580.845947266 50.644424438 -0.014974207 -0.021413764 -0.657240391 0.753227949
1586247760.410312 -702.302001953 -580.873352051 50.653320312 -0.015526175 -0.021636989 -0.660393834 0.750447154
1586247760.443312 -702.511596680 -580.899780273 50.662151337 -0.016337661 -0.021681003 -0.663384974 0.747785747
1586247760.476312 -702.715698242 -580.919189453 50.670932770 -0.016968636 -0.021881754 -0.665976346 0.745458782
1586247760.509312 -702.987060547 -580.885192871 50.655174255 -0.017251551 -0.021306407 -0.668331861 0.743357897
1586247760.542312 -703.199340820 -580.909729004 50.664279938 -0.017690478 -0.021104923 -0.670726240 0.741193593
1586247760.575312 -703.412231445 -580.932128906 50.673305511 -0.017774194 -0.020540848 -0.672984302 0.739157915
1586247760.608312 -703.627075195 -580.956848145 50.683197021 -0.017125903 -0.020091807 -0.675096214 0.737257183
1586247760.674313 -704.098327637 -580.970642090 50.687618256 -0.016332060 -0.019991554 -0.678696930 0.733964682
1586247760.707313 -704.319458008 -580.992187500 50.697940826 -0.016194910 -0.020164046 -0.680341184 0.732439220
1586247760.740313 -704.541870117 -581.013122559 50.708583832 -0.015774071 -0.020586368 -0.681837559 0.731043816
1586247760.773313 -704.766357422 -581.033569336 50.718925476 -0.015454441 -0.021108912 -0.683205605 0.729757369
1586247760.806313 -704.991882324 -581.052917480 50.729278564 -0.015175579 -0.021611007 -0.684490383 0.728543520
1586247760.839313 -705.254455566 -581.038391113 50.720966339 -0.014802873 -0.021651588 -0.685466111 0.727632046
1586247760.872313 -705.482666016 -581.057312012 50.730945587 -0.014577059 -0.021954661 -0.686534107 0.726619899
1586247760.905313 -705.712097168 -581.075012207 50.740798950 -0.014546392 -0.022544058 -0.687491477 0.725696683
1586247760.938313 -705.943664551 -581.092346191 50.750789642 -0.014723061 -0.023004858 -0.688341081 0.724872828
1586247760.971313 -706.206787109 -581.085388184 50.744842529 -0.014286220 -0.023221571 -0.688947320 0.724298477
1586247761.004313 -706.440368652 -581.104614258 50.754508972 -0.013833908 -0.023048259 -0.689581096 0.723709464
1586247761.037313 -706.675048828 -581.125000000 50.764625549 -0.012941984 -0.022839935 -0.690124571 0.723214388
1586247761.070313 -706.910705566 -581.145141602 50.774230957 -0.012578217 -0.022399567 -0.690540373 0.722837508
1586247761.103314 -707.145019531 -581.153869629 50.779911041 -0.012828350 -0.021675082 -0.690835714 0.722572982
1586247761.136314 -707.383239746 -581.172851562 50.789093018 -0.012572078 -0.021759940 -0.691033065 0.722386181
1586247761.169314 -707.622558594 -581.192016602 50.798633575 -0.012627602 -0.021447519 -0.691092491 0.722337723
1586247761.202314 -707.863098145 -581.212341309 50.808128357 -0.012418509 -0.020933168 -0.690992892 0.722451746
1586247761.235314 -708.104980469 -581.230957031 50.816284180 -0.012204973 -0.020480987 -0.690691888 0.722756028
1586247761.268314 -708.424621582 -581.217041016 50.796199799 -0.012312770 -0.019995932 -0.690288067 0.723153472
1586247761.301314 -708.670471191 -581.235656738 50.804992676 -0.012491435 -0.020547934 -0.689795256 0.723605037
1586247761.334314 -708.917602539 -581.255249023 50.813228607 -0.012804566 -0.020797377 -0.689154506 0.724202812
1586247761.367314 -709.165771484 -581.275329590 50.821632385 -0.012991754 -0.021082344 -0.688491046 0.724821925
1586247761.400314 -709.448242188 -581.279968262 50.813941956 -0.012711138 -0.021165870 -0.687724352 0.725552022
1586247761.433314 -709.699645996 -581.302246094 50.822517395 -0.012299329 -0.021519959 -0.686948776 0.726283073
1586247761.466315 -709.952026367 -581.326049805 50.831771851 -0.011935681 -0.021778751 -0.686104178 0.727079332
1586247761.499315 -710.205810547 -581.351135254 50.840972900 -0.011491894 -0.022006903 -0.685211837 0.727920592
1586247761.532315 -710.493652344 -581.363647461 50.834587097 -0.010553569 -0.022101600 -0.684139252 0.728940129
1586247761.565315 -710.749816895 -581.391113281 50.843864441 -0.009730965 -0.022004157 -0.683068395 0.729958117
1586247761.598315 -711.007202148 -581.420593262 50.853614807 -0.008708984 -0.021831177 -0.681981921 0.730991364
1586247761.631315 -711.265441895 -581.450805664 50.863151550 -0.007694184 -0.022058269 -0.680804551 0.732092500
1586247761.664315 -711.557128906 -581.472534180 50.856407166 -0.007083356 -0.022019945 -0.679489255 0.733320713
1586247761.697315 -711.816650391 -581.503601074 50.864364624 -0.006718635 -0.022031644 -0.678105056 0.734603941
1586247761.730315 -712.076904297 -581.535827637 50.872215271 -0.006727724 -0.021760372 -0.676651895 0.735950768
1586247761.763315 -712.338989258 -581.568115234 50.879981995 -0.006789087 -0.021767640 -0.675069511 0.737401664
1586247761.796315 -712.632690430 -581.595092773 50.870906830 -0.006915898 -0.021731626 -0.673358381 0.738964498
1586247761.829315 -712.895568848 -581.629028320 50.878673553 -0.007415623 -0.021800624 -0.671586692 0.740568101
1586247761.862315 -713.160034180 -581.664245605 50.886249542 -0.007575452 -0.022092346 -0.669728637 0.742238641
1586247761.895315 -713.425537109 -581.700439453 50.893981934 -0.007961243 -0.022112429 -0.667829990 0.743942738
1586247761.928316 -713.722412109 -581.735717773 50.885440826 -0.008377016 -0.021930775 -0.665880024 0.745689452
1586247761.961316 -713.990539551 -581.775817871 50.892936707 -0.008553892 -0.022117853 -0.663850427 0.747489393
1586247761.994316 -714.258728027 -581.817687988 50.900386810 -0.009032696 -0.022123639 -0.661776483 0.749320269
1586247762.027316 -714.528747559 -581.861877441 50.908210754 -0.009187817 -0.022247659 -0.659622073 0.751211882
1586247762.060316 -714.827270508 -581.906738281 50.901226044 -0.009321779 -0.022131588 -0.657515645 0.753058076
1586247762.093316 -715.098999023 -581.953979492 50.909095764 -0.009594291 -0.022075694 -0.655212104 0.755061388
1586247762.126316 -715.371826172 -582.003845215 50.917106628 -0.009638131 -0.022100845 -0.652806699 0.757140756
1586247762.159316 -715.646972656 -582.054748535 50.924522400 -0.009771168 -0.021990877 -0.650308847 0.759288669
1586247762.192316 -715.944946289 -582.111572266 50.920204163 -0.009498864 -0.022015085 -0.647763789 0.761463881
1586247762.225316 -716.220581055 -582.166992188 50.928878784 -0.009363711 -0.022187676 -0.645128608 0.763694465
1586247762.258316 -716.496704102 -582.224304199 50.937435150 -0.009259552 -0.022364251 -0.642452359 0.765943348
1586247762.291317 -716.773559570 -582.283630371 50.946090698 -0.009154886 -0.022635939 -0.639729142 0.768212557
1586247762.324317 -717.053466797 -582.343627930 50.952922821 -0.009256959 -0.022935778 -0.636954665 0.770504475
1586247762.357316 -717.355468750 -582.416076660 50.946887970 -0.009058356 -0.023086304 -0.634213090 0.772760451
1586247762.390316 -717.633911133 -582.481811523 50.954685211 -0.008978754 -0.023311296 -0.631345510 0.775099277
1586247762.423317 -717.912292480 -582.549316406 50.963027954 -0.008950442 -0.023379579 -0.628488779 0.777415752
1586247762.456317 -718.190551758 -582.619506836 50.971603394 -0.008960575 -0.023243427 -0.625594735 0.779750407
1586247762.489317 -718.470336914 -582.691589355 50.978630066 -0.009087414 -0.022989176 -0.622662067 0.782100379
1586247762.522317 -718.770751953 -582.779785156 50.975135803 -0.008851290 -0.022629617 -0.619833231 0.784357250
1586247762.555317 -719.050842285 -582.856506348 50.983463287 -0.008839041 -0.022628225 -0.616853237 0.786703229
1586247762.588317 -719.330322266 -582.935424805 50.991909027 -0.008975983 -0.022631243 -0.613884866 0.789020061
1586247762.621317 -719.610717773 -583.016113281 50.999847412 -0.009329587 -0.022580381 -0.610849261 0.791369975
1586247762.654317 -719.905822754 -583.112548828 50.998191833 -0.009620845 -0.022252373 -0.607978761 0.793583035
1586247762.687317 -720.186645508 -583.197937012 51.005683899 -0.009737998 -0.022104163 -0.604914904 0.795923710
1586247762.720317 -720.467163086 -583.286437988 51.013675690 -0.009796946 -0.021674644 -0.601798475 0.798293650
1586247762.753318 -720.748413086 -583.376770020 51.021858215 -0.009831548 -0.021359000 -0.598708987 0.800621510
1586247762.786318 -721.041503906 -583.486816406 51.023944855 -0.009809166 -0.020853037 -0.595693469 0.802881241
1586247762.819318 -721.323059082 -583.582824707 51.032783508 -0.009627223 -0.020369649 -0.592516005 0.805243611
1586247762.852318 -721.604370117 -583.681823730 51.041603088 -0.009481758 -0.019741360 -0.589282870 0.807630002
1586247762.885318 -721.885864258 -583.783020020 51.050670624 -0.009296417 -0.019410959 -0.586020470 0.810010433
1586247762.918318 -722.177734375 -583.905334473 51.053894043 -0.009351492 -0.019075435 -0.582926810 0.812246919
1586247762.951318 -722.460083008 -584.009826660 51.063030243 -0.009416670 -0.019135088 -0.579583168 0.814634025
1586247762.984318 -722.742614746 -584.116699219 51.072090149 -0.009640305 -0.019036012 -0.576175392 0.817047477
1586247763.017318 -723.024963379 -584.226196289 51.081607819 -0.009739667 -0.018875442 -0.572737694 0.819463491
1586247763.050318 -723.309326172 -584.339416504 51.090072632 -0.009184867 -0.018999580 -0.569396555 0.821792126
1586247763.083318 -723.600646973 -584.482849121 51.096073151 -0.008893192 -0.018639613 -0.566076398 0.824094057
1586247763.116318 -723.883361816 -584.600830078 51.105072021 -0.008704364 -0.018501068 -0.562616706 0.826465011
1586247763.149318 -724.167358398 -584.721374512 51.113853455 -0.008242340 -0.018637216 -0.559197605 0.828783989
1586247763.182319 -724.449707031 -584.845520020 51.122749329 -0.007596076 -0.018466052 -0.555773973 0.831093609
1586247763.215318 -724.733459473 -584.973999023 51.132232666 -0.007189780 -0.018063942 -0.552559495 0.833246708
1586247763.248319 -725.021972656 -585.134033203 51.138656616 -0.006276458 -0.017919892 -0.549293280 0.835413933
1586247763.281319 -725.304260254 -585.265747070 51.147949219 -0.005784601 -0.017820166 -0.545718372 0.837759137
1586247763.314319 -725.585815430 -585.400024414 51.157737732 -0.005848407 -0.017278269 -0.542196572 0.840053618
1586247763.347319 -725.867309570 -585.536315918 51.166774750 -0.005814046 -0.016894668 -0.538539290 0.842410982
1586247763.380319 -726.148803711 -585.678222656 51.174797058 -0.006326108 -0.016114527 -0.535102606 0.844609678
1586247763.413319 -726.431823730 -585.851806641 51.182998657 -0.006067306 -0.015613141 -0.531677008 0.846781611
1586247763.446319 -726.712951660 -585.995239258 51.192073822 -0.006031513 -0.015752062 -0.527900815 0.849138558
1586247763.479319 -726.992370605 -586.140625000 51.200370789 -0.007220685 -0.015048028 -0.524211049 0.851424873
1586247763.512319 -727.272277832 -586.289306641 51.209392548 -0.007970183 -0.014707446 -0.520512879 0.853689909
1586247763.545319 -727.554809570 -586.442749023 51.218532562 -0.008486539 -0.014440332 -0.516898394 0.855882943
1586247763.578319 -727.832824707 -586.631713867 51.229583740 -0.008508563 -0.014036199 -0.513370633 0.858010054
1586247763.611320 -728.113525391 -586.789916992 51.239894867 -0.008181304 -0.013993263 -0.509557486 0.860283971
1586247763.644320 -728.393615723 -586.950927734 51.250968933 -0.007917583 -0.013874062 -0.505863488 0.862465680
1586247763.677320 -728.673767090 -587.115295410 51.262027740 -0.007685691 -0.013596623 -0.502178431 0.864623010
1586247763.710320 -728.952270508 -587.287231445 51.272396088 -0.007065891 -0.013385598 -0.498660177 0.866665423
1586247763.743320 -729.228942871 -587.492797852 51.286132812 -0.006394893 -0.012972772 -0.495232880 0.868639946
1586247763.776320 -729.507507324 -587.666992188 51.296718597 -0.005585343 -0.013112850 -0.491456062 0.870785773
1586247763.809320 -729.786010742 -587.843261719 51.307170868 -0.005061328 -0.013205294 -0.487648696 0.872925401
1586247763.842320 -730.063537598 -588.021789551 51.317558289 -0.004772126 -0.013344045 -0.483832479 0.875045896
1586247763.875320 -730.337890625 -588.233764648 51.331283569 -0.004078954 -0.013342982 -0.480401933 0.876937449
1586247763.908320 -730.614318848 -588.418212891 51.341484070 -0.003860563 -0.013329441 -0.476560652 0.879032135
1586247763.941320 -730.889282227 -588.605529785 51.350982666 -0.003778428 -0.013166923 -0.472675413 0.881130159
1586247763.974320 -731.163574219 -588.795043945 51.360530853 -0.003778905 -0.012979312 -0.468869507 0.883164048
1586247764.007321 -731.436096191 -588.990722656 51.369514465 -0.003969699 -0.012619141 -0.465235740 0.885087967
1586247764.040320 -731.704467773 -589.220947266 51.385536194 -0.003841847 -0.012421331 -0.461547822 0.887020051
1586247764.073321 -731.975708008 -589.419250488 51.394393921 -0.004128873 -0.012044420 -0.457826614 0.888950408
1586247764.106321 -732.245727539 -589.619873047 51.403404236 -0.004450768 -0.011597141 -0.454162031 0.890832543
1586247764.139321 -732.515136719 -589.822998047 51.413013458 -0.004754722 -0.011048128 -0.450522959 0.892683804
1586247764.172321 -732.779174805 -590.059570312 51.430236816 -0.005105793 -0.010366110 -0.447178036 0.894370317
1586247764.205321 -733.046813965 -590.268005371 51.440147400 -0.005607843 -0.009833140 -0.443618119 0.896144450
1586247764.238321 -733.313720703 -590.478515625 51.450622559 -0.006264001 -0.009462528 -0.440126687 0.897863984
1586247764.271321 -733.580810547 -590.691711426 51.461387634 -0.006648719 -0.009502389 -0.436686695 0.899538875
1586247764.304321 -733.848022461 -590.912231445 51.473121643 -0.007013649 -0.009678801 -0.433474779 0.901086390
1586247764.337321 -734.110473633 -591.162841797 51.493270874 -0.007118315 -0.010126299 -0.430071533 0.902710021
1586247764.370322 -734.377380371 -591.384765625 51.503799438 -0.006979644 -0.010456191 -0.426652372 0.904328406
1586247764.403321 -734.643432617 -591.609130859 51.514728546 -0.006717116 -0.010650994 -0.423238635 0.905930817
1586247764.436321 -734.908752441 -591.836547852 51.526153564 -0.006129890 -0.010961542 -0.419877797 0.907493711
1586247764.469321 -735.169189453 -592.092651367 51.547470093 -0.005647212 -0.011773839 -0.416937768 0.908841252
1586247764.502322 -735.432373047 -592.325927734 51.559593201 -0.004941761 -0.011922506 -0.413725495 0.910310268
1586247764.535322 -735.694519043 -592.561645508 51.571640015 -0.004172623 -0.011989221 -0.410462290 0.911789238
1586247764.568322 -735.955749512 -592.799438477 51.582843781 -0.003616035 -0.012172425 -0.407261074 0.913223505
1586247764.601322 -736.214660645 -593.041992188 51.592887878 -0.003107131 -0.012065150 -0.404228151 0.914573431
1586247764.634322 -736.471191406 -593.314331055 51.615043640 -0.002597570 -0.012212268 -0.401188672 0.915910363
1586247764.667322 -736.729003906 -593.559570312 51.624237061 -0.002044201 -0.012110066 -0.398076683 0.917269945
1586247764.700322 -736.985778809 -593.806640625 51.632946014 -0.001883894 -0.011905381 -0.395083249 0.918566287
1586247764.733322 -737.242858887 -594.054443359 51.641422272 -0.002038151 -0.012221309 -0.392191529 0.919800222
1586247764.766322 -737.496765137 -594.329711914 51.660705566 -0.001986563 -0.012834700 -0.389718592 0.920842409
1586247764.799322 -737.751403809 -594.583251953 51.670051575 -0.001566857 -0.012715341 -0.387118936 0.921940744
1586247764.832323 -738.005249023 -594.838867188 51.678886414 -0.001260787 -0.012415364 -0.384599119 0.922999382
1586247764.865323 -738.257507324 -595.096008301 51.688102722 -0.001112044 -0.011944056 -0.382211477 0.923997045
1586247764.898323 -738.504943848 -595.379760742 51.709053040 -0.001061261 -0.011585649 -0.380165488 0.924845338
1586247764.931323 -738.755249023 -595.640991211 51.718498230 -0.001161665 -0.011033153 -0.377952397 0.925758600
1586247764.964323 -739.003967285 -595.903259277 51.728252411 -0.001389623 -0.010374889 -0.375811487 0.926637053
1586247764.997323 -739.252563477 -596.166625977 51.738006592 -0.001890481 -0.009868985 -0.373704612 0.927493393
1586247765.030323 -739.499938965 -596.454589844 51.758712769 -0.002309740 -0.010165224 -0.371812105 0.928249478
1586247765.063323 -739.747863770 -596.720703125 51.768924713 -0.003326416 -0.009611726 -0.369763970 0.929070115
1586247765.096323 -739.994934082 -596.989196777 51.779861450 -0.003775060 -0.008888718 -0.367712945 0.929889202
1586247765.129323 -740.241882324 -597.259155273 51.791435242 -0.004046947 -0.008398648 -0.365807533 0.930643916
1586247765.195323 -740.733886719 -597.830688477 51.830074310 -0.004883528 -0.007706770 -0.362475008 0.931948841
1586247765.228323 -740.980651855 -598.105407715 51.842861176 -0.005331249 -0.007395484 -0.360825717 0.932588756
1586247765.261323 -741.226806641 -598.381469727 51.856437683 -0.005831033 -0.007206698 -0.359282553 0.933182836
1586247765.294323 -741.473327637 -598.658569336 51.869705200 -0.006064564 -0.007138773 -0.357763499 0.933765292
1586247765.327324 -741.718811035 -598.958007812 51.894748688 -0.006106138 -0.006932156 -0.356537074 0.934235513
1586247765.360324 -741.963989258 -599.239379883 51.909225464 -0.005829722 -0.006633434 -0.355222762 0.934740007
1586247765.393324 -742.209289551 -599.521850586 51.923400879 -0.005414754 -0.006308699 -0.353936493 0.935232520
1586247765.426324 -742.454345703 -599.806030273 51.937740326 -0.005347520 -0.005869697 -0.352778465 0.935673237
1586247765.459324 -742.700866699 -600.111206055 51.963893890 -0.004962683 -0.005631693 -0.351706415 0.936080277
1586247765.492324 -742.946044922 -600.397949219 51.977630615 -0.004335612 -0.005510828 -0.350605369 0.936497092
1586247765.525324 -743.191040039 -600.686035156 51.991249084 -0.003722429 -0.005384835 -0.349549383 0.936895132
1586247765.558324 -743.436035156 -600.974792480 52.005290985 -0.003121227 -0.005321785 -0.348479271 0.937296271
1586247765.591324 -743.684204102 -601.283020020 52.030830383 -0.002657324 -0.005557728 -0.347548902 0.937641680
1586247765.624324 -743.929077148 -601.572875977 52.044502258 -0.002364784 -0.005617259 -0.346559584 0.938008189
1586247765.657324 -744.173828125 -601.864013672 52.057952881 -0.001952082 -0.005700800 -0.345622838 0.938354254
1586247765.690325 -744.418518066 -602.155517578 52.071273804 -0.001912087 -0.005747620 -0.344731450 0.938681901
1586247765.723325 -744.667175293 -602.465820312 52.094551086 -0.001771688 -0.006053081 -0.343972355 0.938958645
1586247765.756325 -744.911499023 -602.758911133 52.107547760 -0.001611858 -0.005957073 -0.343115538 0.939272940
1586247765.789325 -745.155151367 -603.052124023 52.120738983 -0.001958996 -0.005848648 -0.342338473 0.939556479
1586247765.822325 -745.398925781 -603.346191406 52.134033203 -0.002229840 -0.005833036 -0.341615409 0.939819157
1586247765.855325 -745.646728516 -603.658813477 52.156169891 -0.002803296 -0.005985077 -0.340982735 0.940046310
1586247765.888325 -745.890441895 -603.954833984 52.169673920 -0.003274977 -0.005816814 -0.340312839 0.940288663
1586247765.921325 -746.134216309 -604.251708984 52.183643341 -0.003566772 -0.005697417 -0.339628071 0.940535843
1586247765.954325 -746.377746582 -604.549499512 52.197647095 -0.004067897 -0.005436169 -0.339024156 0.940753162
1586247765.987325 -746.624816895 -604.863525391 52.219829559 -0.004483343 -0.005461911 -0.338517696 0.940933526
1586247766.020325 -746.868286133 -605.163818359 52.235279083 -0.004531741 -0.005276395 -0.337957263 0.941135764
1586247766.053325 -747.112304688 -605.464782715 52.250885010 -0.004748672 -0.005154506 -0.337455213 0.941315532
1586247766.086325 -747.356323242 -605.766540527 52.266769409 -0.004663497 -0.005151994 -0.336966991 0.941490889
1586247766.119325 -747.606201172 -606.083862305 52.289230347 -0.004584373 -0.005512884 -0.336416394 0.941686094
1586247766.152326 -747.850769043 -606.388061523 52.305774689 -0.004528075 -0.005747361 -0.335973799 0.941842914
1586247766.185326 -748.095764160 -606.692749023 52.322734833 -0.004164428 -0.005908925 -0.335495889 0.942013979
1586247766.218326 -748.340454102 -606.997924805 52.339801788 -0.003975213 -0.005877163 -0.335031241 0.942180336
1586247766.251326 -748.591491699 -607.316528320 52.361133575 -0.003748298 -0.006010787 -0.334555626 0.942349434
1586247766.284326 -748.836669922 -607.623901367 52.378215790 -0.003466367 -0.005956483 -0.334191561 0.942480028
1586247766.317326 -749.081542969 -607.931884766 52.394733429 -0.003287017 -0.005983771 -0.333892047 0.942586660
1586247766.350326 -749.326721191 -608.240234375 52.411281586 -0.003165305 -0.006101714 -0.333638251 0.942676187
1586247766.383326 -749.579162598 -608.559326172 52.429718018 -0.003031254 -0.006305034 -0.333301783 0.942794263
1586247766.416326 -749.824951172 -608.869567871 52.445785522 -0.002916694 -0.006265101 -0.333097607 0.942867041
1586247766.449326 -750.070678711 -609.180664062 52.461997986 -0.002504051 -0.006183302 -0.332905978 0.942936420
1586247766.482326 -750.316467285 -609.492553711 52.477935791 -0.001972825 -0.006023176 -0.332767814 0.942987502
1586247766.515326 -750.569702148 -609.813171387 52.495521545 -0.001499504 -0.005702314 -0.332641304 0.943035007
1586247766.548326 -750.815734863 -610.126464844 52.510787964 -0.000944465 -0.005438759 -0.332560837 0.943065763
1586247766.614327 -751.307983398 -610.753601074 52.542694092 -0.000286043 -0.005021080 -0.332599282 0.943054914
1586247766.647327 -751.562988281 -611.072021484 52.560337067 -0.000233293 -0.005041806 -0.332613468 0.943049788
1586247766.680327 -751.810119629 -611.385131836 52.576225281 -0.000535607 -0.004854990 -0.332765222 0.942997098
1586247766.713327 -752.055786133 -611.698974609 52.592308044 -0.000475347 -0.004274038 -0.332914531 0.942947268
1586247766.746327 -752.302124023 -612.012573242 52.608242035 -0.000577807 -0.003771659 -0.333203852 0.942847133
1586247766.779327 -752.559265137 -612.329956055 52.625751495 -0.001246244 -0.003544422 -0.333399504 0.942778230
1586247766.812327 -752.807189941 -612.643310547 52.641429901 -0.001958549 -0.003532805 -0.333787650 0.942639709
1586247766.845327 -753.055358887 -612.956298828 52.658187866 -0.002697021 -0.003443900 -0.334159434 0.942506433
1586247766.878327 -753.304870605 -613.269897461 52.674999237 -0.003088623 -0.003490916 -0.334537089 0.942371130
1586247766.911328 -753.566162109 -613.586059570 52.693267822 -0.003303111 -0.003665756 -0.334657252 0.942327023
1586247766.944327 -753.817504883 -613.901123047 52.710971832 -0.003004014 -0.003612981 -0.335013092 0.942201853
1586247766.977328 -754.068359375 -614.216857910 52.728794098 -0.002961218 -0.003511038 -0.335469604 0.942039847
1586247767.010328 -754.320739746 -614.532836914 52.746585846 -0.002731592 -0.003588304 -0.335890532 0.941890299
1586247767.043328 -754.584777832 -614.848632812 52.766395569 -0.002432734 -0.003829309 -0.336234570 0.941767395
1586247767.076328 -754.838134766 -615.165344238 52.785007477 -0.001991779 -0.004152034 -0.336660862 0.941614747
1586247767.109328 -755.091735840 -615.482666016 52.803592682 -0.001425981 -0.004428980 -0.337119311 0.941450477
1586247767.142328 -755.347045898 -615.800903320 52.822090149 -0.001137197 -0.004553199 -0.337612271 0.941273630
1586247767.175328 -755.613403320 -616.113159180 52.839683533 -0.001012921 -0.004688311 -0.338024974 0.941124976
1586247767.208328 -755.868652344 -616.429931641 52.857002258 -0.001023144 -0.004935847 -0.338582128 0.940923393
1586247767.241328 -756.123413086 -616.747009277 52.874374390 -0.001177847 -0.004992079 -0.339137852 0.940722704
1586247767.274328 -756.380432129 -617.065551758 52.891342163 -0.001240522 -0.004888928 -0.339625627 0.940547228
1586247767.307328 -756.647949219 -617.375244141 52.908222198 -0.001281619 -0.004580704 -0.340170085 0.940351963
1586247767.340328 -756.904113770 -617.693420410 52.924880981 -0.001416177 -0.004157436 -0.340827405 0.940115690
1586247767.373328 -757.160156250 -618.011718750 52.941703796 -0.001498282 -0.003779922 -0.341463566 0.939886272
1586247767.406328 -757.418579102 -618.330078125 52.958251953 -0.001751721 -0.003583355 -0.342053324 0.939672172
1586247767.439328 -757.687500000 -618.638549805 52.975379944 -0.001930326 -0.003301668 -0.342696726 0.939438343
1586247767.472328 -757.946960449 -618.956481934 52.992546082 -0.001915336 -0.003205953 -0.343372941 0.939191818
1586247767.505329 -758.206420898 -619.274597168 53.010303497 -0.001964897 -0.003095613 -0.344036788 0.938949049
1586247767.538329 -758.466918945 -619.593017578 53.027793884 -0.002134383 -0.002918576 -0.344645321 0.938726068
1586247767.571329 -758.739196777 -619.899963379 53.046646118 -0.002159745 -0.002729814 -0.345341295 0.938470721
1586247767.604329 -759.001525879 -620.217712402 53.064434052 -0.002243757 -0.002793617 -0.346048772 0.938209713
1586247767.637329 -759.263793945 -620.535888672 53.082595825 -0.002315789 -0.002870171 -0.346752524 0.937949479
1586247767.670329 -759.528198242 -620.852661133 53.100631714 -0.002327710 -0.002849147 -0.347345948 0.937729836
1586247767.703329 -759.802612305 -621.159606934 53.119468689 -0.002279997 -0.002870025 -0.347984672 0.937493086
1586247767.736329 -760.067443848 -621.477172852 53.137771606 -0.002431452 -0.002827673 -0.348729551 0.937216043
1586247767.769329 -760.332763672 -621.795227051 53.156066895 -0.002262086 -0.002828822 -0.349421561 0.936958671
1586247767.802329 -760.606689453 -622.104125977 53.174972534 -0.002189130 -0.002986330 -0.349944711 0.936763048
1586247767.835330 -760.874267578 -622.421142578 53.193115234 -0.002081007 -0.003222936 -0.350615084 0.936511874
1586247767.868330 -761.142272949 -622.738281250 53.211853027 -0.001947731 -0.003357769 -0.351247281 0.936274707
1586247767.901330 -761.411437988 -623.054443359 53.230293274 -0.002103358 -0.003423264 -0.351863354 0.936042726
1586247767.934330 -761.688293457 -623.361267090 53.249382019 -0.002091169 -0.003535138 -0.352493107 0.935805440
1586247767.967330 -761.958251953 -623.677856445 53.267192841 -0.002218187 -0.003560865 -0.353147596 0.935558200
1586247768.000330 -762.228820801 -623.994262695 53.285408020 -0.002282679 -0.003658852 -0.353767872 0.935323358
1586247768.033330 -762.500488281 -624.309387207 53.303020477 -0.002248883 -0.003813737 -0.354431838 0.935071409
1586247768.066330 -762.777526855 -624.617126465 53.322742462 -0.002228886 -0.003342294 -0.354947001 0.934877872
1586247768.099330 -763.048706055 -624.933593750 53.341033936 -0.002163023 -0.002867572 -0.355551600 0.934649825
1586247768.132330 -763.319152832 -625.250549316 53.359367371 -0.002203584 -0.002066398 -0.356080264 0.934450507
1586247768.165330 -763.590026855 -625.568298340 53.377906799 -0.002396077 -0.001286460 -0.356624126 0.934244037
1586247768.198330 -763.868103027 -625.875122070 53.397846222 -0.002282500 -0.000715698 -0.357113659 0.934057891
1586247768.231330 -764.141723633 -626.192626953 53.415599823 -0.002158701 -0.000472203 -0.357573032 0.933882594
1586247768.264330 -764.415161133 -626.510131836 53.433383942 -0.002058625 -0.000090432 -0.357951045 0.933738112
1586247768.297330 -764.692260742 -626.819946289 53.453052521 -0.001790524 0.000827814 -0.358371943 0.933576822
1586247768.330331 -764.966796875 -627.139160156 53.471199036 -0.001047909 0.001433224 -0.358745456 0.933433771
1586247768.363331 -765.240783691 -627.458740234 53.489536285 -0.000380844 0.002450267 -0.359076768 0.933304727
1586247768.396331 -765.516540527 -627.779357910 53.508441925 0.000686288 0.003233581 -0.359407783 0.933174789
1586247768.429331 -765.794982910 -628.085937500 53.529102325 0.001000524 0.003080295 -0.359781682 0.933030963
1586247768.462331 -766.074707031 -628.403564453 53.546424866 0.001041114 0.002104540 -0.360085338 0.932916462
1586247768.495331 -766.356750488 -628.719482422 53.562839508 0.001006663 0.000366776 -0.360344827 0.932818651
1586247768.528331 -766.638366699 -629.036376953 53.579578400 0.001405001 -0.000801479 -0.360559404 0.932734907
1586247768.561331 -766.919921875 -629.341064453 53.598178864 0.001986712 -0.001571687 -0.360752523 0.932658195
1586247768.594331 -767.200256348 -629.659301758 53.614646912 0.001933992 -0.001314136 -0.360912234 0.932596862
1586247768.627331 -767.480102539 -629.977905273 53.631752014 0.002222776 -0.001195728 -0.361120731 0.932515681
1586247768.660331 -767.761779785 -630.294799805 53.649093628 0.001822591 -0.001899478 -0.361315012 0.932440162
1586247768.693331 -768.040527344 -630.597229004 53.667900085 0.001225531 -0.002549437 -0.361211717 0.932479560
1586247768.726332 -768.323181152 -630.911376953 53.684104919 -0.000169516 -0.003896862 -0.361138225 0.932504177
1586247768.759332 -768.606079102 -631.225097656 53.700008392 -0.001734972 -0.004583633 -0.360844016 0.932613373
1586247768.792332 -768.887084961 -631.539916992 53.716552734 -0.003510415 -0.004635999 -0.360677779 0.932672381
1586247768.825332 -769.163940430 -631.841186523 53.736164093 -0.004905701 -0.004442273 -0.360458463 0.932751775
1586247768.858332 -769.445739746 -632.158874512 53.754508972 -0.005463213 -0.004549169 -0.360356778 0.932787478
1586247768.891332 -769.728088379 -632.476806641 53.773376465 -0.006187379 -0.004750458 -0.360088795 0.932885408
1586247768.924332 -770.009887695 -632.796875000 53.794166565 -0.006100178 -0.005121190 -0.359911233 0.932952583
1586247768.957332 -770.286010742 -633.102355957 53.816837311 -0.005915463 -0.005444705 -0.359700650 0.933033109
1586247768.990332 -770.569213867 -633.424560547 53.838249207 -0.005330175 -0.005633995 -0.359456867 0.933129489
1586247769.023332 -770.851928711 -633.747863770 53.859859467 -0.004482210 -0.005823688 -0.359177381 0.933240354
1586247769.056332 -771.135314941 -634.071411133 53.880653381 -0.003759563 -0.006041484 -0.358848095 0.933368921
1586247769.089333 -771.409179688 -634.379882812 53.902221680 -0.002786100 -0.006323270 -0.358559370 0.933481395
1586247769.122332 -771.692687988 -634.703979492 53.921806335 -0.002173513 -0.006550437 -0.358104795 0.933655977
1586247769.155333 -771.975769043 -635.028381348 53.940773010 -0.001687020 -0.006844663 -0.357598990 0.933848619
1586247769.188333 -772.258972168 -635.352539062 53.959228516 -0.001427889 -0.007156047 -0.356995046 0.934077859
1586247769.221333 -772.530090332 -635.661071777 53.978210449 -0.001261741 -0.007718780 -0.356404215 0.934299111
1586247769.254333 -772.813964844 -635.985595703 53.994453430 -0.001154333 -0.008279931 -0.355690837 0.934566319
1586247769.287333 -773.097106934 -636.311096191 54.010589600 -0.001205504 -0.008633167 -0.354913920 0.934858382
1586247769.320333 -773.368408203 -636.624267578 54.027851105 -0.001314610 -0.008997587 -0.354088962 0.935167551
1586247769.353333 -773.651245117 -636.950866699 54.043735504 -0.001410991 -0.009258798 -0.353134125 0.935525835
1586247769.386333 -773.933044434 -637.278381348 54.059516907 -0.001578748 -0.009545418 -0.352164686 0.935888052
1586247769.419333 -774.215393066 -637.606445312 54.075862885 -0.001788020 -0.009939324 -0.351151168 0.936264396
1586247769.452333 -774.479919434 -637.916748047 54.092952728 -0.002067507 -0.010560912 -0.350190073 0.936616898
1586247769.485333 -774.761291504 -638.246276855 54.109123230 -0.002459526 -0.010988716 -0.349126637 0.937007904
1586247769.518333 -775.041870117 -638.576660156 54.125923157 -0.002672344 -0.011237986 -0.348081589 0.937393069
1586247769.551333 -775.306945801 -638.893737793 54.143905640 -0.002966523 -0.011136480 -0.347018391 0.937787533
1586247769.584334 -775.585266113 -639.226562500 54.161262512 -0.003147840 -0.010731610 -0.346049637 0.938149571
1586247769.617334 -775.862548828 -639.560546875 54.179058075 -0.003285438 -0.010155387 -0.345121384 0.938497424
1586247769.650334 -776.123229980 -639.879821777 54.198375702 -0.003554016 -0.009632302 -0.344173819 0.938849807
1586247769.683334 -776.398986816 -640.215332031 54.217155457 -0.003890097 -0.008955657 -0.343260944 0.939189315
1586247769.716334 -776.675109863 -640.551696777 54.235771179 -0.004229009 -0.008394320 -0.342348903 0.939525962
1586247769.749334 -776.934448242 -640.872192383 54.255928040 -0.004701823 -0.007952549 -0.341284841 0.939914525
1586247769.782334 -777.210083008 -641.209716797 54.275241852 -0.004935145 -0.007592821 -0.340378582 0.940244913
1586247769.815334 -777.485839844 -641.548217773 54.294589996 -0.005038470 -0.007293470 -0.339531481 0.940552950
1586247769.848334 -777.761291504 -641.887695312 54.314689636 -0.005006939 -0.007165767 -0.338830531 0.940806866
1586247769.881334 -778.013977051 -642.204467773 54.335487366 -0.004752725 -0.007079592 -0.338097692 0.941072464
1586247769.914335 -778.289306641 -642.545654297 54.356380463 -0.004548311 -0.006776688 -0.337502301 0.941289365
1586247769.947334 -778.563842773 -642.887207031 54.376609802 -0.004222214 -0.006540290 -0.336958170 0.941487491
1586247769.980335 -778.819946289 -643.210083008 54.398067474 -0.003945947 -0.006236108 -0.336494595 0.941656530
1586247770.013335 -779.093688965 -643.552490234 54.418338776 -0.003590852 -0.005952746 -0.336074233 0.941809833
1586247770.046335 -779.368469238 -643.894653320 54.438079834 -0.003341288 -0.005845880 -0.335712641 0.941940427
1586247770.079335 -779.623352051 -644.216674805 54.458419800 -0.003416419 -0.005735831 -0.335351288 0.942069530
1586247770.112335 -779.898254395 -644.558959961 54.477710724 -0.003458351 -0.005709843 -0.335045218 0.942178428
1586247770.145335 -780.173034668 -644.901733398 54.496730804 -0.003531456 -0.005668752 -0.334779561 0.942272842
1586247770.178335 -780.427185059 -645.222900391 54.516742706 -0.003537119 -0.005621811 -0.334458649 0.942387044
1586247770.211335 -780.701843262 -645.565734863 54.535446167 -0.003367930 -0.005587286 -0.334265411 0.942456424
1586247770.244335 -780.976806641 -645.908996582 54.554603577 -0.003270507 -0.005504795 -0.334131211 0.942504883
1586247770.277335 -781.251037598 -646.252136230 54.573825836 -0.003166348 -0.005425024 -0.333983719 0.942557931
1586247770.310335 -781.497863770 -646.566345215 54.594085693 -0.002966076 -0.005242065 -0.333875716 0.942597866
1586247770.343335 -781.773010254 -646.909729004 54.612865448 -0.002915561 -0.005293664 -0.333858669 0.942603827
1586247770.376335 -782.047851562 -647.253417969 54.631782532 -0.002800614 -0.005281045 -0.333869576 0.942600369
1586247770.409336 -782.322387695 -647.597778320 54.650588989 -0.002529383 -0.005284717 -0.333828896 0.942615509
1586247770.442336 -782.568725586 -647.910278320 54.670211792 -0.002331942 -0.005192953 -0.333902061 0.942590594
1586247770.475336 -782.843627930 -648.254272461 54.688873291 -0.002144277 -0.005098663 -0.333893299 0.942594647
1586247770.508336 -783.118713379 -648.598815918 54.707672119 -0.002085179 -0.004938278 -0.333883196 0.942599297
1586247770.541336 -783.371459961 -648.918029785 54.727504730 -0.002145797 -0.004654237 -0.333968103 0.942570448
1586247770.574336 -783.646362305 -649.262512207 54.746208191 -0.002092898 -0.004447883 -0.333978742 0.942567825
1586247770.607336 -783.920715332 -649.606872559 54.764934540 -0.002159745 -0.004130415 -0.334003955 0.942560196
1586247770.640336 -784.195068359 -649.950866699 54.783843994 -0.002235741 -0.004026830 -0.334064037 0.942539155
1586247770.673336 -784.439331055 -650.259277344 54.803844452 -0.002246946 -0.003657278 -0.334127098 0.942518294
1586247770.706336 -784.714294434 -650.604003906 54.822677612 -0.002184778 -0.003500671 -0.334187627 0.942497611
1586247770.739336 -784.989257812 -650.948364258 54.841144562 -0.001905054 -0.003502916 -0.334220678 0.942486405
1586247770.772336 -785.240905762 -651.264892578 54.860290527 -0.001601219 -0.003345334 -0.334355086 0.942439914
1586247770.805336 -785.516174316 -651.609741211 54.878379822 -0.001290709 -0.003227215 -0.334428072 0.942414939
1586247770.838336 -785.791381836 -651.954467773 54.896980286 -0.000552952 -0.003401281 -0.334508359 0.942386508
1586247770.871337 -786.066833496 -652.298583984 54.915988922 0.000146985 -0.003466773 -0.334650725 0.942335844
1586247770.937337 -786.575927734 -652.936767578 54.953346252 0.001424134 -0.003656012 -0.334718704 0.942309976
1586247770.970337 -786.850891113 -653.280273438 54.970191956 0.001627028 -0.003810837 -0.334788859 0.942284107
1586247771.003337 -787.125915527 -653.623413086 54.986919403 0.002098054 -0.003952295 -0.334809244 0.942275345
1586247771.036337 -787.399841309 -653.965026855 55.003711700 0.002297252 -0.004149899 -0.334933192 0.942229927
1586247771.069337 -787.640258789 -654.264831543 55.020610809 0.002690285 -0.004064598 -0.334919602 0.942234159
1586247771.102337 -787.913757324 -654.606018066 55.036869049 0.002740443 -0.004093751 -0.334928483 0.942230761
1586247771.135338 -788.187011719 -654.946166992 55.053169250 0.002367169 -0.004116399 -0.334943891 0.942226171
1586247771.168337 -788.432861328 -655.252441406 55.070125580 0.002003879 -0.003947821 -0.335002393 0.942206919
1586247771.201338 -788.705078125 -655.591918945 55.086082458 0.001527190 -0.003767131 -0.335022867 0.942201257
1586247771.234338 -788.976074219 -655.930725098 55.102436066 0.000979364 -0.003644006 -0.335054815 0.942191124
1586247771.267338 -789.247741699 -656.269287109 55.119064331 0.000390440 -0.003399304 -0.335059792 0.942190707
1586247771.300338 -789.482299805 -656.561096191 55.135673523 -0.000257611 -0.002639952 -0.335017830 0.942208111
1586247771.333338 -789.752746582 -656.899841309 55.153022766 -0.000653237 -0.002523428 -0.335008740 0.942211449
1586247771.366338 -790.023498535 -657.237731934 55.171104431 -0.000957966 -0.002645690 -0.334990621 0.942217290
1586247771.399338 -790.294128418 -657.575134277 55.190692902 -0.000908017 -0.002915048 -0.334881663 0.942255259
1586247771.432338 -790.529113770 -657.864501953 55.207553864 -0.000843138 -0.002913658 -0.334699005 0.942320228
1586247771.465338 -790.800170898 -658.202209473 55.226737976 -0.000886440 -0.003179681 -0.334561616 0.942368150
1586247771.498338 -791.069763184 -658.539916992 55.246067047 -0.000609338 -0.003404601 -0.334375292 0.942433655
1586247771.531338 -791.338745117 -658.876708984 55.266395569 0.000101209 -0.003717809 -0.334087908 0.942534566
1586247771.564338 -791.570068359 -659.164672852 55.281990051 0.000803649 -0.003765763 -0.333724946 0.942662656
1586247771.597338 -791.838012695 -659.501342773 55.301002502 0.001231819 -0.004082018 -0.333519578 0.942733526
1586247771.630339 -792.105468750 -659.838073730 55.319950104 0.001550108 -0.004294635 -0.333250582 0.942827284
1586247771.663338 -792.342529297 -660.134155273 55.335384369 0.001718968 -0.003933517 -0.332818031 0.942981303
1586247771.696339 -792.607543945 -660.469177246 55.353805542 0.001869023 -0.004003328 -0.332521558 0.943085313
1586247771.729339 -792.872192383 -660.803283691 55.371520996 0.002045244 -0.004051704 -0.332221419 0.943190575
1586247771.762339 -793.135559082 -661.135498047 55.389225006 0.001841098 -0.004035986 -0.331901163 0.943303764
1586247771.795339 -793.358581543 -661.416259766 55.401653290 0.001577049 -0.003320137 -0.331660450 0.943391681
1586247771.828339 -793.620239258 -661.748168945 55.419181824 0.001123637 -0.003129220 -0.331385255 0.943489671
1586247771.861339 -793.881042480 -662.079345703 55.436462402 0.000697643 -0.003047911 -0.331156582 0.943570673
1586247771.894339 -794.139282227 -662.409484863 55.454021454 0.000516176 -0.002896275 -0.330843270 0.943681180
1586247771.927339 -794.358215332 -662.684936523 55.467098236 0.000624716 -0.002157227 -0.330569118 0.943779171
1586247771.960339 -794.616760254 -663.014343262 55.485336304 0.000509918 -0.002210554 -0.330313355 0.943868577
1586247771.993339 -794.874084473 -663.343383789 55.504230499 0.000426143 -0.002279882 -0.330023646 0.943969846
1586247772.026340 -795.129638672 -663.670776367 55.522361755 0.000546306 -0.002347599 -0.329786777 0.944052458
1586247772.059340 -795.344360352 -663.941467285 55.536163330 0.001124918 -0.001938722 -0.329543591 0.944137692
1586247772.092340 -795.599609375 -664.268798828 55.554862976 0.001723736 -0.002060296 -0.329270691 0.944231749
1586247772.125340 -795.853149414 -664.595825195 55.573848724 0.002283931 -0.002059547 -0.329013199 0.944320381
1586247772.158340 -796.105590820 -664.921508789 55.592964172 0.002563477 -0.001951994 -0.328769833 0.944404602
1586247772.191340 -796.313598633 -665.185058594 55.606212616 0.002927274 -0.001368409 -0.328341573 0.944553554
1586247772.224340 -796.564086914 -665.508728027 55.625347137 0.003269345 -0.001347726 -0.328065902 0.944648266
1586247772.257340 -796.813842773 -665.831176758 55.643619537 0.003411323 -0.001442367 -0.327797711 0.944740713
1586247772.290340 -797.062683105 -666.151245117 55.660823822 0.003171414 -0.001499403 -0.327528805 0.944834709
1586247772.323340 -797.263305664 -666.409851074 55.670051575 0.003743589 -0.000479500 -0.327205449 0.944945753
1586247772.356340 -797.508850098 -666.730712891 55.686985016 0.004003346 0.000273475 -0.326938957 0.945037007
1586247772.389340 -797.753479004 -667.051269531 55.703872681 0.004482210 0.000910465 -0.326676130 0.945125341
1586247772.422340 -797.995483398 -667.368957520 55.719505310 0.004920274 0.001324213 -0.326468140 0.945194483
1586247772.455341 -798.190246582 -667.620666504 55.729381561 0.005066693 0.002007617 -0.326188922 0.945288956
1586247772.488340 -798.433105469 -667.936035156 55.746932983 0.004909903 0.001549762 -0.325935721 0.945378006
1586247772.521341 -798.675720215 -668.249755859 55.764560699 0.005082666 0.000830628 -0.325636297 0.945481062
1586247772.554341 -798.915832520 -668.561584473 55.782550812 0.004388332 0.000645699 -0.325414121 0.945561230
1586247772.587341 -799.103637695 -668.803833008 55.790790558 0.003789663 0.001601458 -0.325136423 0.945658207
1586247772.620341 -799.341613770 -669.114868164 55.807701111 0.003388882 0.001794838 -0.324860036 0.945754409
1586247772.653341 -799.578552246 -669.425170898 55.824337006 0.002521336 0.002061753 -0.324651212 0.945828259
1586247772.686341 -799.814086914 -669.733886719 55.841209412 0.001974344 0.002278120 -0.324552089 0.945863008
1586247772.719341 -799.994384766 -669.968078613 55.848690033 0.001287103 0.003112060 -0.324397296 0.945914984
1586247772.752341 -800.230468750 -670.276123047 55.867046356 0.000733525 0.002870908 -0.324158400 0.945998192
1586247772.785341 -800.466064453 -670.584472656 55.885681152 0.000785738 0.002667713 -0.323857546 0.946101844
1586247772.818341 -800.699890137 -670.891601562 55.905357361 0.001025856 0.002279348 -0.323473334 0.946234047
1586247772.851341 -800.877990723 -671.120666504 55.913146973 0.001412719 0.002367003 -0.323161006 0.946340024
1586247772.884341 -801.112243652 -671.427062988 55.932624817 0.001731604 0.001733828 -0.322823554 0.946456015
1586247772.917342 -801.345825195 -671.732543945 55.952148438 0.001889378 0.001179343 -0.322482914 0.946572721
1586247772.950342 -801.577148438 -672.035705566 55.970340729 0.001977116 0.000674299 -0.322048426 0.946720958
1586247772.983342 -801.748535156 -672.261657715 55.976871490 0.002294451 0.000684596 -0.321615309 0.946867406
1586247773.016342 -801.978088379 -672.565124512 55.994888306 0.002469659 0.000544277 -0.321178287 0.947015405
1586247773.049342 -802.205932617 -672.868286133 56.012519836 0.002617925 0.000619656 -0.320671916 0.947186589
1586247773.082342 -802.431884766 -673.170166016 56.030269623 0.002622485 0.000716936 -0.320140779 0.947366118
1586247773.115342 -802.593444824 -673.390625000 56.035305023 0.002339065 0.001417838 -0.319546819 0.947566569
1586247773.148342 -802.816772461 -673.691162109 56.052379608 0.002343744 0.001508543 -0.318872243 0.947793663
1586247773.181342 -803.039306641 -673.990478516 56.069137573 0.002070785 0.001605514 -0.318163276 0.948032379
1586247773.214342 -803.319152832 -674.364807129 56.096298218 0.001474231 0.001042587 -0.317394197 0.948292017
1586247773.247342 -803.414794922 -674.505249023 56.091091156 0.001459032 0.002414983 -0.316483140 0.948593974
1586247773.280342 -803.633117676 -674.803100586 56.108070374 0.001006067 0.002703018 -0.315463185 0.948933482
1586247773.313343 -803.850402832 -675.100830078 56.125064850 0.000630289 0.002983350 -0.314365000 0.949297309
1586247773.346343 -804.065612793 -675.398681641 56.141860962 0.000110418 0.003255493 -0.313105196 0.949712873
1586247773.379343 -804.215026855 -675.614562988 56.147308350 -0.000384748 0.003829424 -0.311813831 0.950135469
1586247773.412343 -804.429321289 -675.913330078 56.164627075 -0.000796974 0.003885052 -0.310420454 0.950591087
1586247773.445343 -804.644042969 -676.212158203 56.182044983 -0.001085430 0.003693481 -0.308936000 0.951075077
1586247773.478343 -804.854003906 -676.510681152 56.199352264 -0.001506090 0.003581020 -0.307392925 0.951574802
1586247773.511343 -804.998657227 -676.727783203 56.205661774 -0.001484305 0.003894106 -0.305756956 0.952100515
1586247773.544343 -805.208618164 -677.028808594 56.223308563 -0.001513749 0.003919870 -0.304003507 0.952661693
1586247773.577343 -805.417907715 -677.330810547 56.240982056 -0.001389205 0.003913031 -0.302208751 0.953232765
1586247773.610343 -805.624816895 -677.633605957 56.259204865 -0.001140058 0.003970056 -0.300361365 0.953816593
1586247773.643343 -805.760437012 -677.852844238 56.265144348 -0.001140952 0.004539573 -0.298559666 0.954379559
1586247773.676343 -805.964904785 -678.156188965 56.282649994 -0.001000732 0.004600951 -0.296548307 0.955006301
1586247773.709343 -806.167785645 -678.460449219 56.300403595 -0.000968754 0.004591295 -0.294472337 0.955648541
1586247773.742343 -806.367614746 -678.764953613 56.317272186 -0.001125425 0.004702736 -0.292389929 0.956287026
1586247773.775344 -806.498474121 -678.987915039 56.322875977 -0.001141369 0.005255886 -0.290131986 0.956971586
1586247773.808344 -806.697631836 -679.294677734 56.339832306 -0.001166314 0.005356801 -0.287810028 0.957671881
1586247773.841344 -806.895324707 -679.601867676 56.356735229 -0.001339167 0.005425718 -0.285453439 0.958376288
1586247773.874344 -807.089538574 -679.909301758 56.372848511 -0.001361400 0.005390491 -0.283056110 0.959087253
1586247773.907344 -807.213684082 -680.135803223 56.377700806 -0.001239389 0.005742797 -0.280615628 0.959802270
1586247773.940344 -807.407104492 -680.445678711 56.394069672 -0.001154214 0.005530162 -0.278008610 0.960562050
1586247773.973344 -807.598876953 -680.756896973 56.410514832 -0.000971437 0.005401980 -0.275295973 0.961343884
1586247774.006344 -807.786010742 -681.069458008 56.426292419 -0.000861287 0.005339899 -0.272621870 0.962106109
1586247774.039344 -807.903320312 -681.300170898 56.431865692 -0.000388741 0.005690045 -0.269904941 0.962870121
1586247774.072344 -808.089660645 -681.615112305 56.448314667 0.000077844 0.005499143 -0.266959190 0.963692188
1586247774.105345 -808.274169922 -681.931030273 56.464603424 0.000365824 0.005357089 -0.263938218 0.964524686
1586247774.138345 -808.401367188 -682.186096191 56.472164154 0.000759989 0.005534611 -0.261059880 0.965306461
1586247774.171345 -808.581848145 -682.504150391 56.487438202 0.000921786 0.005299729 -0.257886231 0.966160357
1586247774.204345 -808.760131836 -682.822509766 56.502616882 0.001151949 0.004949288 -0.254640609 0.967022419
1586247774.237345 -808.936645508 -683.142089844 56.517517090 0.001285374 0.004656074 -0.251312554 0.967893958
1586247774.270345 -809.037841797 -683.381591797 56.523029327 0.001364112 0.004920442 -0.248061240 0.968730927
1586247774.303345 -809.209655762 -683.702819824 56.537586212 0.001338691 0.004777868 -0.244526014 0.969630122
1586247774.336345 -809.378967285 -684.025024414 56.551979065 0.001091808 0.004743791 -0.240949064 0.970525622
1586247774.369345 -809.544372559 -684.347351074 56.566837311 0.000712901 0.004776484 -0.237464339 0.971384287
1586247774.402345 -809.636291504 -684.594238281 56.572837830 0.000562847 0.005286947 -0.233931571 0.972238541
1586247774.435345 -809.798522949 -684.919616699 56.587371826 0.000098854 0.005382869 -0.230102301 0.973151565
1586247774.468345 -809.958435059 -685.246582031 56.601974487 -0.000181973 0.005555792 -0.226226240 0.974058986
1586247774.501345 -810.111572266 -685.573486328 56.615917206 -0.000786185 0.005751197 -0.222517878 0.974911392
1586247774.534345 -810.195190430 -685.826416016 56.622756958 -0.000933021 0.006330584 -0.218755573 0.975758731
1586247774.567345 -810.347717285 -686.157043457 56.637451172 -0.001129061 0.006389240 -0.214731783 0.976651549
1586247774.600346 -810.497558594 -686.489135742 56.652214050 -0.001234144 0.006449098 -0.210672960 0.977534592
1586247774.633346 -810.645385742 -686.822814941 56.667053223 -0.001257658 0.006496347 -0.206566483 0.978410244
1586247774.666346 -810.768737793 -687.152221680 56.680438995 -0.001309604 0.006522441 -0.202630028 0.979232788
1586247774.699346 -810.910522461 -687.488342285 56.695083618 -0.001097232 0.006554399 -0.198410213 0.980096579
1586247774.732346 -811.050170898 -687.826293945 56.710361481 -0.000628740 0.006568095 -0.194174320 0.980944872
1586247774.765346 -811.187072754 -688.165100098 56.725540161 -0.000167131 0.006611409 -0.189914554 0.981778383
1586247774.798346 -811.195495605 -688.364440918 56.729701996 0.000405461 0.007174226 -0.186234951 0.982478976
1586247774.831346 -811.326904297 -688.705810547 56.744132996 0.000964850 0.007223480 -0.181884050 0.983292997
1586247774.864346 -811.455139160 -689.048400879 56.758533478 0.001428932 0.007291186 -0.177555293 0.984082818
1586247774.897346 -811.581115723 -689.392578125 56.772335052 0.001986742 0.007431625 -0.173150569 0.984865308
1586247774.930346 -811.631286621 -689.668518066 56.781143188 0.002503276 0.008131544 -0.169250801 0.985536337
1586247774.963346 -811.750061035 -690.015014648 56.794261932 0.002878934 0.008506047 -0.164862424 0.986275733
1586247774.996347 -811.866149902 -690.362487793 56.806720734 0.003228635 0.008888200 -0.160441220 0.987000167
1586247775.029346 -811.979248047 -690.711303711 56.819561005 0.003483683 0.009204174 -0.156069845 0.987697005
1586247775.062347 -812.020690918 -690.991882324 56.827438354 0.003751338 0.009680834 -0.152170897 0.988299727
1586247775.095347 -812.128784180 -691.341552734 56.839565277 0.003965408 0.009704571 -0.147737071 0.988971114
1586247775.128347 -812.234069824 -691.692199707 56.851448059 0.004085064 0.009618519 -0.143279880 0.989627123
1586247775.161347 -812.336730957 -692.043640137 56.862972260 0.003909767 0.009676843 -0.138777733 0.990268588
1586247775.194347 -812.367858887 -692.330078125 56.870853424 0.003929645 0.009970426 -0.134815946 0.990812778
1586247775.227347 -812.464477539 -692.683837891 56.882118225 0.003883868 0.010163104 -0.130260468 0.991420150
1586247775.260347 -812.557006836 -693.038085938 56.893592834 0.003732622 0.010450656 -0.125761300 0.991998494
1586247775.293347 -812.647338867 -693.393676758 56.905097961 0.003618538 0.010727209 -0.121289998 0.992552519
1586247775.326347 -812.666870117 -693.685485840 56.914501190 0.003330827 0.011093153 -0.117324412 0.993026137
1586247775.359347 -812.750488281 -694.041870117 56.925384521 0.003065795 0.011224980 -0.112718776 0.993558884
1586247775.392347 -812.830444336 -694.399536133 56.936866760 0.002726674 0.011456149 -0.108123481 0.994067788
1586247775.425348 -812.903198242 -694.756958008 56.948265076 0.002412736 0.011801274 -0.103818819 0.994523287
1586247775.458348 -812.918273926 -695.055847168 56.959186554 0.002369166 0.012058682 -0.099491119 0.994962573
1586247775.491348 -812.989318848 -695.416381836 56.970687866 0.002142370 0.012260895 -0.094837599 0.995414972
1586247775.524348 -813.057373047 -695.777343750 56.982307434 0.002005905 0.012412049 -0.090216689 0.995842814
1586247775.557348 -813.122680664 -696.139831543 56.993995667 0.001949102 0.012535967 -0.085571438 0.996251285
1586247775.590348 -813.123352051 -696.444458008 57.005706787 0.002067566 0.012663580 -0.081382871 0.996600330
1586247775.623348 -813.181213379 -696.808227539 57.016563416 0.002105683 0.012650951 -0.076681264 0.996973157
1586247775.656348 -813.235839844 -697.172912598 57.028026581 0.002260566 0.012736589 -0.071988642 0.997321606
1586247775.689348 -813.288024902 -697.539123535 57.039096832 0.002546668 0.012857923 -0.067338526 0.997644126
1586247775.722348 -813.280456543 -697.852355957 57.051361084 0.003083169 0.013130480 -0.063153110 0.997912765
1586247775.755348 -813.324890137 -698.219848633 57.061687469 0.003450185 0.013178725 -0.058493964 0.998194814
1586247775.788348 -813.366333008 -698.587768555 57.072284698 0.003794372 0.013086237 -0.053851932 0.998456001
1586247775.821348 -813.405700684 -698.956542969 57.082447052 0.004100382 0.012815257 -0.049200073 0.998698354
1586247775.854349 -813.390991211 -699.276367188 57.095748901 0.004395366 0.012377009 -0.044906769 0.998904884
1586247775.887349 -813.422851562 -699.645324707 57.105342865 0.004707277 0.012020451 -0.040164560 0.999109685
1586247775.920349 -813.451965332 -700.015014648 57.114643097 0.004860580 0.011778683 -0.035455875 0.999290049
1586247775.953349 -813.476867676 -700.385131836 57.123508453 0.004991353 0.011829253 -0.030764310 0.999444187
1586247775.986349 -813.451354980 -700.712585449 57.137523651 0.005008340 0.012043254 -0.026387548 0.999566734
1586247776.019349 -813.468261719 -701.082946777 57.144886017 0.005064100 0.012242167 -0.021827243 0.999674022
1586247776.052349 -813.480468750 -701.453857422 57.152416229 0.005282760 0.012658220 -0.017318448 0.999755979
1586247776.085349 -813.490539551 -701.825927734 57.159065247 0.005227089 0.013229516 -0.012882804 0.999815881
1586247776.118349 -813.455383301 -702.163330078 57.172920227 0.005569339 0.013823820 -0.008843718 0.999849916
1586247776.151349 -813.457946777 -702.536193848 57.179363251 0.005672425 0.014369903 -0.004645415 0.999869943
1586247776.184350 -813.457275391 -702.910400391 57.186073303 0.005982875 0.014799912 -0.000580542 0.999872446
1586247776.217349 -813.450805664 -703.283996582 57.193706512 0.006309867 0.015265340 0.003282321 0.999858260
1586247776.250350 -813.411926270 -703.631591797 57.207653046 0.006837904 0.015596990 0.007201836 0.999829054
1586247776.283350 -813.402709961 -704.008178711 57.214424133 0.007398813 0.016004827 0.011043833 0.999783516
1586247776.316350 -813.390991211 -704.385437012 57.220516205 0.007811248 0.016503502 0.014819010 0.999723494
1586247776.349350 -813.372741699 -704.760864258 57.226215363 0.008143932 0.017250353 0.018387318 0.999649048
1586247776.382350 -813.325195312 -705.113769531 57.240077972 0.008569122 0.017706497 0.021966701 0.999565184
1586247776.415350 -813.304809570 -705.491088867 57.245262146 0.008814394 0.018399104 0.025422253 0.999468625
1586247776.448350 -813.281982422 -705.869018555 57.250598907 0.008974791 0.018988315 0.028762259 0.999365687
1586247776.481350 -813.256713867 -706.246826172 57.255958557 0.008857340 0.019508123 0.032001521 0.999258161
1586247776.514350 -813.198852539 -706.602416992 57.270385742 0.008854658 0.019477449 0.035060193 0.999156177
1586247776.547350 -813.169738770 -706.980163574 57.274963379 0.008553326 0.019746505 0.038142245 0.999040604
1586247776.580350 -813.138427734 -707.358215332 57.279529572 0.008255690 0.020077139 0.041134179 0.998917818
1586247776.613350 -813.083557129 -707.723144531 57.290763855 0.008340389 0.020258268 0.043978859 0.998792231
1586247776.646350 -813.048461914 -708.101013184 57.295303345 0.007909626 0.020359563 0.046695422 0.998670399
1586247776.679351 -813.010742188 -708.479492188 57.300331116 0.007249564 0.020753875 0.049308762 0.998541653
1586247776.712350 -812.971618652 -708.858764648 57.305274963 0.007647902 0.020904761 0.051764518 0.998411238
1586247776.745351 -812.906494141 -709.225463867 57.320053101 0.007511407 0.020667696 0.053962208 0.998300910
1586247776.778351 -812.863769531 -709.604980469 57.325969696 0.007001549 0.020847160 0.056127779 0.998181462
1586247776.811351 -812.819824219 -709.984863281 57.332347870 0.006279825 0.020986410 0.058072597 0.998072028
1586247776.844351 -812.772094727 -710.364440918 57.339679718 0.005726903 0.021469822 0.059704151 0.997968793
1586247776.877351 -812.704040527 -710.734863281 57.354949951 0.005136013 0.021833150 0.061246153 0.997870684
1586247776.910351 -812.655822754 -711.115478516 57.361934662 0.004335582 0.022050099 0.062742352 0.997776806
1586247776.943351 -812.605773926 -711.497375488 57.369884491 0.003990322 0.022465212 0.064050682 0.997685790
1586247776.976351 -812.555541992 -711.879760742 57.376987457 0.002874851 0.022574004 0.065166265 0.997614980
1586247777.009351 -812.483459473 -712.254211426 57.393173218 0.002322853 0.022766866 0.066251099 0.997540534
1586247777.042351 -812.430175781 -712.638549805 57.401519775 0.002561331 0.023197817 0.067313068 0.997458935
1586247777.075351 -812.376464844 -713.023986816 57.409763336 0.002646446 0.023581056 0.068290725 0.997383237
1586247777.108351 -812.321594238 -713.410766602 57.418472290 0.002976447 0.023848804 0.069098324 0.997320414
1586247777.141351 -812.250122070 -713.793457031 57.435562134 0.003511220 0.023911038 0.069675542 0.997276962
1586247777.174352 -812.194641113 -714.182739258 57.444709778 0.004183978 0.023905663 0.070281886 0.997231960
1586247777.207352 -812.137817383 -714.572265625 57.453346252 0.005140424 0.024031255 0.070814922 0.997186780
1586247777.240352 -812.080627441 -714.962646484 57.461704254 0.006026684 0.024185251 0.071283169 0.997144699
1586247777.273352 -812.010559082 -715.349609375 57.475803375 0.006694555 0.024248462 0.071600012 0.997116208
1586247777.306352 -811.951965332 -715.741088867 57.482982635 0.007405818 0.024420150 0.071901008 0.997085333
1586247777.339352 -811.892822266 -716.132934570 57.490196228 0.007738858 0.024621237 0.072233364 0.997053802
1586247777.372352 -811.833557129 -716.525024414 57.496685028 0.007993519 0.024665721 0.072535641 0.997028828
1586247777.405352 -811.765136719 -716.914123535 57.508686066 0.008193374 0.024481125 0.072773106 0.997014403
1586247777.438352 -811.705322266 -717.307617188 57.514411926 0.008026927 0.024266539 0.073113382 0.996996045
1586247777.471352 -811.644714355 -717.702026367 57.519573212 0.008100241 0.024215966 0.073482029 0.996969640
1586247777.504353 -811.583190918 -718.098388672 57.524795532 0.008262515 0.024010718 0.073781349 0.996951163
1586247777.537353 -811.518371582 -718.489685059 57.533843994 0.008624166 0.023443252 0.074147232 0.996934414
1586247777.570353 -811.457580566 -718.887268066 57.539081573 0.008748560 0.023071777 0.074534684 0.996913075
1586247777.603353 -811.396301270 -719.285522461 57.544937134 0.008963645 0.022368336 0.074866250 0.996902406
1586247777.636353 -811.335327148 -719.684143066 57.551124573 0.008925318 0.021744432 0.075267240 0.996886313
1586247777.669353 -811.269531250 -720.076660156 57.562828064 0.008532584 0.021195896 0.075601131 0.996876359
1586247777.702353 -811.206420898 -720.476806641 57.569877625 0.008154005 0.020779574 0.076001704 0.996857822
1586247777.735353 -811.142883301 -720.876647949 57.577274323 0.007847517 0.020498352 0.076352596 0.996839285
1586247777.768353 -811.077514648 -721.276916504 57.584213257 0.007217407 0.020554923 0.076695152 0.996816635
1586247777.801353 -811.011779785 -721.670043945 57.595512390 0.006066084 0.020161301 0.077006683 0.996808290
1586247777.834353 -810.946166992 -722.072509766 57.602710724 0.005806208 0.019723723 0.077353291 0.996791720
1586247777.867353 -810.879943848 -722.476013184 57.610401154 0.005403131 0.019377738 0.077766664 0.996768594
1586247777.900353 -810.812011719 -722.880371094 57.618804932 0.005451351 0.019352404 0.078095935 0.996743143
1586247777.933353 -810.744934082 -723.278564453 57.631500244 0.006585866 0.019562550 0.078535959 0.996697605
1586247777.966353 -810.675231934 -723.685729980 57.640499115 0.006846368 0.019703176 0.078868032 0.996666849
1586247777.999354 -810.604370117 -724.093505859 57.649768829 0.007506758 0.020109519 0.079232290 0.996625125
1586247778.032354 -810.532226562 -724.501525879 57.658920288 0.008414000 0.020521725 0.079484463 0.996589363
1586247778.065354 -810.465332031 -724.897766113 57.671848297 0.008727252 0.020497795 0.079973377 0.996547997
1586247778.098354 -810.392578125 -725.305786133 57.680450439 0.008808970 0.020830039 0.080321372 0.996512473
1586247778.131354 -810.319702148 -725.713195801 57.688579559 0.008253305 0.021164723 0.080737241 0.996476531
1586247778.164354 -810.245422363 -726.120971680 57.696372986 0.007851005 0.021649400 0.081129938 0.996437550
1586247778.197354 -810.177856445 -726.514770508 57.706123352 0.006890595 0.021906991 0.081655234 0.996396005
1586247778.230354 -810.103027344 -726.923156738 57.712539673 0.006306410 0.022088028 0.082071520 0.996361732
1586247778.263354 -810.028198242 -727.332641602 57.719284058 0.006050081 0.022234576 0.082423091 0.996331036
1586247778.296354 -809.952514648 -727.743347168 57.726100922 0.005841672 0.022468034 0.082828432 0.996293426
1586247778.329354 -809.885498047 -728.139709473 57.737541199 0.006004274 0.022421591 0.083355099 0.996249557
1586247778.362355 -809.808532715 -728.552978516 57.745342255 0.006363929 0.022544628 0.083661534 0.996218860
1586247778.395355 -809.731445312 -728.967041016 57.753585815 0.007214010 0.022648286 0.083998859 0.996182323
1586247778.428355 -809.653991699 -729.382934570 57.762802124 0.008223474 0.022684537 0.084335551 0.996145308
1586247778.461355 -809.588073730 -729.780273438 57.773674011 0.008768082 0.022556623 0.084766179 0.996106982
1586247778.494355 -809.510192871 -730.196228027 57.782058716 0.009398878 0.022450058 0.085102640 0.996074915
1586247778.527355 -809.431884766 -730.612426758 57.789672852 0.009777575 0.022472648 0.085534006 0.996033788
1586247778.560355 -809.352783203 -731.028808594 57.796241760 0.010231525 0.022412887 0.085902199 0.995998859
1586247778.593355 -809.287292480 -731.426757812 57.805255890 0.010662705 0.022175213 0.086392909 0.995957255
1586247778.626355 -809.208190918 -731.843627930 57.810543060 0.010837763 0.021971049 0.086710967 0.995932221
1586247778.659355 -809.128356934 -732.260986328 57.815990448 0.010837138 0.021799222 0.087000772 0.995910764
1586247778.692355 -809.048400879 -732.678466797 57.822109222 0.010547310 0.021813329 0.087384716 0.995880008
1586247778.725355 -808.980407715 -733.076354980 57.829738617 0.010443240 0.021939799 0.087752163 0.995845914
1586247778.758355 -808.898132324 -733.494812012 57.835292816 0.010220081 0.022354640 0.088012047 0.995816112
1586247778.791355 -808.822570801 -733.903137207 57.841815948 0.009985000 0.022556270 0.088169664 0.995800018
1586247778.824356 -808.739501953 -734.323120117 57.846984863 0.009890765 0.022797776 0.088298701 0.995784044
1586247778.857356 -808.656311035 -734.743957520 57.853065491 0.009773225 0.023025043 0.088289738 0.995780766
1586247778.890356 -808.584777832 -735.147705078 57.859317780 0.009628147 0.023086557 0.088465624 0.995765150
1586247778.923356 -808.500793457 -735.570251465 57.865665436 0.009604216 0.023581112 0.088417448 0.995758057
1586247778.956356 -808.416259766 -735.992858887 57.872482300 0.009650111 0.024068180 0.088267580 0.995759249
1586247778.989356 -808.331787109 -736.416015625 57.879318237 0.009548008 0.024443544 0.088047668 0.995770574
1586247779.022356 -808.265991211 -736.815979004 57.886280060 0.009631544 0.024652664 0.088088185 0.995761037
1586247779.055356 -808.182800293 -737.241088867 57.892879486 0.009741366 0.024585266 0.087845199 0.995783091
1586247779.088356 -808.099914551 -737.667175293 57.899368286 0.009695828 0.024478093 0.087611333 0.995806754
1586247779.121356 -808.017028809 -738.093994141 57.906345367 0.009637952 0.024484934 0.087419778 0.995823979
1586247779.154356 -807.953308105 -738.494995117 57.912635803 0.009746820 0.024462556 0.087275222 0.995836139
1586247779.187356 -807.870727539 -738.923400879 57.919662476 0.009827018 0.024435015 0.087060824 0.995854855
1586247779.220357 -807.797790527 -739.338867188 57.926437378 0.010252416 0.024256369 0.086977452 0.995862186
1586247779.253356 -807.715637207 -739.768310547 57.933086395 0.010557592 0.024146542 0.086723149 0.995883822
1586247779.286357 -807.643005371 -740.184509277 57.939506531 0.010929197 0.023959231 0.086555690 0.995898962
1586247779.319357 -807.565917969 -740.607543945 57.945835114 0.011327773 0.023925189 0.086421058 0.995906949
1586247779.352357 -807.484313965 -741.038330078 57.952644348 0.011595190 0.023924846 0.086182550 0.995924592
1586247779.385357 -807.411254883 -741.454040527 57.958827972 0.011876047 0.023869310 0.086077377 0.995931745
1586247779.418357 -807.330322266 -741.885131836 57.965381622 0.011916816 0.023758000 0.085837036 0.995954573
1586247779.451357 -807.249633789 -742.316223145 57.971794128 0.012046874 0.023689397 0.085543215 0.995980024
1586247779.484357 -807.169372559 -742.746337891 57.978267670 0.011966915 0.023721155 0.085358135 0.995996058
1586247779.517357 -807.103637695 -743.146850586 57.982986450 0.011812479 0.023902187 0.085318074 0.995997012
1586247779.550357 -807.022949219 -743.578369141 57.988903046 0.011698157 0.024042699 0.085098132 0.996013761
1586247779.583357 -806.941528320 -744.009521484 57.995147705 0.011343569 0.024142427 0.084840223 0.996037483
1586247779.616357 -806.861877441 -744.440856934 58.001865387 0.011079848 0.024267262 0.084633887 0.996055007
1586247779.649358 -806.796997070 -744.840698242 58.007411957 0.010923296 0.024436209 0.084526584 0.996061683
1586247779.682358 -806.716369629 -745.272216797 58.014553070 0.010741265 0.024515582 0.084233098 0.996086538
1586247779.715358 -806.636108398 -745.704956055 58.021644592 0.010824293 0.024750810 0.083955124 0.996103287
1586247779.748358 -806.556579590 -746.137817383 58.028862000 0.010949582 0.024962412 0.083729066 0.996115685
1586247779.781358 -806.492492676 -746.536926270 58.034210205 0.010862052 0.025140870 0.083522335 0.996129513
1586247779.814358 -806.412963867 -746.970397949 58.041332245 0.011261940 0.025232842 0.083139226 0.996154785
1586247779.847358 -806.342163086 -747.386474609 58.047447205 0.011712194 0.025184939 0.082829341 0.996176660
1586247779.880358 -806.263366699 -747.819763184 58.054595947 0.012212604 0.025261054 0.082398042 0.996204495
1586247779.913358 -806.184692383 -748.253662109 58.061981201 0.012703240 0.025324009 0.081987813 0.996230602
1586247779.946358 -806.107788086 -748.685791016 58.069366455 0.013145415 0.025446028 0.081628799 0.996251225
1586247779.979358 -806.044860840 -749.084167480 58.073368073 0.013513446 0.025563419 0.081266761 0.996272862
1586247780.012358 -805.968017578 -749.516479492 58.079589844 0.013629289 0.025485532 0.080813028 0.996310234
1586247780.045359 -805.891418457 -749.948486328 58.086151123 0.013841569 0.025354132 0.080395125 0.996344447
1586247780.078358 -805.817199707 -750.378906250 58.093231201 0.013790816 0.025111955 0.080038883 0.996379972
1586247780.111359 -805.755676270 -750.775024414 58.096191406 0.013633013 0.025030591 0.079642907 0.996415913
1586247780.144359 -805.681030273 -751.205810547 58.102195740 0.013547746 0.025061658 0.079255454 0.996447146
1586247780.177359 -805.605895996 -751.635437012 58.108264923 0.013229907 0.025066582 0.078890890 0.996480227
1586247780.210359 -805.530944824 -752.064331055 58.114032745 0.013013214 0.025020387 0.078518651 0.996513724
1586247780.243359 -805.471313477 -752.458740234 58.117229462 0.012803377 0.024791282 0.078216903 0.996545851
1586247780.276359 -805.398315430 -752.888366699 58.123619080 0.012802958 0.024605993 0.077800319 0.996583104
1586247780.309359 -805.324462891 -753.317565918 58.130184174 0.012938499 0.024433715 0.077441290 0.996613562
1586247780.342359 -805.261840820 -753.718750000 58.135177612 0.013051033 0.024430126 0.077134587 0.996635914
1586247780.375359 -805.188964844 -754.147399902 58.141914368 0.013497531 0.024493828 0.076775253 0.996656179
1586247780.408360 -805.116821289 -754.575744629 58.148674011 0.013693063 0.024400145 0.076448336 0.996680856
1586247780.441359 -805.045654297 -755.001831055 58.155578613 0.014125943 0.024322940 0.076204039 0.996695518
1586247780.474360 -804.985595703 -755.392395020 58.159214020 0.014594585 0.024399461 0.075940162 0.996707022
1586247780.507360 -804.914611816 -755.818237305 58.166259766 0.014831839 0.024386052 0.075763725 0.996717215
1586247780.540360 -804.842529297 -756.242980957 58.173019409 0.015363276 0.024401471 0.075659111 0.996716738
1586247780.573360 -804.780456543 -756.638183594 58.176551819 0.015408158 0.024656281 0.075668387 0.996709108
1586247780.606360 -804.709472656 -757.060791016 58.182231903 0.015482485 0.024582423 0.075595886 0.996715307
1586247780.639360 -804.638977051 -757.482482910 58.187767029 0.015516875 0.024383573 0.075598210 0.996719420
1586247780.672360 -804.577453613 -757.874877930 58.190433502 0.015458434 0.024453718 0.075716250 0.996709645
1586247780.705360 -804.507568359 -758.294677734 58.195266724 0.015493482 0.024365520 0.075769909 0.996707201
1586247780.738360 -804.436401367 -758.713745117 58.200328827 0.015768021 0.024405580 0.075840630 0.996696591
1586247780.771360 -804.366088867 -759.132690430 58.205619812 0.015543697 0.024481092 0.075890020 0.996694446
1586247780.804360 -804.305847168 -759.511962891 58.208065033 0.015648067 0.025107987 0.076053560 0.996664762
1586247780.837360 -804.234741211 -759.929016113 58.213047028 0.015542984 0.025196232 0.076050974 0.996664405
1586247780.870360 -804.164428711 -760.346008301 58.218349457 0.015555441 0.025146607 0.076161467 0.996657014
1586247780.903361 -804.096130371 -760.760864258 58.223533630 0.016026914 0.024430122 0.076199807 0.996664405
1586247780.936361 -804.039123535 -761.138183594 58.225345612 0.016057044 0.024062630 0.076319553 0.996663690
1586247780.969361 -803.971191406 -761.551940918 58.230773926 0.015188427 0.023138808 0.076365210 0.996695697
1586247781.002361 -803.901306152 -761.965698242 58.236061096 0.015270263 0.023257950 0.076481469 0.996682763
1586247781.035361 -803.830444336 -762.377990723 58.241119385 0.015037626 0.024381848 0.076597184 0.996650577
1586247781.068361 -803.769409180 -762.751037598 58.242889404 0.015519649 0.025541836 0.076718010 0.996604800
1586247781.101361 -803.700439453 -763.163391113 58.247722626 0.015823901 0.025064535 0.076575533 0.996623158
1586247781.134361 -803.631103516 -763.573303223 58.253250122 0.015377880 0.024543369 0.076641195 0.996638000
1586247781.167361 -803.564147949 -763.983642578 58.259304047 0.015242219 0.023770018 0.076717682 0.996652961
1586247781.200361 -803.507080078 -764.350646973 58.262222290 0.014609873 0.023560733 0.076896608 0.996653616
1586247781.233361 -803.439819336 -764.759582520 58.269149780 0.015323311 0.023439098 0.077144906 0.996626616
1586247781.266361 -803.370056152 -765.165466309 58.275215149 0.015006809 0.023828713 0.077245839 0.996614337
1586247781.299361 -803.306640625 -765.537292480 58.278041840 0.014089645 0.024801521 0.077292025 0.996600389
1586247781.332361 -803.237426758 -765.941284180 58.284294128 0.013587475 0.024512419 0.077414058 0.996605039
1586247781.365362 -803.169677734 -766.344543457 58.290149689 0.012538075 0.024046941 0.077609666 0.996614933
1586247781.398362 -803.100769043 -766.746337891 58.296550751 0.012618990 0.023923788 0.077838823 0.996599019
1586247781.431362 -803.041259766 -767.104919434 58.298793793 0.012661487 0.024699891 0.078060739 0.996562183
1586247781.464362 -802.971252441 -767.507507324 58.306301117 0.013146192 0.024991378 0.078289121 0.996530712
1586247781.497362 -802.901184082 -767.909179688 58.313980103 0.013228565 0.025329879 0.078611791 0.996495724
1586247781.530362 -802.839050293 -768.273315430 58.317340851 0.013373613 0.026741579 0.078907363 0.996433496
1586247781.563362 -802.769104004 -768.672973633 58.324626923 0.013548763 0.026761441 0.079150483 0.996411324
1586247781.596362 -802.699096680 -769.071960449 58.331848145 0.014119534 0.026683532 0.079438984 0.996382475
1586247781.629362 -802.639160156 -769.430541992 58.334114075 0.014226943 0.028248593 0.079742402 0.996313632
1586247781.662362 -802.569702148 -769.828247070 58.340156555 0.014687121 0.028314829 0.080044657 0.996280849
1586247781.695362 -802.500061035 -770.224609375 58.345718384 0.014788121 0.028378937 0.080353931 0.996252596
1586247781.728363 -802.429687500 -770.618835449 58.350955963 0.014876006 0.028384466 0.080715604 0.996221900
1586247781.761362 -802.373596191 -770.954833984 58.348937988 0.014963270 0.030060362 0.081027374 0.996146142
1586247781.794363 -802.303833008 -771.348205566 58.353828430 0.014837712 0.029934239 0.081435062 0.996118546
1586247781.827363 -802.240478516 -771.708374023 58.355075836 0.015177042 0.030761706 0.081843808 0.996054709
1586247781.860363 -802.170288086 -772.100036621 58.360404968 0.015434711 0.030780418 0.082340412 0.996009290
1586247781.893363 -802.099548340 -772.490051270 58.365947723 0.015453249 0.030704586 0.082866095 0.995967686
1586247781.926363 -802.029785156 -772.878417969 58.371303558 0.015767902 0.030767946 0.083530799 0.995905280
1586247781.959363 -801.972778320 -773.195495605 58.367515564 0.015432120 0.032440815 0.084178522 0.995802939
1586247781.992363 -801.901245117 -773.582031250 58.372524261 0.015478551 0.032433320 0.084801398 0.995749593
1586247782.025363 -801.829711914 -773.967529297 58.377407074 0.015496193 0.032435481 0.085499167 0.995689571
1586247782.058363 -801.769592285 -774.290832520 58.375900269 0.015366914 0.033214051 0.086263515 0.995599985
1586247782.091363 -801.697509766 -774.674011230 58.381065369 0.015556546 0.033254709 0.087023057 0.995529592
1586247782.124363 -801.625366211 -775.055908203 58.386421204 0.015573652 0.033235472 0.087829478 0.995459139
1586247782.157363 -801.542785645 -775.495239258 58.397068024 0.015678376 0.032155965 0.088694930 0.995416284
1586247782.190364 -801.495117188 -775.728515625 58.387535095 0.015585065 0.033714253 0.089452691 0.995298266
1586247782.223364 -801.422668457 -776.106506348 58.392517090 0.015510947 0.033356644 0.090411447 0.995224893
1586247782.256364 -801.348937988 -776.483215332 58.397293091 0.015697390 0.033141047 0.091498263 0.995129824
1586247782.289364 -801.285461426 -776.786132812 58.396011353 0.015408605 0.033470232 0.092706583 0.995011449
1586247782.322364 -801.210815430 -777.161071777 58.400466919 0.015535234 0.033245433 0.093966007 0.994898915
1586247782.355364 -801.135437012 -777.534484863 58.404975891 0.015596151 0.032882094 0.095274895 0.994785547
1586247782.388364 -801.069396973 -777.828918457 58.401599884 0.015835941 0.033062588 0.096547067 0.994653106
1586247782.421364 -800.990844727 -778.198913574 58.405120850 0.016975848 0.033611719 0.097985759 0.994475186
1586247782.454364 -800.911682129 -778.567260742 58.409179688 0.016992867 0.033856805 0.099561162 0.994310141
1586247782.487364 -800.843505859 -778.849182129 58.405853271 0.016700568 0.034210082 0.100967102 0.994161189
1586247782.520364 -800.762573242 -779.213012695 58.409828186 0.016198367 0.034307145 0.102689728 0.993989706
1586247782.553365 -800.681152344 -779.576049805 58.414302826 0.015954047 0.034401584 0.104345694 0.993817925
1586247782.586365 -800.612426758 -779.845886230 58.411323547 0.015716881 0.034854002 0.106027104 0.993627906
1586247782.619365 -800.529602051 -780.204895020 58.414825439 0.015726954 0.034780059 0.107811041 0.993438363
1586247782.652364 -800.446289062 -780.562133789 58.417148590 0.014830232 0.034655049 0.109564647 0.993264675
1586247782.685365 -800.361083984 -780.916931152 58.419818878 0.013922274 0.034720674 0.111449637 0.993065774
1586247782.718365 -800.294738770 -781.138366699 58.411930084 0.012504668 0.035424370 0.113147981 0.992867768
1586247782.751365 -800.207397461 -781.492187500 58.416358948 0.012143373 0.035651743 0.114916466 0.992660940
1586247782.784365 -800.118896484 -781.845825195 58.420722961 0.012734175 0.035941523 0.116698980 0.992435157
1586247782.817365 -800.045654297 -782.091064453 58.416835785 0.012891501 0.036112327 0.118383393 0.992227376
1586247782.850365 -799.955932617 -782.442749023 58.422447205 0.013469279 0.035985835 0.120250359 0.991999745
1586247782.883365 -799.865112305 -782.793457031 58.427932739 0.013748705 0.035776895 0.122091413 0.991778612
1586247782.916365 -799.789245605 -783.030578613 58.423133850 0.013442368 0.035505537 0.124030061 0.991551936
1586247782.949365 -799.697387695 -783.377563477 58.427967072 0.014096349 0.035094816 0.126093104 0.991297245
1586247782.982365 -799.604736328 -783.723144531 58.432483673 0.014526039 0.034762938 0.128338128 0.991014600
1586247783.015366 -799.527465820 -783.950622559 58.426990509 0.014488190 0.034500230 0.130720541 0.990712881
1586247783.048366 -799.432495117 -784.291870117 58.430782318 0.014455676 0.034137722 0.133291245 0.990383327
1586247783.081366 -799.336364746 -784.632141113 58.434532166 0.014210016 0.033731293 0.136018068 0.990030050
1586247783.114366 -799.257629395 -784.847717285 58.427238464 0.013873637 0.033457678 0.138756841 0.989663959
1586247783.147366 -799.158569336 -785.184326172 58.430217743 0.013964206 0.033027656 0.141689450 0.989261508
1586247783.180366 -799.058166504 -785.518981934 58.432678223 0.014049410 0.032633681 0.144745052 0.988830924
1586247783.213366 -798.975402832 -785.722778320 58.424705505 0.013862669 0.032567196 0.147734731 0.988393545
1586247783.246366 -798.871154785 -786.053833008 58.427127838 0.013725460 0.032386728 0.151052400 0.987899780
1586247783.279366 -798.764648438 -786.383544922 58.429367065 0.013822197 0.032154575 0.154469967 0.987377405
1586247783.312366 -798.678344727 -786.577270508 58.421520233 0.013865381 0.032232083 0.157907024 0.986830413
1586247783.345366 -798.567321777 -786.903442383 58.424079895 0.014314294 0.032302219 0.161519587 0.986236870
1586247783.378366 -798.453796387 -787.227478027 58.426563263 0.014874188 0.032465111 0.165207937 0.985612035
1586247783.411366 -798.313720703 -787.679748535 58.438274384 0.015309602 0.032595139 0.168980733 0.984961331
1586247783.444367 -798.254150391 -787.683166504 58.417469025 0.015442549 0.033262778 0.172646299 0.984300971
1586247783.477366 -798.135131836 -788.001403809 58.419036865 0.015757946 0.033204958 0.176654190 0.983586490
1586247783.510367 -798.014892578 -788.317993164 58.420425415 0.016104160 0.033221141 0.180793718 0.982827902
1586247783.543367 -797.918640137 -788.485229492 58.411231995 0.016360879 0.033495665 0.184864104 0.982056856
1586247783.576367 -797.793334961 -788.797363281 58.411502838 0.016549796 0.033624552 0.189223796 0.981218636
1586247783.609367 -797.667236328 -789.107727051 58.411594391 0.016769499 0.033703290 0.193683311 0.980341673
1586247783.642367 -797.567382812 -789.266235352 58.401290894 0.016656071 0.033892114 0.198030248 0.979468226
1586247783.675367 -797.436340332 -789.572814941 58.400276184 0.016819416 0.033768803 0.202710658 0.978511691
1586247783.708367 -797.303344727 -789.877563477 58.399291992 0.016819328 0.033335671 0.207443118 0.977534294
1586247783.741367 -797.168151855 -790.180114746 58.398021698 0.016481966 0.033003505 0.212242573 0.976520538
1586247783.774367 -797.074035645 -790.275817871 58.383522034 0.016030252 0.033271868 0.216908976 0.975492954
1586247783.807367 -796.932922363 -790.574462891 58.381309509 0.015656441 0.033231124 0.221999288 0.974354625
1586247783.840367 -796.788696289 -790.872314453 58.379219055 0.015565842 0.033372488 0.227162257 0.973160505
1586247783.873368 -796.677490234 -791.012023926 58.367408752 0.015710324 0.033842709 0.232019022 0.971995413
1586247783.906368 -796.527648926 -791.307434082 58.363525391 0.016172348 0.033741567 0.237298101 0.970716000
1586247783.939368 -796.374633789 -791.601074219 58.359645844 0.016831130 0.033580896 0.242568165 0.969406962
1586247783.972368 -796.217529297 -791.890563965 58.355339050 0.017476410 0.033305496 0.247767553 0.968089223
1586247784.005368 -796.115539551 -791.971130371 58.342006683 0.018056214 0.033448182 0.253027260 0.966712177
1586247784.038368 -795.955444336 -792.258972168 58.337326050 0.018613338 0.033140022 0.258577585 0.965242445
1586247784.071368 -795.792175293 -792.545166016 58.333381653 0.019196212 0.033102971 0.264157653 0.963720143
1586247784.104368 -795.622253418 -792.825256348 58.329975128 0.020163149 0.033207849 0.269643575 0.962176204
1586247784.137368 -795.514465332 -792.895568848 58.317848206 0.020805538 0.033588797 0.275105774 0.960601747
1586247784.170368 -795.342041016 -793.174255371 58.313468933 0.021369964 0.033450007 0.280955791 0.958899498
1586247784.203368 -795.167419434 -793.451110840 58.307365417 0.022275060 0.033588290 0.286847740 0.957128048
1586247784.236368 -795.037658691 -793.561889648 58.294055939 0.021003842 0.034341156 0.292616606 0.955382168
1586247784.269369 -794.856689453 -793.831237793 58.285659790 0.020738959 0.034451973 0.298673451 0.953507841
1586247784.302368 -794.673278809 -794.098388672 58.277000427 0.020625502 0.034477446 0.304728508 0.951591611
1586247784.335369 -794.483154297 -794.357360840 58.267211914 0.020043612 0.034293704 0.310584724 0.949715436
1586247784.368369 -794.369873047 -794.411926270 58.255462646 0.019664615 0.034682799 0.316435695 0.947775781
1586247784.401369 -794.178222656 -794.671142578 58.246841431 0.019231111 0.034297053 0.322446048 0.945770860
1586247784.434369 -793.983093262 -794.928161621 58.238494873 0.019005207 0.034073826 0.328404546 0.943731070
1586247784.467369 -793.785339355 -795.183105469 58.230197906 0.018883646 0.033988852 0.334304810 0.941662669
1586247784.500369 -793.662597656 -795.224975586 58.220043182 0.018615693 0.034784481 0.339785904 0.939674973
1586247784.533369 -793.458312988 -795.474609375 58.211566925 0.019043654 0.034594290 0.345677435 0.937522173
1586247784.566369 -793.251098633 -795.720764160 58.202484131 0.019058526 0.034689136 0.351489544 0.935354829
1586247784.599369 -793.035888672 -795.960937500 58.191291809 0.018977404 0.034877501 0.357112646 0.933217049
1586247784.632370 -792.912841797 -796.002624512 58.183937073 0.019072086 0.036141027 0.362672806 0.931020141
1586247784.665369 -792.695861816 -796.242065430 58.173915863 0.019352347 0.036506977 0.368430614 0.928736567
1586247784.731369 -792.253540039 -796.713317871 58.153240204 0.020488918 0.037499189 0.379834175 0.924067140
1586247784.764370 -792.120605469 -796.743774414 58.145942688 0.020291060 0.038815267 0.385161638 0.921809196
1586247784.797370 -791.892150879 -796.970581055 58.134983063 0.020805329 0.039354566 0.390952200 0.919333875
1586247784.830370 -791.661254883 -797.195251465 58.123252869 0.021211863 0.039819535 0.396745682 0.916819215
1586247784.863370 -791.428710938 -797.416931152 58.111320496 0.021635145 0.039986432 0.402579606 0.914255321
1586247784.896370 -791.291748047 -797.445739746 58.102634430 0.021663308 0.040897556 0.408069611 0.911777020
1586247784.929370 -791.054199219 -797.661193848 58.089656830 0.021973699 0.040911172 0.414018720 0.909083068
1586247784.962370 -790.813842773 -797.873535156 58.076110840 0.022120833 0.040932667 0.419946760 0.906355321
1586247784.995370 -790.571777344 -798.083679199 58.061836243 0.022202939 0.041092373 0.425911337 0.903558552
1586247785.028370 -790.428161621 -798.105957031 58.051643372 0.021805467 0.041997168 0.431444198 0.900897741
1586247785.061370 -790.180725098 -798.307556152 58.036235809 0.022058936 0.042150963 0.437407136 0.898004353
1586247785.094371 -789.931091309 -798.507019043 58.020450592 0.022344738 0.042414345 0.443347275 0.895067096
1586247785.127371 -789.678649902 -798.702819824 58.004646301 0.022766978 0.042661443 0.449258983 0.892091990
1586247785.160371 -789.524597168 -798.721862793 57.994743347 0.022574693 0.043597341 0.454661965 0.889310002
1586247785.193371 -789.267333984 -798.909790039 57.978496552 0.023025930 0.043979473 0.460509747 0.886265516
1586247785.226371 -789.007690430 -799.094848633 57.961978912 0.023379922 0.044416424 0.466397464 0.883150101
1586247785.259371 -788.745849609 -799.277221680 57.945438385 0.023684023 0.044841930 0.472239316 0.880010426
1586247785.292371 -788.582763672 -799.289672852 57.935432434 0.023525804 0.046016097 0.477552950 0.877081692
1586247785.325371 -788.317382812 -799.464294434 57.918048859 0.023862183 0.046402555 0.483359873 0.873865426
1586247785.358371 -788.049743652 -799.636047363 57.900207520 -0.024231941 -0.046807755 -0.489155531 -0.870602608
1586247785.391371 -787.779785156 -799.805236816 57.881652832 -0.024681833 -0.047219377 -0.494946301 -0.867288470
1586247785.424371 -787.606323242 -799.810424805 57.871765137 0.024477152 0.048327394 0.500311553 0.864149153
1586247785.457371 -787.333862305 -799.970092773 57.852096558 0.024708180 0.048623007 0.506129682 0.860731125
1586247785.490371 -787.059936523 -800.127441406 57.831741333 0.025016693 0.048818640 0.511940122 0.857267916
1586247785.523371 -786.783874512 -800.281127930 57.810745239 0.025170684 0.048804872 0.517720461 0.853785753
1586247785.556371 -786.599121094 -800.283569336 57.799903870 0.024998993 0.049678911 0.522914946 0.850568652
1586247785.589372 -786.320373535 -800.428588867 57.778411865 0.025486138 0.049684703 0.528616548 0.847022057
1586247785.622372 -786.039916992 -800.571105957 57.756671906 0.025822103 0.049608923 0.534254193 0.843471885
1586247785.655372 -785.761718750 -800.699584961 57.734123230 -0.026116189 -0.049646448 -0.539703906 -0.839983881
1586247785.688372 -785.559082031 -800.709350586 57.723255157 0.026012985 0.050641764 0.544849157 0.836599171
1586247785.721372 -785.274414062 -800.838806152 57.700500488 0.026213825 0.050857469 0.550349832 0.832971454
1586247785.754372 -784.986999512 -800.965270996 57.677421570 0.026604265 0.051140413 0.555684209 0.829392552
1586247785.787372 -784.699218750 -801.083801270 57.653118134 -0.026859403 -0.051402085 -0.560848951 -0.825884342
1586247785.820372 -784.485656738 -801.083496094 57.642768860 0.026652843 0.052539125 0.565726221 0.822485924
1586247785.853372 -784.193908691 -801.199218750 57.618507385 0.026815414 0.052877564 0.570848882 0.818911731
1586247785.886372 -783.900878906 -801.312133789 57.593738556 0.027028441 0.053193644 0.575889230 0.815347433
1586247785.919372 -783.609252930 -801.415405273 57.568817139 -0.027086284 -0.053374212 -0.580715120 -0.811903596
1586247785.952373 -783.382873535 -801.408081055 57.557815552 0.026887449 0.054301631 0.585255682 0.808581650
1586247785.985373 -783.086059570 -801.511108398 57.532173157 0.027170122 0.054620575 0.590163529 0.804975510
1586247786.018373 -782.787414551 -801.610107422 57.505558014 0.027328402 0.054924183 0.595058322 0.801337719
1586247786.051373 -782.536987305 -801.619628906 57.489788055 0.027053803 0.055661812 0.599520624 0.797963023
1586247786.084373 -782.236389160 -801.710327148 57.462593079 0.027173758 0.056086458 0.604313374 0.794305563
1586247786.117373 -781.934082031 -801.799438477 57.434806824 0.027298033 0.056476858 0.609064519 0.790636301
1586247786.150373 -781.633728027 -801.874389648 57.406787872 -0.027425557 -0.056792118 -0.613538742 -0.787142217
1586247786.183373 -781.383666992 -801.858886719 57.393482208 0.027521402 0.057667211 0.617875040 0.783675671
1586247786.216373 -781.078063965 -801.935791016 57.364814758 0.027875334 0.057948552 0.622426152 0.780032516
1586247786.249373 -780.770751953 -802.009765625 57.335803986 0.027980566 0.058146194 0.626910806 0.776414156
1586247786.282373 -780.464294434 -802.073303223 57.307807922 -0.027978718 -0.058517821 -0.631238699 -0.772871614
1586247786.315373 -780.201843262 -802.050109863 57.292644501 0.027915863 0.059070166 0.635492861 0.769337595
1586247786.348373 -779.891235352 -802.113769531 57.263263702 0.027725246 0.059122048 0.639902115 0.765676975
1586247786.381373 -779.578552246 -802.173400879 57.233161926 0.027631368 0.059443500 0.644218028 0.762027621
1586247786.414374 -779.267639160 -802.222045898 57.202301025 -0.027220484 -0.059693955 -0.648284912 -0.758565962
1586247786.447374 -778.991333008 -802.190917969 57.186965942 0.026842058 0.060270134 0.652213097 0.755158961
1586247786.480374 -778.675231934 -802.240417480 57.155731201 0.026795030 0.060675740 0.656311691 0.751568675
1586247786.513374 -778.357666016 -802.286254883 57.124015808 0.026631596 0.060996164 0.660345614 0.748006642
1586247786.546374 -778.042724609 -802.318725586 57.093627930 -0.026403278 -0.061467439 -0.664194286 -0.744560719
1586247786.579374 -777.752868652 -802.283264160 57.075531006 0.026124358 0.062212881 0.667905509 0.741181016
1586247786.612374 -777.432678223 -802.318176270 57.043582916 0.026092410 0.062614873 0.671757579 0.737658739
1586247786.645374 -777.111206055 -802.350280762 57.011798859 0.026125759 0.062984921 0.675513983 0.734187484
1586247786.678374 -776.790893555 -802.375427246 56.980670929 -0.026158303 -0.063273631 -0.678985834 -0.730951786
1586247786.711374 -776.489868164 -802.330566406 56.961616516 0.026112050 0.063957117 0.682406425 0.727701306
1586247786.744374 -776.165954590 -802.353881836 56.929656982 0.026002467 0.064155623 0.685917854 0.724378824
1586247786.777375 -775.841003418 -802.374633789 56.897438049 0.025857687 0.064376444 0.689369917 0.721079946
1586247786.810374 -775.518066406 -802.387329102 56.864936829 -0.025758948 -0.064719006 -0.692567050 -0.717982471
1586247786.843374 -775.206420898 -802.334899902 56.844562531 0.025606425 0.065197162 0.695758641 0.714852154
1586247786.876375 -774.879516602 -802.347351074 56.811416626 0.025675625 0.065380119 0.698948503 0.711714268
1586247786.909375 -774.551330566 -802.357177734 56.777809143 0.025743872 0.065632716 0.702046394 0.708632827
1586247786.942375 -774.227416992 -802.357238770 56.744377136 -0.025665969 -0.065746278 -0.704893410 -0.705793142
1586247786.975375 -773.904113770 -802.299255371 56.722434998 0.025625914 0.066053353 0.707672596 0.702979207
1586247787.008375 -773.574768066 -802.301208496 56.688423157 0.025543392 0.066098973 0.710502923 0.700117230
1586247787.041375 -773.245056152 -802.299621582 56.654586792 0.025438547 0.066311672 0.713217378 0.697335362
1586247787.074375 -772.916137695 -802.246704102 56.629432678 0.025331587 0.066715583 0.715704441 0.694747806
1586247787.107375 -772.585083008 -802.239807129 56.595787048 0.025178399 0.067042470 0.718305051 0.692032695
1586247787.140375 -772.253112793 -802.230895996 56.562156677 0.025051832 0.067137845 0.720794201 0.689435124
1586247787.173376 -771.924560547 -802.215209961 56.528091431 -0.024777230 -0.067115620 -0.723028243 -0.687103927
1586247787.206375 -771.584228516 -802.146179199 56.502433777 0.024798837 0.067113742 0.725261569 0.684745491
1586247787.239376 -771.251403809 -802.130981445 56.467884064 0.024899390 0.067327812 0.727487147 0.682355821
1586247787.272376 -770.917602539 -802.113464355 56.432876587 0.024812367 0.067508295 0.729628742 0.680050671
1586247787.305376 -770.582824707 -802.094116211 56.397891998 0.024618234 0.067726634 0.731696546 0.677810609
1586247787.338376 -770.236450195 -802.013671875 56.371665955 0.024343999 0.068016447 0.733449996 0.675893724
1586247787.371376 -769.900756836 -801.990173340 56.337272644 0.024089631 0.068230994 0.735355318 0.673807681
1586247787.404376 -769.556945801 -801.935607910 56.306034088 0.024103433 0.068567805 0.736971498 0.672004819
1586247787.437376 -769.220520020 -801.905883789 56.272426605 -0.023700058 -0.068860710 -0.738620043 -0.670176864
1586247787.470376 -768.873962402 -801.850891113 56.240081787 0.023572862 0.068979874 0.740120232 0.668511927
1586247787.503376 -768.535766602 -801.819274902 56.206161499 0.023336530 0.068931110 0.741641641 0.666837096
1586247787.536376 -768.197570801 -801.786437988 56.171516418 0.022976128 0.068736024 0.743103385 0.665240467
1586247787.569376 -767.857360840 -801.748840332 56.136711121 -0.022787718 -0.068670765 -0.744366109 -0.663840473
1586247787.602376 -767.497375488 -801.668395996 56.105400085 0.022898108 0.068692073 0.745554924 0.662499070
1586247787.635376 -767.155578613 -801.631958008 56.070861816 0.022855846 0.068717398 0.746794581 0.661100268
1586247787.668376 -766.812866211 -801.593627930 56.035461426 0.022892773 0.068824597 0.747967362 0.659760594
1586247787.701376 -766.469299316 -801.555358887 56.000404358 0.022876680 0.068837993 0.749023914 0.658560038
1586247787.734376 -766.103515625 -801.466735840 55.968704224 0.023068875 0.069195800 0.749840498 0.657585740
1586247787.767377 -765.758117676 -801.424438477 55.934135437 0.023233980 0.069450773 0.750824928 0.656428814
1586247787.800377 -765.411560059 -801.381652832 55.899368286 0.023404924 0.069616623 0.751741529 0.655355155
1586247787.833377 -765.064025879 -801.338256836 55.864555359 0.023684353 0.069752157 0.752651155 0.654285908
1586247787.866377 -764.693237305 -801.249267578 55.831275940 0.023895651 0.069835104 0.753298938 0.653523326
1586247787.899377 -764.344299316 -801.203552246 55.796119690 0.024111211 0.069983669 0.754149377 0.652518094
1586247787.932377 -763.994384766 -801.155883789 55.760719299 0.024192866 0.070109092 0.754963458 0.651559353
1586247787.965377 -763.642883301 -801.104675293 55.724716187 -0.024153143 -0.070094161 -0.755596101 -0.650828719
1586247787.998377 -763.270080566 -801.018981934 55.690292358 0.024187863 0.069920570 0.756332040 0.649990737
1586247788.031377 -762.917541504 -800.967529297 55.654151917 -0.023981065 -0.069743909 -0.757015347 -0.649221539
1586247788.064377 -762.554077148 -800.897888184 55.618026733 0.023817154 0.069650665 0.757691205 0.648448646
1586247788.097378 -762.200195312 -800.844299316 55.581771851 0.023589224 0.069681302 0.758313537 0.647725761
1586247788.130378 -761.834899902 -800.773803711 55.546241760 0.023438958 0.069608621 0.758829534 0.647134542
1586247788.163378 -761.478027344 -800.716735840 55.510070801 -0.023240773 -0.069551632 -0.759341359 -0.646547079
1586247788.196378 -761.111206055 -800.646728516 55.474029541 0.023035318 0.069371320 0.759821057 0.646010041
1586247788.229378 -760.752990723 -800.588073730 55.437728882 0.022761105 0.069347732 0.760274708 0.645488322
1586247788.262378 -760.393432617 -800.529479980 55.401321411 0.022498041 0.069528848 0.760706544 0.644969225
1586247788.295378 -760.033020020 -800.469543457 55.365226746 0.022304861 0.069850847 0.761079550 0.644500792
1586247788.328378 -759.651000977 -800.383972168 55.328720093 0.022136301 0.070057474 0.761321664 0.644198179
1586247788.361378 -759.287475586 -800.323120117 55.292678833 0.022245854 0.070346847 0.761599183 0.643834770
1586247788.394378 -758.923156738 -800.262329102 55.255744934 0.022260785 0.070558801 0.761835098 0.643531919
1586247788.427378 -758.557617188 -800.200500488 55.219062805 0.022310376 0.070731953 0.762036145 0.643273056
1586247788.460378 -758.172485352 -800.116455078 55.182701111 0.022290768 0.071059145 0.762089550 0.643174410
1586247788.493378 -757.804138184 -800.053527832 55.145690918 0.022333503 0.071374543 0.762214720 0.642989635
1586247788.526378 -757.435241699 -799.989746094 55.108169556 0.022312969 0.071734145 0.762274683 0.642879248
1586247788.559378 -757.065490723 -799.926574707 55.071067810 0.022091746 0.071960032 0.762291074 0.642842174
1586247788.592379 -756.678527832 -799.845153809 55.034225464 0.021805376 0.072221644 0.762134492 0.643008292
1586247788.625379 -756.306457520 -799.780761719 54.996612549 0.021530092 0.072327897 0.762006640 0.643157125
1586247788.658379 -755.933532715 -799.716369629 54.958541870 0.021275431 0.072480395 0.761812091 0.643378854
1586247788.691379 -755.559814453 -799.652526855 54.920280457 0.021047622 0.072510928 0.761567771 0.643672109
1586247788.724379 -755.182922363 -799.584960938 54.882247925 -0.020782886 -0.072404511 -0.761210322 -0.644115269
1586247788.757379 -754.798400879 -799.511230469 54.843811035 0.020633757 0.072234608 0.760916710 0.644485950
1586247788.790379 -754.420959473 -799.448120117 54.805961609 0.020562945 0.072047874 0.760650218 0.644823611
1586247788.823379 -754.042297363 -799.385253906 54.767707825 0.020533144 0.071782380 0.760414362 0.645132303
1586247788.856379 -753.662231445 -799.323059082 54.729469299 0.020792544 0.071584456 0.760141253 0.645467877
1586247788.889379 -753.278015137 -799.257019043 54.691543579 -0.021025330 -0.071393400 -0.759862840 -0.645809174
1586247788.922379 -752.876342773 -799.184448242 54.653915405 0.021216661 0.071108349 0.759694219 0.646032691
1586247788.955379 -752.491943359 -799.121215820 54.615875244 0.021407127 0.070906803 0.759561300 0.646204829
1586247788.988380 -752.106018066 -799.057678223 54.577888489 0.021672875 0.071171954 0.759424686 0.646327436
1586247789.021379 -751.719299316 -798.994812012 54.539352417 0.022450089 0.071310930 0.759256721 0.646482825
1586247789.054380 -751.321228027 -798.927307129 54.500587463 0.023099542 0.070934497 0.759057045 0.646735787
1586247789.087380 -750.932312012 -798.864318848 54.462326050 0.023595154 0.070831738 0.758905292 0.646907210
1586247789.120380 -750.542114258 -798.801086426 54.423973083 0.023986489 0.070766002 0.758729458 0.647106290
1586247789.153380 -750.151672363 -798.736328125 54.385200500 0.024004310 0.070992671 0.758606613 0.647224784
1586247789.186380 -749.758239746 -798.668029785 54.346763611 -0.023595810 -0.070975855 -0.758535326 -0.647325158
1586247789.219380 -749.359680176 -798.601257324 54.308044434 0.023042321 0.070908889 0.758472621 0.647425890
1586247789.252380 -748.966064453 -798.536621094 54.268440247 0.023409782 0.070600636 0.758312702 0.647633731
1586247789.285380 -748.571777344 -798.473999023 54.227699280 0.024002790 0.069431767 0.758172154 0.647902966
1586247789.318380 -748.177062988 -798.410705566 54.188171387 0.024510175 0.068910919 0.758076191 0.648051798
1586247789.351381 -747.777099609 -798.345275879 54.149230957 0.024482191 0.068841033 0.758087218 0.648047268
1586247789.384380 -747.380798340 -798.279052734 54.110450745 0.024066895 0.068962835 0.758112669 0.648020089
1586247789.417381 -746.984191895 -798.211730957 54.071838379 0.023536354 0.069277368 0.758048415 0.648081303
1586247789.450381 -746.586608887 -798.144042969 54.033714294 0.023061188 0.069665827 0.758008420 0.648103535
1586247789.483381 -746.184326172 -798.078002930 53.996116638 0.022756696 0.069718435 0.757947803 0.648179531
1586247789.516381 -745.784545898 -798.011779785 53.957328796 0.022980958 0.069366097 0.757931948 0.648227990
1586247789.549381 -745.385070801 -797.945617676 53.918609619 0.022999585 0.069083236 0.757936776 0.648251891
1586247789.582381 -744.983947754 -797.878173828 53.879760742 0.022686362 0.069082364 0.757979989 0.648212433
1586247789.615381 -744.581359863 -797.812500000 53.841766357 0.022429049 0.069309488 0.758009911 0.648162127
1586247789.648381 -744.177978516 -797.744018555 53.803215027 0.022341013 0.069959462 0.757962227 0.648151159
1586247789.681381 -743.773986816 -797.675537109 53.764526367 0.022229433 0.070271812 0.757890940 0.648204565
1586247789.714381 -743.369079590 -797.607116699 53.725967407 0.022375971 0.070694104 0.757770181 0.648294806
1586247789.747381 -742.961975098 -797.538024902 53.687500000 -0.022610903 -0.071173079 -0.757645845 -0.648379564
1586247789.780381 -742.559875488 -797.473999023 53.647468567 0.022575736 0.071409978 0.757623553 0.648380637
1586247789.813381 -742.153442383 -797.405090332 53.608970642 0.022488207 0.071751416 0.757547140 0.648435354
1586247789.846382 -741.745910645 -797.336608887 53.569198608 0.022357225 0.071903266 0.757487774 0.648492455
1586247789.879382 -741.338317871 -797.267822266 53.529479980 0.022244871 0.071860924 0.757457495 0.648536384
1586247789.912382 -740.934631348 -797.204345703 53.488861084 0.022281259 0.071773410 0.757449269 0.648554385
1586247789.945382 -740.525573730 -797.135437012 53.448722839 0.022252411 0.071675010 0.757406533 0.648616135
1586247789.978382 -740.115844727 -797.067382812 53.408226013 0.022043347 0.071297050 0.757416248 0.648653686
1586247790.011382 -739.705200195 -796.998535156 53.367317200 0.022110404 0.071105607 0.757406652 0.648683608
1586247790.044382 -739.301025391 -796.936584473 53.327407837 0.021965565 0.070683643 0.757512569 0.648610890
1586247790.077382 -738.888793945 -796.867431641 53.287200928 0.022020668 0.070602879 0.757488847 0.648645520
1586247790.110382 -738.474792480 -796.797851562 53.245986938 0.022201687 0.070679121 0.757460356 0.648664296
1586247790.143382 -738.060363770 -796.727905273 53.205741882 0.022189530 0.070601493 0.757411122 0.648730695
1586247790.176383 -737.643066406 -796.659484863 53.164428711 0.022323370 0.070785679 0.757353485 0.648773313
1586247790.209382 -737.226623535 -796.588378906 53.123657227 0.022326350 0.071019039 0.757335007 0.648769259
1586247790.242383 -736.809326172 -796.517150879 53.083045959 0.022335559 0.071260884 0.757278800 0.648808062
1586247790.275383 -736.391540527 -796.446289062 53.042701721 0.022369770 0.071490563 0.757214427 0.648856759
1586247790.308383 -735.994873047 -796.393249512 53.005950928 0.022397608 0.071522780 0.757145882 0.648932219
1586247790.341383 -735.575439453 -796.322265625 52.965347290 0.022285819 0.071483865 0.757081270 0.649015784
1586247790.374383 -735.156250000 -796.250488281 52.924446106 0.022261918 0.071535632 0.757021248 0.649080873
1586247790.407383 -734.736145020 -796.179382324 52.883659363 0.022074401 0.071380086 0.756997764 0.649131775
1586247790.440383 -734.328430176 -796.119445801 52.843612671 0.021669181 0.071130261 0.756960094 0.649216771
1586247790.473383 -733.906982422 -796.048278809 52.802795410 0.021329522 0.070993550 0.756971598 0.649229646
1586247790.506383 -733.485046387 -795.976440430 52.761703491 0.020896703 0.070579253 0.756985426 0.649272680
1586247790.539383 -733.062194824 -795.906005859 52.720947266 0.020934226 0.070325114 0.756970823 0.649316132
1586247790.572383 -732.638732910 -795.836120605 52.679702759 -0.020963252 -0.070062846 -0.756963491 -0.649352074
1586247790.605383 -732.230407715 -795.778503418 52.640098572 0.021486521 0.069770128 0.756917119 0.649420500
1586247790.638383 -731.804565430 -795.708129883 52.598724365 0.021711111 0.069455959 0.756996632 0.649354041
1586247790.671384 -731.378295898 -795.636779785 52.557945251 0.021795958 0.069472052 0.757112741 0.649214149
1586247790.704383 -730.950927734 -795.564331055 52.517173767 0.022079766 0.069780268 0.757193506 0.649077296
1586247790.737384 -730.537353516 -795.502624512 52.477844238 0.022182705 0.070381217 0.757295728 0.648889601
1586247790.770384 -730.108398438 -795.429931641 52.437278748 0.022666037 0.070562057 0.757361233 0.648776770
1586247790.803384 -729.679504395 -795.356811523 52.396484375 0.023008734 0.070579790 0.757480860 0.648623049
1586247790.836384 -729.250244141 -795.284606934 52.355300903 0.023361653 0.070348106 0.757581413 0.648518205
1586247790.869384 -728.837036133 -795.224182129 52.314422607 0.023317039 0.069959387 0.757740855 0.648375511
1586247790.902384 -728.407043457 -795.150207520 52.272804260 0.023263393 0.069980495 0.757845521 0.648252785
1586247790.935384 -727.976318359 -795.076171875 52.230850220 0.023248315 0.070261918 0.757963955 0.648084521
1586247790.968384 -727.545043945 -795.000671387 52.189346313 0.023121027 0.070575818 0.758007407 0.648003995
1586247791.001384 -727.131530762 -794.936950684 52.147033691 0.023184987 0.070696302 0.758132935 0.647841871
1586247791.034384 -726.698974609 -794.862609863 52.104988098 0.023028105 0.070586152 0.758250833 0.647721350
1586247791.067384 -726.265686035 -794.787536621 52.063072205 0.022938015 0.070649795 0.758368075 0.647580445
1586247791.100384 -725.831848145 -794.712402344 52.020858765 0.022997024 0.070887744 0.758509099 0.647387087
1586247791.133385 -725.418029785 -794.646789551 51.979171753 0.023182154 0.070991985 0.758631229 0.647225916
1586247791.166385 -724.983825684 -794.570861816 51.937133789 0.023149192 0.071142063 0.758774698 0.647042394
1586247791.199385 -724.549377441 -794.495300293 51.895668030 0.023215083 0.071225137 0.758909106 0.646873236
1586247791.232385 -724.114501953 -794.420166016 51.853225708 0.023044171 0.070963271 0.759075284 0.646713257
1586247791.265385 -723.700012207 -794.354370117 51.811424255 0.023003012 0.070817284 0.759264946 0.646508038
1586247791.298385 -723.264770508 -794.278198242 51.769294739 0.022912024 0.070731543 0.759415150 0.646344125
1586247791.331385 -722.828979492 -794.202209473 51.726989746 0.022822380 0.070556670 0.759554923 0.646202207
1586247791.364385 -722.393066406 -794.125122070 51.684677124 0.022799551 0.070441410 0.759680271 0.646068215
1586247791.397385 -721.978027344 -794.058288574 51.643867493 0.022803100 0.070302300 0.759803355 0.645938456
1586247791.430385 -721.541076660 -793.981201172 51.601776123 0.022789359 0.070239760 0.759937823 0.645787597
1586247791.463385 -721.103637695 -793.903930664 51.559768677 0.022879452 0.070191845 0.760064363 0.645640731
1586247791.496386 -720.665527344 -793.826110840 51.517593384 0.022956133 0.070066147 0.760152817 0.645547450
1586247791.529386 -720.248413086 -793.758911133 51.476730347 0.023140194 0.070334971 0.760223031 0.645428956
1586247791.562386 -719.810058594 -793.680358887 51.434524536 0.023310959 0.070662811 0.760306239 0.645288885
1586247791.595386 -719.371032715 -793.602050781 51.392372131 0.023496836 0.070958741 0.760401726 0.645137191
1586247791.628386 -718.932128906 -793.523742676 51.350135803 0.023711085 0.071188129 0.760506868 0.644980192
1586247791.661386 -718.513977051 -793.455139160 51.309387207 0.023741961 0.071136661 0.760683119 0.644776821
1586247791.694386 -718.075012207 -793.376892090 51.266906738 0.023903219 0.071036234 0.760793447 0.644651771
1586247791.727386 -717.635742188 -793.298583984 51.224159241 0.024142325 0.071080580 0.760899186 0.644513130
1586247791.760386 -717.196166992 -793.219726562 51.180976868 0.024129387 0.070903867 0.761001050 0.644412756
1586247791.793386 -716.778442383 -793.151000977 51.139854431 0.024148315 0.070973970 0.761127472 0.644255042
1586247791.826386 -716.338806152 -793.072021484 51.096145630 0.024131119 0.070889249 0.761206925 0.644171119
1586247791.859386 -715.899475098 -792.992797852 51.053413391 0.023864474 0.070619255 0.761319876 0.644077182
1586247791.892386 -715.459289551 -792.913635254 51.009773254 0.023821531 0.070558988 0.761415780 0.643972158
1586247791.925386 -715.020812988 -792.835083008 50.966560364 0.023753375 0.070487194 0.761489332 0.643895507
1586247791.958387 -714.579956055 -792.755187988 50.923377991 0.023740228 0.070613302 0.761527419 0.643837035
1586247791.991387 -714.138854980 -792.675048828 50.880546570 0.023749053 0.070880882 0.761559963 0.643768907
1586247792.024387 -713.697814941 -792.594299316 50.837646484 0.023539361 0.070776105 0.761605501 0.643734157
1586247792.057387 -713.296813965 -792.532531738 50.800994873 0.023359152 0.070616059 0.761634171 0.643724501
1586247792.090387 -712.855895996 -792.452209473 50.758499146 0.022956580 0.070557073 0.761666238 0.643707514
1586247792.123387 -712.414367676 -792.371032715 50.715789795 0.022627473 0.070434034 0.761658311 0.643741965
1586247792.156387 -711.972595215 -792.290527344 50.673255920 0.022496283 0.070461825 0.761611283 0.643799186
1586247792.189387 -711.551330566 -792.219726562 50.633514404 0.022389026 0.070231669 0.761612833 0.643826187
1586247792.222387 -711.108398438 -792.140075684 50.590667725 0.022234619 0.070060059 0.761606812 0.643857360
1586247792.255387 -710.665344238 -792.060180664 50.548042297 0.022142291 0.069997713 0.761591077 0.643885970
1586247792.288387 -710.221252441 -791.979003906 50.505111694 0.022002161 0.069991820 0.761571467 0.643914521
1586247792.321388 -709.777770996 -791.898559570 50.462692261 -0.022010595 -0.070268147 -0.761514425 -0.643951654
1586247792.354388 -709.357604980 -791.829345703 50.422897339 0.022073060 0.070611641 0.761395216 0.644052863
1586247792.387388 -708.911804199 -791.748168945 50.379493713 0.022358658 0.071283445 0.761346400 0.644026816
1586247792.420388 -708.465209961 -791.666625977 50.335968018 0.022682339 0.072120972 0.761263967 0.644019604
1586247792.453388 -708.018676758 -791.585693359 50.292739868 0.022877693 0.072508805 0.761186957 0.644060135
1586247792.486388 -707.592224121 -791.514953613 50.251525879 0.023053350 0.072720513 0.761128604 0.644099057
1586247792.519388 -707.145385742 -791.434448242 50.208328247 0.022677332 0.072306126 0.761084795 0.644210815
1586247792.552388 -706.697875977 -791.354003906 50.164451599 0.022813916 0.072475135 0.761003435 0.644283056
1586247792.585388 -706.250244141 -791.273437500 50.119689941 0.022849023 0.072603196 0.760907531 0.644380689
1586247792.618388 -705.824829102 -791.202453613 50.076164246 0.022495540 0.072133139 0.760949731 0.644396126
1586247792.651388 -705.377197266 -791.122253418 50.030815125 0.021755964 0.071514614 0.760936916 0.644505560
1586247792.684388 -704.927490234 -791.041809082 49.985420227 0.021242054 0.071164377 0.760851204 0.644662678
1586247792.717388 -704.476928711 -790.958923340 49.938316345 -0.021381946 -0.072809659 -0.760776222 -0.644562781
1586247792.750388 -704.045837402 -790.884643555 49.895019531 0.020846635 0.072752655 0.760718584 0.644654751
1586247792.783388 -703.591308594 -790.802734375 49.848106384 0.021480707 0.074246362 0.760634959 0.644562244
1586247792.816389 -703.136779785 -790.719909668 49.801795959 0.021451918 0.075591721 0.760510683 0.644553542
1586247792.849389 -702.684326172 -790.638671875 49.757736206 -0.021067053 -0.075490639 -0.760532439 -0.644552469
1586247792.882389 -702.230895996 -790.560546875 49.713279724 0.022993892 0.076123051 0.760296822 0.644690156
1586247792.915389 -701.776245117 -790.482543945 49.668029785 0.022908509 0.074309997 0.760333419 0.644861579
1586247792.948389 -701.324645996 -790.402893066 49.621261597 0.021507412 0.072163798 0.760271788 0.645226121
1586247792.981389 -700.871215820 -790.324462891 49.573860168 0.021376073 0.071264111 0.760207891 0.645405769
1586247793.014389 -700.454956055 -790.258789062 49.533355713 0.020451903 0.070518740 0.760190129 0.645538330
1586247793.047389 -700.001586914 -790.175781250 49.486572266 0.018128425 0.069173507 0.760090172 0.645871043
1586247793.080389 -699.544616699 -790.092712402 49.442970276 0.016460061 0.068308704 0.760034442 0.646073341
1586247793.113389 -699.084960938 -790.010131836 49.397872925 0.015447289 0.066718638 0.760063112 0.646230698
1586247793.146389 -698.641662598 -789.936706543 49.358261108 0.015619695 0.066402562 0.760046065 0.646279097
1586247793.179389 -698.176391602 -789.854614258 49.315849304 0.016723456 0.067568384 0.759972990 0.646216691
1586247793.212390 -697.708801270 -789.773071289 49.273796082 0.017310232 0.068165414 0.759996533 0.646110773
1586247793.245389 -697.239501953 -789.691223145 49.232124329 0.017484605 0.067991003 0.760059297 0.646050572
1586247793.278390 -696.787353516 -789.619079590 49.195098877 0.018357813 0.068414249 0.760068715 0.645970643
1586247793.311390 -696.315490723 -789.537048340 49.151939392 0.019388258 0.068622708 0.759946465 0.646062255
1586247793.344390 -695.843200684 -789.455688477 49.107360840 0.020716161 0.069443449 0.759804368 0.646100521
1586247793.377390 -695.370483398 -789.373168945 49.061859131 0.021521149 0.070083611 0.759691000 0.646138251
1586247793.410390 -694.916076660 -789.300598145 49.021133423 0.021661133 0.070049994 0.759682000 0.646147907
1586247793.443390 -694.442810059 -789.218017578 48.974067688 0.021632820 0.069874458 0.759597957 0.646266699
1586247793.476390 -693.968505859 -789.135620117 48.926017761 0.021665722 0.069904663 0.759487331 0.646392345
1586247793.509390 -693.494140625 -789.052062988 48.877296448 0.021627516 0.069987275 0.759425223 0.646457613
1586247793.542390 -693.036987305 -788.977416992 48.834320068 0.021640152 0.070126556 0.759462416 0.646398425
1586247793.575391 -692.561584473 -788.894042969 48.785217285 0.021445839 0.070141807 0.759411752 0.646462679
1586247793.608390 -692.084655762 -788.810363770 48.735466003 0.021275161 0.070169024 0.759374619 0.646508992
1586247793.641391 -691.608093262 -788.727233887 48.686271667 -0.020679561 -0.069415100 -0.759429574 -0.646545112
1586247793.674391 -691.145996094 -788.652160645 48.644378662 0.020840319 0.069674768 0.759371221 0.646580637
1586247793.707391 -690.666748047 -788.568908691 48.596153259 0.021050721 0.069871940 0.759297848 0.646638691
1586247793.740391 -690.187011719 -788.485229492 48.547920227 0.021511585 0.070261173 0.759225607 0.646666110
1586247793.773391 -689.706298828 -788.401977539 48.500228882 0.021829844 0.070462614 0.759187162 0.646678746
1586247793.806391 -689.241760254 -788.327758789 48.459403992 0.021890372 0.070127197 0.759219527 0.646675169
1586247793.839391 -688.760253906 -788.244018555 48.412330627 0.021905363 0.069940940 0.759199858 0.646717906
1586247793.872391 -688.278320312 -788.160827637 48.365524292 0.022508711 0.070435159 0.759179115 0.646667957
1586247793.905391 -687.796142578 -788.076354980 48.317913055 0.022406280 0.070372723 0.759199083 0.646654785
1586247793.938391 -687.330688477 -788.002075195 48.276054382 0.022732854 0.070601977 0.759258628 0.646548510
1586247793.971391 -686.848693848 -787.918212891 48.228950500 0.022646546 0.070454784 0.759256005 0.646570742
1586247794.004391 -686.366027832 -787.833496094 48.182003021 0.022434920 0.070280530 0.759317875 0.646524370
1586247794.037392 -685.882873535 -787.749389648 48.134140015 0.022501230 0.070352033 0.759329915 0.646500230
1586247794.070392 -685.414428711 -787.672363281 48.089809418 0.022751212 0.070474356 0.759309053 0.646502554
1586247794.103392 -684.930908203 -787.587768555 48.041831970 0.022715718 0.070551306 0.759325624 0.646476030
1586247794.136392 -684.446716309 -787.502502441 47.993896484 0.022688061 0.070661977 0.759356558 0.646428525
1586247794.169392 -683.962219238 -787.417114258 47.946128845 0.022616327 0.070577718 0.759431541 0.646352172
1586247794.202392 -683.491699219 -787.339477539 47.901222229 0.022437247 0.070574343 0.759536207 0.646235764
1586247794.235392 -683.006774902 -787.254333496 47.853507996 0.022390246 0.070561342 0.759586096 0.646180153
1586247794.268392 -682.521728516 -787.169616699 47.805725098 0.022381723 0.070393570 0.759722948 0.646037936
1586247794.301392 -682.036560059 -787.083618164 47.757949829 0.022183120 0.070273556 0.759860873 0.645895481
1586247794.334392 -681.552368164 -786.998352051 47.710395813 -0.021780401 -0.069910102 -0.760027766 -0.645752311
1586247794.367392 -681.081665039 -786.919311523 47.664947510 0.021620395 0.069774687 0.760190427 0.645580828
1586247794.400393 -680.595153809 -786.832885742 47.617912292 0.021321923 0.069838151 0.760340095 0.645407617
1586247794.433392 -680.108703613 -786.745971680 47.571300507 0.021112919 0.069600970 0.760481834 0.645273030
1586247794.466393 -679.620971680 -786.659118652 47.524341583 0.021096110 0.069530748 0.760598421 0.645143688
1586247794.499393 -679.134216309 -786.572631836 47.478500366 -0.021189213 -0.069567896 -0.760720074 -0.644993305
1586247794.532393 -678.659545898 -786.492553711 47.433761597 0.021093756 0.069272153 0.760950446 0.644756436
1586247794.565393 -678.170776367 -786.404174805 47.387916565 0.020974964 0.069432788 0.761063933 0.644609094
1586247794.598393 -677.681518555 -786.315795898 47.342025757 0.020729719 0.069505766 0.761181831 0.644469917
1586247794.631393 -677.192138672 -786.226562500 47.295616150 0.020623267 0.069622681 0.761295676 0.644326270
1586247794.664393 -676.712707520 -786.144165039 47.250312805 0.020531833 0.069876149 0.761472106 0.644093215
1586247794.697393 -676.221801758 -786.055297852 47.203918457 0.020543158 0.069842175 0.761588812 0.643958569
1586247794.730393 -675.730773926 -785.965515137 47.157165527 0.020710200 0.070484124 0.761702001 0.643749356
1586247794.763393 -675.239562988 -785.874511719 47.110717773 0.020210652 0.070822805 0.761836290 0.643569052
1586247794.796393 -674.758056641 -785.791015625 47.063423157 0.020441592 0.071160883 0.761906028 0.643441916
1586247794.829393 -674.264770508 -785.701660156 47.016647339 0.020621866 0.071213864 0.762007713 0.643309951
1586247794.862393 -673.771667480 -785.611755371 46.969558716 0.020948678 0.071468681 0.762079179 0.643186450
1586247794.895394 -673.277526855 -785.522033691 46.922416687 0.021388561 0.071580775 0.762178719 0.643041492
1586247794.928393 -672.783508301 -785.432800293 46.875602722 -0.021438897 -0.071478695 -0.762338340 -0.642861962
1586247794.961394 -672.305358887 -785.347900391 46.826461792 0.021308633 0.071851358 0.762421072 0.642726660
1586247794.994394 -671.811096191 -785.256958008 46.779457092 0.021236867 0.071868226 0.762550592 0.642573357
1586247795.027394 -671.316650391 -785.166442871 46.731521606 0.021093488 0.071609542 0.762714863 0.642412066
1586247795.060394 -670.821655273 -785.075256348 46.684242249 0.020953150 0.071269251 0.762847960 0.642296493
1586247795.093394 -670.339660645 -784.989379883 46.635101318 0.021174669 0.071050897 0.763023138 0.642105281
1586247795.126394 -669.842956543 -784.898376465 46.587593079 0.021336198 0.071030818 0.763171077 0.641926289
1586247795.159394 -669.346008301 -784.807495117 46.540603638 0.021514593 0.070755325 0.763347268 0.641741216
1586247795.192394 -668.848083496 -784.716674805 46.493270874 0.021779269 0.070584610 0.763499260 0.641570330
1586247795.225394 -668.336853027 -784.623413086 46.447517395 -0.021663457 -0.070290878 -0.763506711 -0.641597509
1586247795.258394 -667.871215820 -784.538146973 46.397087097 0.021900326 0.069997832 0.763696134 0.641396046
1586247795.291394 -667.372070312 -784.446350098 46.350173950 0.022328943 0.070288107 0.763759375 0.641274333
1586247795.324394 -666.872924805 -784.354064941 46.303306580 0.022626847 0.070282958 0.763828695 0.641181827
1586247795.357395 -666.373168945 -784.261474609 46.256179810 0.022559285 0.070033960 0.763933718 0.641086400
1586247795.390395 -665.889587402 -784.171997070 46.207763672 0.022637278 0.069915794 0.764157116 0.640830159
1586247795.423395 -665.389770508 -784.079101562 46.160980225 0.022623330 0.069562130 0.764303088 0.640695095
1586247795.456395 -664.889648438 -783.985473633 46.114231110 0.022509009 0.069317497 0.764422715 0.640582919
1586247795.489395 -664.401550293 -783.895141602 46.066627502 0.022534760 0.069262721 0.764608383 0.640366256
1586247795.522395 -663.900939941 -783.800659180 46.019172668 0.022571087 0.068922482 0.764759421 0.640221298
1586247795.555395 -663.399841309 -783.705749512 45.971836090 0.022122832 0.068355113 0.764920473 0.640105367
1586247795.588395 -662.900085449 -783.611022949 45.924186707 -0.021863045 -0.067990839 -0.765035272 -0.640015900
1586247795.621395 -662.413818359 -783.521728516 45.878753662 0.021836907 0.067816220 0.765227437 0.639805496
1586247795.654395 -661.911621094 -783.426269531 45.832084656 0.021767825 0.067783140 0.765311360 0.639711082
1586247795.687395 -661.408447266 -783.329833984 45.785396576 0.021920172 0.067987718 0.765385747 0.639595032
1586247795.720396 -660.916809082 -783.238952637 45.739837646 0.021797270 0.067666218 0.765489817 0.639508843
1586247795.753396 -660.412353516 -783.143371582 45.693519592 0.022066504 0.067812949 0.765543759 0.639419556
1586247795.786396 -659.907348633 -783.047058105 45.646934509 0.022339940 0.068125091 0.765595913 0.639314353
1586247795.819396 -659.402832031 -782.951171875 45.601318359 -0.022545666 -0.068484351 -0.765644968 -0.639210045
1586247795.852396 -658.914367676 -782.858825684 45.555686951 0.022641361 0.068739198 0.765731454 0.639075637
1586247795.885396 -658.409118652 -782.762390137 45.509250641 0.022556037 0.068721034 0.765798807 0.638999939
1586247795.918396 -657.903808594 -782.666259766 45.463081360 0.022842914 0.068891071 0.765836000 0.638926923
1586247795.951396 -657.398376465 -782.569824219 45.416709900 0.022760807 0.068613797 0.765924692 0.638853192
1586247795.984396 -656.910400391 -782.477966309 45.370548248 0.022750171 0.068342321 0.766135633 0.638629794
1586247796.017396 -656.405578613 -782.381225586 45.323425293 0.022748919 0.068171032 0.766206205 0.638563514
1586247796.050396 -655.900573730 -782.284057617 45.276138306 0.022422224 0.067751706 0.766282201 0.638528466
1586247796.083396 -655.395141602 -782.186401367 45.229064941 0.022168966 0.067547746 0.766326189 0.638506174
1586247796.116396 -654.906738281 -782.096130371 45.184379578 0.022032261 0.067115188 0.766391039 0.638478637
1586247796.149396 -654.400939941 -781.998779297 45.138103485 0.021511048 0.066656977 0.766391218 0.638544261
1586247796.182396 -653.894348145 -781.900756836 45.091941833 0.021420002 0.066799395 0.766371250 0.638556361
1586247796.215397 -653.387390137 -781.803039551 45.046020508 0.021027207 0.066532440 0.766342461 0.638631821
1586247796.248397 -652.898437500 -781.710998535 45.002490997 0.020999551 0.066551358 0.766311526 0.638667822
1586247796.281397 -652.389709473 -781.613159180 44.956817627 0.021316230 0.067049384 0.766248703 0.638680696
1586247796.314397 -651.881042480 -781.514343262 44.911811829 0.021100402 0.067065381 0.766200781 0.638743639
1586247796.347397 -651.372070312 -781.416015625 44.866882324 0.021089254 0.067305110 0.766147554 0.638782561
1586247796.380397 -650.883666992 -781.325683594 44.824035645 0.021280678 0.067374371 0.766064346 0.638868749
1586247796.413397 -650.374267578 -781.227844238 44.778953552 0.021155387 0.067256816 0.766012192 0.638947845
1586247796.446397 -649.864624023 -781.130859375 44.733627319 0.021488130 0.067360312 0.765928805 0.639025807
1586247796.479397 -649.354309082 -781.033325195 44.687927246 0.021440091 0.067077011 0.765869856 0.639127910
1586247796.512397 -648.866638184 -780.942260742 44.643783569 0.021315040 0.067041196 0.765898824 0.639101148
1586247796.545398 -648.355285645 -780.844116211 44.598468781 0.021379530 0.067393407 0.765811563 0.639166474
1586247796.578398 -647.844299316 -780.746337891 44.553089142 0.021200895 0.067400172 0.765779853 0.639209688
1586247796.611398 -647.332885742 -780.648437500 44.507347107 0.021273315 0.067588195 0.765735626 0.639240444
1586247796.644397 -646.845947266 -780.557983398 44.463314056 0.021237522 0.067431562 0.765695870 0.639305711
1586247796.677398 -646.333923340 -780.460693359 44.417427063 0.021222651 0.067346253 0.765652120 0.639367700
1586247796.710398 -645.821716309 -780.362365723 44.371902466 0.021350652 0.067321911 0.765609443 0.639417052
1586247796.743398 -645.309692383 -780.265197754 44.326141357 0.021409154 0.067308985 0.765567362 0.639466763
1586247796.776398 -644.823303223 -780.176147461 44.282707214 0.021350950 0.067159399 0.765509188 0.639554083
1586247796.809398 -644.310791016 -780.078979492 44.237720490 0.021043718 0.066694304 0.765469730 0.639660239
1586247796.842398 -643.797851562 -779.981811523 44.192443848 0.020970345 0.066547804 0.765401661 0.639759302
1586247796.875398 -643.284667969 -779.883972168 44.147678375 0.020794749 0.066314682 0.765353739 0.639846623
1586247796.908398 -642.798278809 -779.794128418 44.104606628 0.020546496 0.066345386 0.765353322 0.639851868
1586247796.941398 -642.284851074 -779.697021484 44.060863495 0.020593822 0.066388085 0.765260935 0.639956474
1586247796.974398 -641.770812988 -779.599609375 44.016502380 0.020410506 0.066093430 0.765226245 0.640034258
1586247797.007398 -641.257324219 -779.502319336 43.972660065 0.020076631 0.065867774 0.765217662 0.640078425
1586247797.040399 -640.743530273 -779.404968262 43.927665710 -0.020066679 -0.065983102 -0.765230000 -0.640052080
1586247797.073399 -640.261535645 -779.317565918 43.886249542 0.020008326 0.066069767 0.765226722 0.640048862
1586247797.106399 -639.746520996 -779.220031738 43.841796875 0.019945651 0.066056207 0.765148640 0.640145540
1586247797.139399 -639.231018066 -779.122680664 43.797794342 0.020013690 0.066152014 0.765040159 0.640263200
1586247797.172399 -638.715759277 -779.024963379 43.753616333 0.020105779 0.066352971 0.764917135 0.640386522
1586247797.205399 -638.227111816 -778.937133789 43.711883545 0.019824952 0.066514187 0.764783740 0.640537858
1586247797.238399 -637.711853027 -778.840270996 43.667221069 0.019783141 0.066555060 0.764630616 0.640717685
1586247797.271399 -637.196105957 -778.743103027 43.622634888 0.019636393 0.066504568 0.764476776 0.640910983
1586247797.304399 -636.680847168 -778.646545410 43.577621460 0.019543171 0.066417754 0.764331043 0.641096592
1586247797.337399 -636.192077637 -778.559204102 43.536048889 0.019549489 0.066210404 0.764286160 0.641171336
1586247797.370399 -635.675842285 -778.463439941 43.491382599 0.019729940 0.066223212 0.764142990 0.641335070
1586247797.403400 -635.159301758 -778.368041992 43.446548462 0.019696146 0.066081479 0.764014840 0.641503453
1586247797.436400 -634.643066406 -778.272583008 43.401977539 0.019576490 0.065931663 0.763889194 0.641672134
1586247797.469400 -634.154907227 -778.185363770 43.360107422 0.019416841 0.065705501 0.763917089 0.641667008
1586247797.502400 -633.638183594 -778.090209961 43.315990448 0.019424500 0.065650530 0.763792098 0.641821206
1586247797.535400 -633.121276855 -777.995056152 43.271915436 0.019607337 0.065657154 0.763656080 0.641976774
1586247797.568400 -632.604309082 -777.900573730 43.228069305 0.019521149 0.065175749 0.763577163 0.642122328
1586247797.601400 -632.087951660 -777.804931641 43.184074402 -0.019520372 -0.064974792 -0.763484657 -0.642252624
1586247797.634400 -631.605590820 -777.721801758 43.143505096 0.019274682 0.064854041 0.763459086 0.642302632
1586247797.667400 -631.087646484 -777.626220703 43.100296021 0.019031286 0.064728975 0.763323188 0.642484069
1586247797.700400 -630.569702148 -777.529785156 43.056457520 0.018759131 0.064938962 0.763189554 0.642629623
1586247797.733400 -630.051147461 -777.433410645 43.013263702 0.018521070 0.065150447 0.763073027 0.642753422
1586247797.766401 -629.562805176 -777.348510742 42.972000122 0.018503221 0.065330200 0.763047278 0.642766297
1586247797.799400 -629.043334961 -777.253417969 42.928672791 0.018523097 0.065390848 0.762950540 0.642874420
1586247797.832401 -628.524108887 -777.157958984 42.885509491 0.018561065 0.065441884 0.762861907 0.642973244
1586247797.865401 -628.004028320 -777.062377930 42.841575623 0.018625380 0.065653622 0.762762845 0.643067300
1586247797.898401 -627.515014648 -776.976989746 42.799739838 0.018748345 0.065984160 0.762752712 0.643042028
1586247797.931401 -626.994445801 -776.881958008 42.755901337 0.018850237 0.066388614 0.762636900 0.643134713
1586247797.964401 -626.473876953 -776.786743164 42.711696625 0.018898100 0.066623159 0.762573242 0.643184543
1586247797.997401 -625.952880859 -776.692382812 42.667800903 0.019026071 0.066685595 0.762550831 0.643200874
1586247798.030401 -625.465454102 -776.606201172 42.624805450 0.019109040 0.066576116 0.762579203 0.643176138
1586247798.063401 -624.944702148 -776.512207031 42.580543518 0.019311309 0.066533953 0.762556791 0.643200994
1586247798.096401 -624.423889160 -776.418273926 42.536075592 0.019421160 0.066410273 0.762574077 0.643190026
1586247798.129401 -623.903991699 -776.323242188 42.491901398 -0.019299150 -0.066278629 -0.762670517 -0.643092871
1586247798.162401 -623.416259766 -776.237243652 42.447921753 0.019358488 0.066066712 0.762821734 0.642933547
1586247798.195401 -622.895568848 -776.142456055 42.403717041 0.019262938 0.065719649 0.762906790 0.642870963
1586247798.228401 -622.374694824 -776.047607422 42.359573364 0.019242674 0.065376773 0.762970090 0.642831445
1586247798.261402 -621.854614258 -775.953186035 42.315345764 -0.019322783 -0.065065764 -0.763094544 -0.642712951
1586247798.294402 -621.366516113 -775.867370605 42.272422791 0.019361556 0.064806052 0.763228118 0.642579317
1586247798.327402 -620.844665527 -775.772094727 42.228641510 0.019515812 0.064821094 0.763302207 0.642485142
1586247798.360402 -620.323181152 -775.676147461 42.184989929 0.019439667 0.064828604 0.763363659 0.642413735
1586247798.393402 -619.801025391 -775.579833984 42.141166687 0.019237997 0.064739853 0.763434827 0.642344177
1586247798.426402 -619.313659668 -775.493041992 42.098804474 0.019386590 0.064829186 0.763477743 0.642279625
1586247798.459402 -618.790588379 -775.396667480 42.055114746 0.019420534 0.064938955 0.763540626 0.642192781
1586247798.492402 -618.267456055 -775.299926758 42.011997223 0.019457042 0.065049633 0.763590813 0.642120838
1586247798.525402 -617.771606445 -775.209350586 41.968147278 0.019481421 0.065241791 0.763632178 0.642051339
1586247798.591402 -616.725646973 -775.014709473 41.879817963 0.019425362 0.065298140 0.763729811 0.641931176
1586247798.624403 -616.202941895 -774.918579102 41.835826874 -0.019550949 -0.065550849 -0.763759017 -0.641866803
1586247798.657402 -615.713928223 -774.829895020 41.791709900 0.019711824 0.065727577 0.763854682 0.641730011
1586247798.690403 -615.190673828 -774.732482910 41.747428894 0.019630224 0.065807171 0.763914824 0.641652822
1586247798.723403 -614.666931152 -774.634277344 41.702896118 0.019697577 0.066021457 0.763940930 0.641597569
1586247798.756403 -614.143920898 -774.535339355 41.658393860 -0.019672157 -0.066008538 -0.763995826 -0.641534388
1586247798.789403 -613.655700684 -774.448364258 41.613761902 0.019583406 0.066136636 0.764078856 0.641425014
1586247798.822403 -613.132080078 -774.350097656 41.568969727 0.019690454 0.066307366 0.764120638 0.641354322
1586247798.855403 -612.608215332 -774.251586914 41.523979187 0.019583225 0.066086940 0.764184594 0.641304076
1586247798.888403 -612.111389160 -774.162292480 41.479461670 0.019573838 0.066047706 0.764245868 0.641235471
1586247798.921403 -611.587158203 -774.064575195 41.434783936 0.019609777 0.065967873 0.764317632 0.641156971
1586247798.954403 -611.063049316 -773.966369629 41.390106201 0.019597352 0.065775707 0.764360130 0.641126513
1586247798.987403 -610.538818359 -773.869384766 41.345520020 -0.019663690 -0.065831803 -0.764428616 -0.641037047
1586247799.053403 -609.535034180 -773.683593750 41.256370544 0.019239336 0.066036999 0.764545560 0.640889287
1586247799.086403 -609.009704590 -773.585388184 41.212425232 0.019228429 0.066212207 0.764576972 0.640834093
1586247799.119404 -608.484863281 -773.486206055 41.168491364 0.018962473 0.066033669 0.764645517 0.640778661
1586247799.152403 -607.988037109 -773.394409180 41.123970032 0.018807502 0.065908872 0.764733374 0.640691221
1586247799.185404 -607.462890625 -773.295227051 41.080032349 0.018789083 0.066049539 0.764778078 0.640623927
1586247799.218404 -606.937316895 -773.195495605 41.036033630 0.018309981 0.065897480 0.764831781 0.640589356
1586247799.251404 -606.412597656 -773.096130371 40.992355347 -0.018234789 -0.066126563 -0.764893055 -0.640494704
1586247799.284404 -605.924682617 -773.005615234 40.948287964 0.018029213 0.066129282 0.764955103 0.640426099
1586247799.317404 -605.398315430 -772.905700684 40.904312134 0.017826200 0.065975882 0.764989913 0.640406013
1586247799.350404 -604.871704102 -772.806701660 40.861045837 0.018001676 0.066218287 0.765031993 0.640325844
1586247799.383404 -604.346130371 -772.707092285 40.817687988 -0.017821131 -0.066177301 -0.765084505 -0.640272319
1586247799.416404 -603.857238770 -772.615783691 40.774162292 0.017938763 0.066522643 0.765178204 0.640121341
1586247799.449404 -603.330200195 -772.516357422 40.730621338 0.018036067 0.066637494 0.765205503 0.640074015
1586247799.482404 -602.802917480 -772.416931152 40.687217712 0.018204838 0.066607200 0.765274704 0.639989674
1586247799.515404 -602.304931641 -772.324035645 40.643760681 0.018528253 0.066683017 0.765301824 0.639940023
1586247799.548404 -601.777648926 -772.224914551 40.600212097 0.018514425 0.066643253 0.765360773 0.639874101
1586247799.581405 -601.250427246 -772.124511719 40.556259155 0.018729299 0.066920877 0.765402615 0.639788806
1586247799.614405 -600.722900391 -772.025146484 40.512222290 0.018749686 0.066951156 0.765457392 0.639719546
1586247799.647405 -600.235656738 -771.933715820 40.468215942 0.018843861 0.066891000 0.765576184 0.639580905
1586247799.680405 -599.709167480 -771.834228516 40.424270630 0.018981546 0.066884734 0.765639901 0.639501095
1586247799.713405 -599.182617188 -771.734741211 40.379920959 0.018800827 0.066551931 0.765741408 0.639419734
1586247799.746405 -598.656433105 -771.634155273 40.335319519 -0.018616796 -0.066373862 -0.765784562 -0.639391899
1586247799.779405 -598.168212891 -771.542114258 40.292327881 0.018752040 0.066272140 0.765860736 0.639307261
1586247799.812405 -597.641357422 -771.441894531 40.247932434 0.018828332 0.066360056 0.765877366 0.639275968
1586247799.845405 -597.113769531 -771.341247559 40.203746796 0.018911839 0.066409841 0.765901208 0.639239788
1586247799.878405 -596.616882324 -771.246582031 40.161266327 0.019064307 0.066455610 0.766026616 0.639080107
1586247799.911405 -596.089538574 -771.145629883 40.116992950 0.019045115 0.066546358 0.766074359 0.639014125
1586247799.944406 -595.562561035 -771.044555664 40.073051453 0.019011227 0.066559806 0.766144276 0.638929784
1586247799.977406 -595.036437988 -770.942932129 40.028163910 -0.019167930 -0.066829503 -0.766164660 -0.638872623
1586247800.010406 -594.548095703 -770.850646973 39.986717224 0.019374341 0.066690035 0.766222596 0.638811409
1586247800.043406 -594.021240234 -770.749267578 39.942031860 0.019413380 0.066633649 0.766284287 0.638742089
1586247800.076406 -593.494689941 -770.648071289 39.897346497 0.019525915 0.066783398 0.766338706 0.638657808
1586247800.109406 -592.967407227 -770.546264648 39.852706909 0.019428520 0.066679418 0.766404629 0.638592422
1586247800.142406 -592.480407715 -770.454284668 39.811283112 0.019564271 0.066585898 0.766492724 0.638492346
1586247800.175406 -591.953918457 -770.352050781 39.766487122 0.019667447 0.066628180 0.766522884 0.638448596
1586247800.208406 -591.427551270 -770.250244141 39.721946716 0.019516855 0.066475332 0.766568244 0.638414741
1586247800.241406 -590.902465820 -770.148132324 39.676948547 -0.019357858 -0.066621482 -0.766647518 -0.638309062
1586247800.274406 -590.414062500 -770.055541992 39.636413574 0.019501895 0.066473782 0.766679406 0.638281882
1586247800.307406 -589.888183594 -769.953002930 39.591815948 0.019515930 0.066476464 0.766677558 0.638283312
1586247800.340406 -589.361633301 -769.850830078 39.546810150 0.019362956 0.066263348 0.766694605 0.638289690
1586247800.373406 -588.835205078 -769.748168945 39.501914978 0.019378424 0.066212341 0.766676664 0.638315976
1586247800.406407 -588.347717285 -769.656555176 39.461681366 0.019272774 0.066109665 0.766702890 0.638298392
1586247800.439407 -587.821838379 -769.553222656 39.416770935 0.019201279 0.066368967 0.766602397 0.638394237
1586247800.472407 -587.295959473 -769.450073242 39.371837616 0.019095629 0.066647828 0.766475081 0.638521314
1586247800.505407 -586.769592285 -769.346984863 39.326942444 0.018745214 0.066559516 0.766354442 0.638685644
1586247800.538407 -586.280456543 -769.256958008 39.286880493 0.019124061 0.067152843 0.766158998 0.638846755
1586247800.571407 -585.754028320 -769.154846191 39.241615295 0.018924117 0.067167260 0.765985429 0.639059305
1586247800.604407 -585.228027344 -769.052490234 39.196598053 0.018749056 0.067326821 0.765795231 0.639275491
1586247800.637407 -584.702941895 -768.951599121 39.151794434 -0.018719345 -0.067389868 -0.765594065 -0.639510751
1586247800.670407 -584.212890625 -768.862121582 39.112678528 0.018587023 0.067363068 0.765386105 0.639766216
1586247800.703407 -583.687561035 -768.761230469 39.067901611 -0.018639147 -0.067697048 -0.765150070 -0.640011728
1586247800.736407 -583.180053711 -768.665649414 39.025291443 0.017940134 0.067585737 0.765036464 0.640179276
1586247800.769408 -582.655090332 -768.565612793 38.978965759 0.017661542 0.067261040 0.764860868 0.640431046
1586247800.802408 -582.129333496 -768.466491699 38.934116364 0.017428517 0.066745996 0.764693499 0.640691161
1586247800.835408 -581.603149414 -768.367248535 38.889183044 0.017508835 0.066683508 0.764519930 0.640902638
1586247800.868407 -581.110900879 -768.280456543 38.850662231 0.017952055 0.066797949 0.764281094 0.641163170
1586247800.934408 -580.058593750 -768.082153320 38.761699677 0.018302143 0.067578718 0.763903916 0.641520917
1586247800.967408 -579.503723145 -767.973693848 38.711284637 -0.018249989 -0.067274749 -0.763870597 -0.641593993
1586247801.000408 -579.037719727 -767.897888184 38.678894043 0.018518001 0.067051396 0.763736129 0.641769648
1586247801.033408 -578.512268066 -767.801025391 38.633956909 0.018860728 0.066819564 0.763685107 0.641844630
1586247801.066408 -577.986389160 -767.703796387 38.588661194 0.019054653 0.066655308 0.763684094 0.641857207
1586247801.099408 -577.461914062 -767.607666016 38.543502808 -0.019187838 -0.066533580 -0.763650954 -0.641905308
1586247801.132408 -576.966613770 -767.520568848 38.505138397 0.019264758 0.066319205 0.763638794 0.641939640
1586247801.165408 -576.441162109 -767.424133301 38.459903717 0.019321322 0.066098012 0.763653874 0.641942859
1586247801.198408 -575.915832520 -767.326538086 38.414669037 0.019367427 0.065926626 0.763677418 0.641931057
1586247801.231408 -575.390319824 -767.228576660 38.369476318 0.019541681 0.066006526 0.763725996 0.641859770
1586247801.264409 -574.895385742 -767.140930176 38.330684662 0.019619467 0.066117659 0.763759077 0.641806602
1586247801.297409 -574.369995117 -767.042968750 38.285438538 0.019683510 0.066381127 0.763759255 0.641777277
1586247801.330409 -573.844665527 -766.944396973 38.239860535 0.019856572 0.066559896 0.763786435 0.641720951
1586247801.363409 -573.319946289 -766.846679688 38.194229126 -0.020131230 -0.066733561 -0.763880849 -0.641582012
1586247801.396409 -572.824523926 -766.758544922 38.155456543 0.020266920 0.067070402 0.763913751 0.641503394
1586247801.429409 -572.299499512 -766.660034180 38.109748840 0.020440876 0.067374006 0.763938844 0.641436219
1586247801.462409 -571.775146484 -766.561645508 38.064094543 0.020582050 0.067578293 0.763975978 0.641365945
1586247801.495409 -571.252502441 -766.463928223 38.018478394 -0.020666778 -0.067650653 -0.764032900 -0.641287863
1586247801.528409 -570.759582520 -766.375549316 37.979354858 0.020635607 0.067582637 0.764137208 0.641171753
1586247801.561409 -570.236938477 -766.277099609 37.933628082 0.020511331 0.067475744 0.764233887 0.641071737
1586247801.594409 -569.715026855 -766.178405762 37.887878418 0.020335287 0.067321256 0.764334738 0.640973270
1586247801.627409 -569.194702148 -766.080566406 37.841476440 -0.020286443 -0.067179367 -0.764398277 -0.640914023
1586247801.660410 -568.704284668 -765.992431641 37.802749634 0.020282894 0.066921517 0.764467716 0.640858233
1586247801.693409 -568.183166504 -765.894531250 37.756820679 0.020148577 0.066670939 0.764561474 0.640776753
1586247801.726410 -567.662475586 -765.796325684 37.711402893 0.020183265 0.066556618 0.764665365 0.640663624
1586247801.891410 -565.121643066 -765.322082520 37.500221252 0.020267338 0.066444583 0.764929593 0.640357018
1586247801.924410 -564.603759766 -765.223266602 37.455284119 0.020168692 0.066529706 0.764981270 0.640289605
1586247801.957410 -564.085998535 -765.123779297 37.410430908 0.020057706 0.066751413 0.765019655 0.640224040
1586247801.990410 -563.594482422 -765.033630371 37.372306824 0.020008922 0.066915445 0.765067816 0.640151024
1586247802.023410 -563.077880859 -764.934570312 37.327621460 0.020166753 0.067240618 0.765052199 0.640130579
1586247802.056410 -562.561828613 -764.835876465 37.283092499 0.020290462 0.067158379 0.765042424 0.640146971
1586247802.089411 -562.046569824 -764.738769531 37.238128662 -0.020563543 -0.067220733 -0.765014291 -0.640165448
1586247802.122411 -561.566894531 -764.653198242 37.201805115 0.020440519 0.067053854 0.765044689 0.640150428
1586247802.155411 -561.053100586 -764.555114746 37.157119751 0.020431193 0.067257956 0.765005767 0.640175939
1586247802.188411 -560.539672852 -764.456237793 37.111785889 0.020314336 0.067377701 0.765003026 0.640170336
1586247802.221411 -560.028869629 -764.356689453 37.065719604 -0.020181268 -0.067223608 -0.765006125 -0.640187025
1586247802.254411 -559.552307129 -764.274658203 37.031093597 0.019934803 0.067106694 0.765090704 0.640105963
1586247802.287411 -559.040771484 -764.176513672 36.985885620 0.019756196 0.066891544 0.765100241 0.640122533
1586247802.320411 -558.529846191 -764.077575684 36.940330505 0.019763857 0.066939466 0.765034199 0.640196264
1586247802.353411 -558.019897461 -763.981079102 36.895702362 -0.019909561 -0.067104653 -0.764967859 -0.640253782
1586247802.386411 -557.547607422 -763.899963379 36.860679626 0.019758016 0.066896632 0.764902711 0.640358031
1586247802.419411 -557.037597656 -763.802612305 36.815994263 0.019977927 0.067034438 0.764777362 0.640486479
1586247802.452411 -556.528381348 -763.705261230 36.771472931 0.019726424 0.066844389 0.764684439 0.640625000
1586247802.485412 -556.020141602 -763.607604980 36.727798462 -0.019599110 -0.067025386 -0.764573514 -0.640742481
1586247802.518412 -555.552673340 -763.528503418 36.692840576 0.019655615 0.067031845 0.764515400 0.640809298
1586247802.551412 -555.044433594 -763.432006836 36.648204803 0.019722015 0.067082085 0.764408171 0.640930057
1586247802.584412 -554.537170410 -763.335876465 36.604099274 0.019697398 0.066933997 0.764297247 0.641078591
1586247802.617412 -554.031677246 -763.239807129 36.559524536 -0.019613653 -0.066886373 -0.764206886 -0.641193748
1586247802.650412 -553.568115234 -763.162353516 36.525318146 0.019596010 0.066689335 0.764123023 0.641314745
1586247802.683412 -553.062683105 -763.067199707 36.481349945 0.019560635 0.066595592 0.763998747 0.641473651
1586247802.716412 -552.556945801 -762.971618652 36.437019348 0.019762754 0.066657990 0.763883471 0.641598225
1586247802.749412 -552.052551270 -762.876953125 36.393821716 -0.019764928 -0.066375859 -0.763808012 -0.641717136
1586247802.782412 -551.593933105 -762.801086426 36.359077454 0.019828647 0.066107243 0.763764143 0.641795158
1586247802.815412 -551.090087891 -762.706359863 36.315811157 0.019709080 0.066162206 0.763648629 0.641930699
1586247802.848413 -550.586547852 -762.610595703 36.271804810 0.019558279 0.066368893 0.763522625 0.642063677
1586247802.881412 -550.083740234 -762.516723633 36.229759216 -0.019430190 -0.066483088 -0.763448656 -0.642143846
1586247802.914412 -549.629882812 -762.441650391 36.193962097 0.019437611 0.066537313 0.763331115 0.642277658
1586247802.947412 -549.127380371 -762.347839355 36.150909424 0.019514263 0.066425078 0.763220787 0.642418146
1586247802.980413 -548.624938965 -762.254028320 36.107902527 0.019780308 0.066644274 0.763105392 0.642524302
1586247803.013413 -548.122741699 -762.160095215 36.065101624 0.020024061 0.067038588 0.762986183 0.642617345
1586247803.046413 -547.674194336 -762.087097168 36.029670715 0.020090580 0.067092538 0.762901306 0.642710388
1586247803.079413 -547.173278809 -761.993713379 35.987358093 0.020348696 0.067368172 0.762757301 0.642844260
1586247803.112413 -546.672912598 -761.901123047 35.944816589 0.020489454 0.067507081 0.762622058 0.642985761
1586247803.145413 -546.172912598 -761.807861328 35.902149200 0.020593822 0.067664891 0.762494624 0.643116951
1586247803.178413 -545.730529785 -761.736145020 35.865211487 0.020663232 0.067793265 0.762448013 0.643156409
1586247803.211413 -545.232604980 -761.643493652 35.822372437 0.020371020 0.067740113 0.762356937 0.643279314
1586247803.244413 -544.734680176 -761.551208496 35.779563904 0.020253420 0.067715533 0.762257516 0.643403471
1586247803.277413 -544.238647461 -761.461791992 35.737506866 -0.019970177 -0.067355596 -0.762238801 -0.643472195
1586247803.310413 -543.802673340 -761.389770508 35.699638367 0.019825818 0.067210749 0.762150347 0.643596590
1586247803.343414 -543.306762695 -761.298706055 35.657497406 0.019651413 0.067106538 0.762100518 0.643671751
1586247803.376414 -542.811584473 -761.208251953 35.615463257 0.019479573 0.067048252 0.762041450 0.643753052
1586247803.409414 -542.317565918 -761.118408203 35.573348999 -0.019254625 -0.066848956 -0.761995435 -0.643834949
1586247803.442414 -541.888427734 -761.048339844 35.536705017 0.019451767 0.066675223 0.761939883 0.643912792
1586247803.475414 -541.394042969 -760.958923340 35.495101929 0.019307673 0.066448882 0.761905849 0.643980861
1586247803.508414 -540.900024414 -760.869262695 35.453590393 0.019514710 0.066474587 0.761844635 0.644044340
1586247803.541414 -540.407775879 -760.781127930 35.413398743 -0.019579053 -0.066520482 -0.761811137 -0.644077361
1586247803.574414 -539.987243652 -760.711669922 35.377105713 0.019682735 0.066597253 0.761743546 0.644146085
1586247803.607414 -539.495056152 -760.622375488 35.336460114 0.019628942 0.066720717 0.761701584 0.644184589
1586247803.640414 -539.003479004 -760.533447266 35.295753479 0.019570470 0.066553421 0.761681318 0.644227624
1586247803.673414 -538.513305664 -760.446655273 35.254802704 -0.019614099 -0.066293247 -0.761654019 -0.644285381
1586247803.706414 -538.104309082 -760.379333496 35.220058441 0.019790351 0.066138074 0.761595070 0.644365609
1586247803.739414 -537.614685059 -760.291564941 35.179496765 0.019617319 0.065951571 0.761578321 0.644409895
1586247803.772414 -537.125976562 -760.202636719 35.138946533 0.019151153 0.065745667 0.761563838 0.644462049
1586247803.805415 -536.556518555 -760.092895508 35.094402313 -0.019106209 -0.065832950 -0.761533380 -0.644490421
1586247803.838415 -536.242431641 -760.050354004 35.064258575 0.019343259 0.065226980 0.761534274 0.644544005
1586247803.871415 -535.755065918 -759.962219238 35.024581909 0.019305974 0.065150365 0.761462212 0.644637942
1586247803.904415 -535.267700195 -759.874084473 34.985172272 0.019374341 0.065282620 0.761404991 0.644690096
1586247803.937415 -534.781799316 -759.785644531 34.946006775 0.019478917 0.065652207 0.761320412 0.644749284
1586247803.970415 -534.404785156 -759.724548340 34.913429260 0.019701183 0.065752044 0.761326730 0.644724846
1586247804.003415 -533.920715332 -759.636596680 34.875499725 0.019874930 0.066314384 0.761204064 0.644806862
1586247804.036415 -533.438598633 -759.549560547 34.837081909 0.020033687 0.066369914 0.761165261 0.644842029
1586247804.069415 -532.958129883 -759.463073730 34.798866272 -0.020242870 -0.066409819 -0.761125088 -0.644878745
1586247804.102415 -532.602050781 -759.405578613 34.767452240 0.020474792 0.066261150 0.761070728 0.644950867
1586247804.135415 -532.123840332 -759.319213867 34.729507446 0.020601422 0.066545792 0.760997772 0.645003676
1586247804.168416 -531.647949219 -759.233398438 34.692050934 0.020707905 0.066700853 0.760936320 0.645056725
1586247804.201416 -531.173095703 -759.148315430 34.654552460 0.020998508 0.066967629 0.760870278 0.645097613
1586247804.234416 -530.839233398 -759.094787598 34.624576569 0.021482022 0.066786498 0.760847986 0.645126760
1586247804.267416 -530.368347168 -759.009765625 34.587429047 0.021760644 0.067055278 0.760783374 0.645165741
1586247804.300416 -529.899108887 -758.925048828 34.550342560 0.022055507 0.067337826 0.760747671 0.645168304
1586247804.333416 -529.431457520 -758.841003418 34.512947083 0.022308530 0.067611314 0.760706723 0.645179331
1586247804.366416 -529.121215820 -758.791442871 34.485153198 0.022908034 0.067340232 0.760652006 0.645251215
1586247804.399416 -528.658142090 -758.708618164 34.448295593 0.023142280 0.067448691 0.760623157 0.645265520
1586247804.432416 -528.196533203 -758.626342773 34.411361694 0.023466915 0.067492433 0.760602117 0.645274043
1586247804.465416 -527.737060547 -758.544189453 34.374114990 0.023572505 0.067397803 0.760600328 0.645282209
1586247804.498416 -527.449584961 -758.496826172 34.346771240 0.023975044 0.067160703 0.760535240 0.645368695
1586247804.531416 -526.994079590 -758.415405273 34.310043335 0.023933411 0.067221545 0.760533214 0.645366430
1586247804.564416 -526.541198730 -758.334045410 34.273864746 0.023916632 0.067074299 0.760520101 0.645397782
1586247804.597416 -526.225341797 -758.280273438 34.244972229 0.024134815 0.066804811 0.760483563 0.645460606
1586247804.630417 -525.776367188 -758.200317383 34.208808899 0.024160445 0.066645220 0.760460079 0.645503879
1586247804.663417 -525.329040527 -758.119628906 34.172836304 0.024315238 0.066714376 0.760417044 0.645541608
1586247804.696417 -524.883544922 -758.039978027 34.137199402 0.024268121 0.066775218 0.760410786 0.645544469
1586247804.729417 -524.631286621 -757.997375488 34.112533569 0.024181783 0.066334955 0.760399461 0.645606399
1586247804.762417 -524.189697266 -757.919311523 34.076606750 0.024301887 0.066015020 0.760361791 0.645679116
1586247804.795417 -523.749450684 -757.841674805 34.040435791 0.025448348 0.066309385 0.760210812 0.645782411
1586247804.828417 -523.311157227 -757.762817383 34.004272461 0.025418073 0.066641182 0.760222912 0.645735383
1586247804.861417 -523.074584961 -757.723388672 33.980602264 0.026435643 0.067377262 0.760068417 0.645799816
1586247804.894417 -522.640930176 -757.646972656 33.945316315 0.026901990 0.067159675 0.760059416 0.645813942
1586247804.927417 -522.209289551 -757.570434570 33.910484314 0.027090549 0.066765442 0.759988785 0.645929992
1586247804.960417 -521.781005859 -757.491699219 33.876525879 0.027173549 0.067585513 0.759986758 0.645843625
1586247804.993418 -521.563293457 -757.456909180 33.855850220 0.027182549 0.067740574 0.759930849 0.645892799
1586247805.026417 -521.140686035 -757.381164551 33.822498322 0.027083546 0.067647956 0.759924591 0.645914078
1586247805.059417 -520.721618652 -757.306335449 33.787597656 0.026036024 0.066437848 0.760086060 0.645892739
1586247805.092417 -520.304809570 -757.230346680 33.753570557 0.024824051 0.065308690 0.760116160 0.646020174
1586247805.125418 -520.110839844 -757.197937012 33.732780457 0.023853391 0.064636081 0.760307968 0.645898581
1586247805.158418 -519.698913574 -757.123657227 33.699821472 0.023423314 0.064108483 0.760336041 0.645933926
1586247805.191418 -519.288330078 -757.050292969 33.668498993 0.022698581 0.063345224 0.760454535 0.645895600
1586247805.224418 -518.878234863 -756.975463867 33.638099670 0.022747338 0.063951686 0.760373116 0.645930052
1586247805.257418 -518.698120117 -756.946105957 33.622726440 0.022348374 0.063854299 0.760354280 0.645975769
1586247805.290418 -518.291870117 -756.872375488 33.593284607 0.022499055 0.064218320 0.760265052 0.646039426
1586247805.323418 -517.886718750 -756.799499512 33.564002991 0.023244679 0.065285765 0.760185301 0.645999908
1586247805.356418 -517.483947754 -756.727539062 33.534961700 0.023478506 0.065640517 0.760120213 0.646032095
1586247805.389418 -517.316833496 -756.700866699 33.520767212 0.023724765 0.066357493 0.760079265 0.645998061
1586247805.422418 -516.919921875 -756.629272461 33.491050720 0.023962973 0.066884041 0.760016024 0.646009326
1586247805.455419 -516.525024414 -756.557922363 33.460700989 0.024080541 0.067172676 0.759985685 0.646010578
1586247805.488419 -516.132324219 -756.487609863 33.430015564 0.024336249 0.067566462 0.759962916 0.645986795
1586247805.521419 -515.763061523 -756.424377441 33.398662567 0.024140000 0.067330696 0.759992123 0.645984411
1586247805.554419 -515.377319336 -756.355529785 33.367179871 0.024210632 0.067284584 0.759988070 0.645991385
1586247805.587419 -514.993774414 -756.286437988 33.335155487 0.024283618 0.067305364 0.759973884 0.646003127
1586247805.620419 -514.612670898 -756.217834473 33.303314209 0.023906378 0.067051098 0.759948254 0.646073818
1586247805.653419 -514.695678711 -756.241577148 33.307331085 0.023150414 0.066987731 0.759993374 0.646054745
1586247805.686419 -514.319885254 -756.173645020 33.276775360 0.022829594 0.066936359 0.759967625 0.646101892
1586247805.719419 -514.068664551 -756.132446289 33.256004333 0.022362173 0.066781953 0.760048389 0.646039128
1586247805.752419 -513.698181152 -756.065551758 33.226303101 0.022213966 0.066726372 0.760052085 0.646045625
1586247805.785419 -513.329711914 -755.998962402 33.197269440 0.021970630 0.066602893 0.760047793 0.646071732
1586247805.818419 -512.963195801 -755.933227539 33.168724060 0.021805465 0.066522665 0.760033607 0.646102428
1586247805.851419 -512.841796875 -755.920410156 33.160480499 0.021557182 0.066794582 0.759999037 0.646123290
1586247805.884420 -512.481140137 -755.855529785 33.133117676 0.021424830 0.066991538 0.759902954 0.646220326
1586247805.917419 -512.122924805 -755.791076660 33.105621338 0.021128653 0.067120261 0.759807587 0.646328747
1586247805.950420 -511.766662598 -755.726928711 33.078086853 0.020791292 0.067226164 0.759658098 0.646504462
1586247805.983420 -511.653808594 -755.716308594 33.071319580 0.020473540 0.067435831 0.759553075 0.646616220
1586247806.016420 -511.301879883 -755.653381348 33.044563293 0.020522473 0.067734629 0.759297013 0.646884024
1586247806.049420 -510.952270508 -755.591796875 33.017921448 0.020595342 0.067871869 0.759052873 0.647153854
1586247806.082420 -510.605224609 -755.531127930 32.991401672 0.020663587 0.067950860 0.758786201 0.647455990
1586247806.115420 -510.506835938 -755.526123047 32.984596252 0.020505071 0.067915544 0.758627892 0.647650182
1586247806.148420 -510.165466309 -755.467163086 32.958656311 0.020502269 0.067898557 0.758375287 0.647947848
1586247806.181420 -509.826354980 -755.409240723 32.932720184 0.020887673 0.068093523 0.758072972 0.648268759
1586247806.214420 -509.489807129 -755.351379395 32.906990051 0.021299541 0.068364054 0.757779479 0.648569942
1586247806.247420 -509.403015137 -755.351013184 32.902076721 0.021301569 0.068653062 0.757538497 0.648820817
1586247806.280420 -509.072937012 -755.294616699 32.876510620 0.021454751 0.068638422 0.757249951 0.649154067
1586247806.313421 -508.745788574 -755.238952637 32.851158142 0.021593334 0.068636492 0.756937087 0.649514496
1586247806.346421 -508.420898438 -755.183837891 32.825340271 0.021740647 0.068653494 0.756612122 0.649886310
1586247806.379421 -508.345581055 -755.188659668 32.821521759 0.021689892 0.068815991 0.756409407 0.650106668
1586247806.412421 -508.027465820 -755.134399414 32.796875000 0.021908879 0.069242314 0.755997837 0.650532722
1586247806.445421 -507.711486816 -755.081481934 32.772048950 0.021820128 0.069411010 0.755534112 0.651056290
1586247806.478421 -507.398681641 -755.028747559 32.747558594 0.021646500 0.069719724 0.755022049 0.651622951
1586247806.511421 -507.334655762 -755.036621094 32.745094299 0.021309376 0.070097059 0.754575789 0.652110219
1586247806.544421 -507.028564453 -754.986083984 32.721286774 0.021181792 0.070454940 0.753890991 0.652867436
1586247806.577421 -506.725280762 -754.936218262 32.697452545 0.021056592 0.070839845 0.753138721 0.653697491
1586247806.610421 -506.424438477 -754.887329102 32.673667908 0.021085620 0.071071409 0.752336502 0.654594600
1586247806.643421 -506.370117188 -754.901672363 32.671947479 0.020862073 0.071189485 0.751668811 0.655355573
1586247806.676421 -506.075622559 -754.856689453 32.648910522 0.020938633 0.071027577 0.750840008 0.656319976
1586247806.709422 -505.783874512 -754.813049316 32.625606537 0.021009952 0.070723854 0.750003815 0.657305956
1586247806.742421 -505.494201660 -754.770874023 32.602783203 0.021201402 0.070320763 0.749164820 0.658299088
1586247806.775422 -505.206604004 -754.729736328 32.580028534 0.021392971 0.069902368 0.748334289 0.659281373
1586247806.808422 -505.222351074 -754.766296387 32.585876465 0.021307468 0.069708556 0.747753978 0.659962654
1586247806.841422 -504.940979004 -754.727905273 32.564311981 0.021436511 0.069182701 0.746944427 0.660929859
1586247806.874422 -504.661865234 -754.689453125 32.542488098 0.021497814 0.068795219 0.746123612 0.661894739
1586247806.907422 -504.384826660 -754.651367188 32.521026611 0.021399796 0.068483718 0.745263457 0.662898540
1586247806.973422 -504.131958008 -754.653320312 32.506496429 0.020881476 0.068416573 0.743707359 0.664667308
1586247807.006422 -503.864013672 -754.616943359 32.486282349 0.020644993 0.068531103 0.742745399 0.665737629
1586247807.039422 -503.598327637 -754.581481934 32.465850830 0.020560890 0.068980992 0.741665304 0.666896939
1586247807.072423 -503.335083008 -754.546142578 32.445449829 0.020378260 0.069431312 0.740522027 0.668125093
1586247807.105422 -503.301086426 -754.572570801 32.445755005 0.020053029 0.070313811 0.739550710 0.669117808
1586247807.138422 -503.045654297 -754.540771484 32.426033020 0.020120859 0.070866548 0.738272846 0.670467198
1586247807.171422 -502.792846680 -754.510498047 32.406215668 0.020084113 0.071301945 0.736889005 0.671942949
1586247807.204423 -502.542724609 -754.481384277 32.386909485 0.020264536 0.071803391 0.735462308 0.673445582
1586247807.237423 -502.512939453 -754.511169434 32.387981415 0.019945920 0.072342515 0.734237432 0.674732685
1586247807.270423 -502.272338867 -754.486022949 32.369606018 0.019887984 0.072680160 0.732771516 0.676289916
1586247807.303423 -502.034484863 -754.462219238 32.351871490 0.019853054 0.072819822 0.731293023 0.677874386
1586247807.336423 -501.800109863 -754.439697266 32.334365845 0.019852877 0.072714932 0.729773760 0.679520965
1586247807.369423 -501.772583008 -754.470764160 32.335136414 0.019628823 0.072725199 0.728517294 0.680873156
1586247807.402423 -501.547546387 -754.452331543 32.319099426 0.019735813 0.072538599 0.727030516 0.682477355
1586247807.435423 -501.325988770 -754.433898926 32.303764343 0.019429298 0.072391167 0.725568056 0.684056342
1586247807.468423 -501.107727051 -754.415100098 32.288997650 0.018856704 0.072485827 0.724117815 0.685597301
1586247807.501423 -501.081970215 -754.443420410 32.290935516 0.017551422 0.072802521 0.722817659 0.686969042
1586247807.534424 -500.874267578 -754.425964355 32.277549744 0.016372204 0.073182806 0.721251667 0.688601792
1586247807.567424 -500.669555664 -754.408813477 32.264034271 0.014820218 0.073608130 0.719601154 0.690316200
1586247807.600424 -500.468383789 -754.391784668 32.250720978 0.013130603 0.073773026 0.717943370 0.692056715
1586247807.633424 -500.443725586 -754.415710449 32.251029968 0.011323006 0.074022971 0.716479480 0.693577409
1586247807.666424 -500.252807617 -754.402954102 32.238155365 0.009880841 0.073864795 0.714871168 0.695273817
1586247807.699424 -500.064636230 -754.390930176 32.225425720 0.008577108 0.073582478 0.713275313 0.696958065
1586247807.732424 -499.878662109 -754.380126953 32.212463379 0.007652134 0.073446319 0.711698294 0.698593378
1586247807.765424 -499.710266113 -754.378906250 32.201606750 -0.006879419 -0.073282778 -0.710413873 -0.699924648
1586247807.798424 -499.708129883 -754.404418945 32.201133728 0.005958050 0.073074915 0.709112465 0.701273203
1586247807.831424 -499.532226562 -754.400146484 32.189075470 0.005770325 0.072564691 0.707889020 0.702562571
1586247807.864424 -499.357360840 -754.398071289 32.176956177 0.005808264 0.071620747 0.706754923 0.703799903
1586247807.897424 -499.183959961 -754.397094727 32.164611816 0.006040871 0.070497178 0.705721438 0.704947531
1586247807.930424 -499.152099609 -754.419677734 32.161384583 0.006185859 0.069472879 0.704866290 0.705902815
1586247807.963424 -498.983337402 -754.420166016 32.150115967 0.006226629 0.068261616 0.704026401 0.706858158
1586247807.996424 -498.814941406 -754.418823242 32.138904572 0.006135195 0.067431375 0.703181267 0.707779288
1586247808.029425 -498.646240234 -754.416259766 32.128372192 0.005840003 0.067083195 0.702372730 0.708617210
1586247808.062425 -498.489440918 -754.415832520 32.118774414 -0.005366414 -0.067198880 -0.701834738 -0.709142804
1586247808.095425 -498.467834473 -754.423950195 32.115947723 0.004489571 0.067863755 0.701341748 0.709573269
1586247808.128425 -498.302001953 -754.417236328 32.106983185 0.003760338 0.068728939 0.701066852 0.709765851
1586247808.161425 -498.135620117 -754.409912109 32.097606659 0.003140389 0.069728293 0.700995624 0.709741712
1586247808.194425 -497.969299316 -754.402832031 32.088737488 0.002570927 0.070629239 0.701084733 0.709566832
1586247808.227425 -497.816101074 -754.399169922 32.081176758 -0.002373576 -0.071665943 -0.701341331 -0.709209919
1586247808.260425 -497.780822754 -754.397705078 32.075843811 0.002071023 0.072642244 0.701555490 0.708899677
1586247808.293425 -497.618408203 -754.391174316 32.066501617 0.001812339 0.073411457 0.701894581 0.708485365
1586247808.326425 -497.456237793 -754.385192871 32.056632996 0.001535892 0.073887177 0.702301502 0.708033204
1586247808.359425 -497.293762207 -754.379516602 32.046489716 0.001340926 0.074246861 0.702770293 0.707530618
1586247808.392426 -497.142761230 -754.376159668 32.037097931 -0.001203179 -0.074451670 -0.703398287 -0.706885040
1586247808.425426 -497.096313477 -754.369689941 32.027973175 0.001096755 0.074727029 0.704141319 0.706115961
1586247808.458426 -496.936828613 -754.365722656 32.016998291 0.001307815 0.074522167 0.705091894 0.705188096
1586247808.491426 -496.782348633 -754.362915039 32.006298065 -0.001574486 -0.073981449 -0.706193209 -0.704141736
1586247808.524426 -496.661376953 -754.357788086 31.994625092 0.001899481 0.073289879 0.707430124 0.702970505
1586247808.557426 -496.502441406 -754.354858398 31.983249664 0.002337545 0.072508611 0.708846509 0.701622188
1586247808.590426 -496.342407227 -754.350830078 31.971668243 0.002874702 0.071687542 0.710387588 0.700144410
1586247808.623426 -496.181091309 -754.346069336 31.959808350 0.003443598 0.070876203 0.712039471 0.698544562
1586247808.656426 -496.039428711 -754.341247559 31.949100494 -0.003994703 -0.070056148 -0.713781178 -0.696844816
1586247808.689426 -495.971618652 -754.319335938 31.936515808 0.004540175 0.069579519 0.715535462 0.695087850
1586247808.722426 -495.810974121 -754.311218262 31.924884796 0.004743725 0.068927318 0.717557549 0.693064034
1586247808.755426 -495.647888184 -754.300476074 31.913322449 0.004992932 0.068631440 0.719614148 0.690956116
1586247808.788426 -495.483032227 -754.287353516 31.901397705 0.005158275 0.068507321 0.721799910 0.688683569
1586247808.821426 -495.239318848 -754.285461426 31.888366699 -0.005119354 -0.068322606 -0.724171519 -0.686208010
1586247808.854427 -495.215698242 -754.237915039 31.875324249 0.005099952 0.069066718 0.726330161 0.683848202
1586247808.887427 -495.046936035 -754.218811035 31.863418579 0.005016506 0.069539405 0.728884578 0.681077480
1586247808.920427 -494.876281738 -754.197692871 31.851242065 0.004997253 0.070212230 0.731533408 0.678162456
1586247808.953427 -494.703857422 -754.175415039 31.838687897 0.004914373 0.070778638 0.734250128 0.675161541
1586247808.986427 -494.576293945 -754.133544922 31.823684692 0.004881889 0.071479663 0.736885786 0.672209918
1586247809.019427 -494.403381348 -754.108215332 31.810359955 0.004921376 0.072020546 0.739773810 0.668972075
1586247809.052427 -494.228759766 -754.081359863 31.796127319 0.005057245 0.072408915 0.742698371 0.665680528
1586247809.085427 -494.053283691 -754.053649902 31.781925201 0.005303442 0.072775088 0.745613039 0.662372231
1586247809.118427 -493.876220703 -754.024841309 31.767032623 0.005455911 0.072966903 0.748541892 0.659038067
1586247809.151427 -493.740417480 -753.971191406 31.750324249 0.005547047 0.073208235 0.751199901 0.655979097
1586247809.184427 -493.563720703 -753.939758301 31.734840393 0.005737007 0.073242702 0.754141152 0.652590036
1586247809.217427 -493.386230469 -753.907714844 31.718929291 0.005948423 0.073059544 0.757053733 0.649227679
1586247809.250427 -493.207458496 -753.874206543 31.702468872 0.006282687 0.072769485 0.759958148 0.645855069
1586247809.283427 -493.026916504 -753.840087891 31.685703278 0.006726086 0.072525255 0.762818098 0.642497838
1586247809.316428 -492.869995117 -753.776916504 31.666576385 0.006972909 0.072323963 0.765378118 0.639466166
1586247809.349428 -492.688842773 -753.739379883 31.649776459 0.007278800 0.072111063 0.768185019 0.636112332
1586247809.382428 -492.506103516 -753.699462891 31.632453918 0.007565856 0.071925923 0.770936787 0.632792234
1586247809.415428 -492.322387695 -753.658386230 31.615287781 0.007889330 0.071802087 0.773584962 0.629562259
1586247809.448428 -492.137573242 -753.614501953 31.598060608 0.008172422 0.071874991 0.776173949 0.626355410
1586247809.481428 -491.966369629 -753.539978027 31.577842712 0.008197726 0.072158240 0.778451443 0.623489678
1586247809.514428 -491.780578613 -753.492370605 31.560482025 0.008320302 0.072409384 0.780955195 0.620319843
1586247809.547428 -491.593078613 -753.442993164 31.542354584 0.008482277 0.072621621 0.783359349 0.617253900
1586247809.580428 -491.404907227 -753.391784668 31.524276733 0.008628100 0.072824843 0.785724044 0.614214778
1586247809.613429 -491.215576172 -753.340026855 31.506141663 0.008773357 0.073097944 0.788025141 0.611225128
1586247809.646428 -491.031250000 -753.281677246 31.485652924 -0.008688569 -0.073229484 -0.790093482 -0.608534455
1586247809.679429 -490.840637207 -753.194946289 31.466072083 0.008965850 0.073513083 0.792248726 0.605687499
1586247809.712429 -490.648986816 -753.138793945 31.446559906 0.009312809 0.073816359 0.794378042 0.602849960
1586247809.745429 -490.456237793 -753.080749512 31.426841736 0.009596050 0.074047029 0.796386957 0.600160718
1586247809.778429 -490.262329102 -753.021667480 31.407032013 0.009764075 0.074297026 0.798289239 0.597594380
1586247809.811429 -490.067443848 -752.961975098 31.387023926 0.009956241 0.074503742 0.800074279 0.595173419
1586247809.844429 -489.867187500 -752.869812012 31.366447449 0.010069162 0.074659318 0.801529408 0.593190730
1586247809.877429 -489.670104980 -752.807312012 31.345237732 0.010420382 0.074745893 0.803049445 0.591114342
1586247809.910429 -489.472290039 -752.744079590 31.324176788 0.010925739 0.074883938 0.804401040 0.589246929
1586247809.943429 -489.273010254 -752.680053711 31.302616119 0.011094332 0.074939765 0.805615246 0.587575614
1586247809.976429 -489.072631836 -752.615600586 31.280731201 0.011133701 0.074835375 0.806739807 0.586043239
1586247810.009429 -488.873291016 -752.546997070 31.257656097 -0.011523037 -0.074698910 -0.807568908 -0.584909976
1586247810.042429 -488.653808594 -752.450073242 31.237564087 0.012646317 0.074280284 0.808414638 0.583770752
1586247810.075429 -488.448242188 -752.385803223 31.214282990 0.014022232 0.073825307 0.809178770 0.582737505
1586247810.108430 -488.241027832 -752.321594238 31.190650940 0.015419990 0.073286608 0.809825778 0.581870675
1586247810.141429 -488.032409668 -752.257812500 31.166900635 0.016603619 0.072943538 0.810392857 0.581091285
1586247810.174430 -487.822753906 -752.192504883 31.143196106 0.017614037 0.072600923 0.810838938 0.580481768
1586247810.207430 -487.594116211 -752.095886230 31.121276855 0.018536210 0.072091371 0.811158538 0.580069900
1586247810.240430 -487.383544922 -752.026123047 31.096786499 0.019118279 0.072586618 0.811431766 0.579606891
1586247810.273430 -487.171081543 -751.956481934 31.071849823 0.019479992 0.072590582 0.811702073 0.579215825
1586247810.306430 -486.957458496 -751.887512207 31.047775269 0.020387411 0.072311729 0.811779976 0.579110324
1586247810.339430 -486.741943359 -751.818908691 31.023426056 0.021566033 0.071889721 0.811809063 0.579079390
1586247810.372430 -486.499694824 -751.721557617 31.001476288 0.022053033 0.071095437 0.811727583 0.579273224
1586247810.405430 -486.283935547 -751.647216797 30.977497101 0.021496147 0.071932845 0.811660469 0.579284787
1586247810.438430 -486.068115234 -751.571472168 30.953731537 0.020099938 0.072707176 0.811592340 0.579333782
1586247810.471430 -485.850524902 -751.497009277 30.929954529 0.019020138 0.072501935 0.811567605 0.579430521
1586247810.504431 -485.631347656 -751.424926758 30.905815125 0.018443495 0.071651250 0.811500430 0.579649091
1586247810.537431 -485.379150391 -751.326171875 30.883380890 0.018318117 0.070386305 0.811401784 0.579946041
1586247810.570431 -485.157287598 -751.255126953 30.859565735 0.018439291 0.069402166 0.811177790 0.580373943
1586247810.603431 -484.933166504 -751.184509277 30.835636139 0.018235117 0.068434201 0.810869813 0.580925584
1586247810.636431 -484.707214355 -751.113098145 30.811706543 0.017902136 0.067576684 0.810475826 0.581585705
1586247810.669431 -484.480407715 -751.041198730 30.786464691 0.016890198 0.066737361 0.809968054 0.582419753
1586247810.702431 -484.213684082 -750.941223145 30.762405396 0.016493142 0.065580748 0.809321284 0.583460569
1586247810.735431 -483.981323242 -750.871520996 30.737842560 0.017147720 0.065028392 0.808739662 0.584309518
1586247810.801431 -483.511108398 -750.728149414 30.688472748 0.017437367 0.064236023 0.807533741 0.586053789
1586247810.834431 -483.274291992 -750.652282715 30.663421631 0.016485034 0.064634494 0.806780994 0.587073267
1586247810.867431 -482.992492676 -750.548950195 30.639511108 0.015858889 0.065259308 0.805994332 0.588101029
1586247810.900431 -482.750549316 -750.472961426 30.616504669 0.015929610 0.066458926 0.805182517 0.589076042
1586247810.933432 -482.506958008 -750.396606445 30.593544006 0.015963525 0.067404836 0.804385722 0.590055466
1586247810.966431 -482.260986328 -750.320190430 30.570171356 0.016155990 0.068498269 0.803629935 0.590953410
1586247810.999432 -482.013854980 -750.243896484 30.546730042 0.015935510 0.069368213 0.802858472 0.591905713
1586247811.032432 -481.719116211 -750.142272949 30.522663116 0.015672415 0.070154652 0.802024484 0.592949748
1586247811.065432 -481.469421387 -750.067138672 30.498394012 0.015525460 0.071007796 0.801225126 0.593931913
1586247811.098432 -481.217956543 -749.992736816 30.473537445 0.015500605 0.071539640 0.800353646 0.595042765
1586247811.131432 -480.965026855 -749.919921875 30.447490692 0.015566319 0.071907118 0.799481630 0.596167922
1586247811.164432 -480.711120605 -749.848083496 30.421318054 0.015361607 0.071733087 0.798607230 0.597365022
1586247811.197432 -480.405212402 -749.751464844 30.393383026 0.015231579 0.071655922 0.797691286 0.598600149
1586247811.230432 -480.148132324 -749.680603027 30.367073059 0.015059947 0.071459815 0.796758413 0.599869013
1586247811.263432 -479.889465332 -749.609802246 30.340217590 0.014941900 0.071226373 0.795807064 0.601161122
1586247811.296432 -479.628784180 -749.539916992 30.313362122 0.014968753 0.071131729 0.794845581 0.602442384
1586247811.329432 -479.366760254 -749.470214844 30.286571503 0.014961569 0.070811294 0.793854177 0.603785932
1586247811.362432 -479.049499512 -749.378906250 30.257797241 0.014959693 0.070336781 0.792906702 0.605085135
1586247811.395433 -478.783874512 -749.309448242 30.231555939 0.014984369 0.070081241 0.791917801 0.606407821
1586247811.428433 -478.516479492 -749.239929199 30.205093384 0.014853149 0.069904380 0.790936589 0.607710600
1586247811.461433 -478.247070312 -749.171142578 30.178894043 0.014846713 0.069893628 0.789943278 0.609002650
1586247811.494433 -477.975891113 -749.102539062 30.152595520 0.014891564 0.069883652 0.788927138 0.610318422
1586247811.527433 -477.647705078 -749.016113281 30.122253418 0.014891356 0.069722272 0.787971973 0.611569524
1586247811.560433 -477.373291016 -748.947814941 30.096317291 0.014979690 0.069775350 0.786946297 0.612880528
1586247811.593433 -477.096984863 -748.879943848 30.070289612 0.015023798 0.069865391 0.785930037 0.614171982
1586247811.626433 -476.819152832 -748.812744141 30.043857574 0.015093952 0.069729649 0.784946799 0.615441799
1586247811.659433 -476.539367676 -748.746032715 30.017616272 0.015440077 0.069841236 0.783991754 0.616636693
1586247811.692433 -476.200317383 -748.663940430 29.984432220 0.015981317 0.069830179 0.783169270 0.617668390
1586247811.725433 -475.917358398 -748.598693848 29.957859039 0.016349077 0.069672145 0.782369673 0.618689179
1586247811.758434 -475.632629395 -748.532592773 29.931049347 0.016515136 0.069665439 0.781612337 0.619642019
1586247811.791434 -475.346801758 -748.466674805 29.904075623 0.016685873 0.069606103 0.780894279 0.620548785
1586247811.824434 -475.115356445 -748.416076660 29.883361816 -0.016942292 -0.069644019 -0.780193329 -0.621418655
1586247811.857434 -474.711730957 -748.323364258 29.843299866 0.017341526 0.069321789 0.779691517 0.622073114
1586247811.890434 -474.421386719 -748.257873535 29.815666199 0.017589064 0.069267131 0.779067993 0.622852981
1586247811.923434 -474.129882812 -748.192382812 29.788063049 0.017649712 0.069031484 0.778501272 0.623585641
1586247811.956434 -473.836853027 -748.126525879 29.760105133 0.017827094 0.068885490 0.777994514 0.624228716
1586247811.989434 -473.541687012 -748.060302734 29.731784821 -0.018248826 -0.069047213 -0.777539849 -0.624764979
1586247812.022434 -473.185852051 -747.984619141 29.696498871 0.018106401 0.068449534 0.777230442 0.625219703
1586247812.055434 -472.889221191 -747.918884277 29.668876648 0.017980933 0.068114050 0.776907265 0.625661552
1586247812.088434 -472.590148926 -747.852233887 29.640480042 0.018184571 0.068322062 0.776565731 0.626056731
1586247812.121434 -472.290039062 -747.784912109 29.611701965 0.018228261 0.068560138 0.776242614 0.626430035
1586247812.154434 -471.986938477 -747.718933105 29.583755493 -0.018372178 -0.068848707 -0.775916576 -0.626798153
1586247812.187434 -471.622802734 -747.642700195 29.547451019 0.018272758 0.068454996 0.775768518 0.627027392
1586247812.220434 -471.318054199 -747.575866699 29.518638611 0.018335968 0.068197913 0.775484562 0.627404690
1586247812.253435 -471.011657715 -747.508483887 29.489662170 0.018492699 0.068559550 0.775155425 0.627767324
1586247812.286435 -470.704345703 -747.440185547 29.460624695 0.018116266 0.068881199 0.774908423 0.628047943
1586247812.319435 -470.395446777 -747.372192383 29.431228638 0.018332601 0.069281951 0.774560034 0.628427207
1586247812.352435 -470.022644043 -747.296630859 29.395397186 0.018275529 0.069111496 0.774374664 0.628676057
1586247812.385435 -469.711120605 -747.228210449 29.367454529 0.018141478 0.068979628 0.774071693 0.629067361
1586247812.418435 -469.398559570 -747.160034180 29.338127136 0.018054396 0.068916515 0.773769498 0.629448414
1586247812.451435 -469.084716797 -747.092895508 29.309028625 0.017958999 0.068576738 0.773489237 0.629832685
1586247812.484435 -468.769470215 -747.025512695 29.279899597 0.018367469 0.068678014 0.773160815 0.630213022
1586247812.517435 -468.390502930 -746.953186035 29.243099213 0.018287333 0.068010353 0.773033798 0.630443513
1586247812.550435 -468.073242188 -746.885498047 29.213745117 0.017665356 0.067471638 0.772848248 0.630746543
1586247812.583436 -467.754577637 -746.816101074 29.184295654 0.017357945 0.067541316 0.772531033 0.631136000
1586247812.616436 -467.434631348 -746.747985840 29.154617310 0.017153263 0.067322776 0.772264957 0.631490469
1586247812.649436 -467.110534668 -746.679687500 29.124145508 -0.017258286 -0.067176990 -0.771977603 -0.631854475
1586247812.682436 -466.727783203 -746.608032227 29.089050293 0.017618090 0.067137040 0.771663547 0.632232189
1586247812.715436 -466.403076172 -746.540527344 29.059799194 0.017685860 0.066892669 0.771352768 0.632635355
1586247812.748436 -466.077270508 -746.472412109 29.030666351 0.017783642 0.066724032 0.771058440 0.633009136
1586247812.781436 -465.750366211 -746.404296875 29.001243591 0.017971456 0.066944785 0.770765364 0.633337379
1586247812.814436 -465.419982910 -746.335815430 28.972633362 -0.018130809 -0.067248881 -0.770470619 -0.633659124
1586247812.847436 -465.033020020 -746.265808105 28.937648773 0.018151224 0.067364447 0.770153403 0.634031773
1586247812.880436 -464.702758789 -746.197509766 28.908027649 0.018162191 0.067395307 0.769828856 0.634422243
1586247812.979436 -463.703430176 -745.992614746 28.817596436 -0.018434644 -0.067353658 -0.768875003 -0.635574460
1586247813.012436 -463.312683105 -745.924682617 28.782226562 0.018406242 0.067232057 0.768620908 0.635895491
1586247813.045436 -462.976867676 -745.856323242 28.751792908 0.018323002 0.067354955 0.768388450 0.636165679
1586247813.078437 -462.639892578 -745.787719727 28.721023560 0.018287716 0.067429803 0.768144727 0.636452973
1586247813.111437 -462.301696777 -745.719848633 28.690135956 0.018323300 0.067459524 0.767897725 0.636746824
1586247813.144437 -461.962646484 -745.651306152 28.659320831 0.018366663 0.067668460 0.767639399 0.637034833
1586247813.177437 -461.565002441 -745.583679199 28.623691559 0.018564016 0.067730598 0.767429948 0.637274921
1586247813.210437 -461.223388672 -745.515136719 28.592704773 0.018636106 0.067849912 0.767152071 0.637594521
1586247813.243437 -460.880859375 -745.447265625 28.561439514 0.018605322 0.067890264 0.766920924 0.637869239
1586247813.276437 -460.538024902 -745.378967285 28.530654907 0.018415986 0.067900583 0.766715288 0.638120711
1586247813.309437 -460.192871094 -745.311706543 28.498573303 -0.018183200 -0.067814857 -0.766525388 -0.638364613
1586247813.342437 -459.793762207 -745.243591309 28.464782715 0.017872930 0.067732006 0.766372621 0.638565540
1586247813.375437 -459.447937012 -745.175903320 28.433712006 0.017538935 0.067449585 0.766149640 0.638872266
1586247813.408437 -459.101501465 -745.108581543 28.402233124 0.017267406 0.067074709 0.765923977 0.639189661
1586247813.507437 -458.000488281 -744.907287598 28.305419922 0.016542882 0.066132925 0.765405595 0.639927387
1586247813.540438 -457.649108887 -744.839355469 28.274654388 0.016359150 0.066092275 0.765197754 0.640184879
1586247813.573438 -457.296630859 -744.771362305 28.243755341 0.016184121 0.065982245 0.764985204 0.640454650
1586247813.606438 -456.942871094 -744.703186035 28.213066101 0.016163290 0.065968946 0.764746845 0.640741110
1586247813.639438 -456.584167480 -744.636840820 28.182884216 -0.016218990 -0.066025235 -0.764500082 -0.641028404
1586247813.672438 -456.178710938 -744.571166992 28.149085999 0.016453117 0.066077307 0.764333963 0.641214967
1586247813.705438 -455.820251465 -744.503356934 28.118244171 0.016697496 0.066351399 0.764087558 0.641473949
1586247813.738438 -455.460754395 -744.435363770 28.087520599 0.016853184 0.066729404 0.763857722 0.641704381
1586247813.771438 -455.100158691 -744.367187500 28.055927277 0.017121555 0.067206331 0.763600290 0.641953945
1586247813.804438 -454.738952637 -744.299255371 28.024574280 0.017500103 0.067754731 0.763337672 0.642198324
1586247813.837438 -454.327514648 -744.234680176 27.989662170 0.017785549 0.068149932 0.763216734 0.642292380
1586247813.870438 -453.963623047 -744.167480469 27.957572937 0.018038481 0.068465821 0.762984157 0.642528057
1586247813.903439 -453.599487305 -744.100097656 27.925392151 0.018207163 0.068594232 0.762765765 0.642768860
1586247813.936439 -453.234985352 -744.032409668 27.893066406 0.018160254 0.068722270 0.762584031 0.642972112
1586247813.969439 -452.870300293 -743.964721680 27.860435486 0.017984360 0.068856038 0.762420475 0.643156707
1586247814.002439 -452.457641602 -743.899108887 27.824920654 0.017745823 0.068861298 0.762326241 0.643274426
1586247814.035439 -452.090209961 -743.830810547 27.791305542 0.017354278 0.068716630 0.762169003 0.643486798
1586247814.068439 -451.722351074 -743.762634277 27.757614136 0.016976416 0.068500429 0.762059689 0.643649459
1586247814.101439 -451.353393555 -743.694519043 27.723915100 0.016729802 0.068219192 0.761932790 0.643835962
1586247814.134439 -450.983459473 -743.626892090 27.690567017 0.016605496 0.067950889 0.761829257 0.643990040
1586247814.167439 -450.569946289 -743.563964844 27.654739380 0.016527146 0.067770839 0.761780083 0.644069195
1586247814.200439 -450.197387695 -743.495178223 27.621856689 0.016274869 0.067826562 0.761656106 0.644216418
1586247814.233439 -449.823730469 -743.427062988 27.589004517 0.016314059 0.068003587 0.761548519 0.644323885
1586247814.266439 -449.449340820 -743.358947754 27.556770325 0.016245812 0.068011463 0.761422873 0.644473255
1586247814.299439 -449.041076660 -743.294799805 27.522422791 0.016155722 0.067970432 0.761299312 0.644625843
1586247814.332440 -448.664062500 -743.226562500 27.490165710 0.016431868 0.068116829 0.761143446 0.644787371
1586247814.365440 -448.286437988 -743.159240723 27.457893372 0.016490400 0.067987397 0.761065602 0.644891500
1586247814.398440 -447.907714844 -743.091064453 27.425579071 0.016543984 0.068003483 0.760979831 0.644989610
1586247814.431440 -447.527038574 -743.025329590 27.392700195 -0.016533583 -0.068071716 -0.760959625 -0.645006537
1586247814.464440 -447.111572266 -742.958618164 27.357513428 0.016339540 0.067923889 0.760946512 0.645042539
1586247814.497440 -446.730957031 -742.890991211 27.324699402 0.016333757 0.067728363 0.760898232 0.645120084
1586247814.530440 -446.349121094 -742.824035645 27.291564941 0.016307116 0.067482062 0.760894775 0.645150840
1586247814.563440 -445.966979980 -742.755920410 27.258529663 0.016393570 0.067326821 0.760878563 0.645183861
1586247814.596440 -445.555053711 -742.689575195 27.222885132 0.016497970 0.067246243 0.760963798 0.645089030
1586247814.629440 -445.170654297 -742.621459961 27.189403534 0.016467541 0.067082927 0.760997295 0.645067334
1586247814.662441 -444.785339355 -742.552429199 27.155693054 0.016588004 0.067328013 0.761035502 0.644993722
1586247814.695440 -444.399230957 -742.483337402 27.122039795 0.016837120 0.067671746 0.761024952 0.644963682
1586247814.728441 -444.009338379 -742.414306641 27.089370728 -0.017083555 -0.067949161 -0.761060715 -0.644885838
1586247814.761441 -443.591064453 -742.347229004 27.051689148 0.017758787 0.068300582 0.761040330 0.644854546
1586247814.794441 -443.202453613 -742.277770996 27.018085480 0.018272430 0.068750195 0.761088789 0.644735217
1586247814.827441 -442.813842773 -742.208190918 26.984619141 0.018591464 0.069029287 0.761163414 0.644608200
1586247814.860441 -442.425292969 -742.138305664 26.950988770 0.018935591 0.069348469 0.761248410 0.644463480
1586247814.893441 -442.012939453 -742.069763184 26.913162231 0.019389182 0.069915578 0.761382580 0.644230127
1586247814.926441 -441.624450684 -742.000366211 26.879112244 0.019413143 0.069838069 0.761473894 0.644129932
1586247814.959441 -441.236877441 -741.930541992 26.844757080 0.019740015 0.069920756 0.761571050 0.643996119
1586247814.992441 -440.849182129 -741.861145020 26.810523987 0.019740254 0.069776028 0.761701107 0.643858016
1586247815.025441 -440.438537598 -741.789978027 26.771614075 0.019452006 0.069290042 0.761909485 0.643672705
1586247815.058441 -440.051452637 -741.720031738 26.737182617 0.019357949 0.069297731 0.762028456 0.643533885
1586247815.091441 -439.663940430 -741.649963379 26.702499390 0.019203395 0.069228075 0.762158990 0.643391371
1586247815.124441 -439.277160645 -741.579406738 26.668170929 0.019084513 0.069128998 0.762274563 0.643268645
1586247815.157442 -438.867065430 -741.507141113 26.630008698 0.019022226 0.068923876 0.762444496 0.643091083
1586247815.190441 -438.479736328 -741.436645508 26.595985413 0.019110976 0.068896666 0.762565613 0.642947674
1586247815.223442 -438.092285156 -741.366149902 26.562545776 0.019152761 0.068985760 0.762684405 0.642796040
1586247815.256442 -437.705322266 -741.295043945 26.529056549 0.019389926 0.069213539 0.762790084 0.642638922
1586247815.289442 -437.296264648 -741.222167969 26.491821289 0.019471496 0.069261171 0.762928307 0.642467260
1586247815.322442 -436.909240723 -741.151000977 26.458076477 0.019525975 0.069384418 0.763037741 0.642322302
1586247815.355442 -436.522399902 -741.079956055 26.424491882 0.019595355 0.069476418 0.763141274 0.642187238
1586247815.388442 -436.135925293 -741.009094238 26.390525818 0.019756168 0.069525398 0.763217568 0.642086446
1586247815.421442 -435.729125977 -740.935852051 26.354133606 0.019730778 0.069636934 0.763215542 0.642077506
1586247815.454442 -435.342834473 -740.864501953 26.320438385 0.019709440 0.069742501 0.763285816 0.641983211
1586247815.487442 -434.957458496 -740.793090820 26.286659241 0.019720020 0.069879398 0.763357222 0.641883075
1586247815.520442 -434.572143555 -740.721435547 26.252388000 0.019687029 0.069869347 0.763426244 0.641803086
1586247815.553442 -434.167846680 -740.648010254 26.215087891 0.019691439 0.069871217 0.763510048 0.641703069
1586247815.586442 -433.782714844 -740.576354980 26.180694580 0.019705415 0.069840223 0.763552785 0.641654968
1586247815.619443 -433.397888184 -740.505554199 26.146652222 0.019790858 0.069950581 0.763574064 0.641615152
1586247815.652443 -433.012695312 -740.433959961 26.112483978 0.019721419 0.070149250 0.763602495 0.641561747
1586247815.685443 -432.611206055 -740.360473633 26.075561523 0.019485682 0.070180267 0.763669431 0.641485870
1586247815.718443 -432.227478027 -740.288879395 26.041500092 0.019471824 0.070306532 0.763670921 0.641470671
1586247815.751443 -431.843872070 -740.217407227 26.007255554 0.019393295 0.070282653 0.763655663 0.641493797
1586247815.784443 -431.460754395 -740.146301270 25.973159790 0.019578608 0.070226856 0.763647735 0.641503751
1586247815.817443 -431.060729980 -740.075317383 25.937644958 0.019707322 0.070067048 0.763636947 0.641530097
1586247815.850443 -430.678039551 -740.005065918 25.903896332 0.019696057 0.069860391 0.763672531 0.641510606
1586247815.883443 -430.296569824 -739.934204102 25.870254517 0.019518375 0.069699295 0.763712943 0.641485453
1586247815.916443 -429.915039062 -739.863342285 25.836296082 0.019230127 0.069392286 0.763738513 0.641497016
1586247815.949443 -429.517150879 -739.791931152 25.800186157 0.019090325 0.069117106 0.763721049 0.641551733
1586247815.982444 -429.135620117 -739.721557617 25.766475677 0.019017456 0.068978600 0.763732553 0.641555011
1586247816.015444 -428.753723145 -739.651611328 25.732917786 0.019075155 0.068700634 0.763723731 0.641593695
1586247816.048444 -428.372131348 -739.581726074 25.699195862 0.019197404 0.068408459 0.763722062 0.641623318
1586247816.081444 -427.975036621 -739.509826660 25.664085388 0.019348353 0.067976177 0.763745487 0.641636729
1586247816.114444 -427.593017578 -739.439147949 25.630523682 0.019341411 0.067860983 0.763734400 0.641662419
1586247816.147444 -427.210754395 -739.367980957 25.597129822 0.019368323 0.067899600 0.763717592 0.641677499
1586247816.213444 -426.432434082 -739.226257324 25.529640198 0.019533128 0.068087332 0.763686061 0.641690135
1586247816.246444 -426.050781250 -739.155395508 25.496650696 0.019518763 0.067974001 0.763668835 0.641723156
1586247816.279444 -425.668640137 -739.083618164 25.463489532 0.019599497 0.068131350 0.763664484 0.641709089
1586247816.312444 -425.286254883 -739.012695312 25.429996490 0.019507736 0.068116866 0.763692915 0.641679645
1586247816.345444 -424.890930176 -738.941101074 25.394855499 0.019598873 0.068274580 0.763718188 0.641629994
1586247816.378444 -424.508911133 -738.869567871 25.361442566 0.019603731 0.068447143 0.763735950 0.641590357
1586247816.411444 -424.126647949 -738.798400879 25.328060150 0.019559383 0.068535358 0.763732672 0.641586125
1586247816.444445 -423.744323730 -738.726684570 25.294689178 0.019718885 0.068780847 0.763728678 0.641559720
1586247816.477445 -423.350463867 -738.655456543 25.259090424 0.019792855 0.068861850 0.763806462 0.641456187
1586247816.510445 -422.968017578 -738.584289551 25.225440979 0.019731401 0.068818644 0.763814092 0.641453564
1586247816.543445 -422.585937500 -738.512756348 25.191764832 0.019779384 0.069104970 0.763800979 0.641436994
1586247816.576445 -422.204345703 -738.441406250 25.158420563 0.019837022 0.069355786 0.763797224 0.641412616
1586247816.609445 -421.812316895 -738.369750977 25.123176575 0.019760998 0.069448970 0.763825476 0.641371250
1586247816.642445 -421.431091309 -738.298156738 25.089206696 0.019833893 0.069558576 0.763826191 0.641356230
1586247816.675445 -421.050476074 -738.227294922 25.055610657 0.019794583 0.069445029 0.763846159 0.641345978
1586247816.708445 -420.670104980 -738.156677246 25.021690369 0.019687444 0.069325060 0.763895631 0.641303420
1586247816.741445 -420.279846191 -738.085449219 24.986938477 0.019736588 0.069332168 0.763933539 0.641255915
1586247816.774445 -419.899719238 -738.014587402 24.953643799 0.019535094 0.069197215 0.763975441 0.641226768
1586247816.807446 -419.520080566 -737.943054199 24.919784546 0.019423930 0.069109432 0.763995886 0.641215146
1586247816.840446 -419.140075684 -737.871643066 24.885765076 0.019424081 0.069305323 0.763969421 0.641225636
1586247816.873446 -418.750671387 -737.800903320 24.849937439 0.019519269 0.069508635 0.764032245 0.641125798
1586247816.906446 -418.371154785 -737.729919434 24.816558838 0.019739538 0.069589883 0.764024079 0.641120076
1586247816.939446 -417.991516113 -737.658508301 24.783390045 0.019904256 0.069606520 0.764045179 0.641087949
1586247816.972446 -417.611877441 -737.587585449 24.750717163 0.020155340 0.069661967 0.764048398 0.641070247
1586247817.005446 -417.224121094 -737.517761230 24.715270996 0.020379813 0.069871038 0.764099240 0.640979767
1586247817.038446 -416.845764160 -737.446289062 24.682449341 0.020353973 0.069784902 0.764100969 0.640987933
1586247817.071446 -416.467773438 -737.375488281 24.649467468 0.020574361 0.069741048 0.764118612 0.640964627
1586247817.104446 -416.090820312 -737.303527832 24.615684509 0.020226778 0.069453880 0.764178216 0.640935838
1586247817.137446 -415.705871582 -737.234130859 24.580101013 0.019671651 0.069126360 0.764355600 0.640777051
1586247817.170446 -415.329284668 -737.162841797 24.546592712 0.019637913 0.069073141 0.764465690 0.640652418
1586247817.203446 -414.952697754 -737.091491699 24.513198853 0.019427180 0.068762794 0.764586806 0.640547752
1586247817.236446 -414.576660156 -737.019958496 24.480003357 0.019214272 0.068547525 0.764746964 0.640386045
1586247817.269446 -414.191711426 -736.948913574 24.445354462 0.019191684 0.068772070 0.764905989 0.640172660
1586247817.302447 -413.814941406 -736.877563477 24.412345886 0.019393681 0.068787724 0.765031457 0.640014827
1586247817.335447 -413.438232422 -736.805847168 24.379276276 0.019688040 0.068842180 0.765172005 0.639832020
1586247817.368447 -413.061828613 -736.733886719 24.346015930 0.019984871 0.068958767 0.765305817 0.639650226
1586247817.401447 -412.677917480 -736.663452148 24.312309265 0.020244181 0.069192976 0.765463412 0.639428139
1586247817.434447 -412.301818848 -736.590820312 24.279319763 0.020491540 0.069493525 0.765579700 0.639248490
1586247817.467447 -411.926086426 -736.517883301 24.245868683 0.020614298 0.069744460 0.765686691 0.639089048
1586247817.500447 -411.550781250 -736.444458008 24.212364197 0.020798383 0.069977671 0.765787244 0.638936937
1586247817.533447 -411.169250488 -736.373840332 24.177494049 0.021048578 0.070080131 0.765878856 0.638807833
1586247817.566447 -410.795532227 -736.301147461 24.143657684 0.021177590 0.070016898 0.765996099 0.638669848
1586247817.599447 -410.422119141 -736.228881836 24.110099792 0.021168202 0.069833621 0.766135931 0.638522565
1586247817.632447 -410.049011230 -736.155944824 24.076148987 0.021093011 0.069685534 0.766282082 0.638365746
1586247817.665447 -409.670776367 -736.084899902 24.040969849 0.021236718 0.069750436 0.766471565 0.638126373
1586247817.698448 -409.299255371 -736.012451172 24.006835938 0.021076411 0.069356598 0.766640067 0.637972236
1586247817.731448 -408.928039551 -735.939941406 23.972915649 0.021103591 0.069194525 0.766778708 0.637822270
1586247817.764448 -408.557189941 -735.867187500 23.939361572 -0.021186620 -0.068928286 -0.766922474 -0.637675524
1586247817.797448 -408.182006836 -735.796142578 23.905479431 0.021065325 0.068739735 0.767122984 0.637458622
1586247817.830448 -407.812377930 -735.722961426 23.872322083 0.021247625 0.068782046 0.767267346 0.637274265
1586247817.863448 -407.443115234 -735.650024414 23.839271545 0.021308362 0.068777323 0.767404556 0.637107491
1586247817.896448 -407.074768066 -735.576965332 23.806701660 -0.021308243 -0.068823598 -0.767509222 -0.636976361
1586247817.962448 -406.333557129 -735.433471680 23.740070343 0.021613630 0.069344863 0.767670572 0.636715114
1586247817.995448 -405.967712402 -735.360290527 23.707656860 0.022045106 0.069511510 0.767733634 0.636606097
1586247818.028449 -405.602172852 -735.286926270 23.674888611 0.022335231 0.069877744 0.767819047 0.636452794
1586247818.061448 -405.238525391 -735.212890625 23.642108917 0.022355795 0.070018813 0.767940998 0.636289418
1586247818.094449 -404.871459961 -735.142517090 23.608211517 0.022207826 0.070483334 0.768049181 0.636112690
1586247818.127449 -404.509887695 -735.069702148 23.575481415 0.022237509 0.070770979 0.768146396 0.635962427
1586247818.160449 -404.149291992 -734.996459961 23.542282104 0.022133112 0.070775688 0.768217981 0.635879040
1586247818.193449 -403.789916992 -734.924133301 23.509498596 0.022317052 0.070767723 0.768294215 0.635781407
1586247818.226449 -403.428894043 -734.853332520 23.475734711 0.022157043 0.070735812 0.768397331 0.635665834
1586247818.259449 -403.071594238 -734.780944824 23.443031311 0.022045642 0.070534028 0.768517733 0.635546565
1586247818.292449 -402.715270996 -734.708984375 23.410644531 0.021985143 0.070549995 0.768602669 0.635444283
1586247818.325449 -402.359863281 -734.636413574 23.378376007 0.021846354 0.070499010 0.768683791 0.635356545
1586247818.358449 -402.004699707 -734.567016602 23.344696045 0.021466255 0.070491567 0.768818855 0.635206819
1586247818.391449 -401.651000977 -734.494934082 23.312934875 0.021474630 0.070460878 0.768881559 0.635134101
1586247818.424449 -401.298400879 -734.423156738 23.281272888 0.021464644 0.070355162 0.768950880 0.635062158
1586247818.457449 -400.946105957 -734.351501465 23.249809265 0.021613538 0.070273414 0.768982410 0.635028124
1586247818.490449 -400.596618652 -734.283813477 23.216876984 0.021238357 0.070253581 0.769085586 0.634917855
1586247818.523450 -400.246765137 -734.212280273 23.186191559 0.021120846 0.070222706 0.769173861 0.634818316
1586247818.556450 -399.897888184 -734.140747070 23.155471802 0.021097273 0.070379511 0.769253433 0.634705305
1586247818.589450 -399.549743652 -734.068969727 23.124794006 0.021025062 0.070343137 0.769312978 0.634639621
1586247818.622450 -399.206237793 -734.001892090 23.092208862 0.020541042 0.070337154 0.769444108 0.634497046
1586247818.655450 -398.860473633 -733.930786133 23.061614990 0.020612925 0.070247978 0.769498050 0.634439230
1586247818.688450 -398.515441895 -733.859863281 23.031036377 0.020713985 0.070104979 0.769556522 0.634380877
1586247818.721450 -398.171630859 -733.788940430 23.000419617 0.020655096 0.069908038 0.769642651 0.634299994
1586247818.754450 -397.833618164 -733.723876953 22.967994690 0.020313116 0.070049010 0.769736528 0.634181559
1586247818.787450 -397.491516113 -733.652648926 22.938018799 0.020310434 0.070140950 0.769775867 0.634123743
1586247818.820450 -397.150146484 -733.581359863 22.908020020 0.020302536 0.070263989 0.769826353 0.634049118
1586247818.853451 -396.810180664 -733.510437012 22.878456116 0.020319343 0.070409760 0.769839525 0.634016395
1586247818.886451 -396.478332520 -733.446960449 22.846046448 0.020053953 0.070641845 0.769857526 0.633977115
1586247818.919451 -396.139770508 -733.376525879 22.816432953 0.020410744 0.070700794 0.769876957 0.633935511
1586247818.952451 -395.802246094 -733.306762695 22.786911011 0.020543337 0.070573017 0.769919515 0.633893847
1586247818.985451 -395.466308594 -733.236694336 22.757774353 0.020696580 0.070606388 0.769958317 0.633838058
1586247819.018451 -395.142822266 -733.174804688 22.725585938 0.020487130 0.071086623 0.769952714 0.633797944
1586247819.051451 -394.809875488 -733.105041504 22.696712494 0.020476788 0.071027964 0.770019174 0.633724153
1586247819.084451 -394.477844238 -733.035522461 22.667770386 0.020607976 0.071041308 0.770049691 0.633681238
1586247819.117451 -394.147094727 -732.966430664 22.638813019 0.020710379 0.070989154 0.770074248 0.633653998
1586247819.150451 -393.833312988 -732.906860352 22.607204437 0.020374447 0.071147300 0.770052791 0.633673131
1586247819.183451 -393.505249023 -732.838012695 22.578136444 0.020524174 0.071219206 0.770076275 0.633631706
1586247819.216451 -393.178710938 -732.769531250 22.549247742 0.020556957 0.071228638 0.770137548 0.633555174
1586247819.249451 -392.853820801 -732.700866699 22.520561218 0.020416468 0.071188569 0.770183384 0.633508444
1586247819.282451 -392.529907227 -732.632141113 22.491397858 -0.020371288 -0.071341909 -0.770230293 -0.633435607
1586247819.315451 -392.235595703 -732.576782227 22.460323334 0.019883722 0.071875200 0.770215154 0.633409262
1586247819.348452 -391.914123535 -732.508422852 22.431816101 0.020004690 0.072134025 0.770253181 0.633329749
1586247819.381452 -391.593872070 -732.440551758 22.403541565 0.020291537 0.072493844 0.770266533 0.633263290
1586247819.414452 -391.274963379 -732.372741699 22.375076294 0.020554215 0.072736651 0.770268381 0.633224785
1586247819.447452 -390.986755371 -732.316467285 22.344635010 0.020471485 0.073209904 0.770286143 0.633151293
1586247819.480452 -390.670776367 -732.249816895 22.316116333 0.020638168 0.073557928 0.770333409 0.633047998
1586247819.513452 -390.356140137 -732.182373047 22.287658691 0.020699592 0.073871411 0.770396650 0.632932484
1586247819.546452 -390.043029785 -732.115356445 22.259666443 0.020758748 0.074223489 0.770475030 0.632794023
1586247819.579452 -389.767272949 -732.058715820 22.230228424 0.020502241 0.074740984 0.770551264 0.632648647
1586247819.612452 -389.457702637 -731.991760254 22.202011108 0.020354897 0.074901320 0.770684958 0.632471561
1586247819.645452 -389.150329590 -731.924438477 22.173709869 0.020157695 0.074958429 0.770842910 0.632278562
1586247819.678452 -388.844238281 -731.857910156 22.145298004 0.019967347 0.074847952 0.771054745 0.632039309
1586247819.711452 -388.581359863 -731.802856445 22.116447449 0.019773006 0.074617378 0.771272361 0.631807148
1586247819.744453 -388.278503418 -731.737426758 22.088027954 0.019783823 0.074285656 0.771559358 0.631495357
1586247819.777452 -387.977172852 -731.671813965 22.059661865 0.019659638 0.074016593 0.771929502 0.631078482
1586247819.810453 -387.677185059 -731.605712891 22.031730652 0.019547462 0.073763236 0.772310972 0.630644679
1586247819.843453 -387.431030273 -731.552978516 22.003349304 0.019280821 0.073640287 0.772711515 0.630176425
1586247819.876453 -387.133728027 -731.486694336 21.975685120 0.019343762 0.073515832 0.773164749 0.629632771
1586247819.909453 -386.837585449 -731.420288086 21.948093414 0.019534528 0.073523790 0.773640513 0.629041433
1586247819.942453 -386.543334961 -731.353027344 21.921104431 0.019665895 0.073580787 0.774160743 0.628390193
1586247819.975453 -386.250061035 -731.285400391 21.893775940 -0.019741535 -0.073670097 -0.774746835 -0.627654672
1586247820.008453 -386.039916992 -731.236267090 21.868438721 0.019616665 0.073910892 0.775350571 0.626884282
1586247820.074453 -385.462280273 -731.098999023 21.815803528 0.019733816 0.074190177 0.776745379 0.625118434
1586247820.107453 -385.175781250 -731.030029297 21.789390564 0.019946396 0.074394040 0.777500331 0.624148190
1586247820.140453 -384.891235352 -730.960327148 21.762485504 -0.020051481 -0.074288607 -0.778322399 -0.623131990
1586247820.173454 -384.698120117 -730.910827637 21.737762451 0.020182999 0.074352808 0.779146433 0.622089446
1586247820.206454 -384.416931152 -730.841125488 21.710472107 0.020429879 0.074380532 0.780013084 0.620991051
1586247820.239454 -384.137512207 -730.770812988 21.683177948 0.020555466 0.074148908 0.780934274 0.619855762
1586247820.272454 -383.859558105 -730.700317383 21.656036377 0.020822616 0.073981926 0.781887114 0.618664503
1586247820.305454 -383.660217285 -730.643737793 21.630332947 0.020824105 0.073935330 0.782897949 0.617390275
1586247820.338454 -383.385253906 -730.572692871 21.603622437 0.020964801 0.073786631 0.783966720 0.616045654
1586247820.371454 -383.111572266 -730.500488281 21.576797485 0.021133600 0.073683031 0.785081148 0.614631414
1586247820.404454 -382.839599609 -730.427185059 21.550491333 0.021179795 0.073588252 0.786272228 0.613116860
1586247820.437454 -382.567871094 -730.353393555 21.523620605 -0.021182477 -0.073499523 -0.787551522 -0.611483335
1586247820.470454 -382.402282715 -730.292358398 21.500740051 0.021088392 0.073678702 0.788834691 0.609808743
1586247820.503454 -382.133972168 -730.216491699 21.473995209 0.021066455 0.073414281 0.790255368 0.607999146
1586247820.536454 -381.866455078 -730.140197754 21.447563171 0.020995257 0.072938383 0.791760683 0.606097639
1586247820.569454 -381.599975586 -730.062500000 21.420570374 0.021016328 0.072420165 0.793371141 0.604049563
1586247820.602454 -381.422851562 -729.993591309 21.396560669 0.020765364 0.071890861 0.795011163 0.601961613
1586247820.635455 -381.157775879 -729.913879395 21.369049072 0.020735830 0.071199708 0.796788275 0.599690914
1586247820.668455 -380.893371582 -729.832458496 21.341430664 0.020724714 0.070447683 0.798602164 0.597362757
1586247820.701455 -380.629272461 -729.750122070 21.314220428 0.020831168 0.069784507 0.800463915 0.594940186
1586247820.734455 -380.364318848 -729.665283203 21.285484314 -0.021021873 -0.069098987 -0.802327454 -0.592498243
1586247820.767455 -380.218688965 -729.592346191 21.264919281 0.020880729 0.068980083 0.804143727 0.590049744
1586247820.800455 -379.955932617 -729.504516602 21.237297058 0.021232842 0.068606652 0.806137800 0.587353528
1586247820.833455 -379.693542480 -729.415039062 21.209682465 0.021501062 0.068306670 0.808197916 0.584540844
1586247820.866455 -379.432006836 -729.323181152 21.181972504 0.021768242 0.068130411 0.810338020 0.581581295
1586247820.899455 -379.171447754 -729.229614258 21.153381348 -0.022086350 -0.068004020 -0.812447906 -0.578632891
1586247820.932456 -379.034606934 -729.143371582 21.133312225 0.022223892 0.068238832 0.814534843 0.575658441
1586247820.965455 -378.775451660 -729.045959473 21.105285645 0.022564976 0.068344705 0.816886127 0.572290838
1586247820.998456 -378.516601562 -728.946411133 21.076675415 0.022863209 0.068616763 0.819276273 0.568819404
1586247821.031456 -378.259399414 -728.844238281 21.048362732 0.023098052 0.068720445 0.821761429 0.565201044
1586247821.064456 -378.002868652 -728.740783691 21.020061493 0.023465693 0.068836875 0.824279070 0.561493516
1586247821.097456 -377.875976562 -728.641235352 21.000083923 0.023529321 0.068945915 0.826639056 0.557997108
1586247821.130456 -377.621520996 -728.533447266 20.971256256 0.023857206 0.068857834 0.829277039 0.554065943
1586247821.163456 -377.368469238 -728.423339844 20.942584991 0.024180921 0.068812437 0.831933558 0.550060689
1586247821.196456 -377.116149902 -728.311279297 20.913722992 0.024440616 0.068612814 0.834648013 0.545946598
1586247821.229456 -376.971801758 -728.200744629 20.891849518 0.024397701 0.068627223 0.837136269 0.542123497
1586247821.262456 -376.721984863 -728.084716797 20.862541199 0.024679273 0.068532005 0.839903593 0.537825525
1586247821.295456 -376.473205566 -727.965759277 20.832954407 0.024791716 0.068304382 0.842681646 0.533486247
1586247821.328456 -376.225524902 -727.844604492 20.803005219 0.025008053 0.068245903 0.845455587 0.529076457
1586247821.361456 -375.979858398 -727.720092773 20.772438049 -0.025045957 -0.067981988 -0.848103881 -0.524853289
1586247821.394456 -375.872253418 -727.598022461 20.752506256 0.024901703 0.068182059 0.850717545 0.520586967
1586247821.427457 -375.656921387 -727.469848633 20.724018097 0.024756834 0.068436705 0.853354454 0.516226470
1586247821.460456 -375.443115234 -727.339050293 20.696273804 0.024594828 0.068648696 0.855967045 0.511862159
1586247821.493457 -375.202697754 -727.204467773 20.665630341 0.024612453 0.068876036 0.858642936 0.507328928
1586247821.526457 -374.963745117 -727.067260742 20.634876251 0.024578482 0.069049984 0.861290812 0.502798438
1586247821.559457 -374.726074219 -726.927978516 20.604278564 0.024599981 0.069229200 0.863943219 0.498201013
1586247821.592457 -374.489990234 -726.786804199 20.573768616 0.024628591 0.069336556 0.866548836 0.493638456
1586247821.625457 -374.395263672 -726.649902344 20.555484772 0.024108054 0.069742300 0.868879020 0.489493757
1586247821.658457 -374.161743164 -726.505004883 20.524631500 0.024248406 0.069819085 0.871460915 0.484864175
1586247821.691457 -373.929504395 -726.357788086 20.493717194 0.024430037 0.069833674 0.874047875 0.480173767
1586247821.724457 -373.698852539 -726.208679199 20.462718964 0.024565848 0.069737785 0.876614034 0.475479811
1586247821.757457 -373.469299316 -726.058227539 20.431449890 0.024817377 0.069653586 0.879172444 0.470731795
1586247821.790457 -373.383789062 -725.909179688 20.412429810 0.024484577 0.069656745 0.881408274 0.466548949
1586247821.823457 -373.157226562 -725.754272461 20.380512238 0.024868384 0.069543667 0.883977532 0.461659014
1586247821.856457 -372.932128906 -725.597045898 20.348461151 0.025232198 0.069474302 0.886529684 0.456729561
1586247821.889458 -372.708679199 -725.437561035 20.315906525 0.025695037 0.069470651 0.889071822 0.451735348
1586247821.922458 -372.490661621 -725.272644043 20.283645630 -0.025955945 -0.069167271 -0.891480327 -0.446995646
1586247821.955458 -372.410339355 -725.113708496 20.264987946 0.025473833 0.069585137 0.893655837 0.442592770
1586247821.988458 -372.192932129 -724.946899414 20.232971191 0.025730412 0.069750927 0.896182656 0.437412143
1586247822.021458 -371.977600098 -724.777832031 20.200847626 0.025851261 0.069818243 0.898711801 0.432173878
1586247822.054458 -371.764526367 -724.606445312 20.168788910 0.025939552 0.070127644 0.901234567 0.426832050
1586247822.087458 -371.665649414 -724.430908203 20.147293091 0.024963364 0.070498668 0.903413653 0.422197282
1586247822.120458 -371.457153320 -724.254394531 20.115108490 0.025090888 0.070723481 0.905921817 0.416742504
1586247822.153458 -371.250885010 -724.075927734 20.083068848 0.025142193 0.070832908 0.908418894 0.411248982
1586247822.186458 -371.046783447 -723.895629883 20.050857544 0.025135815 0.070798025 0.910935879 0.405649751
1586247822.219458 -370.848663330 -723.710571289 20.017974854 -0.025205716 -0.070719488 -0.913317561 -0.400268078
1586247822.252459 -370.779998779 -723.524658203 19.998466492 0.023938343 0.070922978 0.915606499 0.395046413
1586247822.285458 -370.582458496 -723.338378906 19.965538025 0.024129255 0.070766948 0.918095171 0.389244348
1586247822.318459 -370.386901855 -723.149536133 19.932128906 0.024397403 0.070663095 0.920545220 0.383416295
1586247822.351459 -370.193145752 -722.958923340 19.898658752 0.024636716 0.070556030 0.922954321 0.377584815
1586247822.384459 -370.106109619 -722.757995605 19.875648499 0.023729116 0.070889503 0.925068617 0.372370362
1586247822.417459 -369.918273926 -722.561767578 19.842002869 0.023995847 0.071075797 0.927402377 0.366466135
1586247822.450459 -369.732818604 -722.362792969 19.808319092 0.024246648 0.071243726 0.929688096 0.360578060
1586247822.483459 -369.549407959 -722.161437988 19.774139404 0.024440035 0.071575060 0.931926310 0.354673237
1586247822.516459 -369.465820312 -721.948730469 19.751396179 0.023521483 0.071983367 0.933902025 0.349416852
1586247822.549459 -369.288574219 -721.742797852 19.717948914 0.023713840 0.072339803 0.936067760 0.343484789
1586247822.582459 -369.112884521 -721.535095215 19.683944702 0.023995072 0.072487161 0.938205004 0.337551951
1586247822.615459 -368.939666748 -721.325378418 19.649963379 0.024292111 0.072722264 0.940296531 0.331607938
1586247822.648459 -368.860412598 -721.100646973 19.626266479 0.023542240 0.073195614 0.942124248 0.326328218
1586247822.681459 -368.692810059 -720.887268066 19.592498779 0.023968931 0.073381357 0.944176435 0.320268035
1586247822.714459 -368.527801514 -720.671997070 19.558403015 0.024469063 0.073563375 0.946188688 0.314192086
1586247822.747460 -368.365203857 -720.455261230 19.524360657 0.024888575 0.073548481 0.948206663 0.308018506
1586247822.780460 -368.291076660 -720.217529297 19.499763489 0.024479836 0.073656999 0.950049043 0.302294970
1586247822.813460 -368.136230469 -719.997192383 19.464881897 0.024906814 0.073427543 0.952026904 0.296028495
1586247822.846460 -367.983520508 -719.775146484 19.429512024 0.025395080 0.073272832 0.953972697 0.289693624
1586247822.879460 -367.832824707 -719.551025391 19.394012451 0.026069760 0.073168628 0.955860317 0.283368796
1586247822.945460 -367.576293945 -719.094116211 19.325378418 0.027454203 0.072993025 0.959437072 0.270922273
1586247822.978460 -367.435485840 -718.863647461 19.289459229 0.027977750 0.073044732 0.961224675 0.264440715
1586247823.011460 -367.297912598 -718.631347656 19.254310608 0.028371688 0.073253937 0.962950528 0.257982999
1586247823.044460 -367.163330078 -718.396850586 19.219100952 0.028552711 0.073448285 0.964654267 0.251460373
1586247823.077460 -367.073608398 -718.162414551 19.188568115 0.028602691 0.073505193 0.966251194 0.245229542
1586247823.110461 -366.947723389 -717.924377441 19.154121399 0.028635934 0.073677517 0.967873216 0.238690332
1586247823.143461 -366.825286865 -717.684875488 19.119499207 0.028592035 0.073742017 0.969459772 0.232147306
1586247823.176461 -366.705078125 -717.443603516 19.084823608 0.028761294 0.073861405 0.970996737 0.225571841
1586247823.209461 -366.735778809 -717.090454102 19.072860718 0.027495481 0.074281104 0.972146928 0.220582798
1586247823.242461 -366.621429443 -716.847351074 19.037567139 0.027860615 0.073957823 0.973637342 0.213972718
1586247823.275461 -366.509887695 -716.603393555 19.001663208 0.028229939 0.073702596 0.975086391 0.207310393
1586247823.308461 -366.401275635 -716.357910156 18.965660095 0.028541312 0.073365562 0.976497233 0.200639278
1586247823.341461 -366.303863525 -716.110778809 18.930953979 -0.028748006 -0.072946571 -0.977815270 -0.194241449
1586247823.374461 -366.272399902 -715.793029785 18.903625488 0.028623499 0.073177628 0.979008615 0.188063785
1586247823.407461 -366.174987793 -715.542358398 18.867927551 0.028631333 0.073069386 0.980275452 0.181387082
1586247823.440461 -366.080810547 -715.290222168 18.832054138 0.028593842 0.073074244 0.981476545 0.174775288
1586247823.473461 -365.989868164 -715.036132812 18.796333313 0.028530456 0.073096253 0.982618451 0.168237746
1586247823.506461 -365.911010742 -714.781494141 18.762519836 -0.028395701 -0.073210344 -0.983653426 -0.162049338
1586247823.539461 -365.892272949 -714.444274902 18.734420776 0.028386146 0.073661804 0.984597862 0.155997515
1586247823.572462 -365.812072754 -714.186767578 18.699707031 0.028483016 0.073747382 0.985580266 0.149605155
1586247823.605462 -365.734191895 -713.927124023 18.664405823 0.028580125 0.073909387 0.986514568 0.143211693
1586247823.638462 -365.659606934 -713.667114258 18.629669189 0.028622732 0.074023150 0.987415075 0.136795238
1586247823.671462 -365.643218994 -713.333496094 18.600982666 0.028666290 0.074434586 0.988195360 0.130796239
1586247823.704462 -365.575653076 -713.071228027 18.565689087 0.028862376 0.074261300 0.989026427 0.124415115
1586247823.737462 -365.510437012 -712.807739258 18.530197144 0.029128194 0.074120194 0.989796042 0.118159503
1586247823.770462 -365.448028564 -712.542663574 18.494522095 0.029351540 0.073829129 0.990528643 0.111985594
1586247823.803462 -365.440063477 -712.196044922 18.464416504 0.029410619 0.073788062 0.991158843 0.106275827
1586247823.836462 -365.385925293 -711.928405762 18.429039001 0.029448811 0.073499680 0.991805196 0.100264445
1586247823.869462 -365.334320068 -711.659423828 18.393486023 0.029508129 0.073182389 0.992401719 0.094405875
1586247823.902462 -365.285156250 -711.388977051 18.357955933 0.029628171 0.072894752 0.992948472 0.088667221
1586247823.935462 -365.284118652 -711.030090332 18.326271057 0.029515052 0.072975725 0.993413031 0.083270319
1586247823.968463 -365.241973877 -710.756530762 18.291702271 0.029513212 0.072932415 0.993864238 0.077741645
1586247824.001462 -365.202606201 -710.482177734 18.257339478 0.029534597 0.072909661 0.994272888 0.072342068
1586247824.034463 -365.165100098 -710.205993652 18.222908020 0.029527878 0.072861806 0.994639575 0.067166649
1586247824.067463 -365.171142578 -709.836425781 18.189125061 0.029483778 0.073027544 0.994948566 0.062250126
1586247824.100463 -365.140319824 -709.558044434 18.155143738 0.029430252 0.073151581 0.995234609 0.057365708
1586247824.133463 -365.111419678 -709.278198242 18.121208191 0.029380061 0.073293671 0.995482862 0.052714009
1586247824.166463 -365.084747314 -708.997680664 18.087570190 0.029428774 0.073374256 0.995703220 0.048220508
1586247824.199463 -365.096832275 -708.618774414 18.052330017 0.029464085 0.073587097 0.995886445 0.043899000
1586247824.232463 -365.075439453 -708.336364746 18.018646240 0.029355869 0.073382445 0.996079147 0.039745957
1586247824.265463 -365.056091309 -708.053039551 17.985740662 0.029169178 0.073204748 0.996250808 0.035701532
1586247824.298463 -365.038391113 -707.768859863 17.952354431 0.028948808 0.072944432 0.996405125 0.031905323
1586247824.331463 -365.056457520 -707.382263184 17.916038513 0.028798398 0.072717771 0.996533751 0.028344356
1586247824.364463 -365.043487549 -707.096435547 17.882781982 0.028728558 0.072456524 0.996645033 0.024970641
1586247824.397464 -365.031921387 -706.809814453 17.849319458 0.028648118 0.072109513 0.996746838 0.021801475
1586247824.430464 -365.021362305 -706.522216797 17.815650940 0.028654400 0.071746506 0.996833444 0.018827802
1586247824.463464 -365.043151855 -706.126220703 17.778884888 0.028532816 0.071644247 0.996894062 0.015975768
1586247824.496464 -365.037017822 -705.836303711 17.745201111 0.028332885 0.071374014 0.996958673 0.013282924
1586247824.529464 -365.031585693 -705.545043945 17.711860657 0.028125368 0.071254410 0.997003555 0.010754429
1586247824.562464 -365.027343750 -705.252746582 17.678344727 0.027857803 0.071277946 0.997031689 0.008441269
1586247824.595464 -365.051422119 -704.849243164 17.641136169 0.027637869 0.071421213 0.997043371 0.006301405
1586247824.628464 -365.049621582 -704.554870605 17.608650208 0.027444541 0.071358584 0.997063518 0.004379621
1586247824.661464 -365.048431396 -704.259826660 17.576217651 0.027294593 0.071463637 0.997066081 0.002697553
1586247824.694464 -365.047790527 -703.963745117 17.544189453 0.027159082 0.071473092 0.997071981 0.001211486
1586247824.727464 -365.074584961 -703.552856445 17.506042480 0.027043169 0.071488656 0.997074723 -0.000118950
1586247824.760464 -365.075683594 -703.255981445 17.474044800 0.026963389 0.071275443 0.997091293 -0.001361203
1586247824.793464 -365.076690674 -702.958068848 17.441635132 0.027060095 0.070981041 0.997107506 -0.002491706
1586247824.826464 -365.077484131 -702.659606934 17.409255981 0.027221086 0.070711114 0.997119009 -0.003564461
1586247824.859465 -365.103942871 -702.241149902 17.369445801 0.027573017 0.070542276 0.997117817 -0.004432031
1586247824.892465 -365.105621338 -701.940307617 17.336372375 0.027817020 0.070222840 0.997129321 -0.005307510
1586247824.925465 -365.107269287 -701.638549805 17.303504944 0.028170565 0.070060648 0.997126222 -0.006106596
1586247824.958465 -365.108520508 -701.335327148 17.270782471 0.028589044 0.069853760 0.997124255 -0.006802626
1586247824.991465 -365.137481689 -700.910156250 17.230102539 0.028794402 0.069790222 0.997117877 -0.007503586
1586247825.024465 -365.141265869 -700.605346680 17.197868347 0.028867088 0.069661982 0.997119844 -0.008127521
1586247825.057465 -365.145141602 -700.299133301 17.165931702 0.029076520 0.069663301 0.997109175 -0.008660603
1586247825.090465 -365.148406982 -699.992797852 17.134315491 0.029490752 0.069586337 0.997098327 -0.009118335
1586247825.123465 -365.176727295 -699.559814453 17.093307495 0.029762775 0.069598511 0.997084856 -0.009590972
1586247825.156465 -365.181121826 -699.251037598 17.061813354 0.030066926 0.069444321 0.997082531 -0.009994544
1586247825.189465 -365.185699463 -698.941833496 17.030548096 0.030337255 0.069291964 0.997081637 -0.010317636
1586247825.222466 -365.190216064 -698.631286621 16.998626709 0.030618712 0.069287516 0.997070134 -0.010626822
1586247825.255466 -365.219573975 -698.193054199 16.956504822 0.030705458 0.069188468 0.997069716 -0.011053097
1586247825.288466 -365.225555420 -697.880371094 16.923774719 0.030776745 0.069488309 0.997042239 -0.011442107
1586247825.321465 -365.231781006 -697.567321777 16.891296387 0.030960036 0.070067093 0.996992469 -0.011755113
1586247825.354466 -365.237121582 -697.253417969 16.858383179 0.031357616 0.070719093 0.996930242 -0.012069469
1586247825.387466 -365.265747070 -696.809082031 16.814285278 0.031735886 0.071666799 0.996846378 -0.012413370
1586247825.420466 -365.272003174 -696.492980957 16.781997681 0.032180890 0.072877571 0.996740341 -0.012729747
1586247825.453466 -365.278106689 -696.177062988 16.749816895 0.032611743 0.073860258 0.996650815 -0.012976257
1586247825.486466 -365.300445557 -695.764404297 16.707946777 0.033036932 0.074856251 0.996560097 -0.013158534
1586247825.519466 -365.306823730 -695.447753906 16.674957275 0.033541933 0.075622775 0.996482193 -0.013395295
1586247825.552466 -365.313995361 -695.132080078 16.641845703 0.033913732 0.076141410 0.996427715 -0.013573713
1586247825.585466 -365.321228027 -694.816833496 16.608459473 0.034279127 0.076594867 0.996378064 -0.013745523
1586247825.618466 -365.348846436 -694.374328613 16.561920166 0.034823038 0.076418549 0.996370375 -0.013918017
1586247825.651467 -365.356872559 -694.058776855 16.527214050 0.035295799 0.076197639 0.996368766 -0.014055243
1586247825.684466 -365.364654541 -693.743713379 16.492660522 0.035758395 0.075774476 0.996381998 -0.014232115
1586247825.717467 -365.373352051 -693.429077148 16.458068848 0.036033563 0.075104378 0.996419787 -0.014440681
1586247825.750467 -365.400848389 -692.989379883 16.410850525 0.036565546 0.074567713 0.996436596 -0.014721915
1586247825.816467 -365.417846680 -692.356689453 16.342460632 0.037087925 0.073281430 0.996505499 -0.015203497
1586247825.849467 -365.431091309 -692.032348633 16.308395386 -0.037345558 -0.072679110 -0.996537983 0.015334613
1586247825.882467 -365.456970215 -691.600585938 16.263046265 0.037701320 0.072220080 0.996554255 -0.015573600
1586247825.915467 -365.467407227 -691.280212402 16.229675293 0.037962697 0.071889512 0.996565580 -0.015741307
1586247825.948467 -365.478332520 -690.959899902 16.196945190 0.038152948 0.071700543 0.996569097 -0.015919097
1586247825.981467 -365.492675781 -690.631469727 16.163681030 -0.038284481 -0.071458697 -0.996578813 0.016083468
1586247826.014467 -365.518005371 -690.200561523 16.119346619 0.038440518 0.071578003 0.996561944 -0.016224397
1586247826.047467 -365.530578613 -689.875671387 16.086471558 0.038514692 0.071610555 0.996553779 -0.016407089
1586247826.080467 -365.543121338 -689.550170898 16.053985596 0.038621869 0.071684897 0.996540785 -0.016615057
1586247826.113468 -365.556182861 -689.224731445 16.021354675 0.038684625 0.071995810 0.996512771 -0.016807105
1586247826.146468 -365.582672119 -688.787658691 15.976005554 0.039005939 0.072243437 0.996480048 -0.016939770
1586247826.179468 -365.596588135 -688.458618164 15.942832947 0.039093830 0.072541952 0.996451557 -0.017138794
1586247826.212468 -365.610839844 -688.129577637 15.909797668 0.039175406 0.072810270 0.996425688 -0.017316146
1586247826.245468 -365.628173828 -687.792968750 15.875183105 -0.039221555 -0.073073298 -0.996400774 0.017534221
1586247826.278468 -365.651519775 -687.364135742 15.829719543 0.039265886 0.073476061 0.996365964 -0.017728524
1586247826.311468 -365.667266846 -687.031372070 15.794975281 0.039218727 0.073567607 0.996357679 -0.017922729
1586247826.344468 -365.683288574 -686.698242188 15.760536194 0.039257772 0.073660798 0.996346116 -0.018094687
1586247826.377468 -365.699066162 -686.364624023 15.725883484 0.039316881 0.073767506 0.996333420 -0.018225811
1586247826.410468 -365.722778320 -685.929992676 15.678886414 0.039422367 0.073647819 0.996338367 -0.018215576
1586247826.443468 -365.739349365 -685.593566895 15.643112183 0.039394118 0.073742844 0.996331513 -0.018264856
1586247826.476469 -365.756072998 -685.256958008 15.607658386 0.039422438 0.073379241 0.996357322 -0.018262967
1586247826.509468 -365.772338867 -684.919433594 15.571914673 0.039484050 0.073128201 0.996372998 -0.018280100
1586247826.542469 -365.795104980 -684.484252930 15.525062561 0.039675016 0.072756216 0.996391952 -0.018316953
1586247826.575469 -365.813354492 -684.138977051 15.488754272 0.039661281 0.072267711 0.996428728 -0.018281925
1586247826.608469 -365.831726074 -683.793029785 15.452323914 0.039718889 0.072066441 0.996441483 -0.018258341
1586247826.641469 -365.849365234 -683.445861816 15.415939331 0.039906517 0.071927212 0.996443987 -0.018261801
1586247826.674469 -365.867279053 -683.023620605 15.371429443 0.040284913 0.071881168 0.996429920 -0.018377893
1586247826.707469 -365.885406494 -682.672790527 15.335121155 0.040427264 0.071715131 0.996435285 -0.018423744
1586247826.773469 -365.922515869 -681.965087891 15.262405396 -0.040641341 -0.071938738 -0.996409297 0.018483151
1586247826.806469 -365.939453125 -681.545471191 15.218002319 0.040788431 0.072265819 0.996378422 -0.018546728
1586247826.839469 -365.958557129 -681.190612793 15.182098389 0.040800683 0.072611205 0.996352673 -0.018555209
1586247826.872469 -365.977661133 -680.835632324 15.145942688 0.040798362 0.072946288 0.996327758 -0.018585518
1586247826.905469 -365.996673584 -680.479553223 15.109855652 0.040858146 0.073079504 0.996315837 -0.018568575
1586247826.938469 -366.013702393 -680.055480957 15.065216064 0.041058384 0.073122583 0.996302962 -0.018648781
1586247826.971470 -366.033294678 -679.698242188 15.028816223 0.041010503 0.073201053 0.996299028 -0.018658426
1586247827.004469 -366.052612305 -679.340637207 14.991950989 0.040902197 0.073177643 0.996303976 -0.018722087
1586247827.037470 -366.071807861 -678.982299805 14.954727173 0.040918767 0.073085606 0.996309042 -0.018772539
1586247827.070470 -366.090087891 -678.557800293 14.909843445 0.040923350 0.073036283 0.996312618 -0.018769231
1586247827.103470 -366.109008789 -678.198181152 14.872802734 0.041072071 0.072774492 0.996325076 -0.018797539
1586247827.136470 -366.128173828 -677.838439941 14.835647583 0.041246045 0.072611012 0.996330261 -0.018774536
1586247827.169470 -366.147521973 -677.475280762 14.798568726 -0.041328281 -0.072448745 -0.996340036 0.018703969
1586247827.202470 -366.165557861 -677.050537109 14.752593994 0.041287765 0.072346613 0.996347964 -0.018763471
1586247827.235470 -366.185394287 -676.688293457 14.715911865 0.041139442 0.072250366 0.996361494 -0.018743696
1586247827.268470 -366.205535889 -676.325500488 14.679191589 0.040932771 0.072066978 0.996383965 -0.018707337
1586247827.301470 -366.225646973 -675.959594727 14.642799377 -0.040745109 -0.071960934 -0.996400833 0.018626230
1586247827.334471 -366.244049072 -675.532470703 14.596878052 0.040686931 0.071912505 0.996408343 -0.018537896
1586247827.367470 -366.263793945 -675.166687012 14.560317993 0.040642235 0.071892209 0.996412516 -0.018488197
1586247827.400470 -366.283447266 -674.800659180 14.523674011 0.040638998 0.071978346 0.996407330 -0.018440655
1586247827.433470 -366.303009033 -674.434387207 14.487426758 0.040657155 0.071962528 0.996408641 -0.018392406
1586247827.466471 -366.320465088 -674.001953125 14.440963745 0.040741421 0.072008327 0.996401191 -0.018431570
1586247827.499471 -366.339782715 -673.633422852 14.404747009 0.040771965 0.072193839 0.996386886 -0.018410098
1586247827.532471 -366.359100342 -673.264526367 14.368629456 0.040795557 0.072322361 0.996377409 -0.018368933
1586247827.565471 -366.378021240 -672.892761230 14.331077576 -0.040789586 -0.072334602 -0.996378124 0.018294904
1586247827.598471 -366.396881104 -672.461181641 14.285240173 0.040855624 0.072340764 0.996374786 -0.018304028
1586247827.631471 -366.416442871 -672.089904785 14.248321533 0.040778041 0.072385699 0.996375918 -0.018234596
1586247827.664471 -366.436096191 -671.718383789 14.211280823 0.040701568 0.072347231 0.996383846 -0.018128162
1586247827.697471 -366.455780029 -671.346801758 14.174301147 0.040546086 0.072229542 0.996399522 -0.018083507
1586247827.730471 -366.474731445 -670.911865234 14.127853394 0.040553112 0.072048120 0.996411681 -0.018118553
1586247827.763471 -366.494323730 -670.538818359 14.090423584 0.040567353 0.072053097 0.996411443 -0.018082619
1586247827.796471 -366.513702393 -670.165222168 14.053085327 0.040611133 0.071728855 0.996434212 -0.018016424
1586247827.829472 -366.533172607 -669.791259766 14.015808105 0.040677648 0.071514800 0.996447563 -0.017979464
1586247827.862472 -366.551513672 -669.353942871 13.969261169 0.040764980 0.071517050 0.996443152 -0.018016953
1586247827.895472 -366.570922852 -668.977416992 13.931861877 -0.040763274 -0.071340054 -0.996456385 0.017990144
1586247827.928472 -366.589813232 -668.570800781 13.889862061 0.040791515 0.071373791 0.996452630 -0.018002652
1586247827.961472 -366.609527588 -668.192932129 13.852180481 0.040783480 0.071302652 0.996459544 -0.017919520
1586247827.994472 -366.628387451 -667.814270020 13.814399719 0.040928423 0.071388349 0.996449053 -0.017827686
1586247828.027472 -366.647674561 -667.435180664 13.776763916 0.040953558 0.071598232 0.996433556 -0.017794853
1586247828.060472 -366.665893555 -666.995361328 13.730911255 0.041048061 0.071631037 0.996427298 -0.017795254
1586247828.093472 -366.685089111 -666.614501953 13.692970276 0.041087452 0.071779914 0.996415317 -0.017777441
1586247828.126472 -366.704345703 -666.233276367 13.654815674 0.041150678 0.071847387 0.996408641 -0.017733008
1586247828.159472 -366.723541260 -665.851074219 13.616592407 0.041137327 0.071957260 0.996401787 -0.017701529
1586247828.192472 -366.741607666 -665.409729004 13.570549011 0.041083194 0.072165139 0.996389508 -0.017674802
1586247828.225472 -366.761199951 -665.026489258 13.531753540 0.041117523 0.072203115 0.996386170 -0.017628845
1586247828.258472 -366.780426025 -664.643066406 13.492942810 0.041173391 0.072102003 0.996391773 -0.017593201
1586247828.291473 -366.800354004 -664.259338379 13.454284668 0.041167669 0.072219528 0.996384263 -0.017553421
1586247828.324473 -366.816955566 -663.815551758 13.407691956 0.041133925 0.072295092 0.996377289 -0.017712878
1586247828.357473 -366.836456299 -663.430480957 13.368888855 0.041271724 0.072544754 0.996353388 -0.017718961
1586247828.390473 -366.855682373 -663.044677734 13.329643250 0.041445848 0.072613746 0.996341467 -0.017695893
1586247828.423473 -366.875213623 -662.658813477 13.290390015 0.041607179 0.072601199 0.996335924 -0.017681310
1586247828.456473 -366.892150879 -662.215270996 13.244140625 0.041665491 0.072611153 0.996332288 -0.017710911
1586247828.489473 -366.912109375 -661.828308105 13.205329895 0.041641906 0.072526775 0.996338427 -0.017765744
1586247828.522473 -366.932281494 -661.441406250 13.166732788 0.041656118 0.072683819 0.996325195 -0.017830918
1586247828.555473 -366.952301025 -661.052551270 13.127365112 -0.041725609 -0.072664067 -0.996322572 0.017895140
1586247828.588473 -366.968597412 -660.609802246 13.081008911 0.041745044 0.072299168 0.996348321 -0.017895246
1586247828.621473 -366.989013672 -660.222045898 13.042381287 0.041822821 0.072167575 0.996353745 -0.017944835
1586247828.654474 -367.009429932 -659.833679199 13.003417969 0.041891113 0.072190061 0.996347964 -0.018015150
1586247828.687473 -367.030273438 -659.445678711 12.964584351 0.041819867 0.072024912 0.996361375 -0.018101338
1586247828.720474 -367.046569824 -659.000122070 12.918197632 0.041811664 0.071960352 0.996365130 -0.018166905
1586247828.753474 -367.067108154 -658.611083984 12.879562378 0.041862629 0.071851276 0.996370018 -0.018213484
1586247828.786474 -367.087341309 -658.221557617 12.840835571 0.041948143 0.071800783 0.996368766 -0.018285563
1586247828.819474 -367.107910156 -657.831909180 12.802680969 0.042040221 0.071804434 0.996362805 -0.018383235
1586247828.852474 -367.125457764 -657.385314941 12.756790161 0.042195629 0.071779035 0.996356726 -0.018456943
1586247828.885474 -367.145446777 -656.994323730 12.718482971 0.042238370 0.071604483 0.996365726 -0.018548176
1586247828.918474 -367.166015625 -656.603332520 12.680015564 0.042257924 0.071636662 0.996360600 -0.018655241
1586247828.951474 -367.186035156 -656.209777832 12.641510010 -0.042258177 -0.071777545 -0.996350110 0.018675342
1586247828.984474 -367.205963135 -655.763916016 12.594894409 0.042375315 0.072072349 0.996321797 -0.018785993
1586247829.017474 -367.226501465 -655.371154785 12.556243896 0.042543001 0.072269790 0.996299505 -0.018831402
1586247829.050474 -367.246856689 -654.977905273 12.517227173 0.042650860 0.072552599 0.996272743 -0.018916860
1586247829.083474 -367.267150879 -654.543090820 12.472068787 0.042747267 0.072868183 0.996242344 -0.019082051
1586247829.116475 -367.287994385 -654.149047852 12.432731628 0.042763028 0.073181346 0.996217370 -0.019155275
1586247829.149475 -367.308624268 -653.754455566 12.393356323 0.042823896 0.073665597 0.996177256 -0.019245589
1586247829.182475 -367.329376221 -653.360046387 12.353767395 0.042932443 0.074136302 0.996136427 -0.019312777
1586247829.215475 -367.350341797 -652.911010742 12.306129456 0.043133672 0.074246325 0.996118903 -0.019341087
1586247829.248475 -367.371337891 -652.516174316 12.266082764 0.043199379 0.074198112 0.996118784 -0.019387079
1586247829.281475 -367.392700195 -652.121093750 12.225448608 0.043172486 0.074054502 0.996129155 -0.019465230
1586247829.314475 -367.413330078 -651.723937988 12.184967041 -0.043177769 -0.073965810 -0.996133566 0.019562794
1586247829.347475 -367.435607910 -651.277648926 12.137481689 0.043262362 0.073915809 0.996131599 -0.019663978
1586247829.380475 -367.456756592 -650.882263184 12.096832275 0.043319207 0.073661849 0.996146083 -0.019760294
1586247829.413475 -367.478088379 -650.486389160 12.056106567 0.043474201 0.073321126 0.996163368 -0.019817362
1586247829.446475 -367.498870850 -650.087829590 12.015312195 -0.043464601 -0.072776407 -0.996203065 0.019846857
1586247829.479475 -367.521942139 -649.641296387 11.968223572 0.043498378 0.072520472 0.996218503 -0.019936386
1586247829.512475 -367.543670654 -649.243286133 11.927932739 -0.043447785 -0.072474346 -0.996222556 0.020011336
1586247829.545475 -367.565979004 -648.820556641 11.884719849 0.043507516 0.072358772 0.996226728 -0.020090275
1586247829.578475 -367.587463379 -648.421813965 11.844657898 0.043641195 0.072151847 0.996234655 -0.020155512
1586247829.611476 -367.608795166 -648.022277832 11.804725647 0.043764986 0.071913160 0.996245682 -0.020192098
1586247829.644476 -367.629943848 -647.620727539 11.764556885 -0.043888938 -0.071837567 -0.996244907 0.020231951
1586247829.677476 -367.653045654 -647.173217773 11.719154358 0.044047408 0.072056599 0.996220291 -0.020316869
1586247829.710476 -367.675018311 -646.771972656 11.679420471 0.044069674 0.072136581 0.996212780 -0.020353204
1586247829.743476 -367.696014404 -646.370422363 11.639442444 0.044277016 0.072376326 0.996185064 -0.020408951
1586247829.776476 -367.716613770 -645.968811035 11.599273682 0.044659149 0.072477311 0.996159852 -0.020449845
1586247829.809476 -367.738525391 -645.518798828 11.554458618 0.045366827 0.072390981 0.996134162 -0.020449355
1586247829.842476 -367.758300781 -645.117065430 11.514678955 0.046111222 0.072418913 0.996098042 -0.020449311
1586247829.875476 -367.778686523 -644.715087891 11.475112915 0.046352986 0.072180219 0.996102929 -0.020505432
1586247829.908476 -367.800567627 -644.313232422 11.435646057 0.046090726 0.071953386 0.996128142 -0.020665247
1586247829.941476 -367.824249268 -643.863281250 11.391593933 0.046195164 0.071640871 0.996146441 -0.020636778
1586247829.974477 -367.845092773 -643.459899902 11.350967407 0.046672773 0.071355835 0.996143222 -0.020703243
1586247830.007477 -367.865997314 -643.056030273 11.309425354 0.047228523 0.071220689 0.996125340 -0.020769220
1586247830.073477 -367.911132812 -642.198791504 11.222618103 0.048101589 0.072490469 0.995982826 -0.021204300
1586247830.106477 -367.933135986 -641.791015625 11.181465149 0.048126347 0.073395781 0.995907784 -0.021554800
1586247830.139477 -367.956970215 -641.383544922 11.140907288 0.047701523 0.074362136 0.995850325 -0.021841699
1586247830.172477 -367.979980469 -640.974243164 11.099258423 -0.047583640 -0.075407319 -0.995772243 0.022075539
1586247830.205477 -368.007507324 -640.522033691 11.054870605 0.047770418 0.076071374 0.995708168 -0.022281157
1586247830.238477 -368.030548096 -640.114868164 11.012496948 0.047902383 0.076601587 0.995656133 -0.022503780
1586247830.271477 -368.054931641 -639.708984375 10.969619751 0.047735147 0.076592229 0.995659292 -0.022751950
1586247830.304477 -368.079711914 -639.303710938 10.926254272 0.047361221 0.076018073 0.995716214 -0.022967627
1586247830.337477 -368.109802246 -638.853637695 10.879920959 0.046974566 0.075392760 0.995777190 -0.023177179
1586247830.370478 -368.134857178 -638.448364258 10.836341858 0.046672449 0.074587576 0.995848417 -0.023331083
1586247830.403477 -368.160034180 -638.042968750 10.793006897 0.046468943 0.073956825 0.995901108 -0.023498612
1586247830.436478 -368.184692383 -637.635314941 10.750289917 -0.046228684 -0.073359117 -0.995951533 0.023705877
1586247830.469478 -368.215057373 -637.188293457 10.704948425 0.046379969 0.072715446 0.995987833 -0.023868211
1586247830.502478 -368.240112305 -636.781433105 10.663230896 0.046148509 0.072133541 0.996037781 -0.023997976
1586247830.535478 -368.265136719 -636.373779297 10.621955872 0.045928732 0.071590953 0.996085882 -0.024046075
1586247830.568478 -368.290344238 -635.963928223 10.581474304 -0.045789551 -0.071462601 -0.996098161 0.024185186
1586247830.601478 -368.319763184 -635.513793945 10.537796021 0.045840699 0.071701594 0.996077776 -0.024220973
1586247830.634478 -368.344665527 -635.104309082 10.497543335 0.045778140 0.071852922 0.996068954 -0.024251740
1586247830.667478 -368.369354248 -634.694274902 10.457267761 0.045797139 0.071947843 0.996061444 -0.024247160
1586247830.700478 -368.393920898 -634.283935547 10.416893005 0.045817833 0.072218224 0.996039450 -0.024304979
1586247830.733478 -368.423278809 -633.829895020 10.372856140 0.045871880 0.072598442 0.996006310 -0.024426579
1586247830.766478 -368.448516846 -633.418823242 10.332046509 0.045793708 0.073052950 0.995974541 -0.024515044
1586247830.799479 -368.473571777 -633.008178711 10.291030884 0.045812733 0.073414825 0.995946646 -0.024532774
1586247830.832479 -368.499053955 -632.596374512 10.249282837 -0.045733746 -0.073637903 -0.995932579 0.024581462
1586247830.865479 -368.528015137 -632.143066406 10.205436707 0.045740899 0.073565230 0.995936036 -0.024643619
1586247830.898479 -368.553161621 -631.732299805 10.163337708 0.045787729 0.073242188 0.995955944 -0.024714392
1586247830.931479 -368.578735352 -631.322143555 10.121208191 0.045736007 0.072931014 0.995980144 -0.024757773
1586247830.964479 -368.603973389 -630.910339355 10.078559875 -0.045736972 -0.072713025 -0.995996356 0.024744932
1586247830.997479 -368.632446289 -630.456604004 10.033271790 0.045857612 0.072463475 0.996008277 -0.024773143
1586247831.030479 -368.657928467 -630.045532227 9.990692139 0.045895170 0.072096415 0.996033549 -0.024756642
1586247831.063479 -368.683410645 -629.634277344 9.948211670 0.045989428 0.071863584 0.996045828 -0.024765495
1586247831.096479 -368.709594727 -629.221740723 9.905883789 -0.046140619 -0.071746133 -0.996047497 0.024759054
1586247831.129479 -368.737670898 -628.765136719 9.860961914 0.046214908 0.072077237 0.996017694 -0.024857678
1586247831.162479 -368.763336182 -628.352294922 9.818885803 0.046275780 0.072476745 0.995985329 -0.024878811
1586247831.195480 -368.789062500 -627.939392090 9.777175903 0.046322733 0.072755955 0.995962322 -0.024898557
1586247831.228479 -368.814880371 -627.525268555 9.735061646 -0.046289302 -0.073255926 -0.995925307 0.024973553
1586247831.261480 -368.842712402 -627.067749023 9.691184998 0.046249751 0.073325559 0.995920718 -0.025025174
1586247831.294480 -368.868743896 -626.654907227 9.649169922 0.046264395 0.073377199 0.995914817 -0.025081497
1586247831.327480 -368.894561768 -626.242675781 9.607254028 0.046328474 0.073616929 0.995893538 -0.025107261
1586247831.360480 -368.920104980 -625.830322266 9.564987183 0.046451621 0.073512584 0.995895684 -0.025099039
1586247831.393480 -368.947479248 -625.371887207 9.520614624 0.046530161 0.073630311 0.995881796 -0.025157485
1586247831.426480 -368.973510742 -624.960571289 9.478576660 0.046633080 0.073374182 0.995896816 -0.025126604
1586247831.459480 -368.999389648 -624.548889160 9.436256409 0.046694901 0.073029727 0.995920420 -0.025075793
1586247831.492480 -369.024902344 -624.136230469 9.394470215 -0.046612546 -0.072949044 -0.995929241 0.025115985
1586247831.525480 -369.053039551 -623.678039551 9.348693848 0.046699401 0.072709806 0.995943546 -0.025077891
1586247831.558481 -369.079071045 -623.266052246 9.306655884 0.046713047 0.072750621 0.995938897 -0.025120096
1586247831.591480 -369.104705811 -622.853942871 9.264732361 0.046833597 0.072855875 0.995925426 -0.025124945
1586247831.624480 -369.130493164 -622.440795898 9.222717285 -0.046978582 -0.072889060 -0.995917678 0.025063975
1586247831.657480 -369.157897949 -621.980651855 9.176284790 0.047141302 0.073271833 0.995880246 -0.025128946
1586247831.690481 -369.183746338 -621.568115234 9.134521484 0.047224186 0.073426127 0.995864034 -0.025166985
1586247831.723481 -369.209625244 -621.155822754 9.092826843 0.047314879 0.073586203 0.995849133 -0.025120527
1586247831.756481 -369.236236572 -620.742004395 9.050720215 -0.047422118 -0.074085265 -0.995807171 0.025110893
1586247831.789481 -369.262268066 -620.281005859 9.004508972 0.047415774 0.074270532 0.995795131 -0.025053624
1586247831.822481 -369.288421631 -619.868591309 8.962837219 0.047439933 0.074247956 0.995796978 -0.025002718
1586247831.855481 -369.314636230 -619.457031250 8.921173096 0.047470856 0.074080594 0.995810330 -0.024909740
1586247831.888481 -369.341430664 -619.044311523 8.879173279 -0.047340628 -0.073623195 -0.995853424 0.024788102
1586247831.921481 -369.367462158 -618.583679199 8.833328247 0.047042977 0.073057964 0.995914876 -0.024558237
1586247831.954481 -369.393920898 -618.171997070 8.791732788 0.046829931 0.072424069 0.995977163 -0.024315981
1586247831.987481 -369.420227051 -617.760498047 8.750045776 0.046611886 0.071618207 0.996052623 -0.024030812
1586247832.020482 -369.446594238 -617.348144531 8.708679199 0.046360698 0.070993148 0.996116102 -0.023736345
1586247832.053482 -369.472045898 -616.883911133 8.662437439 0.046268821 0.070328437 0.996172249 -0.023537232
1586247832.086482 -369.497833252 -616.469543457 8.621391296 0.046118882 0.069989607 0.996209860 -0.023250623
1586247832.119482 -369.523559570 -616.054260254 8.580558777 0.045879744 0.069906838 0.996233046 -0.022977948
1586247832.152482 -369.549194336 -615.636230469 8.540367126 -0.045616552 -0.070041612 -0.996241391 0.022725647
1586247832.185482 -369.573669434 -615.169067383 8.494544983 0.045492515 0.070172690 0.996244311 -0.022437751
1586247832.251482 -369.623992920 -614.332702637 8.415702820 0.044972870 0.070746571 0.996237755 -0.021971785
1586247832.284482 -369.648742676 -613.913574219 8.375816345 0.044766039 0.070879333 0.996242821 -0.021732878
1586247832.317482 -369.672393799 -613.443176270 8.329093933 0.044787809 0.071138479 0.996229589 -0.021447754
1586247832.350482 -369.696258545 -613.023071289 8.287925720 0.044848498 0.071333788 0.996217370 -0.021238988
1586247832.383482 -369.720123291 -612.603149414 8.246704102 0.044865109 0.071381144 0.996217847 -0.021021850
1586247832.416482 -369.743927002 -612.182678223 8.205329895 0.044842593 0.071494751 0.996215582 -0.020792134
1586247832.449482 -369.765808105 -611.709594727 8.157630920 0.044899389 0.071651995 0.996208191 -0.020477561
1586247832.482482 -369.788513184 -611.287353516 8.116043091 0.044927426 0.071955539 0.996189117 -0.020277388
1586247832.515483 -369.811157227 -610.864746094 8.074378967 0.044906911 0.072120816 0.996182799 -0.020045612
1586247832.548483 -369.833587646 -610.441711426 8.032691956 0.044974692 0.072407074 0.996161938 -0.019896315
1586247832.581483 -369.856231689 -609.967651367 7.983703613 0.045005322 0.072536960 0.996155024 -0.019703522
1586247832.614483 -369.878295898 -609.543640137 7.941444397 0.045125004 0.072510406 0.996154547 -0.019549690
1586247832.647483 -369.900177002 -609.119445801 7.898971558 0.045333378 0.072581194 0.996142268 -0.019431666
1586247832.680483 -369.922119141 -608.694946289 7.856674194 0.045538291 0.072410084 0.996146798 -0.019357663
1586247832.713483 -369.944213867 -608.219360352 7.807121277 0.045603186 0.072317652 0.996151149 -0.019324102
1586247832.746483 -369.966125488 -607.793395996 7.764694214 0.045699708 0.072436757 0.996137023 -0.019380016
1586247832.779483 -369.988464355 -607.367431641 7.722564697 0.045709159 0.072176687 0.996154785 -0.019412536
1586247832.812483 -370.010620117 -606.941223145 7.680389404 0.045788471 0.072099358 0.996155202 -0.019491477
1586247832.845483 -370.033691406 -606.464416504 7.630943298 0.045741089 0.071611144 0.996188760 -0.019687813
1586247832.878484 -370.056549072 -606.037353516 7.589012146 0.045728877 0.071239084 0.996214271 -0.019775646
1586247832.911484 -370.079681396 -605.610046387 7.547416687 0.045591164 0.071119733 0.996226311 -0.019916875
1586247832.944484 -370.102905273 -605.182128906 7.506057739 0.045476533 0.070744969 0.996256232 -0.020017084
1586247832.977484 -370.127014160 -604.702087402 7.457252502 0.045303199 0.070365369 0.996290326 -0.020050203
1586247833.010484 -370.150817871 -604.272521973 7.416267395 0.045116398 0.070091836 0.996316433 -0.020129642
1586247833.043484 -370.174438477 -603.842651367 7.375328064 0.044936057 0.069773272 0.996345699 -0.020194080
1586247833.076484 -370.198211670 -603.412353516 7.334442139 0.044753131 0.069795698 0.996350288 -0.020294005
1586247833.109484 -370.223846436 -602.930053711 7.285957336 0.044601053 0.069546856 0.996374249 -0.020309024
1586247833.142484 -370.247558594 -602.497436523 7.245414734 0.044466369 0.069826059 0.996358514 -0.020414894
1586247833.175484 -370.271697998 -602.064819336 7.205108643 0.044251930 0.070000693 0.996353745 -0.020517241
1586247833.208484 -370.295928955 -601.630371094 7.164710999 -0.044045426 -0.070173673 -0.996349573 0.020572182
1586247833.241484 -370.321533203 -601.148254395 7.116096497 0.043905716 0.070499256 0.996328235 -0.020788498
1586247833.274484 -370.346069336 -600.714355469 7.075752258 0.043703094 0.070495546 0.996335745 -0.020871982
1586247833.307484 -370.370361328 -600.280151367 7.035163879 0.043518949 0.070579685 0.996335685 -0.020974258
1586247833.340485 -370.393890381 -599.843811035 6.993682861 -0.043403063 -0.070763417 -0.996325135 0.021096395
1586247833.373485 -370.420288086 -599.360290527 6.945053101 0.043335840 0.070683949 0.996329427 -0.021295518
1586247833.406485 -370.444824219 -598.924499512 6.903564453 0.043226767 0.070826270 0.996321321 -0.021421770
1586247833.439485 -370.469329834 -598.488403320 6.862144470 0.043050155 0.070777558 0.996330976 -0.021489590
1586247833.472485 -370.494262695 -598.051025391 6.820693970 -0.042966194 -0.070814408 -0.996329606 0.021601902
1586247833.505485 -370.517456055 -597.608581543 6.777503967 0.042801552 0.070937976 0.996325374 -0.021716863
1586247833.538485 -370.542999268 -597.171142578 6.736244202 0.042557444 0.070903026 0.996336818 -0.021784006
1586247833.571485 -370.568450928 -596.733337402 6.694435120 0.042325281 0.070982680 0.996339679 -0.021848612
1586247833.604485 -370.597656250 -596.214111328 6.640342712 0.042153496 0.071039662 0.996337712 -0.022083109
1586247833.637485 -370.622894287 -595.776000977 6.598426819 0.041900247 0.070985243 0.996350229 -0.022175262
1586247833.670485 -370.648193359 -595.337402344 6.556678772 0.041753128 0.070800535 0.996367097 -0.022284809
1586247833.703485 -370.673553467 -594.898315430 6.514579773 0.041540489 0.070958562 0.996361852 -0.022413455
1586247833.736485 -370.701293945 -594.407409668 6.464874268 0.041238870 0.070762560 0.996386349 -0.022500357
1586247833.769485 -370.726684570 -593.967590332 6.422492981 0.041147429 0.070969716 0.996373415 -0.022588763
1586247833.802485 -370.751647949 -593.527770996 6.379844666 0.041205101 0.071056738 0.996363103 -0.022665452
1586247833.835486 -370.776855469 -593.085571289 6.337028503 -0.041071765 -0.070906907 -0.996375859 0.022816552
1586247833.868486 -370.805938721 -592.594970703 6.288887024 0.040568061 0.071232714 0.996366322 -0.023116440
1586247833.901486 -370.832153320 -592.153747559 6.246505737 0.040414210 0.071415111 0.996357441 -0.023207087
1586247833.934486 -370.857360840 -591.712463379 6.203926086 0.040418047 0.071603514 0.996341228 -0.023311537
1586247833.967486 -370.882446289 -591.271606445 6.161544800 0.040649232 0.071674943 0.996325016 -0.023385206
1586247834.000486 -370.909790039 -590.778686523 6.112388611 0.040887862 0.071734108 0.996308148 -0.023506403
1586247834.033486 -370.934936523 -590.337646484 6.069549561 0.041108549 0.071668401 0.996301472 -0.023605466
1586247834.066486 -370.960906982 -589.896301270 6.027183533 0.041005205 0.071703792 0.996300817 -0.023703147
1586247834.099486 -370.986206055 -589.453735352 5.984611511 -0.041004915 -0.071600594 -0.996307015 0.023755191
1586247834.132486 -371.014892578 -588.959777832 5.934890747 0.041223846 0.071818717 0.996277988 -0.023934910
1586247834.165487 -371.039886475 -588.518005371 5.891471863 0.041629486 0.071766816 0.996262908 -0.024016915
1586247834.198487 -371.064300537 -588.075683594 5.847793579 0.042079397 0.072043635 0.996220708 -0.024153896
1586247834.231487 -371.089111328 -587.632934570 5.804039001 0.042498756 0.072381504 0.996176004 -0.024254534
1586247834.264487 -371.118011475 -587.136352539 5.753601074 0.042741984 0.072614864 0.996143818 -0.024449850
1586247834.297487 -371.143798828 -586.692382812 5.709541321 0.042871352 0.073203906 0.996092856 -0.024540726
1586247834.330487 -371.169616699 -586.248901367 5.665481567 0.043055300 0.073518045 0.996059239 -0.024644729
1586247834.363487 -371.195709229 -585.805419922 5.621109009 0.043154635 0.073806994 0.996030867 -0.024754448
1586247834.396487 -371.221801758 -585.360107422 5.576385498 -0.043284517 -0.074239209 -0.995988250 0.024951378
1586247834.429487 -371.252349854 -584.851928711 5.524314880 0.043518584 0.074132666 0.995983720 -0.025038768
1586247834.462487 -371.279022217 -584.408996582 5.479743958 0.043589242 0.074121498 0.995979071 -0.025134621
1586247834.495487 -371.305633545 -583.966369629 5.435073853 0.043643080 0.073755302 0.996001124 -0.025243569
1586247834.528487 -371.332641602 -583.524230957 5.390617371 0.043626584 0.073200472 0.996039867 -0.025358323
1586247834.561487 -371.364318848 -583.027587891 5.339851379 0.043682598 0.072880842 0.996058643 -0.025442861
1586247834.594488 -371.392150879 -582.585205078 5.295585632 0.043612693 0.072216183 0.996107817 -0.025536705
1586247834.627487 -371.419982910 -582.142395020 5.251457214 0.043456819 0.071786791 0.996143818 -0.025606280
1586247834.660488 -371.448120117 -581.699401855 5.207870483 0.043349389 0.071521290 0.996165693 -0.025682624
1586247834.693488 -371.475067139 -581.253723145 5.164558411 -0.043326300 -0.071259364 -0.996183753 0.025747018
1586247834.726488 -371.510101318 -580.744079590 5.113777161 0.043233950 0.071333386 0.996176898 -0.025961565
1586247834.759488 -371.538208008 -580.299377441 5.071372986 0.043105982 0.071296766 0.996181309 -0.026105911
1586247834.792488 -371.566101074 -579.854492188 5.028480530 0.043094520 0.071370646 0.996173978 -0.026200216
1586247834.825488 -371.594238281 -579.410095215 4.986152649 0.043107264 0.071646765 0.996151030 -0.026299654
1586247834.858488 -371.623382568 -578.963073730 4.943908691 -0.043184210 -0.072125942 -0.996110201 0.026408916
1586247834.891488 -371.657073975 -578.452270508 4.892036438 0.043250851 0.072542965 0.996073544 -0.026540959
1586247834.924488 -371.685485840 -578.007568359 4.849586487 0.043247130 0.072612748 0.996064901 -0.026681617
1586247834.957488 -371.714263916 -577.563476562 4.807510376 0.043064825 0.072825015 0.996052742 -0.026850540
1586247834.990488 -371.743499756 -577.120117188 4.765289307 0.042716764 0.072942585 0.996054173 -0.027033450
1586247835.023489 -371.778167725 -576.622924805 4.715560913 0.042398956 0.072843015 0.996070027 -0.027217405
1586247835.056489 -371.807617188 -576.180358887 4.673225403 0.042170946 0.072896346 0.996071339 -0.027381020
1586247835.089489 -371.837188721 -575.738647461 4.630783081 0.041988898 0.072472051 0.996105552 -0.027541736
1586247835.122489 -371.865844727 -575.295654297 4.587722778 -0.042304527 -0.071985468 -0.996126235 0.027586255
1586247835.155489 -371.899871826 -574.801208496 4.537231445 0.042556707 0.071763165 0.996126711 -0.027758427
1586247835.188489 -371.929046631 -574.359680176 4.494743347 0.042719964 0.071532026 0.996135890 -0.027778231
1586247835.221489 -371.958312988 -573.917602539 4.452232361 0.042766098 0.071896501 0.996105731 -0.027846348
1586247835.254489 -371.987792969 -573.473876953 4.410133362 -0.042779829 -0.072148450 -0.996084929 0.027917882
1586247835.287489 -372.022857666 -572.979187012 4.360427856 0.042416994 0.072368793 0.996084273 -0.027923485
1586247835.320489 -372.052490234 -572.537109375 4.318031311 0.042446863 0.072740942 0.996054888 -0.027960181
1586247835.353489 -372.081909180 -572.095764160 4.276313782 0.042487279 0.073150337 0.996021986 -0.028004471
1586247835.386489 -372.111602783 -571.653564453 4.233619690 -0.042547379 -0.073146157 -0.996019900 0.027996324
1586247835.419490 -372.145385742 -571.160705566 4.183891296 0.042228539 0.073249213 0.996021628 -0.028146248
1586247835.452489 -372.174713135 -570.720458984 4.141151428 0.042280167 0.072863519 0.996048212 -0.028130734
1586247835.485490 -372.203460693 -570.281188965 4.098220825 0.042539153 0.072787434 0.996043801 -0.028093342
1586247835.518490 -372.231445312 -569.840637207 4.054100037 -0.042958695 -0.072729222 -0.996033251 0.027978100
1586247835.551490 -372.264648438 -569.348754883 4.004180908 0.043037802 0.072688110 0.996036232 -0.027857339
1586247835.584490 -372.292968750 -568.909057617 3.960891724 0.043277979 0.073010981 0.996004820 -0.027764173
1586247835.617490 -372.321685791 -568.470458984 3.918312073 0.043403443 0.073220730 0.995987356 -0.027643438
1586247835.650490 -372.350280762 -568.031982422 3.876037598 0.043318901 0.073016286 0.996011138 -0.027458310
1586247835.683490 -372.384429932 -567.538879395 3.826667786 0.043030303 0.073379003 0.995998263 -0.027410630
1586247835.716490 -372.413696289 -567.101745605 3.784439087 0.042780098 0.073178142 0.996026874 -0.027300302
1586247835.749490 -372.442169189 -566.665710449 3.742431641 0.042695768 0.072671346 0.996070981 -0.027178004
1586247835.782490 -372.470642090 -566.230407715 3.700408936 0.042585745 0.072496414 0.996090889 -0.027089249
1586247835.815490 -372.505462646 -565.740844727 3.651847839 0.042151880 0.071454972 0.996183634 -0.027122691
1586247835.848490 -372.533966064 -565.306518555 3.610519409 0.041947067 0.070566401 0.996257901 -0.027039200
1586247835.881490 -372.563140869 -564.871154785 3.569625854 0.041271184 0.070378385 0.996299386 -0.027038464
1586247835.914491 -372.593597412 -564.436218262 3.527549744 0.040305957 0.070190057 0.996351838 -0.027052622
1586247835.947491 -372.630096436 -563.945922852 3.478172302 0.039644800 0.070236795 0.996381402 -0.026820470
1586247835.980491 -372.657623291 -563.508056641 3.435989380 0.039820988 0.071510799 0.996286213 -0.026727632
1586247836.013491 -372.685119629 -563.070678711 3.394111633 0.039985113 0.072687216 0.996198177 -0.026590884
1586247836.046491 -372.712921143 -562.631347656 3.352264404 -0.040002521 -0.074337214 -0.996079266 0.026454521
1586247836.079491 -372.746185303 -562.140502930 3.302146912 0.039906390 0.075746723 0.995980024 -0.026337940
1586247836.112491 -372.775451660 -561.704345703 3.259559631 -0.039469685 -0.076965772 -0.995906949 0.026228100
1586247836.145491 -372.806579590 -561.242431641 3.210876465 0.038827870 0.077693425 0.995879531 -0.026078604
1586247836.178491 -372.835876465 -560.809753418 3.166244507 0.038465265 0.077240527 0.995932281 -0.025948981
1586247836.211491 -372.863952637 -560.378356934 3.119720459 0.038459040 0.076861784 0.995964170 -0.025859933
1586247836.244492 -372.894073486 -559.907348633 3.066497803 0.038610313 0.075835370 0.996039093 -0.025777955
1586247836.277492 -372.921142578 -559.477905273 3.020706177 0.038840588 0.074844398 0.996107697 -0.025677733
1586247836.310492 -372.947784424 -559.048583984 2.975547791 0.039029416 0.073763683 0.996183038 -0.025592735
1586247836.343492 -372.974609375 -558.619689941 2.931480408 0.039121859 0.072909780 0.996243775 -0.025534388
1586247836.376492 -373.006011963 -558.136779785 2.879020691 0.038898531 0.071572296 0.996351838 -0.025443181
1586247836.409492 -373.033447266 -557.707397461 2.837524414 0.038735807 0.070782453 0.996419072 -0.025267618
1586247836.442492 -373.060424805 -557.277587891 2.796432495 0.038802139 0.070230611 0.996458828 -0.025137221
1586247836.475492 -373.087707520 -556.846435547 2.755958557 -0.038823597 -0.070271969 -0.996458888 0.024986152
1586247836.508492 -373.118408203 -556.363769531 2.707023621 0.038774487 0.070343241 0.996459424 -0.024840554
1586247836.541492 -373.144622803 -555.932739258 2.667594910 0.039023120 0.070574321 0.996437252 -0.024685340
1586247836.574492 -373.170867920 -555.501464844 2.628349304 0.039127324 0.071009770 0.996404409 -0.024598099
1586247836.607492 -373.196655273 -555.068115234 2.588821411 -0.039131649 -0.071804412 -0.996348381 0.024552833
1586247836.640492 -373.227996826 -554.585327148 2.538711548 0.038745053 0.072792366 0.996292174 -0.024534669
1586247836.673492 -373.253814697 -554.154785156 2.498596191 0.038959369 0.073403724 0.996241212 -0.024443563
1586247836.772493 -373.334289551 -552.817810059 2.364967346 0.039883010 0.073856115 0.996173978 -0.024333321
1586247836.805493 -373.359313965 -552.391357422 2.323265076 0.040137544 0.073580623 0.996183038 -0.024377275
1586247836.838493 -373.384368896 -551.966369629 2.281166077 0.040262975 0.073018022 0.996218741 -0.024403522
1586247836.871493 -373.409576416 -551.539062500 2.238716125 -0.040357850 -0.072223932 -0.996272624 0.024410393
1586247836.904493 -373.443237305 -551.066894531 2.185516357 0.040232107 0.071622632 0.996321440 -0.024398090
1586247836.937493 -373.468383789 -550.642456055 2.143661499 0.040423226 0.070842460 0.996367812 -0.024465591
1586247836.970493 -373.493591309 -550.217956543 2.102127075 0.040595967 0.070373081 0.996391058 -0.024587033
1586247837.003493 -373.521087646 -549.791992188 2.061027527 -0.040738288 -0.070208967 -0.996391892 0.024788145
1586247837.036493 -373.555175781 -549.320556641 2.010406494 0.040602267 0.070240431 0.996391177 -0.024948781
1586247837.069493 -373.582397461 -548.895507812 1.970619202 0.040612452 0.070453219 0.996369839 -0.025182499
1586247837.102494 -373.609344482 -548.470703125 1.931282043 0.040624484 0.070730135 0.996343017 -0.025448060
1586247837.135494 -373.642791748 -548.010986328 1.884300232 0.040406939 0.071060382 0.996325612 -0.025553843
1586247837.168494 -373.671020508 -547.587097168 1.845817566 0.040297557 0.071364544 0.996299386 -0.025901437
1586247837.201494 -373.699340820 -547.163452148 1.807151794 0.040244564 0.071482435 0.996284604 -0.026221491
1586247837.234494 -373.728057861 -546.741149902 1.768211365 0.040158655 0.071634598 0.996266603 -0.026620653
1586247837.267494 -373.765594482 -546.273193359 1.718139648 0.039934516 0.071396753 0.996283710 -0.026954116
1586247837.300494 -373.794128418 -545.851684570 1.677795410 0.040081721 0.071283214 0.996274710 -0.027367597
1586247837.333494 -373.822784424 -545.431030273 1.637420654 0.040320873 0.071122371 0.996264637 -0.027797397
1586247837.366494 -373.851684570 -545.008117676 1.596603394 -0.040687084 -0.071055025 -0.996240139 0.028308483
1586247837.399494 -373.890991211 -544.543823242 1.546066284 0.040929515 0.071424194 0.996193826 -0.028657172
1586247837.432494 -373.920959473 -544.122741699 1.505226135 0.041075375 0.071757823 0.996146858 -0.029243378
1586247837.465495 -373.951568604 -543.701660156 1.464500427 0.041153315 0.072200976 0.996092558 -0.029884651
1586247837.498494 -373.982452393 -543.279052734 1.422828674 -0.041287400 -0.072713457 -0.996029913 0.030539090
1586247837.531495 -374.026611328 -542.816162109 1.372703552 0.041270260 0.073113866 0.995983660 -0.031107239
1586247837.564495 -374.058837891 -542.395874023 1.331733704 0.041443013 0.073594235 0.995915473 -0.031917725
1586247837.597495 -374.091186523 -541.976196289 1.290245056 0.041720808 0.074072517 0.995840371 -0.032782204
1586247837.630495 -374.124694824 -541.557556152 1.249084473 0.041838605 0.074105136 0.995800018 -0.033768956
1586247837.663495 -374.174194336 -541.097290039 1.198478699 0.041574143 0.073972821 0.995790243 -0.034661919
1586247837.696495 -374.209564209 -540.679809570 1.156379700 0.041501045 0.073814750 0.995766163 -0.035761911
1586247837.729495 -374.246002197 -540.263427734 1.115104675 0.041325293 0.073160380 0.995780468 -0.036893815
1586247837.762495 -374.283508301 -539.846313477 1.073608398 -0.040990762 -0.072486825 -0.995802701 0.037980776
1586247837.795495 -374.340576172 -539.392822266 1.025680542 0.040656589 0.071920201 0.995814502 -0.039090369
1586247837.828495 -374.380493164 -538.978515625 0.986045837 0.040147234 0.070786797 0.995867312 -0.040320121
1586247837.861495 -374.420928955 -538.565063477 0.947227478 0.039979082 0.069817603 0.995891988 -0.041549757
1586247837.894495 -374.461242676 -538.151733398 0.908355713 0.040187418 0.068765722 0.995904326 -0.042788256
1586247837.927495 -374.522491455 -537.699890137 0.862289429 0.040557582 0.067756049 0.995911062 -0.043878589
1586247837.960496 -374.564361572 -537.286010742 0.824462891 0.040908728 0.067228764 0.995872617 -0.045216899
1586247837.993495 -374.606903076 -536.871459961 0.787704468 0.041289095 0.067145117 0.995798111 -0.046615355
1586247838.026496 -374.650787354 -536.456237793 0.750976562 0.041583095 0.067311682 0.995704412 -0.048091032
1586247838.059496 -374.719024658 -536.004455566 0.707550049 0.041584246 0.067914270 0.995593548 -0.049516238
1586247838.092496 -374.765441895 -535.589172363 0.671867371 0.042085029 0.068594031 0.995442867 -0.051159397
1586247838.125496 -374.811431885 -535.174011230 0.636550903 0.043079473 0.069368824 0.995254874 -0.052913651
1586247838.158496 -374.857757568 -534.759765625 0.600646973 0.044469006 0.069894999 0.995057821 -0.054746244
1586247838.191496 -374.929351807 -534.310913086 0.557182312 0.045517940 0.070476867 0.994862616 -0.056653097
1586247838.224496 -374.979858398 -533.898010254 0.519798279 0.046345025 0.070968524 0.994664490 -0.058805749
1586247838.257496 -375.031890869 -533.486206055 0.481803894 0.047150563 0.071172386 0.994475007 -0.061080046
1586247838.290497 -375.085906982 -533.075561523 0.443161011 0.048032124 0.071323089 0.994273901 -0.063446537
1586247838.323496 -375.166595459 -532.631225586 0.398147583 0.048518855 0.071398303 0.994105518 -0.065593272
1586247838.356497 -375.224792480 -532.221557617 0.359626770 0.049236350 0.071435921 0.993903995 -0.068026900
1586247838.389497 -375.284637451 -531.812072754 0.321746826 0.049892254 0.071826711 0.993672490 -0.070475355
1586247838.422497 -375.350097656 -531.402709961 0.282897949 -0.050082613 -0.071837671 -0.993490279 0.072857425
1586247838.455497 -375.439941406 -530.962402344 0.240364075 0.049831033 0.072042815 0.993317842 -0.075142518
1586247838.488497 -375.509155273 -530.555786133 0.202033997 0.049523778 0.072118871 0.993136585 -0.077627689
1586247838.521497 -375.580627441 -530.150146484 0.163848877 0.049163524 0.072191291 0.992956817 -0.080051474
1586247838.554497 -375.655151367 -529.743896484 0.124893188 -0.048774157 -0.072168685 -0.992789865 0.082347423
1586247838.587497 -375.755004883 -529.306091309 0.084373474 0.048293289 0.072270334 0.992609322 -0.084684648
1586247838.620497 -375.833129883 -528.902099609 0.046554565 0.047788739 0.072399937 0.992416859 -0.087082870
1586247838.653497 -375.912353516 -528.498901367 0.008796692 0.047244936 0.072549246 0.992222309 -0.089439414
1586247838.686497 -375.994567871 -528.095153809 -0.029006958 -0.046854608 -0.072731115 -0.992025554 0.091652550
1586247838.719497 -376.102111816 -527.660644531 -0.068389893 0.046576370 0.072836623 0.991820693 -0.093899876
1586247838.752497 -376.187072754 -527.259521484 -0.105895996 -0.046345036 -0.072634533 -0.991624653 0.096213564
1586247838.785498 -376.284362793 -526.842529297 -0.144142151 0.046367530 0.072565623 0.991402805 -0.098512873
1586247838.818497 -376.371276855 -526.442932129 -0.181678772 0.046533901 0.072435178 0.991168082 -0.100864366
1586247838.851498 -376.459106445 -526.043945312 -0.219451904 0.046721376 0.072422348 0.990916371 -0.103232190
1586247838.884498 -376.548461914 -525.645507812 -0.257369995 0.046987921 0.072241619 0.990672231 -0.105554685
1586247838.917498 -376.665710449 -525.214233398 -0.295516968 0.047266804 0.072093591 0.990427911 -0.107800253
1586247838.950498 -376.758728027 -524.817016602 -0.332931519 0.047647577 0.071749352 0.990174294 -0.110166609
1586247838.983498 -376.852783203 -524.420043945 -0.370239258 0.048090719 0.071533032 0.989902377 -0.112532824
1586247839.016498 -376.948730469 -524.023254395 -0.407356262 0.048343625 0.071925178 0.989591062 -0.114888042
1586247839.049498 -377.074279785 -523.593872070 -0.443916321 0.048477013 0.071995594 0.989325881 -0.117051080
1586247839.082498 -377.174743652 -523.198181152 -0.481071472 0.048720423 0.072148763 0.989022434 -0.119396910
1586247839.115498 -377.275756836 -522.802917480 -0.517883301 0.049218807 0.072167993 0.988710046 -0.121744618
1586247839.148499 -377.380676270 -522.407104492 -0.555221558 -0.049560476 -0.072122633 -0.988415599 0.124002919
1586247839.181499 -377.511596680 -521.980468750 -0.590019226 0.049836926 0.072459377 0.988085508 -0.126304924
1586247839.214499 -377.618835449 -521.587158203 -0.626251221 0.050056081 0.072592936 0.987760246 -0.128664181
1586247839.247499 -377.727600098 -521.194458008 -0.662483215 0.050310429 0.072577611 0.987446308 -0.130962625
1586247839.280499 -377.838562012 -520.803100586 -0.698471069 0.050371941 0.072168253 0.987162352 -0.133285239
1586247839.313499 -377.979309082 -520.378723145 -0.732406616 0.050240614 0.071688265 0.986915946 -0.135401815
1586247839.346499 -378.094299316 -519.988830566 -0.768463135 0.050201330 0.071282513 0.986630082 -0.137694314
1586247839.379499 -378.210937500 -519.599304199 -0.804466248 0.049981549 0.071104541 0.986319721 -0.140069276
1586247839.412499 -378.329833984 -519.210571289 -0.840316772 0.049639527 0.070678301 0.986043453 -0.142333969
1586247839.445499 -378.479064941 -518.786315918 -0.873718262 0.049384326 0.070634410 0.985761225 -0.144384399
1586247839.478499 -378.601379395 -518.397766113 -0.908859253 0.049004119 0.070462801 0.985471070 -0.146561831
1586247839.511499 -378.725952148 -518.010009766 -0.943435669 0.048425023 0.070314921 0.985186815 -0.148720995
1586247839.544499 -378.851806641 -517.622497559 -0.977767944 0.047833402 0.070495911 0.984891772 -0.150766730
1586247839.577499 -379.008605957 -517.198852539 -1.009834290 0.047641736 0.070717581 0.984612346 -0.152538016
1586247839.610500 -379.137756348 -516.812377930 -1.043609619 0.047026876 0.070698805 0.984343529 -0.154460445
1586247839.643500 -379.268371582 -516.426452637 -1.077301025 0.046325926 0.070441507 0.984106719 -0.156287909
1586247839.676500 -379.401306152 -516.041259766 -1.111465454 0.045383953 0.070488095 0.983863056 -0.158067390
1586247839.709500 -379.565734863 -515.620849609 -1.143737793 0.044159498 0.070346013 0.983667552 -0.159685865
1586247839.742500 -379.701721191 -515.236267090 -1.178314209 0.042949528 0.070294954 0.983449936 -0.161369741
1586247839.775500 -379.837341309 -514.851135254 -1.213211060 0.042364676 0.070794709 0.983188093 -0.162894443
1586247839.808500 -379.973693848 -514.466735840 -1.247917175 0.042026594 0.070906237 0.982954860 -0.164334849
1586247839.841500 -380.139892578 -514.048339844 -1.280082703 0.041836951 0.071888424 0.982690156 -0.165534943
1586247839.874500 -380.277709961 -513.664611816 -1.314590454 0.041757107 0.072236188 0.982445300 -0.166852012
1586247839.907500 -380.416259766 -513.281311035 -1.349632263 0.041519538 0.072728060 0.982194304 -0.168170139
1586247839.940500 -380.555297852 -512.898986816 -1.384712219 0.041242547 0.072989427 0.981973350 -0.169410780
1586247839.973500 -380.721862793 -512.483337402 -1.417282104 0.041150641 0.073083945 0.981788278 -0.170461804
1586247840.006500 -380.860900879 -512.101989746 -1.452774048 0.041583158 0.073333442 0.981541216 -0.171668068
1586247840.039500 -381.000732422 -511.721069336 -1.488533020 0.042032488 0.073544167 0.981296241 -0.172864705
1586247840.072501 -381.141296387 -511.341094971 -1.524589539 0.042545035 0.073685609 0.981052518 -0.174058810
1586247840.105501 -381.308898926 -510.928405762 -1.559509277 0.042822149 0.074106321 0.980792105 -0.175275013
1586247840.138501 -381.451660156 -510.549255371 -1.595146179 0.043100715 0.074101634 0.980553269 -0.176540628
1586247840.171501 -381.595703125 -510.170806885 -1.630737305 0.043210804 0.074109219 0.980316460 -0.177821249
1586247840.204501 -381.740051270 -509.792694092 -1.665878296 0.043333586 0.074537672 0.980050147 -0.179075807
1586247840.237501 -381.910095215 -509.383789062 -1.699913025 0.043631207 0.074685015 0.979825139 -0.180170074
1586247840.270501 -382.056030273 -509.006866455 -1.734931946 0.043976493 0.075137593 0.979557455 -0.181349754
1586247840.303501 -382.202209473 -508.630737305 -1.770362854 0.044391945 0.075046793 0.979352236 -0.182391137
1586247840.336501 -382.351013184 -508.255371094 -1.805114746 -0.044695869 -0.074696422 -0.979181170 0.183376700
1586247840.369501 -382.521972656 -507.851745605 -1.839965820 0.044684604 0.074721545 0.979001880 -0.184324026
1586247840.402501 -382.672180176 -507.479034424 -1.873794556 0.044406593 0.074235953 0.978886306 -0.185199365
1586247840.435502 -382.823120117 -507.106658936 -1.907325745 0.043967813 0.074019477 0.978768826 -0.186009735
1586247840.468502 -382.974731445 -506.735168457 -1.940887451 0.043716341 0.073654130 0.978660882 -0.186780274
1586247840.501502 -383.148742676 -506.334228516 -1.975105286 0.043660365 0.073295683 0.978576183 -0.187377095
1586247840.534502 -383.300598145 -505.963745117 -2.008743286 0.043611545 0.073152199 0.978458762 -0.188056469
1586247840.567502 -383.451965332 -505.593292236 -2.042434692 0.043828100 0.073063187 0.978329837 -0.188710526
1586247840.600502 -383.603515625 -505.223327637 -2.075881958 0.044107251 0.073104233 0.978170633 -0.189453453
1586247840.633502 -383.776611328 -504.825500488 -2.108512878 0.044219203 0.073205270 0.978007793 -0.190227538
1586247840.666502 -383.929565430 -504.456268311 -2.140853882 0.044437066 0.073323742 0.977833629 -0.191024661
1586247840.699502 -384.082275391 -504.088073730 -2.173461914 0.044597156 0.073801443 0.977626801 -0.191860110
1586247840.732502 -384.235351562 -503.721313477 -2.206062317 0.044749439 0.074252754 0.977421761 -0.192693442
1586247840.765502 -384.407714844 -503.327514648 -2.238922119 0.044965655 0.074442558 0.977257013 -0.193404108
1586247840.798502 -384.561767578 -502.962341309 -2.271385193 0.045291249 0.074801408 0.977059841 -0.194184467
1586247840.831502 -384.715454102 -502.598205566 -2.303688049 0.045676805 0.075135425 0.976854801 -0.194994867
1586247840.864502 -384.870117188 -502.235687256 -2.336029053 0.045900784 0.075419731 0.976668596 -0.195763946
1586247840.897502 -385.030700684 -501.867126465 -2.367362976 0.046126414 0.075946435 0.976475358 -0.196469888
1586247840.930503 -385.185791016 -501.506103516 -2.400344849 0.046444386 0.076401614 0.976286292 -0.197156772
1586247840.963503 -385.341796875 -501.147155762 -2.433097839 0.046392500 0.076667517 0.976101637 -0.197978437
1586247840.996503 -385.497802734 -500.789062500 -2.465759277 0.046328090 0.077284135 0.975892663 -0.198782369
1586247841.029503 -385.679199219 -500.386352539 -2.500556946 0.046367392 0.077586398 0.975713074 -0.199535683
1586247841.062503 -385.835327148 -500.031188965 -2.532287598 0.046430707 0.077695876 0.975546777 -0.200290009
1586247841.095503 -385.991210938 -499.677612305 -2.563781738 0.046443030 0.077783048 0.975379586 -0.201065928
1586247841.128503 -386.147583008 -499.326599121 -2.594696045 0.046502225 0.077522703 0.975245476 -0.201802284
1586247841.161503 -386.316955566 -498.952575684 -2.627685547 0.046759509 0.077152282 0.975083411 -0.202665836
1586247841.194503 -386.472595215 -498.605163574 -2.658546448 0.047073506 0.076276377 0.974977136 -0.203434765
1586247841.227503 -386.628540039 -498.259307861 -2.688995361 0.047206379 0.075481884 0.974874496 -0.204190612
1586247841.260504 -386.784606934 -497.915100098 -2.719169617 0.047286630 0.074697115 0.974772990 -0.204943925
1586247841.293504 -386.942932129 -497.569824219 -2.748214722 -0.047382191 -0.074003942 -0.974683046 0.205599934
1586247841.326504 -387.112609863 -497.200012207 -2.779266357 0.047437996 0.073430315 0.974572301 -0.206316590
1586247841.359504 -387.269836426 -496.858703613 -2.807449341 0.047448188 0.073183104 0.974450231 -0.206977606
1586247841.392504 -387.427307129 -496.518157959 -2.834754944 0.047451947 0.073201731 0.974300146 -0.207675502
1586247841.425504 -387.585144043 -496.178955078 -2.861396790 0.047392882 0.073389135 0.974142492 -0.208361536
1586247841.458504 -387.751953125 -495.817993164 -2.889183044 0.047160551 0.073646381 0.973965645 -0.209148318
1586247841.491504 -387.909851074 -495.481811523 -2.915237427 0.046970867 0.073892817 0.973798513 -0.209880948
1586247841.524504 -388.067565918 -495.146820068 -2.941070557 0.046626814 0.074215896 0.973622799 -0.210657418
1586247841.557504 -388.225402832 -494.814086914 -2.967414856 0.046432577 0.074424446 0.973455310 -0.211399853
1586247841.590504 -388.391418457 -494.459228516 -2.994407654 0.046306752 0.074416839 0.973307550 -0.212109178
1586247841.623504 -388.548217773 -494.129394531 -3.021354675 0.046317287 0.074289642 0.973156273 -0.212844402
1586247841.656504 -388.704772949 -493.801330566 -3.048400879 0.046428688 0.074069366 0.973011971 -0.213555574
1586247841.689505 -388.861022949 -493.474975586 -3.075241089 0.046386920 0.073861808 0.972870946 -0.214277610
1586247841.722504 -389.026245117 -493.128601074 -3.102493286 0.046248984 0.073526658 0.972745478 -0.214991167
1586247841.755505 -389.183532715 -492.805267334 -3.128997803 0.046044145 0.073129319 0.972633779 -0.215674639
1586247841.788505 -389.341308594 -492.483734131 -3.155433655 0.045786891 0.072997905 0.972513378 -0.216316238
1586247841.821505 -389.498291016 -492.163696289 -3.181510925 0.045569599 0.072816327 0.972414374 -0.216867536
1586247841.854505 -389.660705566 -491.824981689 -3.206474304 0.045299318 0.072780639 0.972311258 -0.217397884
1586247841.887505 -389.817749023 -491.507446289 -3.231735229 0.045070559 0.072841302 0.972200632 -0.217919439
1586247841.920505 -389.973754883 -491.191497803 -3.256454468 0.044808045 0.072997384 0.972076178 -0.218475372
1586247841.953505 -390.129455566 -490.877746582 -3.280654907 0.044504501 0.073331274 0.971936107 -0.219048172
1586247841.986505 -390.288696289 -490.548889160 -3.304100037 0.044275329 0.073546022 0.971781135 -0.219709337
1586247842.019505 -390.443115234 -490.238952637 -3.327888489 0.044106226 0.074053563 0.971607089 -0.220341504
1586247842.052505 -390.596679688 -489.931671143 -3.351799011 0.044032432 0.074447259 0.971447051 -0.220928788
1586247842.085505 -390.749450684 -489.626770020 -3.375778198 0.044021148 0.074687392 0.971288323 -0.221546888
1586247842.118505 -390.903686523 -489.308471680 -3.399520874 0.044117264 0.074878491 0.971121490 -0.222193420
1586247842.151506 -391.055053711 -489.008422852 -3.423637390 0.044121541 0.075091131 0.970977902 -0.222748041
1586247842.184506 -391.205444336 -488.710754395 -3.447784424 0.044039365 0.075329930 0.970859587 -0.223198608
1586247842.217506 -391.355163574 -488.415893555 -3.471725464 0.043887097 0.075533241 0.970756590 -0.223607555
1586247842.250506 -391.505249023 -488.109863281 -3.494995117 0.043851554 0.075712554 0.970660031 -0.223972708
1586247842.283506 -391.652893066 -487.820190430 -3.518554688 0.043826200 0.075904615 0.970585823 -0.224234194
1586247842.316506 -391.799621582 -487.533447266 -3.541923523 0.043741640 0.075789504 0.970537543 -0.224498391
1586247842.349506 -391.944641113 -487.248962402 -3.564926147 0.043645237 0.075707413 0.970490217 -0.224749237
1586247842.382506 -392.090637207 -486.965972900 -3.586441040 -0.043542586 -0.075785749 -0.970432639 0.224991620
1586247842.415506 -392.234436035 -486.672210693 -3.608207703 0.043422617 0.075713150 0.970380247 -0.225264758
1586247842.448506 -392.376892090 -486.395538330 -3.629951477 0.043307669 0.075744368 0.970341146 -0.225444809
1586247842.481506 -392.518188477 -486.121582031 -3.651618958 0.043242440 0.075675912 0.970316052 -0.225588500
1586247842.514507 -392.658203125 -485.850585938 -3.672988892 0.043177947 0.075354509 0.970308185 -0.225742161
1586247842.547506 -392.796630859 -485.570129395 -3.693977356 0.043181524 0.075275123 0.970265090 -0.225953043
1586247842.580507 -392.933654785 -485.303497314 -3.715179443 0.043357793 0.074900582 0.970248103 -0.226116449
1586247842.613507 -393.069335938 -485.039367676 -3.736137390 0.043429203 0.074844517 0.970207036 -0.226297736
1586247842.646507 -393.203979492 -484.777709961 -3.756431580 0.043484446 0.075159691 0.970131874 -0.226504713
1586247842.679507 -393.337768555 -484.509124756 -3.776191711 0.043504454 0.075076118 0.970100105 -0.226664573
1586247842.712507 -393.471008301 -484.252075195 -3.795989990 0.043312442 0.075181141 0.970061243 -0.226832509
1586247842.745507 -393.602600098 -483.997375488 -3.815437317 0.043066442 0.075346336 0.970036209 -0.226931825
1586247842.778507 -393.733215332 -483.745147705 -3.834671021 0.042833649 0.075442016 0.970021725 -0.227005988
1586247842.811507 -393.863464355 -483.489257812 -3.853744507 0.042607658 0.075704284 0.969975531 -0.227158502
1586247842.844507 -393.992309570 -483.242126465 -3.872535706 0.042465635 0.075597480 0.969962060 -0.227278188
1586247842.877507 -394.119628906 -482.997375488 -3.891448975 0.042374827 0.075345486 0.969960034 -0.227387443
1586247842.910507 -394.245849609 -482.755065918 -3.910240173 0.042315535 0.075211905 0.969950318 -0.227484167
1586247842.943507 -394.370605469 -482.510559082 -3.928504944 0.042487293 0.075163037 0.969922125 -0.227588385
1586247842.976507 -394.494079590 -482.272155762 -3.946388245 0.042585023 0.075176448 0.969904602 -0.227640539
1586247843.009508 -394.616210938 -482.035888672 -3.963966370 0.042725585 0.075137824 0.969887257 -0.227700680
1586247843.042508 -394.737609863 -481.802215576 -3.981521606 0.042765874 0.074871927 0.969898820 -0.227731362
1586247843.075508 -394.857910156 -481.569580078 -3.999488831 -0.042771168 -0.074590862 -0.969904780 0.227797359
1586247843.108508 -394.976928711 -481.340332031 -4.016891479 -0.042874187 -0.074355669 -0.969911873 0.227824777
