1586247632.10601 -1.43385917027234e-05 4.82472070885189e-06 3.63579804986656e-05 8.24601870697509e-08 -1.6985148170254e-07 1.49719156864468e-06 0.999999999998861
1586247640.35603 4.39189216077464e-06 -0.00132061290265681 0.0234963915019089 0.00031330685991768 0.00115668884192659 -0.000309816718138031 0.999999233961374
1586247641.01603 9.22254647077247e-06 -0.00323786616380815 0.059552303909135 0.000237961281533675 0.00379731544608463 -0.00186156362635938 0.99999102913511
1586247641.67603 0.00216252962930564 -0.00576731095185249 0.107980381335487 -0.0011905250847906 0.0128918186280728 -0.000208899355164998 0.999916166497743
1586247642.17103 0.00572309066787536 -0.00813407004863356 0.145454386043761 0.00458886075802104 0.0300988971847447 -8.84125871869851e-05 0.999536387996165
1586247642.53403 0.011142857905704 -0.0101619528129701 0.173056742855634 0.00896738170840926 0.0534853483091895 0.00084170618137363 0.998528014185003
1586247642.83103 0.0177797625425307 -0.0117504143864628 0.195288641418821 0.0125553116773986 0.0801555648075082 0.00170907902764423 0.996701825335918
1586247643.09503 0.025285039116226 -0.0130560572887244 0.214667988346855 0.015865930974953 0.109401981942594 0.0025630588484008 0.993867651808162
1586247643.32604 0.0336661627982582 -0.0143488836711015 0.230819580442592 0.0180889820136601 0.138463380908512 0.0042594061426898 0.990193182331814
1586247643.55704 0.0422369590273552 -0.0149168271340347 0.24661383201077 0.0233981441710793 0.172020983446851 0.00051343621144931 0.984815233679183
1586247643.75504 0.0526288094049611 -0.0166294328088889 0.260373354554493 0.0233581093215351 0.198342298962442 0.0059646215474732 0.97983628962241
1586247643.95304 0.0645008836213574 -0.0177174013834782 0.273554863628752 0.0269926386833681 0.226919117346622 0.0118600663041585 0.973467231326664
1586247644.15104 0.0772439300956221 -0.0188246470277329 0.287085256167825 0.0299190676880426 0.258177474527368 0.015305334897696 0.965512810768981
1586247644.34904 0.0910048639751571 -0.0209112068392988 0.301688104764349 0.0282044583672215 0.290101093713392 0.0155213679424258 0.956454364353941
1586247644.51404 0.103780100612038 -0.0222534106714661 0.31341798322683 0.0277375592868281 0.31776479780655 0.016368730007978 0.947622406741049
1586247644.67904 0.11809757682901 -0.0234419903706573 0.324282283362384 0.0286702979526564 0.345956340664059 0.019189048899226 0.937616128685926
1586247644.84404 0.133612927331281 -0.0247812757842212 0.334870311723842 0.0294915359230003 0.373267754042301 0.0222062859145971 0.926988842417749
1586247645.00904 0.150104302018747 -0.0260191149243899 0.345788357792108 0.0293026358467818 0.399648910287417 0.0233594175080862 0.915901982557191
1586247645.17404 0.167924695776843 -0.0274099613026284 0.356634959347601 0.029198417505385 0.425014527964476 0.0240745008514848 0.9043951137877
1586247645.33904 0.187438611782616 -0.0286771873217555 0.367063873171303 0.0289693713893678 0.449343002935024 0.0262838700599928 0.89250254868505
1586247645.50404 0.208483010428636 -0.0299463987865902 0.37712907951895 0.0284821221569553 0.474346563680552 0.0279611997271748 0.879432929535678
1586247645.63604 0.226034371460822 -0.0309466032321326 0.384483680961409 0.028576289111548 0.494782383760563 0.0291838621039136 0.868056501970654
1586247645.80104 0.249702581641862 -0.0321557396174513 0.392934573972552 0.0289414319743577 0.518623369607079 0.0315091644282823 0.853931710717961
1586247645.96604 0.27485607092649 -0.0333446214866116 0.40118119817725 0.0283738469297842 0.54218794926311 0.0329060143369261 0.839133092366596
1586247646.13104 0.301638009502168 -0.0344459702169124 0.408554858063613 0.0278439452666254 0.564624067415632 0.0342953325572523 0.824165157824453
1586247646.29604 0.329930529280522 -0.0354488636393584 0.415025151127554 0.027976626061698 0.585634762267962 0.0363137405729379 0.809277792765348
1586247646.46104 0.359870443065334 -0.0364689395194959 0.420491433497788 0.0280344782373955 0.605142660640626 0.0381302798549881 0.794709072592556
1586247646.62604 0.391312854059251 -0.0373502627876496 0.425362256584539 0.0276413258369243 0.622842524474226 0.0397285380648563 0.780848762613977
1586247646.79104 0.424148726798321 -0.0381804978630871 0.429357600079799 0.0271886042581838 0.638620197645092 0.041115712095458 0.767941743348491
1586247646.95604 0.45842862209302 -0.0390470221740888 0.432756469680182 0.0269464814378781 0.652828138596691 0.0422948093623287 0.755844201998998
1586247647.12104 0.49413176086014 -0.0398857692382197 0.435188758479637 0.0265063373151637 0.665162550699886 0.0435140867787908 0.744958199820879
1586247647.28604 0.530889458279717 -0.0407100540268009 0.436854401576332 0.0266606557716457 0.675424477289626 0.044848935355125 0.735581102197013
1586247647.48404 0.576745903724885 -0.0414805683352458 0.438455761004093 0.0268835650205636 0.685130403149636 0.0455080228249964 0.726500257722159
1586247647.68205 0.624164275414245 -0.0422841622647012 0.439298696007553 0.0273496738383801 0.692116286321464 0.0460285223029426 0.719797483104885
1586247647.88005 0.673723178992567 -0.0433266442396476 0.439925778578016 0.0262954049546095 0.697509384532283 0.0465719072728532 0.714576985090227
1586247648.07805 0.724839491552302 -0.044230657544623 0.439919877103882 0.0263955311154949 0.702363949917845 0.0462275740613879 0.709824745405042
1586247648.27605 0.777087727110659 -0.0450114579123305 0.439374953096599 0.0273895388123857 0.706386533793152 0.0467799637368187 0.705747485317605
1586247648.47405 0.831007373413539 -0.0459790696321167 0.438469502891834 0.027023018857797 0.709283935331703 0.0478262704831387 0.702779270741431
1586247648.67205 0.885788578926441 -0.046803390139137 0.437704598181885 0.0265911804418781 0.710710681609778 0.0476211328855487 0.701366853986678
1586247648.87005 0.941802889034257 -0.0478194482118233 0.436700028958474 0.0265801142674597 0.710822892504788 0.0485714880827892 0.70118836525008
1586247649.06805 0.999171478817144 -0.0487945507663081 0.43577817014404 0.0266286380018295 0.710579514167521 0.0486707533321446 0.701426280840474
1586247649.26605 1.05720268407847 -0.0497513315903995 0.435271053978731 0.027219765500832 0.710567246520549 0.0475576907928434 0.701492365307518
1586247649.46405 1.11675711658956 -0.0507450626552296 0.434677166075666 0.02617962966281 0.710344991286912 0.0479009595370979 0.701733652050221
1586247649.62905 1.16709222656014 -0.0514923525437746 0.434133355923982 0.0255994774248617 0.710215453764574 0.0480268410610277 0.701877552374524
1586247649.76105 1.20767846157465 -0.0523343651858892 0.433506339833431 0.026051928439438 0.709988467816441 0.0484548866861857 0.702061105993259
1586247649.95905 1.26967641220873 -0.0534172370825664 0.432698171803204 0.0261033835521273 0.709903056554152 0.0486563720755921 0.702131626633244
1586247650.12405 1.32205544537894 -0.0541177550130461 0.432310736387165 0.0258331458983034 0.709849066273752 0.0475050968145651 0.702275029785282
1586247650.32205 1.3861370294221 -0.0551430582368402 0.431466730923266 0.0264374560625308 0.709634439066285 0.0478856365923196 0.702443584650162
1586247650.52005 1.45151764518139 -0.0564670831853668 0.430926906401284 0.0256599730151656 0.709496842055535 0.0488829588132731 0.702542705631297
1586247650.71805 1.51754757728615 -0.0573659283117885 0.43034739060832 0.0261322036491512 0.709376776303681 0.0477973860944299 0.702721215743467
1586247650.88305 1.5737687121331 -0.0582851090359697 0.429620169729826 0.0261546296256671 0.709126545121006 0.0481610102023941 0.70294807450492
1586247651.04805 1.63054234070277 -0.0592838342773795 0.429402434099771 0.0257595568345816 0.709113046948051 0.0478399294255011 0.702998202723378
1586247651.18005 1.67596064562193 -0.0600213471559518 0.428983246269548 0.0262171062244443 0.708852130037415 0.047498620847464 0.703267518160923
1586247651.31205 1.72223040035792 -0.0608419753203225 0.428553855360996 0.0264894548435967 0.708231884532473 0.0480967464282871 0.703841324089943
1586247651.44405 1.76905251443571 -0.0617768770744668 0.42849867414491 0.0262700965264703 0.707554867773971 0.0478229222228796 0.70454876284606
1586247651.57605 1.81635351515061 -0.0626286698326166 0.428756815744506 0.0260060177254176 0.706959704357347 0.0474378498485772 0.705181759448429
1586247651.74105 1.87593502144088 -0.0637070241086525 0.428873682901383 0.0258622881083132 0.706163872587508 0.0478892690561199 0.705953500604173
1586247651.90606 1.93599828227269 -0.0648420507833214 0.428911322437993 0.0260978302861563 0.705130632368482 0.0482120030529814 0.706954947158303
1586247652.07106 1.99648974478378 -0.0659639534204651 0.429271483256313 0.0259666156101734 0.704331523329847 0.0476956906974286 0.707790902178394
1586247652.23606 2.0576540460308 -0.067080693114354 0.42992990902274 0.0255553787319964 0.703379998737214 0.0474907003334912 0.708765217385938
1586247652.40106 2.1196467668218 -0.0681545114139854 0.430418884802112 0.0261803464547067 0.702423664322413 0.0478321535940174 0.709667295527943
1586247652.53306 2.16976452593843 -0.0690808318289578 0.431042460549034 0.0262416864067916 0.701723407337036 0.0479984335042974 0.710346242244556
1586247652.66506 2.22011508594664 -0.0700151868357871 0.43189380761633 0.0259040106020088 0.701245678225414 0.0479211875965252 0.710835452678219
1586247652.79706 2.27078128864665 -0.0709246859652313 0.432617849043559 0.0258990579790926 0.700920317079952 0.047964620873186 0.711153529868781
1586247652.96206 2.33475955105815 -0.0720643090990205 0.433585505886288 0.0257185173218882 0.70051887425048 0.0486877553367359 0.711506406974578
1586247653.12706 2.39959418008332 -0.073288618076791 0.434643779454684 0.0264827750457387 0.700300089320224 0.0487790356003154 0.711687468773946
1586247653.29206 2.46468824498326 -0.0745268198271407 0.435581461165276 0.0273468420082573 0.700193941300681 0.048307584699994 0.71179138239968
1586247653.42406 2.51718901882155 -0.0755273277817202 0.436473724873431 0.0274352908363205 0.700227850800281 0.0479338435389602 0.711779887622521
1586247653.55606 2.56991340672276 -0.0764568406636993 0.437163151893708 0.0279856914478046 0.700296207040408 0.0485268432852532 0.711651016271161
1586247653.68806 2.62318139848556 -0.0775966571109068 0.437535628406663 0.0284381870504756 0.7004536887786 0.0493613414686353 0.711420661326442
1586247653.85306 2.68973895381537 -0.0792917252642785 0.43810829385844 0.0304939734565529 0.700652081938625 0.0489346086573145 0.711169587182591
1586247654.01806 2.75674471074798 -0.0809257134665185 0.438326770903456 0.0343011329722967 0.700825890314115 0.0473692891225955 0.710930836432255
1586247654.18306 2.82475746937281 -0.0828511046368769 0.439724759775725 0.0338469046460291 0.701239008747275 0.0450058615332263 0.710698749179055
1586247654.34806 2.89316370578667 -0.0847232362080743 0.44083650860799 0.0312419001318835 0.70115902186512 0.0454822580796215 0.710866607693227
1586247654.48006 2.94843776625781 -0.0865414585928437 0.441228841004781 0.0305890901817765 0.701023856854304 0.0475901222085938 0.710890314993205
1586247654.61206 3.00356298264069 -0.0882038783894741 0.44188124567714 0.030627586760093 0.701463852909176 0.0466550570544642 0.710516516093969
1586247654.74406 3.0583887321405 -0.0898383968905273 0.443234328019198 0.0309195768776186 0.702225556509646 0.0432863300047822 0.709964464734077
1586247654.87606 3.11381196278892 -0.0913165240521583 0.444011274484825 0.0309296701733775 0.702247163877867 0.0415503750211684 0.710046366559297
1586247655.00806 3.16985792280929 -0.0929985243143537 0.444245742299333 0.031068000150777 0.702212559754626 0.0425793907636552 0.710013588441575
1586247655.14006 3.22623037577851 -0.0949436980279584 0.444512615901898 0.0301983479966416 0.702265273502816 0.0442829008309639 0.709894759879437
1586247655.27206 3.28208849496368 -0.096875261956856 0.445360763502106 0.0292430870789345 0.702573377374961 0.0438759640767465 0.709655121195057
1586247655.40406 3.33909677471132 -0.0984867659097718 0.445865357886163 0.0297663791317874 0.7026653195275 0.0424041797646954 0.709631803786431
1586247655.53606 3.39583678826097 -0.10003420514068 0.446356611674465 0.0298714793814042 0.702579925234457 0.0422950887546812 0.709718443359298
1586247655.63506 3.43871030966173 -0.101309673614475 0.446774004472354 0.0295117577700296 0.702297747492178 0.0430658320130466 0.709966382396914
1586247655.73406 3.48178971137927 -0.10265161707952 0.447171160007194 0.0288113025534433 0.701962834480527 0.0440619820542496 0.710265182583724
1586247655.83306 3.52479489244718 -0.103985011082258 0.447791337193043 0.0281451951452802 0.701704546755875 0.044606675246176 0.710513069250558
1586247655.96506 3.58240264184156 -0.105653417896395 0.448732851557123 0.0278164342539776 0.701416228096788 0.0443661306241024 0.710825694106026
1586247656.06406 3.62584895499086 -0.106672151450791 0.449390447812794 0.0283970524659163 0.701169093457187 0.0438741506613087 0.711077048353709
1586247656.16307 3.66934243836116 -0.107792649575455 0.450014900517421 0.0286647836590819 0.700875564876799 0.0438043616107267 0.71135993044329
1586247656.26207 3.71332772429593 -0.108935294293405 0.450654679643364 0.0285218449409546 0.700560345182508 0.0438898968151323 0.711670839698022
1586247656.36107 3.75691764012233 -0.110200843775454 0.451330456439065 0.0285665571264515 0.700273234156986 0.0440675788033485 0.711940585888786
1586247656.46007 3.80099770428305 -0.11146128122988 0.452093563788639 0.0282111086912541 0.700003481311154 0.0444729586879442 0.712194787571642
1586247656.55907 3.84512997455267 -0.112658487225127 0.452932805342163 0.0284856359709997 0.699820612334026 0.044339498989534 0.712371874743181
1586247656.69107 3.90401102894992 -0.114385341550751 0.454207302171667 0.0290523864666389 0.69956052297563 0.0438311086452895 0.712635858941704
1586247656.82307 3.96340260648335 -0.116014705867993 0.455161251785913 0.0290720956122718 0.699199242782952 0.0436495022446932 0.713000668374335
1586247656.95507 4.02294109659325 -0.117765997792088 0.456404531233826 0.0291049049582846 0.698780557022601 0.0437653767741004 0.713402571785646
1586247657.08707 4.08272207858551 -0.119588084037913 0.457518728421834 0.0296840589334324 0.698384719485738 0.0441866392838058 0.713740275690581
1586247657.21907 4.14243945246096 -0.121284746260509 0.458964122002174 0.0295632483319172 0.698148054926883 0.0446123957972999 0.713950307718332
1586247657.35107 4.20275781199511 -0.122929461945209 0.460400214111799 0.0292275675872737 0.697826836736661 0.0444754479758616 0.714286629967538
1586247657.48307 4.26299751870382 -0.124821048189929 0.46162293833688 0.0294125566697263 0.697427978430289 0.0443760394208808 0.714674669719102
1586247657.61507 4.32298902984539 -0.126720935070627 0.462982534611249 0.0308114185871185 0.697135720066839 0.0437566009069987 0.714939021293847
1586247657.78007 4.39849369264451 -0.128996748717924 0.464738481164575 0.0319017341383618 0.696842920380032 0.0435557872732756 0.715188868111214
1586247657.91207 4.45949457518447 -0.13099076858008 0.466188662763868 0.0306912928532661 0.696582402841313 0.0446515283619465 0.715428012877438
1586247658.04407 4.52062085777292 -0.132900744349712 0.468044856257989 0.0291559593232641 0.696667403761677 0.0452509213041762 0.715371800319965
1586247658.17607 4.58170444783993 -0.134736473143057 0.469699059166835 0.0288636387386831 0.697144222721247 0.0449466667712266 0.714938193294572
1586247658.27507 4.62737525196667 -0.136060578845161 0.470598875407384 0.0296204339848321 0.697597265226289 0.0445916752070374 0.714487416223396
1586247658.40707 4.68881412127907 -0.137588595561039 0.471825249690335 0.030655958618358 0.698330379709998 0.0443914041318412 0.713739655767061
1586247658.53907 4.75034385610641 -0.139471411830584 0.472980361376407 0.0301343604898534 0.69906946435828 0.0437732121669933 0.713076230298191
1586247658.63807 4.79661947071962 -0.14103416743913 0.4739445144642 0.0294613322165627 0.699649500462155 0.0434554027782432 0.712554723776681
1586247658.77007 4.85844586048265 -0.142821669401165 0.474851508860104 0.0295409222667347 0.700220979692042 0.043471183341621 0.711988883150311
1586247658.86907 4.9050911728849 -0.144143445669224 0.475405031854945 0.029139814507951 0.7006288071765 0.0437377231458821 0.711587772055486
1586247658.96807 4.95171811884049 -0.145436947876563 0.476129360909853 0.0286708843872606 0.701214067753275 0.0439190826561124 0.711018934875861
1586247659.06707 4.99874696395286 -0.146729586345028 0.476681874025119 0.0277947391644227 0.70172052296848 0.0441720118827387 0.710538242099506
1586247659.16607 5.04561669965153 -0.148126752021043 0.47747164898275 0.0267381266733504 0.702207587341527 0.0441671471615753 0.710097767897914
1586247659.26507 5.09249675157181 -0.1493555860806 0.47787335498249 0.0275951435515975 0.702616567824255 0.0441058063914693 0.709664106823637
1586247659.36407 5.13943229292347 -0.150593041960153 0.478048294269516 0.0291693476322045 0.70294291354672 0.0439169919953827 0.709289579274388
1586247659.46307 5.18639237098047 -0.151923103720455 0.478136368487672 0.0302599353528956 0.703024092571169 0.0438635635504629 0.70916672889355
1586247659.56207 5.2337545619192 -0.153143785070475 0.478629070962957 0.0304126580896415 0.703102509716246 0.0429472863240835 0.70913853488302
1586247659.66107 5.28113311889424 -0.154597421733501 0.479151301149757 0.0299360481053109 0.703043032973345 0.0431550523213955 0.709205166556628
1586247659.76007 5.32875490967299 -0.156201175955546 0.479461111284673 0.0294017152830689 0.702889816915609 0.043927830668678 0.709331932248576
1586247659.85907 5.37614872966532 -0.157787999791153 0.480060904249993 0.029725976811969 0.702958663413072 0.0436334259860437 0.709268361039601
1586247659.95807 5.42385007048229 -0.15920985514654 0.480329569242658 0.0302781231389565 0.703022409266129 0.0432681443571329 0.709204198389096
1586247660.05707 5.47163654912512 -0.160474344436181 0.480723872402186 0.029734307129558 0.703096532303904 0.0434199040097363 0.709144448739138
1586247660.15607 5.51969486375409 -0.161863884142844 0.481155416435731 0.0292755606434535 0.703152081879353 0.0438827284646708 0.70907996547656
1586247660.28807 5.58389086834166 -0.163828453541529 0.481468418444638 0.0283717727762502 0.703128360000972 0.0454006382316259 0.709044662852797
1586247660.38708 5.63187511883164 -0.16525407245371 0.481922110880799 0.02842540588405 0.703127658743505 0.0450575259279427 0.709065096565511
1586247660.48608 5.67990096125217 -0.166509011395985 0.482422668795905 0.0291063468982602 0.703229381763933 0.0444425463322233 0.708975399622345
1586247660.58508 5.72806676396127 -0.167642979746338 0.482660333255899 0.0300275161800331 0.703256532768926 0.0440686824767244 0.708933387995411
1586247660.68408 5.77615777883624 -0.169113396813555 0.48278958279826 0.0301770238381136 0.703226497890613 0.044187375510978 0.708949445124425
1586247660.81608 5.84046767350557 -0.171062920689069 0.483283354223685 0.0295860796860001 0.703369061701014 0.0449236342387046 0.70878663504431
1586247660.91508 5.88864943601406 -0.172512438439303 0.483576012338927 0.0293847960832167 0.70342751522621 0.04499615741341 0.708732396888879
1586247661.04708 5.95293640129484 -0.174368097778037 0.484029639539949 0.0295611912119837 0.703482085451349 0.0448195174874919 0.708682088298652
1586247661.17908 6.01715161072662 -0.176090527981861 0.484249862497315 0.029925106036488 0.703522487993769 0.0447190090923649 0.708633055354857
1586247661.31108 6.08163721798505 -0.17801486294036 0.485115556818991 0.0292260521799373 0.703632769962403 0.0449417375775441 0.708538639124588
1586247661.44308 6.14642519129302 -0.179771447665238 0.485533492282143 0.0286411733428111 0.703690857558479 0.0454655939538587 0.708471410816683
1586247661.57508 6.21124155534685 -0.181515505773895 0.485756447688545 0.0288843595081952 0.703670405129787 0.0452465370017821 0.708495875506435
1586247661.70708 6.27569204486107 -0.183268290846236 0.486393331852151 0.029438397768321 0.703842018919857 0.04476076482588 0.708333443423262
1586247661.83908 6.34040313219726 -0.184792103166981 0.486817831009397 0.0289861326722768 0.70381126129873 0.0447337954719213 0.708384359034325
1586247661.97108 6.40478327978853 -0.186604210125356 0.486991061598459 0.0280034564797211 0.70357420379723 0.0458600464462712 0.708587328644979
1586247662.10308 6.47014644072893 -0.18847902806854 0.487332825873965 0.028845026188751 0.703464018234973 0.0461984288286897 0.708640984340192
1586247662.23508 6.53467556905662 -0.190234613548938 0.48783181045097 0.0299430583396157 0.703408551820599 0.0447822050525197 0.708741403188463
1586247662.36708 6.59936396952751 -0.192008692496208 0.488349959651086 0.0307162282303903 0.703206542987069 0.043795695424663 0.708970386042848
1586247662.46608 6.64806247656532 -0.193446079119443 0.488755261913202 0.0309025478633345 0.702796532580781 0.0441469693557691 0.709346961243006
1586247662.56508 6.6968928236186 -0.1949571120851 0.489255644155776 0.030221724364246 0.702474281601412 0.0448911063735077 0.709648729748454
1586247662.66408 6.74597644927421 -0.196485059920224 0.489740166984785 0.0299364218345583 0.702248963476375 0.045144436321382 0.709867722757786
1586247662.76308 6.79469764863493 -0.197928857340854 0.490290295235975 0.0296089123708613 0.702010668423993 0.0453080311826722 0.710106693418294
1586247662.86208 6.84352772649321 -0.19931689625166 0.490881660772374 0.0296157277500203 0.701762341574707 0.0450644474560856 0.710367313572984
1586247662.96108 6.89230830796159 -0.200620042519714 0.491529264176269 0.0299216631559333 0.701558667454966 0.0448506209404764 0.710569174672002
1586247663.06008 6.94116068285665 -0.202032847909151 0.492110893512351 0.0300747030753107 0.70131848742857 0.0453029007359451 0.710771087348623
1586247663.15908 6.99005875956199 -0.203546137438159 0.492760709499136 0.0302029333083965 0.701106370181642 0.0451855322751758 0.710982354340317
1586247663.25808 7.03886387145335 -0.205028730638443 0.493496488110626 0.0305737143685972 0.70105213407285 0.0445337081222394 0.711061109991605
1586247663.39008 7.10397039540125 -0.207057554893429 0.494485501721776 0.0314773920530626 0.700778847262451 0.0438028545465456 0.711336411940668
1586247663.48908 7.15307882488721 -0.208445566864875 0.495079573483554 0.0314679358129981 0.700540140140694 0.0443265457309719 0.711539484786956
1586247663.62108 7.21894074249499 -0.210391656571215 0.496204049747516 0.0303011201926816 0.700287415138716 0.0457534439826215 0.711748551580636
1586247663.75308 7.28486666841704 -0.212461813195132 0.497288116960472 0.0288984248657117 0.699959800282801 0.0471157627935856 0.712040212294728
1586247663.88508 7.35057820153467 -0.214145852522223 0.497826872579038 0.0307098129815923 0.699619612452496 0.049616763315619 0.712128838102022
1586247663.98408 7.39971740194457 -0.215308609352811 0.498473223503745 0.0311950034280864 0.699382196985644 0.0497136571177035 0.712334167786889
1586247664.11608 7.46495973169308 -0.217102310792489 0.499393308030431 0.031424690493888 0.699519726651957 0.0487921057832523 0.712252743950749
1586247664.24808 7.53024078010852 -0.219028032789082 0.501051848802994 0.0324616480589727 0.699791501718822 0.0450313298798806 0.712186966222116
1586247664.38008 7.59534301752425 -0.221056911956419 0.50190621486804 0.0342590032032848 0.700008935321847 0.0436741556475735 0.711973580477228
1586247664.51208 7.6614181709807 -0.223320475779914 0.502816903618966 0.0330076244273452 0.700472382250619 0.0450915906177284 0.71148836033302
1586247664.64409 7.7265065399937 -0.225840139651931 0.504191584777591 0.030000255880002 0.701045048237104 0.0436803098831839 0.711145453137317
1586247664.74309 7.77541816067537 -0.227520445950861 0.50521770085024 0.0291873398477197 0.701326831923519 0.0426945297891948 0.710961286669544
1586247664.84209 7.82419281449935 -0.228836744876907 0.505581538550433 0.0303305390777697 0.701124482595525 0.042794141438217 0.711107010064573
1586247664.97409 7.88915108972477 -0.230842126263729 0.506299390538789 0.0300609945579955 0.700818837745939 0.044105936669444 0.71133955296829
1586247665.10609 7.95400005910031 -0.233000762442258 0.507545155923971 0.0283985639929348 0.700051944219483 0.0454527553041598 0.712077835628185
1586247665.20509 8.00246796966509 -0.234621547167635 0.508734415154964 0.0276856823763625 0.699333440187532 0.0452936547244755 0.712821665824298
1586247665.33709 8.06606421116256 -0.236387391280724 0.510268882688172 0.0276155855098256 0.698383279718225 0.0445402773438251 0.713802730270136
1586247665.46909 8.12956170689383 -0.238141045901059 0.511901144283 0.0278423643978647 0.697428797058513 0.0442433376822245 0.714744991482269
1586247665.60109 8.19265474550198 -0.240089577974545 0.513538882295833 0.0280387164308495 0.696424882364575 0.044394138437003 0.715706206537875
1586247665.73309 8.25552618156836 -0.241998577316106 0.515547734218169 0.0277749857888613 0.695557324562379 0.0444011933786323 0.716559203721931
1586247665.83209 8.30292626214145 -0.243535184200601 0.517210646480631 0.0273602963016468 0.695005807128047 0.0436415523559828 0.717156717288863
1586247665.93109 8.34858283364853 -0.245053118162711 0.519044450065991 0.0282031391648607 0.694634618064744 0.0420156983654559 0.717580665443376
1586247666.03009 8.39472228196236 -0.246632730131839 0.520435698089223 0.0292887211781802 0.694532490952564 0.0412245946406868 0.717681909079283
1586247666.12909 8.44077122363814 -0.248108231028212 0.521990211616421 0.0294079052914202 0.694703904176798 0.0406725451009464 0.717542615252151
1586247666.22809 8.48694321493841 -0.249558314747436 0.523570869964596 0.0281054815757724 0.695276903645841 0.0408748189157788 0.717028143339331
1586247666.32709 8.53302048267158 -0.251349704505299 0.52502415417403 0.0260446214433259 0.696023534949608 0.0414109377948201 0.716350508285629
1586247666.42609 8.57888473565563 -0.253090332712764 0.526119722993629 0.0249632224117859 0.696969609554132 0.0417861056924355 0.715446799039482
1586247666.52509 8.62436007685734 -0.254439268245122 0.526955167953224 0.0257729719216819 0.698396898259167 0.0416837312025685 0.71403080673969
1586247666.62409 8.66979158300997 -0.255486201970661 0.527370910823374 0.0269560049994923 0.700086899720708 0.0417744900782546 0.712324784499751
1586247666.72309 8.71556427118864 -0.256617161491463 0.527643840303886 0.0266355454486331 0.701770979391299 0.0424066191763122 0.710640358305709
1586247666.88809 8.79183000944674 -0.258829540337517 0.528392298573278 0.0252377125559401 0.704056454003101 0.0442459568557416 0.70831480483147
1586247667.02009 8.85276178683353 -0.260503598152365 0.528111808942855 0.0258564889034435 0.705411470747411 0.0448987807641244 0.706901830812069
1586247667.15209 8.91365400691901 -0.261960391816074 0.527660374307098 0.0281989039307943 0.706582802811368 0.0437815836495534 0.705711511540992
1586247667.31709 8.98997213871369 -0.263892825300349 0.527203857897796 0.0298728922038583 0.707116459730525 0.0433401508378585 0.705135131740646
1586247667.48209 9.06737204051789 -0.266219787232654 0.527111797511077 0.0289708501231163 0.706744274429638 0.0437152884154843 0.705522638873352
1586247667.64709 9.14517100892452 -0.268274993966235 0.527450646655634 0.0266686918601588 0.70542750509351 0.0452737828615897 0.706831734231999
1586247667.77909 9.20742595855359 -0.269778495332786 0.527904305206063 0.0260438330500247 0.70374485203183 0.0456009124981482 0.708509321588712
1586247667.94409 9.28570010833636 -0.271473030362528 0.528947260527801 0.0259011068352173 0.700923856248107 0.045001833464491 0.711343598686196
1586247668.10909 9.36498130054351 -0.273225778550588 0.531263470304467 0.0243276150480563 0.698291513268903 0.0440576045058289 0.714042055573694
1586247668.24109 9.42851807207191 -0.274822914291529 0.533640242607657 0.0232388704291831 0.696094615788774 0.0436476153012747 0.716245158063611
1586247668.40609 9.50867537808748 -0.276483623768196 0.536731760019412 0.0229213954368201 0.693195016219889 0.0432015993758463 0.719088938122751
1586247668.57109 9.58970025793229 -0.278430279010076 0.540759294857573 0.0219126542696727 0.691193806764602 0.0409716042993439 0.721174240190437
1586247668.70309 9.65523050716533 -0.279982721719163 0.544274961683405 0.0210845075252051 0.690533544398476 0.0385190675149917 0.721966168903137
1586247668.8351 9.72116266079571 -0.281568974399556 0.547813730735562 0.0198822456568624 0.690462514673991 0.0369663404726058 0.722149362535045
1586247668.9671 9.78801660745646 -0.283205219149681 0.551126255167246 0.0172875677781318 0.69090889298852 0.0368007723191579 0.721797578789516
1586247669.0661 9.83854332062333 -0.284446650770319 0.553426881878908 0.016030744469606 0.691490471056761 0.0372411541966331 0.721246864882996
1586247669.1651 9.88924225397036 -0.285491199984476 0.555883907450813 0.0140299030339607 0.691988590080444 0.0375120459314251 0.720796642215664
1586247669.2641 9.93996989623886 -0.286357991741339 0.558309076276229 0.0123296103710606 0.692520454751757 0.0364535406479692 0.72037111257514
1586247669.3631 9.99131982863381 -0.287128132848305 0.560855947533602 0.0113275266071725 0.693133340115382 0.0360886720883239 0.719816273578446
1586247669.4621 10.0427155009104 -0.28793074948705 0.562765135339683 0.0113318070556277 0.693512173593633 0.0356065182891146 0.719475247024952
1586247669.5611 10.0942818833801 -0.288686826404226 0.564857490611532 0.0107861905542255 0.694056359494291 0.03453609046954 0.719010908397042
1586247669.6601 10.1463707858071 -0.289401952145798 0.567134822540288 0.00964281552673571 0.694590365082551 0.0327722213262529 0.718593920342045
1586247669.7591 10.1986855893327 -0.290267049354017 0.569289285434555 0.00835269626693943 0.694951299000246 0.0320682064371332 0.718292805629326
1586247669.8581 10.2506716207052 -0.291282001684435 0.571055724235645 0.00800627825095322 0.69509494750759 0.0321337859232969 0.718154811485814
1586247669.9571 10.304353411316 -0.292172479088333 0.573026585721692 0.00816811227666744 0.695637715659401 0.0318085210359089 0.717641741040412
1586247670.0561 10.3575331655413 -0.293081995289736 0.574775796205492 0.00877353515967724 0.696149197808126 0.0314455154365488 0.71715444573037
1586247670.1881 10.4289490763086 -0.294278094575115 0.576916871750717 0.00937757677791893 0.696728474411302 0.0311778210633194 0.716595728058727
1586247670.2541 10.4649271771962 -0.294880069070724 0.577954116529778 0.00931175882645446 0.696968547276523 0.031545101352538 0.716347012163427
1586247670.3201 10.5011059097446 -0.295463173653418 0.578755447695039 0.00902216384869006 0.697108415924396 0.0322231080015248 0.716184423397764
1586247670.3861 10.5375082285916 -0.296100829617749 0.579850162707645 0.0090779469335716 0.697267738479374 0.0328860977603573 0.715998461122248
1586247670.4521 10.5739689826265 -0.296731695263557 0.580651997272556 0.00948821738762622 0.697345728290208 0.033538715842364 0.715886906924446
1586247670.5511 10.6286854066908 -0.297626074300101 0.582038416499044 0.00998610389981302 0.697402241006872 0.0337173897927932 0.715816687143472
1586247670.6501 10.6836813545323 -0.298520036948498 0.583616335648632 0.0106851403722735 0.697306731783036 0.0329754309443295 0.715934194279978
1586247670.7491 10.73887504257 -0.299505919453367 0.585241363661996 0.0116214052984295 0.697117611051491 0.0321624437522697 0.716140737922815
1586247670.8481 10.794326925177 -0.30060817860587 0.586992066050941 0.011877401991709 0.69688195878263 0.0316000621260379 0.716390884167884
1586247670.9471 10.8502199577587 -0.301714383210694 0.588843767485509 0.0114515032280854 0.696677787321474 0.0314105491840789 0.716604703533704
1586247671.0461 10.9066781060161 -0.302904364392561 0.590750066968482 0.0106722974779446 0.696393608808266 0.0318331895038922 0.716874250983777
1586247671.1121 10.9444705550985 -0.303670857956222 0.591953457464744 0.0101179909068065 0.696126120569214 0.0322252295416338 0.717124525519979
1586247671.1781 10.9823185911082 -0.304439948725735 0.593228738221018 0.00999153892553213 0.695918971227618 0.0323382690366162 0.717322236509582
1586247671.2441 11.0201722992321 -0.305181007729287 0.594576472830939 0.00994312772377621 0.695742214526829 0.0320954577779874 0.71750525205492
1586247671.3101 11.0580774093629 -0.305883660812675 0.596010683476857 0.00973485839724285 0.6955988468437 0.0316470099409039 0.717667014403965
1586247671.3761 11.0956163852271 -0.306536971266817 0.597388465527212 0.00984060023838005 0.695462419064111 0.0309953702248191 0.717826213843623
1586247671.4421 11.1341169339257 -0.307265765694991 0.598892047094211 0.00992216574949369 0.695338568894283 0.0305306835194838 0.717964973100166
1586247671.5081 11.1723515443783 -0.307994843633172 0.600272166920528 0.0101604480494341 0.695169659814213 0.0303272573752064 0.718133808443332
1586247671.5741 11.2106838363657 -0.308782909303025 0.601707205781347 0.010046726504617 0.694978168654369 0.0301105726593507 0.718329841921166
1586247671.6401 11.2491449668707 -0.309536374783429 0.603245205546997 0.00957914613545919 0.694799864274256 0.0298871943542778 0.718518019382549
1586247671.7061 11.2878060525701 -0.310340127484582 0.604805066033915 0.00918998062251387 0.694652619141309 0.0299757131600899 0.718661769956369
1586247671.7721 11.326604594792 -0.311128480086102 0.606279046131526 0.00929007161564814 0.694439006983271 0.0301240963969597 0.718860695104227
1586247671.8381 11.3654562848304 -0.31194132814273 0.607773927900489 0.00910546516307119 0.694197325054977 0.0300933911169616 0.719097734805055
1586247671.9041 11.4044564585507 -0.312710459236991 0.609374597820075 0.00870149315583329 0.694029707304139 0.030164732469557 0.719261522890826
1586247671.9701 11.4435024082425 -0.313442258617981 0.611008259735415 0.0083990663159994 0.693974627289665 0.0299150621422385 0.719328688028092
1586247672.0361 11.4826022224644 -0.314166660480978 0.612566890282235 0.0081964090379267 0.694020075729449 0.0297220154370315 0.719295179437297
1586247672.1021 11.5218123194678 -0.314889082528289 0.614140071006622 0.00772482458397667 0.694195436162956 0.0293482367824239 0.719146511145979
1586247672.1681 11.5608781631269 -0.315641317338939 0.615588855516265 0.00745244636272121 0.69450381206273 0.0293060621847992 0.718853302693093
1586247672.2341 11.6004692614959 -0.316318009949014 0.617039621822121 0.00757878843911601 0.694908669005645 0.0292168639548285 0.718464250027267
1586247672.3001 11.6399398353149 -0.317077242023106 0.618308102576938 0.00767024386129279 0.69528036353286 0.0294197374014024 0.718095301819998
1586247672.3991 11.6994424134976 -0.318199985954126 0.620214059813021 0.00780195106989945 0.695753568357518 0.029613559784778 0.717627437291912
1586247672.4981 11.7591028247033 -0.319380361421395 0.62202891077545 0.00832611261270109 0.696243043696665 0.0300794483324492 0.717127273739313
1586247672.5971 11.8189809868095 -0.320469401746275 0.623761318866558 0.0080728520135143 0.696736652091841 0.0299291893255833 0.716656898605277
1586247672.6961 11.8790319510625 -0.321674747408569 0.62574198378857 0.00765586457550234 0.697356142036939 0.029197957858541 0.716088875879139
1586247672.7621 11.919042894231 -0.322505244977273 0.626995695600304 0.00769408816235731 0.697709780178595 0.0287444122752939 0.715762266687365
1586247672.8281 11.9591712267805 -0.323284128966478 0.628217890479323 0.00773671173118476 0.69805539973256 0.0281911299827887 0.715446757198673
1586247672.8941 11.9994358894669 -0.324135199817124 0.629284441636555 0.00766744504491071 0.698362469934223 0.0281472946023023 0.715149495336762
1586247672.9601 12.0397632068917 -0.324962700331988 0.630344223807288 0.00771110054461044 0.698754584402297 0.0279353451210866 0.714774220434768
1586247673.02611 12.0800817954209 -0.325795358777436 0.631310174201053 0.00745804131816971 0.699079764355702 0.0280560127104375 0.714454141872566
1586247673.09211 12.1205055915984 -0.326676906825969 0.632264583654745 0.00673051450716329 0.699412852798307 0.0284126215552668 0.714121197312725
1586247673.15811 12.1608357296367 -0.327529835072582 0.633203874226353 0.00626852118569456 0.699748664916149 0.0288566006987585 0.713778542817255
1586247673.22411 12.2011966519452 -0.328272066681912 0.634124557459032 0.00591195543903169 0.700066239763292 0.0290820857236718 0.713460959700342
1586247673.29011 12.2418851429767 -0.329005823212028 0.634920807684418 0.00572056571368002 0.700323001152762 0.0294086381554977 0.713197098413996
1586247673.35611 12.282127690391 -0.329708952626249 0.635821771380851 0.00560014339929501 0.700669820715537 0.0293762890393088 0.712858663673693
1586247673.42211 12.3226960165665 -0.330374871912165 0.636580701533463 0.0055353634179468 0.701010365365879 0.0293806314909341 0.712524108991845
1586247673.52111 12.3834572726208 -0.331309627183392 0.637756772306126 0.00584311331881908 0.701504377175279 0.0288095774304515 0.712058617726761
1586247673.62011 12.4444176935009 -0.332390225660639 0.638843246034096 0.00594742854680828 0.701986717297009 0.0288678477162458 0.711579879001986
1586247673.68611 12.4850620975073 -0.333134403900615 0.63948823646451 0.0060961656843857 0.702309479470032 0.0292119979723652 0.711246012983513
1586247673.75211 12.5257411623596 -0.333863312953114 0.640068921034212 0.00615877790624243 0.702615657836637 0.02953040200298 0.710929857422681
1586247673.81811 12.5664072570265 -0.334614679596886 0.640514936973194 0.00600930014990011 0.702889078771206 0.0298810384815283 0.710646153015085
1586247673.88411 12.607081195549 -0.33536402269632 0.640910261565102 0.00624255419527911 0.7031864038029 0.0304491255984721 0.710325814520458
1586247673.95011 12.6483307009065 -0.336140329985324 0.641290522695307 0.00675981398564019 0.703501213091767 0.0306663165853185 0.709999947267872
1586247674.04911 12.708471712575 -0.33706690113933 0.641921778956601 0.00670825601163467 0.703975214156931 0.0308808272260356 0.709521156600577
1586247674.11511 12.7489626991802 -0.337742085301005 0.642388165076758 0.0066682741116782 0.704440745018936 0.0310293787702595 0.709052853129208
1586247674.18111 12.7893827877353 -0.338375745424126 0.642651854741366 0.00675969765663005 0.705042400349348 0.0313968003755284 0.708437549204869
1586247674.28011 12.8500091176893 -0.339380601568401 0.642895365396413 0.00616863467644133 0.706293867513938 0.0318524687951269 0.70717490120202
1586247674.34611 12.8903774449047 -0.339980654804895 0.642930922511193 0.00591205043537106 0.707437309915991 0.032144376898795 0.706019999173015
1586247674.41211 12.9306302156573 -0.340573777126166 0.642458013005358 0.00579971610802379 0.708684417034497 0.0324797098578806 0.704753736274658
1586247674.47811 12.9710034204725 -0.341099202058861 0.642358897971535 0.00578805616373231 0.709942502151113 0.0326653793938143 0.703477871033852
1586247674.54411 13.0112308659075 -0.341653169484706 0.641800269459241 0.00616455711495502 0.711153919165325 0.0327788543724867 0.702244721017825
1586247674.61011 13.0513628506073 -0.342222588685389 0.641070128540246 0.00690932545815459 0.712347957972133 0.0331990109757966 0.701006757217699
1586247674.70911 13.111464872598 -0.343048072204704 0.639661281540867 0.00826698032498544 0.714068884366288 0.0332609424355949 0.699236008172124
1586247674.80811 13.1717475668325 -0.34394761901737 0.638096002596349 0.00862573990881553 0.715743715996639 0.033236995717707 0.697518337922386
1586247674.90711 13.231522894504 -0.344868992863057 0.636347192592698 0.00892336586940498 0.717386886421926 0.0332460723890068 0.695824063540577
1586247675.00611 13.2915107441039 -0.345821984050644 0.634206307387689 0.00944016611121924 0.718779728735665 0.0338736334632816 0.694348012007287
1586247675.10511 13.3513212972152 -0.346765564544571 0.631760446090736 0.0101909706980331 0.720014914702055 0.0346297167102101 0.693019083029749
1586247675.20411 13.4110701837779 -0.347651218253313 0.629159931536918 0.0109964781812989 0.721163952360429 0.0349793363266869 0.691793377616205
1586247675.30311 13.4713993316942 -0.348664516127706 0.626699949337457 0.0109939971415394 0.722253326463943 0.0351300048116076 0.690648352782049
1586247675.40211 13.530616137849 -0.349527692746908 0.623916191761886 0.0110440178216796 0.723257929273694 0.0349246103590737 0.689605879473449
1586247675.50111 13.5900029401004 -0.350553318095053 0.621098873267073 0.0110727938901492 0.724200909816549 0.0350792568722758 0.688607203849653
1586247675.60011 13.6490905006473 -0.351403371548541 0.617626743397315 0.0120319408119427 0.725095576705324 0.0367615457885614 0.687561070592211
1586247675.69911 13.7088828872913 -0.352254377460185 0.614286632140525 0.011782123237893 0.725914816833096 0.0378121008597351 0.686643361070908
1586247675.76511 13.7481902135885 -0.352954456243039 0.612175224541263 0.0121771206595514 0.726502291100936 0.03672492742001 0.686073916180705
1586247675.86411 13.8072438208279 -0.353877721874932 0.6086337429187 0.0132834706517071 0.727336032079635 0.0375451748390003 0.685124956261561
1586247675.93011 13.8463676711093 -0.354338783500957 0.605951663583713 0.0156119172347338 0.727708924653303 0.0374579828089897 0.68468451752911
1586247675.99611 13.8855637368033 -0.355034430945762 0.603324010800565 0.0156321188868974 0.72810670244633 0.038252077202358 0.684217103923559
1586247676.06211 13.9247978006908 -0.355792201225171 0.600636186789693 0.0156457732285662 0.728627083199949 0.0398768395780978 0.68356976313532
1586247676.12811 13.9639483107013 -0.356499488052668 0.597884107300189 0.0162864852205911 0.729148084068986 0.0408843939920156 0.682939446968465
1586247676.19411 14.0030183474244 -0.357161277184137 0.595157190157394 0.0164425012060988 0.72957190112731 0.0413769412869124 0.682453246727796
1586247676.29311 14.0611035354685 -0.35808889158015 0.590950011110062 0.0172553751444434 0.730166865949323 0.0420364733579318 0.681756213617445
1586247676.39211 14.1191282419878 -0.358892979278022 0.586648281466953 0.0192605591608468 0.730699579675148 0.0423147087491378 0.681114249261347
1586247676.49111 14.1768093453969 -0.359778632921986 0.58207091580798 0.0208833443481922 0.730811258963342 0.0429018376837284 0.680909848676467
1586247676.59011 14.2345598391957 -0.360869298802487 0.577889200521472 0.0223019142842964 0.730484287993701 0.0439110924685123 0.681151338229482
1586247676.65611 14.2728911449542 -0.361637064734609 0.575118683245188 0.0228538087121827 0.729972593001284 0.0446410254958497 0.681633989569922
1586247676.75511 14.3301657687442 -0.362774720729196 0.57125363553982 0.0231340738910857 0.728911198508221 0.0451328157793552 0.682727111117127
1586247676.85411 14.3871757177353 -0.363942930733319 0.56765005133245 0.023304162059002 0.727820231713387 0.0453648097417615 0.683868891218554
1586247676.95311 14.4440034402868 -0.36502618979219 0.564281063324248 0.0237350631217535 0.726811734743259 0.0451944284775325 0.684937086638394
1586247677.05211 14.5001908812079 -0.366144791994498 0.561170380740375 0.0239224685560184 0.725845983580894 0.0451257875245582 0.685958444016807
1586247677.15111 14.5563650345465 -0.367296150556477 0.558086714726961 0.0246238098035158 0.724941200909887 0.0453595484976276 0.686874395049184
1586247677.25012 14.6122012951134 -0.368472682016471 0.55528326984645 0.0245497573940291 0.724012410534581 0.0456281076502763 0.687838218330485
1586247677.34912 14.667901307028 -0.369671218059814 0.552370841495774 0.0248096769814781 0.723015043072139 0.0461598514539876 0.688841778301239
1586247677.44812 14.7230891229476 -0.370803006581733 0.549928909176245 0.0248947967017325 0.722097753592445 0.0465153155217222 0.689776346924015
1586247677.54712 14.7779520946991 -0.371981098489581 0.547700244263568 0.0247691684839305 0.720998606114981 0.0464386390940333 0.690934838513707
1586247677.64612 14.8324039926966 -0.373199376474928 0.54569641438639 0.0249081249101735 0.719626214939624 0.0464811132093478 0.692356268260748
1586247677.74512 14.886499523239 -0.37437974415696 0.54395181374446 0.0247298665894761 0.717950168888064 0.046525398816742 0.694097526257665
1586247677.84412 14.9399334118253 -0.375592571903155 0.542279575964276 0.0240296935829006 0.716301971580615 0.0467059387468821 0.695810760639563
1586247677.94312 14.9929248451333 -0.376820513672266 0.541517840803662 0.0233089012278642 0.714928543286301 0.0466311665411342 0.697251322999885
1586247678.00912 15.0277746540671 -0.37760991216096 0.540888647472425 0.0229636767633008 0.713941739606996 0.0463196337129561 0.698293887649852
1586247678.07512 15.0622301653313 -0.378445533660482 0.54039124337304 0.0229363482839921 0.712954932942456 0.0455841424691722 0.699350608404514
1586247678.17412 15.113474060806 -0.379653824830475 0.539754868218498 0.0234764595139943 0.711480542090636 0.0445856134379242 0.700896866271684
1586247678.27312 15.164142179929 -0.380834443471376 0.539353257134174 0.0244172212429135 0.710045490127002 0.0435178247572009 0.702385506816223
1586247678.37212 15.214557097518 -0.382182803307549 0.539170217137615 0.024192477461019 0.708582916808324 0.0431419290595581 0.703891858170505
1586247678.47112 15.264547760152 -0.383651178947188 0.539276401656908 0.0234840311992734 0.707272906658872 0.0430758952328059 0.705236132819948
1586247678.53712 15.2976009464954 -0.38455897758508 0.539411243214417 0.022989748131242 0.706437546786541 0.0431538925231399 0.706084418133679
1586247678.63612 15.3466513736654 -0.385926768149252 0.539761007277406 0.0222124626171347 0.705372749586029 0.0425069352063321 0.707212168380389
1586247678.73512 15.3949952962752 -0.387250413934875 0.54017671147249 0.0220633051492143 0.704673050880251 0.0420288569303634 0.707942566253887
1586247678.83412 15.4430105936436 -0.3885317882183 0.540589350735692 0.0222240000569571 0.704201525888116 0.0421279614608556 0.708400691432095
1586247678.96612 15.505606062792 -0.390242141549987 0.541004833135156 0.0220465007269193 0.703567900016027 0.0428907295827473 0.708989807535056
1586247679.09812 15.5671828118125 -0.391977680086806 0.541533333232328 0.0219058768998234 0.703176533937977 0.0435448792214608 0.70934246888919
1586247679.23012 15.6272953566242 -0.393568265567029 0.542106997265678 0.0220062746307656 0.702817709343008 0.0436796358337247 0.709686607400869
1586247679.36212 15.6861817520525 -0.395149201020671 0.542617464050281 0.022576201488452 0.70243623942197 0.0440887188013651 0.710021006412858
1586247679.46112 15.7294338394934 -0.396274836507513 0.543003249811726 0.0229257695913967 0.70217717829235 0.0440954858542601 0.71026558941097
1586247679.59312 15.7860239624182 -0.397925798072449 0.543819010152163 0.0222302599319862 0.702176511613882 0.0437749556147093 0.71030818335568
1586247679.69212 15.8271406498142 -0.398983812438726 0.544347800145511 0.0220018233175017 0.702301663425238 0.0440548465545571 0.710174248910719
1586247679.79112 15.8685021897346 -0.400078521352783 0.544764157554031 0.0219068579375019 0.702363536674317 0.0445878668068922 0.710082723391622
1586247679.92312 15.9216158623599 -0.401490575775271 0.545261697492528 0.0215168281158596 0.702402709387169 0.0455432452821663 0.709995262493044
1586247680.05512 15.9729102452984 -0.402914543568273 0.545977622457821 0.0205442266184183 0.702583837244223 0.0454548078470524 0.709850510205791
1586247680.18712 16.0223067647928 -0.404143370508398 0.546704205211192 0.0205183337949606 0.702681860944185 0.0442843147831417 0.70982821847436
1586247680.31912 16.0699110804428 -0.405331447010361 0.547247715340379 0.020669267028503 0.702727641603551 0.0437154097499046 0.709813782676283
1586247680.48412 16.1268109655826 -0.406816081199306 0.547658244663189 0.0204965486666867 0.702783161294486 0.0439592857543842 0.70974875899127
1586247680.61612 16.1703051326298 -0.40801500128145 0.548286614379574 0.020001216084621 0.702949499749815 0.0435148337164065 0.709625543088223
1586247680.74812 16.2117106004434 -0.409210203141143 0.548991838784552 0.0191875624159715 0.703085866013848 0.0427595940369595 0.709558820379174
1586247680.88012 16.2511921959184 -0.410237005351549 0.549407157296848 0.0189579406317806 0.703115813645991 0.0427707944104706 0.709534642024923
1586247681.01212 16.2886115276066 -0.411187067790929 0.54969611507083 0.0191043384494767 0.703167827811237 0.0426757331444027 0.709484892005617
1586247681.14412 16.3238841354806 -0.412131162905328 0.550088498762825 0.019016047366049 0.703229631946703 0.0425233904461101 0.709435152751571
1586247681.34212 16.3729628527833 -0.413686778573831 0.550725563582258 0.0179997781641513 0.70338892218878 0.042099520618406 0.709329022733349
1586247681.50713 16.4101275606297 -0.414699304621646 0.55104310106832 0.0185986357477311 0.703418047092368 0.0413629100971474 0.709328028095167
1586247681.70513 16.4504639732098 -0.415874474464465 0.551505507785453 0.0187461780100936 0.703648334922938 0.0403534711609847 0.709153861256815
1586247681.96913 16.4963652205269 -0.41736803904372 0.552188082874608 0.018558836430122 0.703695469248862 0.0389771921653288 0.709188997827724
1586247682.26613 16.5379995502947 -0.41859207310121 0.55263951198684 0.0186129178378227 0.703675854538056 0.0381714486640445 0.709250866433441
1586247682.72813 16.5821351899768 -0.419804765385574 0.552789416810484 0.0198231410433359 0.703729311863068 0.0381153027652743 0.709168049477005
1586247684.64213 16.6222481673562 -0.421023675211518 0.553110673036446 0.0245086127814928 0.703973522912928 0.0332150587714641 0.70902564608616
1586247685.10413 16.6485549319872 -0.421989062550233 0.553156940740521 0.02511117696273 0.703960386017383 0.0334608166602321 0.709006048957436
1586247685.53313 16.6871105550594 -0.423522089080192 0.553481891598373 0.0257556886576503 0.704125340406594 0.0326503497537691 0.708856899634916
1586247685.83014 16.7218847537367 -0.424535498405811 0.55363713444131 0.026426420845843 0.704076095457991 0.0328170566874852 0.708873427966008
1586247686.06114 16.7532216056934 -0.425444669272798 0.553326697606085 0.0285485837170581 0.703964549103369 0.0338355202367367 0.708854039661022
1586247686.25914 16.7826211838038 -0.426757658135455 0.553701576406134 0.0284322942996005 0.704042151450714 0.0330616116414736 0.708818159655337
1586247686.42414 16.8086619694605 -0.427771088748766 0.553831850416305 0.0293568881142744 0.704023647079121 0.0324793420244345 0.708825768306513
1586247686.58914 16.8360622204693 -0.428806247506065 0.553675386960066 0.0303222212360207 0.703915000345608 0.0334579746524103 0.708847514716611
1586247686.82014 16.8762989662217 -0.430651247225976 0.553749246787703 0.0306057159010375 0.703928760988689 0.0344998562968353 0.708771718907161
1586247687.05114 16.9183640615933 -0.431990202135431 0.553873799659229 0.0321195139399378 0.703782097519414 0.0340097260479909 0.708874061148789
1586247687.24914 16.9561307814041 -0.433486725284092 0.553665798252656 0.0320891647478444 0.703759091700402 0.0366347249829783 0.70876746770731
1586247687.54614 17.0142558463328 -0.436036864666648 0.55399435017042 0.0304454096019755 0.703857491513404 0.0380089527551437 0.708669900719005
1586247687.87614 17.0814148817069 -0.438702072091324 0.554186138902139 0.0313696824337779 0.703001879465846 0.0392289600142708 0.709412002427145
1586247688.14014 17.136425347661 -0.440822535505762 0.554822548461608 0.0336837975082247 0.700695516198555 0.0382842218143355 0.711635801323076
1586247688.40414 17.1924921651232 -0.4431311436239 0.556961677710536 0.0337486387512612 0.69728191314662 0.0348524241455831 0.715153320283282
1586247688.66814 17.2495752577902 -0.445864773452942 0.559854577432329 0.0327750187273825 0.692267526231727 0.0336469478063795 0.720110653424694
1586247688.96514 17.3145121132704 -0.448998730537033 0.564398332206878 0.0327263829525483 0.683537213296609 0.0331631219043696 0.728427120062883
1586247689.19614 17.3656560881776 -0.45185673635807 0.570841900238349 0.0296841104689019 0.673742374726008 0.0314707102967544 0.737698895537771
1586247689.42714 17.4171928995489 -0.454658967646023 0.578740588771504 0.0283331893495152 0.65956063826371 0.0304780661493082 0.750498555840216
1586247689.62514 17.4615540312074 -0.457246287156326 0.588061777138705 0.0275855936899012 0.642889913207251 0.0304225738077388 0.764856889568278
1586247689.79014 17.4982054674624 -0.459436082672583 0.598007760904348 0.0273070197947005 0.625526264036738 0.0294850500752278 0.779167409156873
1586247689.95515 17.5348424382177 -0.461683287063817 0.610493584583191 0.0261999756982988 0.605280985681905 0.0286308941776922 0.795065256154447
1586247690.12015 17.5713076854877 -0.4640287316784 0.625553184160246 0.0241366776819392 0.58286324911699 0.0277888079980317 0.811736186066208
1586247690.28515 17.6067390092058 -0.46647296417163 0.642724368725316 0.0232886367651633 0.558595278996624 0.0264994762924303 0.828689767908674
1586247690.45015 17.6424974000018 -0.469124673203931 0.662666575360834 0.0224103646952174 0.532856250925268 0.025242000007208 0.845532277822515
1586247690.58215 17.6705027587305 -0.471219374371363 0.680251404241856 0.0213176602226487 0.511666763249173 0.0251836506672608 0.858550210813448
1586247690.71415 17.69765665305 -0.473241938216945 0.699250224837541 0.0211493592808563 0.490082026485203 0.0244862699606113 0.871075619278592
1586247690.87915 17.7305527088905 -0.475974669731512 0.725267817162587 0.0212047358979403 0.462321808515155 0.0234042761308859 0.886149617392889
1586247691.04415 17.7623758851729 -0.479027542735337 0.754271120551293 0.0200362686746537 0.434559560094905 0.0201684705134308 0.90019429539676
1586247691.20915 17.7928688097865 -0.482012954842239 0.785395171790188 0.0204624256998116 0.405967280427557 0.0181099049991929 0.913479002329913
1586247691.34115 17.8167230790799 -0.484232116017259 0.811870439925613 0.0201319498735312 0.383030456179666 0.0181970511707948 0.923337014075453
1586247691.47315 17.8394524812974 -0.486778770495474 0.840162375985335 0.0183273882222445 0.360568173359241 0.0174536398682295 0.932389440983049
1586247691.60515 17.8612088289174 -0.489396088379909 0.870194922584472 0.0167246347066414 0.338153370937271 0.0156938198108951 0.940811505211024
1586247691.73715 17.882169001615 -0.492118296809344 0.901805864551684 0.015222459764185 0.315510629218008 0.0153339944112447 0.948676018556694
1586247691.86915 17.9023508546816 -0.494686336831297 0.934132958584656 0.0144105717414348 0.292692719292542 0.0165635170108591 0.955954474543351
1586247692.00115 17.9214340873824 -0.497396628457213 0.968575006465716 0.014357748073067 0.271246210424142 0.0170887856852976 0.962251173968946
1586247692.13315 17.9387281987509 -0.499682120129588 1.00392256519528 0.0130049237283822 0.25081226447388 0.0149909515542994 0.96783229503866
1586247692.26515 17.95562573658 -0.502473800705408 1.04075006978313 0.0124881478375604 0.2315741221694 0.0156571253997891 0.97261108698661
1586247692.39715 17.9716325207448 -0.505314414320036 1.07849094563806 0.0120827469031558 0.213109810504165 0.0164183385307752 0.97681556808542
1586247692.52915 17.9866860040503 -0.508081706000362 1.11753605087461 0.0124274620404351 0.195006640276737 0.0176333410966085 0.980564650452475
1586247692.66115 18.000171410789 -0.510587202245546 1.15779732373248 0.0126570462562475 0.176852944869521 0.0170077037755875 0.984008929371745
1586247692.79315 18.0126845157483 -0.513510264468313 1.19892521233003 0.0127512411401881 0.157687731566647 0.0186495767829729 0.98723055992436
1586247692.92515 18.0237609076476 -0.516768503651204 1.24137642103023 0.011856553608739 0.139039928713138 0.0197119421386986 0.990019575411057
1586247693.05715 18.0331572364696 -0.519650662870773 1.28494816974092 0.0111363738067226 0.120753751449625 0.0190777924861878 0.992436673306228
1586247693.18915 18.0410134350977 -0.52246481207342 1.32902879642784 0.0111356555248845 0.1028638728363 0.0178774619223435 0.994472431591929
1586247693.35415 18.0492635745612 -0.525934404790112 1.38620037825532 0.0105051141301456 0.0826305708500367 0.0166672157772082 0.996385485269806
1586247693.51915 18.0558988543808 -0.52982967305937 1.44450519213947 0.00908594680191177 0.0647721372400524 0.0162156067501055 0.997726951578334
1586247693.68415 18.0605604282666 -0.533620746460394 1.50330614155895 0.00912520711769425 0.0503877120369744 0.0142176796492016 0.998586834810139
1586247693.84915 18.0641926763992 -0.537603129584826 1.56326749000574 0.00862563687539777 0.0389579061264232 0.0132603223499045 0.999115630840553
1586247694.04715 18.0678499475401 -0.542217730047378 1.63719048130583 0.00797326844172079 0.0275951315006253 0.0128599858822466 0.999504655552403
1586247694.21216 18.0696083014356 -0.546283606821663 1.69981397677912 0.0080814301207274 0.0196623944452599 0.0117204171667536 0.999705312856404
1586247694.37716 18.0705446060295 -0.550334893629856 1.7632521473852 0.00869809270669518 0.0125500311996872 0.0110292451849702 0.999822582086843
1586247694.54216 18.0708753623287 -0.554282248252979 1.82819776728465 0.00752435249387652 0.00696918796543426 0.0111626704099568 0.999885098062757
1586247694.70716 18.0713386534761 -0.55827409728392 1.89447492445284 0.00491072397855126 0.00238560736375231 0.0123364466797118 0.9999089987348
1586247694.83916 18.0712303647268 -0.561573829083607 1.94795677336674 0.00406261664224105 -0.000113972076472442 0.0131400793175593 0.999905405761921
1586247694.97116 18.0708097158383 -0.564834386466602 2.00212204605141 0.00554487417778477 -0.00207884961949918 0.0131469901262469 0.999896039298703
1586247695.10316 18.0701766785929 -0.568106989604157 2.05659000639714 0.00917694374061521 -0.00400178677473867 0.0130405093712538 0.99986484812775
1586247695.23516 18.0695988700244 -0.571553767056371 2.11186787124747 0.0114694379302527 -0.00545188254096033 0.0135966828574536 0.999826914613523
1586247695.36716 18.0684189073425 -0.575288252530917 2.16853021250604 0.0112584614700784 -0.00663591570776759 0.0133631635717402 0.999825303504268
1586247695.49916 18.0669790728368 -0.579416542140998 2.22614392260305 0.0101192613969214 -0.0075062008209721 0.0113495826387865 0.999856211898462
1586247695.63116 18.0653908508124 -0.583544287979788 2.2838513664714 0.00977061497419868 -0.00805911035224737 0.00939506855798574 0.999875651523802
1586247695.76316 18.0641507635394 -0.587318496078928 2.34191809931784 0.0108180754695972 -0.00859041506236301 0.00882407073884393 0.999865645868377
1586247695.89516 18.0627124255126 -0.59123912603115 2.40095749423595 0.0118045717840902 -0.00889213452343134 0.00775918483606409 0.999860678834452
1586247696.02716 18.0610202378722 -0.595473155954246 2.46073456189821 0.0120291652499473 -0.0091529139713523 0.00580896828126958 0.999868881022272
1586247696.15916 18.0592858483266 -0.599718153885098 2.52081860482827 0.0122165604383955 -0.00963399948407017 0.00440117468702813 0.999869277138952
1586247696.29116 18.0577011856552 -0.604007607947141 2.58101202074195 0.0115159450865966 -0.0100305848250216 0.00367565300510839 0.999876622364888
1586247696.45616 18.0553858765052 -0.609446825058038 2.65891595892366 0.010382542179837 -0.0105082709529719 0.00185080248546746 0.999889170653239
1586247696.58816 18.0535255067798 -0.613723392490662 2.72132660035234 0.00957957809100343 -0.0108518073619709 0.00142430193176444 0.999894215067066
1586247696.72016 18.0525495259642 -0.617662554210112 2.78336078908925 0.00869571318246472 -0.0113615228989643 0.00189498366111187 0.999895849279608
1586247696.85216 18.0504597565639 -0.621940240743111 2.84780956145931 0.00760500754170909 -0.0116201453980293 0.00286438611252955 0.999899460632627
1586247696.98416 18.0487828417431 -0.62616286883603 2.91189439701976 0.0075559244094424 -0.012036826898517 0.00341279444635253 0.99989318211427
1586247697.14916 18.0466912639092 -0.63116310650412 2.99278019273739 0.00888819472021267 -0.0127259127128255 0.00430235517255486 0.999870262024134
1586247697.31416 18.0444053616819 -0.63632299092054 3.07436829918104 0.00823928420700651 -0.0134350667232926 0.00498803117701812 0.999863357025786
1586247697.47916 18.0418308560072 -0.641694200334264 3.1575230332577 0.00729252499480734 -0.0138591411018488 0.00476558882185786 0.999866007248121
1586247697.64416 18.0389894426737 -0.646979603279639 3.24135694902768 0.00792390736015262 -0.0144950207720731 0.00437581223544666 0.999853968503524
1586247697.80916 18.0364230868869 -0.652382857525127 3.3263360891153 0.00826239275811533 -0.0150816132532907 0.00567077802085385 0.999836046601755
1586247697.97416 18.03413321761 -0.657943169895293 3.41231438494799 0.00859463138666471 -0.0157359862288927 0.00625073918588058 0.999819703400749
1586247698.13916 18.0305748714595 -0.663607748366449 3.49909073425297 0.00947574999151175 -0.0163743937226378 0.00653654562262132 0.999799661414044
1586247698.27116 18.0280325362469 -0.668216493811535 3.5691258707454 0.00977623618924804 -0.0169855737534657 0.00632514735291144 0.999787931514079
1586247698.40317 18.0254134492606 -0.672945179107777 3.63987900555357 0.00922541741349815 -0.0175776985443156 0.0066889529586579 0.99978056297157
1586247698.53517 18.0227039042889 -0.67777520262392 3.71106579512342 0.00974633979650968 -0.0181067096501051 0.00659814047800939 0.99976678303915
1586247698.66717 18.0202311186775 -0.6827830511135 3.78243260902811 0.0118185161365697 -0.0186856548042168 0.00591920451598174 0.999738031685684
1586247698.79917 18.0165882309174 -0.687760694381778 3.85459989225091 0.013979952668716 -0.0195792862306703 0.00538149546935632 0.999696079806554
1586247698.93117 18.0133413616921 -0.693006720078187 3.92762902583815 0.0125648272748554 -0.0204671155769296 0.00493833918767119 0.999699372362302
1586247699.06317 18.0097467565702 -0.698283469560854 4.00149193346615 0.00945989874905489 -0.0211602352676574 0.00408939838806077 0.999722977419194
1586247699.19517 18.0062581167935 -0.70336024705545 4.0755983034448 0.00797481721939146 -0.0221617843534783 0.00424020889628672 0.999713598103528
1586247699.32717 18.0027419578957 -0.708099326318524 4.15002822104748 0.00857091404444456 -0.0231316108529704 0.00492141102585652 0.999683573799882
1586247699.42617 17.9999832364158 -0.711636682886849 4.20619486727998 0.00816735495999673 -0.0239165786988725 0.00529621251044018 0.99966656526531
1586247699.52517 17.9975294354454 -0.715228218508278 4.26256592629991 0.00739957698249073 -0.0248102844254595 0.00548869363232577 0.999649723798
1586247699.62417 17.9942508886565 -0.718867407819735 4.31942386408122 0.00642616264139043 -0.0256458785768678 0.00638773461966241 0.99963002665594
1586247699.72317 17.9912915869127 -0.722368908300242 4.37628232714366 0.0063667431467202 -0.0264455020643891 0.00725526981177432 0.999603651985238
1586247699.82217 17.9881327025312 -0.72582512263118 4.43333171853393 0.00639840588473982 -0.0270883751266297 0.00782198901541348 0.999581961033199
1586247699.92117 17.9848499019172 -0.729436117090927 4.49058100368363 0.00699722764364169 -0.0278298176596029 0.00794249105997953 0.99955663015664
1586247700.02017 17.9815545112786 -0.73304064583996 4.54803617926789 0.00735527808881449 -0.0286745317295483 0.00870365386948452 0.999523845400222
1586247700.11917 17.9782513390239 -0.736703150628738 4.60589737328847 0.0076103243224845 -0.0295089669689738 0.00980374938419107 0.999487463818403
1586247700.21817 17.974649479577 -0.740512449548645 4.66411681509754 0.00702340512160217 -0.0301829852321089 0.00952432480581792 0.999474335048164
1586247700.28417 17.9720203658985 -0.743091513629668 4.70289018678965 0.00719591705504795 -0.0304893487519589 0.00879144663010285 0.999470524256002
1586247700.35017 17.969620388418 -0.745648310856432 4.7414445482021 0.00791222172065238 -0.0309548715352488 0.00840674693056647 0.999454110643268
1586247700.41617 17.9669515382928 -0.748190089776454 4.78051903133985 0.00914242919402809 -0.030989106749948 0.00819472504987749 0.999444314473112
1586247700.48217 17.9644482431958 -0.750741696251441 4.81937843629766 0.0104348821579067 -0.0310652247307443 0.00802341435338675 0.999430682873451
1586247700.58117 17.9605294724035 -0.754698994829236 4.87768740124263 0.011867678548301 -0.0309103274094229 0.00700846558180178 0.999427131548621
1586247700.68017 17.9565402022941 -0.758814333504091 4.9366211888212 0.0113582406512202 -0.0307068070080366 0.0059205133994236 0.999446361689194
1586247700.77917 17.9527018141242 -0.762992453241346 4.99586401128655 0.00983487993849932 -0.0306352544785024 0.00533541236845404 0.999468003337021
1586247700.87817 17.9488530542366 -0.76713683455343 5.05526756993411 0.00797009366462332 -0.0299224964043686 0.00465758985049054 0.999509594087367
1586247700.97717 17.9452782736956 -0.771105651268315 5.11496839837463 0.00774059945460825 -0.0286564417994561 0.00459039771771782 0.999548808069056
1586247701.04317 17.9429580065475 -0.773637722178612 5.15468777477366 0.00800352945651255 -0.0278361341661485 0.00472292780151774 0.999569300801052
1586247701.14217 17.9398546294532 -0.777521218522741 5.21454380214335 0.00922270272565065 -0.0266717863702055 0.00505208022007109 0.999588932537624
1586247701.20817 17.9377924820015 -0.780172410169355 5.25460337667041 0.00956038488155339 -0.0259459571524368 0.00549229548336952 0.999602541532725
1586247701.30717 17.9347847555644 -0.784095526175928 5.31544073523595 0.0093902206464845 -0.0248502082630509 0.00652671543556586 0.999625776423916
1586247701.40617 17.9320826770856 -0.788163609449395 5.37561694780292 0.00824832535839148 -0.0236243322007601 0.00729527768000119 0.999660259778502
1586247701.50517 17.9293548262187 -0.792257183527212 5.43642091512892 0.00784649342622248 -0.02248794012562 0.00712307125427715 0.999690945715587
1586247701.60417 17.9266979183197 -0.796211684634508 5.49739208384036 0.00797759069688343 -0.0212534928409552 0.00787169171114379 0.999711300105354
1586247701.70317 17.9243101106991 -0.800107392865826 5.5584838162103 0.00805701354619698 -0.0202757600675722 0.00875526745917534 0.999723623497073
1586247701.80217 17.9220207657134 -0.804085250913913 5.62013185046133 0.00796535139773328 -0.0191679042265797 0.00937558992414345 0.999740587821784
1586247701.90117 17.919681994496 -0.808145562811704 5.68160883812736 0.00796033877998895 -0.0184887140139523 0.00952526242140888 0.999752004167244
1586247702.00017 17.9173295642025 -0.812122772173259 5.74355696248273 0.00817476212608447 -0.0181594422071307 0.00984237778513076 0.99975323731531
1586247702.09917 17.9152897696282 -0.816072203119612 5.80542748848143 0.00752170826226916 -0.0177575007228399 0.0108647382911477 0.999754996253962
1586247702.19817 17.9129551751389 -0.820256994114979 5.86747121486949 0.00742734414485159 -0.0177754160705568 0.0102005896930095 0.999762380324639
1586247702.29717 17.9105556543418 -0.824476087597174 5.92951268864212 0.00924802817088662 -0.0180518202407786 0.00990487394991585 0.999745217159343
1586247702.39617 17.9080945874996 -0.82848468532764 5.99171386701117 0.01084024544489 -0.0185779240318123 0.00987411810792076 0.999719886572711
1586247702.49517 17.9055263804237 -0.832829429581506 6.054484699735 0.0102410171115466 -0.0187311924601281 0.00911382377035409 0.999730564809252
1586247702.59418 17.9029439250226 -0.837367720611962 6.11737349864615 0.0083632727627946 -0.0188366610027407 0.00892264081950002 0.999747779368261
1586247702.69318 17.9003367513354 -0.841702972335344 6.18065351548405 0.00766115972083322 -0.0191346007131609 0.00858994605778328 0.999750662172326
1586247702.79218 17.8977921186095 -0.84587016091314 6.24357869330928 0.00863092610279751 -0.019466712300163 0.00864504951036599 0.99973587379157
1586247702.89118 17.8950886816161 -0.850114000866643 6.30631690088415 0.00991950284978423 -0.019791554425568 0.00839442930039094 0.999719676406018
1586247702.99018 17.8923841924749 -0.854318429079556 6.36975931681208 0.0106123155311441 -0.020006706348172 0.00799832415252343 0.99971152702713
1586247703.08918 17.8894994184709 -0.858811909755565 6.43317837758567 0.00990917865671656 -0.0201600820525269 0.00714254526736382 0.999722143056304
1586247703.18818 17.8866107707399 -0.863376206276203 6.49687648554499 0.00950690385776566 -0.0202036509105528 0.0062610728927653 0.999731078958314
1586247703.28718 17.883711083871 -0.868005335793304 6.56058402759524 0.00954889942292151 -0.0202026486051277 0.00580857140512447 0.999733430474034
1586247703.38618 17.8812744564765 -0.872158581876645 6.62437003736056 0.00959417382500729 -0.0201074628702215 0.00730928774962336 0.999725070245881
1586247703.48518 17.8784874407054 -0.876393985036121 6.68840003324876 0.00855587514985154 -0.0198221215192442 0.00630719754117577 0.99974701787906
1586247703.58418 17.8758846100362 -0.880854888867777 6.75252091879571 0.00840540730676491 -0.019262822738828 0.00691463846506304 0.999755210320525
1586247703.68318 17.8736283694365 -0.885198684197532 6.81653564893823 0.00957638268383659 -0.0189209205243442 0.00804719305821665 0.999742734079667
1586247703.74918 17.87188076909 -0.888195994708885 6.85920545569339 0.0105843647317185 -0.0185155144886196 0.00724371823804267 0.999746305565835
1586247703.84818 17.8694159884281 -0.89272917068333 6.92310958972193 0.0115836565451954 -0.0177969194175988 0.00774030292410716 0.999744555509521
1586247703.94718 17.8667866187787 -0.897506642276773 6.98704006843455 0.0112633235645297 -0.0173852151141442 0.00696773275454406 0.999761142742594
1586247704.04618 17.864622660667 -0.902047059417922 7.05165163759739 0.0105275669100775 -0.0169468804308228 0.00680558300750354 0.999777804123769
1586247704.14518 17.8623364027847 -0.906661664067375 7.11615437084151 0.00965053606737219 -0.0164308722649143 0.0067013015094377 0.999795972260494
1586247704.21118 17.8607734762228 -0.909661102142614 7.15909420191321 0.009569598348943 -0.0160964402218609 0.00636981849751968 0.999804357267927
1586247704.27718 17.8593092433176 -0.91260406254935 7.2021954466847 0.00921169888145978 -0.0156984353311883 0.00632771169902158 0.999814314658739
1586247704.34318 17.857931484038 -0.915563102750203 7.24537275323009 0.00888581566439485 -0.0153123736738526 0.00664121709003938 0.999821217882484
1586247704.40918 17.8565525523732 -0.918495823948686 7.28843634440133 0.00882113983598062 -0.0150408274696712 0.00667008001523185 0.999825720330104
1586247704.47518 17.8551926669548 -0.921354163607707 7.33121863149148 0.00924677846022137 -0.0149267078055822 0.0066240345759171 0.999823890816844
1586247704.57418 17.8531478995163 -0.925932935292213 7.39602080895449 0.00983233968957845 -0.0145219539900355 0.00650495073413135 0.999825046477876
1586247704.67318 17.8511386881415 -0.93034360903758 7.46061737312577 0.0106234474735183 -0.0142844583879494 0.00635661182300881 0.999821329087589
1586247704.77218 17.8492135406528 -0.934868470302208 7.52527039233253 0.0103496054361101 -0.0140449105306635 0.00637699851151228 0.999827465138604
1586247704.87118 17.8465704947974 -0.939268705194745 7.58928182904132 0.00994469326526983 -0.0138256400497114 0.00600095344284941 0.999836958364139
1586247704.97018 17.845138879265 -0.943989709322523 7.65468433101066 0.00968898844333723 -0.0137295437313067 0.00562859244934576 0.999842958708474
1586247705.06918 17.8431814420192 -0.948497649892624 7.71956234980389 0.0100632625053331 -0.0137236202127508 0.00556156031938367 0.999839718176278
1586247705.16818 17.8413526627424 -0.952920605300239 7.78477392769106 0.00980082190778994 -0.013611038774284 0.00615603942485595 0.999840380606833
1586247705.26718 17.8394850024958 -0.957525956046006 7.84984737189948 0.00973293288262107 -0.0135173091334802 0.00610566512640607 0.999842624228762
1586247705.36618 17.8375473771227 -0.962135032878159 7.91484996688248 0.0104902056901789 -0.0134372746935051 0.00604948729355259 0.99983638608368
1586247705.43218 17.8359585690366 -0.965055795243934 7.95716937465624 0.0112665928695103 -0.0133405031707218 0.00613941290662833 0.999828686560566
1586247705.53118 17.8343411762284 -0.969728472788105 8.0232839728404 0.0115635091253091 -0.0133446985743681 0.00591631176385473 0.999826585729636
1586247705.63018 17.8324002349154 -0.974430371748849 8.08860871426107 0.010565396561206 -0.0131638420452064 0.00579193164641083 0.999840756913778
1586247705.72918 17.8304525988761 -0.979175845591844 8.1539532174948 0.00981353466796372 -0.0129866710169501 0.00574940142825459 0.999850981544968
1586247705.82818 17.8286299514846 -0.983828200895792 8.21934274735466 0.0104471372795319 -0.0129046804303968 0.00581128115594763 0.999845265807154
1586247705.92718 17.8268522592837 -0.988480845950627 8.2847707345289 0.0115163758901021 -0.012835999867498 0.00606866763913183 0.999832876768335
1586247706.02618 17.8250767232516 -0.993227713756593 8.3503003527975 0.0120258523946396 -0.0128308761780802 0.00606603484778461 0.999826960384601
1586247706.12518 17.8232487106703 -0.998028784471031 8.41591426168236 0.01173622283671 -0.0127529491246055 0.00609115028324079 0.999831246386299
1586247706.22418 17.8213956639782 -1.00289014630835 8.4816020586694 0.0112470302101686 -0.0127341544041958 0.00609078072402128 0.999837110740161
1586247706.32318 17.8195698874265 -1.00779182418094 8.54718561281822 0.0115665211580941 -0.0126276139349505 0.00597137794932576 0.999835537276004
1586247706.42218 17.8177641069065 -1.01257192434452 8.61297777577496 0.0119848732187635 -0.0125425145686155 0.00610301137590524 0.999830886397481
1586247706.52118 17.8158648858389 -1.01725180356711 8.67894754357096 0.0119623427404602 -0.0124121063545796 0.0059527479654308 0.999833689552249
1586247706.62018 17.8139237777228 -1.02186263848757 8.74490214098043 0.0108122828230463 -0.0121899616377012 0.00560189985194752 0.999851548027743
1586247706.71918 17.8124343055926 -1.02666506813054 8.81127625212779 0.00999468235598291 -0.0122570428044111 0.00612977844646872 0.999856138173133
1586247706.81819 17.8106311775407 -1.03129797144909 8.87731205187288 0.00965968948824785 -0.0121444213718084 0.00607405313230379 0.999861145013187
1586247706.91719 17.8089402936557 -1.03587980586778 8.94344610719812 0.00999952789596895 -0.0118489778142077 0.0061230535711102 0.999861050037245
1586247707.01619 17.8071424007721 -1.04044441733653 9.00956545638505 0.0104601324752369 -0.0119660362681103 0.00624514813419428 0.999854188234171
1586247707.11519 17.8053882472056 -1.04500519756503 9.07575961525781 0.0103949152871132 -0.0119503033382564 0.00606206051409536 0.999856183362698
1586247707.21419 17.8036133685816 -1.04964052607591 9.1421476778553 0.00992180206950338 -0.0118638911503721 0.00577254963145374 0.999863732516196
1586247707.31319 17.8018247762568 -1.05422753307967 9.20856736727337 0.00922972213235212 -0.0117602377648849 0.00511656350700527 0.999875157114603
1586247707.41219 17.8000631718888 -1.05865595650565 9.27510900223844 0.00764147810224638 -0.011649282024089 0.00524750564190652 0.999889176721738
1586247707.51119 17.7984612266466 -1.06319218743008 9.34143499346213 0.00891419767529683 -0.0117052126572685 0.00578850189152063 0.999875001348822
1586247707.61019 17.7968139544626 -1.06792647588778 9.40816120423974 0.00998848818088411 -0.0116917164332028 0.00633761658266683 0.999861674676431
1586247707.70919 17.7951461355984 -1.07246979914362 9.47412417989808 0.0104706168433035 -0.0119404527342492 0.00683824982357344 0.999850503880841
1586247707.80819 17.7934497175191 -1.07726565276756 9.54076809696225 0.00942966185381461 -0.0120796269749039 0.00675145636081243 0.999859781132574
1586247707.90719 17.7917462077721 -1.08197532255422 9.60743123193883 0.0080963614533298 -0.0122062268376878 0.00698406597675666 0.999868331221685
1586247708.00619 17.7899565823443 -1.08651891343447 9.67367261365816 0.0089459410361507 -0.0123237723253876 0.00691925619909018 0.999860099548082
1586247708.10519 17.7881624137328 -1.09102195298051 9.74008966031887 0.009764683232948 -0.0122857868304987 0.00650801026137396 0.999855667686969
1586247708.20419 17.7863099584448 -1.09553930056725 9.8064808225891 0.011250362253168 -0.0123351368860458 0.00637078760265094 0.999840330659099
1586247708.30319 17.7845968644589 -1.10029571387621 9.87285708568659 0.0111260127321792 -0.012475861780212 0.00668850245705038 0.999837901186191
1586247708.40219 17.7829310136725 -1.10535326257486 9.93947152913765 0.0105453594943939 -0.0125356843604751 0.00699480020805396 0.999841349805457
1586247708.50119 17.781006767502 -1.10993805529997 10.0059276317294 0.00977208288252581 -0.0125907840864048 0.00694306310947618 0.999848874794028
1586247708.60019 17.7791902445281 -1.11462047108748 10.0724232801599 0.00998173496427123 -0.0126955940996696 0.00691211348281346 0.999845692867035
1586247708.69919 17.7774560281166 -1.11932193260469 10.1387758462871 0.010344889181243 -0.0128173842990276 0.00721002052348272 0.999838343699425
1586247708.79819 17.7754254269377 -1.1242228773385 10.205280274319 0.0108912328786901 -0.0128481932332527 0.00724328392923854 0.999831905779638
1586247708.89719 17.7738012000215 -1.12862680307928 10.2717270744646 0.0110384045737881 -0.0129114588394898 0.0073844096170736 0.999828444459203
1586247708.96319 17.772530197679 -1.13180328480703 10.3161298060248 0.0108770165266806 -0.0129044281075697 0.00728092603832175 0.99983106291149
1586247709.02919 17.7712749359648 -1.13497296231146 10.3603957495902 0.0107034529773231 -0.0129637725104762 0.00714860981509759 0.999833123113238
1586247709.09519 17.7700114372879 -1.13816276308341 10.4046966050983 0.0107309655371034 -0.0130169504469253 0.00723023856138198 0.999831550327379
1586247709.16119 17.7688964502759 -1.14134171512245 10.4491104515599 0.0107139109961325 -0.0130981290071733 0.00739943175295786 0.999829435222534
1586247709.22719 17.7675691999176 -1.14452514199593 10.4932758104914 0.0108695804309499 -0.0131738071993941 0.0073670467776807 0.999826999858928
1586247709.32619 17.765708559216 -1.14926568304095 10.5596076836696 0.0110912394231758 -0.0131766152374049 0.00750643759894778 0.999823491729173
1586247709.39219 17.7645025353412 -1.1524392638608 10.6038796886846 0.0110384246539274 -0.0132063166648593 0.00790369457915228 0.999820622908583
1586247709.45819 17.7632440732827 -1.15569281270505 10.6481307652663 0.010927306878103 -0.0132911705431933 0.00784293717558197 0.999821197558065
1586247709.52419 17.7620963398699 -1.15890281818307 10.6923544433551 0.0110219777394158 -0.0133405601107887 0.00801014338131051 0.999818175002662
1586247709.59019 17.7608773907276 -1.16216480726469 10.736619170402 0.0108822886255843 -0.013366528633423 0.00808668691693423 0.999818742173435
1586247709.65619 17.7596765460429 -1.16537482449363 10.7807790282522 0.0113311217954354 -0.0134110245004501 0.00783711689133156 0.999815147764594
1586247709.72219 17.7583019020016 -1.16865070944443 10.8251367649558 0.0118533214710419 -0.0133789545504128 0.00786077758323686 0.999809337084341
1586247709.78819 17.7570223550724 -1.17193870987834 10.8693209879483 0.0119842951634828 -0.013348056732711 0.00793946327674738 0.999807566971651
1586247709.88719 17.7550062831606 -1.17687450976865 10.9358260638935 0.0123537574994661 -0.0133220486688566 0.00757290840724476 0.999806260609106
1586247709.98619 17.7530242297431 -1.18182359419875 11.0023515482159 0.0124490913663459 -0.0132889707184185 0.00751652357643604 0.999805943798457
1586247710.08519 17.7506270527638 -1.18661913069222 11.0681595467941 0.0121786486304011 -0.0132311851888758 0.00765518838985435 0.999808988930761
1586247710.18419 17.7492048376094 -1.19164277494071 11.1353561434961 0.0111354161791357 -0.0132352324758528 0.00789705431124905 0.999819217489358
1586247710.28319 17.7472829815873 -1.19640330578099 11.2020253281241 0.00995568829329901 -0.0131934431472809 0.00805142948910007 0.999830981622248
1586247710.38219 17.7453589927874 -1.20098610857794 11.268687262958 0.00945768170704461 -0.0131912780088308 0.00798472536015066 0.999836379915306
1586247710.48119 17.7434405917609 -1.20561617910515 11.3356209584944 0.00971108552691154 -0.0132354509446702 0.00764737698409246 0.999836004193409
1586247710.58019 17.7412468589354 -1.2101304986833 11.401809288097 0.0104467134505719 -0.0131135773423988 0.00718003349266667 0.999833659858684
1586247710.67919 17.7393091009134 -1.21485087367102 11.4687032698838 0.0111878530588681 -0.013058470212818 0.00664279096868824 0.999830076376871
1586247710.77819 17.7373315094184 -1.219678447085 11.5357861985308 0.0121187005922238 -0.0130521448482751 0.00627666703890416 0.99982167513097
1586247710.87719 17.736105066733 -1.22472800958684 11.6031911263145 0.0129333304274784 -0.0131962311023545 0.00609696237346246 0.999810689830112
1586247711.0092 17.7325549967238 -1.23134430890688 11.6918554654162 0.0133899163107393 -0.0131197912088319 0.0050868880110836 0.999811334597778
1586247711.1412 17.7297564103639 -1.23815559237926 11.7814882005525 0.0128349520506363 -0.0132523761964151 0.00414337904828883 0.999821219489299
1586247711.2732 17.7269754720977 -1.24480725982917 11.8710346295811 0.0112337823983711 -0.0132362318917788 0.00296597874624178 0.999844891604898
1586247711.4052 17.7247579210748 -1.25128458071549 11.9611470496764 0.00971671435551301 -0.0133623419356133 0.00149714846541365 0.999862386444556
1586247711.5372 17.7211533439012 -1.25766069715017 12.0503504057012 0.0103336510968126 -0.0132658459808284 0.00122349974072624 0.999857857914717
1586247711.6692 17.7184430874648 -1.26369609849601 12.1400715958932 0.00993917224575159 -0.0133719417405057 0.00136368445192111 0.999860262433643
1586247711.7682 17.7165786090102 -1.26833947417524 12.2076669337234 0.00756312430994013 -0.0135483853068145 0.0021163832297327 0.999877373145465
1586247711.8672 17.7146395881142 -1.27281837907873 12.2752849755931 0.0057638132724255 -0.0137142555227647 0.0024830049875409 0.999886259700697
1586247711.9662 17.7126241157258 -1.27712362241161 12.3427983761673 0.00556889294767412 -0.0138393624409308 0.00289877636836651 0.999884521619438
1586247712.0322 17.711333644606 -1.2800158943118 12.3876814589939 0.00695364023816433 -0.013964170531218 0.00312458787623603 0.999873434880344
1586247712.1312 17.7094053522107 -1.28429674893807 12.4550258924837 0.00996261269565672 -0.0140753453704782 0.0032162538197719 0.999846131518418
1586247712.2302 17.7073175025478 -1.28866618106251 12.5226802280515 0.0103453806598145 -0.0141297390880114 0.00307867421408996 0.999841910172499
1586247712.3292 17.7052237456955 -1.29338158887129 12.5908488660119 0.00625823195668654 -0.0140436800217591 0.003155340321598 0.999876819119074
1586247712.4282 17.7032746243211 -1.29772195355791 12.6593752270047 0.00206605831905883 -0.0140742271796904 0.00378614745915288 0.999891650440054
1586247712.5272 17.7012438023147 -1.30145518456775 12.7276667840552 0.000467908471660483 -0.0140781202496167 0.004129114605428 0.999892263198628
1586247712.6262 17.6999133394688 -1.30517890068044 12.795700023237 0.001414361144191 -0.0141939336442428 0.00486823765167883 0.999886409594822
1586247712.6922 17.6980250104613 -1.30708562905451 12.8410861165175 0.00273492205835575 -0.0142437516825042 0.00500378264376756 0.999882292021714
1586247712.7582 17.6967573730496 -1.30943112429032 12.8866473844891 0.00387421749082974 -0.0142641683228147 0.0050766207407391 0.999877868473319
1586247712.8572 17.69464468996 -1.31319322358592 12.9546004760781 0.00515264496499901 -0.0142960358522045 0.00482334724833804 0.999872896387385
1586247712.9232 17.693211126349 -1.31595984142941 13.0005789352391 0.00564183242779322 -0.0142622121717601 0.00473856682248484 0.999871144205739
1586247712.9892 17.6917058075659 -1.31873635635036 13.0461960643975 0.00591517537565405 -0.0142205852011116 0.00480707917140852 0.999869830351258
1586247713.0882 17.6894780710835 -1.32301978074459 13.1147697591466 0.006070212944226 -0.0142948011522082 0.00478517719837751 0.999867947908128
1586247713.1872 17.688044370493 -1.32732060180613 13.1843623081377 0.00611124643281493 -0.0144424874240004 0.00519839989532587 0.999863512616884
1586247713.3192 17.6846171229432 -1.3328470366445 13.2757165110916 0.00606868346782618 -0.0145263876364928 0.00521587827261408 0.999862465420643
1586247713.4182 17.6830606871604 -1.33742049153684 13.3428191392354 0.00581775323214966 -0.0144459435845277 0.00528567217578915 0.999864755919986
1586247713.5502 17.6795559834209 -1.34260176973038 13.4379715982564 0.00567854606448511 -0.0145251464482539 0.00496760847230212 0.999866039577961
1586247713.6492 17.6773586275049 -1.34690477825639 13.5072945731205 0.00567353720454874 -0.0145147058800416 0.00487223299848863 0.999866688931286
1586247713.7812 17.674399815165 -1.35270840444797 13.6002067542137 0.0054694729158854 -0.0145689635868182 0.00474234873707181 0.999867661390488
1586247713.9132 17.6715748151869 -1.35890229318268 13.6925372507066 0.0056758411862709 -0.0145073747816761 0.00495700293977205 0.999866365583735
1586247714.0452 17.6684568490945 -1.36420861515472 13.7863636880674 0.00623159676142064 -0.0145750502865531 0.00489006783962797 0.999862401707091
1586247714.1442 17.6666725116611 -1.36871752453658 13.8550552760997 0.00632108537408227 -0.0146355047977143 0.00505474383845685 0.999860137941171
1586247714.2432 17.6639507953816 -1.37315441338655 13.9261855782912 0.00654246503367749 -0.0147271486739393 0.00500574219767307 0.999857614757356
1586247714.3092 17.6624785626744 -1.37608339607774 13.9730198282081 0.00662723467494087 -0.0148830860291588 0.0049863633031576 0.999854844310823
1586247714.3752 17.6609215488338 -1.3790438696029 14.0197836331736 0.00669254614929944 -0.014986137349765 0.00500587732177471 0.99985277251484
1586247714.4412 17.6592693018199 -1.38201626784358 14.0666613520383 0.00570853520459322 -0.0150265143041719 0.00473392944904311 0.999859593345814
1586247714.5072 17.6577956317126 -1.38498543982807 14.1138660149489 0.00511555033869727 -0.0151385344570978 0.00458112767257695 0.999861825048077
1586247714.5732 17.6561444677994 -1.38795850788002 14.1608380641195 0.00496075546626627 -0.0151769416613418 0.00448986615941724 0.999862436762619
1586247714.6392 17.6548868941949 -1.39071713157204 14.2066676807681 0.00479891766919232 -0.015368331223621 0.0046004318189107 0.999859800577904
1586247714.7052 17.652930747581 -1.39367741672059 14.254944406384 0.00517214449749817 -0.0155081546974282 0.00458984141502559 0.999855829314888
1586247714.7712 17.6513990364001 -1.39651786271426 14.3020401826771 0.00572738005801091 -0.0156489537759717 0.00488742776200048 0.999849198836134
1586247714.8372 17.6498125651323 -1.39936061391252 14.349176983681 0.00577149144482566 -0.0157098339494149 0.0051243928711837 0.999846804066246
1586247714.9032 17.6482461918726 -1.40221851550357 14.396619287225 0.00610595235951483 -0.0158403269345285 0.00505446818782309 0.999843114563344
1586247714.9692 17.6464918892222 -1.40515474801583 14.4440833608536 0.00609111049976171 -0.0159391707818335 0.00495757630539665 0.999842119359273
1586247715.0352 17.6446498247354 -1.4078116441664 14.4920043085083 0.00597883884424669 -0.016200120003817 0.00506292596095688 0.999838075079485
1586247715.1342 17.6423100757254 -1.41244386934271 14.5628346751188 0.00618380590434209 -0.0163090994284652 0.00509802005969464 0.999834878373345
1586247715.2002 17.6408010974533 -1.41532226878027 14.6105878640707 0.00598508886707847 -0.0164386424777613 0.00530022601251066 0.999832914715733
1586247715.29921 17.6382067802615 -1.41965161586616 14.682089070287 0.00582882851056214 -0.0165653913444403 0.00512696667637734 0.999832649387136
1586247715.39821 17.6357910020261 -1.42380946802122 14.7542934936547 0.00518178751864545 -0.0168277067311463 0.00552278421749098 0.999829723612361
1586247715.49721 17.6326415006922 -1.42796215544624 14.8271118099421 0.00470445228425522 -0.0170876376678835 0.00590946578109174 0.999825464259547
1586247715.62921 17.6295740969121 -1.43371367709859 14.9224318413306 0.00491966557149205 -0.0172045822971523 0.00608181453266577 0.999821389434451
1586247715.72821 17.627019329583 -1.43794419616128 14.99470748067 0.0053946236796203 -0.0174296691962053 0.00590522851867316 0.999816099561919
1586247715.86021 17.6232544583217 -1.44369196252897 15.0911684541101 0.00551640327372373 -0.0176246320493171 0.00602564699859548 0.999811298805078
1586247715.99221 17.6207775685383 -1.44960716484747 15.1888731199137 0.00449247396705149 -0.0178510005785421 0.00596322463109604 0.999812782178743
1586247716.12421 17.6158890425602 -1.4553670641918 15.2845318920035 0.00448728197278595 -0.0176953160652495 0.00616097414001725 0.999814374015244
1586247716.25621 17.6122850357933 -1.46116075958054 15.3807132233337 0.00539833390161982 -0.0168566575200085 0.00581640901481444 0.999826425173146
1586247716.35521 17.610789510429 -1.46568611609356 15.4530453689714 0.00584249784608947 -0.015986355974376 0.00577776990840737 0.999838446458459
1586247716.45421 17.6073847153464 -1.47013066885787 15.5247809031637 0.00596282548528804 -0.0148685113854914 0.00566556883453822 0.999855626283711
1586247716.55321 17.6051281009428 -1.47471474933646 15.5966571797452 0.00554850473635841 -0.0138037535167205 0.00558748983091471 0.999873717247048
1586247716.65221 17.6031383919349 -1.47922530897897 15.6684311789222 0.00556991649180147 -0.0128813543671076 0.00558756588908578 0.999885906415016
1586247716.71821 17.601898112015 -1.48220962662908 15.7162310034402 0.00563032333113986 -0.0122420801573881 0.00565155825320745 0.999893239712079
1586247716.78421 17.6007335462473 -1.48520528333804 15.7640378165806 0.00590073531442552 -0.0115771900201886 0.00575268395257863 0.999899023212508
1586247716.85021 17.5995878371461 -1.48812620531119 15.8115842256453 0.00541263443689329 -0.0108899018438344 0.00584009919426419 0.999908999193269
1586247716.91621 17.5986133413778 -1.49109125486152 15.8595191123664 0.00520178140015561 -0.0102709122190224 0.00585741974633878 0.999916566752631
1586247716.98221 17.5976720905583 -1.49404386854231 15.9071202149471 0.00505267420890302 -0.0096776808377652 0.00607856102350456 0.999921928988871
1586247717.04821 17.5966779856563 -1.49695012445747 15.9547919659748 0.00440896064097115 -0.00901750404817326 0.00592177428294527 0.999932086831976
1586247717.11421 17.5957975143509 -1.4997973644731 16.002441832561 0.00451622386163958 -0.00847239124635049 0.00609549295953495 0.999935331546086
1586247717.18021 17.5954720608595 -1.50280755457735 16.0498142213927 0.00466904292411601 -0.00804844036593257 0.00638571117093619 0.999936320641815
1586247717.27921 17.5937934162741 -1.506938863298 16.1206227545794 0.00504949366926935 -0.00782136261291269 0.00644455135682892 0.999935896274541
1586247717.37821 17.5925808434461 -1.51117832764458 16.1916393241129 0.00583272799695707 -0.00764077064128367 0.00657841672749651 0.999932158869531
1586247717.47721 17.5927117236265 -1.51566315005597 16.2640149547243 0.00602635419794455 -0.00764469964807133 0.00668438372943728 0.999930277887678
1586247717.57621 17.5903020056206 -1.51999585032019 16.3333068858311 0.00554627992489054 -0.00793620355624271 0.00702253334610666 0.999928467180284
1586247717.67521 17.5891912910577 -1.52432909333683 16.4041912845029 0.00448020728921818 -0.00848007111820807 0.00711643869693123 0.999928683675365
1586247717.77421 17.5881177569856 -1.52868014115616 16.4747999260654 0.00322233203243559 -0.0089145717166194 0.00768631701413317 0.999925530986253
1586247717.87321 17.5868795158407 -1.53289913014054 16.5455695648057 0.00251524320569394 -0.00929653335427066 0.00777556769192322 0.999923391348696
1586247717.97221 17.5861921180442 -1.53694330015258 16.616913227367 0.00351482480758713 -0.00940134646787699 0.00747907270719548 0.999921659012647
1586247718.13721 17.5830641437206 -1.54373526291578 16.7333261197144 0.00619875399449993 -0.00767311256239899 0.00525780754051126 0.999937525174642
1586247718.26921 17.5818038385047 -1.54973821484327 16.8269840417171 0.00717727728050752 -0.00348907904036752 0.00402644700172785 0.999960049573397
1586247718.40121 17.580377191696 -1.55605056441946 16.9202331888982 0.00719095859670719 0.00285692418792713 0.00354262404234448 0.999963788301126
1586247718.53321 17.5835020171442 -1.56199432462903 17.0144914091107 0.00621547133447193 0.0106448478189518 0.00358826236993156 0.999917586356079
1586247718.66521 17.5870154635047 -1.56792677931414 17.1083847446661 0.00591476914211878 0.0190602804769384 0.00502578221395936 0.999788208935909
1586247718.76421 17.5906611111975 -1.57232682559712 17.178695499276 0.0050149622780185 0.0256588221789546 0.00564413437972515 0.999642245378237
1586247718.83021 17.5935146582304 -1.5752897757139 17.2253773653109 0.00511213550628583 0.0299938265026956 0.00588430962091887 0.999519690322595
1586247718.92921 17.5984411947028 -1.57956790528559 17.2953451329538 0.00540895407614444 0.036593349007922 0.0052250156097852 0.999301940974831
1586247718.99521 17.5992728779182 -1.58226156315325 17.3400289051787 0.00598612623681023 0.041185501749874 0.00448548568061825 0.999123516466556
1586247719.06121 17.6063123428247 -1.5852171113532 17.3885404167313 0.00568399250296271 0.0465564565358838 0.00367916411809034 0.998892713125609
1586247719.12721 17.6109457948233 -1.58808640917665 17.434854432868 0.00532215998771999 0.0525021908743975 0.00289366184733536 0.998602434048489
1586247719.19321 17.616174602503 -1.59100693552715 17.4812447772481 0.00484891776862671 0.0590740006665265 0.00237407134843318 0.998239006564539
1586247719.29221 17.6254944436017 -1.59537554611252 17.550487231713 0.00479122474664846 0.0697107980928273 0.00265658743301957 0.997552199806055
1586247719.39121 17.6340021335773 -1.59970915528627 17.6175716915703 0.00645894550127792 0.0807559105083599 0.00318139332697338 0.996707902887038
1586247719.49022 17.6491059425554 -1.60431037636604 17.6871362758351 0.00918433830063803 0.0924189144263034 0.0042096277936999 0.995668956641755
1586247719.55622 17.6583166089353 -1.60753104998753 17.7320657345359 0.0118042110790183 0.100420016326661 0.00412919136798406 0.99486653914
1586247719.62222 17.6682200662592 -1.6109044870889 17.7768041951078 0.0141863854549147 0.108652463672197 0.00401107854034469 0.993970472325325
1586247719.68822 17.6766905083026 -1.61427150396105 17.820109784134 0.0161484515266331 0.117065065612841 0.00375671020486532 0.992985843330503
1586247719.78722 17.6961609003268 -1.6200421590836 17.8878791431852 0.0171834695576187 0.130216981633395 0.00332150935646587 0.991331041400321
1586247719.85322 17.7085114082522 -1.62386866341226 17.9319223234136 0.0158827473578553 0.138930336251707 0.0035412328833327 0.990168450151296
1586247719.91922 17.7220332093677 -1.62768071449866 17.9760728033009 0.0146054911843306 0.147649021743127 0.00390291805074698 0.98892427072868
1586247719.98522 17.736306455429 -1.63135238723056 18.0196892542947 0.013962863000567 0.156559754579267 0.00472481394845867 0.987558483248491
1586247720.05122 17.7493006310743 -1.6346785700832 18.0615136722939 0.0135010021131206 0.165709258204557 0.00544014408234985 0.986067223631128
1586247720.11722 17.7663360470454 -1.63858321598493 18.1050209956539 0.0142502383375304 0.174663488204386 0.00568577887235726 0.984508643189187
1586247720.18322 17.7823722732449 -1.64209585620351 18.1470827784775 0.0150115380285875 0.183681099304932 0.00633379576457293 0.982850848560126
1586247720.24922 17.799274496249 -1.64552709551004 18.1888505359655 0.0153867796682459 0.192537600089817 0.00690056739571189 0.981144689499317
1586247720.31522 17.816953312641 -1.64889296018717 18.2304578483336 0.0155834027392274 0.20121999193837 0.00735232823016566 0.979394514826883
1586247720.38122 17.8350433252891 -1.65197291516545 18.27139106443 0.0152259704463344 0.209753904494717 0.0082457098402906 0.977600878499206
1586247720.44722 17.8551674691712 -1.65569095337974 18.3127740890706 0.0144680646849155 0.218000247761665 0.00905099196039726 0.975799490994261
1586247720.51322 17.8752240073612 -1.65911128342173 18.3533133812464 0.0143702417062458 0.22630350381031 0.00971023803960685 0.973902424061926
1586247720.57922 17.8962337598513 -1.66249412804293 18.3939293110716 0.0141767115951329 0.234710876855699 0.0102986923097995 0.971907280593517
1586247720.64522 17.9171898536733 -1.66584165100283 18.4331445287402 0.0141880379971592 0.24285363428746 0.0109867974313282 0.96989695440978
1586247720.71122 17.9392404302632 -1.66908857368204 18.472505656918 0.0143984456700611 0.251006237833731 0.0115905343366598 0.967808975389583
1586247720.77722 17.9618687781614 -1.67238456033793 18.5113671522789 0.0141204570558355 0.258885851050641 0.0119643148252894 0.965730595968193
1586247720.84322 17.984896344007 -1.67567935489449 18.549232564216 0.0146415759411893 0.266505878372638 0.0125577975419771 0.963640255887892
1586247720.90922 18.0089210429631 -1.67892684618508 18.5875101971574 0.0151496121651552 0.273861231853207 0.0133930356664616 0.96155662419575
1586247720.97522 18.0330217914342 -1.68214611346595 18.6248784736693 0.0156282765254612 0.28117326763016 0.0138271030424456 0.959430123440199
1586247721.04122 18.0577958166865 -1.68541186503391 18.6617323108628 0.016344468050564 0.28831700750724 0.0143610360071442 0.957287794861616
1586247721.10722 18.0830068884421 -1.68868760054063 18.6982615773041 0.0167605603183568 0.295316399138891 0.0150295624611878 0.955134242015058
1586247721.17322 18.1086150109622 -1.69200823786446 18.7341654351776 0.0170390758802988 0.302083264912431 0.0155305402378687 0.953002714200181
1586247721.23922 18.1346994625646 -1.69536844386578 18.7698319158063 0.017253632626903 0.308629129770793 0.0158451097007536 0.950893950404918
1586247721.30522 18.1610535504029 -1.698718047057 18.8050028545251 0.0174109389092715 0.314938782382243 0.0163453674050285 0.948811494198022
1586247721.37122 18.1879229721899 -1.70200494094027 18.8397366172015 0.0174158934392809 0.320875128130272 0.0169970967198964 0.946808817822367
1586247721.43722 18.215138901469 -1.70530525814333 18.8739199924758 0.0173584284768434 0.326385573817895 0.0179743595541049 0.94490637872913
1586247721.53622 18.2565436387263 -1.70998419491622 18.9247768138308 0.0170916322897622 0.334318710757519 0.0191388225356215 0.942110705392446
1586247721.63522 18.2985131001071 -1.71465392751781 18.9745075756407 0.0174536772268523 0.341600382372058 0.0202458226607836 0.939465089601159
1586247721.73422 18.3413843167085 -1.7194876117568 19.0236795963167 0.0191100368829956 0.348236856141101 0.0215127202881552 0.936964834655547
1586247721.83322 18.3840497595627 -1.72404881168724 19.0714924562794 0.0212750601999458 0.354113169452693 0.0219980084161727 0.934701729248095
1586247721.89922 18.4128790193084 -1.72726405249599 19.103254595439 0.022370877401984 0.357600877340736 0.0224163506276966 0.933337379297506
1586247721.99822 18.456674651973 -1.73217497990882 19.1505509602282 0.0229614112833381 0.36226342258578 0.0233235998723425 0.931500937163946
1586247722.09722 18.5007887965993 -1.73712968496632 19.1974888950693 0.0222591544851608 0.366610056000166 0.0242071464051418 0.929793316250489
1586247722.16322 18.53033570537 -1.74034762706587 19.2285483951599 0.0216010763409737 0.369381346558733 0.0248576627226088 0.928694196665048
1586247722.26222 18.5748376057907 -1.74502828827314 19.2746701916972 0.0208407360757997 0.372986230620684 0.025741365617077 0.92724555409199
1586247722.32822 18.6046809017319 -1.74808932730887 19.3052788113933 0.0213072596658898 0.375046756254695 0.0259146684395472 0.926398597401804
1586247722.42722 18.6494893004067 -1.75261856595829 19.3507443679354 0.0227087475344141 0.377610596932547 0.0257220205368497 0.925328551126121
1586247722.49322 18.6794155810859 -1.75565543710985 19.3809640723438 0.0236601001429648 0.379169116089712 0.0252514878908766 0.924680130328466
1586247722.55922 18.7102113519928 -1.75871649470408 19.4117075126149 0.0239248182691258 0.380697371086771 0.0253747996248767 0.924041792486903
1586247722.65822 18.754793712233 -1.76336513194569 19.456099711571 0.0228273347279474 0.382977892480249 0.0256018888429343 0.923120463400243
1586247722.75722 18.8003999375138 -1.76801506729756 19.5011350139023 0.0209728231993568 0.38521674219141 0.0263356637322445 0.922211816796048
1586247722.85622 18.846152750832 -1.77244087390906 19.5458161147615 0.0200978883014053 0.387178806367838 0.0269569386029196 0.9213913230797
1586247722.95522 18.8917515687561 -1.77677682696978 19.5901636212538 0.0205651394412711 0.388930312562678 0.0262003846633219 0.920664883034621
1586247723.05422 18.9378749358962 -1.78100789206912 19.6345371809181 0.0225477788556885 0.390360416092949 0.0255271839352234 0.920031904934145
1586247723.15322 18.9836256338686 -1.78545317746866 19.6784720068833 0.0235790103229934 0.391993736618851 0.024595693253219 0.919336713395681
1586247723.25222 19.0299360341313 -1.79003552421915 19.7227984296355 0.0230284945121871 0.393599777731522 0.0241712113627763 0.918675490013451
1586247723.38422 19.0925265253932 -1.7962053361624 19.7819783823632 0.0216541887394793 0.395370639321686 0.0247132871285565 0.91793377054758
1586247723.48322 19.1395771953316 -1.8006528985296 19.8257733548458 0.0216570073179206 0.396507637415327 0.0258315877188112 0.917412337273307
1586247723.61522 19.2032062846217 -1.8064752794083 19.8848553438148 0.0228630838826506 0.397794124628985 0.0264058923852512 0.916809600000661
1586247723.71423 19.2509930857814 -1.81089458166005 19.9291595793674 0.0236318763326805 0.398402018596874 0.026773433325798 0.91651543864077
1586247723.81323 19.2989455641081 -1.81540005767877 19.9735773069244 0.0238086962331022 0.398918052831615 0.026632746715646 0.91629047245461
1586247723.94523 19.3632072854117 -1.82169814466575 20.0337366213212 0.0231070092088095 0.399739042867191 0.0265006862358558 0.915954407905806
1586247724.07723 19.4279429067244 -1.82765994622345 20.0932234816464 0.0223044335924659 0.400462202836712 0.0259962300346168 0.915672830417761
1586247724.20923 19.4931024287629 -1.83372207356032 20.1529825274994 0.0230764893053846 0.400858306462421 0.026349320424938 0.915470265543651
1586247724.34123 19.5585287624239 -1.83990092727962 20.213128269131 0.0251779699562212 0.40118196814284 0.0251231481145901 0.915307557979685
1586247724.47323 19.6250275799654 -1.84617454122281 20.2739097647261 0.025474073949795 0.401384024088169 0.0265345224034867 0.915170943531321
1586247724.57223 19.6752851262891 -1.85118775564956 20.3199402268028 0.0242074821920089 0.401566074438093 0.0266987030032084 0.915120683256722
1586247724.67123 19.7254612498114 -1.85603010128396 20.3659646726483 0.0240631186368484 0.401796290690267 0.0276125136599038 0.914996314855089
1586247724.77023 19.7761645417591 -1.86057309314514 20.4123695619738 0.0241736487231588 0.402028686537828 0.0267951989805118 0.914915617540587
1586247724.90223 19.8437613472871 -1.86705373942211 20.474393155889 0.0239906496367012 0.402337425418298 0.0269713792757305 0.914779530563375
1586247725.03423 19.9121859960618 -1.87345712240106 20.5368733896513 0.0232402774092839 0.402152633948037 0.028154585321351 0.914844504732896
1586247725.16623 19.9787386882669 -1.87936169681273 20.5982652511307 0.0236231973559663 0.401240881608579 0.0293134768208674 0.915198568371544
1586247725.29823 20.0495276471362 -1.88614247443339 20.6627205316796 0.0245579624898271 0.399703702714984 0.0298045992197741 0.915830520554774
1586247725.43023 20.1179693343684 -1.89269702215793 20.7264535784854 0.0247195529447103 0.398172425887888 0.0289925720801757 0.916519008929408
1586247725.56223 20.186477424711 -1.89944385778152 20.7907300447763 0.0259852508868453 0.396817948681468 0.028056810939238 0.917100374932046
1586247725.66123 20.2378915244728 -1.9046643624614 20.8391051247218 0.0267449027152037 0.395668675886156 0.0277804950749269 0.917583376699166
1586247725.76023 20.2894035299302 -1.90993479891886 20.8877271773223 0.0258373981837107 0.394487913944039 0.0283682851959646 0.918099643286184
1586247725.82623 20.3231592974858 -1.91350322086269 20.9203808192325 0.0252644667505086 0.393746146661075 0.0286043404463369 0.918426627672019
1586247725.92523 20.3749693273077 -1.91851340945305 20.9694284453033 0.0244963707158136 0.392545588136295 0.0287379548495597 0.918957027835115
1586247726.02423 20.4261006687459 -1.92343875484954 21.0185887490297 0.0236310263484676 0.391416540185498 0.0285901988111207 0.9194657509635
1586247726.12323 20.4771557875551 -1.9282892717016 21.0679999885491 0.0231787303935687 0.390278054411494 0.0283193302959082 0.919969457228724
1586247726.22223 20.5282622911929 -1.93318817796414 21.1175153419668 0.0228522693640095 0.389084722814072 0.0286297608817221 0.920473350537356
1586247726.28823 20.5620081003124 -1.93647869454095 21.1505515421885 0.0230130713536214 0.388373587853682 0.0288390277836287 0.920763088574377
1586247726.35423 20.5952057425994 -1.93971749044853 21.1831176524958 0.0231219070820142 0.387707624052563 0.0291475315291987 0.921031268236949
1586247726.45323 20.646627095311 -1.9447827065464 21.2335585896752 0.0234382726862746 0.386912177337107 0.0285538265152949 0.921376303902525
1586247726.55223 20.6973992147747 -1.94989918072294 21.2833493687856 0.0237918764771554 0.386374156221628 0.0284553018569217 0.921596036131858
1586247726.65123 20.7481167380431 -1.95493917882383 21.3333445596878 0.0237839085417934 0.386143088196 0.0278281245717376 0.921712230913614
1586247726.75023 20.798888939542 -1.9601165491408 21.3833280064131 0.0233440351131842 0.385907161454908 0.0277744698286253 0.921823897275499
1586247726.84923 20.8495452009797 -1.96525643906447 21.4332584664061 0.0229578499320957 0.385634459710701 0.0274620841613741 0.921957067624976
1586247726.94823 20.9002003672389 -1.97033187451727 21.483128358076 0.0226298852653708 0.385318215580272 0.0278301292582143 0.92208635438357
1586247727.04723 20.950565763648 -1.97543448729456 21.5328647035826 0.0221981849055974 0.385054171672338 0.0279599947996265 0.922203211963303
1586247727.14623 21.0007866914146 -1.98048756787915 21.5825526332241 0.0221654278664672 0.384835238362827 0.0281883866584959 0.92228842992814
1586247727.24523 21.0508038963738 -1.98551346732723 21.6320484180014 0.0223853144113711 0.384504459473834 0.0282017522668632 0.92242066299087
1586247727.34423 21.1007105987121 -1.99044815933076 21.6814131385904 0.0226038319528001 0.383935686918906 0.0284757913243479 0.922643801474659
1586247727.44323 21.1502008554022 -1.99544571852345 21.7305943401606 0.0225966182338416 0.383029087151377 0.028564932215201 0.923017960761283
1586247727.54223 21.1997255703559 -2.0003217734086 21.779960424498 0.0225312486036044 0.381873941941316 0.0287899088258548 0.923491080873206
1586247727.64123 21.2481190874908 -2.00536130422935 21.8288938391545 0.0223464513240331 0.380760628149722 0.0284606424085671 0.923965352163134
1586247727.74023 21.2965557111676 -2.01029615374972 21.8780666228332 0.0223434914063486 0.379727595415311 0.0280084199101985 0.924404267669732
1586247727.83923 21.3447343803654 -2.01527127551977 21.9272255702013 0.0221141708159099 0.378620717889188 0.0274216873751207 0.924881271567168
1586247727.93823 21.3928117945414 -2.02015353524905 21.9763389293187 0.0221721400087526 0.377446474828156 0.0270897179457034 0.92536949486616
1586247728.03724 21.4406410821912 -2.02495528892349 22.0253685264823 0.0211287799627163 0.376246958742121 0.0279013692115694 0.925858150199431
1586247728.10324 21.4722663301821 -2.02812883925896 22.0580229200808 0.0205993203103192 0.375477032108282 0.0275855482183388 0.926192044821916
1586247728.16924 21.5043428695791 -2.03168672574498 22.0912953886126 0.020123134681369 0.37469730838351 0.0274290897019753 0.926522871589725
1586247728.26824 21.5504154335648 -2.03620448247703 22.1391599415572 0.0222397910926597 0.373589239788895 0.0263781631017617 0.926952352668403
1586247728.36724 21.5968002822177 -2.04104585107695 22.1877875057259 0.0236515155358521 0.372492845819175 0.0249047763032649 0.927399287116221
1586247728.46624 21.6431895062701 -2.04616310077272 22.2366583713329 0.0226738839147303 0.371476879910703 0.0244693811313263 0.927842697911171
1586247728.56524 21.6895250914133 -2.05126667921379 22.2853916708649 0.0208483437572307 0.370373361791749 0.0249954184558332 0.928312527381742
1586247728.66424 21.7354278660277 -2.05625236226106 22.3338972537116 0.0192937278171309 0.369365610101187 0.0257501694047609 0.928726938834619
1586247728.76324 21.7807336528028 -2.0608762065763 22.3818622356749 0.0190766700914407 0.368367005521621 0.0260816271373223 0.929118710729219
1586247728.89524 21.8404836556282 -2.0669635403565 22.4456392368762 0.019046658089121 0.367200120641861 0.0258633365834702 0.929587211635901
1586247729.02724 21.8993562860727 -2.07311267185552 22.5087172673162 0.0195578186534176 0.366234505068179 0.0256059998882297 0.929964575560118
1586247729.15924 21.9573285780784 -2.07925038635013 22.5711883661913 0.0193018945439006 0.365572818140304 0.0252681066716691 0.930239471474524
1586247729.29124 22.0143118539671 -2.08543717914358 22.6326689705785 0.0188128857520072 0.36488893389763 0.0253669305553042 0.930515265905367
1586247729.42324 22.0704002389456 -2.09138784251964 22.6934824008022 0.0182449982025111 0.364284256101723 0.0251866122729911 0.930768357519321
1586247729.55524 22.1257351697487 -2.09720065480017 22.7535377236883 0.0179009768215643 0.363881064184425 0.0248703360411915 0.930941240112416
1586247729.65424 22.1666975220698 -2.10143080851177 22.798060748047 0.0172081848918311 0.363718378875286 0.0247295143111664 0.93102162722624
1586247729.75324 22.2071284447514 -2.1056340219648 22.8421056680967 0.0166915757754824 0.363704788880898 0.0240994581590112 0.931052863139186
1586247729.85224 22.2469412588113 -2.10978393266736 22.8855482572094 0.0164524133122154 0.363652005484804 0.0237365200671833 0.931087060708173
1586247729.95124 22.2864827695633 -2.11384161700787 22.9287258277006 0.0167580796597009 0.363618162689869 0.0228857186005783 0.931116127243159
1586247730.05024 22.3268534927797 -2.11819300804683 22.9719252183757 0.0172661806824837 0.363804297967626 0.0218014127390181 0.931060153903874
1586247730.14924 22.36419361166 -2.12201390111484 23.0135542534713 0.0178753918326194 0.363923106587127 0.0211015541296828 0.931018349589371
1586247730.24824 22.4027930208773 -2.12619414403619 23.0555196205326 0.0178743173682455 0.364298791713113 0.0204982368175561 0.93088491309203
1586247730.34724 22.4412858381983 -2.1303343855815 23.0971029909141 0.0173188303862643 0.364754423574111 0.0202850295751366 0.93072164806257
1586247730.47924 22.492840182128 -2.13606631248517 23.1520506022072 0.0178039070326161 0.365278142860023 0.0200543421195021 0.930512075475252
1586247730.57824 22.5299734978776 -2.14000762018157 23.1923782638181 0.0193812900966887 0.365672085496634 0.0193772887207815 0.930340159385029
1586247730.67724 22.5674830430205 -2.14413924700602 23.2328640252072 0.0200398341599203 0.366371982931422 0.0183258328705385 0.930072114956331
1586247730.80924 22.6175644097289 -2.1495926739861 23.2868617168507 0.0192016638311287 0.36788677382301 0.016979289727812 0.929517251842349
1586247730.90824 22.6553570652912 -2.15372070931689 23.3269480172435 0.017902894393899 0.369394916178403 0.0165579591122724 0.928952483318662
1586247731.00724 22.6931852059285 -2.15774792250041 23.3669772574083 0.017255585730232 0.371396598679855 0.0158160497682794 0.928179219666045
1586247731.13924 22.7436302487294 -2.1629777384384 23.4196318438887 0.0179255944790648 0.374441114024115 0.013374804911348 0.926980927411419
1586247731.30424 22.807923666543 -2.16934148039596 23.4851546547472 0.0193067180995705 0.379397454076449 0.0136678281353439 0.924931355804632
1586247731.43624 22.8602770511166 -2.17460465208926 23.5374563891643 0.0162635786205381 0.384658300852371 0.0134589259227683 0.922817611941182
1586247731.53524 22.8988696390713 -2.17853492416859 23.5756066724507 0.0137374921561181 0.389160395687695 0.0124072328087018 0.920984000030124
1586247731.63424 22.9401950399847 -2.18236163309387 23.6143747155846 0.0153472635780416 0.393560292085374 0.01369214710097 0.91906870423386
1586247731.73324 22.9807909499794 -2.18590376650361 23.6520077678243 0.0172447943680759 0.398166736433543 0.0131593982297811 0.917056539861799
1586247731.83224 23.0210628419029 -2.1897008238609 23.6892838013015 0.0180973103123101 0.403399272563891 0.0121260388125946 0.91476470933082
1586247731.93124 23.0626686053792 -2.19362216332695 23.7264169561119 0.0166171531743103 0.408156970077517 0.0128080843161906 0.912670647590724
1586247732.06324 23.1195801352367 -2.19860517034509 23.7756561311604 0.0131946698820443 0.414370166514682 0.0147818344858224 0.909892720686638
1586247732.19525 23.1763512313255 -2.20340696380701 23.8236398040368 0.0137364078799696 0.420921407586256 0.0165632667686453 0.906841848355109
1586247732.36025 23.2485753934687 -2.20888334481754 23.8825605314519 0.016244132914806 0.428766852786479 0.0166721847597146 0.903115248654767
1586247732.49225 23.3079115575283 -2.21356880919199 23.9290303938488 0.0172967268806948 0.435004081270531 0.018242866839704 0.900077480179715
1586247732.65725 23.3834625125108 -2.21963493789036 23.9867820829069 0.0165522456131889 0.44277650795275 0.0200087952990983 0.89625589832425
1586247732.82225 23.4600129007555 -2.22545347961575 24.0434306611494 0.0181848541358165 0.450044995635137 0.020289997678442 0.892590123728712
1586247732.98725 23.5384476884658 -2.23146481895142 24.0990849342396 0.0193256346695179 0.457306508469988 0.0200194201124975 0.888873725550468
1586247733.15225 23.617476954595 -2.23716825838762 24.1552086085496 0.0155613664172284 0.46437226641955 0.0189407790221837 0.885300790096582
1586247733.28425 23.6823294195516 -2.24178078051094 24.1986797055234 0.0157841481970159 0.470022363259609 0.0198602005213574 0.882289867978092
1586247733.41625 23.7483366891749 -2.24633599352875 24.2411560045092 0.0189352425767713 0.476758425136673 0.0213572658362714 0.878570843953837
1586247733.54825 23.8156543016019 -2.25089222537654 24.2832649634861 0.0197700911032187 0.484639846311531 0.0209061235944053 0.87424041136358
1586247733.68025 23.8857479653494 -2.25628799482609 24.3239245498605 0.0206927274985683 0.492976067934639 0.0231395591598407 0.869488912105417
1586247733.81225 23.9552836066887 -2.2606308638162 24.3632489324471 0.0221701276540016 0.502812189906903 0.0258636950218679 0.863724178427724
1586247733.91125 24.0089952422182 -2.26403753464379 24.3922369559376 0.0215406134724477 0.510839898353362 0.0264070972313656 0.859000154503694
1586247734.01025 24.0636720248549 -2.26736431550667 24.4204061110665 0.0196640051175143 0.518747394138335 0.027865613587247 0.854247022562462
1586247734.10925 24.1190498670444 -2.27057198348703 24.4476526702124 0.0186914138530242 0.526277977362365 0.0300499016137716 0.849575850059637
1586247734.20825 24.1750690240727 -2.27355622608558 24.4738731869955 0.019064147335205 0.533816033835803 0.030481575232947 0.844836004131874
1586247734.30725 24.231362183005 -2.27648701189652 24.4991900819384 0.0212595307330514 0.541668858030555 0.0291843433678979 0.839816143387986
1586247734.40625 24.2884945250905 -2.27960407537288 24.5237212184384 0.0233992645040363 0.549643228404429 0.0272489096823463 0.834627038149945
1586247734.50525 24.346681555443 -2.28286683691759 24.5474033318401 0.0235474980446372 0.557612243524378 0.0271902795322898 0.829321885582736
1586247734.60425 24.4065558497737 -2.28685716116661 24.5703553946185 0.0212275216605646 0.565629964050176 0.0269028570581308 0.823946826181676
1586247734.70325 24.46574917427 -2.28969974873735 24.5921347203443 0.0198509414488088 0.573263012573336 0.027930404067707 0.8186545981472
1586247734.80225 24.5263394507421 -2.29260488783282 24.6126928423859 0.0198256387676704 0.581029356039671 0.0285457858973035 0.813140190603739
1586247734.90125 24.5875985148582 -2.29537923094997 24.6320427418095 0.0200331971639958 0.588966777855144 0.0296959124194454 0.80736296569752
1586247735.00025 24.6496117861735 -2.29822813092206 24.6503746760728 0.0201143341692551 0.596910927986648 0.0300111891052914 0.801493659450611
1586247735.09925 24.7119163893616 -2.30111314036189 24.6675296269649 0.0212488343354128 0.604853269713019 0.0298588565342246 0.795493216717355
1586247735.19825 24.7753114170625 -2.30443649194188 24.6827816234889 0.0232964348766512 0.612574861950597 0.0315420099291402 0.789439304974027
1586247735.29725 24.8391666555041 -2.30669039581389 24.6979911196977 0.0236682757080707 0.620183923023057 0.0332493770785392 0.783394021723824
1586247735.39625 24.9038420807025 -2.30951721403605 24.7116083193644 0.0229663600266339 0.627857102330927 0.0351200010199328 0.777196623055002
1586247735.49525 24.9688207381111 -2.31213608726164 24.7240175368113 0.0233608989203133 0.635579581505169 0.036060381470223 0.770838837153118
1586247735.59425 25.0340232565368 -2.31458147982915 24.7352927463511 0.0239828234831165 0.643109036315748 0.0361645709313414 0.764544122596048
1586247735.69325 25.0998208376378 -2.31702117541713 24.7452194331769 0.0258086315163837 0.650428231857462 0.0357292850175483 0.758287839764137
1586247735.79225 25.1661316901676 -2.3195698611731 24.7540200463571 0.0264005741101263 0.65717165147749 0.0356643401051803 0.752433708060628
1586247735.89125 25.2326211624973 -2.3223689206218 24.7617969613806 0.0276815841609216 0.663549328565828 0.0353371245262259 0.74678464505398
1586247735.99025 25.2997359335617 -2.32522410373817 24.7683798735151 0.0288765618669203 0.669663299223247 0.0354018092637875 0.741258336714693
1586247736.05625 25.3447953619683 -2.32700779442067 24.7721507717568 0.0295750234069503 0.673609047824909 0.0359487612861746 0.737620400504817
1586247736.15525 25.4122191841027 -2.32998776450148 24.7764474409424 0.0284131894174854 0.679173775862702 0.0378500363133294 0.732450030786132
1586247736.25425 25.4819258798489 -2.33224207751847 24.7810412566801 0.0272941342163647 0.683983303348044 0.0404916664703361 0.727861453797995
1586247736.35325 25.5506658053916 -2.33442137589162 24.7842458008069 0.0273535421995204 0.688092612679377 0.0415515375438859 0.723915609607188
1586247736.45226 25.6196102192454 -2.33643087891891 24.7869509285616 0.0282510294216607 0.69175378291566 0.0405684104306602 0.720439301560943
1586247736.55126 25.6890760873174 -2.33844507348555 24.789177853949 0.029069466879776 0.695025875420986 0.0392326459159663 0.717324750782413
1586247736.65026 25.7591600994017 -2.34067633680718 24.7908974242008 0.0288558303567605 0.698099569847252 0.0387282313879333 0.714369971182347
1586247736.74926 25.8295640785701 -2.34304537566244 24.7920360081576 0.0275398540083273 0.700986521886586 0.0392074788415032 0.711563227111576
1586247736.84826 25.900510841185 -2.3452825231563 24.7925142358967 0.0268490072805132 0.703708583601383 0.040247791987958 0.708839527265432
1586247736.94726 25.9715606690721 -2.34730068267943 24.7923526664494 0.0269720729340097 0.706192670700479 0.0414972836402162 0.706287756216296
1586247737.04626 26.0423402591453 -2.34916715101229 24.7916262760018 0.0280046369652802 0.70807874453199 0.0427274688239902 0.704283036327256
1586247737.14526 26.1140769891854 -2.35097612401344 24.7906368626898 0.029387678281198 0.708964168462404 0.0437879434962665 0.703270067759193
1586247737.24426 26.1859104468787 -2.35286629842014 24.7896121798742 0.0313968021039385 0.708567989899069 0.0451547540590101 0.703496050233339
1586247737.34326 26.2568716390766 -2.3548894864349 24.788796669214 0.0330360142977097 0.706957678606274 0.0460859571055897 0.704979111021463
1586247737.44226 26.3305444692553 -2.35696727179332 24.7887960227357 0.033431915889891 0.704636721932703 0.0469042434652589 0.70722654718896
1586247737.54126 26.4032603997518 -2.35909244754403 24.7894572249426 0.0325342578022444 0.70239865030835 0.0467786373750593 0.709499413107297
1586247737.64026 26.4764068137019 -2.36123197982831 24.7907912094432 0.0313053724082644 0.700661870746165 0.0458768651815738 0.711328496393879
1586247737.73926 26.5498036597817 -2.36326735703451 24.7924101095667 0.030606957642684 0.699403430963832 0.045272523405478 0.712634866901964
1586247737.83826 26.623914707133 -2.36522968301429 24.7940061778062 0.0301741769500283 0.698311428210962 0.045618841835261 0.713701330771468
1586247737.93726 26.7010094538624 -2.36684420961815 24.7945409392281 0.0307334931646283 0.697191056967709 0.0471705631635839 0.714671267404098
1586247738.03626 26.7722314970998 -2.36937353622036 24.7973498361248 0.0307520735361416 0.696041951905342 0.0469514724369 0.715804072632335
1586247738.13526 26.8461614940693 -2.37161849680736 24.7995057897354 0.0322767973200106 0.695248456358631 0.0450868273145726 0.716627497580444
1586247738.23426 26.9204251914697 -2.37409136010232 24.8020666259465 0.0321016605715139 0.694778444203156 0.0426985828451665 0.717237218695605
1586247738.33326 26.9953275239561 -2.37670393440731 24.8047183079463 0.0309840865614533 0.694520450622964 0.0421072470346749 0.717571118282772
1586247738.43226 27.0704692127339 -2.37938749257166 24.8074006586639 0.0292492401359359 0.69422357782622 0.0425902529228821 0.717902623130461
1586247738.53126 27.1457056314027 -2.38183791647812 24.8098336184199 0.0288557688928174 0.693779729699786 0.0436919100308409 0.718281315542284
1586247738.63026 27.2209483831896 -2.38405312266543 24.8122292117824 0.0292603967097737 0.693304972601298 0.0445476506906703 0.71867068325391
1586247738.72926 27.2963496973169 -2.38617328982868 24.8146989309074 0.0296638448078069 0.692883532285508 0.0453863383926159 0.719008030056749
1586247738.82826 27.3717735482809 -2.38834303261898 24.817343031787 0.0302242852208382 0.692586933166476 0.045475254778102 0.719264786982382
1586247738.92726 27.4474344296715 -2.39058065744345 24.8201923422308 0.0306044333700756 0.692436771229597 0.0446238786052651 0.719446590071459
1586247739.02626 27.5230884036519 -2.39314234262036 24.8232457051612 0.0311209262318768 0.692363849731167 0.0428546920209832 0.719602155991555
1586247739.12526 27.5990998455905 -2.39576916729746 24.8262223160696 0.0315464423980191 0.692181540751218 0.0418095687624366 0.719820461347966
1586247739.22426 27.6775646601044 -2.39832757634952 24.8290669353196 0.0311437141001833 0.692084740551282 0.0424182755376064 0.719895458291359
1586247739.35626 27.7775186404781 -2.40200750117714 24.8331083199298 0.0292215386179582 0.691732774367349 0.0442359579106433 0.720204867086149
1586247739.48826 27.8798733993977 -2.40492247337503 24.8368356702748 0.0289301374990904 0.69175834401254 0.0465585627201467 0.720045651935171
1586247739.58726 27.9565071951995 -2.40700622087136 24.8396399491991 0.0296386306631911 0.692023816934762 0.0467597209226132 0.719748648395183
1586247739.68626 28.0328791367951 -2.40915306217879 24.8426125261431 0.0310888160307073 0.69238390712123 0.0441433933381225 0.719506338750358
1586247739.78526 28.1095084783339 -2.41170046920858 24.8455416828499 0.0318092430681598 0.692708147695053 0.0421075668804419 0.71928474680319
1586247739.88426 28.1909124957333 -2.4140855031431 24.8482881196657 0.0308983737868243 0.693089137936801 0.041746257169273 0.718978433183992
1586247739.98326 28.2639495620163 -2.41724717538075 24.8514775631298 0.0284908071767673 0.693211104772736 0.0426615958550285 0.718906549118369
1586247740.08226 28.3416056029486 -2.41974234527022 24.854249142712 0.0277189470643417 0.693333577980212 0.0432640572561448 0.718782603412561
1586247740.18126 28.4189926483809 -2.42199799116153 24.8569270503442 0.028193711104831 0.693475354853366 0.0432205781867102 0.718629966315309
1586247740.28026 28.4966249250165 -2.42414212487907 24.8595276009072 0.0289397347917033 0.693700539162065 0.0426772352638795 0.718415414162779
1586247740.37926 28.5744646010656 -2.42639438080446 24.8621727748045 0.0285676852667194 0.693895665504553 0.042629853179037 0.718244657738872
1586247740.47826 28.6523047026473 -2.42878207555022 24.8647028026861 0.0281969313984556 0.694109302561961 0.043050953240734 0.718027732460051
1586247740.57726 28.7300730550951 -2.4311885056554 24.8672279123332 0.0278953082305411 0.694301148720667 0.0431936021541298 0.717845442554897
1586247740.67627 28.8080628870258 -2.43355576944212 24.8695162096801 0.0282151016428761 0.694503494666916 0.0438453762367447 0.717597649743491
1586247740.77527 28.8907705646095 -2.4354794814129 24.8712300564859 0.0284717213335321 0.694765590426576 0.0442456256516609 0.717309180238348
1586247740.87427 28.9635480832795 -2.43817215027242 24.87413414089 0.028929301398796 0.69492214892514 0.0441961794946665 0.717142245424099
1586247740.97327 29.0412832897393 -2.4405286456182 24.8764949286261 0.0297405397606373 0.695190041781755 0.0430819441673057 0.716917186423225
1586247741.07227 29.1190257663137 -2.44297181467459 24.8788276529008 0.0299464303528459 0.69548521530602 0.0424592056617998 0.716659432683636
1586247741.17127 29.1967975463364 -2.44561642638424 24.881222520218 0.0288512048199401 0.695810918898591 0.0417149141281027 0.716431880265822
1586247741.27027 29.2747953087952 -2.44813091150148 24.8834880865423 0.0280415290673597 0.696005616763461 0.0420957216789431 0.716252612070356
1586247741.36927 29.3528922729721 -2.45057126286628 24.8857533040585 0.0267551034877488 0.696249911807134 0.0427317054420647 0.716026693703475
1586247741.46827 29.4308516670747 -2.45282653405456 24.8879023179736 0.02647917327383 0.696444101540021 0.0430975584543101 0.715826143185708
1586247741.56727 29.508448079999 -2.45497751957978 24.8898713760345 0.0267805510050204 0.696618194839953 0.0429463787325853 0.715654596337891
1586247741.66627 29.5860343992907 -2.45717621342118 24.8918649352494 0.0271793352390106 0.696849222774444 0.0423862981732838 0.71544800382822
1586247741.76527 29.6636718893294 -2.45947808724198 24.8938367869801 0.0277675742426422 0.697085375410293 0.0411017757754019 0.715270288239263
1586247741.86427 29.7414646550286 -2.46188684082125 24.895762786858 0.0280135174456646 0.697334352711459 0.0405358008754547 0.715050272509701
1586247741.96327 29.8192622054153 -2.46445802588645 24.8977617145657 0.0271654808750683 0.697593191191673 0.0398231495418876 0.714870542834441
1586247742.06227 29.8973255137804 -2.4669934233134 24.8997345105764 0.0266470330376276 0.697775249955714 0.0398909643547375 0.714708574974711
1586247742.16127 29.9755271323919 -2.46942228800618 24.9016431357374 0.0258946779361338 0.697914716904546 0.0398145265393057 0.714604308032832
1586247742.26027 30.0536926958835 -2.47168715806499 24.9034758866232 0.0254346158880558 0.698113185946671 0.0405461399152679 0.71438579945292
1586247742.35927 30.1322249136782 -2.47383821633358 24.9051724254424 0.0250009051083081 0.698231757904423 0.0410753119858851 0.714254986501829
1586247742.45827 30.2104734589801 -2.47591467862446 24.906769053127 0.0252437639860982 0.698375773331528 0.0420254616659963 0.714050342885685
1586247742.55727 30.2888418218801 -2.47779443773336 24.9079848743009 0.0259659137625903 0.698393019690809 0.0447110769448164 0.713844437512868
1586247742.65627 30.3672721396883 -2.4798052770499 24.9095199464088 0.0262256349665621 0.698572026280247 0.044639914079385 0.713664219532054
1586247742.75527 30.4485093124651 -2.48190573949564 24.9111761176145 0.0284374775459073 0.699093304657881 0.0414573124838354 0.713260928759572
1586247742.85427 30.523112417297 -2.48446679717644 24.9129190924117 0.0298455698117261 0.699393066512756 0.0383546954032508 0.71308309320655
1586247742.95327 30.6017061851958 -2.48745814576337 24.9148685021199 0.0280162240900379 0.699892030605123 0.0378880827526698 0.712692591422488
1586247743.08527 30.7072432638011 -2.49129098860842 24.9169358127006 0.0250789169855231 0.700118002201651 0.0393424074113053 0.712501232206012
1586247743.18427 30.7859511581815 -2.49357273130103 24.9182517402467 0.0246124133828304 0.700191773715857 0.0404244843409382 0.712384425850175
1586247743.28327 30.8649714912362 -2.49563607452514 24.9195227348087 0.0251288917477254 0.700256704345359 0.0406909254835144 0.71228739663299
1586247743.38227 30.9449725774698 -2.49761242280917 24.9209555340943 0.0255245416669228 0.700400093678715 0.0405902109838618 0.712138077425879
1586247743.48127 31.0230951342949 -2.49984925123511 24.922143892056 0.0256848795933674 0.700486414428325 0.0403298501671849 0.712062197667533
1586247743.58027 31.1021939502346 -2.50211336650257 24.9234240609626 0.0257732284575528 0.700444722582424 0.0398756660233898 0.712125594653427
1586247743.67927 31.1818900954691 -2.50424560972773 24.9240119041984 0.0254920980281344 0.700321767167736 0.0400595362934025 0.712246311974405
1586247743.77827 31.261030406231 -2.50685902451509 24.92612042441 0.0252997593798823 0.700151858782518 0.040696824675969 0.712384071467069
1586247743.87727 31.3406685624576 -2.50912178850783 24.9274460720811 0.0251593046959709 0.699984773969161 0.0412573326843801 0.712520987830063
1586247743.97627 31.4201105536115 -2.51128049375032 24.9287022713408 0.0257555523378322 0.699884081308299 0.0415856798774788 0.712579508184272
1586247744.04227 31.4731918684107 -2.51265934612195 24.9295641308728 0.026230542700944 0.69977927402354 0.0421822883667616 0.712630044851356
1586247744.14127 31.5527971673298 -2.51488469030219 24.930919587406 0.0268276035236789 0.699763066441529 0.0416637267727705 0.712654239028246
1586247744.20727 31.6057104119598 -2.51637745601399 24.931844850039 0.0269357178547521 0.699743966656932 0.0412474345699372 0.712693129875875
1586247744.27327 31.6585463503346 -2.51800769601621 24.9328559502537 0.0271101746661776 0.699829590513325 0.0408468940062722 0.712625507487321
1586247744.33927 31.7114027333598 -2.51971297621384 24.9338703721892 0.0268459243826887 0.700054308307331 0.040333864630334 0.712443991572928
1586247744.43827 31.7907351374133 -2.52227112918226 24.9354640148533 0.025749979502197 0.700208242153737 0.0396890338065847 0.712369382252712
1586247744.53727 31.8700807731385 -2.52478363534516 24.9368075632743 0.0251421329739747 0.700330732427169 0.0401387198733662 0.712245478423325
1586247744.63627 31.9500876727397 -2.52685201490768 24.9375200972495 0.0245517652565891 0.700377645500279 0.0408247227175383 0.712180950686907
1586247744.73527 32.0286772158033 -2.52934674787798 24.9393343025348 0.0243873795786764 0.700381743743768 0.0413259885903521 0.712153657165892
1586247744.80127 32.0814021158621 -2.53069999016 24.9401285876717 0.0246192321428828 0.700323161505352 0.0411786593703347 0.712211823041647
1586247744.86727 32.1340260805618 -2.53208630587335 24.9410691254283 0.0244721147519728 0.700177115007659 0.0416586027772045 0.712332565613681
1586247744.93328 32.1867693936033 -2.53339754119823 24.9418976786892 0.0243908289529697 0.699904599421234 0.0421564833328213 0.712573834830468
1586247744.99928 32.2396563312419 -2.53472955025286 24.9427773962197 0.0239612047394731 0.699636347252675 0.0432505851570948 0.712786243662107
1586247745.09828 32.318050723419 -2.53647659475743 24.9439903021825 0.0236086272469856 0.69928862716124 0.0437017380664046 0.713111636935226
1586247745.19728 32.3974895728363 -2.53869425326751 24.9459078851318 0.0246405051381105 0.698912743336162 0.042357332840299 0.713526228714485
1586247745.29628 32.4760966638216 -2.54080952062715 24.9477720786031 0.0255888089057802 0.69859054467069 0.0401423995040819 0.713936307745688
1586247745.39528 32.5551384616533 -2.54327188140955 24.9497565018628 0.025203360071076 0.698339215749828 0.0383077282688209 0.714296610899089
1586247745.49428 32.6339256285206 -2.54593316487035 24.9519141637771 0.0238421969185451 0.698076489876316 0.0370000597202466 0.714668985970958
1586247745.56028 32.6864102140414 -2.54769515877903 24.9533446998057 0.02336024902369 0.697844249629337 0.0367676993476376 0.714923659078017
1586247745.65928 32.7652445170436 -2.55029624776771 24.9555742580074 0.0223591743697765 0.697461385419233 0.0362411593421781 0.715356038305487
1586247745.75828 32.845789649491 -2.5525417519354 24.9577336985466 0.022667308703566 0.697139399885207 0.0352446462337563 0.715709902932528
1586247745.85728 32.9228007007362 -2.55552898621145 24.960037598228 0.0230912011303631 0.696566378181285 0.0340745093025088 0.716310690296856
1586247745.95628 33.001503807648 -2.55838593007236 24.9624092764752 0.0231376202748572 0.695935264727205 0.0330677574719277 0.716969512080443
1586247746.05528 33.0802463524784 -2.56124173639889 24.9652449322519 0.0225995491059151 0.695030212390138 0.0323169766634806 0.71789823600874
1586247746.12128 33.1328792668899 -2.56316406162131 24.9671610478654 0.0219481370015922 0.694090643978092 0.0321358727251121 0.718834990041826
1586247746.18728 33.1857760175201 -2.56501257668706 24.9691167455712 0.0213459658661619 0.692988225458115 0.032212889642643 0.719912493889726
1586247746.25328 33.2383982814734 -2.56689867970185 24.9713389077576 0.0207069303337022 0.69175294049305 0.0323625896194732 0.721111472068289
1586247746.31928 33.2908362347803 -2.56885492320321 24.973827441874 0.0203312547452595 0.690380801760843 0.0320461215700104 0.722450022308021
1586247746.38528 33.3434179460391 -2.57054317987369 24.9766782703015 0.020344849413635 0.688894870561704 0.0320471081755464 0.72386665020133
1586247746.48428 33.4212419202417 -2.57344610608969 24.9809437369956 0.0202842902428478 0.686193604846374 0.0315542786623339 0.726451107601456
1586247746.58328 33.499240833299 -2.57634961626026 24.9861379632477 0.020757131212197 0.683037512918359 0.0305379329941882 0.729449334840046
1586247746.68228 33.5772696874651 -2.57935729670464 24.9921225694293 0.0206084666657769 0.67930835385169 0.0295737869165922 0.732967149752569
1586247746.78128 33.6573431425575 -2.58211605877369 24.9990810645228 0.0200093631312161 0.675282239862116 0.0297797687756528 0.736686288243209
1586247746.91328 33.7586820917428 -2.58670431977286 25.0095968574496 0.0181133645015505 0.669527419344487 0.0292810215159918 0.741988923469431
1586247747.01228 33.8361291885699 -2.58973377480901 25.0187656424991 0.0177362752161515 0.664924458706758 0.028193794304518 0.746167540648678
1586247747.11128 33.9132236411793 -2.59270681807379 25.0288479118027 0.0170804898784005 0.660105528320913 0.027441032541287 0.750477140277271
1586247747.21028 33.9905838248851 -2.59565803785481 25.0397730330564 0.0158728223512192 0.655000334283608 0.028508741305738 0.75492374930726
1586247747.30928 34.0681719208419 -2.59820651451974 25.0516893700615 0.0147362366148586 0.649780651165884 0.0301702525346448 0.759379815746288
1586247747.40828 34.1441866435234 -2.60121649934154 25.0647126697126 0.0144138244239805 0.644328117902625 0.0308587442310118 0.763990350757142
1586247747.50728 34.2204318593651 -2.60380578488259 25.0786361175158 0.0153958822650848 0.638849008507302 0.0311044855451958 0.768548906783092
1586247747.60628 34.2965551261689 -2.60648672886695 25.093660525991 0.0164529044028743 0.633406040503252 0.0306402199434653 0.773037687769826
1586247747.67228 34.3471428998917 -2.60842216689104 25.1042943680347 0.0175486283717643 0.629793041037371 0.0305373705899851 0.775964071398039
1586247747.73828 34.3975882285603 -2.61050752913157 25.1154461354286 0.01811166358585 0.626194007385295 0.0300959085017662 0.778875644148892
1586247747.80428 34.4474711185896 -2.61220594933155 25.1275790602252 0.0182411874441207 0.62260117793434 0.0293137164603844 0.781777294593979
1586247747.90328 34.5231565453817 -2.61602707119107 25.1455551352183 0.0187271888241586 0.616743001352992 0.0286780558205264 0.78641905609872
1586247748.00228 34.5978258569294 -2.6196450281166 25.1651575091843 0.019526621380579 0.610838963770902 0.0260961729099116 0.791083725756134
1586247748.06828 34.6473762581564 -2.62223324044621 25.1789040277984 0.0200674677198272 0.606880293610076 0.0250064815583917 0.794146259732508
1586247748.13428 34.6960560309132 -2.62453000097943 25.1931078227969 0.0200277824013392 0.603079782381847 0.0242141006234699 0.797061692308284
1586247748.23328 34.7708919610987 -2.6289380651765 25.215378989871 0.018631594619534 0.597088336414663 0.0239782101076726 0.801600541192143
1586247748.29928 34.8199252274939 -2.63165348882132 25.2308186449128 0.0176128034088594 0.59306247538539 0.0248592526775015 0.804579832584779
1586247748.36528 34.8688946841398 -2.63426395338214 25.2466095823673 0.0171166649255056 0.588948715245424 0.0259187090160703 0.807573310056451
1586247748.43128 34.9179539814274 -2.63675437117218 25.2628570264508 0.0168935737492967 0.584731754061857 0.0263164574013466 0.810623727155556
1586247748.49728 34.9665187067943 -2.63914115397757 25.2796010323775 0.0168138922484728 0.580452592114588 0.0263053266709332 0.813695342940863
1586247748.56328 35.0149088965584 -2.64157233833868 25.2966304238806 0.0178108188101232 0.576059301938224 0.026862089863135 0.816772234782711
1586247748.62928 35.0628122497961 -2.64397988268765 25.3141284282746 0.0191451470834182 0.571676860763225 0.0270238618034829 0.819810186021304
1586247748.69528 35.1103729694053 -2.64652499821797 25.3322936685647 0.019675511624605 0.567390190538733 0.0265278906864543 0.822786434585828
1586247748.76128 35.1579793778137 -2.6492103326398 25.3510715173658 0.0197428425229154 0.563041450086561 0.0262371135671572 0.825776095273533
1586247748.82728 35.2053048703714 -2.65197717583274 25.370358015413 0.0192461197283396 0.558645874446046 0.026324033860083 0.828764996293369
1586247748.89328 35.2535262845871 -2.65426051291674 25.3909871594606 0.0182663493332695 0.554455367477809 0.02565781723344 0.831617257139303
1586247748.95928 35.2992111827088 -2.65745581654698 25.4105566859097 0.0170885807634446 0.549931520399766 0.0252229096639493 0.834653885216128
1586247749.02528 35.3456833200668 -2.6602289205044 25.4312304135535 0.0170750564377942 0.545583682443519 0.0245821606457539 0.837521704361745
1586247749.09128 35.3920117942333 -2.66291151655112 25.4524103485241 0.0170788313076867 0.54113715455874 0.0237776130528479 0.840424606133557
1586247749.15729 35.4378255417516 -2.66558481074696 25.4740270630046 0.0172990139172517 0.536673709494464 0.0222955896675241 0.843317840636803
1586247749.22329 35.4835821552837 -2.66829088874135 25.4962270458773 0.0173769771196748 0.532253160486927 0.0214715327675534 0.846134497050245
1586247749.28929 35.5291807786696 -2.6711096487137 25.5188148464001 0.0167003655716163 0.527817708289497 0.0218184751543702 0.848913139695538
1586247749.35529 35.574602731182 -2.6739463985993 25.5420416380672 0.0151930934693923 0.523421234554693 0.0217208339603386 0.851661661987986
1586247749.42129 35.6204474328664 -2.67622554840665 25.5664606742102 0.013976816396971 0.519240498773838 0.0211979221772402 0.854250900574222
1586247749.48729 35.6643495079766 -2.67957158258984 25.5897723333247 0.0137577779778201 0.514730278719873 0.0212000884401416 0.856979591334709
1586247749.55329 35.7086043817916 -2.68228825440655 25.6140552618023 0.0143145915206286 0.510260893623538 0.020335510221062 0.859660037417208
1586247749.61929 35.7524249561857 -2.68498804395716 25.6387697877633 0.0150603560790992 0.505757473812973 0.0190559483856747 0.862333713934584
1586247749.68529 35.7961252453979 -2.68776169590248 25.6641231527642 0.015200311322083 0.501217316450535 0.0179822396933499 0.865001035422182
1586247749.75129 35.8400806873165 -2.69031376840736 25.6912463916693 0.0146005324116248 0.496781594433435 0.017483310188207 0.867576628172022
1586247749.81729 35.8827096737744 -2.69362381979774 25.7163716171362 0.0139041395946242 0.492392061246929 0.0173761264499308 0.870088962780663
1586247749.91629 35.9468779855801 -2.69805706969596 25.7566531868072 0.0126053307227925 0.485828238430018 0.0166975609260424 0.873803879506423
1586247750.01529 36.0105119873496 -2.70237405024523 25.7977512502696 0.01243861010512 0.479140264578446 0.0160684023298976 0.877503102151163
1586247750.11429 36.0733824297453 -2.70668634098734 25.8395738276475 0.0126497236300845 0.472289498085314 0.0160455467086005 0.881206647115889
1586247750.18029 36.1151290010805 -2.7091412597704 25.8687335545468 0.0130765221275386 0.467567951565472 0.0161554263425493 0.883712745997028
1586247750.24629 36.1561405983492 -2.71246961713165 25.8969701104528 0.0131097403119026 0.462942751008591 0.0159502795353936 0.88614769230659
1586247750.31229 36.1969213492785 -2.71540315277864 25.9261883347732 0.0137284239838118 0.458132768644596 0.0156228901297712 0.888640434581362
1586247750.37829 36.2372513102981 -2.71845639628467 25.9558510070709 0.0141652850399168 0.453262357038538 0.0149497159751051 0.89113920707366
1586247750.44429 36.2773148339058 -2.72151959949508 25.9860926359382 0.0139270186195566 0.448341999992794 0.014444750408676 0.893636860464285
1586247750.51029 36.3170944079032 -2.72462575940877 26.0166924510577 0.0136938721832706 0.443384692536933 0.0139383372669011 0.896118415748048
1586247750.57629 36.3563159672526 -2.72781236304892 26.0477018921469 0.0134847850546373 0.438496907626583 0.0136097289950265 0.898528462459947
1586247750.64229 36.3951493618817 -2.73103028102305 26.0790241861199 0.0132966640956384 0.433592812344676 0.0132079421272515 0.900913992605135
1586247750.70829 36.4335090887675 -2.73409890409189 26.1106493904464 0.0138080413192603 0.428541707829732 0.0129593216335786 0.903323529322745
1586247750.77429 36.4716561494632 -2.73730216330709 26.1426983921783 0.0136930320413248 0.423435026068721 0.011886603925985 0.905744990722446
1586247750.84029 36.5092478027083 -2.74048076715799 26.1752454224723 0.0135189670157186 0.418402210368547 0.0114175750607225 0.908089459728101
1586247750.90629 36.5462652728017 -2.7430279690816 26.2079453220087 0.0135547482314154 0.413216530293154 0.012029330795915 0.910452449660866
1586247750.97229 36.5835713962092 -2.74700957233727 26.2414263601077 0.0130181879236117 0.408253443148324 0.0120266212410975 0.91269656147169
1586247751.03829 36.6201180332228 -2.75026641920677 26.2751181801013 0.0126582140613966 0.40317251363048 0.0117270224671026 0.914961294707985
1586247751.10429 36.6562897997236 -2.75349398621229 26.3091464691986 0.0126063384971481 0.398037407450431 0.0119280645232298 0.917205006406182
1586247751.17029 36.6920966813419 -2.75670329519869 26.3435708293317 0.0128827269722308 0.392898111234815 0.0120606410353716 0.919412666038319
1586247751.23629 36.7275732551969 -2.75992983493466 26.3782066411654 0.0134816077547857 0.38782050085073 0.012539714023959 0.921551008324788
1586247751.30229 36.7621841122539 -2.76261474070472 26.4133084967415 0.013624998418533 0.382769396837781 0.0127893670670231 0.923654903279662
1586247751.36829 36.7971359366731 -2.76647705985673 26.4485247089396 0.0140252055837271 0.377921024000404 0.0127597371438091 0.925643658399301
1586247751.43429 36.8312892982277 -2.76981157784775 26.4843154520965 0.0146246049298428 0.373173635158611 0.0124188828728905 0.927563113918047
1586247751.50029 36.8650196261878 -2.77314075698401 26.5204538052161 0.0144759297341537 0.368434070243795 0.0118802653476535 0.929465245524109
1586247751.56629 36.8982905057819 -2.77648351115816 26.5569192797495 0.0144686550020787 0.363738282611384 0.0115812004331594 0.931316807312033
1586247751.63229 36.9311566888125 -2.77991621644781 26.5936704300862 0.0143090393998 0.358998480240361 0.0110295730185909 0.933163271403024
1586247751.69829 36.963513613513 -2.78331742089589 26.630811462747 0.0138087794610298 0.354308247319312 0.0100929753683939 0.934972253780574
1586247751.76429 36.9954606245327 -2.78668552503632 26.6682415449822 0.0134186690409971 0.349707050985343 0.00937393721996246 0.936716097392
1586247751.83029 37.0270831162664 -2.79004070573155 26.7059499981766 0.0133064143225159 0.345212554975256 0.00851969831554445 0.938391520617032
1586247751.89629 37.0584459259044 -2.79347332360532 26.7439511886903 0.01310696533071 0.340721463689743 0.00799967712827798 0.940038880476112
1586247751.96229 37.0894173491631 -2.79686746750376 26.782185297627 0.0129238091256033 0.336318048594084 0.00775027705815638 0.941627887518777
1586247752.02829 37.1200489412999 -2.80026686701962 26.8206043463153 0.0128419372648998 0.331982687850342 0.00762929123002695 0.943167203379271
1586247752.09429 37.1502453759528 -2.80369490698315 26.859282733478 0.0127610964995991 0.327849998346209 0.00730686713654507 0.944615341127365
1586247752.16029 37.1802070393305 -2.80708248187972 26.8981612091845 0.0127979686677106 0.32378379394309 0.00713776322183626 0.94601761036145
1586247752.22629 37.2097316047202 -2.81046641275133 26.9372206870024 0.0129338195410291 0.31982629222127 0.00663171586890687 0.947364702456614
1586247752.29229 37.2387586424078 -2.81355232873166 26.9763244722717 0.0127640112567858 0.316149368633878 0.0060149020175616 0.948604489596563
1586247752.39129 37.2818813474639 -2.81899751552996 27.0360368104536 0.0127226303550823 0.311357325140916 0.00446339625718864 0.950197257863752
1586247752.45729 37.3102984456914 -2.82240005617494 27.075982925021 0.0119359627932333 0.308857036797223 0.00343934497267312 0.951027357397881
1586247752.52329 37.3385420914812 -2.82590992598612 27.1161440045074 0.0115857461619488 0.306849942787493 0.00221898193108251 0.951684800349555
1586247752.58929 37.3665761470674 -2.82940290912593 27.1561781421901 0.0110836746962381 0.305205135303522 0.00121753245547357 0.952221347772831
1586247752.65529 37.3945971052082 -2.83287844038653 27.1962205022438 0.0109845558814162 0.303775085294001 0.000741946714354589 0.952680159655791
1586247752.72129 37.4226745537408 -2.83607951543447 27.2365530421212 0.0111311102080656 0.302461340934427 0.000662753250712157 0.953096425543509
1586247752.82029 37.46426774614 -2.84164746027005 27.2962813225924 0.0111484128476287 0.300843939578187 0.000728550301767566 0.953607941517117
1586247752.91929 37.5059429131096 -2.84676749091211 27.356406329317 0.0103121352598986 0.299599702615916 0.00111484880732243 0.954008613782377
1586247752.98529 37.5335132326263 -2.8501733200826 27.3965492764905 0.00956718546122491 0.299023734980058 0.00115222970112415 0.954197016997875
1586247753.05129 37.5608423112495 -2.85352847823846 27.4365183344928 0.00903485907084657 0.298560379218674 0.000879584615347513 0.954347576941062
1586247753.11729 37.5881237254714 -2.85689132297837 27.4764809166452 0.00923261764564161 0.298165050712216 0.000388829291542599 0.954469596224507
1586247753.18329 37.6152803756531 -2.86027151420426 27.5163166725561 0.00989192183315997 0.297786693080505 -0.000399830730787958 0.954581099457773
1586247753.24929 37.6424136827074 -2.86362376438127 27.5560987944496 0.0109600232003761 0.297481436568097 -0.00109985377557783 0.954664057724235
1586247753.31529 37.6695289723003 -2.8667563586954 27.5962932639524 0.0113313869126195 0.297209800731124 -0.00199787831350225 0.954742867217266
1586247753.4143 37.7098977959884 -2.87244006936339 27.6555003682521 0.0111660848879981 0.296913176601178 -0.00256006610514975 0.954835760835553
1586247753.4803 37.7368765692848 -2.87601836720555 27.6951694887707 0.010777946816866 0.296738503567506 -0.00244404658461019 0.954894823003676
1586247753.5463 37.7636930048174 -2.87953888381287 27.7347971794838 0.0103392999997631 0.296563617683645 -0.00298113575197231 0.954952476498979
1586247753.6123 37.790467072184 -2.88315103880521 27.7742719385407 0.0101635668079476 0.296448762391426 -0.00319386655097988 0.954989336277001
1586247753.6783 37.8172297646893 -2.88663969951503 27.8136667898579 0.0102136462187666 0.296293221265962 -0.00299610724194448 0.955037712241853
1586247753.7443 37.8438968723619 -2.89005807192672 27.8529182719282 0.00998886365414998 0.296113578899781 -0.00286832692206352 0.955096196042435
1586247753.8103 37.8708850055895 -2.8932906531413 27.8921827811594 0.0102787666047182 0.295928145871511 -0.00298241819169971 0.955150241909547
1586247753.9093 37.910209574176 -2.89874049051986 27.9504476080616 0.0107367078740787 0.295587328047933 -0.00298717327118039 0.95525071651235
1586247753.9753 37.9366515554166 -2.90221437920854 27.9894771431456 0.01107050956672 0.295399158193934 -0.00293592933842961 0.955305271353178
1586247754.0743 37.9762564472935 -2.90746393984343 28.0478945244723 0.0111993353589853 0.295059863980007 -0.00229927264587513 0.955410364660608
1586247754.1733 38.0155448986877 -2.91269638675711 28.1060130978103 0.00997131898896148 0.294755990680545 -0.00175583788746474 0.955518914406651
1586247754.2723 38.0543243284366 -2.91707789120155 28.1647605687901 0.00857918087687722 0.294531714711051 -0.00101016731185256 0.95560266128075
1586247754.3713 38.0933250074431 -2.92271137507452 28.2213446387254 0.00760943068871173 0.2939055709067 -0.000253326179727627 0.955804136724908
1586247754.4703 38.1317241099591 -2.92739669614669 28.2785939209401 0.00621052662405261 0.293553012166589 -0.000249283444791369 0.955922589054542
1586247754.5363 38.1570860105348 -2.93053823336825 28.3165049093729 0.00592029138615839 0.293573041543618 -0.000161061134245962 0.95591829854232
1586247754.6023 38.1823604668007 -2.93367268889252 28.3541158546014 0.0061298636053524 0.293659392941843 -0.000302732157090478 0.955890419484602
1586247754.7013 38.2194610031191 -2.93824300227384 28.4098400356929 0.00672067545853084 0.293829492792317 -0.00180686451055095 0.955832515102636
1586247754.8003 38.2563018399028 -2.9429459623519 28.4650868128702 0.00777584695936257 0.293991599078539 -0.00250576418336083 0.95577308866758
1586247754.8993 38.2930050894594 -2.94775843551575 28.5195998374415 0.00729802641176137 0.294063956413365 -0.00243315928992197 0.955754784494894
1586247754.9983 38.3294157349795 -2.95252240960141 28.573687942903 0.00723483229510625 0.294131245542855 -0.00217021796556686 0.955735192274017
1586247755.0973 38.3654215942838 -2.95654436977333 28.6284023092668 0.00737791832406597 0.294161237675833 -0.00219232636300221 0.955724817233153
1586247755.1963 38.400930785953 -2.96185698421122 28.6800420656993 0.00837797236676203 0.294240256677369 -0.002468393178978 0.955691575752644
1586247755.2953 38.435952530882 -2.96651637752562 28.7320719471535 0.00939722869765617 0.294061459839361 -0.00234338128478624 0.955737442237198
1586247755.3613 38.4590129434055 -2.96968474188379 28.7663659256003 0.00955647594777897 0.293593103456043 -0.00192142360417844 0.955880783101032
1586247755.4273 38.4818485406656 -2.97290351205381 28.80043397042 0.00952720682670446 0.292895651208448 -0.00114957107371926 0.956096254735686
1586247755.5263 38.5156631527008 -2.9776178887763 28.8511730494051 0.00919401034401012 0.291010056141171 6.44663763856223e-05 0.956675814078412
1586247755.6253 38.5484677262539 -2.98193492677838 28.9012709297578 0.00922966356792953 0.28834657439921 0.00123631041784947 0.957480828987826
1586247755.7243 38.5806260247867 -2.98665542002685 28.9505390831459 0.00965426710686996 0.285001029256717 0.00146162534423582 0.958477476052825
1586247755.8233 38.6115906330678 -2.99099407455944 28.9995996518455 0.00937544440808795 0.281220156761096 0.00143830493963211 0.959596402531979
1586247755.9223 38.6415950471598 -2.99534662381175 29.0481060317696 0.00897557041759073 0.277119287352952 0.00135025367719362 0.960792650121595
1586247756.0213 38.6705722538346 -2.99961885699009 29.0961168258472 0.00818394267282113 0.272776888487376 0.000981995331105987 0.962042009412605
1586247756.1203 38.6985197780469 -3.00368464172605 29.1434882514199 0.00802953780785271 0.268654758430599 0.000239209318154425 0.963203036786165
1586247756.1863 38.7166660467897 -3.0063360378563 29.1746583634765 0.00802863878093127 0.265931235496894 -0.000350054150108154 0.963958503468128
1586247756.2523 38.7345070920527 -3.00901778202872 29.2056625784335 0.0078138666931967 0.263215289561695 -0.000843110951659523 0.964705107269666
1586247756.3183 38.7522092205097 -3.01132405120524 29.2365579587168 0.00817681552087707 0.260528830673308 -0.00062518176712205 0.96543123899307
1586247756.3843 38.769003889637 -3.01437753750467 29.266344379833 0.00887047474735678 0.257959426796545 -9.7239090923932e-05 0.966115023870923
1586247756.4833 38.7939417704494 -3.01828527031436 29.3109015867189 0.00966118516293378 0.2541786840408 0.000890371179261177 0.967108610922112
1586247756.5493 38.8100609277775 -3.02082770125802 29.3402792869956 0.00981047123523977 0.251670163465653 0.00134219901952149 0.967762409880186
1586247756.6153 38.8258088385218 -3.02330821717246 29.3694234965009 0.0093141370041978 0.24920156200812 0.00167940206694603 0.968405394425949
1586247756.7143 38.8488432673367 -3.02707590811184 29.4124962227597 0.00785930644111462 0.245276198633714 0.0032885428958165 0.969415805096906
1586247756.8133 38.8709668581829 -3.03059566395585 29.4548927637419 0.00579579793026008 0.241139441705465 0.00420350182670553 0.970464068862274
1586247756.9123 38.8920042491177 -3.0339005629999 29.4963533273641 0.00492203924425203 0.237539497623988 0.00420596783639813 0.971356304572519
1586247757.0113 38.912174487397 -3.0370368304116 29.5367803171611 0.00558107263590705 0.234643721583151 0.00339809382514845 0.972059477865525
1586247757.1433 38.9378633661437 -3.04117923291104 29.5891532008082 0.00719546282205419 0.231705975538394 0.00192312195929972 0.972757353000483
1586247757.2753 38.9626961385957 -3.04527463608423 29.6398407131674 0.00824116649475596 0.230334971798631 0.0010068799850552 0.973075983741262
1586247757.40731 38.9867905715811 -3.04954323396411 29.6888456600635 0.0080064952952751 0.230458936911378 0.000127770585800193 0.973049103645567
1586247757.53931 39.0101125292057 -3.05353110976808 29.7362891261314 0.00684464506762506 0.232469805666422 -0.00176214571725729 0.972577932676752
1586247757.67131 39.0327698535269 -3.05724183008687 29.7812338626324 0.00750939243534801 0.236546589234095 -0.00443944599732568 0.971580985541712
1586247757.77031 39.0496131993331 -3.06006892016203 29.8135991681382 0.00774311858783367 0.24111443649282 -0.00509140663712355 0.970452446134142
1586247757.93531 39.0777742417682 -3.0648733336711 29.8637769740127 0.0094079266969167 0.25286156908493 -0.00693223077841131 0.967431890094392
1586247758.10031 39.1061198601424 -3.06909091828392 29.9105620309882 0.0101746613948266 0.269382914592622 -0.00840719385437472 0.962942698545755
1586247758.26531 39.1361793428073 -3.07339453233667 29.9542824865115 0.00986352999270643 0.290648297538236 -0.00828192221599535 0.956743271561716
1586247758.43031 39.1681403060346 -3.07777558619029 29.9948709405983 0.00947716869532653 0.31638148035003 -0.00645218900760521 0.948562760929425
1586247758.56231 39.1952757676429 -3.0809095922034 30.0251962705228 0.00995041877561126 0.339652650154399 -0.00477007613134443 0.940486210841491
1586247758.69431 39.223886971418 -3.08378348720126 30.0533720021983 0.0105089233569342 0.364901161670593 -0.00262663543654979 0.93098324664175
1586247758.82631 39.253417412024 -3.08680376739758 30.0795429355343 0.0102412196533746 0.391467633077982 -0.000597631161749417 0.920134692590888
1586247758.95831 39.2853036497615 -3.08958121570522 30.1040857357885 0.00804113906297116 0.418767980039329 0.000952699221879133 0.908057163035755
1586247759.09031 39.3178465398234 -3.09237319780095 30.1261459109487 0.00762487855951031 0.446535192151395 0.00282586548615953 0.894729119835453
1586247759.22231 39.3518141727998 -3.09489862590807 30.145637152264 0.0100257615712609 0.474752430590003 0.00540512485812855 0.88004567971161
1586247759.35431 39.3873140858709 -3.09718940908052 30.162952824015 0.0120381266534594 0.502536389339244 0.00800913051168945 0.864435142000253
1586247759.45331 39.414711650395 -3.09870852524843 30.1747643722734 0.0126933473909233 0.523462209209698 0.00912911929240767 0.851905425292187
1586247759.55231 39.4429701466849 -3.10018798123595 30.1856433246722 0.0121125234627495 0.544089193974375 0.0101608534170275 0.838878413617562
1586247759.65131 39.4720788557515 -3.10182949292169 30.1951164080481 0.0113505527703766 0.563789871442875 0.0121353085850506 0.825751100571946
1586247759.75031 39.5018885829027 -3.10313884443603 30.2030534083716 0.0116205020452457 0.582562969307616 0.0146420193416714 0.812570588929545
1586247759.84931 39.5327104248931 -3.10501733245517 30.2099104236862 0.0132777350121109 0.600631021907854 0.0175535561435125 0.799223341714687
1586247759.94831 39.5639125315177 -3.10637157078066 30.2154736950219 0.0149183633507466 0.617636053715045 0.0195041941115157 0.786080615457665
1586247760.04731 39.5958840473207 -3.10758490912219 30.2202130001716 0.0165564626532148 0.63334913695919 0.0212520223719054 0.773397120373852
1586247760.17931 39.6390641194363 -3.10920334115389 30.2252998488565 0.0172774261191053 0.65205925224745 0.0203680140743398 0.757697410651418
1586247760.27831 39.6723741192079 -3.11058232200667 30.2278261512181 0.0199022524747757 0.664138157564685 0.0214949656268858 0.747035725026397
1586247760.37731 39.7061131661261 -3.11199898019515 30.2293591488397 0.0220611898979942 0.67437756282421 0.0222755231477868 0.73772081963847
1586247760.50931 39.7523015161103 -3.11386691642097 30.2308052463733 0.0247273078579051 0.68538061880884 0.0229111042885372 0.727404322854623
1586247760.67431 39.812381456574 -3.11642714602632 30.2322521333038 0.0238151321526313 0.695596688914809 0.0221225959014735 0.717696785977119
1586247760.80631 39.8619947285659 -3.11859870979537 30.2325813608063 0.0225491366181425 0.701017959398112 0.0239000536443154 0.712386232653947
1586247760.93831 39.9131530099915 -3.12061529166337 30.2322246966835 0.0221707140825587 0.704749742041425 0.0256316813617606 0.708646087578407
1586247761.07031 39.9653331362774 -3.12270989231848 30.2323649245678 0.0201724523291665 0.70694027805934 0.025428625770605 0.706528060600447
1586247761.20231 40.018611939403 -3.12476196202512 30.2325103813903 0.0199992237249795 0.707380336077232 0.0240130532364386 0.70614195772233
1586247761.33431 40.0727261901564 -3.12630622774961 30.2325979889564 0.0205689780556381 0.705553639514516 0.0239749819287129 0.707952102300067
1586247761.46631 40.1293157874891 -3.12864436056762 30.233239822706 0.0200060035723144 0.70246762566367 0.0252486790875781 0.710986286027968
1586247761.59831 40.1865478638403 -3.13076014680453 30.2351118330206 0.0169556797607743 0.698321231296689 0.0255386171117309 0.715127780106568
1586247761.73031 40.2444292372993 -3.13282617212696 30.2381582708001 0.0150591199782462 0.693067163709348 0.0255344788794834 0.720263229577711
1586247761.86232 40.3029259407181 -3.13421982863868 30.2418531547678 0.0160733952727634 0.686241967769058 0.0257984044578678 0.726737951371941
1586247761.99432 40.3633186361642 -3.13673193748907 30.246558540827 0.0177623244855059 0.678347352313647 0.0258610391956847 0.734071233661731
1586247762.12632 40.4239688999883 -3.13888641260837 30.2532107852695 0.0185746205209864 0.669395465485741 0.0257940951618428 0.7422259486938
1586247762.25832 40.4851873493382 -3.1413425523057 30.2616505602453 0.0183683435884001 0.659154709676945 0.0260542914299473 0.75133138265522
1586247762.39032 40.5469659294721 -3.14381187234035 30.2718888448047 0.0183684200274409 0.648137263475593 0.0269625588115177 0.760824361638348
1586247762.48932 40.5932814792902 -3.14573071774853 30.2809412497808 0.0184152207449545 0.639541103934041 0.0265424949403111 0.768077829380647
1586247762.58832 40.639812790014 -3.1477727572344 30.2910943745931 0.0187225402547243 0.630809727166759 0.02626799939814 0.775266758481124
1586247762.72032 40.7021016808533 -3.15047044480471 30.3064541952914 0.0198049409730847 0.618868897513833 0.0253096480011911 0.784836590457607
1586247762.81932 40.7475524311295 -3.15237771261756 30.3186063665001 0.0196792872315569 0.609655822956835 0.0238629236013769 0.792062537976691
1586247762.95132 40.8112477604284 -3.15594867634194 30.3389520489358 0.0197482455917557 0.596814587000852 0.0224706306785529 0.801821318185017
1586247763.08332 40.8737864700845 -3.15937502869208 30.3605235804084 0.0192891529997819 0.583395360033441 0.0219636680772752 0.811662109348831
1586247763.18232 40.9206079234802 -3.16197354792344 30.3783509134105 0.0181075772451197 0.573388398734445 0.0214696581210713 0.818802121164342
1586247763.28132 40.9674775601602 -3.16463643136081 30.3976267024765 0.0164699738797427 0.563327026568772 0.0210669137273924 0.825801178398039
1586247763.38032 41.0141554360809 -3.16735694963207 30.418100881641 0.0169400846256904 0.552777421340769 0.0191833388801081 0.832935865176987
1586247763.47932 41.0596816912905 -3.16976998254886 30.4392722363794 0.0181745310877484 0.541970915331098 0.018014761752522 0.840007548605316
1586247763.57832 41.1067803784236 -3.17301556795392 30.4627010031248 0.0195814504246819 0.531068242643244 0.0169615016203863 0.846932934722617
1586247763.67732 41.1530223016037 -3.17617510300586 30.4872581550427 0.0187757015494923 0.520173866790758 0.0162793686429017 0.853698777963202
1586247763.77632 41.1989523246629 -3.17939400200014 30.5133355382061 0.016996896283309 0.509333612243847 0.0157779850204677 0.860256608311766
1586247763.87532 41.2446760836016 -3.18262222775426 30.5406432430087 0.015702490993492 0.498155018832657 0.016014040944088 0.866797876947721
1586247763.97432 41.2899857225945 -3.1858116842867 30.5692856597858 0.0153761623276438 0.486894895006131 0.0154107536803033 0.873189236946979
1586247764.07332 41.3347538474406 -3.18899415306979 30.5990844946334 0.0159290110195862 0.475851897287592 0.0142823921602681 0.879265177139364
1586247764.17232 41.3791773373833 -3.19223619639938 30.6305086603347 0.017067760975554 0.465218379856517 0.0124464854275496 0.884943860128687
1586247764.27132 41.423089698061 -3.19583855119461 30.6629556150967 0.01855150510116 0.455007339234143 0.0113488982250357 0.89022208768971
1586247764.37032 41.466661146637 -3.19930002624407 30.6961442224596 0.0190810290947222 0.444973973987261 0.0121138810151923 0.895258248043223
1586247764.46932 41.5108520954281 -3.20325993780235 30.7315626633809 0.0177278061797247 0.435235030531368 0.0130369157202649 0.900047905344441
1586247764.56832 41.5541141127097 -3.20713112674618 30.7678321973642 0.0157183009397898 0.425809626481485 0.0132798989512003 0.904578764561224
1586247764.66732 41.5969827315553 -3.21067212284282 30.8053702091283 0.0141269496528079 0.416615143865175 0.0128449029000487 0.908882423454868
1586247764.76632 41.6403006542941 -3.21376839742737 30.8442624575706 0.0140463605943553 0.408241461945476 0.0131906617110189 0.912670594982823
1586247764.86532 41.6812935074541 -3.21769502772073 30.8830553608132 0.0130956319107358 0.400839949260246 0.0121095625802236 0.915974452698337
1586247764.96432 41.722701631876 -3.22132850168526 30.9233435133929 0.0134852956787875 0.39443078008118 0.0102187948783192 0.918769874754414
1586247765.06332 41.7641033161579 -3.22502287871312 30.9643469363515 0.0153820235841845 0.388428415325522 0.00900736498787183 0.921306478265585
1586247765.19532 41.8188451899121 -3.23038784143652 31.0201257459692 0.0169282605818598 0.381277334443315 0.00675360903394163 0.924281027068332
1586247765.32732 41.8734631179806 -3.2361351495227 31.0771229630058 0.0180570261903673 0.375452734157798 0.00576052477199142 0.92664772409635
1586247765.45932 41.9278248759914 -3.24213308312862 31.1351959559233 0.0167619033287791 0.370620981968316 0.00421555411709753 0.92862336575445
1586247765.55832 41.9687537370912 -3.24662272730543 31.1795927279167 0.0147942854348515 0.367500755637941 0.00393424334876173 0.929897223059241
1586247765.65732 42.0096214147344 -3.25097598877056 31.2242858025127 0.0135369348003879 0.364663430158157 0.00414716309983739 0.931031758394804
1586247765.75632 42.0512101328353 -3.25501331320212 31.2696896731305 0.0131308628907989 0.362206890714745 0.00422320636192244 0.931995661624304
1586247765.85532 42.0910832836924 -3.25952586649644 31.3144403994228 0.0141664340898354 0.36008311809098 0.00398402802501225 0.932804152934447
1586247765.95432 42.1317762391065 -3.26380899020047 31.3600583736488 0.01549301933192 0.358248828163701 0.00345203244653436 0.93349120346327
1586247766.02033 42.1589156557001 -3.26680342188768 31.3906679336767 0.0158695939428737 0.357092817147768 0.00293524451190481 0.933929472856069
1586247766.08633 42.1860526814834 -3.26984347977721 31.4214826719171 0.0159663457256523 0.356097308373789 0.00283802784815334 0.934308154931255
1586247766.15233 42.2133115175067 -3.27297004783647 31.4523749840234 0.0157230593774367 0.355097846539891 0.00325138035134327 0.934691250259869
1586247766.21833 42.2404519653392 -3.27613436890756 31.4834127776084 0.0151734111176047 0.354197094416381 0.00336308697177863 0.935041643750732
1586247766.28433 42.2675631088239 -3.27922247293764 31.5145772114183 0.0146261562271829 0.353449773320556 0.00320458209287604 0.935333664500148
1586247766.35033 42.2948084798106 -3.28223230505085 31.5459113591095 0.0142775712347534 0.35289562200426 0.00332963694370495 0.935547831191803
1586247766.41633 42.3219832695269 -3.28520936980454 31.5772356828004 0.0139859005258245 0.352448704639141 0.00336606345598757 0.935720564485725
1586247766.48233 42.3493576603572 -3.28805945994356 31.6088389652642 0.012999578590561 0.352132556218442 0.0030449096653646 0.935854904529897
1586247766.61433 42.4040666334067 -3.29392475075369 31.6722683958448 0.0112506824641376 0.352046381320466 0.00216785350769936 0.935912425365977
1586247766.71333 42.4468514310813 -3.29813542184587 31.7211307131942 0.011556192860194 0.352404989683789 0.00130072418352761 0.93577533936792
1586247766.77933 42.4724039085502 -3.30114235347707 31.7510585900965 0.0121923876522509 0.352946042533015 0.000592937159681887 0.935564046535108
1586247766.84533 42.4998925384913 -3.30407686646086 31.7824010128339 0.0136659127547644 0.353635685577845 0.00046176477331466 0.935283289430406
1586247766.91133 42.5276095350712 -3.30713052560159 31.8138314126111 0.0141151596229634 0.354294015689753 0.000702190019918559 0.935027282834262
1586247766.97733 42.5554290795461 -3.3101960210587 31.845387409678 0.0138346170093671 0.355086835288862 0.000557644136067308 0.934730780390676
1586247767.04333 42.5833881657616 -3.31334491356368 31.8769411774753 0.0132867370056503 0.355961598486548 0.000989386340275287 0.934405599371769
1586247767.10933 42.6122317676962 -3.31650111052722 31.9088843704581 0.0122538847997984 0.356775818316918 0.00158374236019875 0.93410831787954
1586247767.20833 42.6539321229996 -3.32107228159879 31.9559008765168 0.0118256894151041 0.358269707672955 0.00222615843679326 0.933540579649545
1586247767.30733 42.6964661156135 -3.32552653561933 32.0031838211695 0.0120650943682471 0.359897422481445 0.00202611956049569 0.932911664429502
1586247767.40633 42.7390083140097 -3.32991312798257 32.0503900706073 0.0124863175747884 0.361782777779799 0.00108095823365165 0.932178172403029
1586247767.47233 42.7675145107674 -3.33287497429082 32.0817568815531 0.0126613536518315 0.363060769388127 0.000815472730624497 0.931679077182283
1586247767.53833 42.7961907379916 -3.33588633173754 32.1131305150884 0.0128493955566142 0.364359915744809 0.00054029559822805 0.931169400760641
1586247767.60433 42.8250006656847 -3.33896735602154 32.1444014295113 0.0130305387334625 0.365707506052334 0.000552223681583488 0.93063844758655
1586247767.67033 42.8539007394541 -3.34204786902687 32.1755720394426 0.0131354446276135 0.367009365661876 0.000606987719551671 0.93012430200313
1586247767.73633 42.8829670189569 -3.34512236439482 32.2066188083822 0.013180861390481 0.368277081557316 0.000641135059511827 0.929622420684047
1586247767.80233 42.9121912741591 -3.34824441571363 32.2376407034678 0.0129991010892828 0.369564574548146 0.000721607583221166 0.929113840114555
1586247767.86833 42.9416301406268 -3.35132402229595 32.2686030937703 0.0127909308176059 0.370808373597724 0.00106008430842783 0.928620707490356
1586247767.93433 42.9715633509176 -3.35418386875829 32.3003770013517 0.0128937125580121 0.372120950559263 0.00124339674272938 0.92809385532708
1586247768.03333 43.0154906002989 -3.35897308496123 32.3459895729097 0.0129897236481911 0.374021546822741 0.00155310613054251 0.927327740042977
1586247768.09933 43.0450413443604 -3.36197643897358 32.3770546283722 0.0128693980253827 0.375174794552353 0.000680606640889539 0.926864493279176
1586247768.16533 43.0746574986509 -3.3651013745416 32.4080461766496 0.0130791051140057 0.376272610943176 -0.000911112518015554 0.926416228882786
1586247768.23133 43.1043692085366 -3.36817205749333 32.438904959854 0.0127292851067111 0.377200482956565 -0.00156052038778863 0.92604283147926
1586247768.29733 43.1341534581137 -3.37115514122784 32.4700912611206 0.0123819065322005 0.377962667478992 -0.00266606793186518 0.925734196443329
1586247768.39633 43.1789343144317 -3.37590223054905 32.5166165639107 0.00990688930051954 0.379018596958814 -0.00510616829023867 0.92532193519291
1586247768.46233 43.2090961904862 -3.37899503754939 32.5474423599759 0.0096383158544755 0.37959798290193 -0.00384655317238686 0.925093334898143
1586247768.52833 43.2396524089832 -3.38197958726971 32.578098916371 0.00926400006636467 0.380030630081211 -0.00088975620753146 0.924927081902535
1586247768.59433 43.270092488798 -3.38485990620148 32.609007766938 0.00878755335005774 0.380353202618343 -0.000468772605433716 0.924799437941186
1586247768.66033 43.300577076993 -3.38780645794918 32.6399152732748 0.00888162748980667 0.380686942261438 0.000133916743066466 0.924661316780947
1586247768.75933 43.3462868124869 -3.39223405862153 32.6854847300927 0.0125845211000046 0.380227180311152 0.00265484594255787 0.924803694291029
1586247768.85833 43.3915447742288 -3.39652468412138 32.7305312214128 0.0163924944839151 0.379592909075322 0.00265560488991173 0.925004571484378
1586247768.95733 43.4372520213054 -3.40170706173319 32.7776287990338 0.0168123218971434 0.379076783512776 0.00348661762556642 0.925205913043992
1586247769.05633 43.4829813392172 -3.40681516765411 32.8245339587172 0.014682884234003 0.378238137319101 0.00419170766508851 0.925582386378867
1586247769.15533 43.5282535727084 -3.41161553889999 32.8717527627983 0.0126914582482816 0.376906101830198 0.00495013335879517 0.926151290810755
1586247769.25433 43.5739847796002 -3.41612366287925 32.9186638231063 0.0122712985410005 0.374930209375809 0.0062179029757184 0.926950964729049
1586247769.35333 43.6193349697041 -3.42037748681527 32.966084063261 0.0125509998317927 0.372260720968499 0.00708053982863383 0.928016322045561
1586247769.45233 43.6644406403915 -3.4246758673756 33.0137892902889 0.0131594648330483 0.369213452405159 0.0082757586266703 0.929214596779196
1586247769.55133 43.7091173195081 -3.42906132920085 33.0614951072789 0.0140202357316339 0.366102664548886 0.0088626007632516 0.930426636714549
1586247769.65033 43.7532113210976 -3.4336639199867 33.1103978713163 0.0146930001320711 0.363328819389292 0.00716573139799307 0.931517545214171
1586247769.71633 43.7825115885337 -3.43680373862345 33.1430947426092 0.0153864063994057 0.361492748160184 0.00585414060337971 0.932229575031551
1586247769.78233 43.8107775114111 -3.44011076036633 33.1739255600419 0.0159880971568489 0.359647497033014 0.00504360793442872 0.93293762955848
1586247769.88133 43.8557478843665 -3.44497393561676 33.225343252393 0.0157290656888228 0.357464721373039 0.00439787295201652 0.93378382304458
1586247769.94733 43.8850212403551 -3.44829406181003 33.2584875993032 0.0152098528028593 0.356319539175971 0.00385091618368685 0.934232421201323
1586247770.01333 43.9141935507113 -3.45160001859947 33.2917295027523 0.0145670201517193 0.355469823748616 0.00334817732737467 0.934568240438659
1586247770.07933 43.9432638584876 -3.45486482546403 33.3248363735105 0.0144769600312688 0.354744518756273 0.00312935040562803 0.934845950521621
1586247770.14533 43.9723870246608 -3.4580524258866 33.3579693406676 0.0145707425477209 0.354128256518937 0.00302604192757561 0.935078453642644
1586247770.21134 44.0015177849438 -3.46130321829557 33.3911820545942 0.0143547669366494 0.353661525049648 0.00296628001043759 0.935258609983705
1586247770.27734 44.0303359881457 -3.4647964931822 33.4237720972791 0.0140669781194415 0.353379581509134 0.00279536933406779 0.935370075108939
1586247770.34334 44.0596465464132 -3.46779959069051 33.4575866686357 0.0139285146943299 0.35322184320778 0.00292070347773472 0.935431341922273
1586247770.40934 44.0886763016458 -3.47104781982629 33.4908751358307 0.0134961798592737 0.353244613593789 0.00289592477313084 0.935429158042387
1586247770.50834 44.1323352784731 -3.47588646228218 33.5407864236888 0.0131632720611048 0.353299169365886 0.00279056439721731 0.935413618643841
1586247770.60734 44.1758472645388 -3.48075775980918 33.59071384568 0.0132549214335234 0.353382154938794 0.00216754745016487 0.935382628322045
1586247770.70634 44.2194488987694 -3.48558395706644 33.6406279753007 0.0133274569021767 0.353516576266948 0.00167617846208429 0.935331812579247
1586247770.80534 44.2629529634055 -3.49087233295632 33.6898832220975 0.0124866572814987 0.353771318860338 0.0015562075382052 0.93524730181907
1586247770.93734 44.3210690642818 -3.4967553619803 33.7568343287213 0.00992376616161212 0.354120743333158 0.00237327394867501 0.935144045362588
1586247771.03634 44.3645880845307 -3.50124149076476 33.8063853426733 0.00890192998223819 0.354348761528489 0.00294939658368756 0.935066314175422
1586247771.13534 44.4076079448867 -3.50567686560905 33.8553870164166 0.00900803928076871 0.354452886810643 0.00315110650716991 0.935025174413876
1586247771.23434 44.4507178967389 -3.51004449886572 33.9042769838878 0.0103812404879935 0.354496145062914 0.00281668829326833 0.934995603865881
1586247771.33334 44.4935861647073 -3.51448186049185 33.9530487192315 0.0120917194516384 0.354471764496557 0.00199237183969194 0.934986411104382
1586247771.39934 44.522005225223 -3.51830201452436 33.9849552867233 0.0122938355758887 0.354408029726727 0.00233033196400772 0.935007154852298
1586247771.46534 44.5505463335313 -3.52078965660812 34.0176406991689 0.0123639575999536 0.354021955963165 0.00298167222988376 0.93515062790932
1586247771.56434 44.5929977456132 -3.52551204515599 34.0660895643427 0.010771007289772 0.353327117367101 0.0038755280141214 0.935429801651428
1586247771.63034 44.6210505372501 -3.52865618812168 34.0982481765632 0.0100470584485209 0.352843160594919 0.00440068779794748 0.93561818846409
1586247771.69634 44.6489611620627 -3.53168979706322 34.1302881251086 0.00987667232486554 0.352223480329276 0.00458927512131269 0.935852557726045
1586247771.76234 44.676636681042 -3.53467143091481 34.1622568270243 0.00982386034469172 0.351659597325939 0.00469990924260606 0.93606459725256
1586247771.82834 44.7040965314117 -3.53756750301425 34.1940121748513 0.0106381411893692 0.351089585400077 0.00431503001789227 0.936271495609891
1586247771.89434 44.7313538809968 -3.54053217414465 34.2255622458522 0.0111481431428799 0.35056653877756 0.00407147635502958 0.93646262278549
1586247771.96034 44.7583164235104 -3.54367655946963 34.2568984382217 0.0113296268300966 0.349998989975743 0.00395976654148204 0.936673191044127
1586247772.02634 44.7847025917366 -3.54704386973827 34.2880036796148 0.0112028247026542 0.34950797683272 0.00411744165034255 0.936857362421429
1586247772.12534 44.8251549208462 -3.5511451906304 34.3349301027127 0.00957393877807528 0.348693079972261 0.00436709512870526 0.937177893548428
1586247772.22434 44.8644366137527 -3.55559656590662 34.3812434152828 0.00857896603985497 0.347931404875249 0.00421472374394778 0.937471266198055
1586247772.32334 44.9032071842808 -3.5597574579942 34.4270295053669 0.00810878113704799 0.347114736282159 0.00384975166573013 0.937779711305566
1586247772.42234 44.9412979050844 -3.56371074582495 34.4726273671687 0.00691576421651697 0.346398135910274 0.00208761028398387 0.938059777160545
1586247772.52134 44.9790235713914 -3.56784924365103 34.5173951178093 0.00677368654409676 0.34567793929452 0.00302278215491269 0.938323900496913
1586247772.62034 45.0163154184467 -3.57186214177773 34.5616339662872 0.00846833279509423 0.344889869256825 0.00267924802308659 0.93860113309846
1586247772.71934 45.0529771868681 -3.57583307132313 34.6054122281802 0.010618007528133 0.344372240255871 0.00203278393820755 0.938770944291921
1586247772.81834 45.0894976019723 -3.58008278926854 34.6488341338782 0.0109102455066964 0.343435797527705 0.00294213668223307 0.939108174467264
1586247772.88434 45.1138272609104 -3.58290832303012 34.6776805389545 0.0102920275613062 0.34272112914837 0.00411524887766706 0.939371793557066
1586247772.98334 45.1496826097507 -3.58710314816804 34.7205749591752 0.00975198059934333 0.341590804991416 0.00575711445927805 0.939780546964455
1586247773.04934 45.1730239729071 -3.5898555430366 34.7488710811939 0.00953607335690482 0.340654929190434 0.0058792214368265 0.940121650255162
1586247773.14834 45.2076586250074 -3.59384884093907 34.7913485941803 0.0096488731513825 0.33888144997948 0.00553675778915278 0.940763310519654
1586247773.24734 45.2417691708902 -3.59748837909744 34.8333955130406 0.010607907240739 0.336522609357583 0.00520195243948706 0.941601266665436
1586247773.34634 45.2751260582587 -3.60133548020157 34.8752972141141 0.0119204931482094 0.333253403781865 0.00426101773647343 0.942752308105769
1586247773.44534 45.3082126798382 -3.60522728584988 34.9173423905356 0.0131996082566341 0.329115147672485 0.00415335826653732 0.944188402560368
1586247773.51134 45.3299890335567 -3.60789963469003 34.9453891898947 0.0136419065632862 0.325881544286228 0.00427926540466849 0.945302494107859
1586247773.61034 45.3621555702799 -3.61191532882667 34.9879755476485 0.0134791312801298 0.320618761945282 0.00405633349287073 0.94710372645619
1586247773.70934 45.3935443485469 -3.61600990054828 35.0307157354145 0.0132536270182422 0.314747249822405 0.00363376830023135 0.949076027422479
1586247773.80834 45.4244236404342 -3.61993617089893 35.0740273756592 0.0135200159841543 0.308118067264944 0.00327029544067526 0.951246430195895
1586247773.90734 45.4544159991867 -3.6239339455367 35.117529693743 0.0137345934169878 0.300811922007461 0.00319616199368769 0.953579222230831
1586247774.00634 45.4839906546666 -3.62782104045809 35.1618510224732 0.013350792385652 0.292819468852122 0.00352406718052156 0.956068039395912
1586247774.10534 45.5126155101644 -3.63174414183847 35.2066184585701 0.0124078835728224 0.284132309880945 0.0039449197252148 0.95869667388352
1586247774.20434 45.5403237339978 -3.63541230920703 35.2514426698084 0.0118136649422059 0.274601752979259 0.00455046197555873 0.961474704751592
1586247774.30334 45.5671377342252 -3.63928989221992 35.2975918406277 0.0118983631671849 0.264503353699938 0.00492063383230493 0.964298808564086
1586247774.40235 45.5927850107852 -3.64306340825402 35.3438674002708 0.0128444447703356 0.253785330326351 0.00467784661971185 0.96716396960427
1586247774.50135 45.6173257099611 -3.6468154182291 35.391136069953 0.0142602575617976 0.242429151483655 0.00401925670445711 0.970055976292466
1586247774.60035 45.6407198951415 -3.65076808375903 35.4384555179547 0.0151086768704499 0.2306742110352 0.00356590890869599 0.972907200374305
1586247774.69935 45.6630390186472 -3.65483599274814 35.4867020059419 0.0150248075238518 0.218477253661488 0.00329657204423562 0.97572079889903
1586247774.79835 45.6838378020816 -3.65874998754539 35.5353272154523 0.0139717283835113 0.205915669934437 0.00287257705442795 0.978465776602583
1586247774.89735 45.7038868945867 -3.66294120584755 35.5855074032182 0.0125765830692025 0.19316913451495 0.0024562877164767 0.981081791534071
1586247774.99635 45.7222101751775 -3.66679263290984 35.6357901631593 0.0115798647101353 0.180292625443467 0.00116307768456155 0.983544164333405
1586247775.09535 45.7398795687811 -3.67123345630326 35.6879517648258 0.0111010058249774 0.16740815913445 0.000401068546573855 0.985825093547993
1586247775.19435 45.7552188309054 -3.6743124968589 35.7377498463715 0.0114360126005405 0.154229748991156 3.26650104496157e-05 0.987968825963108
1586247775.29335 45.7696767768823 -3.67811328007489 35.7895060980673 0.0120102488326014 0.141060256920764 -0.00104236981428882 0.989927609123817
1586247775.39235 45.7827772922715 -3.68196046410166 35.8416441762117 0.0131773447807572 0.127735827384519 -0.00189843584956391 0.991718867385433
1586247775.49135 45.7945055798732 -3.68592881769055 35.8942950408015 0.0139793033577033 0.114193944046993 -0.00292018895620061 0.993355824826676
1586247775.59035 45.8045356525023 -3.68999840063974 35.9470572917048 0.0143486699454679 0.100640824754408 -0.003489422206574 0.994813230710274
1586247775.68935 45.8135525474831 -3.69415453913577 36.0010301923278 0.0140038241344 0.0868480688104877 -0.00394574038048669 0.996115323136007
1586247775.78835 45.8209959311584 -3.69825533047343 36.0552047317338 0.0130502134596487 0.0731301390554105 -0.00430253543786267 0.997227738723307
1586247775.85435 45.8251874805668 -3.70099840253707 36.0916272072194 0.0127149064748814 0.0639342028468811 -0.0038069072016366 0.997865850862343
1586247775.92035 45.8292347757644 -3.70410281350019 36.1274025099227 0.0122991802342295 0.0545889736444077 -0.00344011588237933 0.998427233064449
1586247776.01935 45.8327998529916 -3.70770302386228 36.1830745257973 0.0124508217018746 0.0409069467559535 -0.0042251947989804 0.999076446762191
1586247776.08535 45.8345466777689 -3.71025906488989 36.2199436786094 0.0123532305526442 0.032143127628274 -0.00543631290086871 0.999392147028998
1586247776.18435 45.836046705121 -3.71412053037632 36.275839391999 0.0118626917744169 0.0196436285746996 -0.0073369673324391 0.999709744531205
1586247776.25035 45.8362868001032 -3.71668057359783 36.3134076098391 0.0111955269689303 0.0118526319744792 -0.00838589945122021 0.999831911863969
1586247776.31635 45.8359896628928 -3.71928134755029 36.3511410667736 0.0102304890192389 0.00433095933607888 -0.0093961964223914 0.999894140086064
1586247776.38235 45.8361374122874 -3.72255323205792 36.3887635563982 0.00954406670455679 -0.00282175510013085 -0.0111097096072334 0.999888755232969
1586247776.48135 45.8326938541938 -3.72557217832707 36.4457860717459 0.00938010911632733 -0.0126498086002273 -0.0130660714315103 0.999790614915288
1586247776.58035 45.8294806375888 -3.72925739332628 36.5027533165124 0.0100668041126715 -0.0216957692603859 -0.0142210230188235 0.999612782809151
1586247776.67935 45.8253682467129 -3.73298444658087 36.5601104454329 0.011235455566936 -0.0297265140869489 -0.0152547974239509 0.999378501897052
1586247776.74535 45.8222619012469 -3.73556568757537 36.5984428360945 0.0110257125197549 -0.0343337091462636 -0.0154289142210348 0.999230493272524
1586247776.84435 45.8170043955601 -3.7395764501834 36.655991885209 0.0127897615246623 -0.0400869414337328 -0.016315602528607 0.998981111053037
1586247776.94335 45.8112190451919 -3.74386074634073 36.713718190334 0.014530600614609 -0.0442206740823212 -0.0174992330161401 0.998762819929402
1586247777.04235 45.8060719924072 -3.74851968895161 36.7725532039925 0.0159433887559536 -0.0475134507585184 -0.0186196988668837 0.998569770805276
1586247777.14135 45.7985887122421 -3.75249988328284 36.8307502091056 0.0149110155274202 -0.0497294684602486 -0.0193821225176306 0.998463306741572
1586247777.24035 45.7919730650421 -3.75683175957616 36.8902541545217 0.0123972766500548 -0.0511889229452388 -0.0196676124698294 0.998418342539391
1586247777.33935 45.7852324181461 -3.76095323226715 36.9500384440586 0.0107803191992234 -0.0521278574908836 -0.0202653027028591 0.998376576597095
1586247777.43835 45.779768085997 -3.76559151412172 37.0110262219382 0.0105027804532951 -0.0530282162699793 -0.0200028069499127 0.998337411698119
1586247777.57035 45.7693507007845 -3.77004431258681 37.0903157568147 0.00991341270530748 -0.0543496246185935 -0.0188842789115169 0.998294158333276
1586247777.66935 45.7625009672999 -3.77410574270123 37.1509139123037 0.0101727099538463 -0.0554001073643143 -0.0172233796459819 0.998263842513485
1586247777.76835 45.7553795296251 -3.77820928977316 37.2118035710607 0.0115120893261213 -0.0563992882596762 -0.0165236380492043 0.998205170027068
1586247777.86735 45.7481860223715 -3.78240764466282 37.2729005813177 0.0133198658588376 -0.0574912271978606 -0.0155831975390667 0.998135513807241
1586247777.93335 45.7431127201832 -3.78533779306302 37.3140427083929 0.012088281753095 -0.0581855408782999 -0.016000838850959 0.998104347968199
1586247778.03235 45.7352915542947 -3.7897234564052 37.3756717076024 0.0101990262209798 -0.0591939783051828 -0.0169245907828709 0.998050906028035
1586247778.09835 45.729886164439 -3.7925749347932 37.4168765701091 0.00985290843747851 -0.0599315812550959 -0.017554716830096 0.997999477795756
1586247778.16435 45.7249766587293 -3.79589106563027 37.4580780252524 0.010770274205704 -0.0606083097384195 -0.0185242359756954 0.997931604202263
1586247778.23035 45.7189185870194 -3.79813413387098 37.4989765804243 0.012252939453576 -0.0614443976805037 -0.0189903632183531 0.997854607431996
1586247778.29635 45.7133880235205 -3.80091042915002 37.5403572986852 0.012708523483013 -0.0622162999459389 -0.0193295362343433 0.997794565269266
1586247778.36235 45.7078004984157 -3.80377793588769 37.5821904125196 0.0121493155168502 -0.0629735941784559 -0.0196463921851949 0.997747833795105
1586247778.42835 45.7020973400302 -3.8067426552937 37.6241483846634 0.010271633403061 -0.0635796585288775 -0.0198018668481416 0.997727421011327
1586247778.49435 45.6964119295254 -3.80962150418061 37.6662821262024 0.00899959557464543 -0.0643380631943557 -0.0196222695758493 0.997694636369558
1586247778.56035 45.690781282083 -3.81243734404414 37.7082649779219 0.00820326535507207 -0.0651375291920104 -0.0196745580873833 0.997648595695068
1586247778.62636 45.685071690196 -3.81505877067921 37.7503016423303 0.00764444287394583 -0.0658964724051578 -0.0192860074168132 0.997610779480466
1586247778.69236 45.6792085795481 -3.81766943906269 37.7923140447422 0.00788177003339277 -0.0665490141781157 -0.0191094049828815 0.997569013679887
1586247778.75836 45.6743781174698 -3.82071859941407 37.8356057613768 0.00818682662185879 -0.0670435541225879 -0.0198797577174513 0.997518387275929
1586247778.85736 45.6640356030654 -3.82405862232939 37.8977180430763 0.00856931290551736 -0.0673650451506748 -0.0205933137384529 0.997479038876228
1586247778.95636 45.6547529042682 -3.82791789616848 37.9612668095014 0.00871745149854938 -0.0671970862643208 -0.0219543107877681 0.997460057282892
1586247779.05536 45.6456083237779 -3.83192644447932 38.0251323140873 0.00856658699048119 -0.0665631603844888 -0.0224427589419907 0.997492998390482
1586247779.15436 45.6387386133721 -3.83632872553269 38.092463029522 0.00855931077519419 -0.0658055794078949 -0.0224074051117449 0.997544120384659
1586247779.25336 45.6277268098121 -3.84006952741313 38.153510912049 0.00769255079179938 -0.0653302079036961 -0.0220607628465091 0.997590151986378
1586247779.35236 45.6188925996315 -3.84404351152642 38.2181934256619 0.00660647976933661 -0.0646804474947166 -0.0219387199550134 0.99764296554613
1586247779.45136 45.6101767682504 -3.84798874756389 38.2827995498601 0.0062105961791768 -0.0639723698619478 -0.021724944952736 0.997695841003733
1586247779.55036 45.6014386338062 -3.85177884358406 38.3475907682947 0.00652471100673076 -0.0633456148358684 -0.0221405880833747 0.997724689273883
1586247779.64936 45.5927830824275 -3.85565660502397 38.4122910228956 0.00720206304883932 -0.0626434511492419 -0.0224825505648929 0.997756715455251
1586247779.71536 45.5870409122907 -3.85829142524431 38.4554223153936 0.00739693900126583 -0.0621297808681297 -0.0228582878324217 0.997778870441773
1586247779.78136 45.5813943526357 -3.86092292677137 38.4985152385359 0.00724371449118802 -0.0615346978344727 -0.0232017613579387 0.997808943552161
1586247779.84736 45.5758308047459 -3.86354220333664 38.5416360083627 0.00642013395234186 -0.0608090933025524 -0.0231957357153736 0.997859205447531
1586247779.91336 45.5702455412049 -3.86620908395007 38.5847204204368 0.00541938548940262 -0.0600016109351441 -0.0232946278282998 0.997911718169722
1586247779.97936 45.5648524640262 -3.86882358852816 38.627767969844 0.00462300262316843 -0.0591657670701455 -0.0234784279744593 0.997961323535935
1586247780.04536 45.5595958336619 -3.87139635884597 38.6706306380745 0.00432906925203424 -0.0583516887041955 -0.0232922360870292 0.998014935420731
1586247780.11136 45.5543596439972 -3.87392071430367 38.7134711712237 0.00446954640341592 -0.057547938949529 -0.0229479944775017 0.998068959254354
1586247780.17736 45.5492295158296 -3.87640302457652 38.7560773905771 0.0048828262068975 -0.0567500593030427 -0.022917244437417 0.998113414740394
1586247780.24336 45.5466500029427 -3.87922381934617 38.8008619888294 0.0052933543610244 -0.056173469184408 -0.0224495628500557 0.99815456663146
1586247780.34236 45.5368246706425 -3.88276208952412 38.8621906634366 0.00501853708972436 -0.0549434047449124 -0.0221922209433699 0.998230204857635
1586247780.40836 45.5319851157169 -3.88531504427585 38.9045073243637 0.00440139898508985 -0.0543199886600952 -0.0220979227265492 0.998269326549761
1586247780.47436 45.527199736682 -3.88786008242917 38.9467849245771 0.00342940594508104 -0.0538002384979553 -0.0218923074740968 0.998305815061641
1586247780.54036 45.5245008791186 -3.89050506506782 38.9921516619464 0.00267077803723905 -0.0537086802344355 -0.0217858873717375 0.998315390907892
1586247780.60636 45.5176441820915 -3.89285803594212 39.0305057577714 0.00256933422457305 -0.0534067526443325 -0.0217610445708733 0.998332396665967
1586247780.70536 45.5105261141545 -3.89640220797789 39.0928504726133 0.00261509260017711 -0.0534741603999263 -0.0212614626083421 0.998339434094421
1586247780.80436 45.5033721925579 -3.89997023174725 39.1546123631387 0.00239848643920606 -0.0536405274683857 -0.0215918032269649 0.998323963004556
1586247780.90336 45.4964616936179 -3.90345591926341 39.2161676323821 0.00193743639839424 -0.0538340381960674 -0.020886693226981 0.998329549155863
1586247781.00236 45.4897364002733 -3.90699115421464 39.2773920468953 0.00297716356379849 -0.0541575548655524 -0.0192552692560528 0.998342291177718
1586247781.10136 45.4826505799825 -3.91044190225673 39.3382504997785 0.00202846746779127 -0.0542672780960235 -0.0206710001240456 0.998310401429161
1586247781.20036 45.4760587320297 -3.91408701817739 39.3987350501278 0.00319954087429137 -0.0546554664853253 -0.0186515911423122 0.998325929278272
1586247781.29936 45.4712666039431 -3.91831423600753 39.45813424064 0.00345456192047095 -0.0551491902357478 -0.0194456854967585 0.998282774635444
1586247781.39836 45.462163221779 -3.92124064528813 39.5180905911809 0.00498226409576267 -0.0556340661318182 -0.0185836174408661 0.998265834781964
1586247781.49736 45.4550524971546 -3.92478705437994 39.5774120615512 0.00433477588045378 -0.0564267493461657 -0.019455108265792 0.998207759155707
1586247781.56336 45.4504299502728 -3.92735495801959 39.6171760481959 0.00384828124258732 -0.0568267317417142 -0.0197014629526516 0.998182230681632
1586247781.62936 45.4459604617259 -3.92990933577575 39.6568387591628 0.00288171106832871 -0.0574591176161898 -0.0194806064376002 0.998153621201121
1586247781.69536 45.4416132671712 -3.93211980633925 39.69650573632 0.00236931213256615 -0.0582134105541538 -0.0195695968372867 0.998109521080376
1586247781.76136 45.4370564029247 -3.93416179417048 39.7357473752968 0.00207296655123928 -0.0590206974933378 -0.0196692365157844 0.998060810377786
1586247781.82736 45.4324841906526 -3.93620940135516 39.7742460788155 0.00176289944717046 -0.0600662729127078 -0.0194997946741289 0.998002351225478
1586247781.89336 45.4274098963504 -3.93845915519241 39.8122329684113 0.00149197526142187 -0.061259824571618 -0.0194875590750659 0.997930480015802
1586247781.99236 45.4198944248613 -3.94159676689781 39.8687428629947 0.00139601473130705 -0.0632002430179669 -0.0193765934235204 0.997811769850727
1586247782.05836 45.4147468125245 -3.943684258165 39.905772455048 0.00135808446344893 -0.0646414784395936 -0.0193163436248154 0.997720659173048
1586247782.15736 45.4076299270665 -3.94737234268135 39.958272141651 0.00121436866763794 -0.0668773609364773 -0.0192324687466287 0.997575087925125
1586247782.25636 45.3988454924475 -3.94989442334324 40.0151634853245 0.000843724397539258 -0.0699843560176248 -0.0182989453171333 0.997379880808822
1586247782.32236 45.3933803826823 -3.95194978013484 40.0509941521079 0.00083876273177657 -0.0724416329496021 -0.017969733262276 0.997210406573837
1586247782.38836 45.387738040606 -3.95391444356 40.0866856752877 0.000361387305837043 -0.0751015395047676 -0.0175308651399851 0.99702171336971
1586247782.48736 45.3788205685472 -3.95680739928133 40.1392378792381 -0.000562530012608783 -0.0795244537421485 -0.0186535752954656 0.996658210694968
1586247782.58636 45.3694747383372 -3.95984875852888 40.1910614057455 0.000276279769365217 -0.0845532949199569 -0.0192080889201343 0.996233764388511
1586247782.68536 45.3598225411685 -3.96256249089919 40.2420413015614 0.00226466740261228 -0.0899373735632483 -0.0191075239641902 0.995761539047406
1586247782.78436 45.3502564959179 -3.96598575836925 40.2898150313122 0.00326696005058625 -0.0951737301064553 -0.0204576102949884 0.995245082505144
1586247782.88337 45.3387473696314 -3.96849028752035 40.341912451075 0.00224247960919594 -0.100667180621861 -0.0200085497567928 0.99471641585302
1586247782.98237 45.3276926333904 -3.9714742719908 40.3907582891208 0.00127423063393456 -0.107069033868165 -0.0190021533303746 0.994069170878787
1586247783.08137 45.3161664826889 -3.97427674895569 40.4387597175454 0.0016343697438774 -0.11476447798182 -0.017951982526666 0.993229162757751
1586247783.14737 45.3081217356792 -3.97614195691929 40.4701857222214 0.00182764922165884 -0.120502651175655 -0.0171378909287351 0.992563380068233
1586247783.24637 45.2952254950197 -3.97882398077065 40.5166713638164 0.00213647979543015 -0.129959011898114 -0.016570878581577 0.991378583924216
1586247783.34537 45.2812941863019 -3.98154448268472 40.5623994799527 0.00156820374888876 -0.140469281506262 -0.0166145654199965 0.989944381218471
1586247783.44437 45.2669123848692 -3.98436582183486 40.6055940359385 0.00057739250570985 -0.151836200480554 -0.0175466296146123 0.988249741022324
1586247783.54337 45.250562168178 -3.98668432247767 40.650978301815 -0.000154565423820544 -0.164073066127369 -0.017888517566211 0.986285965640988
1586247783.64237 45.233812646054 -3.98890880919467 40.6938657103914 -0.000321397519815143 -0.17736475458131 -0.0183832848809065 0.983973422086661
1586247783.74137 45.216007957913 -3.99095167615964 40.7362083335573 -5.23716021628292e-06 -0.191463266476476 -0.0177902432699 0.981338537308674
1586247783.84037 45.196849397569 -3.99314207483108 40.7769201061834 0.00108715313485328 -0.206509759088507 -0.0181239459298895 0.978276065373777
1586247783.97237 45.1695264188741 -3.99571641098409 40.8307008893042 -0.00070360506870767 -0.227553855409118 -0.0182766189315888 0.973593710450506
1586247784.07137 45.1473698862151 -3.99764864448645 40.8699543412563 -0.00217904811165792 -0.244043446801179 -0.0180712568579836 0.969593459908997
1586247784.17037 45.1238056364737 -3.99958787222153 40.9085497171076 -0.00419976575676266 -0.261117546257586 -0.018221983418406 0.96512587175161
1586247784.26937 45.0989870044285 -4.0010311235179 40.9456753592958 -0.00351379659049501 -0.278935496280999 -0.0189900217385064 0.960115629089728
1586247784.36837 45.0727787494118 -4.00224846230038 40.9811987582319 -0.00237121009394774 -0.29704855525333 -0.0188061926300594 0.954674216842249
1586247784.50037 45.0363084852973 -4.00433055103531 41.027959979626 -0.00121771665654839 -0.320567395088802 -0.0188938932153307 0.947036474044845
1586247784.63237 44.9972995103138 -4.00618044755632 41.0723405267253 -0.00169712227056395 -0.343771458578109 -0.0199579906127004 0.938839700190497
1586247784.73137 44.966434703548 -4.00748292278129 41.104370161388 -0.00278874903150927 -0.360929776320953 -0.0216661672804741 0.932337115339254
1586247784.83037 44.9341245783061 -4.00882472878143 41.1353745515829 -0.00377928967159541 -0.37829892776918 -0.0233760046429822 0.925380570697915
1586247784.92937 44.9009537744607 -4.00986981944982 41.1650894085525 -0.00462363304533432 -0.395934890172958 -0.0240318908823323 0.917952424138533
1586247785.02837 44.8666542430675 -4.01065931766952 41.1935261460616 -0.00465774912758915 -0.413837397644658 -0.0247328439859693 0.91000285719998
1586247785.12737 44.8310941449281 -4.01123857989062 41.220575452358 -0.00517501681324181 -0.43163595624075 -0.0257026031497764 0.901666788050021
1586247785.22637 44.794218463803 -4.01174051518074 41.2468389650185 -0.0060039208000228 -0.449352419824372 -0.027044975033563 0.892924926888281
1586247785.32537 44.7565548747348 -4.01232446546128 41.2707357973524 -0.00660991346976878 -0.466892891316228 -0.0286869955669759 0.883823734331476
1586247785.42437 44.7176995182975 -4.01266301626083 41.2936524495531 -0.00734099133085906 -0.484364478497669 -0.0302355493399473 0.87431285783298
1586247785.52337 44.6780893678369 -4.01276604690981 41.3149055405318 -0.00765732653605253 -0.501776857954671 -0.0310642000843011 0.864405209172516
1586247785.62237 44.6375298923685 -4.01269157914724 41.3347833762714 -0.00832459913065434 -0.518957151416557 -0.0314862246724738 0.854179602717603
1586247785.72137 44.5960773915373 -4.0125587432964 41.3531225218685 -0.00883772153513198 -0.535670651739259 -0.0324360798974948 0.843757517456401
1586247785.82037 44.553503864156 -4.0122980607014 41.3698757161161 -0.00951300149738602 -0.551463372708022 -0.0337450822510813 0.833462009204901
1586247785.91937 44.5103889051239 -4.01193903835577 41.3850710706006 -0.00959701042396258 -0.566652113276057 -0.0349871157817959 0.823158053863274
1586247786.01837 44.4662103873501 -4.01136274787473 41.3989974034621 -0.0098596202487173 -0.581427764286093 -0.0362579203375834 0.812729909637033
1586247786.11737 44.4207209710567 -4.0105793009123 41.4117749336312 -0.00970762852486663 -0.595896609911137 -0.0377273491001204 0.802115726921443
1586247786.21637 44.3758262569768 -4.00977372482311 41.4223443194581 -0.0102081949080572 -0.609634907320577 -0.0391426506553472 0.791649496578268
1586247786.31537 44.3294123974401 -4.00881880099879 41.431852177064 -0.0100902559318892 -0.623069353796549 -0.040262032607815 0.781064488902848
1586247786.41437 44.2820482209209 -4.00773192562862 41.4398751426218 -0.00912613130234543 -0.636013336311705 -0.0413028232995828 0.770517895021647
1586247786.51337 44.233952413494 -4.00650392843135 41.4465976964801 -0.00826923557617053 -0.648358465560358 -0.042627316840208 0.760095935877971
1586247786.61237 44.1852741579139 -4.00517772139777 41.4515635818011 -0.0074837630899808 -0.660058620856928 -0.0442203829650709 0.749874101468297
1586247786.71137 44.1358209709402 -4.00376052683768 41.4554290435262 -0.00734222617879122 -0.671042068177219 -0.0455139014945296 0.739984539853317
1586247786.81037 44.0859739259881 -4.00238864843606 41.4580161190374 -0.00674161424252828 -0.681376283028404 -0.0465895930412458 0.730417908723528
1586247786.90937 44.0353898187981 -4.00081308694101 41.4592924503823 -0.00656310052379908 -0.690894607605708 -0.0475043160352976 0.721363228097252
1586247787.00837 43.9844901351556 -3.99919175350319 41.4594656879911 -0.00616983842812981 -0.699610548877929 -0.0480320376599425 0.712881432182609
1586247787.10738 43.9326822201598 -3.99760997129654 41.4586686559612 -0.00553985925863364 -0.707626980688211 -0.0491633081823903 0.704851995308267
1586247787.20638 43.8814267402519 -3.99576583013389 41.4564556667551 -0.00476439541200679 -0.71465570929677 -0.049539587704465 0.697703624009479
1586247787.30538 43.8291902271008 -3.99396612490978 41.4535173966013 -0.00434424560556556 -0.721063640508205 -0.0503446551068148 0.691023711293143
1586247787.40438 43.7765115901103 -3.99214459861737 41.4497118796717 -0.00351080570515982 -0.726613791182507 -0.0512301844819931 0.685124471103335
1586247787.50338 43.7236975449975 -3.99033990062571 41.4449357699185 -0.00241094392913564 -0.731280409924325 -0.0518015039351328 0.680102752236998
1586247787.60238 43.6701327933456 -3.988411077306 41.4399251206325 -0.00181499581298066 -0.73535732363932 -0.0517033286166375 0.675701915174269
1586247787.70138 43.6161965842525 -3.98641697593419 41.4342985429194 -0.00158196438057714 -0.738765455599087 -0.0520244343508446 0.671949817495805
1586247787.76738 43.5800245862844 -3.98514569670423 41.4302454137704 -0.0018987131921038 -0.740679205993794 -0.0527000867524177 0.669786092385401
1586247787.83338 43.5435843228624 -3.98385681410916 41.4260006198089 -0.00223131850011694 -0.742447904956294 -0.053063035985443 0.667795211015899
1586247787.89938 43.5070711941129 -3.98255914764884 41.4218523727269 -0.00262523357474164 -0.744118857297404 -0.0534330375401045 0.665901753160571
1586247787.99838 43.4519524678846 -3.98046683377598 41.4147913133054 -0.00258071595317818 -0.746359577962534 -0.0534147477601427 0.663390974471674
1586247788.09738 43.3965810724012 -3.97835638173774 41.4075711537141 -0.00178282319668856 -0.748273849615114 -0.053335082130768 0.661240074812266
1586247788.19638 43.3397615104123 -3.97602473255475 41.3997052099683 -0.00104113353957758 -0.749812877633942 -0.0532363348208978 0.659503947850275
1586247788.29538 43.2845877513876 -3.97400289878523 41.3919918196065 -0.000204467539008437 -0.750928053864683 -0.0537575237239645 0.658192331127531
1586247788.36138 43.2467904012062 -3.97258051110134 41.3865720409327 -6.74283643913904e-05 -0.751473009823592 -0.0543294361789682 0.657523097179531
1586247788.42738 43.2087069322664 -3.9711995937497 41.3811073771824 -0.000155231346225877 -0.751802944863484 -0.0547707610782143 0.657109177936769
1586247788.52638 43.151151407695 -3.96901103951415 41.3728332069818 -0.000166961568752481 -0.752051660576762 -0.0557783750679023 0.656739708577419
1586247788.62538 43.0931952505016 -3.96674134733995 41.364524123236 0.000551043541610752 -0.751760676490085 -0.0564181278333776 0.657017942286176
1586247788.69138 43.054371927803 -3.96524402317153 41.3590914365803 0.00104279964959747 -0.751262720222571 -0.0565906138133547 0.657571851740099
1586247788.75738 43.0153974791546 -3.96378364666952 41.3537851573308 0.00138233134471507 -0.750748650766283 -0.0563175688831782 0.658181497740363
1586247788.82338 42.9767541063748 -3.96219353028085 41.3483894054546 0.00146249960290278 -0.750173494182023 -0.0558045505990086 0.65888044579733
1586247788.92238 42.9171220432845 -3.96010675253973 41.3410033285249 0.000681010287460168 -0.749490288591058 -0.0552006700294647 0.659709579709874
1586247789.02138 42.8574589557308 -3.95790202150388 41.3333813589315 -0.000565676924414529 -0.749052841750548 -0.0554254009041735 0.660187507614055
1586247789.12038 42.7972375263786 -3.95567611312398 41.325892203721 -0.00212783142766655 -0.748609565334091 -0.0548561501963907 0.66073443516238
1586247789.21938 42.7365775203229 -3.95341388055078 41.3180858061035 -0.00133556883104168 -0.748355202682998 -0.0552176865300954 0.660994488605957
1586247789.31838 42.6757888938459 -3.95099121394804 41.3107120563397 -0.00280714050273089 -0.748066102735254 -0.0530868399091048 0.661491506619058
1586247789.41738 42.6148637526524 -3.94882325230401 41.3028204050673 -0.00176586241160591 -0.747918641251599 -0.0535553471691596 0.661624071953172
1586247789.51638 42.5545270633278 -3.94675776248976 41.2941687863523 -0.00143778446080253 -0.747706496077751 -0.0536131333819168 0.66185992508079
1586247789.61538 42.4922492880719 -3.94452061356078 41.2870635482075 -0.00075533577414815 -0.747752468968798 -0.0537763367950243 0.661795875039912
1586247789.71438 42.4303666556483 -3.9422977419819 41.2790882099913 -0.00076682796630943 -0.74749122472071 -0.055179400678365 0.661975463806008
1586247789.81338 42.3684113046444 -3.94007568411071 41.2711290283676 -0.000816774619604464 -0.74721875867459 -0.0562633563820819 0.662191735294732
1586247789.91238 42.3063579568739 -3.93771509540159 41.2632652254288 -0.000594427486346167 -0.747078607013076 -0.0563784830523827 0.662340296409691
1586247790.01138 42.2441507709928 -3.93535584887523 41.2554274516582 -0.000331885864734491 -0.74703128698771 -0.0557294474322914 0.662448771454934
1586247790.11038 42.1817207841082 -3.93298658286752 41.2477477930145 -0.000498744294205717 -0.746961095487346 -0.0553251524436615 0.662561695685434
1586247790.20938 42.1192637374962 -3.93065157519904 41.2395448888783 -0.000865496923337026 -0.7468734718554 -0.0554687208013362 0.662648088329244
1586247790.27538 42.076593895305 -3.92920694227137 41.2345525245403 -0.000671111199798246 -0.746673674168553 -0.0561337877335679 0.662817449821649
1586247790.34138 42.0344562683047 -3.92766228261003 41.2293439985975 -0.000667332695696389 -0.746569454533819 -0.0562811920241821 0.662922342094823
1586247790.44038 41.9712284588671 -3.92529704189302 41.2214499711085 -0.000104676766343395 -0.746477681909759 -0.0559689980943353 0.663052434356231
1586247790.53938 41.9077086077647 -3.9229916231491 41.2135853178352 0.000578715342777257 -0.746420330548511 -0.0551900661295226 0.66318203521584
1586247790.60538 41.8651033409121 -3.92147460575021 41.2084136121399 -1.42886736787395e-05 -0.74645949678535 -0.0547792407120743 0.663172265887081
1586247790.67138 41.8216744846375 -3.91992466203432 41.2028668559403 -0.00035041876613059 -0.746607599987682 -0.0543943594035134 0.663037120010942
1586247790.73738 41.7795536360674 -3.91848442434262 41.1977932357161 -0.000821061457202497 -0.746843422610611 -0.0554724217237035 0.662681702168892
1586247790.80338 41.7365736767729 -3.91695366097969 41.1924548730388 -0.00162692014312901 -0.747054288728731 -0.0556521406683689 0.662427416447935
1586247790.90238 41.6720976869365 -3.91456605040251 41.1844050095316 -0.00182137955324314 -0.747499743973407 -0.0550869770049901 0.661971479975283
1586247790.96838 41.6289957930545 -3.91296112285287 41.1787911208967 -0.00164117705757395 -0.747664261982493 -0.0557192797639175 0.661733193783287
1586247791.03438 41.5847053126364 -3.9109118000665 41.1731378042837 -0.00155548084178908 -0.7478916385246 -0.0556465844805527 0.661482528219747
1586247791.10038 41.5424201118373 -3.90965221883563 41.1675118185515 -0.00145311909157888 -0.748202258290711 -0.0561555750092856 0.661088360606177
1586247791.16638 41.4990443557702 -3.90803081557542 41.1617595965125 -0.00145388085714385 -0.748446194010753 -0.0564778448708095 0.660784710734154
1586247791.23238 41.4556561400701 -3.90636644311243 41.1560541658639 -0.00133743614267899 -0.748754022400024 -0.0562350982558959 0.660456841079338
1586247791.29838 41.4123094291497 -3.90472542558832 41.1502541119045 -0.00112394043375201 -0.749046223282564 -0.0559797527059875 0.660147528535103
1586247791.36439 41.3689165835052 -3.9030877263602 41.1444676542944 -0.00108596691917497 -0.749321011092223 -0.0557606975000535 0.659854216949386
1586247791.43039 41.3255057666122 -3.90152279589892 41.1386222718301 -0.000977106426876962 -0.749493912211974 -0.0555181177318289 0.659678451538122
1586247791.49639 41.281975747956 -3.89995119672641 41.1328687674585 -0.00120177840465482 -0.749734329680275 -0.0553658538739849 0.659417631590436
1586247791.56239 41.2383525951231 -3.89833182435475 41.1269181949897 -0.00157968718629161 -0.749907586279106 -0.0560573418503386 0.659161354339067
1586247791.62839 41.1947307339796 -3.89674542659996 41.1209718277094 -0.00194765267732706 -0.750152473282488 -0.0565554530628684 0.65883909583909
1586247791.69439 41.151251819554 -3.89515156808026 41.1150562873623 -0.00220714163011603 -0.750414686253568 -0.0563794546919683 0.658554693453338
1586247791.76039 41.107791160258 -3.89350232692702 41.1091873151703 -0.00249121926454187 -0.750658171290123 -0.0562272159845163 0.65828914914692
1586247791.82639 41.0623300820116 -3.89108183035688 41.103187355715 -0.00236906902468296 -0.750893613417808 -0.0561491162402474 0.658027693631312
1586247791.89239 41.0211220043882 -3.89011163220563 41.0972803499063 -0.00215219435188665 -0.751046432515344 -0.0558560616449861 0.657878958960506
1586247791.95839 40.9775716796217 -3.88837477796564 41.091183021863 -0.00210226253621967 -0.751147703640727 -0.056002510018707 0.657751037003437
1586247792.02439 40.9340342831094 -3.88673112388995 41.0851324175416 -0.0018617479693815 -0.751236336001474 -0.0561602064226883 0.657637082728871
1586247792.09039 40.8905195202226 -3.88509865284098 41.0789868918704 -0.00120820635644532 -0.751233004292038 -0.0561003395700947 0.657647523678056
1586247792.15639 40.8470123511465 -3.88351542800434 41.0728791837792 -0.000796676297528237 -0.75119867883866 -0.0559582871116212 0.657699460484394
1586247792.22239 40.8033759030779 -3.88184755882448 41.0668033126769 -0.000484404559966206 -0.751146290987892 -0.0556649708902797 0.657784482868926
1586247792.28839 40.7597132626265 -3.88028847058433 41.06073540244 -0.000196571817902506 -0.751133033147736 -0.0555619101682083 0.657808484296351
1586247792.35439 40.7159048466797 -3.87871042060575 41.0545939551306 -0.000188764953529729 -0.751005543375257 -0.0563224359594881 0.657889368659364
1586247792.42039 40.6719689550609 -3.87702278291094 41.0484602499079 -0.000798532746876809 -0.750878429584032 -0.0578302186543926 0.657903193594054
1586247792.48639 40.6278376383192 -3.87532639337598 41.0424355016023 -0.00127427470463016 -0.75083631372687 -0.0583184966213258 0.657907409264291
1586247792.55239 40.583757949507 -3.87363391991132 41.0363089760236 -0.00106455431143794 -0.750719905821611 -0.0580507307950338 0.658064284383731
1586247792.61839 40.5382872935954 -3.87167519751513 41.0299511781485 -0.000519663926818694 -0.750462710441007 -0.0577305332263419 0.658386387860762
1586247792.68439 40.4951528679136 -3.8699742947169 41.0241006330978 0.000619659227172109 -0.750463330732839 -0.0566312971464913 0.658481056243323
1586247792.75039 40.4503106262423 -3.86799775978777 41.0177320238576 0.00113375778897573 -0.750289642961093 -0.0582113973240543 0.658540507091381
1586247792.81639 40.4042672665705 -3.86596959278784 41.0116057339059 0.000601693635879337 -0.749925645729216 -0.0610875002769918 0.658695287027542
1586247792.88239 40.3603337337732 -3.86428213745778 41.005441014771 -0.00119667595451703 -0.749859648298372 -0.0616592005759221 0.658716341686495
1586247792.94839 40.3156238051466 -3.86248399249233 40.9994899997852 0.000291548170698324 -0.749821987869408 -0.0576897009492233 0.659119715917847
1586247793.01439 40.2708587014849 -3.86053534866782 40.9935025436238 0.00161293490591356 -0.749600301018055 -0.055927474317352 0.659521724260174
1586247793.08039 40.2258810408785 -3.85874325426117 40.9872222502383 0.00537533239496853 -0.749339704231807 -0.0535323638529129 0.659996514751215
1586247793.14639 40.1804887315778 -3.85726836902604 40.9811702049208 0.00644845460463671 -0.749318291769378 -0.0519114425600629 0.660140679843597
1586247793.21239 40.1346244713482 -3.85600239727351 40.9751140649595 0.00474318468280348 -0.749308403551605 -0.0537462088090956 0.66001951759373
1586247793.27839 40.0879220171879 -3.85473594179218 40.9692013890729 0.00367320844371779 -0.749419854352638 -0.0538016193115 0.659895275934947
1586247793.34439 40.0419282541013 -3.85347060952553 40.9631366106493 0.00114126230112185 -0.749292596343671 -0.0551046515459307 0.659941497379065
1586247793.41039 39.9954592419213 -3.8518879938146 40.9570404602342 0.000165664490050224 -0.749120160923765 -0.0557142716499175 0.66008702228369
1586247793.47639 39.9488511366803 -3.85016203762952 40.9508872642431 0.000291464877674148 -0.748963865203358 -0.0555596267446562 0.660277344412078
1586247793.54239 39.9023130884758 -3.84831604854729 40.9446792626207 0.000321054597243834 -0.748832570217513 -0.0559733793256886 0.660391292728971
1586247793.60839 39.8554534650689 -3.84639476930714 40.9385253101685 0.000738083186731177 -0.74877982172889 -0.0559791110276239 0.660450280440109
1586247793.67439 39.8085109221921 -3.84458178271196 40.9323211806587 0.00117972462081169 -0.748725646211599 -0.0556108474898596 0.66054216261818
1586247793.74039 39.7615094004709 -3.84280301684334 40.9261865701701 0.000540838406873197 -0.748630508339086 -0.0562257360973471 0.660598770872374
1586247793.80639 39.7143080267311 -3.84115840854912 40.9200880258836 0.000270378335220876 -0.748653567949256 -0.0562275805516678 0.66057264648009
1586247793.87239 39.6668621400423 -3.83946332348756 40.9139477509179 -0.000332235596124152 -0.748663106079383 -0.056568244287457 0.660532722091278
1586247793.93839 39.6201449758365 -3.83774521322761 40.907934552708 -0.000557813343082376 -0.748700331938386 -0.0566810257846862 0.660480706088846
1586247794.00439 39.5722466541568 -3.83602818910721 40.9016591892269 -0.000136546804443284 -0.748801308070922 -0.0565304273302689 0.660379355501142
1586247794.07039 39.5250927216489 -3.83423071755741 40.8954652257893 -0.000438138677526566 -0.74880187535843 -0.0568535387296342 0.660350842074208
1586247794.13639 39.4779160495438 -3.83238492997257 40.889224371227 -0.000324878677743079 -0.748896115236873 -0.0569206320771542 0.660238248423175
1586247794.20239 39.430611261733 -3.83039684311768 40.8829160851264 -0.000320860891133352 -0.749042862190265 -0.0567625828944952 0.660085370867473
1586247794.26839 39.3834830166825 -3.82861812169185 40.8766140659083 -0.000241214149417401 -0.749232382150559 -0.0567024488191471 0.65987545161996
1586247794.33439 39.3363221641925 -3.82678532422617 40.8704088147322 0.000400018763791591 -0.749543445260428 -0.0562242190466539 0.659562962001893
1586247794.40039 39.2888661683147 -3.82493817396004 40.8641076434229 0.000854226065590108 -0.749852733180144 -0.0562275826590148 0.659210594414578
1586247794.46639 39.2396149474013 -3.82339433798435 40.8581919047768 0.00131446222015088 -0.75027786106985 -0.0560848757636047 0.658738104323793
1586247794.59839 39.1464554188845 -3.81994846861219 40.8448060992301 0.00161246876788421 -0.750656598419988 -0.056187075817228 0.658297108989637
1586247794.69739 39.0751811853069 -3.81761473026862 40.8349164646642 0.0017369897855659 -0.75098416500094 -0.0566464305848776 0.657883689329899
1586247794.79639 39.0034371292483 -3.81501586587052 40.8248181132825 0.00179329671767058 -0.751313833816249 -0.0579457031312101 0.657393795750951
1586247794.92839 38.9069443436642 -3.81149930682572 40.8114731414862 0.00083567744375798 -0.751837473477778 -0.0583547728911686 0.656760561847757
1586247795.06039 38.8117030973684 -3.80778386038153 40.7979195984402 0.00123630559990793 -0.752338063690333 -0.0580399662271432 0.656214348968
1586247795.15939 38.7392103138336 -3.80493731241807 40.787642308725 0.000997380357663626 -0.752801397842973 -0.0576123878601417 0.655720880713082
1586247795.25839 38.6671392762538 -3.80227140750357 40.7775289129719 0.000581909127551652 -0.753248777042459 -0.0569527300107152 0.655265082092838
1586247795.32439 38.6188076593812 -3.80043017969844 40.7706284117336 -0.000205814839613447 -0.75344700443162 -0.0572366230477562 0.655012624409148
1586247795.39039 38.5699824371453 -3.79849200880435 40.7636733519381 -0.000135815240851742 -0.753769566455426 -0.0568961111969259 0.654671104273349
1586247795.45639 38.5217637020239 -3.79669204868387 40.7565113393704 -3.31370219771892e-05 -0.754007875065059 -0.0563007522916661 0.654448125165933
1586247795.52239 38.4733517939069 -3.79488303687645 40.7495506498995 -6.16225257876484e-05 -0.75434909005962 -0.055832432354179 0.654094936554552
1586247795.5884 38.4247126392477 -3.79301843657213 40.7425760137006 0.000580731219033991 -0.754688426590034 -0.0549005348939151 0.653782052973827
1586247795.6544 38.3762216159902 -3.79123950869254 40.7353203552352 0.000702321415359716 -0.754898407516159 -0.0546960749378871 0.653556608459119
1586247795.7204 38.327493957851 -3.78952494240626 40.7280565503096 0.000652876145659336 -0.75509057877303 -0.0547094031201564 0.653333508103775
1586247795.7864 38.278853738483 -3.78757518793692 40.7206403235085 0.000299385650763391 -0.755184476534054 -0.0551255406714022 0.653190241457957
1586247795.8524 38.230176116641 -3.78612397548851 40.7135436875393 -0.000117574385448701 -0.755409088007997 -0.0557263358123098 0.652879522904589
1586247795.9184 38.1814921507312 -3.78433426738625 40.7060560144542 -0.000284954216418826 -0.755519516916356 -0.0559113194748827 0.652735859834703
1586247795.9844 38.1328081520718 -3.78265661908265 40.6987615083792 -0.000249893426155585 -0.755720667094767 -0.055436922765605 0.652543453321997
1586247796.0504 38.0841575163745 -3.7808714312725 40.6912859434641 0.000108596650879825 -0.755862210704537 -0.0548114401524183 0.652432381679539
1586247796.1164 38.0357880164082 -3.77910963608863 40.6838455019861 0.000656420267547653 -0.755929066150345 -0.0542404230545471 0.652402324159229
1586247796.1824 37.9868783843563 -3.77744815781115 40.6763717520762 0.00114445531104546 -0.755896219217773 -0.0539523312473028 0.652463594346305
1586247796.2484 37.938218123593 -3.77580606166936 40.6688222451919 0.00172920389684051 -0.755806311159658 -0.0538109052556162 0.652578130449286
1586247796.3144 37.8884557931035 -3.77379137257048 40.6616481878797 0.00178197524947299 -0.75569198910758 -0.0541957557921697 0.652678528999504
1586247796.3804 37.8405370104662 -3.77279187655801 40.6538640964657 0.00158252331762584 -0.755579694831561 -0.0546738567360785 0.652769170356411
1586247796.4464 37.7915617750211 -3.77127510657925 40.6464944902335 0.00142659162428405 -0.755501411230203 -0.0545739997973728 0.652868486765616
1586247796.5124 37.7426171795404 -3.76969606374108 40.6390795663268 0.00154268175213942 -0.755389073251234 -0.054257850335308 0.653024543047691
1586247796.5784 37.6935452384093 -3.76809089969892 40.6317322966026 0.00163811914959263 -0.755262282947719 -0.0545322533993663 0.653148094892299
1586247796.6444 37.6446609541757 -3.76651852930214 40.6242476752855 0.0015878267403539 -0.755199777370837 -0.0544675819237623 0.653225885574553
1586247796.7104 37.5956547498372 -3.76491568279415 40.6169260243682 0.00149331494891881 -0.755154160924759 -0.0543662365402758 0.653287284104729
1586247796.7764 37.546789603425 -3.76333710751126 40.609471125809 0.00140266861624571 -0.755030461814876 -0.0541452422740683 0.653448794467823
1586247796.8424 37.4977854326982 -3.76179531329199 40.6022939703058 0.0017779662187007 -0.755001220600821 -0.053547187283586 0.653530943767326
1586247796.9084 37.4488174509131 -3.76028905124545 40.5949187294128 0.00201437379363766 -0.75487692377634 -0.0532812710454882 0.653695554829591
1586247796.9744 37.3990981849335 -3.75840308143363 40.5877809516063 0.00241468209710853 -0.754892435462188 -0.0530185962525952 0.653697643137667
1586247797.0404 37.350874178196 -3.75746414146833 40.580308133675 0.00243390562587305 -0.754768830609395 -0.0529028686829365 0.653849657741783
1586247797.1064 37.301766359001 -3.75604467131297 40.5729748402258 0.00238924589246773 -0.754640141193445 -0.0529756312489195 0.653992455076801
1586247797.1724 37.252574518899 -3.75465910626076 40.5656444479927 0.00219876819122967 -0.754411325649299 -0.0532616924042647 0.654233833787845
1586247797.2384 37.2033664899984 -3.75321804841776 40.5583264736001 0.00221803961253883 -0.754113955510624 -0.0534174938086586 0.65456381947034
1586247797.3044 37.1534838739517 -3.75144425493919 40.5514831622796 0.00241323498961482 -0.753924930186693 -0.0532087558487475 0.65479783463364
1586247797.3704 37.1052801800289 -3.75036514435174 40.5441135078192 0.00218977619271021 -0.75357733397354 -0.0531156746049529 0.655206174965422
1586247797.4364 37.0561854232311 -3.74888280678966 40.5370313009206 0.00230595809985212 -0.753362600319055 -0.0528457395201994 0.655474486774517
1586247797.5024 37.006917995649 -3.74742162367675 40.5300019213649 0.00238925364408154 -0.753173853714222 -0.0525510661891961 0.655714742087343
1586247797.5684 36.9577780089949 -3.74603825178138 40.523048875201 0.00227221711324135 -0.752981400192043 -0.0520396805458235 0.655976920053525
1586247797.6344 36.9086095357848 -3.74473807480163 40.516075087953 0.00233540909680466 -0.752789480069807 -0.0516719921775513 0.656225989873141
1586247797.7004 36.8593552734857 -3.7433379575701 40.5090149774192 0.00284961500297532 -0.752570601677504 -0.0518326663872597 0.656462294332493
1586247797.7664 36.8101405080086 -3.74198967177524 40.5019333472605 0.00304624948437156 -0.752333506996688 -0.05224149113184 0.656700724240856
1586247797.8324 36.7608117993313 -3.74064198962082 40.4949446088636 0.00302117533517349 -0.752147479283541 -0.0523303677413628 0.656906823315958
1586247797.8984 36.7116478410857 -3.73919173687441 40.487929685489 0.00290212619268106 -0.751954313144863 -0.0528705263436902 0.657085227387239
1586247797.9644 36.6620186229099 -3.73787621196634 40.4809402239345 0.00275277718373452 -0.751803324105237 -0.0534693983022668 0.657210169981633
1586247798.0304 36.6126717965384 -3.73645904289453 40.4739715561951 0.00262573834310047 -0.751750272896001 -0.0534576520466281 0.657272327225636
1586247798.0964 36.5632772775185 -3.73504293715133 40.4670481206237 0.00233589703790894 -0.751806315934337 -0.0532198423517711 0.657228617214985
1586247798.1624 36.5140205050608 -3.73362847434539 40.4601539838149 0.00239764806622361 -0.751927047195724 -0.0529552760598983 0.657111638701286
1586247798.2284 36.4650667567078 -3.73219022595063 40.4531650752584 0.00265543040524705 -0.752056848603168 -0.0523002532097065 0.657014557428247
1586247798.2944 36.4154859298721 -3.73089576879166 40.4463657283345 0.00236154647566509 -0.752244529908147 -0.0517322282737283 0.65684577099906
1586247798.3604 36.3661824718044 -3.72954917488217 40.4394042787922 0.00234586969906498 -0.752369911977395 -0.051772409695646 0.656699040688189
1586247798.4264 36.3167638143316 -3.72819432486733 40.4323837781995 0.00247573274027319 -0.752496219963899 -0.0517866847791674 0.656552700829892
1586247798.4924 36.2674931681626 -3.72694920611987 40.4253987981019 0.00225448938785879 -0.752586943066918 -0.0519859041763597 0.656433756116913
1586247798.5914 36.1932843732597 -3.72492816567628 40.4145916035117 0.0025395607818898 -0.752765551399567 -0.0524981377959333 0.656187108060727
1586247798.6574 36.1438242052806 -3.72354713222233 40.4074390489496 0.00240885581320786 -0.752840644492081 -0.0529671686096635 0.656063747256237
1586247798.7234 36.0943233024573 -3.72212499685662 40.4002705244745 0.00246056379643394 -0.752929758223366 -0.0532320211319182 0.655939842313087
1586247798.7894 36.0448411726291 -3.72067749789157 40.3931155741699 0.0024640205684824 -0.753048195702776 -0.0532719587190813 0.655800611440447
1586247798.8554 35.9955165729766 -3.71921267995336 40.3859942587985 0.00230627725523259 -0.753138444873396 -0.0531059174793108 0.65571100758458
1586247798.9214 35.9458696764096 -3.7177620166209 40.3788265978539 0.0024155316537301 -0.753272981586511 -0.0531009306031222 0.655556459496571
1586247798.9874 35.896196960064 -3.71632190901622 40.3716390298031 0.00229721006392099 -0.753396730790275 -0.0529979838811097 0.655422995145109
1586247799.0534 35.8459549642389 -3.71484984523975 40.3645865234986 0.00232046551055686 -0.753487628552914 -0.0529628712705946 0.655321252001104
1586247799.1194 35.796965073703 -3.71345314130064 40.3570777697777 0.00267211157233877 -0.753621819941609 -0.0529650107570034 0.655165414199462
1586247799.1854 35.7473036051853 -3.71201893693248 40.3497233706052 0.00293288114966096 -0.753731451308008 -0.0530445731205643 0.655031732650978
1586247799.2514 35.6976132500842 -3.71064600260841 40.3424017204507 0.00348705280523846 -0.753843617063386 -0.053105512024131 0.654894988580749
1586247799.3174 35.6477036996162 -3.7093138657772 40.3350350613683 0.00378630206235898 -0.753896079899989 -0.0529126340712902 0.654848545683473
1586247799.3834 35.5982754278933 -3.70791339726435 40.3276816283436 0.00384488371930332 -0.754014084029413 -0.0531056575440664 0.654696698549246
1586247799.4494 35.5486393573252 -3.70653558721125 40.3203176871989 0.0035485790986776 -0.754076675026157 -0.0535905282364845 0.654586763577764
1586247799.5154 35.4989147767036 -3.70514471732126 40.313003244082 0.00314278102193986 -0.754169140867598 -0.0536586370658395 0.654476722701972
1586247799.5814 35.4491890305357 -3.70372567648216 40.3056672602412 0.00295373664208528 -0.754310344867536 -0.0538142197436598 0.654302077651485
1586247799.6474 35.3993658781384 -3.70227834190115 40.2981700526266 0.0029066328224625 -0.754383121868081 -0.0539416227882775 0.654207886116615
1586247799.7134 35.3497983402059 -3.70090868484626 40.2908257494679 0.00297555472701379 -0.75457406795141 -0.0535351821915392 0.654020723155656
1586247799.77941 35.3001824052192 -3.69943079800132 40.2834132329359 0.00319524091407713 -0.754686211251248 -0.0534091932884589 0.653900581935063
1586247799.84541 35.2506409837987 -3.69800183192891 40.2759417029826 0.00304599648489236 -0.754724714619249 -0.0535410831946951 0.65384606709733
1586247799.91141 35.2010258828721 -3.69657649957119 40.2685192228612 0.00303646146015758 -0.754829629148983 -0.0537134818292852 0.653710847952201
1586247799.97741 35.1505808571226 -3.69481272216142 40.2605619855496 0.00277731403009223 -0.754882477202037 -0.0539787851110705 0.653629117235475
1586247800.04341 35.1017123066426 -3.69365193589439 40.2535342637287 0.00269337567590419 -0.75500860090384 -0.0539732016659128 0.653484239894602
1586247800.10941 35.0521414172619 -3.6921740441164 40.245997349763 0.00273719951511559 -0.755113022681763 -0.0539658594129802 0.653364000181403
1586247800.17541 35.0025954216253 -3.69069701913742 40.2385196564238 0.00262636900418341 -0.7552208602479 -0.0539751430306436 0.653239036162948
1586247800.24141 34.9530585148119 -3.68920037756216 40.230964656093 0.00290651445661634 -0.755307860151324 -0.053990513409368 0.653135983566313
1586247800.30741 34.9036483063222 -3.68775340340744 40.223476202852 0.00300066641854287 -0.755335306038242 -0.0540200152347549 0.653101377587888
1586247800.37341 34.8542126759443 -3.68629914491799 40.2160158389725 0.00313656851269565 -0.755331330049932 -0.05375277753103 0.653127386266007
1586247800.43941 34.804766092794 -3.68481461100958 40.2084850556693 0.00339882623170245 -0.755188667943087 -0.0539680642770792 0.653273274999657
1586247800.50541 34.7554392323096 -3.68341870558679 40.2010416295213 0.00382521114689621 -0.754938539454558 -0.0541830290216257 0.653542170614829
1586247800.57141 34.7061256673628 -3.68195395140275 40.1936406262 0.00361185657167874 -0.754548450651312 -0.0548442418818386 0.653938605103121
1586247800.63741 34.656732581654 -3.68048560003172 40.1863358934156 0.00378947032814571 -0.754148690956519 -0.0549475840994859 0.654389910408795
1586247800.70341 34.6073336038692 -3.67906900166721 40.1790620140115 0.00400277952030708 -0.75372079305617 -0.0552253697804586 0.65485807806234
1586247800.76941 34.5580761265822 -3.67761744310075 40.1718340177759 0.00497606977545247 -0.753390934741636 -0.0547278873818896 0.655272612369408
1586247800.83541 34.5085059657028 -3.67603145443404 40.1644700215835 0.00513941211145133 -0.752987854864058 -0.054227474312626 0.655776072985319
1586247800.93441 34.4347547915304 -3.67438966436164 40.1540545315968 0.00432836703772436 -0.75246910683175 -0.0550489117604064 0.656308712281507
1586247801.03341 34.3603850407119 -3.67238564107581 40.1436239891088 0.00383333237772103 -0.752234154430564 -0.0544232507373706 0.656633225058094
1586247801.13241 34.2862777784813 -3.67023249929437 40.1334297603966 0.00350969018233074 -0.752211072456637 -0.0539618510585676 0.65669955320435
1586247801.23141 34.2122387059166 -3.66816794518609 40.1228798692205 0.00315920988467775 -0.752329017598702 -0.0536412163402783 0.656592482885246
1586247801.29741 34.1628528863936 -3.66672607920852 40.115838662801 0.00309559072926913 -0.752419592174158 -0.0539434630356391 0.656464224026134
1586247801.36341 34.1135720539581 -3.66530385457352 40.1088139275808 0.00264214590316392 -0.752515205245372 -0.0543582653912237 0.656322378045423
1586247801.42941 34.0642502597943 -3.66382582006228 40.1015499165296 0.00216118526200533 -0.752613676176284 -0.0549129596078056 0.656165033034979
1586247801.49541 34.0150817221485 -3.66241962591446 40.0946170126002 0.00207735265056739 -0.752697767975682 -0.0552731999626368 0.656038587322637
1586247801.56141 33.9661040297799 -3.66097842373647 40.0875822289892 0.00221822285450147 -0.752856530266716 -0.0551234607238162 0.655868529813681
1586247801.62741 33.91722325176 -3.65950152915505 40.0805004579129 0.00245313178404879 -0.7530178817131 -0.0549035413111378 0.655700886926548
1586247801.69341 33.8698780006957 -3.65753838712297 40.0738362204614 0.00264255344982895 -0.753202796956944 -0.0544390876592852 0.655526467278268
1586247801.89141 33.7227438257585 -3.65395459225849 40.0522025231081 0.00273049076458978 -0.753533193892728 -0.0545435020647157 0.655137601198806
1586247801.95741 33.6743308469094 -3.65256523255922 40.0451010839067 0.00298938381845946 -0.753627550828905 -0.0548112810243566 0.655005573784286
1586247802.02341 33.6258983997114 -3.6512146771195 40.0379506673486 0.00289863580096981 -0.753642316939177 -0.0552713973196676 0.654950325343361
1586247802.08941 33.5775959035689 -3.64988217547283 40.0307821999561 0.00241354232101968 -0.753601089325315 -0.05528664357399 0.654998442764168
1586247802.15541 33.5295481851497 -3.64849821441331 40.0236775564921 0.00256000720812311 -0.753587260246399 -0.0552809995629845 0.655014273619085
1586247802.22141 33.481743669695 -3.64716935705206 40.0166370881072 0.00277698369949421 -0.753566657256242 -0.055356217310778 0.655030740223868
1586247802.28741 33.433868778059 -3.64577179978303 40.0095993554601 0.00303224948599999 -0.753569036706978 -0.0549990185760939 0.655056959611329
1586247802.35341 33.3862197590846 -3.64439030684762 40.0025892577646 0.00287629788361253 -0.753438226767797 -0.0551890488227881 0.655192135366045
1586247802.41941 33.3400622918449 -3.64275638232992 39.99624738197 0.00273068627561593 -0.753250759331769 -0.0552287499199886 0.655404929872253
1586247802.51841 33.2675538107748 -3.6410594847277 39.9853230894195 0.00296421938840959 -0.752900801301353 -0.0553261115971558 0.655797696076112
1586247802.61741 33.1967630130723 -3.63909454374023 39.9750854127391 0.00300027867432747 -0.752560283304002 -0.055114066856314 0.656206109355768
1586247802.68341 33.1496646566911 -3.63778002711945 39.9684012682026 0.00303594066542196 -0.752392387489792 -0.0550161241560598 0.656406660839552
1586247802.78241 33.0791364297471 -3.63578775528035 39.9585021768425 0.00277296432811074 -0.752107219575884 -0.0546393734847621 0.656766000791653
1586247802.84841 33.0323615537575 -3.63452341794225 39.9518384889195 0.00303685864394128 -0.751899464860648 -0.0548511890386628 0.656985022122189
1586247802.91441 32.986753646494 -3.63278060696952 39.9459722561509 0.00328461005468938 -0.75169784443312 -0.0551472187483419 0.657189733848386
1586247802.98041 32.9391125997944 -3.63190797347528 39.9387370168737 0.00286582654827827 -0.751508868036204 -0.0552693420823724 0.657397526711898
1586247803.04641 32.8926261962518 -3.63057555894479 39.9323344193797 0.00252356231859083 -0.751316744247208 -0.0558039066659604 0.657573346059447
1586247803.11241 32.8463824379446 -3.62924871334334 39.9259290927141 0.00213090969904312 -0.751072470255141 -0.056175210604686 0.657822125929353
1586247803.17841 32.800234527831 -3.62788876485774 39.919481885951 0.00196557631537072 -0.750837836025157 -0.0566121975541214 0.658052991476295
1586247803.27741 32.7314004352134 -3.62580000318614 39.9100637960008 0.0025865150781343 -0.750609794663013 -0.0562701293981851 0.658340275718577
1586247803.37641 32.6627772781184 -3.62364059691175 39.9006917617392 0.00304627850455745 -0.750461656097191 -0.0558020868353566 0.65854699909722
1586247803.47541 32.5945771547327 -3.62113452360187 39.8925621599854 0.00327717938439181 -0.750330832414359 -0.0553514569272785 0.658732964288023
1586247803.54141 32.5491988655926 -3.62033695754029 39.8853863614439 0.00288810532449573 -0.750204068304908 -0.0554650521357675 0.658869594637646
1586247803.64041 32.4813999473235 -3.61840952273627 39.8762356452888 0.00291353497516445 -0.750074257020715 -0.0555409960144594 0.659010863363035
1586247803.73941 32.4139561223759 -3.61650864340419 39.8672248960374 0.00293811803237829 -0.750020117487982 -0.0549720427950562 0.659120068983399
1586247803.80541 32.369084774931 -3.61522384645306 39.861181777256 0.00330762804124741 -0.74994689386758 -0.0547567669094242 0.659219547990453
1586247803.87141 32.3245551977156 -3.61399687255039 39.8551982207931 0.00347337052799773 -0.749857012458631 -0.0545114775302332 0.659341258667515
1586247803.93741 32.2801073516487 -3.6128134005918 39.849217988611 0.00330217519495486 -0.74976228088725 -0.0550269437813776 0.659407046713796
1586247804.00342 32.2358972057114 -3.61168403380987 39.8432279381644 0.00312219786698489 -0.749617155192515 -0.0559895183901412 0.659491884978125
1586247804.06942 32.1920446674696 -3.61053256280471 39.8373166308147 0.00282900836225936 -0.749522850514749 -0.0561043224519857 0.659590629307402
1586247804.13542 32.1483419635671 -3.60938067840879 39.8313626413147 0.0027180595647093 -0.749438551663931 -0.0564337292348104 0.659658778185149
1586247804.20142 32.1042426888676 -3.60794562460081 39.8261303880583 0.00231249277293325 -0.749355677333993 -0.0567357509194314 0.659728562207289
1586247804.30042 32.0407078812201 -3.60669545047881 39.8169038235547 0.00148093464056753 -0.749217246675879 -0.057527475877502 0.659819606889011
1586247804.36642 31.9984325766322 -3.60554767316028 39.8112710489554 0.0010871540026652 -0.749175173887424 -0.0579005260918981 0.659835514355816
1586247804.43242 31.9565662581844 -3.60440257363809 39.8057496572917 0.00054491484062193 -0.749181523128089 -0.0580081652822393 0.659819521711719
1586247804.49842 31.9152549125373 -3.60324022334779 39.8002366945361 0.00030213685512024 -0.749163860437771 -0.0580589489992543 0.65983526532643
1586247804.56442 31.8744724695217 -3.60205113556822 39.794797315778 0.000358696072228271 -0.749154397060676 -0.0579646860503199 0.659854268663067
1586247804.63042 31.8339942867035 -3.60057593247278 39.7901452503651 0.000316508528447403 -0.74917151028205 -0.0576651034819031 0.659861109510544
1586247804.69642 31.7940564340834 -3.59972556446963 39.7841342759228 0.000238058336413474 -0.749127116623373 -0.0577521779108162 0.659903926654735
1586247804.76242 31.7544587165015 -3.5985901433112 39.7788972356181 0.000267184942463498 -0.749122536582825 -0.0572538473333178 0.65995253674901
1586247804.82842 31.7152276151077 -3.59740515317077 39.7737715546526 -0.000805246839755319 -0.749025177550913 -0.0579100210791772 0.660005351819938
1586247804.89442 31.6764376932338 -3.59619123219724 39.7687384551645 -0.00213926648042198 -0.74894145990956 -0.0585888400069713 0.660037469386473
1586247804.96042 31.638226456782 -3.59510368429877 39.7636582378351 -0.00243733652304204 -0.748863884621373 -0.0589931667260119 0.660088439514052
1586247805.02642 31.600588509951 -3.5940776452756 39.7586339138136 -0.00230339544144201 -0.748827568529643 -0.0591862836594595 0.66011283187498
1586247805.09242 31.5636372094034 -3.59292569513102 39.7537407191962 -3.22477794713734e-05 -0.748988907404321 -0.056780983575835 0.660145086666199
1586247805.15842 31.5272081790036 -3.59182883034228 39.7488678008361 0.00131368085386016 -0.749084310120778 -0.0557189811380071 0.66012602260056
1586247805.22442 31.4910596150885 -3.59100637884074 39.7439868960604 0.00191411160157463 -0.749090907511133 -0.055646268137363 0.6601232016096
1586247805.29042 31.4551736348205 -3.59029291751438 39.739136351555 0.00213726792588653 -0.749038779684685 -0.0559366312565966 0.660157126673609
1586247805.35642 31.4197499017507 -3.5896148854497 39.7344533911319 0.00102577708392504 -0.748928339067272 -0.0574376504110271 0.660156198970041
1586247805.42242 31.3848262751246 -3.58888327310376 39.7298675830721 0.000314770124797956 -0.748868649906004 -0.0586282612630949 0.660119968709472
1586247805.48842 31.350436071422 -3.5880298986444 39.7252682768803 -2.46982444130523e-05 -0.748828562477647 -0.0593325817373853 0.660102589111749
1586247805.55442 31.3166800584769 -3.58705741677676 39.7208052844846 3.2143650511781e-05 -0.748832442356617 -0.0591630268863242 0.660113405780141
1586247805.62042 31.2834210953386 -3.5860279225237 39.7164195823827 0.000333521937347122 -0.748833866377815 -0.0589491867613118 0.660130837568546
1586247805.68642 31.2509449028429 -3.58489132120701 39.712646071047 0.000927038156072385 -0.748873347268741 -0.0585163631617133 0.660123992590101
1586247805.75242 31.2183185182152 -3.58413723295945 39.7077659412314 0.00141259033824986 -0.748836311777751 -0.0583721622703962 0.660177910432869
1586247805.81842 31.1865976811955 -3.58334884962878 39.7035123025309 0.00176333112686897 -0.748820522071842 -0.0581359719048492 0.660215817106853
1586247805.88442 31.1553607756517 -3.58260473787906 39.6993600057426 0.00196469858027856 -0.748699623354692 -0.0584289072088402 0.660326492540177
1586247805.95042 31.1246066115637 -3.58188410838096 39.6952482592645 0.0025603116455345 -0.748445327783119 -0.0586020604945641 0.660597331685263
1586247806.04942 31.0796036446664 -3.58079664074602 39.6893500505076 0.00248216950127446 -0.747755057556248 -0.0590761084303587 0.661336696506661
1586247806.14842 31.0358438040559 -3.57971678706927 39.6838313696084 0.0024301204919979 -0.746979837842152 -0.0589458176807226 0.662223985483505
1586247806.24742 30.9933586017109 -3.57866381141544 39.6787145077066 0.00136970951816772 -0.746077926617295 -0.0595223760609211 0.663191479181041
1586247806.37942 30.9387424283063 -3.57716516923133 39.6724265597614 0.000823628087386333 -0.744872955816351 -0.0594752927980379 0.664549690299208
1586247806.51142 30.8865742875722 -3.57577437775143 39.6664833450137 0.0009767488354065 -0.742944270774602 -0.0605767259764315 0.666605818122588
1586247806.64342 30.8366992509096 -3.57453540708481 39.6611737785621 0.00116409510842743 -0.739919208484633 -0.0614725529470692 0.669880090040168
1586247806.77542 30.7907745504815 -3.57357573177181 39.6575611368292 0.000523838614746237 -0.736655975398879 -0.0601507719008442 0.673587102119663
1586247806.90742 30.7436032210721 -3.57240548782258 39.6536861953511 0.000318277113660537 -0.733420107620048 -0.0583810130721072 0.677263982322219
1586247807.03942 30.6996521918209 -3.57144286699255 39.6508908948779 0.000702610412633198 -0.72967568404473 -0.0585253937334887 0.681283847409289
1586247807.17142 30.6580037200971 -3.57037418816424 39.6484557886478 0.000707032269834599 -0.724760266316414 -0.0603332549299721 0.686354103086654
1586247807.27042 30.6283352650277 -3.56968925257748 39.6473583200338 0.000431641973596252 -0.720476606831656 -0.0613305663536792 0.690761778274021
1586247807.36942 30.6003716039307 -3.56917728337406 39.6469625706402 0.000288836137372609 -0.716078401442179 -0.0612312383927618 0.695328968910823
1586247807.46842 30.5737203672856 -3.56885426692088 39.6466628347477 0.000935929507557138 -0.711706164094608 -0.060775352122827 0.699842708471013
1586247807.56742 30.5486955093463 -3.56860860649425 39.6464385534925 0.00444530675535566 -0.706984714584508 -0.0616731208522246 0.704520602080634
1586247807.66642 30.5252113674225 -3.56826339157696 39.6464035019394 0.00895044586185941 -0.701974751406985 -0.0615651108713387 0.709479439469091
1586247807.79842 30.496957471123 -3.56801732090357 39.6473236297937 0.0124115696820774 -0.696003273397301 -0.0606233870794459 0.715367179354271
1586247807.96342 30.461663481643 -3.567422903928 39.6500130867349 0.0117592553237465 -0.691040808393523 -0.0554030548417301 0.72059338226441
1586247808.12842 30.4278952842978 -3.56720359186322 39.6513473681804 0.0139970308149651 -0.687994228375079 -0.0557517925746578 0.723436080435346
1586247808.29343 30.3940797673105 -3.56714917278739 39.651578583218 0.0159172985018691 -0.688792490287267 -0.0604341459263176 0.722259827858662
1586247808.45843 30.3631825178404 -3.56658641626646 39.6524228180316 0.0162088796560024 -0.692074145769683 -0.0613783244356957 0.719029450208354
1586247808.62343 30.3263422502583 -3.56594919001776 39.6525303307259 0.0143320017488341 -0.699233537645509 -0.0579496067963883 0.712396586621358
1586247808.75543 30.2976967404867 -3.56535127005167 39.6520399560142 0.0130769255739802 -0.707086255027246 -0.0557185050774944 0.704807399337582
1586247808.88743 30.2671747907622 -3.56464673960681 39.6496787146732 0.0131932618771203 -0.716671645677762 -0.056716217611198 0.69497551092283
1586247809.01943 30.2350935134575 -3.56385211914451 39.6457266684112 0.01362677247613 -0.727791741177777 -0.0593889759679074 0.683085969756945
1586247809.15143 30.2017466351401 -3.56280833913129 39.6407835380356 0.0133505876259243 -0.739558194353061 -0.0608171029187189 0.670206474877598
1586247809.25043 30.175933762364 -3.56185983155319 39.6364369149635 0.0129658546451358 -0.748321462346417 -0.060598858597203 0.660435200410879
1586247809.34943 30.1495023239911 -3.5607909358105 39.6314821468811 0.0121976589096687 -0.756894327860375 -0.0600902305127987 0.650654561012857
1586247809.44843 30.1224421715759 -3.55965478174152 39.6256807126268 0.0116599669680866 -0.7649507649586 -0.0600328194853099 0.641178939878877
1586247809.54743 30.0948748020965 -3.55847695949587 39.618980647804 0.0115400969065176 -0.77239301497156 -0.0609555121126244 0.632107808945294
1586247809.64643 30.0665926738205 -3.55721205129974 39.6114636385508 0.0113723479411863 -0.779360497925087 -0.0618580005017543 0.623411157864687
1586247809.74543 30.0380273397756 -3.55573244605569 39.6032685118489 0.0108769922758489 -0.785745364318725 -0.0626441890919728 0.615273613170331
1586247809.84443 30.0082677541753 -3.5544095475982 39.5945139159038 0.0105864471879347 -0.791040165412115 -0.0635172054074414 0.608365801519069
1586247809.97643 29.9680027300434 -3.5523426308529 39.5821558477925 0.00984891999853741 -0.796186640325822 -0.0639116496864885 0.60158551642796
1586247810.10843 29.9262227334868 -3.55018465819095 39.5699342806182 0.00581555732992126 -0.799626037055481 -0.0625310739199289 0.597205362459439
1586247810.24043 29.8830202495727 -3.54776313897003 39.557234897302 0.00235640338695749 -0.801357169833537 -0.0619455464095282 0.594965446895437
1586247810.37243 29.838717914993 -3.54527642797662 39.5439681265394 -0.000511011700169855 -0.801731463215032 -0.0605164311969549 0.594612614492251
1586247810.50443 29.7934368755351 -3.54283125266483 39.5297093449743 0.00323396142132026 -0.801338300246584 -0.0611522310655971 0.59506879828062
1586247810.60343 29.7585216111065 -3.54110559441925 39.5194803514017 0.00355360287480382 -0.800611622909018 -0.0580614040720261 0.596353313503649
1586247810.73543 29.7107546039604 -3.53870974384443 39.5058960479904 0.00476324268098242 -0.798406594911722 -0.0546981011098828 0.599610155397325
1586247810.86743 29.6611944333216 -3.53632812485879 39.4918293526135 0.00594965442261616 -0.795510495102706 -0.0549784083295902 0.60341116033037
1586247810.99943 29.6102883129644 -3.53440177184734 39.4774858418294 0.00585697294698948 -0.792200620100697 -0.0591549958877647 0.607358674789031
1586247811.13143 29.5568927029714 -3.53208373613839 39.4633806343748 0.00594306116342473 -0.78874082614103 -0.0616898585823147 0.611593779031856
1586247811.26343 29.5027648452445 -3.52950079230606 39.4501715615054 0.00654414613839919 -0.784867771282602 -0.0609208383078942 0.61662663517972
1586247811.39543 29.4484353242742 -3.52709562848029 39.4378949384799 0.00648704021882612 -0.78081213224751 -0.0597782114778954 0.621865659026772
1586247811.52743 29.3899677304935 -3.52457445944072 39.4252770930185 0.00646404806363785 -0.776720409490662 -0.0594628305765665 0.626999037752939
1586247811.62643 29.3461634694332 -3.52275297738617 39.4163290131375 0.00613779426687736 -0.773665895320279 -0.05949428479091 0.63076448851931
1586247811.72543 29.3014865136912 -3.52088762036315 39.4076866321834 0.00487803446924781 -0.770989101658126 -0.0593945559081121 0.634053859409902
1586247811.82443 29.2561915856749 -3.51898641466843 39.3992719333336 0.00418807407380887 -0.768854876826435 -0.0591717463051461 0.636665801543446
1586247811.92343 29.2101655832083 -3.51699696600603 39.3907940228227 0.00356268799126095 -0.766991360202364 -0.0587195905649877 0.638955061262593
1586247811.98943 29.1790721305314 -3.51565389133963 39.3852498122972 0.00298104105846564 -0.766020193331401 -0.0586881613095148 0.640124891349211
1586247812.08843 29.1319340693156 -3.51364218423429 39.3768590785432 0.00310815528545693 -0.764990646324616 -0.0579948839486941 0.641417371016989
1586247812.18743 29.0848447390847 -3.51158444882055 39.3685118349191 0.0030247834388733 -0.764013185013992 -0.0581104576596754 0.642571302285207
1586247812.28643 29.0352101836165 -3.50942575348943 39.3598149579271 0.00312942560067387 -0.763140717488043 -0.0585843959873215 0.643563765724925
1586247812.38543 28.9858941299132 -3.50739777401911 39.3512299338716 0.003224444623788 -0.76221246097385 -0.058608931547278 0.644660189895376
1586247812.48444 28.9360494003171 -3.50527685909504 39.342834897354 0.00288016820058953 -0.761306114272635 -0.0583869590082248 0.645752017433945
1586247812.58344 28.885640313798 -3.50321607977584 39.3344731006202 0.00392703049254197 -0.760566419228325 -0.0572137967637092 0.646722414822307
1586247812.68244 28.8346085458729 -3.50120817305111 39.3262161700439 0.00356270760206993 -0.759685467871146 -0.0567437967171125 0.647800461989699
1586247812.78144 28.7830965215622 -3.49932567267682 39.318006195187 0.00309850573682221 -0.75881258363683 -0.0565257239302396 0.648844129749788
1586247812.84744 28.7484975672196 -3.49807533768345 39.3125558395975 0.00294161370724359 -0.758221689140506 -0.0568312447493156 0.649508603981471
1586247812.97944 28.6784052693341 -3.49543523810049 39.3016362261513 0.0026829406662614 -0.756923403193608 -0.0567919970649416 0.651025677371149
1586247813.04544 28.6414076346898 -3.49405777366063 39.2965565642467 0.00272739826434049 -0.756392462475212 -0.0568437605109859 0.651637775838972
1586247813.11144 28.6074209388434 -3.49262529839825 39.2907194332264 0.00276653728215343 -0.755873366357537 -0.0569641047025713 0.6522291706741
1586247813.17744 28.571523567067 -3.49118891329188 39.2852614682815 0.00262338671929082 -0.755333897691666 -0.057354745683865 0.652820230988269
1586247813.24344 28.53540533875 -3.48973701916379 39.2798499221977 0.00254006200092776 -0.75482113141277 -0.0575368894577549 0.65339736302598
1586247813.30944 28.499115135344 -3.48840312708233 39.2744200395144 0.00296440778622794 -0.754387495400128 -0.0574632917777319 0.653902660316095
1586247813.40844 28.4445266582192 -3.4864025178747 39.2664277692877 0.00365880227801529 -0.753728519430996 -0.0567625635736964 0.654719744271388
1586247813.54044 28.3709849879844 -3.48369845833214 39.255942729073 0.00453369271564118 -0.752870470844212 -0.0556602549669475 0.655795269713185
1586247813.63944 28.3152316282295 -3.48182957071731 39.2481206140485 0.00464622577028205 -0.752151659749575 -0.0554938625031583 0.656632868920322
1586247813.70544 28.2781189750141 -3.48065255748432 39.2439070515083 0.00410675802063335 -0.75173236907498 -0.0559048692385885 0.657081597230431
1586247813.77144 28.2398944800639 -3.47924102471667 39.2377448857738 0.00376570585687159 -0.75123828872695 -0.0567433320770515 0.657576647452444
1586247813.83744 28.2018772276013 -3.47790499531814 39.2325786113889 0.00315748058923938 -0.750774635869281 -0.0576324471339205 0.658031897014904
1586247813.90344 28.1637761758542 -3.47658724703544 39.2274086997285 0.0027235945542543 -0.750322792954405 -0.0581021328287268 0.658507730073504
1586247813.93644 28.1447088973425 -3.47589202945642 39.2248307342929 0.00277399788515231 -0.750141447061276 -0.0582711972125394 0.658699158882084
1586247814.00244 28.1063887330496 -3.47449247716937 39.2196588165476 0.00311766706728086 -0.749825767096914 -0.0583550765722303 0.659049530906313
1586247814.06844 28.0679462098131 -3.47299814085616 39.2144674962025 0.00381423522699481 -0.749566824317027 -0.0579801860130252 0.659373434043878
1586247814.13444 28.0292873255669 -3.47150794429851 39.209363875799 0.00409718285544933 -0.749351169962105 -0.0574000129301093 0.6596675493646
1586247814.20044 27.9904905339891 -3.47007600734586 39.2042099544743 0.00459327487952541 -0.749160522552529 -0.0572641427568647 0.659892590675956
1586247814.26644 27.9514428957772 -3.46871798972214 39.199045241101 0.00450866007176627 -0.748941385613705 -0.0573293224337271 0.660136214495668
1586247814.33244 27.9123467412374 -3.46742140231918 39.1939492290846 0.00430394879785735 -0.748711532543762 -0.0575066576211189 0.660382844560611
1586247814.39844 27.8730151127717 -3.46609276914689 39.1888663021622 0.00413337394573824 -0.748560380207383 -0.0573752659295062 0.660566689489503
1586247814.46444 27.8335311424339 -3.46472573747508 39.1837134005723 0.00433769487731667 -0.748473758585894 -0.0573620481012016 0.660664674815516
1586247814.53044 27.7940123923465 -3.46340918853852 39.1786254157941 0.00438024916809003 -0.74844027465743 -0.05703628220308 0.660730528430757
1586247814.59644 27.7544057646438 -3.46202698891271 39.1735725839462 0.00427611803304718 -0.748479966589771 -0.0567622860544317 0.660709843509401
1586247814.66244 27.7144832413331 -3.46065765670814 39.1683910703726 0.00416606326452476 -0.748545064194272 -0.0568429989296403 0.660629854199728
1586247814.72844 27.6742923386646 -3.45926216947182 39.1631891381261 0.0037123715404566 -0.748597606637993 -0.0574494779027217 0.660520551627366
1586247814.79444 27.6339467531452 -3.45784168525569 39.1578972544742 0.0025726737558622 -0.748681568989069 -0.0582767301063955 0.66035832116656
1586247814.86044 27.5938031147896 -3.45641670420229 39.1526800777017 0.0016863356374779 -0.748875830796166 -0.0588865801428845 0.660086749602312
1586247814.92644 27.5532150786772 -3.45494558629815 39.1472830415634 0.00123130112529569 -0.749038608005469 -0.0592874763943448 0.659867140231697
1586247814.99244 27.512821615258 -3.45347829353749 39.1418641840333 0.000985626112199725 -0.749227518677052 -0.0592668599958831 0.659654904555726
1586247815.05844 27.474123552341 -3.45191958139396 39.136642828143 0.00132488588980203 -0.749474148942901 -0.0589551158827083 0.659402031430712
1586247815.12444 27.4314972907294 -3.45043881260359 39.1309486482112 0.00167083144721757 -0.749731237092609 -0.0587483659227298 0.659127385223274
1586247815.19044 27.3909230006458 -3.44893023423566 39.1254666132055 0.00166399094676518 -0.749975814490674 -0.0585829858818546 0.658863827037382
1586247815.25644 27.3503288965038 -3.44741514880996 39.1200390957324 0.00130204927142432 -0.750239073948754 -0.0587930201056595 0.65854613913914
1586247815.32244 27.3099310451692 -3.44590287864807 39.1144791777405 0.00110860267411386 -0.750445441411531 -0.0590382714281634 0.658289368721338
1586247815.38844 27.2699389034361 -3.44451083765863 39.1090749952424 0.000895668210455044 -0.750631710801719 -0.0594006743695539 0.658044673560834
1586247815.48744 27.2093387881584 -3.44216565567635 39.1006410217133 0.000698671458968118 -0.75088605577296 -0.0594927534296259 0.657746345784818
1586247815.55344 27.1692457261298 -3.4406347707036 39.0951527215321 0.00069041516245902 -0.751023848174629 -0.059484536408156 0.657589760206302
1586247815.61944 27.1293270879213 -3.43906447336391 39.089613722731 0.000467370935265496 -0.751114102623448 -0.0596270502230242 0.657473954834929
1586247815.68544 27.0893866203792 -3.43752229180026 39.084085515327 0.000635267696181766 -0.751150048036522 -0.0599310220871083 0.657405106735018
1586247815.75144 27.0520829549706 -3.43601336902237 39.0787115279702 0.000903913503255662 -0.75109760475257 -0.0600691655575925 0.657452102000249
1586247815.81744 27.0101383061648 -3.43447387123843 39.0731119293383 0.00032552617372363 -0.751073072229707 -0.0597862586536319 0.657506454325995
1586247815.88344 26.9706767038552 -3.43296757378946 39.067761879384 0.000461524071320799 -0.751121472330677 -0.0593810461736061 0.657487803806775
1586247815.94944 26.9313006442266 -3.43151220539905 39.0623038739836 0.000877821235157264 -0.751156841375723 -0.0588698051786485 0.657492946823427
1586247816.01544 26.8920296965733 -3.43002621100828 39.0568919074403 0.000954895241037603 -0.751143993757204 -0.0584458571013382 0.65754533730021
1586247816.11444 26.8327249557682 -3.42792172818896 39.048749327765 0.000735177304885824 -0.751169644716931 -0.0577310616554289 0.657579462035051
1586247816.21344 26.7739307034064 -3.42571495872733 39.0406594017515 0.000449160552857748 -0.751129488189642 -0.0579801335371457 0.657603675736214
1586247816.27944 26.7346962330353 -3.4242945819774 39.0352598284895 0.000391210313986748 -0.75114838822048 -0.058061691001027 0.657574927948417
1586247816.37844 26.6756422787547 -3.42213777878502 39.0270228137772 0.000326937753595617 -0.751227084301952 -0.058321524497395 0.657462060276632
1586247816.47744 26.6164386382177 -3.41986374021799 39.0185727851992 0.000218829530169113 -0.751216719915918 -0.0586749157758445 0.657442504019252
1586247816.57644 26.5576515853812 -3.41766776583472 39.0105549046029 -1.54158293288279e-05 -0.751287157661616 -0.0591757144309336 0.657317154284498
1586247816.67545 26.4988990102334 -3.41536027040023 39.0023202988635 -5.04721923739184e-06 -0.751252970097333 -0.059279603229959 0.657346866985277
1586247816.77445 26.4398223066007 -3.41232139811936 38.9943639826886 0.000300415407459919 -0.751272745343396 -0.0589552320331291 0.657353369559098
1586247816.87345 26.3815182671567 -3.41072887045583 38.985871160145 0.000347454157398916 -0.751369698173426 -0.059477023278313 0.657195510973967
1586247816.97245 26.3232904702818 -3.4085093307212 38.9778078417525 -0.000248782266795041 -0.751441368934546 -0.0594919878154783 0.657112251100923
1586247817.03845 26.2844420599323 -3.40706950755329 38.9724063987224 -0.000412920426384849 -0.751491752671159 -0.0596147623926603 0.657043419622187
1586247817.13745 26.2267093508495 -3.40484580348372 38.9643859542227 0.000137084225513287 -0.751677263413849 -0.0588213171808275 0.656902828064925
1586247817.20345 26.1882906737924 -3.40334362119928 38.9590239605071 0.000387913876325405 -0.75189845177561 -0.0583788393720074 0.65668902751138
1586247817.30245 26.1294735146682 -3.40041729810132 38.9510145481318 0.000578013047029874 -0.752190819065929 -0.0584856138934102 0.65634447554722
1586247817.40145 26.0728922177573 -3.39900562630809 38.9425563532869 -0.000447931283454071 -0.75270528720882 -0.0586616980649008 0.655738785756642
1586247817.50045 26.0154644924041 -3.39683897212657 38.934240505768 -0.000980640560594234 -0.753039143567617 -0.0595111759033873 0.655278190192254
1586247817.59945 25.9584477184107 -3.39463529563714 38.9260190672073 -0.00128436140775493 -0.753447521941181 -0.0593260909848369 0.654824859809802
1586247817.69845 25.9016210602347 -3.39236801926634 38.9177378140183 -0.00102549848511455 -0.753944543269065 -0.058900398896666 0.654291461840572
1586247817.79745 25.8452702210424 -3.39012498779439 38.909537886405 -0.0011788713230683 -0.754440133773571 -0.0580876601993531 0.653792412426669
1586247817.89645 25.7890437557941 -3.38802812486918 38.9011323678614 -0.00149935662393252 -0.754848229225349 -0.0581899225776952 0.653311438500407
1586247817.99545 25.7331950055268 -3.38595021202341 38.8927384202674 -0.0024521370206347 -0.755133243818195 -0.0586190025014745 0.652940719859295
1586247818.09445 25.6775903348219 -3.38387573523556 38.8842467386782 -0.00282959702827413 -0.755441016822761 -0.0596142945899833 0.652492911350759
1586247818.19345 25.6226530789434 -3.38174584774813 38.8757881124583 -0.0028614562676135 -0.755700577860499 -0.0599049555271956 0.652165504295206
1586247818.29245 25.5682316160395 -3.37963193118398 38.8674052939008 -0.00276454868457178 -0.755993578861547 -0.0595377442944295 0.651859895219066
1586247818.35845 25.5323389827434 -3.37822250846828 38.8618475315419 -0.00251828222749491 -0.756141751906565 -0.0593818102458586 0.651703237593782
1586247818.42445 25.4965560004209 -3.37684552192482 38.856338727815 -0.00246393692090495 -0.756241187889118 -0.0592016268424935 0.65160445220556
1586247818.49045 25.4604345553578 -3.37546972543005 38.8506751394958 -0.00251923995179925 -0.756350875580705 -0.0590293509787981 0.65149254958241
1586247818.58945 25.4072157924928 -3.37347910678523 38.8423174068792 -0.00219937149565582 -0.756550553591564 -0.0591213434638835 0.651253475516521
1586247818.68845 25.3545628455785 -3.37148675598542 38.8341162997604 -0.00223106433773744 -0.756729219479587 -0.0587060019701042 0.651083340341635
1586247818.78745 25.3026259202561 -3.36959918452486 38.8260229941616 -0.00216472865217916 -0.756906468871046 -0.0585161198231292 0.650894595961491
1586247818.88645 25.2510497233976 -3.36766771960128 38.8179344202658 -0.0023738860383158 -0.757012475650077 -0.0587306806232111 0.650751245506879
1586247818.98545 25.2000507264696 -3.36584505297838 38.8099991391702 -0.00295525341993399 -0.757111427005843 -0.058744626106256 0.650632478806612
1586247819.08445 25.1473823112679 -3.36346206417512 38.8018272946669 -0.00340510115142645 -0.757204490088936 -0.058883547923406 0.650509410584701
1586247819.18345 25.1000221137978 -3.36211904751429 38.7941877080848 -0.00360412617432799 -0.757271145810551 -0.0590077261103177 0.650419487912674
1586247819.28245 25.0510516434256 -3.36019635631546 38.7864039337236 -0.00342750085803507 -0.757440269572749 -0.0591504179991321 0.650210518461488
1586247819.38145 25.0027057680251 -3.35829335456257 38.7787065841314 -0.00385852831761144 -0.757547344385294 -0.0599225229481501 0.650012633736868
1586247819.48045 24.9550989292216 -3.3563877229121 38.7710304526366 -0.00469192448861809 -0.757688785768747 -0.0606602797993916 0.649773822356314
1586247819.57945 24.9083607453364 -3.3544524243602 38.7633946729134 -0.00477893502666164 -0.757952302442561 -0.0616645769146862 0.64937119504638
1586247819.67845 24.8623874784299 -3.35254341377864 38.7558104482894 -0.00435026746778347 -0.758446671060907 -0.0617440601509771 0.648789174821575
1586247819.77745 24.8173176011907 -3.35062536052191 38.7483116637625 -0.00421511718696593 -0.759368113094451 -0.0608119134467594 0.647799515888532
1586247819.87645 24.7728842782374 -3.34869628881687 38.7407369228807 -0.00411256605054267 -0.760710007103137 -0.0601678051264395 0.646284153542304
1586247819.97545 24.7264068424619 -3.34626451864239 38.7331032660386 -0.00442547479230806 -0.762332332733724 -0.0604067946313173 0.644345286941707
1586247820.07445 24.6862957580592 -3.3451565295244 38.725027240043 -0.00462221656696049 -0.764426385571111 -0.0607964697055297 0.641821412410057
1586247820.20645 24.6304009364558 -3.3427035181792 38.7141590185589 -0.00534355081366427 -0.767804661325162 -0.0609117176749834 0.637759524556034
1586247820.30545 24.5894796370442 -3.34080225985824 38.7058257248438 -0.00597996736115988 -0.770820759280874 -0.0603038985676899 0.634163257268627
1586247820.40445 24.5492738128853 -3.3389400090163 38.6970833970365 -0.0061138183686238 -0.774307659401187 -0.0600251038146875 0.629926389929527
1586247820.50345 24.5100766382303 -3.33719545464581 38.6878554836597 -0.00616140225775325 -0.778425682534098 -0.0598346402892189 0.624848229344536
1586247820.60245 24.471291264154 -3.33531339740746 38.6781349285389 -0.00578059676920925 -0.783362952613423 -0.058276689720312 0.618799560931498
1586247820.70145 24.432825766322 -3.33341355765565 38.6679466469346 -0.00567355254110102 -0.788968611436577 -0.0562257406047642 0.611829230310917
1586247820.80045 24.3944106940952 -3.33152865999818 38.6568936248146 -0.00642789247431248 -0.794972154717748 -0.0548590070431148 0.604126182819454
1586247820.89946 24.3566346781123 -3.32975208536636 38.6446393620587 -0.00715055715623225 -0.801469799765366 -0.0545458219812489 0.595499607809115
1586247821.03146 24.3066635058357 -3.32723360493022 38.6268168399916 -0.00810828911339195 -0.811137472798845 -0.0552400205345947 0.582184503401194
1586247821.16346 24.257499841826 -3.32460447191891 38.6072375398255 -0.00908195786252562 -0.821800904520555 -0.0554887452943026 0.566993642394909
1586247821.29546 24.208813931587 -3.32167139027609 38.5857947854365 -0.00958670526530977 -0.833014306944475 -0.055087451321381 0.550418597264743
1586247821.42746 24.1610752468843 -3.31850525814933 38.5619190071247 -0.0095697621790567 -0.844230206680428 -0.0553126506743185 0.533033102588891
1586247821.55946 24.1143710174468 -3.31519135275748 38.5361423338149 -0.00922160911077373 -0.855191691582712 -0.0562072590122545 0.515172666790114
1586247821.69146 24.069221538677 -3.31198637403306 38.5088036637077 -0.00913739930910363 -0.86585875829427 -0.0567739155443505 0.496972676444826
1586247821.82346 24.0251097468187 -3.30869720051725 38.4795495706456 -0.00985860776096462 -0.876385410301903 -0.0566525182601553 0.478165152052891
1586247821.95546 23.982282499411 -3.30546904573238 38.4478098268326 -0.0108972664150989 -0.88673814708775 -0.0567068895928224 0.458651323727262
1586247822.08746 23.9416452852728 -3.30202749788013 38.4149006416981 -0.0108640739236389 -0.897132865007937 -0.0578000225425937 0.437828450211392
1586247822.21946 23.9029359366523 -3.298751289942 38.3805504969616 -0.0108439910545885 -0.907393821917614 -0.0584923021339719 0.41604988930995
1586247822.31846 23.8747384295462 -3.29568778449609 38.3527513462203 -0.0110265264757378 -0.91506365095869 -0.0581821483055792 0.398938301027339
1586247822.41746 23.8480016097849 -3.2930329973425 38.3243823725731 -0.0115359991867503 -0.922389459198187 -0.0585296587305783 0.381626630794711
1586247822.51646 23.8225677852176 -3.29014220480548 38.295607444909 -0.0119640893629816 -0.929354991191999 -0.059463762678949 0.364170594420109
1586247822.61546 23.7970803655095 -3.287328387681 38.2639128294741 -0.0124056564925778 -0.935932946567258 -0.0604422674424453 0.346730949762687
1586247822.71446 23.7732531753591 -3.28449654103657 38.2322300516909 -0.0133891331144564 -0.942298147960258 -0.0611863000685562 0.328863449092526
1586247822.81346 23.7506043411508 -3.28148438421138 38.1993847369202 -0.0142358750888544 -0.948551887319533 -0.060949333693825 0.310373703211604
1586247822.94546 23.7222634544996 -3.27715760523684 38.1542487839577 -0.0163863212252461 -0.956313081127436 -0.0609099463707198 0.285458854783608
1586247823.04446 23.7024043540214 -3.27382006698554 38.1190881751311 -0.0171830598173682 -0.961769947752096 -0.0614527361365511 0.26632099293442
1586247823.14346 23.683727002359 -3.27063057590702 38.0832051071363 -0.0170451285441675 -0.966922331341375 -0.0619881206100286 0.246836264858935
1586247823.24246 23.6672189114341 -3.26744419462241 38.0463352868166 -0.0174642713821695 -0.971631671357666 -0.0619652423873961 0.227568018789261
1586247823.34146 23.6514664377289 -3.2639694730947 38.0088233430612 -0.0181846603836313 -0.976098355495475 -0.0611959350780731 0.20774112750171
1586247823.47346 23.6329829325461 -3.25936152286104 37.9573037917734 -0.0177677783762973 -0.981316097496122 -0.0611858537743387 0.181547002576351
1586247823.60546 23.6171752174379 -3.25481707812263 37.904056543092 -0.0174242881953916 -0.985631829718696 -0.0619562957177273 0.15616564233914
1586247823.70446 23.6068337933165 -3.25143742442297 37.8633274408182 -0.0173898028358143 -0.988434377526887 -0.0622327608001631 0.1371938758238
1586247823.80346 23.5977799948298 -3.2479387890908 37.8217845113045 -0.0176896165920193 -0.990833748891357 -0.0617543908005678 0.11883583104257
1586247823.90246 23.5904692793151 -3.24382463606216 37.7789510128497 -0.0176490771951666 -0.992821104649686 -0.061038251148458 0.10133654885121
1586247824.00146 23.5838099303252 -3.24075249108986 37.7359717847426 -0.0173374147381495 -0.994347846620113 -0.0611265999412902 0.0850606416138457
1586247824.10046 23.5786508383459 -3.23714749052473 37.6918484668368 -0.0169871007671178 -0.995511100921369 -0.0613112352215831 0.0700715262104034
1586247824.19946 23.5745570484945 -3.23353373697709 37.6469130530731 -0.0167638757371072 -0.996347124289838 -0.0616616459908114 0.0566499938512419
1586247824.29846 23.5714112312013 -3.22998022364375 37.6015542138214 -0.0160554628586577 -0.996994897692907 -0.0611652164503333 0.0447460879104367
1586247824.39746 23.5691056796671 -3.22636747807659 37.5554186478635 -0.015553636589386 -0.997453261115411 -0.0603925993016267 0.0346093950925253
1586247824.49646 23.56746860767 -3.22267870605234 37.5087241179148 -0.0150172239949287 -0.997765365817086 -0.0596310307955054 0.0261323157344988
1586247824.59546 23.5665541483858 -3.21866682615035 37.4608811889801 -0.0142663338047331 -0.997940128902776 -0.059546532820549 0.0191358635638365
1586247824.69446 23.5657346462078 -3.21534786545508 37.4133930781311 -0.0136094290559318 -0.998016262101651 -0.059802519355376 0.0142120617846388
1586247824.79346 23.5653069228823 -3.21178269033206 37.3649262282643 -0.0133000830914103 -0.998098343617304 -0.0592644783754136 0.0105131280333487
1586247824.89246 23.5648965976988 -3.20813845227763 37.3159815782305 -0.0138577938717771 -0.998169349299466 -0.0583706648066676 0.00766662625378811
1586247824.99146 23.5649957753299 -3.20405660245369 37.2657118233621 -0.0148040847348534 -0.998202391697373 -0.057819077941308 0.00545696901453359
1586247825.09047 23.5645846631048 -3.2007624306258 37.2159390173967 -0.0154205188613224 -0.998202754099713 -0.0577811999019911 0.00384736840993944
1586247825.18947 23.5645492259065 -3.19727045078794 37.1652608349868 -0.0162464372421842 -0.998214854057358 -0.0574122041348243 0.00264522826332995
1586247825.28847 23.5645963946588 -3.1936005882882 37.1140264806087 -0.0167706061155119 -0.998195124471347 -0.0576435761806832 0.00156792131571058
1586247825.38747 23.5647038600771 -3.18976785295675 37.0622488043467 -0.017792139805485 -0.998049818986118 -0.0598294938419649 0.000655934091959168
1586247825.48647 23.5647032375874 -3.18597445692926 37.0102670221597 -0.019134857733701 -0.997827304779121 -0.0630438074792424 -7.34524779345193e-05
1586247825.55247 23.5647012926718 -3.18344243248086 36.9757959110614 -0.0199471558184479 -0.997725023664694 -0.0643942452689445 -0.000518945357483521
1586247825.65147 23.5647791189249 -3.17937790810863 36.9235915418172 -0.0211081599627449 -0.997703346593917 -0.0643543476534294 -0.000997855895241377
1586247825.75047 23.5650679041087 -3.17537037793388 36.8727471374637 -0.0222121064793276 -0.997781850785106 -0.0627344948820139 -0.00154393053544785
1586247825.84947 23.5654626855258 -3.17135351520057 36.8210445052607 -0.0229019906269788 -0.997884506680291 -0.0608052599335315 -0.00217497521105076
1586247825.94847 23.5657051762111 -3.16735894193873 36.7686543764178 -0.0236643781790599 -0.997925102292538 -0.0598118805043368 -0.00283308495468559
1586247826.04747 23.566402331695 -3.16372716296176 36.7169645032986 -0.0238391840646897 -0.997924456059604 -0.0597248952994518 -0.00337789620059226
1586247826.11347 23.5667783320669 -3.16119164620675 36.682031141962 -0.0240169463787463 -0.997895253614433 -0.0601156828401071 -0.00378863789445447
1586247826.21247 23.5675127196005 -3.15740299339411 36.6292647655429 -0.0242771516602655 -0.997838769629989 -0.0609099742200288 -0.00428774662138526
1586247826.27847 23.5679988532053 -3.15475680919691 36.593936370911 -0.0242687192128772 -0.997796672037186 -0.0615652115301588 -0.00474923873161684
1586247826.34447 23.5684210815533 -3.15194354949443 36.5582942782607 -0.0242495003802373 -0.997783956214123 -0.0617487364454635 -0.00512171849979851
1586247826.44347 23.569226308052 -3.14797586440954 36.5051354035598 -0.0242873212545307 -0.997775276260398 -0.0618557375735423 -0.00533777472347371
1586247826.54247 23.5699627464765 -3.14365482757669 36.4513666401669 -0.0243602342015575 -0.997833278959954 -0.0608718802976495 -0.00547179848871867
1586247826.64147 23.5703004898018 -3.13873281875672 36.3948125998308 -0.0246309768466074 -0.997875379720206 -0.0600480462605249 -0.00568099182639716
1586247826.77347 23.5717880319206 -3.13395361417982 36.3240527194408 -0.0252281035724115 -0.997855578534308 -0.0601274262683119 -0.00569910417962637
1586247826.87247 23.5725863207374 -3.1299067759097 36.2690007963711 -0.0252510554783265 -0.997796198275344 -0.0610876225432181 -0.00578215154751432
1586247826.97147 23.5734437447317 -3.12582472759849 36.2135755017679 -0.025311789546089 -0.997780963971788 -0.0613028638965984 -0.0058668665896118
1586247827.07047 23.5742882619767 -3.1214188787906 36.1574751846637 -0.0251724283012635 -0.997792339549218 -0.0611622359739733 -0.00599807310563575
1586247827.20247 23.5752679557458 -3.11598077218622 36.0833132612504 -0.0256514979542356 -0.997823634323038 -0.0604487090740233 -0.00599574935694612
1586247827.33447 23.5767556450467 -3.10969006217202 36.0057614977808 -0.0250591205677843 -0.997863435109912 -0.0600558122974609 -0.00582277908809412
1586247827.43347 23.5775523894669 -3.10621598726964 35.9512573104183 -0.0250490289941938 -0.997867154345921 -0.0600124762006252 -0.00567372226073977
1586247827.53247 23.5785085796783 -3.10210367647758 35.8942848174648 -0.0251641387342838 -0.997845279324527 -0.0603435081885299 -0.00549778782959558
1586247827.63147 23.5793302024818 -3.09788257501279 35.8369427492586 -0.0250157458223119 -0.997843379030414 -0.060450203013064 -0.00534568440875187
1586247827.73047 23.5800262813599 -3.09351113009011 35.7793060902257 -0.0248029354590325 -0.99786929962842 -0.0601251014340291 -0.00516211480397385
1586247827.82947 23.5809446503115 -3.08932031353527 35.7214811761247 -0.024847814458154 -0.997899934895417 -0.0596065451898613 -0.00503644943431609
1586247827.92847 23.5816532431561 -3.0851176636763 35.663525676747 -0.0248913542750889 -0.997904805714641 -0.0595146950528749 -0.00494168865266928
1586247828.02747 23.5824571830855 -3.08084487930582 35.6050528171251 -0.0250037496225316 -0.997893162330941 -0.0596752814657385 -0.00478642454799588
1586247828.09347 23.5830004992507 -3.0775099592995 35.5648569105897 -0.0250888201337796 -0.997876176573735 -0.0599280222622188 -0.0047243495443474
1586247828.19247 23.5837172077763 -3.0737640757796 35.5071181000573 -0.025170787339853 -0.997845876476931 -0.0604122114904377 -0.00451696419200535
1586247828.25847 23.5841968280315 -3.07085365189094 35.4677411447897 -0.0253411234262198 -0.997843850638464 -0.0603770605046544 -0.0044819383438047
1586247828.35747 23.5849100707076 -3.06646435894844 35.4084938256236 -0.0255726618202318 -0.997806160816765 -0.0609031472591366 -0.00443971366968344
1586247828.45647 23.5849749234384 -3.06164457092269 35.3487597693328 -0.0259407993866149 -0.997790510108555 -0.0610032487313813 -0.00444707867143758
1586247828.55547 23.5864477764007 -3.05767963498944 35.2894591269435 -0.026004324401419 -0.997787801555858 -0.0610032790887572 -0.00467740517526655
1586247828.62147 23.5869998595544 -3.05472565811355 35.2496569502694 -0.0261824709574858 -0.997808716940356 -0.0605749917878232 -0.00478675070448232
1586247828.72047 23.58788323825 -3.05038065949022 35.1898334104273 -0.0261650379441039 -0.997819619255432 -0.0603779261928724 -0.00508962149640689
1586247828.78647 23.5883996845947 -3.04751090161809 35.1499852934861 -0.0263744984081855 -0.997823700900644 -0.0602064550009132 -0.0052374164319136
1586247828.85247 23.5888977701426 -3.04467185738456 35.1100678929871 -0.026562712459076 -0.997821616052038 -0.0601449610103212 -0.00538781135360157
1586247828.95147 23.5898550448362 -3.04034085660877 35.0497653653703 -0.0266527753939212 -0.997815533477082 -0.060186534995339 -0.00560104641139376
1586247829.01747 23.5904160198632 -3.03742327312213 35.0096271333174 -0.0270125848490318 -0.997775187493663 -0.0606819975191418 -0.00571757455984422
1586247829.08347 23.5909640979883 -3.03446856897665 34.9693686595691 -0.0272064505293548 -0.997737554386014 -0.0611942953426856 -0.00590252784162044
1586247829.14947 23.5916429685302 -3.03149318120104 34.9289483483999 -0.0272479067525363 -0.997681819528592 -0.0620647245404219 -0.00604222868188794
1586247829.21547 23.5922591024987 -3.02846264100927 34.8885617827386 -0.0274594976476952 -0.997645101967629 -0.062545610572475 -0.00618652625088461
1586247829.28147 23.5928994260816 -3.02541623552663 34.8482340395368 -0.0275205575972048 -0.997651480279294 -0.0624018206184187 -0.0063368438184829
1586247829.34748 23.5935970467996 -3.02237807291713 34.8079207593299 -0.0274581236606732 -0.997659172917042 -0.0622913281727724 -0.0064820192833765
1586247829.41348 23.5942289071894 -3.01929214249367 34.7674357911127 -0.0276975508563566 -0.997690492860475 -0.0616685787635965 -0.0065964024787084
1586247829.47948 23.5949830699919 -3.01618632220553 34.7268873430756 -0.0276342619506771 -0.997739155939316 -0.0608871469636196 -0.00675866899420425
1586247829.54548 23.5945918804259 -3.0128689002757 34.6874389286986 -0.027550903204254 -0.997743758125859 -0.060838607099937 -0.00685600026672035
1586247829.61148 23.5963547918353 -3.01020285180726 34.6456247735659 -0.0278821314853441 -0.997767183312404 -0.0602854573583996 -0.00699273049346318
1586247829.67748 23.5970529821237 -3.00721263762516 34.6047880473904 -0.0280538434523591 -0.997753651153235 -0.0604144078382202 -0.00712269636416459
1586247829.74348 23.5977696304061 -3.00422388744318 34.5638902734893 -0.0282916089189501 -0.997721498145057 -0.060816489221226 -0.00726303261494715
1586247829.84248 23.5985961535649 -2.99980799000094 34.5024897444409 -0.0301353019456242 -0.99767084076311 -0.0607488097414527 -0.00737151155959012
1586247829.90848 23.5991183807369 -2.99693838748868 34.4617208579189 -0.0302581852535175 -0.997692212540884 -0.0603240149346422 -0.00746354356881866
1586247830.00748 23.6003272509762 -2.99248328106133 34.3998676786057 -0.0314362399657396 -0.997694102044513 -0.0596272727533585 -0.00792653180181731
1586247830.10648 23.6013858042917 -2.98791023201597 34.3377787718325 -0.0321930839302762 -0.997530890766179 -0.0617972297693696 -0.00876525567925638
1586247830.17248 23.6023813940201 -2.98489172586387 34.2962399725967 -0.0316434086900581 -0.997422108771837 -0.0637381433326731 -0.00923475522788735
1586247830.23848 23.6032851651826 -2.98178386736778 34.2547364827938 -0.0319322940727626 -0.997322247657449 -0.0650802095214648 -0.00965552957567425
1586247830.30448 23.6031414942461 -2.97782558855382 34.2133201322824 -0.0312547764451436 -0.997369416265699 -0.0646295548722005 -0.0100203335375505
1586247830.37048 23.6055006803821 -2.97523115712487 34.1720848665613 -0.0307091748770362 -0.997480952862377 -0.0630795567239424 -0.0104720952366904
1586247830.43648 23.6066378697154 -2.97199129596232 34.1308083380779 -0.03029072573494 -0.997571122202992 -0.061783931446113 -0.0108200691391883
1586247830.50248 23.6078210336281 -2.96885474930136 34.0893668138715 -0.0299028990042072 -0.997661587850066 -0.0604484336887281 -0.011097730588239
1586247830.56848 23.6089385506148 -2.96581323686944 34.0479060429424 -0.0295593580646469 -0.997705844057513 -0.0598478690912275 -0.0112927255138087
1586247830.63448 23.6100803137731 -2.96289055665473 34.0061517103424 -0.0294512815756088 -0.997688155272971 -0.0601747228774539 -0.0114004196498329
1586247830.70048 23.6111689291213 -2.95999042265307 33.9643808079851 -0.0294834635843414 -0.997658629670219 -0.060626064378567 -0.0115093152523086
1586247830.76648 23.612267831623 -2.95707313679039 33.922578085011 -0.029325593239496 -0.997612908975138 -0.0614286617768899 -0.0116195068576365
1586247830.83248 23.6133739724141 -2.9540676754454 33.8807810748309 -0.0293179806773613 -0.997572997004661 -0.0620619223766899 -0.0116999763696576
1586247830.89848 23.6145439248044 -2.95105014536659 33.8390434389662 -0.0293647775967483 -0.997594668215885 -0.0616813701787828 -0.0117471850585561
1586247830.96448 23.6157145683797 -2.9478973646617 33.7972029870345 -0.0293032989182525 -0.997624117364232 -0.0612144532163389 -0.0118417837832745
1586247831.03048 23.6159401066844 -2.94393537720634 33.7548039559154 -0.0294399304857126 -0.997654997727993 -0.0606602094412137 -0.0117530843569957
1586247831.09648 23.6179256615111 -2.94152090511931 33.7133111576059 -0.0297394139039833 -0.997663419365777 -0.0603504044288348 -0.0118784513009659
1586247831.16248 23.6190030207497 -2.93848176628484 33.6713496748978 -0.0298951418169228 -0.997615385620422 -0.0610506549392406 -0.0119432156747331
1586247831.26148 23.6206836781456 -2.93390367721237 33.6082965908341 -0.0299461812637097 -0.997553788300963 -0.0620021275457782 -0.0120582691094638
1586247831.32748 23.62175972999 -2.93084254415214 33.5662729895139 -0.0300575424569555 -0.997527136745834 -0.0623587390654259 -0.0121467386271695
1586247831.39348 23.6228869514956 -2.92774674749038 33.5242600991812 -0.0303081498329062 -0.997517586398568 -0.062391170759964 -0.0121417746018519
1586247831.45948 23.6240169455314 -2.92466606261032 33.4822506228944 -0.0303775030907157 -0.997549910823729 -0.0618438316607014 -0.0121129355264001
1586247831.52548 23.6252152259345 -2.92153581318049 33.4402401193715 -0.0302501417294146 -0.997575851580383 -0.0614955609820871 -0.0120683573249195
1586247831.59148 23.6263372961699 -2.91845731142845 33.3982473848754 -0.0303480202417001 -0.997560412325902 -0.0617001466026275 -0.0120545981600689
1586247831.65748 23.627470340003 -2.91530938258741 33.3561569557084 -0.0306807312679081 -0.997526983755822 -0.0620843466199732 -0.0120059698754392
1586247831.72348 23.6282301399316 -2.91146166313924 33.3135321614102 -0.0307650370484901 -0.997509290717599 -0.0623669359019993 -0.0117937582506007
1586247831.78948 23.6296517544637 -2.90898702303283 33.2721694058226 -0.0309279604156937 -0.997455500677355 -0.0631122591241856 -0.011951074481152
1586247831.85548 23.6307946011134 -2.90580390158524 33.2301768811049 -0.0309471559422074 -0.997469096830657 -0.062920761424208 -0.0117750663997955
1586247831.95448 23.6324646849284 -2.90105434276767 33.1673553768392 -0.0303809795472109 -0.997593364170734 -0.0612896840756317 -0.0113159387669684
1586247832.05348 23.6341473494794 -2.89637250720269 33.104241888795 -0.0297191675230195 -0.997746132315053 -0.0592397834378493 -0.0104916438334708
1586247832.15248 23.6356613485251 -2.89176505349499 33.040627098601 -0.029116350256502 -0.9977897295233 -0.0589439294871866 -0.00966990083562387
1586247832.25148 23.6373472416946 -2.88656115738677 32.9743535285976 -0.028265822040137 -0.997781364548286 -0.0596438758237415 -0.00871779451910606
1586247832.31748 23.6381423008105 -2.8841961484903 32.933960765055 -0.028097318730283 -0.99775809342099 -0.060156320870392 -0.0083990923567729
1586247832.38348 23.6389284863617 -2.88100933476674 32.8911128282413 -0.0281769350102853 -0.997746048089179 -0.0603836648024673 -0.00791813619964615
1586247832.44948 23.639678049211 -2.87779932957188 32.8481283388364 -0.0281955657263985 -0.997733939083788 -0.0606316539233167 -0.00746990068475733
1586247832.51548 23.6404565036969 -2.87458949125609 32.8050527250123 -0.0281826031486344 -0.997708874582486 -0.0611021496275644 -0.00701924283713732
1586247832.58148 23.6412009034659 -2.87132528167355 32.7618701511964 -0.0283569543399691 -0.997681852898201 -0.0615061934971148 -0.00661752972561927
1586247832.64748 23.6419055246805 -2.86804062430845 32.718684781199 -0.0286907305350679 -0.997669487644788 -0.0615826101125195 -0.00632594148561178
1586247832.71348 23.6425849700733 -2.86475936371069 32.6754487855337 -0.0290435576939597 -0.997672600481581 -0.0613794837166964 -0.00619782086453046
1586247832.77948 23.6433477694492 -2.86144987676244 32.6320928810917 -0.029160915222943 -0.997680496218508 -0.0611907114023507 -0.00624222128937334
1586247832.84548 23.6441201392997 -2.85818058593869 32.5885593668086 -0.029356810490598 -0.99770268767423 -0.0607184959326332 -0.00638662172953823
1586247832.91148 23.644859587073 -2.85495914635226 32.5450842133329 -0.0292423389836063 -0.997740791684992 -0.0601215058417914 -0.0066032381366119
1586247832.97748 23.6456106490036 -2.8518160708338 32.5006064092412 -0.0287637234803619 -0.997797209349906 -0.0593996434327337 -0.00671264367814153
1586247833.04348 23.6466057981115 -2.8486969347137 32.4578265593654 -0.0285531617694234 -0.997836089007195 -0.0588248396206334 -0.00689163778807704
1586247833.10948 23.6474387816217 -2.84559022236226 32.4139244116293 -0.0282382106965808 -0.99785935695211 -0.0585613232460621 -0.00706247969535409
1586247833.17548 23.6483973594514 -2.84255142758775 32.3699471128747 -0.0278170126052909 -0.997847552470616 -0.0589468602077693 -0.00719329616824244
1586247833.24148 23.6495215447649 -2.83935976304811 32.3257677804591 -0.027376685361997 -0.99783423396603 -0.0593531983587329 -0.00738623507648577
1586247833.30748 23.6502824463909 -2.83642964635155 32.2817383967275 -0.0270059095451597 -0.997836447298155 -0.0594588562347654 -0.00759932288358115
1586247833.37348 23.6512261397962 -2.83328160809675 32.2374773700643 -0.0267860375479035 -0.997831371598551 -0.0596182331240303 -0.00779283808415385
1586247833.47248 23.6527402482195 -2.82850388925486 32.1710229553617 -0.0263366566672806 -0.997837662676981 -0.0596797072387606 -0.00804437709363444
1586247833.57149 23.6544149126919 -2.82359966323301 32.1039259616192 -0.0258043233262831 -0.997839947413514 -0.0598412785222493 -0.00828236851932412
1586247833.63749 23.6554162750992 -2.82043899673969 32.0597130201638 -0.0252238981469757 -0.997851681380627 -0.0598687881101669 -0.00845607109395548
1586247833.70349 23.656533960009 -2.8171816998832 32.015039622917 -0.0248718336658395 -0.997858103064681 -0.0598785790603215 -0.00866912959718767
1586247833.76949 23.6575743654952 -2.81395623410394 31.9703086867396 -0.024651678645456 -0.997859698663268 -0.0599148596797959 -0.00886149610185557
1586247833.83549 23.6585934545253 -2.81074142799542 31.9255446814284 -0.0245631201244428 -0.997861908709357 -0.0598837624419863 -0.00906638144264858
1586247833.90149 23.6596403955399 -2.80705384112969 31.8810289821645 -0.0242666800611109 -0.997823997989707 -0.0605840366297464 -0.00937932728365613
1586247833.96749 23.6607714472601 -2.804339005818 31.835791988142 -0.0242223518447807 -0.997821348016234 -0.060628679745568 -0.00948674372393116
1586247834.03349 23.6618272387872 -2.80110177062699 31.790852400154 -0.024700052937642 -0.997807502218794 -0.0606325548354189 -0.00968448216992799
1586247834.09949 23.6628971472516 -2.79792836768607 31.7460241997304 -0.0245276645961092 -0.997809528258799 -0.0606436295954591 -0.0098432299018977
1586247834.16549 23.6639291505155 -2.79465884485378 31.70113227526 -0.0252127491219973 -0.997781310364773 -0.0607969122988378 -0.0100254388131442
1586247834.23149 23.6648659707093 -2.79135034237222 31.6562225969323 -0.0261221788456365 -0.997722788667127 -0.0613294357216448 -0.0102746805650113
1586247834.29749 23.6659132439458 -2.78801895512659 31.6112636922286 -0.0264930267869273 -0.997656092080771 -0.0622114687751692 -0.0104964097970366
1586247834.36349 23.6670258286956 -2.78464358810567 31.5661828988972 -0.0268462052039524 -0.99760559730539 -0.0628289936867257 -0.010717790976566
1586247834.42949 23.6681533759617 -2.78118570281802 31.5211109921372 -0.0271271413527818 -0.997573288830742 -0.063174748223559 -0.0109819306286393
1586247834.49549 23.669408022146 -2.77774119331448 31.4761175830814 -0.0272639018254676 -0.99759018371187 -0.0628136466399946 -0.0111781400400646
1586247834.56149 23.6702650945012 -2.77434096144345 31.4318278334547 -0.0271930396755112 -0.997641897164611 -0.0619684329193406 -0.0114497570507898
1586247834.66049 23.6725843762406 -2.76922914133103 31.3638273505724 -0.0268598135779657 -0.99773746150657 -0.0605111899819347 -0.0117006071617557
1586247834.75949 23.6746184244464 -2.76437309122829 31.2960938528927 -0.0264862602692419 -0.997752683226884 -0.0603693394637176 -0.0119834879404174
1586247834.82549 23.6759050085817 -2.76124053747664 31.2511762375634 -0.0264777686706175 -0.997729647045302 -0.0607092539158853 -0.0122010516783925
1586247834.89149 23.6771578878496 -2.75800961473329 31.2059527737369 -0.026735367741885 -0.997664677800057 -0.0615993311150028 -0.0124873210897379
1586247834.95749 23.6786077214852 -2.75479610564666 31.1607877100642 -0.0265368577826295 -0.997649307469755 -0.0618800231571034 -0.0127482241201998
1586247835.02349 23.6807506388693 -2.75016222357838 31.1146240117703 -0.0260305408139706 -0.997643968364591 -0.0621236489589279 -0.0130221185185649
1586247835.12249 23.6820915678228 -2.7467567712253 31.0490023141373 -0.0259070679326846 -0.997708010842418 -0.0610620048122428 -0.0133783594026177
1586247835.18849 23.6833072572204 -2.74351743707757 31.0046822733742 -0.0263109579084828 -0.997721656077607 -0.0606334068438598 -0.0135211117221383
1586247835.28749 23.6854857524667 -2.73870808080104 30.9374846257724 -0.026203657164958 -0.997665697661839 -0.0615659653938519 -0.0136438984612396
1586247835.38649 23.6876825483533 -2.7339171895197 30.8705780029906 -0.0262659447155889 -0.997610253516014 -0.0624228320604843 -0.0136847457214614
1586247835.48549 23.6897500552628 -2.72908688659925 30.8039301595924 -0.0265510296671104 -0.997622114411074 -0.0621085988759212 -0.0136996936923838
1586247835.58449 23.6917420183478 -2.72411189069233 30.7373709933804 -0.0274741380264036 -0.997584061663635 -0.0623944004673158 -0.0133473010273882
1586247835.68349 23.693877263165 -2.71929137232134 30.6708269190008 -0.0273711611130457 -0.997563916853667 -0.062852152647472 -0.0129096180606486
1586247835.78249 23.6957998940121 -2.71456182131876 30.6050101415165 -0.0271686827714965 -0.997619417749384 -0.0621187129108313 -0.0125946620496054
1586247835.88149 23.6987930115617 -2.70839850383242 30.5376634483405 -0.0261411275895714 -0.997771341094371 -0.0601330371302019 -0.012369728557407
1586247835.98049 23.700038820777 -2.70518072782383 30.4735682293464 -0.024891940349039 -0.997736680916649 -0.0612900934325229 -0.0120594902927443
1586247836.07949 23.7017061004201 -2.70041182633382 30.407205163665 -0.0253039626952322 -0.997454648944128 -0.0656241602352726 -0.0117218754933154
1586247836.14549 23.7030341495068 -2.69713878211686 30.3634470929171 -0.024394847764261 -0.99734291770837 -0.0676801415385341 -0.0114627370570034
1586247836.21149 23.7042853119996 -2.6935146731209 30.3199041889729 -0.0241315379951756 -0.997407906861366 -0.0668494250190339 -0.0112379081256939
1586247836.31049 23.7059367931772 -2.68806674668426 30.2553678313908 -0.0248407186134925 -0.997583407765173 -0.0639483056022851 -0.0109953381479518
1586247836.40949 23.70752132836 -2.68313317959558 30.1905245957921 -0.0248997235283353 -0.997769585004071 -0.0609947971527376 -0.0107468008873559
1586247836.47549 23.7086144480355 -2.68002853030906 30.1473770071726 -0.0249791477698581 -0.997803035548408 -0.0604645473594691 -0.0104490640580163
1586247836.54149 23.7095581948634 -2.67711720412853 30.1042123637386 -0.0253668289131146 -0.997773800399055 -0.0608285890489589 -0.0101906811564227
1586247836.60749 23.7114716697962 -2.67257276474818 30.0593544780379 -0.0253951133065825 -0.997696321172108 -0.0621076074916586 -0.00998919573589793
1586247836.77249 23.7129488998247 -2.66649222796528 29.9531532498181 -0.0270030611681825 -0.997519238650457 -0.0642679598021245 -0.00978941022907738
1586247836.83849 23.7138307607497 -2.66325869587719 29.9105422202667 -0.0273986661684808 -0.997559332244834 -0.0634614312368649 -0.00986602700171775
1586247836.90449 23.7148094199855 -2.66002999131118 29.8681301599332 -0.0275506912337501 -0.997645869259314 -0.0620024898795447 -0.00996846081939882
1586247837.00349 23.7163829126368 -2.65525548556278 29.8043376642216 -0.0280794990730677 -0.997713386903757 -0.060593532636336 -0.0103905306644809
1586247837.06949 23.717573889811 -2.65218532816335 29.7619244193904 -0.028122872460372 -0.997685877709181 -0.0609498213713076 -0.0108218639357393
1586247837.13549 23.7188003759175 -2.6491675242461 29.7193902603835 -0.0281458020615523 -0.997643591900896 -0.0615324351718173 -0.0113506293753362
1586247837.23449 23.7208820667395 -2.64474197641669 29.6559217968587 -0.0278767043663302 -0.997600057886703 -0.0621559594806333 -0.0123955862774245
1586247837.36649 23.7236368750128 -2.6386202137442 29.571729522346 -0.0285551910989937 -0.997593739012203 -0.0615680682161455 -0.0141670717187542
1586247837.46549 23.725786941012 -2.63395997314623 29.5088985834681 -0.0292484807652057 -0.997477306095777 -0.0626926392254446 -0.0159117310116771
1586247837.56449 23.7283124255172 -2.62925728765781 29.446098265623 -0.0297413601933483 -0.997334868330805 -0.0641292457166468 -0.0180569030910159
1586247837.66349 23.7311427432381 -2.62443931595844 29.383539344806 -0.0301706734660723 -0.997240490764797 -0.0645402016811563 -0.0208733420598412
1586247837.7625 23.7346058837545 -2.61962628664939 29.3216381165454 -0.0295538545666037 -0.997286973754455 -0.0629498155503878 -0.024136743403161
1586247837.8615 23.7385226175312 -2.61516834331265 29.2602533983674 -0.0285438779227233 -0.997387569085518 -0.060291891358675 -0.0277159142589134
1586247837.9605 23.7426089445601 -2.61097546838212 29.1988558815024 -0.0295331940148862 -0.997398415589003 -0.0576936456176491 -0.0315536731169355
1586247838.0595 23.7473316889226 -2.60697773210993 29.1374428623925 -0.0303154088581749 -0.997185249022721 -0.0583864148228078 -0.0359663965583969
1586247838.1585 23.7521981145116 -2.60321146485155 29.0759563733477 -0.0331090981342141 -0.996766744954458 -0.0604639148548556 -0.0412790355272359
1586247838.2575 23.7579250514831 -2.59847052747181 29.0150722913192 -0.0354731371906061 -0.996328185618166 -0.0616421460965511 -0.0476660141534872
1586247838.3565 23.7642955043525 -2.59486643342019 28.9535244285337 -0.0380015808640248 -0.995847435361393 -0.0619245497381945 -0.0548554051638844
1586247838.4555 23.7719138451117 -2.59065587202014 28.893182575008 -0.038625848259652 -0.995353135780029 -0.0626108834903527 -0.0621293506134027
1586247838.5545 23.7808577339077 -2.58630106803371 28.8331678652032 -0.0373759568709174 -0.994922850721463 -0.0627148852586305 -0.0692704996896804
1586247838.6535 23.7905355536258 -2.58212962306952 28.7733508019623 -0.0358615281514511 -0.994429878590974 -0.0632014453411097 -0.0763462158261897
1586247838.7525 23.8010674583856 -2.57806955289756 28.7139865130048 -0.0349508267277714 -0.993895310052341 -0.063413882214138 -0.08324200808209
1586247838.8515 23.8119251606249 -2.57375033103095 28.6551386960773 -0.0351228135427128 -0.99330031670506 -0.063075232528701 -0.0902351585797977
1586247838.9505 23.8238391465493 -2.56985072901106 28.5962228868284 -0.0361215363921987 -0.992650748115958 -0.0623874028982647 -0.097198450775235
1586247839.0495 23.8364072395662 -2.56583701725633 28.5376666653456 -0.0368961635968386 -0.991899950245114 -0.062602890858775 -0.104182723479955
1586247839.2475 23.8640028387235 -2.55801862420138 28.4210380841853 -0.0384728637915638 -0.990237015279281 -0.0632445531637838 -0.118112737744794
1586247839.3465 23.8791683536295 -2.55414351624701 28.3632538283308 -0.0383555025752114 -0.989484998896401 -0.0619876684686941 -0.124923261801028
1586247839.4455 23.895230193666 -2.55034837778856 28.305683214916 -0.0373350392763543 -0.988690894889297 -0.0613711926406899 -0.13164340438888
1586247839.5445 23.9120851502231 -2.5466655046947 28.24813894038 -0.0357255920063954 -0.987901766334437 -0.0613123967682459 -0.137893336139299
1586247839.6435 23.9296932166495 -2.54307304508144 28.1910024584486 -0.033998854985064 -0.987176550237557 -0.0612018705230771 -0.143460334466558
1586247839.7425 23.948183462777 -2.53933761517202 28.133810692055 -0.0305201432709934 -0.986541223325715 -0.0611819149316455 -0.148531844461099
1586247839.8415 23.9669260230884 -2.53555390858739 28.0765090239155 -0.0293318467265564 -0.985837406163666 -0.0627351832045865 -0.152736859220006
1586247839.9405 23.9859059723651 -2.5317068882875 28.0198280587837 -0.0285673550276889 -0.985210393414776 -0.0638715076794429 -0.156412331486295
1586247840.0395 24.0051137023049 -2.52777691438757 27.9627180666298 -0.0293665646926188 -0.984563301891664 -0.0644933517821254 -0.160041610283845
1586247840.1385 24.0245930173569 -2.5237439475488 27.906165345547 -0.0304168637397434 -0.983896012518274 -0.0649797118115943 -0.163710378424098
1586247840.2375 24.0444478914309 -2.51976006282588 27.8499067026777 -0.030901351619249 -0.983224019978956 -0.0655871481787537 -0.167373710594896
1586247840.4355 24.0852591277445 -2.51200284571752 27.73823563541 -0.0311819714745476 -0.982251397377976 -0.0649330274374113 -0.173186543795371
1586247840.5345 24.1061798997984 -2.50814838460148 27.6826679978662 -0.0307490061297641 -0.981952611417086 -0.0641882687782171 -0.175223952998594
1586247840.6335 24.1269995827556 -2.50438891788538 27.6274500326756 -0.0313537023718463 -0.981538563238274 -0.0642145753390874 -0.177413309922741
1586247840.6995 24.1410152006096 -2.50197052685487 27.5907830227727 -0.0317243723816592 -0.981190870660979 -0.0648772008488035 -0.179022312404248
1586247840.7985 24.1620264939563 -2.49831800560121 27.5361555973534 -0.0324656470851219 -0.98066827829902 -0.065862541894437 -0.181377604109725
1586247840.8975 24.1831792671149 -2.49459335759635 27.4818582202999 -0.0332723723198106 -0.980131817523299 -0.0670747964515381 -0.183672374623052
1586247840.9965 24.2045322629824 -2.49073950260295 27.4281107863137 -0.0334549469699299 -0.979620932096643 -0.0683117135563005 -0.185895416060603
1586247841.0955 24.2259228189401 -2.48705191917063 27.3751597073532 -0.0334632981388515 -0.979137979411706 -0.0688036210925485 -0.188242095918489
1586247841.1945 24.2472610224916 -2.48341260680791 27.3228993747698 -0.0340274736310618 -0.978779973981341 -0.067205917379174 -0.190565627122514
1586247841.2935 24.2687016721667 -2.47994475236213 27.2713384254465 -0.0343214777900913 -0.978487841201486 -0.0649414628589563 -0.19278533965242
1586247841.3925 24.2901369437813 -2.47671528463768 27.2203812616809 -0.0343379243209174 -0.978124810136426 -0.0641338653645118 -0.194883580792018
1586247841.5905 24.3331398292866 -2.47079087813157 27.1201512214293 -0.0332193313205484 -0.977188397081951 -0.0654320671543986 -0.199293645716376
1586247841.6895 24.3544920460596 -2.46771301515768 27.0710802604229 -0.0333342266545204 -0.976777007199284 -0.0648976821628122 -0.201454209164392
1586247841.7885 24.3758034026281 -2.46475072912038 27.0228166380047 -0.0327209453183417 -0.97644053883581 -0.0640894451300516 -0.203434895921103
1586247841.8875 24.3972590532586 -2.46178443835744 26.9751691518756 -0.0320205252898694 -0.976119415660242 -0.0639841842069079 -0.205113618520676
1586247842.11851 24.4459919176587 -2.45553161545979 26.8677049982363 -0.0310951839417355 -0.975109987354591 -0.0661621626638981 -0.20932312420895
1586247842.21751 24.4663183459061 -2.45281724447126 26.8235130831397 -0.0308893713685931 -0.974760043758575 -0.0668119736832284 -0.210772066462292
1586247842.31651 24.4862175407933 -2.45017107356364 26.7805384048083 -0.0306764930867389 -0.974567986991232 -0.0670283455222102 -0.211620869481985
1586247842.41551 24.5056896281305 -2.4476157381753 26.7386612129123 -0.0303399569560581 -0.974425005321117 -0.0669866614370089 -0.212339782439302
1586247842.54751 24.5307720538583 -2.44432747215571 26.6848471117926 -0.0301242119192596 -0.974306345185455 -0.0665432870371656 -0.213053205885044
