1585225975.622 -1.55822426259333e-06 1.87322923231314e-06 -3.21758615048906e-06 1.05462613275709e-06 -1.58173893421293e-06 2.73575724082584e-06 0.999999999994451
1585225977.86601 -0.000220617253253369 -0.00118707359910986 0.0280161876790034 0.00426518683043736 0.000371813767005242 -0.000198607054718206 0.999990815203351
1585225978.06401 -3.30792602657171e-05 -0.00179626115963911 0.0393792214156762 0.00465407834416182 0.00150137438959557 -0.000414639065359583 0.999987956679556
1585225978.36101 0.000318174966795093 -0.00279945843776807 0.0602518063443503 0.00462413479059332 0.00505895438983529 -0.000346801459001917 0.999976451766074
1585225978.62501 0.00112954234658846 -0.00396267698399772 0.0824247790928495 0.00486678501316928 0.00811183360178454 0.000677821764828418 0.999955025547103
1585225978.85601 0.00134030426199375 -0.00492807525759457 0.104490237575456 0.00542073440879465 0.0103422004062588 0.00020242527928779 0.9999318044513
1585225979.08701 0.00206661835974867 -0.00636513256949654 0.128709693668578 0.0064323616338155 0.0118706290860566 -0.00148763420455738 0.999907745661262
1585225979.31801 0.00254977792630023 -0.00777659147588401 0.154886904378246 0.00771439916755417 0.0136479141687495 -0.00380140197566609 0.999869877447733
1585225979.54901 0.00345915540408367 -0.00936153814763128 0.183340587140041 0.00906592843322668 0.0151117233452172 -0.00525909656032494 0.999830879030324
1585225979.78001 0.00423620432027982 -0.0110434215384636 0.213518314422503 0.0106754536124256 0.0167263286950587 -0.00590620503908183 0.99978566771113
1585225980.01101 0.00509378910107239 -0.0130388963898283 0.245661212356852 0.0112860417171367 0.018370784217027 -0.00982316059349148 0.999719283131802
1585225980.24201 0.00612449940164647 -0.0153984849978248 0.279409007191539 0.0122475673017927 0.0195091101444221 -0.0132296687332891 0.999647121529277
1585225980.44001 0.00700796913188209 -0.017435428714975 0.309635721381941 0.0137848484967834 0.0189106525867173 -0.0136231040971966 0.999633320875921
1585225980.67102 0.00793071448435312 -0.0196692757332765 0.346951309714001 0.0136323680319043 0.0146209512133517 -0.0135470530994707 0.999708389321496
1585225980.86902 0.00769904887976211 -0.0219576654019912 0.380539860113917 0.013747899310893 0.00647726885064012 -0.016819473120159 0.999743039774088
1585225981.06702 0.00635452590868976 -0.0243811616434908 0.416477026095591 0.0118641564618248 -0.00605786545546343 -0.0188987254187483 0.999732655380987
1585225981.23202 0.00470222581959368 -0.026245346243638 0.447885211219992 0.010712560920159 -0.0201895940648325 -0.0182372314681265 0.99957242094728
1585225981.39702 0.00172627776240511 -0.0280010027391771 0.480892128842868 0.00786326005756505 -0.0361956399929194 -0.0180400523728138 0.999150940197304
1585225981.56202 -0.00266158548576362 -0.0296365381759222 0.515663741045064 0.00129726518481027 -0.0536693224712115 -0.0182106385735906 0.9983918537184
1585225981.69402 -0.00768345452068567 -0.0307703777684139 0.544222796643362 -0.00278106437102033 -0.0687732357330136 -0.0202525378662167 0.997422850368766
1585225981.82602 -0.0139342213089068 -0.0317713115535082 0.573372158039992 -0.0061130403839661 -0.0848659311206398 -0.0237578620037404 0.996090341517928
1585225981.95802 -0.0210380877313266 -0.0323250358595443 0.602968479081014 -0.00856628338001181 -0.10287068658602 -0.0239486757136368 0.994369499513102
1585225982.05702 -0.0268695290933899 -0.0327530700663277 0.625523258142775 -0.0082368189618654 -0.117409612434986 -0.0226725926368616 0.992790557602347
1585225982.15602 -0.0330027924521104 -0.0333357986350877 0.64819462787314 -0.00757705273568687 -0.1318804744499 -0.0201193916733248 0.991032461027087
1585225982.28802 -0.0436418865064598 -0.0339487564093817 0.678717685491204 -0.00600676958276275 -0.151985567761449 -0.019143216567995 0.988179054205684
1585225982.42002 -0.0562712498178348 -0.0345436142858821 0.709093108487706 -0.000817020095530974 -0.172744698403496 -0.0249140528413079 0.984651152247673
1585225982.51902 -0.0669040294938421 -0.0348797666038823 0.732090843836827 0.00143855757281031 -0.188662201966883 -0.0269956285914951 0.981669873296551
1585225982.61802 -0.0782341072971657 -0.0353834388303868 0.755628057690666 0.000628889249484621 -0.205463155831728 -0.027512977605458 0.978277839960234
1585225982.71702 -0.0899651966572013 -0.0361310320349704 0.779523718046372 -0.00299240569849124 -0.222258465532485 -0.0249907937735322 0.974662854649673
1585225982.81602 -0.102560939487837 -0.0370321926723958 0.802997187150886 -0.0068400254942112 -0.238208484142825 -0.0234898963785868 0.970905843479037
1585225982.94802 -0.121077804754876 -0.0377695453935488 0.833963702907599 -0.00927584057460479 -0.259076754634148 -0.022416619077342 0.965552012674104
1585225983.04702 -0.136046056621117 -0.0380025382031039 0.856750060862223 -0.009323357624208 -0.274639321015649 -0.0217327826598977 0.961256471766267
1585225983.14602 -0.151633336128909 -0.0381976620024631 0.879412521921687 -0.00967751050393278 -0.289745801844237 -0.0200338872373341 0.956845002843328
1585225983.24502 -0.168107853087311 -0.0384452084726462 0.902015177118406 -0.0112636132366785 -0.304290017113543 -0.0180392730346869 0.952342008487641
1585225983.34402 -0.185231658706609 -0.0387510599868646 0.924308238124546 -0.0130597731319387 -0.317908379296544 -0.0161563249114629 0.947893811491637
1585225983.44302 -0.203039208550549 -0.039040715150782 0.946478462478137 -0.0144281637949759 -0.330685192043879 -0.0144138125252224 0.943520733137802
1585225983.57502 -0.227660154626051 -0.039026563326847 0.975169812088524 -0.0156411300134672 -0.345934247824862 -0.0136570332234081 0.938028963666519
1585225983.67402 -0.246523193385418 -0.0390895189056152 0.995945911041323 -0.0168090622486076 -0.355565310863864 -0.0141791360771178 0.93439269969147
1585225983.77302 -0.265471874706338 -0.0393018358393293 1.01675932543959 -0.0181611963473058 -0.363817190447019 -0.0147160905528281 0.931177029120303
1585225983.90502 -0.293112562838329 -0.0391995833880365 1.04452875595768 -0.0193460804291666 -0.372561176330089 -0.0165436288218248 0.927658454070772
1585225984.03702 -0.322163117191441 -0.0391508106279983 1.07417228944321 -0.0196145384628658 -0.379226328755764 -0.0169448220350107 0.924940827548182
1585225984.20202 -0.357767439233236 -0.0389499228190468 1.10960090150346 -0.0201189606596959 -0.385068017092627 -0.016303693405055 0.922524817669248
1585225984.36702 -0.394253775723061 -0.0387095265019528 1.14506975696126 -0.0203491324714335 -0.38884159821947 -0.0149859504226108 0.920957949958476
1585225984.49902 -0.421453254487022 -0.0383917202541073 1.17024110752016 -0.0201104854747529 -0.390662914228704 -0.0147452815527637 0.920195975046748
1585225984.66402 -0.46040888219137 -0.0386326563892585 1.20902416939672 -0.0201403276693193 -0.392554091259093 -0.0131257380963487 0.91941468752492
1585225984.79603 -0.489787107878737 -0.0386590848239229 1.23716004285252 -0.020205035847892 -0.393617997000586 -0.0119343530645937 0.918974537286296
1585225984.96103 -0.52713127858089 -0.0385776728934437 1.27264766122047 -0.0195664261751151 -0.394499756047736 -0.0114885964412008 0.918615866179559
1585225985.12603 -0.564669237833783 -0.0386371718235529 1.30807877275218 -0.0198838406549634 -0.394985811477066 -0.0120470633081133 0.918393004044707
1585225985.29103 -0.601459510502909 -0.0386887114809177 1.34296233955404 -0.0210288125541627 -0.395527044121655 -0.0105142843701935 0.918153362045323
1585225985.45603 -0.636111042900303 -0.0382998914356038 1.37446182157679 -0.0191700533487693 -0.395816936441865 -0.0101970999161026 0.918072699209427
1585225985.62103 -0.676278116610039 -0.0388154328111669 1.41398978027469 -0.0193117795809247 -0.396212419382708 -0.0063726669405853 0.917933637586282
1585225985.78603 -0.713680763138014 -0.0390726581292863 1.44957907823542 -0.0213797897895441 -0.396109867547302 -0.00487418455918234 0.917941239810641
1585225985.98403 -0.75962198479284 -0.0388832952230273 1.49227286959999 -0.0239058661823739 -0.395586932644237 -0.0107155389074025 0.918054827071411
1585225986.14903 -0.79762101866472 -0.0385155728283599 1.5283205741946 -0.0233901584180227 -0.393737781809352 -0.0100553425710243 0.918870148470833
1585225986.31403 -0.834702506961264 -0.0381179404608185 1.56374789074361 -0.017858219601409 -0.390713870562061 -0.00937784989164678 0.920291155708067
1585225986.47903 -0.872445917615826 -0.0381818567022909 1.6001466760176 -0.0173073531679586 -0.387738950401017 -0.0102255300078047 0.921549998862947
1585225986.61103 -0.904127347480795 -0.0383907084988124 1.63211774778225 -0.0196538630691133 -0.384435467895181 -0.0109099162649189 0.922878144945348
1585225986.77603 -0.937720262441173 -0.0388204867137402 1.6664054148894 -0.0197058580212473 -0.380050510796312 -0.00993157839386413 0.924702466825798
1585225986.94103 -0.975020619998714 -0.0388342036117868 1.70460366786908 -0.0170977997828581 -0.375709658649331 -0.00979755681183433 0.926527887071246
1585225987.10603 -1.01179280227106 -0.0391055142023835 1.74347773767292 -0.0174306296261056 -0.371386345660751 -0.00962321524159607 0.928264913231134
1585225987.27103 -1.04835760830287 -0.0394675435770828 1.78270007044064 -0.0189926541513274 -0.366911698048506 -0.0103011954738995 0.930004822726882
1585225987.43603 -1.08481939519416 -0.0396693748038308 1.82266665039773 -0.0186001199414924 -0.362532977661275 -0.0107211470084609 0.931723635340992
1585225987.60103 -1.12166161429779 -0.0398429970413018 1.86371656186667 -0.0172803170401968 -0.358144862121773 -0.00999032648469256 0.933452645695268
1585225987.76603 -1.158436359437 -0.0401401943177555 1.9052251987459 -0.0174612948108235 -0.353576956034806 -0.0097801858883155 0.93519131053955
1585225987.89803 -1.18740380752617 -0.0404309540238205 1.93852152209597 -0.0181387187053571 -0.350268936521725 -0.0100368347686504 0.936419735449598
1585225988.03003 -1.21633551396461 -0.0405570023760239 1.97271950600425 -0.0187900754092533 -0.347654445456106 -0.00956514058279101 0.937385634467669
1585225988.16203 -1.24565856937103 -0.0406062227254249 2.00773865452384 -0.0201564909054044 -0.345225484331269 -0.00881260224660937 0.938261913798202
1585225988.29403 -1.2808357237451 -0.0406255818840719 2.04846833391444 -0.0212633469735631 -0.342706046685443 -0.00860541696887651 0.939162596380152
1585225988.42603 -1.30359297218631 -0.0408090246487891 2.0770114961597 -0.0210252055023058 -0.340477407660022 -0.00831132079060318 0.93998084956738
1585225988.55803 -1.33223198863149 -0.041003397642727 2.11209069960963 -0.0196601586932947 -0.338413495605871 -0.00693103614610624 0.940766573008369
1585225988.65703 -1.35403019562027 -0.0411468800077887 2.13856892229941 -0.0179747201078184 -0.33711432671388 -0.00601855733824485 0.941272870706927
1585225988.75603 -1.37581850515055 -0.041380294356963 2.16523150778979 -0.0164098587960058 -0.336293929360607 -0.00557326243071821 0.941597604263826
1585225988.88803 -1.40482978631972 -0.0419071932008319 2.20086692246111 -0.0154856452995155 -0.335602204934461 -0.00576318975111118 0.941858875032071
1585225989.02004 -1.43419773965263 -0.0423143026660026 2.23715891691325 -0.0163759281396959 -0.334647473075897 -0.00590833306337238 0.942182566884939
1585225989.15204 -1.46368410292035 -0.0426860807971412 2.27387137433043 -0.0186869795594166 -0.333590070199246 -0.00583273827460232 0.942514955331547
1585225989.25104 -1.4855761084949 -0.0428702081142522 2.30136539608603 -0.0197821155189662 -0.332909771061579 -0.00476904143204984 0.942739098839727
1585225989.35004 -1.50775643858604 -0.0430730375920664 2.32903844442956 -0.019467397543235 -0.332580006279704 -0.00481210356348197 0.942861815705345
1585225989.48204 -1.53738256942028 -0.0433727921851372 2.36591173055824 -0.0183463514577118 -0.332862692651206 -0.00449301089365217 0.942786111523864
1585225989.58104 -1.55956407327961 -0.0436701917012789 2.39334557661755 -0.0172365248672124 -0.33331798584606 -0.00467246191968945 0.942645315387308
1585225989.68004 -1.58174621281972 -0.0441609225355255 2.42064636741517 -0.0162001249298065 -0.333422559345227 -0.00512976048242755 0.942624335793072
1585225989.77904 -1.6042516861315 -0.0447467281275901 2.44825626275003 -0.0146422930186615 -0.333485011716991 -0.00600808934419569 0.942622540085747
1585225989.87804 -1.62665896100675 -0.0453427591913206 2.47588740968358 -0.0136487605571615 -0.333794108426726 -0.00635900125162647 0.942525738437918
1585225989.97704 -1.6490696671673 -0.0458129748472964 2.50348814413534 -0.0139565729973527 -0.334253651643498 -0.00696701659377491 0.942354058256735
1585225990.07604 -1.67156614016175 -0.0464257279603845 2.5311661906994 -0.0148454220691818 -0.334489800507625 -0.00776423306633891 0.942250446264075
1585225990.17504 -1.69415415889202 -0.0470910168332667 2.55887617748452 -0.0153195351155154 -0.33456597394697 -0.00886115365678392 0.942206135023876
1585225990.27404 -1.71662363443442 -0.0474977288839713 2.58658806667329 -0.0149430788816055 -0.334332742053648 -0.00897723711555487 0.942293866688199
1585225990.37304 -1.73932459485758 -0.0478603986281722 2.61458683484437 -0.014415337674366 -0.333655720089164 -0.00980554415440676 0.942533771169687
1585225990.47204 -1.76229267585633 -0.0483121654387068 2.64298460711355 -0.0143750104681402 -0.332380419370853 -0.011101069884727 0.942970509687504
1585225990.57104 -1.79323533895532 -0.0489909402260733 2.68038212931887 -0.014531967786856 -0.330788745092707 -0.011492903943454 0.943522941528811
1585225990.70304 -1.81545500180743 -0.0493654955064575 2.70975505277155 -0.0147616175055595 -0.328927382957938 -0.0118668894375884 0.944165265366259
1585225990.83504 -1.8458341506977 -0.0498834693046008 2.74842262378678 -0.0144131632613993 -0.326746613440432 -0.0113039740650276 0.944934458838467
1585225990.96704 -1.87596900399251 -0.0505369956842303 2.7866476726845 -0.0127223036731748 -0.324614984379266 -0.0132255607763008 0.945668197333424
1585225991.09904 -1.9063192955278 -0.0511280041072312 2.82539707178386 -0.0115490182033879 -0.322647172810626 -0.0154132642392147 0.946323334458862
1585225991.23104 -1.93664484335248 -0.051718743170781 2.86498017982432 -0.0139021367560689 -0.320639530588245 -0.0160759764991699 0.946962821338496
1585225991.36304 -1.96681945252556 -0.0524140011422011 2.90446449565783 -0.0162205725642902 -0.317981013414486 -0.0177115863089288 0.947792840152322
1585225991.46204 -1.98937116940418 -0.0526890766644361 2.93408054967368 -0.0157610061605241 -0.315928373159983 -0.0187731821936407 0.948466352248523
1585225991.56104 -2.01176331725092 -0.052939280630746 2.96377509980107 -0.0139166541109525 -0.313980271545368 -0.0207741843153737 0.949100178634839
1585225991.66004 -2.03379577003254 -0.0530693007805451 2.99349568987722 -0.0120826238499862 -0.312072317341508 -0.0218517439144871 0.94973016180276
1585225991.75904 -2.05598511272805 -0.0533559109752541 3.02323362644821 -0.011754431099151 -0.309955831197981 -0.0237522461246259 0.950381526998468
1585225991.85804 -2.07779218476021 -0.0539879416717417 3.05264723299802 -0.0122354433747916 -0.307575508147516 -0.0268706338166783 0.951065491830878
1585225991.99004 -2.11225001994364 -0.0550852506023664 3.09918638712965 -0.0112210671068688 -0.304533743877241 -0.0296250113837205 0.951974603229313
1585225992.12204 -2.13354340305442 -0.0553158663720085 3.13004783487526 -0.0074874985629817 -0.301748088619767 -0.0286121049671301 0.952928840905205
1585225992.25404 -2.16040832521883 -0.0560868201252024 3.16894240302468 -0.00741643062157266 -0.299054302115443 -0.0270983182813153 0.953822416432643
1585225992.38604 -2.18687161503896 -0.0572425886868899 3.20747440352307 -0.0116021463622056 -0.29628085134687 -0.0275080438355786 0.954634147120929
1585225992.51804 -2.21256743526816 -0.0581211179423939 3.24504339444325 -0.0152110469673556 -0.293591694348687 -0.0286055502326 0.95538173708498
1585225992.65004 -2.23738704501674 -0.0585830473994599 3.28162776677365 -0.0154799680530561 -0.291400814454864 -0.028781870884179 0.956042645404756
1585225992.78204 -2.26129803413178 -0.0590933792234364 3.3174305743652 -0.0148336740774326 -0.290275314663698 -0.0280625727033626 0.95641659114819
1585225992.91404 -2.28431832139314 -0.0597845772902565 3.35192826162312 -0.0141162885191289 -0.289862933803305 -0.0276046628033196 0.956565832860918
1585225993.01304 -2.30117015611676 -0.0603126124844384 3.37727240879546 -0.0143425761614449 -0.289893577403265 -0.0270870685625785 0.956567977200824
1585225993.14505 -2.32295665902198 -0.061016925289556 3.41010043773489 -0.0152185170955363 -0.290774039311861 -0.0264076082500901 0.956306171174372
1585225993.27705 -2.34418819872676 -0.0616342786359123 3.44167418478705 -0.0165131921169003 -0.292684847566614 -0.0252857220345585 0.955731932474901
1585225993.40905 -2.36496016133961 -0.0621100177055677 3.47178960620304 -0.0173981376038223 -0.296408369020582 -0.0243958808880446 0.954591129530425
1585225993.54105 -2.38590858271298 -0.0626278395245001 3.50108936148497 -0.0178805545067224 -0.302871370719251 -0.0240953414087474 0.952558991922059
1585225993.67305 -2.40674274470723 -0.063054380811788 3.52862345768379 -0.0174635438879601 -0.311850050942905 -0.0240246415538397 0.949666987401368
1585225993.80505 -2.42744428216371 -0.0632070479185764 3.55460743429054 -0.0150160431033983 -0.323227045036224 -0.0235879010917495 0.945908244349712
1585225993.93705 -2.44909098637485 -0.063206576171694 3.57968326334356 -0.0142993813536352 -0.336174342671807 -0.026980314108572 0.941304627457384
1585225994.06905 -2.47182481146096 -0.0632111609066106 3.60442945038954 -0.0166662937418071 -0.350072367007588 -0.0310145118208352 0.936060720555633
1585225994.20105 -2.4948779164528 -0.0631546566185847 3.62856762578245 -0.0190758492947347 -0.36430566825406 -0.0316929496952752 0.930544490602819
1585225994.33305 -2.51822827272182 -0.0627909536483328 3.65161204620607 -0.0166212474205187 -0.378457134265711 -0.0314791199945849 0.924934049898661
1585225994.46505 -2.54181528631484 -0.0623380526018832 3.67306389099376 -0.0127736988972167 -0.394070208826012 -0.0309694713648597 0.918469593930952
1585225994.59705 -2.56626197822373 -0.0621990097732711 3.69359549190232 -0.0116709072325711 -0.411694615916329 -0.0312712377078774 0.910710405585712
1585225994.72905 -2.59140687860637 -0.0622155436758928 3.71353388416239 -0.0144443463741202 -0.430285283404577 -0.0304903068800574 0.902062235618822
1585225994.86105 -2.61933109991308 -0.0618329827793768 3.73481267684466 -0.0162705814894955 -0.448674214170504 -0.0306028100656516 0.893023060022842
1585225994.99305 -2.64453701697558 -0.0614373204881197 3.74941042002672 -0.016402594275104 -0.466477507595579 -0.0339160483676446 0.883730383924637
1585225995.12505 -2.67237923910414 -0.0607473076931368 3.76579445679097 -0.0161267319468443 -0.483011743860239 -0.0380479491473645 0.874638175118995
1585225995.25705 -2.69988394830128 -0.0600383243466557 3.78052586124174 -0.0190792269295306 -0.498103301560117 -0.0400201278663198 0.865983529543285
1585225995.38905 -2.72841345294744 -0.0592317067912842 3.79527002340975 -0.0226757397335125 -0.512603898733406 -0.0413074823482218 0.857331176228243
1585225995.52105 -2.76048038859089 -0.0581046146313122 3.8127958236007 -0.0254943798569052 -0.526960147345372 -0.0418233401629457 0.848477370306993
1585225995.65305 -2.7865230817078 -0.0568837440450442 3.82145521299212 -0.0255825956438199 -0.541237448316864 -0.0418816834991979 0.83943640612428
1585225995.78505 -2.81663354913818 -0.0555029895943754 3.83372465533743 -0.0237004029438918 -0.555723272633612 -0.0405870086785082 0.830037727986033
1585225995.91705 -2.84608298691046 -0.0543981656542777 3.84358301039092 -0.0207604776570641 -0.570608705038939 -0.0391705671344846 0.820024618515565
1585225996.04905 -2.87729366959722 -0.0530413214311127 3.8537078241451 -0.0175690897221888 -0.585842001899859 -0.0380422879655764 0.809341250785256
1585225996.18105 -2.9073397288084 -0.0520411025314468 3.86073115451401 -0.0174554890424454 -0.60123750584394 -0.0389283446851329 0.797930668322081
1585225996.28005 -2.93116925772641 -0.0511759088890211 3.86643565834465 -0.0181197112123482 -0.612663209005778 -0.0393883443957992 0.789153994301544
1585225996.41205 -2.96278052671969 -0.0501832244110174 3.87218427918119 -0.0186916782120882 -0.627768233198626 -0.0409484704898095 0.777097734726357
1585225996.51105 -2.98815687456527 -0.0493760693357674 3.87751238850125 -0.0204794983312101 -0.639177535945183 -0.0406604224312912 0.767710490835481
1585225996.64305 -3.01866993552337 -0.0481597850845827 3.88002587954384 -0.0192503126647314 -0.654769022943728 -0.0391083145759176 0.754571064769023
1585225996.74205 -3.04280859926692 -0.0472468181357519 3.88184855970105 -0.0173053355456318 -0.666875987474008 -0.038739874214962 0.743959787110855
1585225996.84105 -3.06735846107253 -0.0462367339417837 3.88295838909912 -0.0166274685321373 -0.679095315116661 -0.0384950585689308 0.732851424739415
1585225996.94005 -3.09194538261845 -0.0452791529076566 3.88332885340184 -0.0165992362110763 -0.691360923596878 -0.0379709245934464 0.721320142215646
1585225997.03905 -3.11677559428687 -0.0444663128489368 3.8829694178417 -0.0182513248662531 -0.703201597915112 -0.0389558008704587 0.709687852093299
1585225997.13805 -3.14784814041866 -0.0440664573468643 3.88685359885908 -0.0196981854099517 -0.714680638364294 -0.0404633347114204 0.698001636948505
1585225997.23705 -3.16641207224651 -0.0426102922465103 3.87953343484525 -0.0198471712573098 -0.725877161733681 -0.041834450221214 0.686264026917649
1585225997.33606 -3.1910718163389 -0.0414982875266596 3.87671454472025 -0.0199057880838445 -0.737146965511183 -0.0410267139893993 0.674192049476741
1585225997.43506 -3.2157503924405 -0.0403883043845532 3.87308969599441 -0.0193675330280166 -0.747977562336366 -0.0401658320740915 0.662224411238027
1585225997.53406 -3.24037433548681 -0.0392956595135203 3.86850554897571 -0.0180613850603235 -0.758011889833282 -0.0406991836071255 0.650719092769524
1585225997.63306 -3.2650134089763 -0.0381589192530604 3.86301496036211 -0.0163934767829668 -0.767546911340518 -0.0420221932131482 0.639403728553528
1585225997.73206 -3.28977847652844 -0.0370398026504878 3.85675812778955 -0.0148925287154339 -0.776703642520366 -0.0432901656054381 0.628200307104279
1585225997.83106 -3.31454906066831 -0.0359705127465854 3.85015940033485 -0.0157648406567608 -0.785230751691155 -0.0438932009739826 0.617444348347176
1585225997.93006 -3.34115793055649 -0.0348283751026801 3.84407938392128 -0.0154564290507518 -0.79318921769379 -0.0442073252393562 0.607171867044657
1585225998.02906 -3.36399989923665 -0.0335608312296749 3.83462800126035 -0.0137470711731699 -0.80040073755352 -0.0448616202112904 0.597626231343604
1585225998.12806 -3.38869100044582 -0.0323217562482449 3.82578027606448 -0.0119938900793969 -0.806911075242742 -0.0460061159245447 0.58875640170524
1585225998.22706 -3.41355357167302 -0.0310720331652807 3.81652508615366 -0.00991952377331995 -0.812529438694256 -0.0467591596121865 0.580957051162709
1585225998.32606 -3.43872211270492 -0.0299138392456863 3.80701615967032 -0.00950798546361908 -0.817117167059544 -0.0469716559832031 0.574476106590348
1585225998.45806 -3.47258418518497 -0.0283099449189374 3.794139724388 -0.0101982831540597 -0.822025082635385 -0.0458605175639336 0.567509974773806
1585225998.59006 -3.52091301993334 -0.0271673855371332 3.78790406540426 -0.0118734851465924 -0.82650534902845 -0.0456652589257814 0.560947958820669
1585225998.72206 -3.54103438848391 -0.0248463252330082 3.76657637422944 -0.0137302326961833 -0.830812944793935 -0.0478145015800071 0.554324007157903
1585225998.85406 -3.57519099972245 -0.0231052198962031 3.75164979056575 -0.0144190755676464 -0.835005912314058 -0.0494125655242199 0.547828088937267
1585225998.98606 -3.60943507237614 -0.0212648143071438 3.73645300714231 -0.0156481773579397 -0.838806600638193 -0.0476908702863942 0.542110876262872
1585225999.11806 -3.64392243317005 -0.0192510170501023 3.72090388249611 -0.0172952296213377 -0.842166149950801 -0.0450078519940555 0.537058045436685
1585225999.25006 -3.68303204888 -0.0174499477717895 3.70596876475366 -0.0179413216968441 -0.845152168648234 -0.0446726431281352 0.532353525169979
1585225999.44806 -3.73094235927309 -0.0144577402422854 3.67869332376764 -0.0210051623144257 -0.849357564638217 -0.045230021085646 0.525456711576295
1585225999.58006 -3.76583034792007 -0.0125177199687103 3.66133640730754 -0.022587517535578 -0.85203478652482 -0.0430810246380711 0.521220252790812
1585225999.71206 -3.80051330206585 -0.0104702925351847 3.64329404118369 -0.0220963645662161 -0.854404307569123 -0.0424254205949573 0.517402274412884
1585225999.84406 -3.83503153827038 -0.00846847665906698 3.62475857278323 -0.0218586644649514 -0.856551724173378 -0.0434683566327736 0.513762439825127
1585225999.97606 -3.89436769545346 -0.00704332900512123 3.61274460599432 -0.0245092397023036 -0.858577318344762 -0.0452868019009575 0.510091551749994
1585226000.07506 -3.89552063311913 -0.00507883798552018 3.59217138613872 -0.0265621875097989 -0.860163483521365 -0.0452393433278507 0.507313151442331
1585226000.17406 -3.92133659853146 -0.0035569428815831 3.5779954513849 -0.0277353689962964 -0.861603820166098 -0.0446118187060906 0.50485581309277
1585226000.27306 -3.94704889010295 -0.00197890160728904 3.56357429585796 -0.0271081506888684 -0.862961028942853 -0.0436924022741661 0.50264737607555
1585226000.37206 -3.97268736349809 -0.000404040469946527 3.54928402661493 -0.0265593538112281 -0.864198422466655 -0.042714857554618 0.500630730454458
1585226000.47106 -3.99820307746493 0.00110437562268744 3.53489854971954 -0.0265614075179391 -0.865345042054043 -0.0424202298342035 0.498671208236415
1585226000.57006 -4.0237877973893 0.00255056218100207 3.52038614988639 -0.0272581238430567 -0.866494581649511 -0.0422897687943652 0.496644450398789
1585226000.70206 -4.05729129666589 0.00450274493249663 3.50087358000443 -0.0273495801714637 -0.867929154961386 -0.0429390420936191 0.494072080871345
1585226000.83406 -4.11103407478931 0.00629362995952048 3.48303783157011 -0.0260481158390256 -0.869214374664301 -0.0434164221920846 0.49183623374272
1585226000.96606 -4.12331408436427 0.00857572237804143 3.46102148068133 -0.0251119126930132 -0.870298979626501 -0.0453272213048603 0.489790282580973
1585226001.06506 -4.14804957569811 0.0100920287576019 3.44590334168253 -0.0241464987370568 -0.870917843335738 -0.0461097482587963 0.488664453253639
1585226001.16406 -4.17264449551017 0.0116546065823325 3.4308206529987 -0.0235362480714932 -0.87140982488575 -0.0474600281400804 0.487686895300916
1585226001.26306 -4.19702577657094 0.0131660000168448 3.41586519140163 -0.0229775131015419 -0.871833758917982 -0.0475246078049212 0.486949014123243
1585226001.36206 -4.22134127122982 0.01476087505214 3.40099446649233 -0.0216587750415645 -0.872167474315277 -0.0476906955970532 0.486395304010718
1585226001.46106 -4.2458838692013 0.016326197256444 3.38593875545226 -0.019626877222081 -0.872393971505837 -0.0487429732053543 0.485970849675045
1585226001.52706 -4.28813938742298 0.017298013427562 3.37878074798953 -0.0183661046643959 -0.872385049127955 -0.0488549557730393 0.486024902195234
1585226001.59307 -4.27897653669977 0.0183128449784551 3.36637743869215 -0.0174336901112057 -0.872316839638523 -0.0481871580351774 0.486248285891744
1585226001.69207 -4.30352713138587 0.0196079418909157 3.35204076444255 -0.0180167669257352 -0.872083351332015 -0.0471979219331541 0.486742622547334
1585226001.79107 -4.32779116832911 0.0210640694410001 3.33760901624207 -0.0158245436745848 -0.871438169621597 -0.0463737089871324 0.488051820464618
1585226001.89007 -4.35174607479571 0.0225010451394816 3.32326822500092 -0.013538914900883 -0.870383226971138 -0.0470881841975912 0.489931055251235
1585226001.98907 -4.37611134866883 0.0237826758600095 3.3089110778885 -0.01263376079941 -0.869373208175689 -0.0488043210137534 0.491577818096749
1585226002.08807 -4.4007934510719 0.0250050545214498 3.29513302932584 -0.0143702897651397 -0.868347061599372 -0.049605358804962 0.493260766493376
1585226002.18707 -4.42554144053386 0.0262877484224502 3.28165761846556 -0.0153210342012984 -0.866979771120493 -0.0498577585656056 0.495606241173045
1585226002.31907 -4.45769150981646 0.0281394420986599 3.26362801045993 -0.0138623426150158 -0.86482979097672 -0.0501051033967021 0.499366345191577
1585226002.45107 -4.48965576120852 0.0299649883571274 3.24585835263933 -0.0126597257569454 -0.863122812866153 -0.0509514100362892 0.502257598318924
1585226002.58307 -4.52134536075633 0.031667754548518 3.22864958161394 -0.013858137654838 -0.861730168796514 -0.0520704063977711 0.504497513357837
1585226002.71507 -4.55225562601266 0.0333390001589607 3.21196346077977 -0.014336811717902 -0.860394327141231 -0.0529640739304665 0.506666423325686
1585226002.84707 -4.58249766393984 0.0351061351295834 3.19548905177264 -0.0130677184976032 -0.859336819063561 -0.0540933619478673 0.508373262798275
1585226002.94607 -4.62784079384878 0.0365632483108019 3.18404627099248 -0.0118739213366994 -0.858694350923718 -0.05480153345005 0.509411242136752
1585226003.04507 -4.62674912202815 0.0377221569705606 3.17159848337874 -0.0104992124780614 -0.858169508886089 -0.055373656915686 0.510263283683368
1585226003.14407 -4.64854417910848 0.0389951112146636 3.16009876443242 -0.0109731029956977 -0.857548197847991 -0.0558447403273314 0.511245581258246
1585226003.24307 -4.67026840729025 0.0401859905030282 3.14895380994965 -0.012291114985746 -0.856826631006224 -0.055305216471932 0.512482571334795
1585226003.34207 -4.69164042059966 0.0414060740482674 3.13778111476445 -0.0111185576938594 -0.856198660187133 -0.0550964809208538 0.513580188245911
1585226003.44107 -4.71264027732304 0.0425948884081855 3.12681219268104 -0.00985786029478916 -0.855615823384896 -0.0533398052763259 0.514761352994647
1585226003.54007 -4.73314210360776 0.0436949665425713 3.11613740046651 -0.00746950180360462 -0.854961436229431 -0.0511991976653569 0.516104438327883
1585226003.63907 -4.75391533593242 0.0447744784592255 3.10582831197424 -0.008794195747132 -0.854519943867963 -0.0486067280748195 0.517064515934826
1585226003.73807 -4.77490033658553 0.0457847238139358 3.09550125343717 -0.0102666089706628 -0.854111167764112 -0.04835057073438 0.517736353900833
1585226003.83707 -4.79550727942578 0.0468421881471191 3.0850121425723 -0.0106863821525088 -0.853370966771476 -0.0492044944681592 0.518866757493809
1585226003.96907 -4.82270278667913 0.048313081058788 3.07078821293359 -0.0101311272784692 -0.852565240609664 -0.0526977231735522 0.519858462215032
1585226004.10107 -4.84990465341012 0.0498298956699253 3.05676415699307 -0.0100253083497946 -0.852014291206054 -0.0550922512688394 0.520515114692424
1585226004.23307 -4.87720712193932 0.0513871815521827 3.04326005833173 -0.0104763719601977 -0.851183697747296 -0.0534672157206165 0.522032388997921
1585226004.33207 -4.89809826015758 0.0525124144561949 3.03333881958093 -0.0108384422999009 -0.850328501928883 -0.0513637038111571 0.523627479136354
1585226004.43107 -4.93651506198907 0.0538375416333055 3.02446805841949 -0.00989691545915056 -0.849456984771404 -0.0495689069028795 0.525231192481866
1585226004.56307 -4.94711760504937 0.0553536967646507 3.00977170082621 -0.00908187115508713 -0.84816803523585 -0.0482933884680371 0.527443127029592
1585226004.66207 -4.96997145780843 0.0565901903461948 2.99937639980081 -0.00952811942672565 -0.847166774070547 -0.0494405770818325 0.528936008595471
1585226004.79407 -4.99987620624262 0.0581563409893367 2.9862930408122 -0.0142560446553287 -0.846108084286135 -0.0495413459053969 0.530512516291853
1585226004.92607 -5.02983908219769 0.0597104543810865 2.97282339525625 -0.0168766260926734 -0.845380703584896 -0.0505582610342185 0.531498360993927
1585226005.05807 -5.05936204441765 0.0612706745874232 2.95919389595907 -0.0169949554276581 -0.845355916284768 -0.0502167531308553 0.531566387196695
1585226005.15707 -5.08153667152732 0.0625097172146348 2.94881545299983 -0.0157726492864586 -0.845720344908916 -0.0488880196135729 0.531148080369207
1585226005.28907 -5.11987863695901 0.06440003419696 2.93481118739459 -0.0133398723627069 -0.846388170690549 -0.0470832081933966 0.530313382658472
1585226005.38807 -5.13231418170617 0.065495033207867 2.92432477577015 -0.0112942428397516 -0.846637095659319 -0.0462387385225307 0.530037779212081
1585226005.48707 -5.15425118473483 0.0666707352369871 2.91355494304307 -0.00900202959006008 -0.846552663140611 -0.0469838650203165 0.530150986437404
1585226005.58607 -5.17647367652633 0.067794129099029 2.90284109953335 -0.00844774610042653 -0.846089781220705 -0.0484525237789272 0.530766493515911
1585226005.71807 -5.2064701902893 0.0692639652028056 2.88888328321368 -0.00910126090985142 -0.844745545406113 -0.0493967473014799 0.532805867012005
1585226005.81708 -5.22937900834136 0.0703379495102015 2.87863623215093 -0.0100797759788289 -0.842941972999653 -0.0500260076589468 0.535578777426231
1585226005.91608 -5.25924713437445 0.0714934720154657 2.86900127343895 -0.00872314704924754 -0.840424167832977 -0.0525257215281503 0.539307123451705
1585226006.04808 -5.28230866017864 0.073049133244211 2.85525202536781 -0.0060221051721262 -0.836059891118951 -0.054200253036099 0.545921171307989
1585226006.18008 -5.31288543827242 0.074478915612894 2.84309557648579 -0.00500089858987485 -0.830669736031296 -0.0528305309569145 0.554230742248931
1585226006.31208 -5.34383835493415 0.0758511652049397 2.8322619792911 -0.00693224463903735 -0.82410278161514 -0.0495992180342693 0.564222001422173
1585226006.44408 -5.37466984412359 0.0773080462519973 2.82200398511511 -0.00655756999515355 -0.81635456573397 -0.0484478726508767 0.575478083784834
1585226006.57608 -5.40616623247295 0.0786598176321612 2.81211649141649 -0.00764281404697137 -0.808953859796546 -0.0489613138828651 0.585779847601961
1585226006.70808 -5.43789153146098 0.0797335403232987 2.80337406962346 -0.0107600091702372 -0.802545974219576 -0.048103645953981 0.594550435802163
1585226006.84008 -5.46957258854895 0.0810377122140258 2.79540446790263 -0.0133201068695125 -0.797320738136367 -0.0450651932194704 0.601723643918664
1585226006.97208 -5.50162778202226 0.0824935795876929 2.78741007538875 -0.0145109902086604 -0.794019741293175 -0.0421660577851846 0.606254158889438
1585226007.07108 -5.52604385152226 0.0834561852650105 2.78134132038149 -0.015331982109102 -0.793113665105074 -0.0405699256177471 0.607527551378185
1585226007.17008 -5.55277722232837 0.0842600626001287 2.77556737957189 -0.0161753305824405 -0.793284853383329 -0.0388708997212402 0.607393244305532
1585226007.33508 -5.59230610490257 0.0859238746239522 2.76368337345437 -0.0163694297892286 -0.795249586287 -0.0367044192729781 0.60494869442339
1585226007.50008 -5.63458127108094 0.0876071893759046 2.75135962864561 -0.0164970039636682 -0.798768275665037 -0.0360203367253767 0.600332929293001
1585226007.63208 -5.66912039036051 0.088798758590488 2.74102981377249 -0.0187390830974613 -0.802565248167905 -0.0369997098688086 0.595120904243397
1585226007.76408 -5.70299094643442 0.090063520954173 2.73072743297416 -0.0190613509617434 -0.806446220269584 -0.0384215145356562 0.589749901172693
1585226007.92908 -5.746922435874 0.0920215517325694 2.71496906714816 -0.0176840548463179 -0.811310641984043 -0.0393481448321488 0.583021474652435
1585226008.09408 -5.7909394818562 0.0941941603433266 2.69944744186871 -0.0195088871766304 -0.815372264629437 -0.040201141734394 0.577209963182761
1585226008.22608 -5.82692157853474 0.0959802204082854 2.6864065301923 -0.0226001632671827 -0.818232744748651 -0.0427161044524369 0.572852286773645
1585226008.35808 -5.86333474574872 0.097977841469362 2.67276906262985 -0.0261435268769101 -0.820924891866691 -0.0449506598791384 0.568663587802602
1585226008.45708 -5.89069612661714 0.099579478268923 2.66233716172359 -0.0280139258031252 -0.823125910825074 -0.0448588036780771 0.565390699094052
1585226008.55608 -5.91818846878899 0.101302980681452 2.6517080145555 -0.0290306464722314 -0.825339219441674 -0.0428712420507291 0.562258349001453
1585226008.65508 -5.94590990679673 0.103115608130377 2.6407933608132 -0.0305477511848038 -0.827254092378031 -0.0410164091111171 0.559495447456886
1585226008.75408 -5.97387009379954 0.104992910880469 2.62948855123032 -0.0315851110567409 -0.829033267287091 -0.0401188265349526 0.556863270694237
1585226008.85308 -6.00196621849905 0.106738101449458 2.61799001668227 -0.0340336559662419 -0.830515081594482 -0.040417995249129 0.554484260521183
1585226008.95208 -6.03023222013495 0.108409272975077 2.60612631044754 -0.0353256688360961 -0.831846361343379 -0.0406635646919851 0.552385918310382
1585226009.05108 -6.05850820413044 0.110218560486796 2.59418693014769 -0.0363197784683512 -0.832991624974876 -0.040327281716076 0.55061741414808
1585226009.15008 -6.0867390630943 0.112101761428836 2.58217560430298 -0.0369041129376582 -0.833831061625301 -0.0385254628371611 0.549435743131342
1585226009.24908 -6.11500468708618 0.113873356299163 2.5702466779237 -0.0381760476529963 -0.834533734853 -0.0369865920540213 0.548386749280221
1585226009.34808 -6.14238044764682 0.115584868004079 2.55839747598679 -0.04012557638279 -0.835068475859231 -0.0359097412250254 0.547504401106732
1585226009.44708 -6.17187770840801 0.117390039519985 2.54597138263238 -0.0408274261403153 -0.835672479059363 -0.0347682961938342 0.546603873565962
1585226009.54608 -6.20035814073598 0.118971097981503 2.53341375377918 -0.0402962490624636 -0.836299262243072 -0.0336233129183036 0.545755649637809
1585226009.64508 -6.22885611433049 0.12067019601297 2.52083534928381 -0.0394754569878686 -0.837024535907582 -0.031746333269674 0.54481536772399
1585226009.74408 -6.25749024421381 0.122381852890724 2.5081800808566 -0.0396237905062164 -0.837602963275324 -0.03024858708544 0.544000233563967
1585226009.84308 -6.28569102424332 0.123875842182465 2.49555477587114 -0.0402531542355647 -0.838006935004887 -0.0302828894479713 0.543329556590183
1585226009.97509 -6.32513946801141 0.125870163148973 2.47786314844083 -0.040386403837272 -0.838531110720646 -0.0313098005452226 0.542452035786125
1585226010.10709 -6.36377749403523 0.128009554533374 2.46029433639942 -0.0398119289183159 -0.839217161619485 -0.0308879117024858 0.541456833800995
1585226010.20609 -6.39302170265021 0.129637346704727 2.44711545290217 -0.0404898235333611 -0.839783359920643 -0.0305154307203435 0.540549064450753
1585226010.30509 -6.42226834972833 0.13124834468256 2.43383291154944 -0.041102115022483 -0.840247537083777 -0.0304584930505083 0.539784190919314
1585226010.40409 -6.45181424988911 0.132846201322976 2.42020767039152 -0.0413670728513472 -0.840666649968735 -0.0311501971087221 0.539071436948892
1585226010.50309 -6.48145555055008 0.13451871388304 2.40639126703712 -0.0414257104665769 -0.841127680215225 -0.0319820916418618 0.53829850631625
1585226010.60209 -6.5110704700197 0.136281203606205 2.39236404542536 -0.0417086106447194 -0.841601292985225 -0.032109902317161 0.537528240762164
1585226010.73409 -6.55110396553548 0.138512753311344 2.37403480236108 -0.0416647808009578 -0.84214791770826 -0.031923226391376 0.536685977418094
1585226010.86609 -6.59103242223621 0.140893914609401 2.35521950448315 -0.0399775441179358 -0.842532210042602 -0.0308286436171737 0.536274990783415
1585226010.99809 -6.63132265580544 0.143169790092594 2.33635439447649 -0.0394983246902882 -0.842787888284034 -0.0303010035223249 0.535938715613959
1585226011.09709 -6.66185960218222 0.14478967901387 2.32202744937921 -0.0395115978514503 -0.842835984573468 -0.030705351000316 0.53583907860779
1585226011.19609 -6.69228247858393 0.146372612976701 2.30757114568281 -0.0396549701312871 -0.842711924514965 -0.0310054993284564 0.536006300928975
1585226011.32809 -6.73357416770805 0.148541156938513 2.28833894673697 -0.0391573517113594 -0.842599858737863 -0.0312694284339517 0.536203695163788
1585226011.42709 -6.76454742355677 0.150246565523 2.27399387417528 -0.039200081144495 -0.842375811835456 -0.0301873236272767 0.536614452624082
1585226011.52609 -6.79584617181411 0.151989376211794 2.2595864063415 -0.0405705749522721 -0.842041489189281 -0.0301481358783567 0.537039336394458
1585226011.62509 -6.82736173111842 0.153686368195305 2.24499903937111 -0.0403765260983494 -0.841727244635924 -0.0300289742684653 0.53755301364817
1585226011.75709 -6.87046929518695 0.15587622717217 2.22499779349805 -0.0404265204550087 -0.841252015949983 -0.0303732849912379 0.538273355891625
1585226011.85609 -6.90157201335694 0.157656224570401 2.21086301458016 -0.0401335795854441 -0.840826600252609 -0.0292766973356327 0.539020221411421
1585226011.95509 -6.93367650281404 0.159275777569169 2.19625024644043 -0.0400251311760995 -0.84025331973726 -0.0288634766500764 0.539943744533188
1585226012.05409 -6.96607125825364 0.160932124774145 2.18158135519621 -0.0401656273682621 -0.839629706773129 -0.0292349361796873 0.540882608695041
1585226012.15309 -6.9985941864472 0.162572670398405 2.16692325703379 -0.039500620718888 -0.838981896558099 -0.0292816494444572 0.541933264541318
1585226012.25209 -7.03134092508541 0.164229616557482 2.15222871086818 -0.0388454030459279 -0.838294047630312 -0.0296771657262276 0.543022458287174
1585226012.35109 -7.06436759638688 0.166071945933388 2.13749974099009 -0.0386679034420511 -0.837567677309162 -0.0303778888656108 0.544116130103124
1585226012.45009 -7.09771842621454 0.167903856754417 2.12286488100132 -0.0395736054976917 -0.836761430196473 -0.0319289795575993 0.545201594777452
1585226012.54909 -7.13119873124267 0.169803336415101 2.1080787544855 -0.0394633422459609 -0.83600990211766 -0.0338585316749091 0.546245080538779
1585226012.64809 -7.16628406233706 0.171773106455764 2.09258458856043 -0.0387740539361049 -0.835275722368347 -0.0348843770360861 0.547351916596808
1585226012.74709 -7.19860337403775 0.173721249305453 2.07870774890516 -0.0381426958895887 -0.834590004668709 -0.0343562419355979 0.548474527665069
1585226012.84609 -7.23262515691852 0.17573372323875 2.06416885919539 -0.0379727720986131 -0.833906027611321 -0.0333462373942982 0.549587876635118
1585226012.94509 -7.26692721073555 0.177707850349451 2.04970116657109 -0.0379289184345587 -0.833166071107119 -0.0325087440030881 0.550762087171633
1585226013.04409 -7.30147259439016 0.179597986612831 2.03518531025241 -0.0377693959607568 -0.832473786971137 -0.0320415655096384 0.551846178580938
1585226013.11009 -7.3245872049397 0.18084543287612 2.02549333228637 -0.0373280480759642 -0.8320447643803 -0.0315365994821649 0.552551870675751
1585226013.20909 -7.35952401452208 0.182669999955197 2.01093838201774 -0.0372179556849248 -0.831395807037694 -0.0310528616149267 0.553562603144668
1585226013.30809 -7.39477793317669 0.18450593075514 1.99631823343188 -0.0371026285900317 -0.830720362323086 -0.0311934715611517 0.554575551124889
1585226013.44009 -7.44206735422591 0.186991259955445 1.97686537413182 -0.0374476890749404 -0.82971065687963 -0.0325277489951528 0.555985469224357
1585226013.57209 -7.48940984159904 0.189504529936598 1.95752878436443 -0.0376032262053657 -0.828944641506557 -0.0332861142545148 0.557071641078909
1585226013.70409 -7.53969119035744 0.192358910021948 1.93681911082631 -0.0365823689379106 -0.828567248960046 -0.0342214398616374 0.55764409553717
1585226013.83609 -7.5848655632768 0.194873317376303 1.91877759972245 -0.0375529135255655 -0.828125061122984 -0.0341933062780867 0.558237834288907
1585226013.96809 -7.63270865583231 0.19746512554689 1.89940779208197 -0.0364567277334867 -0.827706373617394 -0.0344455635008712 0.558915529602835
1585226014.1001 -7.68060406593457 0.199997832042289 1.88016985070779 -0.0359485066763253 -0.827286154475116 -0.033183124790171 0.559646498881818
1585226014.2321 -7.72866790679792 0.20253516401483 1.86095840842145 -0.0358355884355885 -0.826886883577973 -0.0333574019753773 0.560233144415462
1585226014.3311 -7.76490316695555 0.204426955052754 1.84654330182176 -0.0359681313518449 -0.826518738259822 -0.0337933287400379 0.560741544532876
1585226014.4301 -7.80115657270536 0.20634764101425 1.83219256190182 -0.0361506423580664 -0.826198177429613 -0.0338526158436783 0.561198452483278
1585226014.5291 -7.83747080738892 0.208328370249348 1.81795277572352 -0.0360354892106882 -0.82586272930542 -0.0333761068358756 0.561727897966648
1585226014.6281 -7.87815278816709 0.210590688932931 1.80157961495224 -0.0351762470662633 -0.825467965620885 -0.0334000238631688 0.562360834146539
1585226014.7601 -7.92243910102346 0.212802624026019 1.7845393717176 -0.0346597077411997 -0.824883493769814 -0.0336272132572733 0.563236306441577
1585226014.8591 -7.95900187062814 0.214649734536353 1.77038817927939 -0.0349561168298958 -0.82436861686055 -0.0337769326765094 0.563962385492654
1585226014.9581 -7.99549352696213 0.216507430466858 1.75638121861048 -0.0349920663329162 -0.823796695906618 -0.0338315836565285 0.564791982108797
1585226015.0571 -8.03211480435385 0.218419556460075 1.74230802165616 -0.0354903643288993 -0.823226879666973 -0.0341172002498192 0.565574005131684
1585226015.1561 -8.06876175594297 0.220336884379902 1.72835079726941 -0.03600552119801 -0.822723945371938 -0.0346837506755879 0.566238421156641
1585226015.2551 -8.10551215185678 0.222316320769929 1.71441225964478 -0.0366163248541322 -0.822227474325693 -0.0356482015969686 0.566860151131715
1585226015.3541 -8.14210064406882 0.224335056104885 1.70058783318968 -0.036575877728555 -0.821769621445103 -0.0352641196239577 0.567550294075781
1585226015.4531 -8.18088629318804 0.226475145700119 1.68597028415838 -0.0360648080918781 -0.821329529917519 -0.0345681868552992 0.568262415931496
1585226015.5521 -8.21555988119145 0.228334555415281 1.6729576041033 -0.0352837442217663 -0.820852359825418 -0.0339791585526948 0.569035919381885
1585226015.6511 -8.25244675544862 0.230293221651434 1.65921313462717 -0.035427588597318 -0.820332381266363 -0.034296860591751 0.569757312867143
1585226015.7501 -8.28953705768838 0.232269193569969 1.64555819196924 -0.0366646323553338 -0.819725831951035 -0.0351352812703862 0.570500462030034
1585226015.8491 -8.33451953415063 0.235012282716944 1.62883523360474 -0.0382491289964542 -0.818962355991408 -0.0356032674021593 0.571463096752805
1585226015.9481 -8.36372545897991 0.236322156961709 1.61853631796122 -0.037947958256266 -0.818181994412623 -0.0353055770327994 0.572618278361374
1585226016.0471 -8.40068859792847 0.238402393881615 1.60520873430564 -0.0373476561258981 -0.817387545894794 -0.0338394388561243 0.573879468857259
1585226016.1461 -8.43781353381786 0.240465423537683 1.59203318824777 -0.0370750082483756 -0.816425242656663 -0.0329643076647924 0.57531610557725
1585226016.2451 -8.47507127391791 0.242436526555955 1.5789397243584 -0.0373406975713312 -0.815137852429148 -0.0335946373447879 0.577085222635059
1585226016.3441 -8.51222596908737 0.244316094618757 1.56600267720763 -0.0369944284821074 -0.813719079187355 -0.0347926733328637 0.579035527675218
1585226016.4431 -8.5493069813941 0.246179785933183 1.55336449690093 -0.0361948204410129 -0.812120479267498 -0.0344092189303191 0.581348662835116
1585226016.5091 -8.57415749733262 0.24749205697802 1.54517011571896 -0.0360153414109659 -0.810901388530283 -0.0331512579038279 0.583131912488165
1585226016.5751 -8.59907473208287 0.2488359696199 1.53699148733444 -0.0356688303319575 -0.809583785143448 -0.0331648138695376 0.584980277015008
1585226016.6411 -8.62403632148213 0.250121405726111 1.52893666959002 -0.0355037727300723 -0.808096037804451 -0.0329905825096042 0.587053572744733
1585226016.7401 -8.66164263838523 0.252002475044271 1.51725735921612 -0.0373863406020131 -0.805617047585445 -0.0330850096011038 0.590329413392045
1585226016.8391 -8.70787556910199 0.254738422550146 1.50262426487566 -0.0384313274240449 -0.803152989858814 -0.0330008389590987 0.593615407971583
1585226016.9381 -8.73688959907955 0.255812310519991 1.49491691299443 -0.0388590572421284 -0.800582489116181 -0.0318586535711406 0.597111947614035
1585226017.0371 -8.77479663622205 0.257761724738161 1.48399540376306 -0.0383750436740204 -0.798155404414974 -0.0302124544417124 0.600468578713985
1585226017.1031 -8.79938700794561 0.258924889158917 1.4772705530389 -0.0376580587959083 -0.796652384695488 -0.0295383160432413 0.602539904447868
1585226017.1691 -8.82448045744241 0.260122911589189 1.47029017997047 -0.03669231623609 -0.795263541884853 -0.0294404846824387 0.604435960826002
1585226017.2351 -8.84978708778553 0.261299556885707 1.46333148184876 -0.0363378902008007 -0.793932298048188 -0.0297474779972091 0.606189864155187
1585226017.3011 -8.87917415926998 0.262900655454622 1.45502042398661 -0.036264661267447 -0.792650841259222 -0.0308397964823873 0.607814466056156
1585226017.4001 -8.91321758858941 0.264340974504353 1.44624004452221 -0.0360924831228165 -0.790720802855148 -0.0334364717508337 0.610196646132208
1585226017.4991 -8.95128719040704 0.266141174260812 1.43624034914005 -0.0348767252019497 -0.788774122464914 -0.0349733433847626 0.612695571243489
1585226017.5981 -8.98920903824624 0.268064671419932 1.42668281189016 -0.0332566154569369 -0.786978815869682 -0.0339933118512485 0.615144532325605
1585226017.6641 -9.01453035017227 0.2693524232636 1.42052743001523 -0.0324650306426698 -0.785833696660046 -0.0327346036408977 0.616717008605609
1585226017.7631 -9.05252343123639 0.271173074072403 1.41161770696118 -0.0322000742540409 -0.784068124164124 -0.0322480711040436 0.61899951033733
1585226017.8621 -9.09081335591993 0.272851191115737 1.40282310693078 -0.0332568819051373 -0.782177429166581 -0.0327569922614276 0.62130461817557
1585226017.9611 -9.13812145352951 0.275392004073614 1.39108653829545 -0.0346297061992289 -0.780237886004857 -0.0332763065603002 0.623636362083652
1585226018.0601 -9.16766324776084 0.27640795214876 1.38591136439879 -0.0351270962341822 -0.778234609713436 -0.0331323487966126 0.62611438796561
1585226018.1591 -9.20613861374658 0.278324641303007 1.37768398701899 -0.0347016704466022 -0.776279989146892 -0.0330504606478387 0.62856410935503
1585226018.2581 -9.24460605290883 0.280251154721759 1.3697812842044 -0.0336110127829542 -0.774369217892452 -0.0320363777532207 0.631027958731457
1585226018.35711 -9.28326865190936 0.28210789073126 1.36219397982124 -0.0335951836309419 -0.772394560923529 -0.0315203881920135 0.633470181635077
1585226018.45611 -9.32218859839001 0.283952000732709 1.35470023919974 -0.0342619753455799 -0.770218050834874 -0.0320825001159188 0.636051086312931
1585226018.55511 -9.36129741067124 0.285716550565115 1.34752279102599 -0.035212142976821 -0.767995036767792 -0.0329785438734881 0.63863615942961
1585226018.65411 -9.40037738140572 0.2875245032954 1.34052558761452 -0.034891975030128 -0.765910867186234 -0.0331362244634918 0.641143575365793
1585226018.75311 -9.45211832983423 0.290695360257783 1.32933726476391 -0.034645967710003 -0.764050806448707 -0.0314232598929949 0.643458313198466
1585226018.85211 -9.47837275592381 0.291254277246011 1.32754686808445 -0.0341358007498678 -0.762311044640555 -0.0298429538366308 0.645620644366718
1585226018.95111 -9.51769804463215 0.293046518086723 1.32108791078395 -0.0333274718365097 -0.760842141987767 -0.0303833516424517 0.647368030211119
1585226019.05011 -9.55724232498887 0.294801671752617 1.31490511379989 -0.0347643655942372 -0.759331078678805 -0.0310401667650066 0.649033327252548
1585226019.14911 -9.59674264187459 0.296544681956257 1.30885555073479 -0.0354533780161714 -0.758081097351553 -0.0319675163250823 0.650410782294938
1585226019.24811 -9.6360652890589 0.298380266271201 1.30289326123217 -0.0355671325812666 -0.756948961108941 -0.0323475093628752 0.651703067350507
1585226019.31411 -9.66229575540824 0.299641064557327 1.29892094331935 -0.0347770409313256 -0.756411628276459 -0.0316755716412397 0.652402225772887
1585226019.38011 -9.68856360216779 0.300909057474539 1.29497851224292 -0.0337966488081715 -0.755920206750233 -0.0308282600959169 0.653063584909984
1585226019.44611 -9.71492258214451 0.302163446685306 1.29108431846699 -0.0333995574455072 -0.755322933366937 -0.0299576650891563 0.653815168220206
1585226019.51211 -9.74142162112767 0.303376987273652 1.28722538377696 -0.0332082392060615 -0.754728761697438 -0.0297190587378052 0.654521570815832
1585226019.57811 -9.77596836576587 0.305201284006997 1.28072122649182 -0.0334805830317419 -0.754210823065498 -0.0302155178723263 0.655081756279647
1585226019.67711 -9.80784355672944 0.306217762488563 1.27771290911015 -0.0345716047993519 -0.753550461652042 -0.0317621534186889 0.655711576454008
1585226019.77611 -9.84751009200875 0.307919698694112 1.27224172189672 -0.0349708292759784 -0.753265025159482 -0.0324490397568539 0.655984681825798
1585226019.84211 -9.87401849373957 0.309108711125554 1.26852192827628 -0.0345137690742112 -0.753073934946264 -0.032840843053086 0.656208752819104
1585226019.90811 -9.90040941078274 0.310394335303071 1.26477481279881 -0.0334586590115901 -0.75286770316885 -0.0330837033387644 0.656487782244117
1585226020.00711 -9.93976363618893 0.312216570914476 1.25931578752629 -0.0320234861184209 -0.752513116996125 -0.0331103144817097 0.65696439185128
1585226020.10611 -9.97911118232993 0.314012624376689 1.25380676666567 -0.0307779351319695 -0.752140431901442 -0.0336537040774931 0.657422936632111
1585226020.20511 -10.0313226821893 0.316705131138104 1.2441428993073 -0.0303731908830019 -0.751689104603197 -0.0346429190455003 0.657906397184611
1585226020.30411 -10.0577426991463 0.317427780623101 1.24319131361076 -0.0301922542489192 -0.751158527903515 -0.0352919527098675 0.658485969338085
1585226020.40311 -10.0972254814156 0.319147458169456 1.23788649230004 -0.029761662022965 -0.750653155696256 -0.0360542813866628 0.659040341792955
1585226020.50211 -10.1364733028536 0.320932542447106 1.23268877413001 -0.0292359323643381 -0.750084408471659 -0.0359766068259586 0.659715335722765
1585226020.60111 -10.1755880226484 0.32267545269896 1.22762992101387 -0.0287301174827922 -0.749499448495389 -0.0352254129536373 0.660442523870759
1585226020.70011 -10.2146632264012 0.324355263220463 1.22258136770257 -0.0277839833506771 -0.748856424200559 -0.0357130853524106 0.661185814833723
1585226020.79911 -10.2536638781506 0.32597379887621 1.21774091228665 -0.0275985628172231 -0.748080609062373 -0.036417329041737 0.662032854034268
1585226020.89811 -10.3032761515321 0.328506418967765 1.20945393621763 -0.0281089399494855 -0.747083299671232 -0.037504187841241 0.663076064069296
1585226021.03011 -10.3442024001084 0.329946787301164 1.20697868721778 -0.0287367500319598 -0.745432615260596 -0.0381047260034907 0.664870246859903
1585226021.12911 -10.3829030503447 0.331776118807291 1.20260118464597 -0.0278952808714616 -0.744081962829005 -0.0384941567575801 0.666394842261824
1585226021.22811 -10.4214969969931 0.333629630921939 1.19837207347541 -0.0275163137537485 -0.742578796464081 -0.038483211898396 0.668085792336094
1585226021.32711 -10.4599669379161 0.335382067515302 1.19435451708415 -0.0273472827169481 -0.740940333067487 -0.0384762996972985 0.669909787451597
1585226021.42611 -10.4983097707978 0.337040835024805 1.19036923409897 -0.0251853971296288 -0.738830226364994 -0.0398492325695011 0.672240753781335
1585226021.52511 -10.5365578883585 0.338662282623391 1.18664819703297 -0.0228098405274281 -0.736089106316792 -0.0407043470701636 0.675274532961559
1585226021.62411 -10.5748796581762 0.340361302037335 1.18351966346561 -0.0215746837515631 -0.733003800000277 -0.0409653348615455 0.678647039001759
1585226021.72311 -10.6131427896653 0.341959408890678 1.18079176535159 -0.0214861240094633 -0.729496577632285 -0.0420448864177058 0.682352780623012
1585226021.82211 -10.6513766976457 0.343535331511395 1.17862563010831 -0.0224818660757122 -0.725888272864403 -0.042650695769522 0.686120761357696
1585226021.92111 -10.6895821381666 0.345218637747354 1.17703438766777 -0.0240497385428432 -0.722331601028629 -0.0428721160870328 0.689797542684561
1585226022.02011 -10.7277005976871 0.347005000406988 1.17595249250762 -0.0262340001191837 -0.71883264561807 -0.0413922408557178 0.693453738347711
1585226022.11911 -10.7657382099228 0.348748964269273 1.17530603277498 -0.0286059695023095 -0.715476972165311 -0.0396525847371686 0.6969232908532
1585226022.21811 -10.8157250612868 0.350850967976312 1.17149240057629 -0.0306698424464621 -0.712643152261133 -0.0364912154987979 0.69990534323653
1585226022.31711 -10.8416376170544 0.352247207838123 1.17503961329762 -0.0321726319205103 -0.710445752058288 -0.0337192497911458 0.702207068699229
1585226022.41611 -10.8796399624863 0.353919909834157 1.17504561158575 -0.0332092554231672 -0.709107640699635 -0.0310775501080082 0.703631782351338
1585226022.51512 -10.9178393358158 0.355554889125104 1.17509969472309 -0.0349360057928897 -0.708296419932178 -0.0287644211319823 0.704463104134944
1585226022.61411 -10.9559450185006 0.357146793441212 1.17499143541169 -0.0352324924114805 -0.708083874991837 -0.0276888944843451 0.704705060700755
1585226022.74612 -11.006585661046 0.359220481310869 1.17469141762813 -0.0357146216024218 -0.708213940166801 -0.0276276864279353 0.704552476186019
1585226022.84512 -11.0446704846567 0.360849769139321 1.17432860685211 -0.0358499597224851 -0.708565711204841 -0.0286249862392533 0.704151988888391
1585226022.94412 -11.098141389841 0.362768329056143 1.16985885675647 -0.0363943008521694 -0.708918488267817 -0.0286681881525384 0.703767125436821
1585226023.04312 -11.1206979802824 0.364010750034561 1.17344271014451 -0.035063316764836 -0.709210636906329 -0.0284858998802116 0.703547716807029
1585226023.14212 -11.1588040273422 0.365771923360293 1.17288546641581 -0.0340622037934756 -0.709599295398736 -0.0273834673262897 0.703248712732231
1585226023.24112 -11.197066092506 0.367452382643673 1.17246724295819 -0.0350902577410067 -0.710001480132998 -0.0269113414543223 0.702810324142831
1585226023.34012 -11.2352862620094 0.368998528962215 1.17194404237464 -0.0355035245132227 -0.710422626530173 -0.0272792408225508 0.70234965258143
1585226023.43912 -11.2734930618665 0.370522413359 1.17136209703019 -0.0355707198838237 -0.71084328013327 -0.0271511475767722 0.70192547336707
1585226023.53812 -11.3116745946543 0.372107776692429 1.1706677022787 -0.0350488012153729 -0.711382550277192 -0.0264485081099426 0.701432053097976
1585226023.63712 -11.3501662108029 0.373851514572407 1.16989704111332 -0.0358963195335992 -0.71186987125703 -0.0274236456384293 0.700857106905779
1585226023.73612 -11.3887778535769 0.37557826551562 1.16911573634177 -0.0376345295915653 -0.712273012624935 -0.0293029517290061 0.700280040190057
1585226023.83512 -11.4273789459463 0.377306245104754 1.16832747822848 -0.0390224321554299 -0.712663790494896 -0.0305243931385506 0.699754123195888
1585226023.93412 -11.4658764728713 0.37919510523337 1.16750068320882 -0.0379137029095774 -0.713243008447748 -0.0296424744315962 0.699262672921745
1585226024.03312 -11.5041804255773 0.381008178041607 1.16667714083801 -0.0363853031150585 -0.713848922563646 -0.0278785502699524 0.698797976461575
1585226024.13212 -11.5426003000746 0.38269223898058 1.16583297377968 -0.0358401680541061 -0.714466095572909 -0.0266335113102347 0.698243751641175
1585226024.23112 -11.5835490551949 0.384084097076302 1.16407950340042 -0.0360722016320228 -0.715262990028884 -0.0259369917907571 0.697441699227402
1585226024.33012 -11.6195795463097 0.385638911475561 1.16374068260719 -0.0365945128489404 -0.716343952868911 -0.0259748216216117 0.696302729751376
1585226024.42912 -11.6579001616192 0.387177354736637 1.16242442545661 -0.036359931896914 -0.717864746790781 -0.0260360309337743 0.694744763032206
1585226024.56112 -11.7241280117617 0.390003341118072 1.15661546709997 -0.0365509441945269 -0.719871716847626 -0.0273108363331665 0.692605846048186
1585226024.66012 -11.7475821654635 0.390934289540106 1.15847340871744 -0.0355807006034101 -0.721087710881622 -0.0284385966149123 0.691344901755013
1585226024.75912 -11.7861786208025 0.392574401348074 1.15653763756467 -0.0352959888710654 -0.722373138884343 -0.0282994069054043 0.690022017733346
1585226024.85812 -11.8249530608839 0.394265403602445 1.15461510973418 -0.0361442492571211 -0.723556829260845 -0.0283557165913342 0.688734391047974
1585226024.95712 -11.8636209559196 0.395925095775398 1.15256844889992 -0.0368153142741949 -0.724671600792841 -0.0287206626953279 0.687510601499042
1585226025.05612 -11.9023322281734 0.397564026336884 1.15046575244464 -0.0373142282189142 -0.72566914146013 -0.0280389056139825 0.686458859129165
1585226025.15512 -11.9409637922033 0.399281682696137 1.14840010112723 -0.0386813464177509 -0.72649898775587 -0.0274847128917699 0.685527216663397
1585226025.25412 -11.9796173626761 0.400957468497732 1.14609640308296 -0.0382430553349621 -0.727149833853924 -0.0268243057702471 0.684887614477589
1585226025.32012 -12.0053884718534 0.402039089975474 1.14451337746113 -0.038729743913031 -0.72745573436072 -0.0265527723341246 0.684545916475665
1585226025.41912 -12.0441581133382 0.403675674616004 1.14198616266583 -0.0368258900665629 -0.728045511364615 -0.0256015871654489 0.684060045564168
1585226025.48512 -12.0700806684455 0.404729796481501 1.14018083279264 -0.0350905584714116 -0.728372177669617 -0.0252528076304588 0.683816436779464
1585226025.55112 -12.1028529282386 0.406046893930748 1.13675388277879 -0.0344718182086516 -0.728609427991575 -0.0251689914880063 0.683598213176905
1585226025.65012 -12.1348556582618 0.407264436065123 1.13555530876274 -0.033461220376319 -0.728887835687428 -0.0258332918620755 0.68332679645203
1585226025.74912 -12.173878721977 0.408671050119772 1.13281755950037 -0.0338960659697592 -0.728981556961203 -0.0283680436083236 0.683104823891641
1585226025.84812 -12.2127933088797 0.410203202335478 1.12999457764667 -0.0348016007019035 -0.728970072535736 -0.0300464167096721 0.682999776558337
1585226025.94712 -12.2644054928048 0.412592672537608 1.1244247277008 -0.0349198200365936 -0.729113902497512 -0.0309887156969622 0.682798083515847
1585226026.04612 -12.2904359279655 0.41360618077109 1.1246287043246 -0.0343091471871083 -0.729225432870254 -0.0300586754492314 0.682751511536022
1585226026.14512 -12.3292116481356 0.415475312819996 1.12198299709533 -0.0345838153637262 -0.72928809694672 -0.0299801812650061 0.682674168324858
1585226026.24412 -12.367968861673 0.417175868338685 1.11943006662273 -0.0361811343398841 -0.729168384006418 -0.0299617581483001 0.682720064398294
1585226026.34312 -12.4065554464503 0.418677174783973 1.11694207402812 -0.0371154117783962 -0.729148806472447 -0.0301654976161546 0.682681849020388
1585226026.44212 -12.4448664597187 0.420312251581551 1.11428739593056 -0.0353071339282162 -0.729150061240323 -0.0292543706972563 0.682816063286531
1585226026.54112 -12.4831714418808 0.421923897842386 1.11162133305446 -0.0334947916340161 -0.72913994977903 -0.0283689712208652 0.68295551395497
1585226026.64012 -12.5218495914222 0.423475548420001 1.10896009809768 -0.0333100207585537 -0.728942374286994 -0.0287126458312935 0.683161065529404
1585226026.73913 -12.560654497909 0.424993455141538 1.10631041269078 -0.0332953909052827 -0.728448262149474 -0.0305150875248148 0.683610543913146
1585226026.83813 -12.5992948269869 0.426436631965588 1.10370672189392 -0.033808331145373 -0.727661729006743 -0.0322128389690873 0.684344750757711
1585226026.93713 -12.6485562630262 0.429094225526065 1.09935533830402 -0.0339582885752404 -0.727088648247859 -0.032158584023966 0.684948726328997
1585226027.06913 -12.6885966292361 0.430292590160728 1.09846217092139 -0.0326042362756366 -0.725981791078549 -0.0314312129121272 0.686221160890669
1585226027.16813 -12.7267283133804 0.431982054862209 1.09637085403051 -0.0320602600385117 -0.724962314189938 -0.0308094559347404 0.687351845968015
1585226027.26713 -12.7650571463333 0.43355862660721 1.09446776829961 -0.0320465713216687 -0.723649978376266 -0.0309775400669115 0.688726446474911
1585226027.36613 -12.8034602851253 0.435207228211638 1.09266149169619 -0.0319639710969522 -0.72208109536728 -0.0318548450081205 0.69033503830706
1585226027.46513 -12.8418207140597 0.436780597327466 1.09107467038298 -0.0327043824564865 -0.720255222623242 -0.0319318379066713 0.692201701370335
1585226027.56413 -12.8802747622887 0.438476203290663 1.0897371253464 -0.032882270693553 -0.718469628390098 -0.0318259219855552 0.694051338191059
1585226027.66313 -12.9268610558208 0.440875913923713 1.0869832526251 -0.0317222780341168 -0.716776638286565 -0.031739809524276 0.695857408076036
1585226027.76213 -12.9560533796411 0.441490608169423 1.08737199499482 -0.0298187589285167 -0.715006275635959 -0.0305401928668335 0.697813846263324
1585226027.86113 -12.994040900882 0.443013995526979 1.08655272191912 -0.0289906555922746 -0.713191299773088 -0.0303231344452317 0.69971295495633
1585226027.96013 -13.0324045142419 0.444421608158583 1.08585251905398 -0.0291988781283637 -0.711132539524736 -0.032425442080476 0.701702591879943
1585226028.05913 -13.0707489048515 0.445884371353484 1.08532885642942 -0.0294419382130557 -0.709020719721732 -0.0345448100359373 0.703725406233936
1585226028.15813 -13.1087743461781 0.447344927158555 1.08506500404999 -0.028476781696351 -0.707130595553598 -0.0354469079951731 0.705619522440964
1585226028.25713 -13.1466727143454 0.448894875820831 1.08502977972437 -0.0277894986220495 -0.705229940714804 -0.0350115107180195 0.707568137074424
1585226028.35613 -13.1847042703072 0.450485764043529 1.08533562643409 -0.0278415381552415 -0.703333666615504 -0.0350573430977296 0.709448789450845
1585226028.45513 -13.2230279411734 0.452140337498149 1.08574196849191 -0.0284177375605037 -0.701304441150075 -0.0361848124147048 0.711375549457272
1585226028.55413 -13.2611543350316 0.453812459299272 1.08641364464966 -0.0286750378774156 -0.699324850648084 -0.0370534971642801 0.713266804089929
1585226028.65313 -13.2991705059233 0.455402094654129 1.08733692418176 -0.0284717353505911 -0.697465274939912 -0.0363264097929933 0.715130717065538
1585226028.75213 -13.3406212718382 0.457582127088693 1.08811774516019 -0.0298305023021713 -0.695431763778332 -0.0344849756772899 0.71714405074092
1585226028.85113 -13.374718872514 0.458679430883723 1.08999971218515 -0.0294271474637003 -0.693425963204454 -0.0343389277368545 0.719107303945668
1585226028.95013 -13.4123043155263 0.460092743002043 1.09136806473425 -0.028012966579652 -0.691333709338403 -0.0341734127145564 0.721183162517853
1585226029.04913 -13.4497818910337 0.461614827358825 1.09306799311331 -0.0274917427090728 -0.689340750582261 -0.032936708284543 0.723165753418179
1585226029.14813 -13.4913514713922 0.463447185253053 1.0945608001947 -0.0282957895845777 -0.687219398254728 -0.0341794722456562 0.725093518541715
1585226029.24713 -13.5254757922715 0.464464587983391 1.09694204511345 -0.0303143422858074 -0.68481942172529 -0.0365482953921394 0.727164095912021
1585226029.34613 -13.5631398927375 0.466062963905386 1.09931697634096 -0.0303994907464203 -0.682998783966104 -0.0370700912836983 0.728844524158205
1585226029.44513 -13.6006403340272 0.467869645995404 1.1020404598394 -0.0296272348339893 -0.681571140533145 -0.035371596169135 0.730295732928029
1585226029.54413 -13.638231415662 0.469611317287796 1.10491476636425 -0.0283964892653982 -0.680373032100468 -0.0335522519505482 0.731546596586207
1585226029.64313 -13.6756933643922 0.471131969574793 1.10798146958864 -0.0290189096147324 -0.678969233433566 -0.0326818472199099 0.73286463947833
1585226029.74213 -13.7131042646778 0.472605802609022 1.11110398564516 -0.0302440330312903 -0.677450652772205 -0.0326905044689966 0.734218797390858
1585226029.84113 -13.7517954985961 0.473816626150037 1.11373015886435 -0.031234124001737 -0.675911783680081 -0.0338505810416247 0.735541860361054
1585226029.97313 -13.7999466993341 0.476117149011569 1.11870966562963 -0.0324595285757571 -0.673940479643665 -0.0347413348782286 0.737254127525364
1585226030.07213 -13.8369906145683 0.47782300140483 1.12215170183154 -0.0323335428085329 -0.67246931370628 -0.0347587457237147 0.738600970571098
1585226030.17113 -13.8740195088717 0.47934858886128 1.12549964347412 -0.0315490241589014 -0.670920334716646 -0.034575405805074 0.740050744781558
1585226030.27013 -13.9105200174666 0.481095815806778 1.12952937025632 -0.0297384565049206 -0.669475045660361 -0.0328386505794261 0.74151224566482
1585226030.36913 -13.9472729458045 0.482616711866254 1.13352838005103 -0.0291920152291562 -0.667918319290898 -0.0317093516844957 0.742985505927425
1585226030.43513 -13.9718268493094 0.483559424071801 1.13622435258342 -0.0295641419095462 -0.666789341638697 -0.0320058441813849 0.743971478840703
1585226030.50113 -13.9964395302309 0.484512465474243 1.13898868457918 -0.0306201152346431 -0.66563324892983 -0.0330677792700369 0.74491698090209
1585226030.56713 -14.0212317981818 0.48561743237658 1.14179026418266 -0.0324111079025941 -0.66450828163222 -0.035199207495855 0.745747463635234
1585226030.66613 -14.0588817049164 0.487198648857598 1.14606730262434 -0.0359156091187881 -0.662907726441984 -0.0368057340254633 0.746932897379673
1585226030.73213 -14.0825098649128 0.4882601610472 1.14932260479327 -0.0372584559898329 -0.662151078712116 -0.0366795075211535 0.747544226213834
1585226030.83113 -14.1187637335126 0.490010149108746 1.15387787196028 -0.0356607219394158 -0.661016349863851 -0.034511085961217 0.74872871126277
1585226030.93014 -14.15481817014 0.491908854519692 1.15846834660794 -0.0326734351295935 -0.659883375859773 -0.0320091601492105 0.749974526612261
1585226030.99614 -14.1803184193317 0.493038836739988 1.16125023991029 -0.0312816683501146 -0.659189609909692 -0.030825430420605 0.75069321846659
1585226031.09514 -14.2154653655961 0.494436519931087 1.16655169142193 -0.0316681028396126 -0.657954503387811 -0.0304792920443468 0.751773912483476
1585226031.19414 -14.2519982454989 0.495772157033249 1.17167270863826 -0.0331705652840624 -0.656513955280562 -0.0307238412076612 0.752957625435891
1585226031.29314 -14.2885447734719 0.497262792857703 1.17693545697414 -0.0348976181445242 -0.654889841479202 -0.0311846551305359 0.754273802448139
1585226031.39214 -14.3250268558896 0.498812107978043 1.18239433784837 -0.0359167711613482 -0.653397509744364 -0.0307798684053113 0.755535756605972
1585226031.49114 -14.3612229707495 0.500387917101547 1.18791204725197 -0.0359798754645241 -0.652199480178592 -0.0298325007127348 0.756605120599614
1585226031.59014 -14.3972497015002 0.502047162123113 1.1934733563489 -0.0348325875487556 -0.651110134095438 -0.0285480611384075 0.757645888478329
1585226031.68914 -14.4333248533069 0.503576590556017 1.19898769454628 -0.0342092831430968 -0.650053224140381 -0.0285171550546923 0.758582429666755
1585226031.78814 -14.4691809560939 0.50502236637066 1.20471117657756 -0.0339635395979691 -0.648815302711597 -0.0291731081628958 0.759627613179874
1585226031.88714 -14.5052894249501 0.506466338871726 1.21050633767205 -0.0341508261232234 -0.647571430958771 -0.0303670399976522 0.760633161098628
1585226031.98614 -14.5423425497413 0.507639085160084 1.21570732583674 -0.0331258187076393 -0.64646226616488 -0.031290538395543 0.761583955166359
1585226032.08514 -14.576657959553 0.509393151538112 1.22204395666041 -0.0318738311338944 -0.645344694559171 -0.0320772160070716 0.762551858109607
1585226032.18414 -14.612164482861 0.510912848351637 1.22795487587078 -0.030556812923277 -0.644441892366352 -0.0325289174332682 0.763349722000255
1585226032.28314 -14.6475811534769 0.512360151671817 1.23400850281993 -0.0304109150723504 -0.643518981132457 -0.0328950687737515 0.764118061307987
1585226032.38214 -14.6829157571934 0.513739828196374 1.2401982170747 -0.0310377826927292 -0.642696395892695 -0.0327965045752352 0.7647891134422
1585226032.48114 -14.7180461602925 0.515189034832961 1.2464130118373 -0.0313388311889003 -0.641932813945607 -0.0332087323022892 0.765400104610956
1585226032.58014 -14.7534819277195 0.516407903607028 1.25258329930125 -0.0318475670132611 -0.641338148651998 -0.0330827197243162 0.765882918737979
1585226032.67914 -14.7883477321875 0.518160810960706 1.25907098260941 -0.0325949288893197 -0.640961054026783 -0.0337459727205176 0.766138177587256
1585226032.77814 -14.8233918379657 0.519745014472194 1.26548662643994 -0.0341764808212613 -0.640557763368615 -0.0339860267784067 0.766395896342542
1585226032.87714 -14.8582185309678 0.521216890225919 1.27186212353677 -0.0351638187038458 -0.640306750944445 -0.0336014411847262 0.766577924088244
1585226032.97614 -14.8929636353793 0.522747004772202 1.2781236409003 -0.034288915630775 -0.640241500305364 -0.0334940725498602 0.766676749781567
1585226033.07514 -14.9289688178742 0.524086150152262 1.28387983947821 -0.032430022282925 -0.640281933371132 -0.0328166951256335 0.766753157133562
1585226033.17414 -14.9621755852024 0.525909229856349 1.2906261299848 -0.032794400732096 -0.640616486986792 -0.032150619516395 0.766486387058528
1585226033.27314 -14.9967023829723 0.527331701759478 1.29687525816686 -0.0338728967317671 -0.641032818421139 -0.0322808337375983 0.766085830927094
1585226033.40514 -15.0427151969421 0.529319595708514 1.30502716293562 -0.0343759996782144 -0.641455063475011 -0.0328611689816916 0.765685206701521
1585226033.53714 -15.088674651419 0.531439665883739 1.3131293800077 -0.0349520427178595 -0.642118672039252 -0.0328196123872285 0.765104462652747
1585226033.63614 -15.1244556659362 0.532860113116427 1.31893456698222 -0.0354893582254933 -0.642779963258966 -0.0321896213383497 0.764551013709117
1585226033.76814 -15.1686292899856 0.535059661353715 1.32714257015075 -0.0348257967555993 -0.643908232359361 -0.0307527302366913 0.763690789366462
1585226033.90014 -15.2138955445115 0.537033940028304 1.33471560776441 -0.0326133053378788 -0.645115129047057 -0.0284405122198505 0.762859082566505
1585226034.03214 -15.2589728645206 0.538650728480876 1.34190553763182 -0.0319019199027933 -0.646478320011641 -0.0286086489315661 0.761728031824845
1585226034.16414 -15.3044332263681 0.540348827476165 1.3490933210356 -0.0335996005265035 -0.6480849737377 -0.0299636927257661 0.760236220380284
1585226034.29614 -15.3511987858815 0.541698245313056 1.35566061428013 -0.0347835724183286 -0.649957843112422 -0.0319943031247816 0.758499353878451
1585226034.39514 -15.3835375143625 0.543671331789189 1.36097886891925 -0.0340686557802849 -0.651357281619789 -0.031903979327375 0.757334242245312
1585226034.52714 -15.4281447639036 0.545662492222647 1.36732530778577 -0.0319973823740571 -0.653645394813746 -0.0314042712393907 0.755471797691955
1585226034.65914 -15.4728667431213 0.547637145353141 1.37352141999247 -0.0310114267916594 -0.655852709562781 -0.0309265400779432 0.753617319258462
1585226034.79114 -15.5176187298692 0.549249149517202 1.37955192014331 -0.0311147236934118 -0.658118231307483 -0.0308710398711973 0.751637709596495
1585226034.92314 -15.562145076887 0.550753779264665 1.38514967869587 -0.0311369431198951 -0.660225633227055 -0.0307772003996437 0.749790215952864
1585226035.02214 -15.5954860660804 0.552026201181457 1.38918030075666 -0.0308417353495935 -0.66188406542351 -0.0301891882495086 0.748362802530904
1585226035.12115 -15.6288274304863 0.55333930223207 1.3931644470192 -0.0317893586808525 -0.663515700469656 -0.0298667534667442 0.74688977027556
1585226035.22015 -15.6634192067284 0.554158735851512 1.39654733523287 -0.0322710650004279 -0.665088251273275 -0.0300919206871239 0.745460040975608
1585226035.31915 -15.6956407213588 0.55588487499528 1.40059611449263 -0.0333793407794251 -0.666684051905801 -0.0307886615491424 0.743955813784398
1585226035.41815 -15.7289894854122 0.557212031733292 1.40426724517323 -0.0339205471768835 -0.668323520925177 -0.0294953782077906 0.742511340332102
1585226035.51715 -15.7621878176318 0.558556736707828 1.4077394342192 -0.0338310056699074 -0.670001799829493 -0.0283072388620216 0.741047739021321
1585226035.61615 -15.7951883788516 0.55985154430458 1.41096633492871 -0.0334320442307232 -0.671421805079109 -0.0267361468189856 0.739837979922726
1585226035.71515 -15.8283939845472 0.561128969818749 1.41408782142927 -0.0341715169350234 -0.672698550842171 -0.0264205838596685 0.738654804271736
1585226035.81415 -15.8620053823862 0.562059705340348 1.41654840099521 -0.0339660717292601 -0.673875563229711 -0.0260399165542408 0.737604198740064
1585226035.94615 -15.9058836436994 0.56373487722145 1.42065334378128 -0.0341003315721535 -0.675581103060467 -0.0263688418444078 0.736024472931475
1585226036.04515 -15.9391818873383 0.565121455865097 1.42334560316179 -0.0350272352017952 -0.676859528028567 -0.0268636892408354 0.734787461999343
1585226036.14415 -15.9726134901148 0.566433289019771 1.42592688863923 -0.0363832382944662 -0.678040570835687 -0.0286761863623458 0.733563167428501
1585226036.27615 -16.0168904312899 0.568312185900592 1.42903289546957 -0.0370121926597307 -0.679515751955744 -0.0308547196589436 0.732076790175257
1585226036.37515 -16.0498329560133 0.569816525409581 1.43115054666705 -0.0351556536817664 -0.680839578335816 -0.0309416840193291 0.730933759499289
1585226036.47415 -16.0845670119575 0.571547590259098 1.43293810722193 -0.0336735896747402 -0.682118075728138 -0.0306704565859795 0.7298221312184
1585226036.60615 -16.1261443568256 0.57299143385217 1.43576633098163 -0.0323645629755897 -0.683822814612116 -0.0297955270934789 0.728320753407854
1585226036.73815 -16.1697217688462 0.574662115778438 1.43807799700734 -0.0324238201945781 -0.685266346890399 -0.0309712725394852 0.726910936759629
1585226036.83715 -16.202682893861 0.576007086441788 1.43993076500009 -0.0345251826022416 -0.686237735556298 -0.0315702489917082 0.725871270573128
1585226036.93615 -16.2354575286708 0.577384434517583 1.44170592436338 -0.0355223380222268 -0.687315433248515 -0.0313733858367308 0.724811264662036
1585226037.06815 -16.2790140283007 0.579321467984853 1.44369509978966 -0.0339095938266016 -0.688787937992434 -0.0310473049136263 0.723503545796595
1585226037.20015 -16.3225225460414 0.581124692092819 1.445662983729 -0.0318307171583135 -0.690371562289415 -0.0293840758550802 0.722156830275393
1585226037.33215 -16.3657850395638 0.582916271378964 1.4472457728021 -0.0311492318427216 -0.691743115219965 -0.0298207759464167 0.720854984877916
1585226037.46415 -16.409710278486 0.584709142595818 1.44876039850161 -0.032468773607672 -0.692753951251356 -0.0321926899573907 0.71972312209582
1585226037.59615 -16.4558637198605 0.587495737271683 1.44994104340095 -0.0332656797275341 -0.693909575506883 -0.0342833392356048 0.718475850827973
1585226037.72815 -16.4964105321247 0.588370945596894 1.45135763118997 -0.0316931447479541 -0.695274689781063 -0.0333774578237189 0.717268844740282
1585226037.86015 -16.5395283394999 0.590436705323261 1.45248412992245 -0.0305479932381102 -0.696623084825357 -0.0325045511643977 0.716049266427338
1585226037.99215 -16.5826339160446 0.592173218869695 1.4534076168475 -0.0309178467584294 -0.697789012310503 -0.0331539353988355 0.714867398625874
1585226038.09115 -16.6152108989005 0.593504725993466 1.45387071950772 -0.0305184993953392 -0.698559381882245 -0.0340045033183381 0.71409180427521
1585226038.22315 -16.6578249154916 0.595072677342118 1.45439781296099 -0.028000610340615 -0.699805389803604 -0.0327123892589659 0.713034558637483
1585226038.32215 -16.6898739601215 0.596469378340661 1.45474647885929 -0.0272757696835805 -0.700736258242972 -0.0325568294904051 0.712155026398986
1585226038.45415 -16.7391545385622 0.600616242940813 1.45449396018146 -0.0279441578061905 -0.701918285651304 -0.0335882298880053 0.710916081633992
1585226038.58615 -16.7754784616185 0.59966136961356 1.45529274576005 -0.0269259811992704 -0.702955826114903 -0.0347212566421383 0.709875011818814
1585226038.71815 -16.8179986806871 0.60135095407628 1.45539993341745 -0.0251543567605774 -0.704171170831157 -0.0344670021680338 0.708746955032463
1585226038.85015 -16.8609764579829 0.603014052915282 1.45542576934904 -0.0240327107936569 -0.705410236492087 -0.0342883794112137 0.707561399527588
1585226038.98215 -16.9030284803094 0.604543904539688 1.45544955292541 -0.0247008881564688 -0.70646365197236 -0.0344974110042011 0.706476399605935
1585226039.11415 -16.9454055270829 0.605979872941622 1.45518131755956 -0.024699550917517 -0.707517631157568 -0.0357041422913065 0.70536086367823
1585226039.24616 -17.0101542822348 0.613213902528557 1.45173649562114 -0.0236916581632574 -0.708654077312744 -0.0368317209109291 0.70419566057754
1585226039.41116 -17.0401637852537 0.609749330821709 1.45381312747782 -0.0235125967221927 -0.709998584472782 -0.0383731606534969 0.702763593524513
1585226039.57616 -17.0926276524432 0.611780054098478 1.45306119240505 -0.0242243279497365 -0.710360972430893 -0.039459404189307 0.702312911887176
1585226039.74116 -17.1447300676823 0.614005232634148 1.45217350190088 -0.0230039915041895 -0.710770974068907 -0.0400509850416434 0.701905518850797
1585226039.90616 -17.1963948286667 0.616057454869431 1.45145173792816 -0.0233254164776646 -0.711614304385009 -0.0393091376978473 0.7010818771258
1585226040.03816 -17.2375027160366 0.617686469383468 1.45070076355209 -0.0230491096188957 -0.711945547478555 -0.0391781725217968 0.700761975829946
1585226040.17016 -17.278568558553 0.61930771620249 1.44980225078627 -0.0223414803504697 -0.712383773613874 -0.0405164298688703 0.700263262107965
1585226040.30216 -17.3195439687047 0.621113548030268 1.44886191269243 -0.0231803739632512 -0.712716863246827 -0.0425340134273278 0.699777250850792
1585226040.43416 -17.3602857936175 0.622927826784697 1.44803097943019 -0.0249343445789414 -0.713078218814978 -0.0438864057711644 0.699265125471423
1585226040.56616 -17.4005347634554 0.624792339962971 1.44720432744389 -0.0257285127069465 -0.713317454594715 -0.0447002571761336 0.698940726823665
1585226040.69816 -17.4668959123432 0.632727863582705 1.44298387148967 -0.0260652354870975 -0.713679334045429 -0.0446099749159674 0.698564500811107
1585226040.83016 -17.4791787014539 0.628665942818253 1.44533867800186 -0.0257958982290367 -0.714113940504249 -0.0443740113291021 0.698145256182849
1585226040.96216 -17.5178424817818 0.63053504421987 1.44442027821106 -0.0267257501711643 -0.714413407813365 -0.0438831449571435 0.697834856253938
1585226041.09416 -17.5559477960446 0.63235821326122 1.44353295422668 -0.0273259905823059 -0.714729524577432 -0.0432959684175142 0.697524520038402
1585226041.22616 -17.5935128497885 0.634215485642244 1.44253012551421 -0.0270819878382357 -0.714988634959716 -0.0431260786708622 0.697278967954467
1585226041.35816 -17.6306620623861 0.636112613758075 1.44149237820937 -0.0263614195790319 -0.715486557608444 -0.0422159995369439 0.696851397948295
1585226041.49016 -17.6674089214225 0.637798139770062 1.44055413557622 -0.026795066926809 -0.715878727200036 -0.0411506044573894 0.696495728690159
1585226041.62216 -17.7039610001686 0.639595478408579 1.43967184801645 -0.0278300335844493 -0.716256405335006 -0.0400844166559111 0.696128932446152
1585226041.75416 -17.7698458581677 0.647515453403523 1.43571262491391 -0.0297089425164067 -0.716469337886334 -0.0395772527609148 0.695861126710764
1585226041.88616 -17.7754547828406 0.643038773038435 1.43767418032364 -0.0310164113665891 -0.716648760522851 -0.0396455638065581 0.695615386213861
1585226042.01816 -17.8103154507362 0.644686438644779 1.43659307045647 -0.0318783710484103 -0.71723891036577 -0.0388685380226638 0.695011763690805
1585226042.15016 -17.8443866092825 0.646364531053442 1.43550820156258 -0.03170672706281 -0.718385634820038 -0.0370449612421296 0.693934027116228
1585226042.28216 -17.8774564114986 0.647997177732569 1.43395708896159 -0.0288670019466336 -0.720261134965615 -0.0361528358633809 0.692158627856139
1585226042.41416 -17.9096292562671 0.649451451047911 1.43198761104591 -0.0267333176863986 -0.722706219431379 -0.0368059786639648 0.689656704495265
1585226042.54616 -17.941448851857 0.650928122821435 1.42996914338453 -0.0277027137404786 -0.725543293674606 -0.0382095387681167 0.686556275772311
1585226042.71116 -17.9803000325494 0.652565636504935 1.42701632127632 -0.0290973576576419 -0.729426035772755 -0.040249313166156 0.682254347662102
1585226042.84316 -18.036231640289 0.65858492675988 1.42180119897476 -0.0305128242572158 -0.733138955211299 -0.0410156986730996 0.678154814456029
1585226042.97516 -18.0396398777453 0.655408470131849 1.42126721340565 -0.0309992794210128 -0.738379729244148 -0.0397750025604622 0.672497114706102
1585226043.14016 -18.0745720238227 0.657276322877713 1.41712628393113 -0.0347795009507257 -0.747297777675333 -0.0384351847869539 0.662464455171385
1585226043.30516 -18.1072168335325 0.658881598478748 1.41123640944619 -0.0353400360233989 -0.758331737762135 -0.03990733024006 0.649685664263601
1585226043.47017 -18.1373854534663 0.660502039183416 1.40420774262625 -0.0333051572243994 -0.771498275507057 -0.0397185297342932 0.634116405549992
1585226043.63517 -18.1656239867803 0.662143169433513 1.39633461161659 -0.0325258347832711 -0.786866564630886 -0.037638505870155 0.615114966826122
1585226043.80017 -18.1920876826185 0.663922586951781 1.38675777932811 -0.029557525798025 -0.803342841031909 -0.0388914744174515 0.593509970976998
1585226043.96517 -18.2172696020311 0.665642053070951 1.3754193939468 -0.0248208666135369 -0.820221681518668 -0.04228267815298 0.569940780147775
1585226044.13017 -18.2416632478614 0.667198387747731 1.3631333342625 -0.023264712492277 -0.836549891959816 -0.0443261221308823 0.545598961061613
1585226044.29517 -18.2649425240438 0.668656432870748 1.35034071861564 -0.0252706502637641 -0.852458215135954 -0.0448162130027729 0.520257525399258
1585226044.46017 -18.2864643276254 0.670406541677673 1.33587091765493 -0.0245345100581891 -0.868295329658841 -0.0458094140186242 0.493318128489233
1585226044.62517 -18.3131619753751 0.674605515231467 1.32057553276772 -0.0222112476068139 -0.884447955339714 -0.0470703285383589 0.463727138462307
1585226044.75717 -18.3212417091444 0.673502015186355 1.30651397282828 -0.0214941090441229 -0.897167026529689 -0.0483523584393142 0.438510409474658
1585226044.88917 -18.336304441053 0.674995150162987 1.29259818564323 -0.0224804723853916 -0.909444774514169 -0.0491194041785682 0.412301000002842
1585226045.02117 -18.352417227927 0.677464000727394 1.27863459947204 -0.0229477914366217 -0.921069523555345 -0.0497919695289288 0.385519249086399
1585226045.15317 -18.3606915818363 0.677490590745624 1.26275910959687 -0.0222581185751547 -0.931718182221459 -0.0509288820915608 0.358903962146337
1585226045.28517 -18.3717705816022 0.678677919108969 1.24705386087911 -0.0226011320187814 -0.94153343847372 -0.0509829286138195 0.332272048263591
1585226045.41717 -18.3820443931425 0.679951367029795 1.23089958916084 -0.0244118458969306 -0.950453890929314 -0.0496496987000409 0.305902550522593
1585226045.54917 -18.391129055264 0.681169745584381 1.21439879902473 -0.0249082186170449 -0.958667708235537 -0.04819384621486 0.27930835830452
1585226045.68117 -18.4009291254047 0.683962010154066 1.19825989851504 -0.0237033334231198 -0.966247670814039 -0.0465777005508362 0.252258019580098
1585226045.81317 -18.4058360394496 0.683718278710021 1.18026329918375 -0.0227796413188666 -0.973061204606654 -0.0452178149171716 0.224918494670733
1585226045.94517 -18.4119053352625 0.684903491526918 1.16254572340249 -0.0239953742007941 -0.979089115093691 -0.0442952763873323 0.197095548432194
1585226046.07717 -18.4178904733865 0.686538547511714 1.14468014480505 -0.0260351585011224 -0.984300403235611 -0.0438245030500171 0.168980175300103
1585226046.20917 -18.4207634891915 0.686815402137267 1.12566238853001 -0.0254040202528922 -0.988617610305683 -0.0449397160191203 0.141316234992986
1585226046.34117 -18.4234230219673 0.6878341697342 1.10654525800298 -0.023395043352352 -0.992060540966631 -0.0463341140422611 0.114550010386101
1585226046.47317 -18.4255954286497 0.689106455544099 1.08727859217026 -0.0224718203557408 -0.994551791926392 -0.0464918927844246 0.0905552559006042
1585226046.60517 -18.4280754387651 0.691297776963093 1.06797611032122 -0.0233448214430913 -0.996161077228222 -0.0470840457130468 0.07000871493315
1585226046.73717 -18.4284220652707 0.691239232979412 1.0471739657001 -0.0231617493256229 -0.997182458365147 -0.0486964117238535 0.0521472682145552
1585226046.86917 -18.4286307885001 0.692251331897922 1.02651908161064 -0.0193063893085164 -0.997891283380584 -0.0498707973482708 0.0367852342219813
1585226047.00117 -18.4289059379859 0.693790611816175 1.00581305553827 -0.0175237076869497 -0.998363818328023 -0.0487425782293588 0.0242232737248033
1585226047.13317 -18.4288795306608 0.694622736394786 0.984149871968868 -0.0172470166768206 -0.998618437549527 -0.0471162022761911 0.0156147393497499
1585226047.26517 -18.4295000757482 0.695911288653452 0.962236555305957 -0.0201302220057064 -0.998690965024309 -0.0456564965036963 0.0112523272180777
1585226047.39717 -18.4301798341283 0.696936018486878 0.939837887079652 -0.0237509986016291 -0.998707232255394 -0.0442968387615578 0.00758580133719972
1585226047.52917 -18.4302721966955 0.698121741280713 0.917102410883615 -0.0233879101487584 -0.998779950003443 -0.0432336057229838 0.00474051328272671
1585226047.66118 -18.4298387022981 0.699074170254415 0.893821450152006 -0.021649216879698 -0.998861947884325 -0.0424505341824496 0.00201807454090419
1585226047.79318 -18.4299503251819 0.700631117140369 0.870232445646546 -0.0226702957385769 -0.998861667320834 -0.041927831000045 -0.00186661077920399
1585226047.92518 -18.4297592914765 0.701076851083424 0.845527151069541 -0.0263698882291092 -0.998754893434418 -0.0420148142263642 -0.0052959627182823
1585226048.02418 -18.4298192808462 0.701756898296614 0.826867934030949 -0.029701695298213 -0.998640797386281 -0.0421610698798063 -0.00753732569912722
1585226048.12318 -18.4295562892604 0.702419701966912 0.807880611133721 -0.0312558219627942 -0.99857353537551 -0.0421455873068409 -0.00988521682349237
1585226048.22218 -18.4321356828271 0.703091013643778 0.788048200586304 -0.0299897658951162 -0.998610466292223 -0.041582294233173 -0.012192758485744
1585226048.35418 -18.4276000450519 0.704234637607678 0.762436439113318 -0.0280883208666047 -0.998674559621838 -0.0404560802242015 -0.0149491059236515
1585226048.48618 -18.4264929950827 0.705357163972451 0.735571613443685 -0.0280077336064968 -0.998608779054263 -0.0410018925270355 -0.0177459308908616
1585226048.61818 -18.4264098963125 0.707367349326004 0.708593075011772 -0.0311329864832024 -0.998379140262611 -0.0429744420499677 -0.0205676146312677
1585226048.75018 -18.42477342682 0.707972322686247 0.680552937139666 -0.0311570442525048 -0.998290917901167 -0.0441687921319624 -0.022217102220943
1585226048.88218 -18.4230481085002 0.709015974271901 0.65244332520325 -0.0283502192479423 -0.998380434142373 -0.043458884147543 -0.0233259336132725
1585226049.01418 -18.4234274611652 0.710192278291169 0.623718507163424 -0.0271040585360415 -0.998499969703086 -0.0410390704718749 -0.02406190367815
1585226049.17918 -18.4199508665601 0.711869791114156 0.587329406903083 -0.0287282155478058 -0.998465948753743 -0.0407027484983817 -0.024160403047235
1585226049.34418 -18.4185647054941 0.713510531854141 0.550012286576097 -0.0282412258960897 -0.99844877175038 -0.0415739444102284 -0.0239601856465922
1585226049.44318 -18.417110152414 0.713871184839988 0.527013383472098 -0.0285398860273401 -0.998380525158084 -0.0429522331431515 -0.0240189000295934
1585226049.54218 -18.4161379522615 0.714766881780311 0.504032335727178 -0.0288105305136642 -0.99838405711016 -0.0426441237712781 -0.0240978535882061
1585226049.64118 -18.415630962562 0.716055637082967 0.480922345119446 -0.0287800220294946 -0.998406576298719 -0.0421463761574021 -0.0240769954988373
1585226049.74018 -18.413954549991 0.716974401413564 0.457227041305516 -0.0278915242019652 -0.99840746084213 -0.0428049713255753 -0.0239236168310468
1585226049.83918 -18.4126488659861 0.717962448110729 0.433324333860007 -0.0261390372279385 -0.998379659154731 -0.0446018142674932 -0.0237799302549059
1585226049.93818 -18.416143393304 0.715488658027119 0.4058773471495 -0.0258064705741396 -0.998326619154103 -0.0457843912399641 -0.0241200556307457
1585226050.07018 -18.410230285802 0.720093285091496 0.376970607522679 -0.0270205830252518 -0.998324440574655 -0.0450961308879018 -0.0241772294363939
1585226050.16918 -18.4091998429894 0.721179692615951 0.352607859698223 -0.0272832366868413 -0.99841493429247 -0.0430063423435868 -0.0239520040054814
1585226050.26818 -18.4083019251215 0.722239685852003 0.328068044212215 -0.0268574958989266 -0.998498654386896 -0.0413969493444645 -0.0237782397702039
1585226050.40018 -18.4064047277608 0.723640947958415 0.294788184885378 -0.0255836995889384 -0.998522396376996 -0.0415795334643358 -0.0238671457399649
1585226050.49918 -18.4077593623136 0.722441624977809 0.267508798951313 -0.0254120502718081 -0.99841263622926 -0.0438870565298687 -0.02450228127882
1585226050.63118 -18.4037070247777 0.725799620587869 0.235317096641063 -0.0265211929155612 -0.998253830941062 -0.0462201079899041 -0.0254875843349651
1585226050.76318 -18.402097219657 0.727102807968218 0.201171841460466 -0.0268766005554888 -0.998251965704457 -0.0456103640484405 -0.0262746265651452
1585226050.86218 -18.4007253686525 0.728154079099733 0.175397093530896 -0.0266009079258311 -0.998314995447076 -0.0441955523255308 -0.0265765821291594
1585226050.96118 -18.3991664061423 0.729266088560904 0.149468092913172 -0.0250452852052841 -0.998443398984071 -0.0421159685886447 -0.0266412819504188
1585226051.06018 -18.3977467721946 0.730298053574368 0.123215191204618 -0.0245980763837689 -0.998477294776423 -0.0416683687874875 -0.0264910078472836
1585226051.15918 -18.3964863876765 0.731243947264027 0.0966212949037177 -0.0249128302179073 -0.998417078829567 -0.0431161157930796 -0.0261474310571156
1585226051.25818 -18.3952686758487 0.732117777768274 0.0699199017234241 -0.0252083089627084 -0.99836592856856 -0.0442991361765949 -0.0258379636714051
1585226051.35718 -18.393835988417 0.73301637732787 0.043262007228815 -0.0238559346414429 -0.998418175550532 -0.0439964044355894 -0.0256194751989766
1585226051.45618 -18.3922227364014 0.733956184063245 0.0165194678841136 -0.0217909618028573 -0.998535093249268 -0.0425264541093132 -0.0253835031914625
1585226051.55518 -18.3942927361106 0.731634307944183 -0.0147441624334141 -0.0209196024155129 -0.998633139608418 -0.0407082753799813 -0.0252400282527482
1585226051.65418 -18.3895269256351 0.73601242507956 -0.0376068149483525 -0.0213597175300228 -0.998656234966713 -0.0399275395302479 -0.0252047300363867
1585226051.75318 -18.3883067985583 0.736849543304094 -0.0650630437566641 -0.0219759048417071 -0.998619476739499 -0.0406896522531433 -0.0249108908398641
1585226051.81918 -18.3874379046481 0.737382826294777 -0.0835237997219433 -0.02158563608743 -0.998589492273706 -0.0418297361984207 -0.0245633752732465
1585226051.91819 -18.3860055491825 0.738201829981718 -0.111134240221651 -0.0206135621455989 -0.99858934030946 -0.042573654990674 -0.0241224869514273
1585226052.01719 -18.3847435082394 0.739035545659405 -0.138626529045865 -0.0207546361427797 -0.998647620478075 -0.0411472043800793 -0.0240641385419179
1585226052.11619 -18.3837928044064 0.739799046986801 -0.16613058578712 -0.0230517959049538 -0.998695420983726 -0.0387035382455311 -0.0240438544948905
1585226052.21519 -18.3828228136409 0.7405945897918 -0.19377636761671 -0.0243850374589382 -0.998757995407597 -0.0363475786353822 -0.0238052533040413
1585226052.31419 -18.3816443027155 0.741366646043152 -0.221745531725659 -0.0244796728098643 -0.998779435951184 -0.035888358866454 -0.0235033963084006
1585226052.41319 -18.3847250370458 0.737460422956887 -0.257371798959362 -0.0246888655734637 -0.998678431850097 -0.0384650846738406 -0.0235007858413433
1585226052.51219 -18.3791678010016 0.742642103858006 -0.278447993909312 -0.0248139390838219 -0.998568250850347 -0.0406823925830858 -0.0243034926407384
1585226052.61119 -18.3779049482799 0.743279903634188 -0.306908291613267 -0.0255110701807231 -0.998452815327785 -0.0425246440328683 -0.0251558246164145
1585226052.71019 -18.3765784020255 0.744131517521138 -0.335300067681513 -0.0264111342611749 -0.998422574098544 -0.0423691930559413 -0.0256839832826429
1585226052.80919 -18.3752582987282 0.745079088041949 -0.363620456346761 -0.0274414824510977 -0.99838782209056 -0.0421103957066954 -0.0263711265511919
1585226052.90819 -18.3738711169034 0.745913144459753 -0.391805953991274 -0.0279426329002967 -0.998401837690066 -0.041011272754229 -0.0270380337816343
1585226053.00719 -18.3724041210541 0.746642398469024 -0.42001018191707 -0.0284723123035751 -0.998385017785333 -0.0405656857675956 -0.0277688464303614
1585226053.07319 -18.3714963846229 0.747144330248706 -0.43887975364264 -0.0291164600326725 -0.998364581578061 -0.0402635903824625 -0.0282707851879224
1585226053.17219 -18.3699354215144 0.748010378623378 -0.467146541507648 -0.0289924733699375 -0.998333256734666 -0.0404495990833643 -0.0292228492697784
1585226053.27119 -18.3729311821018 0.744689649179565 -0.503949496056087 -0.0287847469389656 -0.998252501115244 -0.0418604946269488 -0.0301841241451046
1585226053.37019 -18.3665466848583 0.749504065387218 -0.523877662851157 -0.0281048350344787 -0.998204519171481 -0.0429826334771904 -0.0308277370671755
1585226053.46919 -18.3646923369192 0.750381610064632 -0.552303977050712 -0.0265112707423268 -0.998219716536033 -0.0432503622814844 -0.0313680762060526
1585226053.56819 -18.3628111175922 0.751297221007949 -0.58065544323352 -0.0253564888580121 -0.998257949129987 -0.0429481043172096 -0.0315210375328119
1585226053.66719 -18.3610382333397 0.752186053773376 -0.608976972466404 -0.024913673227328 -0.998268434746585 -0.0429811692825747 -0.0314969865547135
1585226053.76619 -18.3593321611598 0.75301797797846 -0.637289692378806 -0.0244483856584332 -0.998271552437488 -0.043376012244126 -0.0312202753758068
1585226053.86519 -18.3575935188223 0.753952323837108 -0.665694262246766 -0.0236553213037349 -0.99831931166209 -0.0431259318002716 -0.0306452564503339
1585226053.96419 -18.3558989486378 0.754874627817267 -0.694039627425659 -0.0227823635888868 -0.998367751633989 -0.0428321561670028 -0.0301364033136573
1585226054.03019 -18.3548972021109 0.755480958492708 -0.713018279589317 -0.0225504883944041 -0.998393216929832 -0.0424801665129066 -0.0299649013799864
1585226054.12919 -18.3533461936256 0.756407560545612 -0.741252503108191 -0.0222528601009811 -0.998398063215987 -0.0427136677306503 -0.0296927629716064
1585226054.26119 -18.3512643678333 0.757687813066811 -0.778728458023695 -0.021901408595515 -0.99841895944533 -0.0427626688746757 -0.0291764266549637
1585226054.36019 -18.3496735055476 0.758596249420962 -0.806869117074623 -0.0209656043962104 -0.998435300766906 -0.0430822191759871 -0.028832551147461
1585226054.45919 -18.3547178208325 0.754760694187019 -0.847942785797752 -0.0204121241492457 -0.998446056998686 -0.04330312144732 -0.0285246581822033
1585226054.55819 -18.3467696467369 0.760207476822802 -0.862938291333891 -0.022088911492228 -0.998495808436412 -0.0414673116935547 -0.0282606189761277
1585226054.69019 -18.3452005605325 0.761142926502775 -0.900172270002044 -0.0245056693593664 -0.998584935325973 -0.0381004654693623 -0.0278559444336265
1585226054.78919 -18.3440348799246 0.7616370179225 -0.928703589005822 -0.0248400359909103 -0.998632932333751 -0.0370927763833691 -0.02719126717602
1585226054.85519 -18.346611770394 0.759580461705933 -0.954386587243321 -0.025138242352259 -0.998603513681241 -0.038061525328201 -0.026653546191991
1585226054.98719 -18.3415971339414 0.763279105872742 -0.98539669712466 -0.0279880031649008 -0.998305485579832 -0.0437304499502899 -0.0262769268980022
1585226055.08619 -18.3405803584019 0.763994499296432 -1.0139008603592 -0.030038649649937 -0.998044782203447 -0.0483064567207948 -0.0258993915520099
1585226055.18519 -18.33934504387 0.764866249499588 -1.04206599150864 -0.0300329585846226 -0.998026304619747 -0.0489885024641939 -0.0253306792649114
1585226055.28419 -18.3378315902757 0.765900516302863 -1.06977887125693 -0.0284542473544898 -0.998226156065284 -0.0459100382594067 -0.0250432733810132
1585226055.35019 -18.3369071804355 0.766503578251532 -1.08832380535354 -0.0276750537136919 -0.998413503861159 -0.0421201351671179 -0.0251089809257934
1585226055.41619 -18.336030437554 0.767050126755641 -1.10687677459427 -0.0270598080633055 -0.998573492071804 -0.0384549471858679 -0.0252975247016732
1585226055.48219 -18.3352311437072 0.767506055569624 -1.12554003146399 -0.0268631304209382 -0.99864523251599 -0.036560779107299 -0.025482959563967
1585226055.58119 -18.3340551776114 0.768190945726905 -1.15354270381033 -0.0277664362694072 -0.998634327874826 -0.0362103396866669 -0.0254423958515526
1585226055.68019 -18.3328518095239 0.768752636653347 -1.18184198225133 -0.0278951094456022 -0.998581873945452 -0.0377087656031264 -0.0251823925252643
1585226055.77919 -18.3315452079585 0.769287491274307 -1.21036971115733 -0.0267840412957326 -0.99846548276936 -0.0415115087622629 -0.0250217803183289
1585226055.84519 -18.3402022369566 0.765145073140765 -1.2554658503602 -0.0256952162323835 -0.99844158274793 -0.0428190782145018 -0.0249136156235674
1585226055.94419 -18.3292197986881 0.770410203155685 -1.25730463681713 -0.0242105065872705 -0.998506616260975 -0.0420760472344139 -0.0250598264753104
1585226056.04319 -18.327962321799 0.771237091785505 -1.28509026132842 -0.0240725317237327 -0.998566178674228 -0.0405455824519543 -0.025340792568327
1585226056.1422 -18.3268851242444 0.772098707654227 -1.31292603552024 -0.0250134154392035 -0.998603738345047 -0.0389087787371152 -0.0255148926815169
1585226056.2412 -18.3257387345799 0.772875099891528 -1.34082569123385 -0.0253756563348389 -0.998606247649855 -0.0387230262596362 -0.0253409837525602
1585226056.3402 -18.3244108553331 0.77361367899138 -1.36884208551712 -0.0246056547712732 -0.998560225764056 -0.040698193107793 -0.0248131890952121
1585226056.4392 -18.3277103793334 0.771757252607255 -1.40837955420811 -0.0227657481755149 -0.998516948335747 -0.0428836830473119 -0.0246295417045028
1585226056.5712 -18.3211357010475 0.77540633722925 -1.43363100802959 -0.0224059360602771 -0.99851348580125 -0.0431466988059793 -0.0246405171302574
1585226056.7032 -18.3197068493651 0.776649222379696 -1.47019978995519 -0.0242840392929 -0.998538383556639 -0.0415552706827785 -0.0245874252047063
1585226056.8022 -18.3188802538474 0.77768405473891 -1.49776446603715 -0.026664101862532 -0.99847874768753 -0.0417298355030133 -0.0242453483600135
1585226056.9012 -18.31781208185 0.778503962800186 -1.5254676938159 -0.0263440432935485 -0.998459629207357 -0.042591788164438 -0.0238809507141438
1585226057.0002 -18.3246362194037 0.77598242853205 -1.57962824007396 -0.0252917004676196 -0.998465656752617 -0.0432838473542771 -0.0235195818677222
1585226057.0992 -18.3152069236262 0.779725077029059 -1.5804345377148 -0.023048524091156 -0.998586066434612 -0.0418561628913045 -0.023295816961104
1585226057.1982 -18.314192370882 0.78062044572061 -1.60771223145204 -0.0237052549064806 -0.998661072538925 -0.0395352633384849 -0.023475221787636
1585226057.2972 -18.3131899053548 0.781537748152114 -1.63507252855632 -0.0240720666749225 -0.998682830554485 -0.0388480202338149 -0.0233231834360965
1585226057.3962 -18.3120988219377 0.782294530836681 -1.66252103175808 -0.0240807571134368 -0.998613589277033 -0.0407554681490776 -0.0230219083490896
1585226057.4952 -18.3107935499767 0.782958916066993 -1.68986473241627 -0.0219626343987046 -0.998562747356323 -0.0433325485679056 -0.0226356470433487
1585226057.5942 -18.3095151209146 0.783711296539626 -1.71691235992028 -0.0207631648793943 -0.998551321232581 -0.0443200623251372 -0.0223580393673779
1585226057.6932 -18.3083897614209 0.784585180214473 -1.74362754979572 -0.0204631499414324 -0.998580287828846 -0.0437138000354041 -0.0225337955213523
1585226057.7592 -18.3078034410813 0.785169836677586 -1.7614303183813 -0.0214534194974062 -0.998585376577486 -0.0428809588163903 -0.0229830339262789
1585226057.8252 -18.3072373939343 0.785829213680725 -1.77914240640306 -0.022644249694762 -0.99856386676644 -0.0423575735747584 -0.0237334764641889
1585226057.9242 -18.3060643500489 0.786740742604704 -1.80549256328412 -0.022708223212666 -0.998499466809899 -0.043069202439045 -0.0250638221373907
1585226058.0232 -18.3044656814777 0.787652299981832 -1.83191811291984 -0.0199082318253209 -0.99836312899336 -0.0466169605616845 -0.0264874302295892
1585226058.1222 -18.303244152483 0.788525870107726 -1.85829441882492 -0.0219832129635101 -0.998127071543295 -0.0499079588797411 -0.0277179191258252
1585226058.2212 -18.3024643856217 0.78921980878931 -1.88439690018243 -0.0256936882404147 -0.997976198652862 -0.0503866528324516 -0.0290607385200369
1585226058.3202 -18.3077391662934 0.788169267221914 -1.93327511836437 -0.0260286695872764 -0.998123917857344 -0.0463023302976756 -0.0304507334825858
1585226058.4192 -18.299691084446 0.79018043380166 -1.93450829840563 -0.0230727633380936 -0.998399339695852 -0.0411769471290579 -0.0311587084450156
1585226058.5512 -18.2976236857168 0.791231854216931 -1.96658675864289 -0.021896480592504 -0.99855225873457 -0.0366198075181884 -0.0327554638355477
1585226058.7162 -18.295941815474 0.791906071175434 -2.00668993037125 -0.0263880647536672 -0.998158250170791 -0.0413254814973513 -0.0357208935156161
1585226058.8482 -18.2993762554909 0.791855646237645 -2.05841004349163 -0.0254580978267345 -0.997990223054096 -0.0454456588108471 -0.0360845124496488
1585226059.0132 -18.2908710269313 0.793227656299171 -2.07645324469602 -0.0225791221920016 -0.998143340908124 -0.0421729982907031 -0.0377026850102221
1585226059.1782 -18.2885122102965 0.794374986452741 -2.11414088749692 -0.0241601825430097 -0.998136475863824 -0.0400732266852354 -0.0391662818335921
1585226059.3102 -18.2867295500932 0.794990925035687 -2.14433192762731 -0.0254738702870974 -0.997992647257606 -0.0418683922194013 -0.0401097953786052
1585226059.5082 -18.2835843120134 0.795887684008297 -2.18760626950024 -0.0254027523205441 -0.997782054769702 -0.0454915242024123 -0.0414269547497106
1585226059.6732 -18.2810099128829 0.796800509983318 -2.22210135903918 -0.0261794399953461 -0.997726396114992 -0.0445045865767935 -0.0433130141014183
1585226059.8382 -18.278197375298 0.797687260157669 -2.2553104714227 -0.026055328255091 -0.997577876451755 -0.0448777757771847 -0.0463193860583149
1585226060.0362 -18.2742396335958 0.798839837938218 -2.29285208222127 -0.0241729632727773 -0.997346373341387 -0.045655234116384 -0.0512979436934343
1585226060.23421 -18.2706044742922 0.799446958787302 -2.32784734836414 -0.0270880874754047 -0.99692155068799 -0.044393620852805 -0.0586759211121134
1585226060.43221 -18.2661930977186 0.800234599923747 -2.36119246962813 -0.0298846813885482 -0.996278672677085 -0.0399619866646855 -0.0702762535206688
1585226060.63021 -18.2595194470802 0.801086202275944 -2.39353643484716 -0.0268144041243809 -0.99502489500248 -0.0363496375296802 -0.0887983665853058
1585226060.79521 -18.253029032517 0.80144946256741 -2.42049512821243 -0.0270161236427199 -0.992951924084156 -0.0380628076767849 -0.108939562109704
1585226060.96021 -18.2457881702642 0.801695716166936 -2.44661675561242 -0.0301825935907581 -0.989937985779578 -0.0400405005040248 -0.132319891453232
1585226061.12521 -18.2365920222497 0.80218683764165 -2.47189222118012 -0.0292179823870392 -0.986236756203023 -0.0394481823592378 -0.157883536595565
1585226061.29021 -18.2323087002042 0.804955457694881 -2.49966004783091 -0.0268331633808745 -0.981903954469418 -0.0379053100323443 -0.183596821899634
1585226061.45521 -18.2133655825091 0.802992562549441 -2.52054057580169 -0.0252606598372354 -0.976630289259337 -0.0373750088950618 -0.210138730071125
1585226061.62021 -18.1997597135423 0.80329650035801 -2.54436727309521 -0.0236554445311709 -0.970381110100636 -0.0367930810786027 -0.237586174447574
1585226061.78521 -18.1871123877831 0.804485074706013 -2.5695164733715 -0.0236469531928672 -0.962975576422248 -0.0345339225724899 -0.266319862215892
1585226061.95021 -18.1681421695156 0.803595155952941 -2.59006842812086 -0.0249572074825715 -0.953943076364494 -0.0337955277093752 -0.297031323529627
1585226062.08221 -18.1535782410422 0.803598921628633 -2.60761548199558 -0.025261119183254 -0.945904552915896 -0.0327715763040101 -0.321795706026571
1585226062.21421 -18.1568508375014 0.810620000423408 -2.62651816913768 -0.0229018509556062 -0.93733103718412 -0.030919651787263 -0.346309120710823
1585226062.34621 -18.1200856074483 0.80394642548987 -2.6400158976473 -0.017723262781052 -0.927944220129997 -0.0297577221241882 -0.371106303177006
1585226062.47821 -18.1019802205637 0.803878711222304 -2.65560485528854 -0.0164630178447767 -0.917244732238747 -0.0312579610847822 -0.396754344768314
1585226062.61021 -18.0837144325121 0.803635894735874 -2.67091040763263 -0.0209982710919873 -0.905977527089719 -0.0338598467557548 -0.42144667966093
1585226062.74221 -18.0671349812995 0.804401011758737 -2.68539881701328 -0.024697251221045 -0.894441408389953 -0.0344733253446628 -0.445169858120698
1585226062.87421 -18.0430044725071 0.802982719786705 -2.69730554267808 -0.0225139866759199 -0.882692331050119 -0.0309136823544482 -0.468392691395321
1585226062.97321 -18.0267108916462 0.802900686494248 -2.70576215808996 -0.0205440536118316 -0.873191170805794 -0.0273049664640355 -0.486178526772212
1585226063.07221 -18.0411735908498 0.812255968274766 -2.71788032152294 -0.0210872575046579 -0.862984006997807 -0.0239385631725402 -0.504223042343541
1585226063.17121 -17.9933586987993 0.802581536905103 -2.72186255188814 -0.0226192447659276 -0.852222103100481 -0.0245271899643644 -0.522115191988956
1585226063.27021 -17.9759515683539 0.802142987510727 -2.72922375422158 -0.0224091921842249 -0.841712066636271 -0.0250049044907736 -0.538881600851204
1585226063.36921 -17.9579030649184 0.801627115774064 -2.73574930323046 -0.0208440504381995 -0.831679384563291 -0.0258086688723265 -0.554264232532458
1585226063.46821 -17.9396605226856 0.801122692888155 -2.74195169886642 -0.0216925045746681 -0.821705001814338 -0.0264837417834604 -0.568883939534
1585226063.56721 -17.9273397924277 0.802633192858059 -2.74749423699551 -0.0210531988327238 -0.811803216875001 -0.0231372001048428 -0.583092591156515
1585226063.69921 -17.8958691635109 0.79972024533779 -2.75355474899058 -0.0217409339870318 -0.799005074848319 -0.0200291894291593 -0.600597247518514
1585226063.79821 -17.8765450487134 0.799271449896885 -2.75764218528699 -0.0207601993937302 -0.789712706130579 -0.0176660560466627 -0.612870921451496
1585226063.89721 -17.8577190631121 0.799014183020594 -2.76148574198417 -0.0225781423288024 -0.780579786965262 -0.0172100784610352 -0.624411112064489
1585226064.02921 -17.8388647087919 0.800475775298368 -2.76712041226126 -0.0249918738869005 -0.768282463184156 -0.0193981525339737 -0.639328690644786
1585226064.16121 -17.8032504751729 0.796548195782078 -2.77047525127666 -0.0247779706567528 -0.757201269764315 -0.0236953660794645 -0.652281242152342
1585226064.29321 -17.7758201274085 0.795790366747568 -2.77316922747548 -0.0237063755828467 -0.746293047526548 -0.0227772891894812 -0.664805151956151
1585226064.42522 -17.7835656928014 0.80327004556495 -2.78244008417271 -0.0234150126637569 -0.736274668327392 -0.0215210205302432 -0.675935052824369
1585226064.55722 -17.7185228671477 0.794125137905104 -2.77669668590159 -0.0214154658119638 -0.728413177852751 -0.0236864217650907 -0.68439358090099
1585226064.65622 -17.6966446526716 0.793487196884818 -2.777837204591 -0.0211335766538029 -0.7237957157218 -0.0254704677367662 -0.689220131100257
1585226064.75522 -17.674477870899 0.792914062988868 -2.77885184016183 -0.0215907950081534 -0.719789329613602 -0.0268850343988613 -0.693335671569471
1585226064.88722 -17.6524738572643 0.794755180542804 -2.78101341951044 -0.0230341805033964 -0.715461410174536 -0.0275093985296023 -0.697730341946042
1585226065.01922 -17.6135186540473 0.791372599721367 -2.7805040412489 -0.0236531711423739 -0.712552831769602 -0.0274193261473036 -0.700683359289814
1585226065.15122 -17.5820892067014 0.790421522414237 -2.78091436943357 -0.0228733578684294 -0.710353692556367 -0.0274426655813614 -0.702937650917311
1585226065.28322 -17.5502069954978 0.789509243620778 -2.78132443802578 -0.0228321391636395 -0.708314890114207 -0.0282367972371321 -0.70496197992906
1585226065.41522 -17.5269152710426 0.790615330198543 -2.78316950731957 -0.0243799449233789 -0.706292372230553 -0.0295310297546555 -0.706883739731012
1585226065.51422 -17.493820314351 0.787902177244695 -2.7819254304856 -0.0254236181862775 -0.70482722017537 -0.0293851731601864 -0.708314012946606
1585226065.61322 -17.4694734238118 0.787113038786379 -2.78166463953271 -0.0260495977722188 -0.703676642668174 -0.0268465105744156 -0.709534964528973
1585226065.74522 -17.4363923674767 0.78586590729441 -2.7811611104615 -0.0266340513782747 -0.702104489000128 -0.0237607817723434 -0.71117883762287
1585226065.87722 -17.4209296922033 0.787533007088721 -2.78543516421749 -0.0280881610258884 -0.700286150018227 -0.0235746608746513 -0.712919770147721
1585226066.00922 -17.3685287745964 0.78288810209783 -2.78042966483821 -0.0276024882833504 -0.698666293662821 -0.0253139395859965 -0.714466736246455
1585226066.14122 -17.3340046296846 0.781129481645144 -2.77968230948054 -0.026644086615392 -0.69706014791546 -0.0256907377772262 -0.716056721795816
1585226066.27322 -17.2992414910812 0.779581286580045 -2.77874472720465 -0.0269271527225885 -0.69528129975979 -0.0246797573688364 -0.717808994250425
1585226066.40522 -17.2640671874081 0.778033044142185 -2.77765323832246 -0.0274962668617212 -0.693490971675844 -0.0240604912106377 -0.719538268805396
1585226066.53722 -17.2582901714625 0.779962371777418 -2.78431146714434 -0.0275665293802945 -0.691767449524999 -0.0248630258754767 -0.721165523427124
1585226066.66922 -17.1919860775459 0.774492517114866 -2.77509207778527 -0.0268263376505807 -0.690535716508608 -0.0256442203978917 -0.722345586125079
1585226066.76822 -17.1646056906015 0.773222963528837 -2.77393558856452 -0.0263337444270466 -0.689967938466677 -0.0254334226380537 -0.722913493307055
1585226066.90022 -17.1275573116049 0.771531530024217 -2.77233152544985 -0.0262285158365408 -0.689396908058863 -0.025457507811063 -0.723461044847573
1585226066.99922 -17.0994825519005 0.770258553374438 -2.77105320830786 -0.0255118197447628 -0.689079735980802 -0.0249295172154553 -0.723807145367703
1585226067.09822 -17.0711267918129 0.768950607741986 -2.76990080419574 -0.025129715837206 -0.688908871977717 -0.0265136549544467 -0.723926853758919
1585226067.23022 -17.0329652270719 0.767166244053827 -2.768359246079 -0.0260301154268286 -0.688762186665971 -0.0268777350891907 -0.72402118108965
1585226067.36222 -16.9946392678799 0.765368790259635 -2.76663150120744 -0.0258045874712759 -0.688761531132183 -0.0267618740622024 -0.724034169493794
1585226067.46122 -16.9657606666397 0.764114795879645 -2.7653356502233 -0.0258912893117779 -0.688752065698657 -0.0268796466177814 -0.724035715784318
1585226067.56022 -16.9366498380697 0.762845448194552 -2.7640528781698 -0.0251470735750148 -0.688617647478055 -0.0273447791326805 -0.72417237128089
1585226067.65922 -16.907507263487 0.761506576567135 -2.76279852444794 -0.0244992927991192 -0.688524615189685 -0.027775674689571 -0.724266629650834
1585226067.75822 -16.878289980788 0.760202185479115 -2.76146950039903 -0.0241724038021217 -0.688576948083444 -0.0275462358713446 -0.7242366231777
1585226067.85722 -16.8751636534855 0.761707190582659 -2.76699608734131 -0.0243333609497657 -0.688703508220434 -0.026669909893413 -0.724143688238759
1585226067.95622 -16.81948133952 0.757740740885597 -2.75873223673084 -0.0239192738695896 -0.688839709248287 -0.026023747402392 -0.72405144007275
1585226068.02222 -16.7997704985812 0.756893212634718 -2.75787370868736 -0.0238169413530682 -0.68897705457005 -0.0257933382295749 -0.723932369274601
1585226068.12122 -16.7699755525154 0.755527854018442 -2.75660214481343 -0.0234491059537807 -0.689120828213229 -0.0259406924846172 -0.723802254781028
1585226068.22022 -16.740051574599 0.754114985784606 -2.75531839964479 -0.0237430607294287 -0.689246679500287 -0.0256551939869284 -0.723683005801933
1585226068.28622 -16.7202600425442 0.75322678911302 -2.7545098406045 -0.0241510449762631 -0.689329456174882 -0.0251870526219455 -0.723607103514342
1585226068.35222 -16.7004360026474 0.752343278315276 -2.7537627042406 -0.0247431051179867 -0.689387419123913 -0.0250152906811055 -0.723537836146065
1585226068.41822 -16.6807823825698 0.751503508536672 -2.75306983918929 -0.0251584042203284 -0.689456601386795 -0.0250168120743318 -0.723457537534093
1585226068.48422 -16.6611580850954 0.750647553806039 -2.75242434738382 -0.0249914972888079 -0.689528420389003 -0.0252904676782431 -0.723385357042653
1585226068.58322 -16.6313573353772 0.749275048557156 -2.75131608445889 -0.0244222574930438 -0.68968305456713 -0.0259449503752539 -0.723234192452156
1585226068.64922 -16.6117922444242 0.748352797670539 -2.75066089956463 -0.0238873161231534 -0.689789555335204 -0.0266501677883704 -0.723124839869124
1585226068.74823 -16.5820177094333 0.746971175951954 -2.74965135002112 -0.0235818916955189 -0.689899593711129 -0.027791013709245 -0.722986932481005
1585226068.84723 -16.5521117676359 0.74569364335139 -2.74874337607308 -0.0242568253195783 -0.690055607300882 -0.0288068553550007 -0.722775919869072
1585226068.94623 -16.5218678791979 0.744470332883409 -2.74766054553518 -0.024317340005833 -0.690339705726272 -0.028269368198704 -0.722523771577414
1585226069.04523 -16.4913706192538 0.743179590106852 -2.74640645250286 -0.0237493803972112 -0.690664932375765 -0.027258766481862 -0.722270640249911
1585226069.14423 -16.4606050827607 0.74188356046448 -2.74525998603684 -0.0242620864426509 -0.690803297034488 -0.0270231904052236 -0.722130115109495
1585226069.24323 -16.4536708289992 0.742629035570114 -2.74975624448689 -0.0249827024602635 -0.690807273868378 -0.0272246245383904 -0.722094173059903
1585226069.34223 -16.3988852015839 0.739134030208061 -2.7431008539791 -0.0249772984393617 -0.691151639061972 -0.0261261357472056 -0.721805355629576
1585226069.44123 -16.3677715809558 0.737692010294883 -2.74184321860701 -0.0249661827931479 -0.691571619232111 -0.0246218847837933 -0.721456268930494
1585226069.54023 -16.3365403877241 0.736266063625805 -2.74073353210092 -0.0254647782893156 -0.691751412696222 -0.0235955404894476 -0.72130075458748
1585226069.63923 -16.3051528748628 0.734790075321348 -2.73966497689481 -0.0255809840571635 -0.691946381748062 -0.0229398584524205 -0.721130765488905
1585226069.73823 -16.2735833801431 0.733244622222894 -2.738650408647 -0.0249196867277484 -0.692172090579524 -0.0237626800839555 -0.720910633346041
1585226069.83723 -16.2421757481476 0.731720029754856 -2.73763380607339 -0.0241894277728756 -0.69237091738863 -0.0240293932267125 -0.720735716195335
1585226069.90323 -16.2216130870747 0.730793765918282 -2.73705639372794 -0.0235647538335701 -0.692456815330704 -0.0247756697620882 -0.720648615808469
1585226069.96923 -16.2227867463623 0.731460998690231 -2.7412797448859 -0.0234311313411235 -0.692586105235884 -0.0252347864704893 -0.720512785778332
1585226070.06823 -16.1694148938526 0.728635507114939 -2.73544320964958 -0.0223866591846745 -0.692666428689786 -0.025459223014253 -0.720460883060418
1585226070.16723 -16.1377272076314 0.727293173791759 -2.73438381593242 -0.0213238546681986 -0.692744811345475 -0.0256842440943376 -0.720409771714206
1585226070.26623 -16.106139546913 0.725982579187868 -2.73329009667206 -0.0201551929973203 -0.692804700960057 -0.0255586182581214 -0.720390291130872
1585226070.36523 -16.0745506646631 0.724659859195119 -2.73225537060213 -0.0199943078787511 -0.692878634219444 -0.0246196249684771 -0.720356370112085
1585226070.46423 -16.0429954318682 0.723331164509199 -2.73117051572804 -0.0199820431018779 -0.693014273973703 -0.0236865593436593 -0.720257510150804
1585226070.56323 -16.0111275079775 0.72194288359527 -2.73004119070693 -0.0196904626255711 -0.693145598234334 -0.0224808004298063 -0.720177810642617
1585226070.66223 -15.9791882323569 0.720491285046192 -2.729101266735 -0.0205475267134042 -0.69314654424713 -0.0228517729517383 -0.720141280456263
1585226070.76123 -15.9473831141775 0.718933793940549 -2.72832189714433 -0.021981299186965 -0.69307839784404 -0.0234315635972749 -0.720145901019633
1585226070.86023 -15.9157194654493 0.717385432863232 -2.72750069553959 -0.022858695678319 -0.693022655469877 -0.0234679571765736 -0.720171044977043
1585226070.92623 -15.8946619075273 0.716397533256484 -2.72692945359346 -0.0232700138716876 -0.693109706790089 -0.0236253074088524 -0.72006894507235
1585226071.02523 -15.8627648173686 0.714860221502731 -2.72596648479891 -0.0229463867388982 -0.69308112757954 -0.0246285878934101 -0.720073223073237
1585226071.12423 -15.8308813903216 0.713337958462442 -2.72514731265044 -0.0223981428903197 -0.69277859553435 -0.0263333236889718 -0.720321245575896
1585226071.22323 -15.7990058381635 0.711922493365761 -2.72440849830317 -0.0224299410468838 -0.692610460073936 -0.0284566126293527 -0.720401186519336
1585226071.32223 -15.7671006970574 0.710623371861323 -2.72362202821994 -0.0226133528909643 -0.692577161855136 -0.0301101817157517 -0.720360248837176
1585226071.42123 -15.7353147165326 0.709326006653571 -2.7226969266801 -0.0232663951683937 -0.692636459639277 -0.0303644080518952 -0.7202717628492
1585226071.52023 -15.7036799906076 0.708022337559792 -2.72157727314891 -0.0233927778118692 -0.692665803822617 -0.0289262078230569 -0.720298644078962
1585226071.61923 -15.6719558887008 0.706696680973768 -2.72045174547293 -0.0249157440510265 -0.692570145527496 -0.0272471163376404 -0.720405020716603
1585226071.71823 -15.6400877015184 0.705346242090843 -2.71945563171935 -0.0260291940746861 -0.692302407608619 -0.0268768757127187 -0.720636864882068
1585226071.85023 -15.5973627228841 0.703349407291263 -2.71806204080043 -0.0256130507449824 -0.692208294716532 -0.0274888577314609 -0.720719093029861
1585226071.98223 -15.5632978331333 0.701793028932503 -2.71803118130831 -0.0242451976132445 -0.69218200725799 -0.0281486875807103 -0.720766183036135
1585226072.08123 -15.5225661033225 0.699886786147331 -2.71530066040837 -0.0235016232465029 -0.692013556459681 -0.0277300422775301 -0.720968762247082
1585226072.18023 -15.4914741981272 0.698631610082932 -2.71420303081591 -0.0236118176909065 -0.691594706545228 -0.0273714078928418 -0.721380655392086
1585226072.27923 -15.4734497907928 0.698026768316137 -2.7162036174564 -0.0242061351956885 -0.691042490317717 -0.0272239360239763 -0.721895558167342
1585226072.37823 -15.4269634829508 0.695724969365017 -2.71175976837522 -0.0247884570218745 -0.690603355782357 -0.0266355871962393 -0.722317854462516
1585226072.47723 -15.3946618694158 0.694219149813371 -2.71043959907854 -0.0246946611229005 -0.690259035166366 -0.0265389929959352 -0.722653665274027
1585226072.57623 -15.3623073069254 0.692779805017812 -2.70897591607273 -0.0231914680083778 -0.689978242930615 -0.0268143835590024 -0.722961388269352
1585226072.67523 -15.3302358557137 0.691252521372681 -2.70753302262031 -0.022088629943379 -0.689594696877584 -0.0275894189534932 -0.723332613966318
1585226072.77423 -15.298335890451 0.689646940446738 -2.70634136588634 -0.0243390880496677 -0.689035143730339 -0.0274245316075934 -0.723799747556965
1585226072.87324 -15.2662750388976 0.688186114678888 -2.70495133423959 -0.0252194420025768 -0.688619852706407 -0.0264270135202444 -0.724201830403712
1585226072.97224 -15.2341698852769 0.686893285806029 -2.7032207858828 -0.024434786780109 -0.688441553637026 -0.0247661950818621 -0.724456902791336
1585226073.07124 -15.2020183044713 0.685184097925529 -2.70171603862724 -0.0241296403685359 -0.68791916201669 -0.0257884853209265 -0.724927541903874
1585226073.17024 -15.1696456163467 0.683454218313357 -2.70031779553981 -0.0232950344245254 -0.687213482950945 -0.0279993821640719 -0.725541869791139
1585226073.26924 -15.1420704510313 0.682658254698867 -2.69985526449009 -0.0253455881305918 -0.686821344222332 -0.0282764594565639 -0.725833647693151
1585226073.36824 -15.1049233422605 0.680771647561461 -2.69740808837473 -0.0263289988427068 -0.68654105049991 -0.0295167724659541 -0.726014414417244
1585226073.46724 -15.0722236738512 0.679249416060768 -2.69582518683523 -0.0260732732543851 -0.686137851927389 -0.0306941055636218 -0.726355907567302
1585226073.56624 -15.0395674507777 0.677750521074953 -2.69411085839997 -0.0259461779607565 -0.685707228270625 -0.0306984563195678 -0.726766811106727
1585226073.66524 -15.0159033778231 0.676650817948488 -2.6955453661425 -0.0267481337101289 -0.685075473781448 -0.0307302036086497 -0.727331964891081
1585226073.76424 -14.974202261907 0.674840103164631 -2.6905935438277 -0.02758423438788 -0.684551301368266 -0.029739853466137 -0.727835260841395
1585226073.86324 -14.941662743662 0.673264321305941 -2.68858030067956 -0.0275384215544744 -0.684223141718233 -0.0273495566924468 -0.728239197945459
1585226073.96224 -14.9090574505094 0.67158377749491 -2.68631422888804 -0.0269420342403776 -0.684134869113727 -0.0245656270444299 -0.728443640662507
1585226074.06124 -14.8764575381905 0.669928452164262 -2.68411902339472 -0.0265275472004575 -0.683750337276682 -0.0228539576056384 -0.728875477798033
1585226074.16024 -14.8436676272822 0.668186492600821 -2.68204371191677 -0.0256505134422261 -0.683269573149117 -0.0229658788506234 -0.729354036101393
1585226074.25924 -14.810765741762 0.666429143780622 -2.68002599496431 -0.0243793519982097 -0.682799966483455 -0.0247990992844313 -0.729777265774305
1585226074.35824 -14.7778309568273 0.664797567123306 -2.67793046555642 -0.0226272400937346 -0.682264380917483 -0.0262571574616259 -0.730283427320557
1585226074.45724 -14.7490089670919 0.663651464429609 -2.6772580967073 -0.0221526970365767 -0.681582416112732 -0.0295984405341422 -0.730806814676686
1585226074.55624 -14.7119584697267 0.662117348351682 -2.67390716922442 -0.0212244710097387 -0.680684974217516 -0.0317790143422663 -0.73157882825591
1585226074.65524 -14.6792093221507 0.660787804309666 -2.67141997948006 -0.0201586666224088 -0.679774007969099 -0.0303971018852698 -0.732514124400759
1585226074.75424 -14.6467544372727 0.659432540059496 -2.66890125574043 -0.0220234045332139 -0.678706825835267 -0.0276529676820446 -0.733557991978657
1585226074.85324 -14.6143503863438 0.658149343678472 -2.66638915268245 -0.0248344530591853 -0.677020500971037 -0.0251129628481082 -0.735116201904955
1585226074.95224 -14.581716301355 0.656613890384009 -2.66347838116763 -0.0248019697450951 -0.675184052125861 -0.0229000682907201 -0.7368764787425
1585226075.05124 -14.5556831767317 0.654515290128006 -2.66388785009688 -0.0227935581263201 -0.673145034663355 -0.0236292192215928 -0.738781345199641
1585226075.18324 -14.5049194062565 0.652444768108413 -2.65582464157673 -0.0209963527354214 -0.669812700385464 -0.0236352404033877 -0.741856775250598
1585226075.31524 -14.4613884776904 0.650307772710488 -2.65102581618686 -0.0205915375510573 -0.666507451793101 -0.023012826093142 -0.744858520204178
1585226075.41424 -14.4288062780302 0.648774746192795 -2.64715697913319 -0.01996865762073 -0.664021686656784 -0.0222659397152332 -0.747114904342634
1585226075.51324 -14.3962314934676 0.647102455764641 -2.64289161700681 -0.0188161820939412 -0.661651008663059 -0.0204672184275131 -0.749296327894648
1585226075.64524 -14.3528940740517 0.644826239807413 -2.6368846384265 -0.0178803249811951 -0.658723458484258 -0.0180098564324125 -0.751957009603867
1585226075.77724 -14.3095774581962 0.642611590038769 -2.63059420511065 -0.0166823132448554 -0.656410860436814 -0.0153831700263156 -0.754062226083063
1585226075.90924 -14.266099248288 0.64038699392381 -2.62395994733974 -0.0141892408467869 -0.65477005573118 -0.0135895811517796 -0.755572738289371
1585226076.00824 -14.23353394565 0.638630883510557 -2.61899573340817 -0.0119415243575816 -0.653521179231159 -0.0130310853626744 -0.756701829723309
1585226076.14024 -14.1949932308445 0.635873354157852 -2.61646445694931 -0.0102553986924507 -0.652557682203755 -0.0125628114678416 -0.7575654915336
1585226076.27224 -14.1464328490853 0.634448026867659 -2.60545037154076 -0.00817308009151818 -0.652777822247671 -0.0103319493513778 -0.757434859486944
1585226076.37124 -14.1137434190374 0.632884852536253 -2.6003217996058 -0.00579825952384588 -0.653639696601452 -0.0094019226044908 -0.756725267890927
1585226076.47024 -14.0811288514512 0.631297436637093 -2.59557491213542 -0.00641747920111857 -0.654623284611696 -0.00860324499572585 -0.755879061345426
1585226076.56924 -14.0485463316961 0.629674244874624 -2.59104756554555 -0.00717470095986217 -0.65580860199249 -0.00788981855112292 -0.754851874199185
1585226076.66824 -14.0159562269662 0.628089990655062 -2.58660930035098 -0.00789434146457751 -0.657374026012033 -0.00691540058215684 -0.753491371239485
1585226076.76724 -13.9864757357847 0.62587506284852 -2.58675887176178 -0.00691443484927645 -0.658983588639919 -0.00724716614129084 -0.752090618926263
1585226076.86624 -13.9503546857451 0.624740580464577 -2.57813470268199 -0.0062221153685183 -0.660747559382921 -0.00787372041955486 -0.750541106520229
1585226076.96525 -13.9174841749102 0.623113566749014 -2.57420095075834 -0.00558503424303086 -0.662646678056264 -0.00855233577829317 -0.748862500734439
1585226077.06424 -13.8846844081266 0.621604096308418 -2.57047338409259 -0.00555870976820988 -0.664840446893882 -0.0086708351998781 -0.746914384341735
1585226077.16325 -13.8519021405438 0.62014728235328 -2.56701393505639 -0.00584655425375269 -0.667087709939369 -0.0086064449343563 -0.744906527127262
1585226077.26225 -13.8190761936765 0.618664024235092 -2.56371342093078 -0.0051407348111166 -0.669154232548864 -0.00892662072655192 -0.743052152510137
1585226077.36125 -13.7861233392579 0.617229546723645 -2.56062948204525 -0.00481254105101847 -0.671146195755704 -0.0102965872872796 -0.741237886013333
1585226077.46025 -13.7532354368624 0.615740132786652 -2.55792738517653 -0.00558550245028433 -0.673000265724948 -0.0119064985758641 -0.739525307064058
1585226077.55925 -13.7204773770773 0.614178491161487 -2.55527560476308 -0.00668981614233693 -0.674839120227375 -0.0117687594402199 -0.737840703995085
1585226077.65825 -13.6890900552687 0.612237977564344 -2.55680589280843 -0.00849769456868249 -0.676532060820195 -0.0101386976113458 -0.736294347852911
1585226077.75725 -13.6550915458008 0.611189448899493 -2.5502558513633 -0.0107795459696768 -0.678064151587047 -0.0098457618044826 -0.734857720035461
1585226077.85625 -13.6219571401806 0.609614117968347 -2.54830153948206 -0.0120761972250539 -0.679170917579782 -0.0131311300778884 -0.733763315788747
1585226077.95525 -13.5888221700951 0.60789825066693 -2.54622420162989 -0.010947814641856 -0.680391805517314 -0.0149809410913476 -0.732613614222037
1585226078.05425 -13.5558402177211 0.60624112354826 -2.54408968047248 -0.0103632412775232 -0.681824294250356 -0.0159169035176905 -0.7312693670479
1585226078.15325 -13.5230012345327 0.604794234106716 -2.54212141757505 -0.0118871886300034 -0.682829538792741 -0.0147996430734348 -0.730331079896965
1585226078.25225 -13.4901970928049 0.603327564232748 -2.540023785111 -0.0124403564193344 -0.683832361366959 -0.012273318777246 -0.729429849077786
1585226078.35125 -13.4573360490774 0.601689370740315 -2.53792270061539 -0.012436545418231 -0.68488916985906 -0.0103934925335215 -0.728466974310287
1585226078.45025 -13.4244702257969 0.599972652478998 -2.53594831292244 -0.0116968752217116 -0.685802508322187 -0.00947446044265598 -0.727632006778402
1585226078.54925 -13.3915059491824 0.59823320901902 -2.53412628202878 -0.0105117110287496 -0.686673293873815 -0.0101010599184096 -0.726819963952737
1585226078.64825 -13.3585717681215 0.596523903840195 -2.53239100535924 -0.00894761563282731 -0.687533899398219 -0.0111358225065855 -0.726011756660916
1585226078.74725 -13.3261560863597 0.59461897766905 -2.53529360615186 -0.0077026881823139 -0.688230749956761 -0.0120628540964121 -0.725350667580701
1585226078.84625 -13.2931537095133 0.593386270581202 -2.52927094518115 -0.00765671888403396 -0.688980500410865 -0.0122183243190431 -0.72463643108828
1585226078.94525 -13.2605587610847 0.591998962221467 -2.52790411007332 -0.00799012558668399 -0.689492909201303 -0.0128947775450842 -0.724133558652197
1585226079.04425 -13.2281284115268 0.590616908144231 -2.52655286914449 -0.00803507677367648 -0.69003701787384 -0.0133618754319827 -0.723606116468041
1585226079.14325 -13.1957527146355 0.589170777484207 -2.52521056623275 -0.00771093379667231 -0.690537125193592 -0.0140529609073118 -0.723119308633846
1585226079.24225 -13.1635018198573 0.587780978618186 -2.52384232216166 -0.00679451574843964 -0.691044340893316 -0.0140234520077318 -0.722644377456058
1585226079.34125 -13.1314674922511 0.586415754236992 -2.52221733480087 -0.00509284480427091 -0.69147495060163 -0.0113291744756526 -0.722293642106847
1585226079.44025 -13.099762143157 0.584960815483696 -2.52085967306778 -0.00653881539728141 -0.691720774549931 -0.00922893140335107 -0.722076478480221
1585226079.53925 -13.0680387562726 0.583540345452558 -2.51956543736149 -0.00685532952524553 -0.691441900885183 -0.0075860243720639 -0.722359712602808
1585226079.63825 -13.0361393451556 0.582307326759139 -2.51830544185395 -0.00567300153267702 -0.691376602093826 -0.00915812344025224 -0.72241424398046
1585226079.73725 -13.0041124282937 0.580671611814848 -2.51710722017163 -0.00327775461406066 -0.691128162261589 -0.0124197013199429 -0.722618066943204
1585226079.83625 -12.973258257058 0.578769549376665 -2.52154183428896 -0.00215713275084722 -0.690937495239759 -0.0133443391076702 -0.722788110765447
1585226079.93525 -12.9411563702084 0.577893476261577 -2.51433861505238 -0.00473473899127647 -0.690991258267677 -0.0105025755872118 -0.722771304874766
1585226080.03425 -12.9099886818359 0.576937001221404 -2.51304280924556 -0.00693783918359181 -0.690556101131644 -0.00831258637389637 -0.723197786559875
1585226080.13325 -12.8784866604268 0.575523344098526 -2.51184024082086 -0.00667430475074376 -0.690102213681987 -0.0096490173484588 -0.72361680798025
1585226080.19925 -12.857546193452 0.574433496242108 -2.51114401276751 -0.00654595897373866 -0.689911160416802 -0.011488540343583 -0.723773275683919
1585226080.29825 -12.8263004700184 0.572830664996042 -2.50979482796139 -0.00592835904696082 -0.689828607286387 -0.0121628976385918 -0.723846262026245
1585226080.39725 -12.7949623058161 0.571370600545156 -2.51016430067296 -0.00645593429673036 -0.689892565033706 -0.0108920015996087 -0.723801032000318
1585226080.49625 -12.7645389633231 0.570223581914979 -2.5065103043934 -0.00545698133129974 -0.689906434975133 -0.00668710785831872 -0.723847093606891
1585226080.59525 -12.7337763365906 0.568765524146118 -2.50504346901523 -0.00587820212901524 -0.689750105600617 -0.00642677526605656 -0.723995120925098
1585226080.69425 -12.7028707313679 0.567331338080073 -2.50417772334602 -0.00772629321764606 -0.689518894128794 -0.0110648630309087 -0.724141952823221
1585226080.79325 -12.6718715069192 0.565908071380273 -2.50342011939664 -0.00795282325732693 -0.689525414597427 -0.0160421627162405 -0.724040126126909
1585226080.85925 -12.6513642142468 0.564925596585913 -2.50263922219388 -0.00700597599470026 -0.689955710194993 -0.0175955276744864 -0.723603780860452
1585226080.95825 -12.6132426009192 0.563571560172387 -2.51228947102607 -0.00510933060523216 -0.690578801002722 -0.0180297012413095 -0.72301434579098
1585226081.05725 -12.5907362517537 0.562553800225784 -2.49997067800246 -0.00798110382736983 -0.690752885054959 -0.0162839471894761 -0.722863463479707
1585226081.15625 -12.5609431022461 0.561270815697908 -2.49908359557634 -0.0127416442899153 -0.690587208655398 -0.0142276050689272 -0.722996910779249
1585226081.25525 -12.5310851489494 0.559844949514192 -2.49815174094062 -0.0159670943725516 -0.69077127416515 -0.0128008357800312 -0.722783672538946
1585226081.35426 -12.5012471915577 0.558344221816428 -2.49678509176843 -0.0160481836927654 -0.691361840300314 -0.0099884808791873 -0.72226137362208
1585226081.45326 -12.4712209947303 0.556619272914022 -2.4953035065467 -0.0127653380465759 -0.691798645245924 -0.00993985415678572 -0.72190919088193
1585226081.55226 -12.4411848223426 0.554999168560961 -2.49407004249334 -0.0102148147375521 -0.692108223670681 -0.0115683898542737 -0.721628738787108
1585226081.65126 -12.4113467531987 0.553542322153716 -2.49295760063079 -0.00803258439638987 -0.692524298340778 -0.0126877151453887 -0.721238237810446
1585226081.75026 -12.381651471042 0.552206793533216 -2.49170459403763 -0.00634164711375373 -0.693273303953939 -0.0122367374981382 -0.72054297012189
1585226081.84926 -12.3521393055515 0.550995803679931 -2.49051254090457 -0.00526231632267832 -0.69413457483607 -0.0114376114928557 -0.719735146486127
1585226081.94826 -12.3228502522457 0.549755856341832 -2.48987561258787 -0.00741140809189506 -0.69472947240125 -0.0124484112031966 -0.719125210422839
1585226082.01426 -12.3032474629198 0.548998939938909 -2.48935484711402 -0.00684850557399691 -0.694951338948745 -0.0125697324837419 -0.718914276037162
1585226082.11326 -12.2720049284708 0.547665416473 -2.49065931902135 -0.00516454092555929 -0.695352257023564 -0.0135072056206072 -0.71852357064023
1585226082.21226 -12.2447074398035 0.546613807995688 -2.4873351520059 -0.00362583430478897 -0.695895417948672 -0.0131898547203523 -0.718012846915773
1585226082.31126 -12.2158191936515 0.545190836864227 -2.48674245524754 -0.00504875478235156 -0.695878429148553 -0.0139760067597006 -0.718005844792327
1585226082.41026 -12.1872757988567 0.543975171299941 -2.48604699317222 -0.00727732329612757 -0.696268112842291 -0.0113396631671064 -0.717655326493112
1585226082.50926 -12.1409453047624 0.542813950872515 -2.49927679532597 -0.00935543788630927 -0.696813954525854 -0.00926412842838747 -0.71713106506723
1585226082.60826 -12.1306284119365 0.541618720463341 -2.48440927328916 -0.00898121145848135 -0.697188604100591 -0.00816633996154859 -0.716784974064496
1585226082.70726 -12.1023322065173 0.540019462973669 -2.48394899587839 -0.00725504608755984 -0.697184353528049 -0.0111634484387179 -0.716768246311805
1585226082.80626 -12.074370265095 0.538493410318596 -2.48360287619463 -0.005749977934424 -0.69734116232901 -0.0148615428892492 -0.716562192428773
1585226082.93826 -12.0381737898288 0.536962026597545 -2.48288390033399 -0.0044617602997758 -0.697806866501864 -0.016376504002565 -0.716084827289708
1585226083.07026 -12.00295007375 0.53564325540484 -2.48214204656084 -0.00428038961823768 -0.698081853617005 -0.0163053019568696 -0.715819489147549
1585226083.20226 -11.9685548205877 0.53419839121088 -2.48164749569558 -0.00503811555317329 -0.698142799149153 -0.0174344173238162 -0.715728503331003
1585226083.33426 -11.9350098685397 0.532772996574696 -2.481317863478 -0.00624000732427537 -0.697994727947434 -0.0183615729954089 -0.715840257811277
1585226083.46626 -11.9022054701685 0.531445032308552 -2.48067133527097 -0.0056750402976149 -0.697790083927446 -0.0177331416577639 -0.716060282641828
1585226083.59826 -11.8492922066376 0.530197626285383 -2.49462683357292 -0.0048599322184143 -0.697502535662726 -0.0163769274467968 -0.716378663871491
1585226083.76326 -11.8320010132954 0.528334841715768 -2.47902762625173 -0.0058980966859063 -0.697198142876197 -0.013623605311009 -0.716724744517584
1585226083.92826 -11.7945428729408 0.526678225193993 -2.47897891824981 -0.00754606314136963 -0.697460570010782 -0.0131060242310673 -0.716463566652315
1585226084.15926 -11.7275159280728 0.524573525559168 -2.49170518852834 -0.00406638454881192 -0.699991390237327 -0.0128020075273275 -0.714024948243117
1585226084.42326 -11.697785567449 0.522019634712037 -2.47797410170407 -0.00176192686412219 -0.706537581726981 -0.0127513984759512 -0.707558437910271
1585226084.65426 -11.6589982821255 0.520173501245892 -2.48047915447933 -0.00521815481993681 -0.717376954715801 -0.0123201724417188 -0.696556737856986
1585226084.85226 -11.628565768317 0.519015982112825 -2.48342781292977 -0.00342965314462817 -0.73070400779806 -0.0106677526711363 -0.682602438847172
1585226085.01726 -11.6052775736181 0.51815880860561 -2.48725563355853 -0.00308791100643224 -0.74369123895617 -0.0110435380588717 -0.668424899425953
1585226085.18226 -11.583524517332 0.517084651848235 -2.49259824194325 -0.00470757926198101 -0.758256824131836 -0.0136800687893492 -0.651795430386646
1585226085.34726 -11.5626271757273 0.516224078052427 -2.49881401600102 -0.00583609914813876 -0.775410717213665 -0.0129635479452166 -0.631297161407839
1585226085.47926 -11.5458759996859 0.515660203074706 -2.50485891147882 -0.00612463831614279 -0.790252478212619 -0.0121083088853116 -0.612631127465988
1585226085.61127 -11.5294280093108 0.51516945333637 -2.51207913476284 -0.00692241287972528 -0.804988631207386 -0.0131131033391312 -0.593104906696614
1585226085.77627 -11.4979464892613 0.514947262142449 -2.53454832785074 -0.0106025208273447 -0.823054774814821 -0.015878090611282 -0.567641004901135
1585226085.94127 -11.4923477256665 0.514023720946468 -2.53313052608751 -0.0155654208454983 -0.840273427316119 -0.0170308249893251 -0.54167170502114
1585226086.10627 -11.4747790124079 0.513553198798194 -2.54510830719568 -0.0182985866754831 -0.856517360738775 -0.0198868123164984 -0.515410212524598
1585226086.27127 -11.4576759474137 0.513109286846055 -2.55825623680734 -0.0200923180615564 -0.871791373932014 -0.0241597146403861 -0.488868496920327
1585226086.43627 -11.4411190576962 0.512863718423173 -2.5725709462528 -0.0210251317088073 -0.886946162272913 -0.0291086276722939 -0.460474903616923
1585226086.60127 -11.4251054160258 0.512558503345525 -2.58792867219955 -0.0196603147099202 -0.900985673754099 -0.0329052747164867 -0.432152207689851
1585226086.76627 -11.4013404958115 0.514472285078228 -2.61506605747351 -0.0173900999040042 -0.914555669128814 -0.0347916092940639 -0.402585464730664
1585226086.89827 -11.3980715855551 0.512914424269261 -2.61829026804402 -0.0182036474823781 -0.92434378391922 -0.0364381118541916 -0.379380363688921
1585226087.03027 -11.3874960900142 0.51302335541701 -2.63331824582198 -0.0227527874558803 -0.933046596070522 -0.038054462043725 -0.357012910330652
1585226087.16227 -11.3775114868609 0.513258875862802 -2.64898850931205 -0.0272864090072204 -0.941396987688284 -0.0389565634038058 -0.333930456266992
1585226087.29427 -11.3675763674149 0.513793702213934 -2.66505246325429 -0.0284994081355823 -0.949261123740163 -0.0386677202305186 -0.310798825775869
1585226087.42627 -11.3554415816315 0.514585195088149 -2.68458061926265 -0.0239385196806151 -0.95678067869675 -0.0377275976227696 -0.287357457752017
1585226087.55827 -11.3476815197563 0.515001376709416 -2.6990557711632 -0.018721478265222 -0.963751743186116 -0.0371168772686073 -0.263542067190636
1585226087.69027 -11.3395024667522 0.515535617354669 -2.7173042400581 -0.018192852851459 -0.969745898596493 -0.0389663015230288 -0.240298854774679
1585226087.82227 -11.3325153979076 0.515882722385232 -2.73625229860436 -0.0203596639387118 -0.974926254328038 -0.0416807370363372 -0.217639607760884
1585226087.95427 -11.3169947878568 0.520729514757129 -2.76225451236146 -0.022381962002555 -0.979200574933264 -0.0414800005588654 -0.197344093858715
1585226088.11927 -11.3184479251838 0.517036672415634 -2.7789389790264 -0.0224586285311534 -0.983364035904217 -0.0378411379211976 -0.176235158738255
1585226088.25127 -11.3120962851336 0.517654617494537 -2.79869405036301 -0.0201150539112491 -0.985981116794519 -0.0360527434127726 -0.16166886411178
1585226088.38327 -11.3049699489473 0.518466216576738 -2.82083041231668 -0.017925458023708 -0.987894123860803 -0.034596957444717 -0.150156346957112
1585226088.51527 -11.2999609134893 0.519033379289304 -2.84044798499224 -0.0164524169723962 -0.989534620680717 -0.0341881708287519 -0.139218251049998
1585226088.61427 -11.2944528922392 0.520075050515207 -2.85945273518642 -0.0154626984338907 -0.990726332311188 -0.0355210285571443 -0.130232468887782
1585226088.77927 -11.2895322541074 0.520451811195699 -2.88478554892994 -0.0142430273788513 -0.992446421337788 -0.0396423855917962 -0.115220302939608
1585226088.94427 -11.2844177906131 0.521236669676558 -2.91226105589407 -0.0122861128613562 -0.99395832246914 -0.0429034523042611 -0.100275612216867
1585226089.10927 -11.2782199140829 0.52301415790237 -2.94321809357234 -0.0108486285168496 -0.995372338710799 -0.0437967285647413 -0.0848413882236995
1585226089.27427 -11.276112925579 0.523264075243621 -2.969176977306 -0.00773651385550548 -0.996604633350275 -0.0435889454793326 -0.0694215742412003
1585226089.43927 -11.2733355456011 0.524646107799635 -2.99858488501891 -0.0077883628747062 -0.997604386584863 -0.0424507095361959 -0.054062616753592
1585226089.60427 -11.2642018308746 0.529552618833146 -3.03028729995488 -0.00829696680110557 -0.99830771937147 -0.0420550132991396 -0.0392967383079792
1585226089.73628 -11.2703371029106 0.527038699262258 -3.05292008338542 -0.00716152736949081 -0.99862867587188 -0.0435887563295345 -0.0280980528463582
1585226089.86828 -11.269350325272 0.52817222188196 -3.07756595694865 -0.00450124979168986 -0.998839513820557 -0.0446414609829738 -0.0175072654155858
1585226090.00028 -11.269159163724 0.529198155222003 -3.10238758840529 -0.00514924778751102 -0.99889839459088 -0.0456117946272243 -0.00974919083157104
1585226090.13228 -11.2695226177349 0.530296341077546 -3.12734000270166 -0.00820088545181428 -0.998874553728831 -0.0465201033349485 -0.00427216298138461
1585226090.26428 -11.2698206544183 0.531448980991807 -3.15231934459429 -0.00959935688206055 -0.998940343613069 -0.0450082940552012 0.000543797660756126
1585226090.36328 -11.2699895917412 0.532347399976233 -3.17118742956907 -0.00985978098537123 -0.998993897939211 -0.0435975182267163 0.00363771956213597
1585226090.46228 -11.2685747274127 0.534418788725711 -3.19154884736208 -0.00884083052192901 -0.999004195811512 -0.0432839278820807 0.00624163870922449
1585226090.59428 -11.2704257156696 0.534401794899592 -3.21606471474645 -0.00756696256030953 -0.998997468045703 -0.0429734930140706 0.0100039399265573
1585226090.69328 -11.2708681474072 0.535308647820573 -3.23550864963376 -0.00754562920253705 -0.998993921900064 -0.0422372038805093 0.0130470722777992
1585226090.79228 -11.2716590088681 0.536187766859523 -3.25510697830526 -0.00881699508747515 -0.998969572027833 -0.0417524330867677 0.0154528020595168
1585226090.92428 -11.2713169837135 0.538866386823775 -3.28245682956041 -0.0132357209137671 -0.99885758785835 -0.0420068142786571 0.018540831261011
1585226091.02328 -11.274223752863 0.53826416589841 -3.3017997716203 -0.0153695383961245 -0.998774295179546 -0.0421090873103304 0.0209883144626537
1585226091.15528 -11.2752202501211 0.539502059695397 -3.32874965307612 -0.0149070942338535 -0.998734943737274 -0.0419972600032656 0.0232920770182862
1585226091.28728 -11.2761175992656 0.540679625051315 -3.35582109324972 -0.0132177884623897 -0.998726374310396 -0.0419293304453486 0.0247558189801621
1585226091.41928 -11.2714623554027 0.542850188308146 -3.38215634910236 -0.0138079329138527 -0.998692254717915 -0.041828855795412 0.0259512654400477
1585226091.58428 -11.2793547948364 0.543275293905209 -3.41719834524415 -0.0158128729099 -0.998656219988607 -0.0414641712231908 0.0267662069254599
1585226091.74928 -11.2812632316143 0.544744035866865 -3.45172330907739 -0.0168941341083156 -0.998609105343981 -0.0413779540629113 0.0279697671493988
1585226091.88128 -11.2828531427448 0.545837559736179 -3.47962003236931 -0.017895734659305 -0.998542533433638 -0.0420553715489183 0.0287036117730455
1585226092.01328 -11.2845948773579 0.547000555045495 -3.50773889026437 -0.0195126582865839 -0.99846779538316 -0.0426009927940168 0.0294359161951611
1585226092.14528 -11.2861409984744 0.548159776679761 -3.53590752952297 -0.0194809468211363 -0.99850158176884 -0.0416063149680285 0.0297321117793231
1585226092.27728 -11.2876499381791 0.549381437316761 -3.56434545897093 -0.0197791747237817 -0.998546258860881 -0.0410004348625077 0.0288637749310567
1585226092.40928 -11.2834447515329 0.550473596091543 -3.59205445890646 -0.0222103938127845 -0.998496435683981 -0.0423020678540673 0.0268719442604602
1585226092.54128 -11.291110830454 0.552028670118074 -3.62223829652624 -0.0269520486182054 -0.998355604536999 -0.0445677103259953 0.0239456292701373
1585226092.64028 -11.2920928147293 0.553009581098012 -3.64418302546404 -0.0289826352849179 -0.998233884849445 -0.0469920522553722 0.0219286345939694
1585226092.77228 -11.292884970448 0.554268912940873 -3.67345059933298 -0.0291337991519104 -0.998202239885781 -0.0486655093691295 0.0193695181103741
1585226092.87128 -11.2932515532939 0.555391460742261 -3.69531802088564 -0.0286586015380247 -0.998273809948523 -0.048309293570373 0.0171550891421948
1585226093.00328 -11.2939098294882 0.556907743049622 -3.724321844905 -0.0298330942257473 -0.998399787439828 -0.0460317888062812 0.0137450117613041
1585226093.13528 -11.2945528462399 0.55826660175439 -3.75343066304462 -0.0322058809521767 -0.998469328631357 -0.0438267529696988 0.0100497133628486
1585226093.26728 -11.2948613185752 0.559540523978494 -3.7828074644125 -0.0338248532961209 -0.998462055021324 -0.0434796052326325 0.00623922358198084
1585226093.39928 -11.2946496588789 0.560773820865418 -3.8122350448786 -0.0331774724818001 -0.998488365597171 -0.0437637034938986 0.00223099603493444
1585226093.53128 -11.2939451365952 0.561870121587971 -3.84166900839029 -0.0306771146059919 -0.998561264140123 -0.0439575871989917 -0.00143070820717578
1585226093.66328 -11.2930665819855 0.562977902107114 -3.87097004172204 -0.0282330268220762 -0.99861465554607 -0.0441908801474968 -0.00433958948027765
1585226093.76228 -11.2924162638527 0.563951742947105 -3.8928901806096 -0.0267559649866112 -0.998620384165227 -0.0447529460417216 -0.00621453843140773
1585226093.89428 -11.2914181732918 0.565345608587568 -3.92215457138827 -0.024256699565568 -0.998597794507972 -0.046286337335018 -0.00846358707097691
1585226093.99329 -11.290447031648 0.566346481435522 -3.94413052964754 -0.0219483079226 -0.99852188689412 -0.0487448712467825 -0.00981074410403055
1585226094.09229 -11.2896997356987 0.56730108471515 -3.96605488069679 -0.0215822736894491 -0.998403725003645 -0.051032654938467 -0.010948766650641
1585226094.19129 -11.2890084855313 0.568326022116 -3.98782067339383 -0.0211237031831126 -0.998334302151002 -0.0523509388636661 -0.0119075401571977
1585226094.29029 -11.2881087353013 0.569292364636663 -4.00920540497907 -0.0187941285412107 -0.99845594402536 -0.0508529917216675 -0.0121029668164334
1585226094.38929 -11.2870115309611 0.570277618459217 -4.03042160006649 -0.0153504250522645 -0.998661356017242 -0.0480654440796738 -0.0113830371141475
1585226094.48829 -11.2859685874652 0.571272099041023 -4.05160070294547 -0.0122497852733945 -0.998866056437009 -0.0448007059920827 -0.0104613957646291
1585226094.58729 -11.2855107525947 0.572218477150805 -4.07277926831089 -0.0128898082161984 -0.998959603519439 -0.0425390164250865 -0.010197816532078
1585226094.68629 -11.280525946845 0.57094718609012 -4.09260866845882 -0.0142825461742545 -0.999046933142763 -0.0400118888942786 -0.0100141399995733
1585226094.78529 -11.2847225089101 0.573707434312178 -4.11504602777725 -0.0134278097727946 -0.999081040657167 -0.0397128186482731 -0.00892525400798242
1585226094.88429 -11.2838513632001 0.574266993695561 -4.13624357571665 -0.0104820793805465 -0.999116749290749 -0.0399267972500488 -0.00785481762364466
1585226094.98329 -11.2830052368428 0.574936892942709 -4.15743924516662 -0.0076248418596727 -0.999112163196954 -0.0407657024696023 -0.00740976657384842
1585226095.08229 -11.2826461943422 0.575727076744459 -4.17857684537165 -0.0080064029607487 -0.999084575052267 -0.0413916125660602 -0.00725560565646617
1585226095.14829 -11.282639236861 0.576219368363337 -4.19268179565317 -0.0100474765741835 -0.99902740802912 -0.0423550378847699 -0.00702402924888858
1585226095.21429 -11.2825748455819 0.576700718417868 -4.20681168990279 -0.0112388796551442 -0.998976326662035 -0.0433322735057563 -0.00650387774690204
1585226095.28029 -11.282525632989 0.577187480134992 -4.22097434133105 -0.0127882689603666 -0.99888702236744 -0.0450315686949976 -0.00577360751823518
1585226095.37929 -11.2821988967933 0.577909920036029 -4.24229628113842 -0.0123892522495741 -0.998763385579766 -0.0479045136403177 -0.00483359357258202
1585226095.44529 -11.2818185127216 0.578398666947038 -4.25633431915283 -0.0110738217584372 -0.998742516168598 -0.0487066354268421 -0.00429191498961528
1585226095.51129 -11.2814678893738 0.578882161110572 -4.27021473890553 -0.00988899785377067 -0.998767910954924 -0.0485005679394972 -0.00354438679206141
1585226095.57729 -11.2783730109964 0.578119413530322 -4.28344011576332 -0.00930390130269482 -0.998852910562899 -0.0468976358727587 -0.00262911204054271
1585226095.64329 -11.2810871506671 0.579870678359089 -4.29777240388069 -0.00895184908212417 -0.998934898784388 -0.0452436849346066 -0.00139332773372343
1585226095.70929 -11.2810992735283 0.580334216959731 -4.31156390845113 -0.00926800996943653 -0.999005490831734 -0.0436131480614063 -0.000163081044830215
1585226095.77529 -11.2812860329172 0.580842736968013 -4.32536983084844 -0.0109653786541869 -0.99905532903604 -0.0420381312713 0.001002753646868
1585226095.84129 -11.2815497048424 0.581390471169061 -4.33916789230819 -0.0128350060555641 -0.999116339740742 -0.0399678887033299 0.00209049162025897
1585226095.90729 -11.2817534768352 0.581916050673819 -4.35309833075826 -0.0140226544462728 -0.999140900478008 -0.0388795954312987 0.00303367984046087
1585226095.97329 -11.2819183270245 0.582383287647854 -4.36715746164283 -0.0150900638158239 -0.999125970780823 -0.0387824619695089 0.00393765525370269
1585226096.07229 -11.2819059967281 0.583015360333635 -4.38840643783308 -0.0141653841612996 -0.999077500937169 -0.0402232081455267 0.00505791846373907
1585226096.17129 -11.2817338184059 0.583567006216058 -4.40967232467987 -0.0122394244341256 -0.998991797958996 -0.0427580295761491 0.00611023787904655
1585226096.27029 -11.2775328236312 0.582487261186488 -4.43014697600135 -0.0102287243715946 -0.998989039799903 -0.043212122523984 0.00699885879050157
1585226096.36929 -11.2816588551493 0.584809331863013 -4.45193681654784 -0.00956028477587717 -0.9989894879959 -0.0432680514925763 0.00751528766781815
1585226096.50129 -11.2821026940121 0.585867403638577 -4.48015914917375 -0.0100164397539271 -0.998993347205846 -0.0429326447864694 0.00829163341899311
1585226096.60029 -11.2823493058611 0.586739464103652 -4.50139065374148 -0.00986507612382548 -0.999003185136422 -0.0425320014559861 0.009292212465484
1585226096.69929 -11.2825135603742 0.587577140054823 -4.5227492223117 -0.00870626796022047 -0.998984003855789 -0.043035581101481 0.0101538021312387
1585226096.79829 -11.2825742601427 0.588304909070273 -4.5442896096555 -0.00660179101656867 -0.998912494406343 -0.0448312673365311 0.0109728001564303
1585226096.89729 -11.2828494920724 0.588920314781401 -4.56560394764932 -0.00618543557495546 -0.998863085826359 -0.0457544802806696 0.0118660732527007
1585226097.02929 -11.2835224223729 0.589811899839641 -4.59352617596038 -0.00669965243146676 -0.998979573195373 -0.0426689501210587 0.013201806363322
1585226097.19429 -11.2813106752167 0.58962514795425 -4.62842425993393 -0.0101812117645339 -0.999045433423046 -0.0400649192394519 0.0141197425578863
1585226097.35929 -11.2859100121449 0.592707617630343 -4.6633555928215 -0.0110521437493754 -0.99892896797329 -0.0422261938784644 0.0153530326939169
1585226097.52429 -11.2869107905718 0.593689195550525 -4.69869157439692 -0.0112063101483754 -0.998660584578075 -0.0481101138221518 0.0153906585646962
1585226097.65629 -11.2875612173891 0.594537498675607 -4.72664140884149 -0.0109184739044227 -0.998602338530989 -0.0494039370523869 0.0152776769099006
1585226097.78829 -11.2883156790051 0.595879331307894 -4.75417533694149 -0.0113283840299738 -0.99876286626128 -0.0461632868500822 0.0146066984640615
1585226097.92029 -11.2891281529142 0.597224231631963 -4.78174249636361 -0.012632197044469 -0.998913154405619 -0.0425738949140095 0.0141563069017147
1585226098.0523 -11.2863319903419 0.596897604392178 -4.80965016807019 -0.0131717388365153 -0.998966474030495 -0.041236629124138 0.0138574701003551
1585226098.1843 -11.2901262160667 0.599034594265514 -4.8378275456208 -0.0108781632617954 -0.99901228132632 -0.0408844926269482 0.0135862278012821
1585226098.3163 -11.2904222632935 0.599987163691954 -4.86596783827169 -0.00909362521487119 -0.999074193946248 -0.039911969552479 0.0132323715768416
1585226098.4483 -11.2910944738347 0.601014713330732 -4.894308550428 -0.010177327419228 -0.99908003648702 -0.0397015692421481 0.0126209389273165
1585226098.5473 -11.2918160649384 0.601716826245279 -4.91576417360288 -0.0123119828260747 -0.999032867498575 -0.0404894707245175 0.0119309470250224
1585226098.6463 -11.2923847784035 0.602383800754151 -4.9374092180095 -0.0137100723077241 -0.998954120431359 -0.0420203968217323 0.0117040779847043
1585226098.7453 -11.2927055254407 0.603004235472325 -4.95908790895307 -0.0135668948621392 -0.998899956870912 -0.0433872680964377 0.0115048030933921
1585226098.8443 -11.2929587259547 0.603694957241007 -4.98072477920399 -0.0134105437840061 -0.998892428678708 -0.0437662980605531 0.0108896463599759
1585226098.9433 -11.293342175069 0.604385719088946 -5.00223215544608 -0.0141211998665785 -0.998961377265076 -0.0421188008488346 0.0101373103951166
1585226099.0423 -11.2936694422473 0.605084582201164 -5.02369740871787 -0.0145568154163308 -0.999053110769631 -0.0398911683802597 0.00946972395143909
1585226099.1413 -11.293895484145 0.605841888389882 -5.04522597666146 -0.0145376418644462 -0.999138759479752 -0.0378476229805366 0.00882913976598013
1585226099.2403 -11.2909128002885 0.60570549986755 -5.06672083535083 -0.014494252844502 -0.999136368268002 -0.0380734591711914 0.00817593697669781
1585226099.3393 -11.2942734733699 0.607544852415418 -5.08907174246021 -0.0144962134898275 -0.999062694007256 -0.04010309240129 0.00743876449919459
1585226099.4383 -11.2945034945692 0.608231421560182 -5.11125559733982 -0.0154805965808748 -0.99894205378506 -0.0427643110747491 0.00680720261846457
1585226099.5373 -11.2947516240281 0.608788894394233 -5.13352888751378 -0.0163286336756635 -0.998811203844045 -0.0454657237093768 0.00651327609413424
1585226099.6693 -11.2948335206609 0.609719484598061 -5.163211466547 -0.0160103981593995 -0.998732089395916 -0.0473130150250747 0.0062737047175281
1585226099.8013 -11.2946151270759 0.611076061464485 -5.19258912399305 -0.0130350395988069 -0.998860417327886 -0.0455509112156633 0.00575055872431471
1585226099.9003 -11.2944542650975 0.612135020305565 -5.21469748727101 -0.0113993358196352 -0.998917090614568 -0.0447446949644443 0.00571082249216652
1585226099.9993 -11.2945322788075 0.613064429079873 -5.23698646195551 -0.0108552773144775 -0.998885911242033 -0.0455670803285028 0.00572192860268256
1585226100.0983 -11.2948336051467 0.613937876095864 -5.25934867162504 -0.0121464826469845 -0.998827021140553 -0.0465065308672383 0.0058469979896724
1585226100.1973 -11.2951065969839 0.614846246838388 -5.28166221624275 -0.0125250414585296 -0.99879541049285 -0.0470049843366121 0.0064329435249956
1585226100.2963 -11.2951772944538 0.61576231873817 -5.30395233079462 -0.0116394448116932 -0.998795859353743 -0.0470548251346834 0.00756294214168679
1585226100.3953 -11.2952220352361 0.616753568631877 -5.32616625602826 -0.00993184564537328 -0.998816346089227 -0.0468628574122555 0.00843432405124467
1585226100.4943 -11.2954183828426 0.617671369891888 -5.34822526277468 -0.00994904898138412 -0.998878104800083 -0.0454036032971022 0.0090587517351507
1585226100.5933 -11.2933942812453 0.617789139670363 -5.36927890242745 -0.0110876805429926 -0.998921811043502 -0.0440921873299511 0.009389237360248
1585226100.6923 -11.2963963888234 0.619424746358286 -5.39255698299288 -0.0123955103552546 -0.998908941879165 -0.0439345709761838 0.0098504126826309
1585226100.8243 -11.2968854111765 0.620781045537577 -5.42235567533212 -0.0119723163537883 -0.998870075567008 -0.0448024874956572 0.0103910005334504
1585226100.9563 -11.2973131139831 0.622008911368965 -5.45214233410986 -0.0117920713460393 -0.998815396161015 -0.0460272010824584 0.010499914552016
1585226101.0883 -11.2979823125487 0.623000934067034 -5.48192332538097 -0.012435895789887 -0.998778183879651 -0.0466472352687397 0.0105604613417802
1585226101.2203 -11.2985440036124 0.624087216569682 -5.51152361740751 -0.0124660635331555 -0.998869330854967 -0.0445984030941624 0.0107535844623808
1585226101.3523 -11.2989447277263 0.62541406642068 -5.54093508021395 -0.0116472073899569 -0.999031946395679 -0.0410844128026717 0.0105633169760708
1585226101.4513 -11.2992025897078 0.626356777416399 -5.56328594700541 -0.0109319865823831 -0.999076896801206 -0.0402073604121211 0.010450555780644
1585226101.5833 -11.2996563603863 0.627325994880344 -5.5931413723595 -0.0102966382778146 -0.999033660349313 -0.0413617442315625 0.0107205803644967
1585226101.7153 -11.2974423892749 0.627319632882986 -5.62214222184157 -0.00933244058767574 -0.998989041946873 -0.0425789162559396 0.0109925207853504
1585226101.8473 -11.3003584650422 0.629163494259275 -5.6526584823361 -0.00762537635436522 -0.999012766402359 -0.0423779125059683 0.0109297178461276
1585226101.9463 -11.300620652368 0.629989063683691 -5.67486607992093 -0.00710501271555371 -0.999062882085247 -0.0413019994679165 0.0108176371627467
1585226102.0453 -11.3009110427027 0.6307894534229 -5.69705927275218 -0.00725226555062665 -0.999105760488565 -0.0402349071852041 0.0107812915157843
1585226102.14431 -11.2995910927331 0.630867905565439 -5.71831969779821 -0.00798942881926534 -0.999119950316464 -0.0397152608646982 0.0108716126318676
1585226102.24331 -11.3016556380398 0.632178425985871 -5.74131452522861 -0.00867149037682607 -0.999088351121598 -0.0403340403880379 0.0109743835247146
1585226102.37531 -11.302410406782 0.633095270634019 -5.77095332116631 -0.00987478096011664 -0.999027861300009 -0.0414568691212959 0.0112760387539255
1585226102.50731 -11.3028820150481 0.633956139213135 -5.80033555255776 -0.00979255812232047 -0.998991597270898 -0.0422826609263349 0.0114922135617691
1585226102.63931 -11.3032798775672 0.634954274154339 -5.82949162263811 -0.00943883698651048 -0.998967245091727 -0.0429486920096265 0.0114350970634109
1585226102.77131 -11.3041245535115 0.636035908481153 -5.85851440084269 -0.0120804790613761 -0.998880231575295 -0.0443103753094608 0.0113549827682175
1585226102.90331 -11.3018926684289 0.635748453205284 -5.88588688744407 -0.0159562708720948 -0.998748375869793 -0.0460817695177669 0.011115288364115
1585226103.00231 -11.3056806871019 0.637862909108254 -5.90837801428647 -0.0160095062176054 -0.998656997244113 -0.0479548770738538 0.0113237507421941
1585226103.10131 -11.3058525105004 0.638646385048049 -5.92915594964268 -0.0147962891102195 -0.998637429339896 -0.0486865501544014 0.0115747304087202
1585226103.20031 -11.3060083887436 0.639496031915633 -5.94946426722013 -0.0135613678167749 -0.998663302100982 -0.0485171750024628 0.0115664199076885
1585226103.29931 -11.3063130346752 0.640365270573722 -5.96930904307347 -0.0133026721896551 -0.998694388610988 -0.0480286336313469 0.0112163907316524
1585226103.36531 -11.3065603519778 0.640910791778054 -5.98229829687199 -0.0137871233144791 -0.998704654500169 -0.0477146693569751 0.0110561583999341
1585226103.46431 -11.3069277492372 0.641730938556779 -6.0014257335487 -0.0139587994558725 -0.998687091725027 -0.0480559985302028 0.010948321552812
1585226103.56331 -11.3072005788018 0.642448065983054 -6.02009146987614 -0.0137842766239265 -0.998658897816337 -0.0486673785349642 0.0110401900684917
1585226103.66231 -11.3074495370546 0.643035011623558 -6.03810844981252 -0.0132907735508119 -0.998661160476474 -0.0487370949202326 0.0111327208237523
1585226103.76131 -11.3077002006165 0.643616882912722 -6.05559517299364 -0.0129226771618917 -0.998692493495008 -0.0481917605712457 0.0111293335261794
1585226103.89331 -11.3038000845324 0.643309180282537 -6.07749088857399 -0.0147486193675256 -0.99876851858605 -0.0460685711677636 0.0110277494865772
1585226104.05831 -11.3094622129057 0.645199412937053 -6.10423282394364 -0.0191815281682622 -0.998840938627925 -0.042623794885544 0.0114917538944869
1585226104.25631 -11.3100725219718 0.646269255142972 -6.1341251159466 -0.0188006366083522 -0.998892596710367 -0.0414382085928154 0.0119578914930165
1585226104.42131 -11.3097492614733 0.647102301760889 -6.15778282619024 -0.0142603625745813 -0.998871779062164 -0.0437338239155832 0.0117967664277069
1585226104.58631 -11.3100548891302 0.647842006091986 -6.179725213448 -0.0136851899278623 -0.998815105382727 -0.0452239000746118 0.0116576025824778
1585226104.75131 -11.3100347634106 0.647855129242768 -6.20044335210331 -0.0174676920721449 -0.99864556954601 -0.047570322882304 0.0117885767025441
1585226104.94931 -11.3123163127321 0.648953385079515 -6.22333787875391 -0.020856307254499 -0.998569218968911 -0.047302974653029 0.0136732572746732
1585226105.21331 -11.3126245302035 0.650092398535171 -6.25218513406847 -0.0160916257154287 -0.998638188387931 -0.0463162891157814 0.0178221670301175
1585226105.44431 -11.3110778362833 0.650043938445443 -6.27516853006887 -0.0176736953915691 -0.998573757047561 -0.0440341260244966 0.0244762736621076
1585226105.67531 -11.316028397205 0.651935489084436 -6.29964839151779 -0.0175373087497133 -0.998308684091333 -0.0440103356770301 0.0336942787909799
1585226105.84031 -11.3174232630881 0.65266644685488 -6.31652135161758 -0.0160289902987758 -0.998031085654401 -0.0442518467428315 0.0414583839210819
1585226106.03831 -11.32019011706 0.653362199846653 -6.33657742510736 -0.0174088388397328 -0.997510698587555 -0.0443628902456828 0.0519737674473351
1585226106.26931 -11.3241695837249 0.65433870394212 -6.36051387995385 -0.0194784707531243 -0.996721846939344 -0.0438866978530259 0.0651161021752723
1585226106.46732 -11.3236024161822 0.654589891854445 -6.38424257434418 -0.0205300863214376 -0.995771627371838 -0.0458036969869581 0.0769376567046585
1585226106.66532 -11.3328401153123 0.656279182144679 -6.4034157628209 -0.0220881813215823 -0.994756110197169 -0.0451818776235943 0.0890561138030911
1585226106.83032 -11.3375313399032 0.657154103320982 -6.42172010040525 -0.0256295759430762 -0.993693597296886 -0.0444753911155025 0.0996900151132224
1585226106.99532 -11.3425788068491 0.657898794062209 -6.4405789479737 -0.027062547751429 -0.992569439033241 -0.0434768049884809 0.110377962630377
1585226107.16032 -11.3479746291992 0.658812116437414 -6.45981961414658 -0.0278290190896848 -0.991445624632131 -0.0425646758363943 0.120205521775215
1585226107.32532 -11.3539513516472 0.659862088663235 -6.47939389492769 -0.0304460038993742 -0.990331003271064 -0.0419159387804561 0.128687990437493
1585226107.49032 -11.3602008883811 0.660914551962418 -6.49937371321696 -0.0337298493138158 -0.989491213890749 -0.0414520055652895 0.134354628252602
1585226107.65532 -11.3665333578244 0.661953475867393 -6.51982393495739 -0.0367230728310554 -0.988955694082115 -0.0410916615670404 0.137584615470142
1585226107.82032 -11.3728638570202 0.662781563078384 -6.54076787533417 -0.0394673258058875 -0.988837816259829 -0.0414244633366638 0.137572225269109
1585226107.95232 -11.3776983513173 0.663394395228824 -6.55796154636807 -0.0411359836551219 -0.989055019264954 -0.0413954382905698 0.135515377002977
1585226108.11732 -11.3834956721107 0.664397004028105 -6.5799724221703 -0.0425003325887422 -0.989668271644079 -0.0408796444128662 0.130687751926282
1585226108.24932 -11.3879572241626 0.665271386650877 -6.59801626583152 -0.0436465096778905 -0.990297887309404 -0.0400240283499835 0.125710595170447
1585226108.38132 -11.3923503518012 0.666139713604109 -6.6165710710062 -0.0455682351664626 -0.9910182102591 -0.039300913281047 0.119423117920859
1585226108.51332 -11.3965205881626 0.667036959162854 -6.63570771563782 -0.0476956853833884 -0.991821182687313 -0.0398822355287951 0.111468697210357
1585226108.64532 -11.4002631701579 0.667905051204226 -6.65560811337469 -0.0486466905648615 -0.992629866777547 -0.0417543501137381 0.102839784737499
1585226108.74432 -11.4027201445219 0.668581472223735 -6.6710800540224 -0.0477199283701763 -0.993317332865299 -0.042914504971681 0.0959261691549804
1585226108.87632 -11.4005484873219 0.669678674386883 -6.70050079562968 -0.0473491661428371 -0.994168843717132 -0.0440756846549562 0.0862768837517656
1585226109.00832 -11.4088422865459 0.67050071239599 -6.714262219804 -0.0493305823396619 -0.994861141058229 -0.044532185254268 0.0763851303253943
1585226109.10732 -11.4110383844906 0.671212617300782 -6.73118796621378 -0.0513882923960714 -0.995331212766533 -0.0437885596120308 0.0689752299338132
1585226109.23932 -11.4134546824763 0.672191013512139 -6.75437959498803 -0.052697318002897 -0.99593802099376 -0.0429255431195094 0.0590580118377703
1585226109.33832 -11.4146660000566 0.673019259190892 -6.7722269661614 -0.0515922397071344 -0.996434649511828 -0.0418667440108288 0.0519942862262157
1585226109.43732 -11.4154142840034 0.673877635406662 -6.79046689025263 -0.0489787501180126 -0.996953660248387 -0.0405842698423071 0.0451375497295458
1585226109.53632 -11.4160092925863 0.674729175226339 -6.80916991167019 -0.0468252227891956 -0.997395885156226 -0.039064519130358 0.0385072737192003
1585226109.63532 -11.4167972847587 0.675487188966239 -6.8282615309298 -0.0468135832268194 -0.997618640791313 -0.0388546848085771 0.0324938369477298
1585226109.73432 -11.4176379821186 0.67615698954152 -6.84789203686712 -0.0478886771589393 -0.9976747532517 -0.0400551606685948 0.0273376192807697
1585226109.83332 -11.4158174206268 0.676830738967444 -6.87331801312763 -0.049140400152324 -0.997635697109235 -0.0422001798120103 0.0229647937084843
1585226109.96532 -11.4191719755463 0.678058327307052 -6.89511923503471 -0.0495870474096607 -0.997589129055135 -0.0450164636797599 0.0181816478344976
1585226110.09732 -11.4196529772054 0.679234606953496 -6.92288044653432 -0.0493784329930262 -0.997622618194681 -0.0457481147205113 0.0147645528568252
1585226110.26232 -11.4202090342545 0.680612113634911 -6.95810100187653 -0.0493623295870948 -0.997717481601521 -0.0447258927426947 0.0110806968563375
1585226110.39432 -11.4207279502608 0.6817984491242 -6.98673411233014 -0.0514516194979962 -0.997790468221698 -0.0412581718497998 0.00804211617494286
1585226110.52632 -11.4212854706677 0.68303614441349 -7.01597488745449 -0.054037354341914 -0.997811142098249 -0.0377762846957146 0.00508343927901167
1585226110.65833 -11.417596544276 0.684148565451404 -7.05434588829558 -0.0547826597974477 -0.997873347716693 -0.0352342613557367 0.00248775579837876
1585226110.75733 -11.4208087905009 0.684685636943546 -7.06886018079848 -0.0514178986445524 -0.998100597839969 -0.0339312182787678 0.000262138502840525
1585226110.85633 -11.4200843935103 0.685140498728735 -7.09206793454083 -0.0480525670734234 -0.998306808862873 -0.0327488529227259 -0.00140670107974971
1585226110.95533 -11.4194653151763 0.68567304282912 -7.11567462663006 -0.045428736009761 -0.998440585917888 -0.0323242098253578 -0.0027877940503185
1585226111.05433 -11.4192872836194 0.686385062578235 -7.13979833228147 -0.0466152528547177 -0.998372160897536 -0.0326437965402644 -0.00379856466483652
1585226111.12033 -11.4191207617788 0.686836855841495 -7.15632907985017 -0.047234596191531 -0.9982979610521 -0.033945235388642 -0.00421839735603232
1585226111.21933 -11.4186236034192 0.687409415070424 -7.18120553541612 -0.045446141076617 -0.998306882402555 -0.0360290882742322 -0.0044633627527222
1585226111.31833 -11.4179193293764 0.687868811813711 -7.20626687728911 -0.0428501408377562 -0.998359430496827 -0.0377446978430659 -0.00420127992062456
1585226111.41733 -11.4171327153972 0.688432431866693 -7.23150917467064 -0.0394325721744458 -0.998486046993753 -0.038186659835756 -0.00353061199848449
1585226111.51633 -11.416779671987 0.689217856796555 -7.25691181784818 -0.038943614733156 -0.998555688541889 -0.0369213019934133 -0.0025979244138685
1585226111.61533 -11.4167073354656 0.69005903594342 -7.28248836015968 -0.039473036500276 -0.998594478461156 -0.0353344911933022 -0.00155586260623966
1585226111.71433 -11.4135510409659 0.690927484670586 -7.31615316935153 -0.0404751882529179 -0.998584582413816 -0.0345044849119859 -0.000177263292625154
1585226111.81333 -11.4168806323501 0.691484171420436 -7.33437295475075 -0.040259187149737 -0.998572475336038 -0.035091812551602 0.000879797217062002
1585226111.91233 -11.4168982139596 0.692170175212396 -7.36056199914243 -0.0389717670540863 -0.998618046717864 -0.0351973958044775 0.00208361960633924
1585226112.01133 -11.4169618039998 0.69287163069056 -7.3870323296987 -0.0379285842693053 -0.998648956741315 -0.0353656689702331 0.0033095548185952
1585226112.14333 -11.4172564086411 0.69384076562263 -7.42261195125566 -0.036920291158918 -0.998675467869329 -0.0354931580311144 0.00494345119273034
1585226112.24233 -11.4176263939956 0.694637718348616 -7.44948196018087 -0.0370767539301857 -0.998648868949567 -0.0359002557827343 0.00607638860554678
1585226112.34133 -11.4180088033144 0.695367878287399 -7.47687645608141 -0.0377468442991595 -0.998568621778789 -0.0371788340420992 0.0073224069495369
1585226112.44033 -11.4183840913837 0.69624247124151 -7.5046464814955 -0.0381949606403193 -0.99845968754731 -0.0393085633465581 0.00861592550117419
1585226112.53933 -11.4157848340099 0.697212864008305 -7.5394089127661 -0.0383440622826486 -0.998360013484421 -0.0412825699755557 0.010137345770235
1585226112.63833 -11.4192341367764 0.697944923030308 -7.56017985482294 -0.0381477070634462 -0.998320533999518 -0.0421885251151077 0.0109996449638516
1585226112.73733 -11.4197250163458 0.698913531032443 -7.58811207930323 -0.0383670416491606 -0.998306734858679 -0.0421096633207174 0.0117647569423013
1585226112.83633 -11.420484826667 0.700047315945958 -7.61601565893354 -0.0403509259583099 -0.998300921587322 -0.0402274982707801 0.012199226003525
1585226112.93533 -11.4210959884192 0.701148366488615 -7.64396820544271 -0.0407482883958154 -0.998311300577321 -0.0394731746008855 0.0124897005311263
1585226113.03433 -11.4216215266975 0.702005596988545 -7.6719043242144 -0.0402555949147535 -0.998364749788299 -0.0384444337143295 0.0130130309532701
1585226113.13333 -11.4218739866425 0.702802423461221 -7.69996446137945 -0.0381249205915396 -0.998435507188339 -0.0386130122208915 0.013493098335191
1585226113.23233 -11.4223934828133 0.703744729529591 -7.72804537153961 -0.0378191692950621 -0.998417510738022 -0.0393965305069321 0.013420062203246
1585226113.33133 -11.4230444119363 0.704596623403331 -7.75608006717515 -0.0377696575967578 -0.998424165709927 -0.0392877435282606 0.0133832544591545
1585226113.43033 -11.4223761519636 0.70538576560695 -7.78731474867799 -0.0386420581468318 -0.998351106096744 -0.0401463104313369 0.0137889106290172
1585226113.52933 -11.4245006091786 0.706066928029535 -7.8113951891684 -0.0388389944960421 -0.998340644242058 -0.0402204326371858 0.0137770591697561
1585226113.62833 -11.4252844531674 0.706957980994634 -7.83841025584073 -0.0397893681531454 -0.998391436438738 -0.037985070746311 0.013728810151089
1585226113.72733 -11.4263099768226 0.707765937865645 -7.86549043776215 -0.0424448943683986 -0.998310342498593 -0.0372229404089532 0.013760222007962
1585226113.82633 -11.4258382359686 0.70880896574209 -7.89613114114019 -0.0430062755332517 -0.998263309219697 -0.0379536911039285 0.0134291869480558
1585226113.92533 -11.4273684524514 0.709413796116669 -7.92030444970729 -0.0421559247418871 -0.998255900279502 -0.0391717844513403 0.0131759959477908
1585226114.02433 -11.4276392378142 0.710247344849509 -7.94718967862084 -0.0397751818201379 -0.99825536246124 -0.0417817159239067 0.0125878688826643
1585226114.12333 -11.4281645856042 0.711063240233748 -7.97437363975131 -0.0411421526723933 -0.998151609780701 -0.0431456587585092 0.011795732108276
1585226114.22233 -11.4289270868892 0.711856686000898 -8.00103864857336 -0.0439524318862043 -0.998028291878186 -0.0433979804090595 0.0111502304197418
1585226114.35433 -11.4295797140151 0.713030304759768 -8.0356258132333 -0.0441829717092152 -0.998038893168775 -0.042946967194998 0.011035884293573
1585226114.45333 -11.4295772307165 0.713938397980927 -8.06116044903036 -0.0422022764927013 -0.998158295733384 -0.0420514055228156 0.011430827223596
1585226114.55233 -11.4298807239675 0.714509062052475 -8.08558148725172 -0.0413325584906438 -0.998227399276836 -0.0412861974556729 0.0113634871968647
1585226114.65133 -11.4306172620961 0.715033358205747 -8.10943379471254 -0.0443073942502813 -0.998087501746279 -0.0417635987784865 0.0106768670354273
1585226114.75033 -11.4316816756691 0.715674766116327 -8.13256269034728 -0.046839030599721 -0.998035416147878 -0.0402846100270508 0.0104193820344156
1585226114.84934 -11.43224392949 0.716473361544367 -8.15505310860865 -0.0475152747592464 -0.998053299789031 -0.0389485439472627 0.0107200918451402
1585226114.94834 -11.4324215453648 0.717085847364489 -8.1772382592277 -0.0460562643634566 -0.9980610745788 -0.0404155595951041 0.0109313524373054
1585226115.04734 -11.4326034885046 0.717559649115413 -8.19899745827703 -0.0445436359334822 -0.997979680574306 -0.0439771292391563 0.0108827277147526
1585226115.14634 -11.4329711168591 0.71818006590885 -8.22016514340815 -0.0437462522241518 -0.997904673614976 -0.0464835340880496 0.0105739705132219
1585226115.24534 -11.4335049897486 0.719013714482919 -8.24076711701683 -0.0446339359543322 -0.997753284653421 -0.0487989030672685 0.010717359001391
1585226115.34434 -11.4337582706625 0.719987887242936 -8.26063874966061 -0.0454838249543162 -0.997698112307627 -0.0490102228785049 0.0113002840106775
1585226115.47634 -11.43436944966 0.720705918458557 -8.28588892919546 -0.0440327688840271 -0.997853750267154 -0.0470912934284898 0.0114637875684259
1585226115.60834 -11.4338378970555 0.721780214636919 -8.30984650974434 -0.0425679240872031 -0.998036647817623 -0.0443176761440456 0.0121146619044423
1585226115.77334 -11.4348761715632 0.722559465237786 -8.33878593515714 -0.0412212379127865 -0.998204633309909 -0.0417883414626941 0.0119186451145033
1585226115.97134 -11.4353453206972 0.723619197648378 -8.37072942376015 -0.0433969149335167 -0.998174440132332 -0.0405323677819619 0.0110282366109281
1585226116.20234 -11.4353146163975 0.723970815741293 -8.40441857044947 -0.0392452785524737 -0.998335417428549 -0.0414870469565814 0.00806395398833696
1585226116.40034 -11.4345608465266 0.724909716768776 -8.42945099931945 -0.0380059665267742 -0.998534263256443 -0.0382142330409169 0.00495419058704222
1585226116.63134 -11.4349360243789 0.725229046209652 -8.45595550704004 -0.0397853593181078 -0.998470806309523 -0.038362919480794 -0.00120852821701509
1585226116.86234 -11.4336047866013 0.725846216434277 -8.4787797051208 -0.0383624549526657 -0.99856797636619 -0.0360540880646704 -0.00950901465779974
1585226117.09334 -11.4309594601262 0.726320078939043 -8.49989592804829 -0.0339276307198212 -0.998630638674979 -0.0347474523804149 -0.0194519388856941
1585226117.35734 -11.4284875144394 0.726258674803958 -8.52206620247432 -0.0299886147049306 -0.998345829358857 -0.035418653202576 -0.0339382821481958
1585226117.58834 -11.4257454926863 0.726605859596217 -8.5398318296397 -0.0300448215229616 -0.997883845940848 -0.0314711195005408 -0.0483188094569681
1585226117.81934 -11.4222356192306 0.726643772063763 -8.55717882152877 -0.0298305454354197 -0.996895602767352 -0.0307938940963177 -0.0660381089108985
1585226118.01734 -11.4161108529383 0.727696516473145 -8.57485000397016 -0.0303807417735146 -0.995614531257175 -0.0285001448468239 -0.083764296824824
1585226118.24834 -11.4133692159926 0.726761457534964 -8.58765746669512 -0.0289573966040479 -0.993547537865424 -0.0258580490269046 -0.106565099746551
1585226118.44634 -11.407886926056 0.72697297886593 -8.60313420030337 -0.0296878045908058 -0.990898827736165 -0.0245095078002325 -0.128986167774158
1585226118.64434 -11.3987314808665 0.727893338963943 -8.6234219679097 -0.0314440615079196 -0.987288077655529 -0.0241295307664312 -0.153919746816735
1585226118.80934 -11.393804297994 0.727064051560578 -8.63388285229286 -0.0285473614406987 -0.983714261309156 -0.0218119122404056 -0.176112295812
1585226118.97434 -11.3829669793314 0.728531466976445 -8.65235366628823 -0.0258835408391072 -0.978786046374124 -0.0206707293240224 -0.202189610727542
1585226119.13935 -11.3729319886979 0.727654624951317 -8.66816360448091 -0.0255951732965533 -0.972837458605226 -0.0213306100191201 -0.229078963055663
1585226119.27135 -11.3641470334998 0.727355273978585 -8.68128235943582 -0.0264101702215736 -0.967157038448277 -0.0225735251897446 -0.251793967063021
1585226119.40335 -11.3541876413909 0.727460224101968 -8.69447367154558 -0.0266728071497908 -0.960595443743996 -0.0235195990282357 -0.275666072048369
1585226119.53535 -11.3436409034795 0.727152562899006 -8.70747688951297 -0.0277467442909927 -0.953177990339661 -0.0239058666859372 -0.30018385441474
1585226119.66735 -11.3315155305449 0.727581723245812 -8.72055314473881 -0.028980859754418 -0.944819483606774 -0.0237028825716554 -0.325444966964797
1585226119.79935 -11.3182895623965 0.726726297536848 -8.73356419248555 -0.0282542401222203 -0.935520862253275 -0.0263474963600627 -0.351152707008734
1585226119.93135 -11.3034586403187 0.726423308556573 -8.74629820848775 -0.0270602106799862 -0.925327582507297 -0.028002262582307 -0.377163735451102
1585226120.03035 -11.2903415779523 0.727725514013409 -8.75763577567082 -0.0277436326332194 -0.916767715748324 -0.0277363336385045 -0.397489549555969
1585226120.16235 -11.2749987805614 0.726095991959035 -8.76779877561005 -0.027822090967252 -0.904898653074864 -0.0278303282072875 -0.423804001573112
1585226120.26135 -11.2615482615231 0.725882484800062 -8.77658506892095 -0.0290642334979723 -0.895394010139893 -0.0277819737649906 -0.443455746236868
1585226120.39335 -11.2425662330427 0.725447536335938 -8.78790457450091 -0.0308394785658455 -0.882722831894196 -0.0282878999980657 -0.468026840392918
1585226120.52535 -11.2227526047204 0.724948404646671 -8.79869359826917 -0.0328227786214206 -0.869160450667154 -0.029578049984123 -0.492552449145039
1585226120.65735 -11.2009591730507 0.724262710866508 -8.80897428831575 -0.0345956228341746 -0.855085491548145 -0.0305926871100054 -0.51642621207678
1585226120.78935 -11.1780478581397 0.723631346960236 -8.81835671715491 -0.0345754912733527 -0.841206978094515 -0.0312005706439361 -0.538703888792158
1585226120.92135 -11.1541189643188 0.723058030754546 -8.82703650723254 -0.0345991429668432 -0.827333811440156 -0.0325109358596893 -0.559700547438888
1585226121.05335 -11.1284356921089 0.722231319125028 -8.83513654420141 -0.035979802297966 -0.813562727480267 -0.0343667679919956 -0.579344515413112
1585226121.15235 -11.1086757599005 0.721564223756769 -8.84083204343059 -0.0374939321139169 -0.803459798309694 -0.036214180383761 -0.593072584675699
1585226121.25135 -11.0881342212764 0.720842905800076 -8.84597150491062 -0.0380253883704211 -0.793861707476263 -0.0370759835982481 -0.605774735922829
1585226121.38335 -11.0576463778884 0.720411704731028 -8.85435186467392 -0.0383931675751199 -0.781840764634089 -0.0355412918056067 -0.621279164318844
1585226121.51535 -11.0305284090387 0.718950933181331 -8.85698251510122 -0.0375452589176534 -0.77259523459137 -0.0339915474122328 -0.63287560525275
1585226121.64735 -11.0001164361593 0.717873620240198 -8.86184181847057 -0.0370731377000611 -0.76422114190409 -0.0342703352639342 -0.642975250572508
1585226121.77935 -10.9688103714623 0.716649777848206 -8.86653251301881 -0.0369744095759433 -0.757049525139315 -0.0360838357296845 -0.651311650687964
1585226121.91135 -10.9365859636381 0.71567441568212 -8.87119545810573 -0.0367385794513227 -0.750601461828303 -0.037696462041898 -0.658655220149843
1585226122.04335 -10.9041286259419 0.714083945735881 -8.87446305208583 -0.0360070754198021 -0.745387928240866 -0.0379647018245245 -0.664574306129779
1585226122.14235 -10.8792821329034 0.713210830112024 -8.87683769558556 -0.0355024085065645 -0.742225348761691 -0.0367837583150047 -0.668197624786293
1585226122.27435 -10.8452989657225 0.71225663103627 -8.88006733850204 -0.0350599452045892 -0.738626753564759 -0.034868742718722 -0.672298661267336
1585226122.40635 -10.8108703762029 0.71094328503235 -8.88302575105567 -0.0350607948993111 -0.735308270797147 -0.0349319318339701 -0.675923255774414
1585226122.53835 -10.7756451549206 0.709466603617139 -8.88579979339652 -0.0353971559227249 -0.732127470141303 -0.0354740924695038 -0.679321718761106
1585226122.67035 -10.7399348606817 0.708049649370743 -8.88828747111925 -0.0354506433532032 -0.729497717980333 -0.0352706227243341 -0.682152706158942
1585226122.80235 -10.7027918095861 0.706703418349914 -8.8914808627249 -0.0349986815712382 -0.727588989208679 -0.0349015237602915 -0.684230398849524
1585226122.93435 -10.66661053816 0.705129962454263 -8.89283662538518 -0.0345976685401481 -0.726593381330303 -0.0352293270012531 -0.685291145468568
1585226123.06635 -10.6290020211837 0.703545869653022 -8.89513943297073 -0.0350196255657488 -0.725824934495408 -0.0355382454915221 -0.686067652201557
1585226123.19836 -10.5908943063327 0.702038058206439 -8.89746582367951 -0.0356010894898861 -0.725285499910015 -0.0351600985215876 -0.686627463417656
1585226123.33036 -10.5467398249725 0.698937880908133 -8.89841397720163 -0.0365164207206622 -0.724444967209073 -0.0342281470915068 -0.687513254017607
1585226123.46236 -10.5127632408621 0.698748012831949 -8.90205117331479 -0.0361114547536288 -0.725105877397016 -0.0336895300035727 -0.686864211447953
1585226123.59436 -10.4726895013323 0.697083651735706 -8.90441235531514 -0.0352706692326459 -0.725278863979944 -0.0339442866862151 -0.686712701759046
1585226123.72636 -10.4318863326496 0.695408336684505 -8.90688019035676 -0.0342313921746919 -0.725387005944033 -0.0350315295715579 -0.686596457413822
1585226123.85836 -10.3905484733131 0.693740406143753 -8.9093891082187 -0.0334067892803138 -0.725524183116687 -0.0356400818735004 -0.686460800561034
1585226123.95736 -10.3591636262577 0.692538479643432 -8.91133201884215 -0.0335727581668328 -0.725620636568378 -0.0356864086485824 -0.686348338624739
1585226124.05636 -10.3270040274727 0.691435771301348 -8.91350758546119 -0.0331803541843241 -0.725659304449445 -0.0352012104215368 -0.686351595574024
1585226124.15536 -10.2949210231892 0.690252861244335 -8.91527999902036 -0.0323373952031611 -0.725876369999545 -0.0337577889576028 -0.686234799490999
1585226124.25436 -10.2623244605102 0.688961212769582 -8.9175259502534 -0.032568781548235 -0.72592220426554 -0.0338399962663449 -0.686171321519208
1585226124.32036 -10.2405655078786 0.68810172572848 -8.91887844147737 -0.0327794600874141 -0.725832060722899 -0.0333161043944439 -0.68628227706324
1585226124.41936 -10.2077227157715 0.686749785035303 -8.920897613582 -0.0329181028236306 -0.725670358231055 -0.0327747841570223 -0.686472682060084
1585226124.48536 -10.1856664141769 0.685826663637087 -8.92217863605297 -0.0332396738076829 -0.725612128025076 -0.0322571700235035 -0.686543253357102
1585226124.58436 -10.1522621510844 0.684436968420489 -8.92405882012556 -0.0326698685012872 -0.725218491878185 -0.0319034857824677 -0.687002901249309
1585226124.68336 -10.1184306387514 0.683028970672421 -8.92594657757696 -0.0319102170123619 -0.724763340241692 -0.032081872146303 -0.687510430591069
1585226124.78236 -10.0845715742313 0.681584373847267 -8.92791435415628 -0.031355486958183 -0.724275013809497 -0.0333539143349033 -0.687989864901663
1585226124.88136 -10.0487809099724 0.678890399077153 -8.92948046228931 -0.0311637574033828 -0.723153088080521 -0.0332452356858516 -0.689182984212685
1585226125.01336 -10.0049935393771 0.678350926562311 -8.93202215232658 -0.0312211131592324 -0.722392657965041 -0.0331303903312458 -0.689982946925358
1585226125.11236 -9.97046791267083 0.676970099995941 -8.93356483956971 -0.0309681032288018 -0.7213535540505 -0.0328018931464993 -0.691096275816278
1585226125.21136 -9.9296825144079 0.674614638913873 -8.92829868968879 -0.031402832794282 -0.719679177681149 -0.0329122201378331 -0.692814931327464
1585226125.31036 -9.90091951298857 0.674106038389837 -8.93644359722952 -0.030854575377576 -0.719337202137476 -0.0329471830064605 -0.693192951443706
1585226125.40936 -9.86562688488146 0.67259262794817 -8.93786160343474 -0.0309539840822387 -0.718202004838024 -0.0325838515835569 -0.694381756479863
1585226125.50836 -9.83038028888729 0.671069056647193 -8.93921457450709 -0.0318731206822777 -0.717114858962048 -0.0327353868495404 -0.695455805699849
1585226125.60736 -9.79503171191483 0.669526212172686 -8.94028647812778 -0.0315061186148378 -0.716091939831926 -0.0324968714024113 -0.696536898912493
1585226125.67336 -9.77129126726917 0.668449453099541 -8.94093112005514 -0.0314503355970932 -0.715639676945593 -0.0322688265287257 -0.697014671299318
1585226125.77236 -9.73573787907929 0.666839983912229 -8.94195585942044 -0.031325988312484 -0.715237841798675 -0.0324137515062571 -0.697425881960736
1585226125.87136 -9.69998880379647 0.665197216698141 -8.94302035586201 -0.032054316770259 -0.714880220179525 -0.0325269389704785 -0.697754104118118
1585226125.93736 -9.67602395738485 0.664086074456701 -8.94371176599435 -0.0324210912278075 -0.714671053258256 -0.032594776452862 -0.697948235205392
1585226126.00336 -9.64907395547283 0.661519570954173 -8.9417201658147 -0.0328511335806095 -0.714340205128708 -0.0325739698837058 -0.69826772146875
1585226126.06936 -9.62788789596374 0.661806420462304 -8.94506051550012 -0.0332611391976646 -0.714341096536702 -0.0325996466202603 -0.698246201177099
1585226126.13536 -9.60357482710923 0.660599970865825 -8.94575602334819 -0.0337854246046041 -0.714184516599935 -0.0333065122823974 -0.698347834229324
1585226126.20136 -9.57900406750554 0.659340507188459 -8.94640901545035 -0.0341724577488451 -0.714058099804625 -0.0339649823271845 -0.698426555344459
1585226126.26736 -9.55444575618694 0.658066451256003 -8.94705904172283 -0.0344507794793383 -0.713985537924932 -0.0344043915836643 -0.698465556249604
1585226126.33336 -9.52985390264525 0.656786209044489 -8.94763019241596 -0.0345700598698067 -0.713935670539948 -0.0350708200906365 -0.698477492027798
1585226126.43236 -9.49724185463327 0.655922723354308 -8.93608911498941 -0.0358889644311228 -0.71356251560806 -0.0360912171595634 -0.698740254025128
1585226126.53136 -9.45573200169618 0.653297794230681 -8.94963261076332 -0.0354227856856311 -0.713603243887689 -0.0367078489428572 -0.698690325103494
1585226126.63036 -9.41836290025129 0.651577912721249 -8.95049738698637 -0.0357406132338359 -0.713404883354113 -0.0374246177073132 -0.698838664472448
1585226126.69636 -9.39343964781173 0.650380897659558 -8.95084468238144 -0.0357167781673594 -0.713341976933477 -0.0372428762157045 -0.698913802892148
1585226126.79536 -9.35634753253343 0.648663632470061 -8.95143175642607 -0.0356187686543116 -0.713416298386346 -0.0366657738432592 -0.6988734574619
1585226126.92736 -9.30680486128854 0.64642377099209 -8.95243142295578 -0.0362151713365821 -0.713621643734527 -0.0362930174391013 -0.698652580216991
1585226127.02636 -9.26959715348011 0.644703453334802 -8.95317765636512 -0.03596152931891 -0.713804680093004 -0.0365640386837204 -0.6984645432386
1585226127.12536 -9.23235430204161 0.642948288063367 -8.95397891667346 -0.0358421628208364 -0.713909118252727 -0.0371029205421776 -0.698335509284169
1585226127.22436 -9.19494060098196 0.641715776081019 -8.95134901452492 -0.0359849613080901 -0.713922931844718 -0.037683289527847 -0.698282965305798
1585226127.35636 -9.1454539505087 0.639117140519206 -8.95631689194299 -0.0360284905045588 -0.714037936201198 -0.0378942332334112 -0.698151703159956
1585226127.48837 -9.0957328145401 0.636982695513746 -8.95750842013584 -0.0358828621275228 -0.714237132234811 -0.037560226056773 -0.697973472677217
1585226127.58737 -9.05835382187368 0.635351168884938 -8.95828471225687 -0.0356829335116968 -0.714412026392279 -0.0368520935582636 -0.697842466465356
1585226127.71937 -9.01854671859592 0.634896076889801 -8.94720189148366 -0.0352772154314375 -0.714476464932195 -0.0365291473489287 -0.697814101694254
1585226127.81837 -8.97109963071816 0.631616735526075 -8.96000252066611 -0.0328449406670446 -0.714696062612463 -0.0361317530744236 -0.697728632333939
1585226127.91737 -8.93366317188896 0.630060431229129 -8.96068720904859 -0.0310356941479331 -0.714828867429222 -0.0358668165670448 -0.69768907648605
1585226128.01637 -8.89623288808472 0.628493997143812 -8.96145043230862 -0.0304260439279839 -0.714977523129583 -0.0353591357640838 -0.697589513100933
1585226128.11537 -8.85895482842045 0.626909455746828 -8.96227647265068 -0.0311968609367217 -0.715134996592851 -0.0336064665249746 -0.697480679247492
1585226128.21437 -8.82166689906684 0.625269936032844 -8.96301507329537 -0.0327045815376255 -0.715390955486666 -0.0305457508684716 -0.697289859569322
1585226128.28037 -8.79681848144314 0.624155024478208 -8.96353049734787 -0.0339005122305929 -0.715488745191372 -0.0291187445386755 -0.697193451985509
1585226128.37937 -8.75935594443002 0.622209712824972 -8.9644419263839 -0.0349854607684295 -0.715511665329686 -0.0275407177850745 -0.697180452376459
1585226128.47837 -8.72173332002226 0.620210476343367 -8.96527895555525 -0.0333261961493193 -0.715560530522623 -0.027640323966037 -0.697207647906599
1585226128.57737 -8.68382116493629 0.618250439847422 -8.96608779215831 -0.0308429424508473 -0.715582676447184 -0.0290714331112613 -0.697240989792279
1585226128.67637 -8.64596894097518 0.616406570897958 -8.96695392200984 -0.0281856071824392 -0.715567109281014 -0.0309441125036485 -0.697288853750246
1585226128.77537 -8.6083111626786 0.614781458299065 -8.96777934209953 -0.0270899183208168 -0.715668515264771 -0.031382535085076 -0.697208612307482
1585226128.87437 -8.57085500832075 0.613255140029487 -8.96863004825047 -0.0274829507091967 -0.715819352602961 -0.0302516331215189 -0.697088359214867
1585226128.97337 -8.53364267719014 0.611711006522626 -8.96950828241392 -0.0287266902930819 -0.715912896342404 -0.028283840038606 -0.697024767499769
1585226129.07237 -8.50938198236982 0.611270824412502 -8.95980563704568 -0.0300853100793451 -0.715762829583671 -0.027624443233707 -0.697148001531838
1585226129.17137 -8.4588175474161 0.608189963636393 -8.97145061915865 -0.029284355519164 -0.715892900297318 -0.0272006932954237 -0.697065207932493
1585226129.27037 -8.42131232951305 0.606340655548646 -8.97232596155968 -0.0277005328808217 -0.71594004191006 -0.0276561974712945 -0.697063606573582
1585226129.36937 -8.3839811767768 0.604590575302558 -8.97324886906561 -0.026373182681668 -0.716121190120489 -0.0282780820297888 -0.696904043877183
1585226129.43537 -8.35916271930175 0.603549597002141 -8.97391229107589 -0.0255256464892461 -0.71629093396386 -0.028757755911321 -0.696741509289803
1585226129.53437 -8.32182108912004 0.602031426747653 -8.97495668799623 -0.0247098283603695 -0.716738755762756 -0.0290679523514669 -0.696297375060506
1585226129.63337 -8.28464824266348 0.600522058001486 -8.97610922217626 -0.0246631418483528 -0.717183835070339 -0.0296435696646857 -0.695816308321028
1585226129.73237 -8.24755411874482 0.598999446934402 -8.97736220095627 -0.0257082012809136 -0.717541063112274 -0.0296372417503314 -0.695410342917073
1585226129.83137 -8.2107504745391 0.597361889206153 -8.97880808875838 -0.028895296695927 -0.717897441202069 -0.0294483327176744 -0.694925263207869
1585226129.89737 -8.20000769132784 0.597317680948013 -8.96905461255476 -0.0306132514441549 -0.718022694048004 -0.0285983077144216 -0.694757782586086
1585226129.96337 -8.16190971687343 0.595039496816861 -8.98028150732562 -0.0306542472402793 -0.718519459218017 -0.0269712894540124 -0.694307319129194
1585226130.02937 -8.13760028279749 0.593857015813075 -8.9809444320966 -0.0313413769595621 -0.718862243439614 -0.0269606917603777 -0.693922123978653
1585226130.09537 -8.11347856836399 0.592639354561904 -8.98155416550541 -0.0311254586866234 -0.719063514333988 -0.0275504493273818 -0.693700108776885
1585226130.16137 -8.08933419595831 0.591410012163958 -8.98228204717333 -0.0302087355047989 -0.719215419764615 -0.0291035025871274 -0.693519717390335
1585226130.22737 -8.06505354743977 0.590203684157146 -8.9830358059154 -0.0291523795543489 -0.719519243537985 -0.0308971839350362 -0.693172100541943
1585226130.32637 -8.02819575416471 0.588561383062965 -8.9843960427886 -0.028423112259679 -0.720005100757719 -0.0323832003708986 -0.69262985057394
1585226130.42537 -7.99140415920247 0.586993339840983 -8.98582527715259 -0.028051880177379 -0.720450488463537 -0.032604096038283 -0.69217133616807
1585226130.52437 -7.95467075783783 0.585547089416483 -8.98734960103963 -0.0294017773622541 -0.720790045077331 -0.0324676882682083 -0.691768093817486
1585226130.62337 -7.91799619090881 0.584140911952435 -8.98887631960047 -0.0300502154086162 -0.721183152201565 -0.0319317340963473 -0.691355342708878
1585226130.72237 -7.8813084295351 0.582651163557957 -8.9904295375662 -0.0299038459743441 -0.721605675068953 -0.0322608694161574 -0.690905381371962
1585226130.82137 -7.84458487937474 0.581071567822354 -8.99190692462718 -0.0292829430753183 -0.722034220748993 -0.0329025312915104 -0.69045384838297
1585226130.88737 -7.82039376061119 0.580070441449122 -8.99279901547856 -0.0288926319250643 -0.722348590674428 -0.0332694303619836 -0.690123810902435
1585226130.98637 -7.78392485219804 0.578559316517325 -8.99437664035814 -0.0289455263275822 -0.722769670854021 -0.0337065193335194 -0.689659357910562
1585226131.05237 -7.75984544061967 0.577590848560913 -8.99531535993967 -0.0293633822601453 -0.723053084439563 -0.0337049524477084 -0.689344619943593
1585226131.15137 -7.72342735973357 0.576154505397724 -8.99698341305145 -0.0300552853054867 -0.72345297679009 -0.0335625043406697 -0.688902045650284
1585226131.25037 -7.68702945364779 0.574656120850507 -8.99863822290203 -0.030448570395082 -0.723817306201713 -0.0330437677954494 -0.688527051911304
1585226131.34937 -7.65068524210962 0.57305508909492 -9.00030482158775 -0.0302943530594431 -0.724137206384781 -0.0324753994221285 -0.688224459703612
1585226131.44837 -7.61754116646294 0.573444339390273 -8.99133051148513 -0.0301460278213182 -0.724130599665586 -0.0333710207411599 -0.688195078890606
1585226131.54738 -7.57786801159502 0.56996486225718 -9.00359412964733 -0.0282080877688668 -0.724734875538946 -0.0324302989603906 -0.687685930982533
1585226131.64638 -7.54191504777735 0.568565535655051 -9.00516216679037 -0.0271092524648205 -0.72510749196937 -0.0322013573842528 -0.687348009456128
1585226131.74538 -7.50620785651319 0.567096360496649 -9.00678345225442 -0.0267674785872901 -0.725443914994394 -0.0319207861452299 -0.68701942599868
1585226131.84438 -7.47072016778785 0.565658693587862 -9.00855919859331 -0.0271656809501095 -0.725724969825123 -0.031542190826034 -0.686724387326339
1585226131.94338 -7.43529719087964 0.564223670656839 -9.01045038673816 -0.0280216315337473 -0.725870784831091 -0.0319005309330287 -0.686519299088579
1585226132.04238 -7.39975271003121 0.562711003906491 -9.01241265330817 -0.028285871793676 -0.725900099866081 -0.0319804018826548 -0.686473749218941
1585226132.17438 -7.35164465827969 0.562621585809611 -9.00642696985313 -0.0291252504939578 -0.725572165202429 -0.0338735501916352 -0.686694499369653
1585226132.30638 -7.30428270157612 0.558778349229687 -9.01798348691138 -0.0282112892927408 -0.725301277983168 -0.0335657603894104 -0.687033855819279
1585226132.40538 -7.26870431036869 0.557320795038718 -9.02005706960964 -0.028679755127558 -0.724636896951063 -0.034228099185238 -0.687682540456804
1585226132.50438 -7.23362557359902 0.55589961377699 -9.02194108860636 -0.0292136097831226 -0.723932440196171 -0.0347345132299081 -0.688376278372329
1585226132.60338 -7.1986567458463 0.554505435491153 -9.02365738200073 -0.0298671192571061 -0.723376603732379 -0.0349244168813481 -0.688922731128381
1585226132.70238 -7.16410734676404 0.553015470067436 -9.02533590487834 -0.0304786741959788 -0.72276525863224 -0.0354362103441965 -0.68951120827001
1585226132.83438 -7.11843803277092 0.550971280810955 -9.02759914708477 -0.0315654903349871 -0.72193956287356 -0.036317736537973 -0.690281036528314
1585226132.93338 -7.08468319260682 0.549503132532303 -9.02919203910643 -0.0319019522786315 -0.721489639295368 -0.0368636519334907 -0.69070691106748
1585226133.03238 -7.05111870360681 0.548069251373466 -9.03066726362988 -0.0317579668297376 -0.721325843322255 -0.0373884376918517 -0.690856398989864
1585226133.13138 -7.01981596062014 0.547338153455881 -9.02800266888095 -0.0319940521210254 -0.721202370836704 -0.0384961168927541 -0.69091357629777
1585226133.23038 -6.9853240128339 0.545210485869006 -9.03371262635679 -0.0318408293139377 -0.721197386842461 -0.0386532216579145 -0.690917085659104
1585226133.32938 -6.95327914116574 0.543849481714661 -9.03513135590579 -0.0318135068049927 -0.721208464292761 -0.0390282762006073 -0.690885696388379
1585226133.42838 -6.92194607546663 0.542508182796183 -9.03631382296697 -0.0314996936395208 -0.721270277195727 -0.0394010850997252 -0.690814382470125
1585226133.52738 -6.88542112025437 0.543631988089274 -9.02973406061656 -0.0316147381155524 -0.721118697071972 -0.0406903694233875 -0.690892630517431
1585226133.59338 -6.87105724986453 0.540455695424619 -9.03799528786605 -0.03048866656042 -0.721346081858394 -0.039783166932612 -0.690758692328749
1585226133.69238 -6.84135355863509 0.539225686131068 -9.03892283310688 -0.0298201853852472 -0.721445647935024 -0.0398537339190514 -0.690679819823855
1585226133.79138 -6.81224588810668 0.538088170703956 -9.03980943886333 -0.0293601494185727 -0.721525273510636 -0.0399001766921714 -0.690613667118928
1585226133.89038 -6.78361726289641 0.536952614456869 -9.04080069004747 -0.0289118023176 -0.72156725969166 -0.0401795071250278 -0.690572519461212
1585226134.02238 -6.746331890246 0.53547632370914 -9.04221049589863 -0.0289043344434708 -0.721580115287491 -0.0398398977920469 -0.690579075281022
1585226134.18738 -6.70124068127272 0.53363886024041 -9.04401301063407 -0.0289487515396927 -0.721361949554067 -0.039538201724175 -0.690822436031334
1585226134.35238 -6.65805526247563 0.531983448379954 -9.04575357376415 -0.0293152248171142 -0.720839842698911 -0.0396965836178219 -0.691342693619311
1585226134.51738 -6.61023133886642 0.532465610227792 -9.04221958573605 -0.0306344495841876 -0.719309411144163 -0.0411377923484646 -0.692793752554688
1585226134.71538 -6.57015485403216 0.528386200577119 -9.04858327869044 -0.0308766808173416 -0.715991752645984 -0.0408602993640922 -0.696227604063867
1585226134.94638 -6.51961990864578 0.526109693751 -9.04898185173618 -0.0319415653912741 -0.708176311357938 -0.042088435181111 -0.704055830212225
1585226135.14438 -6.47945049380082 0.524275634746685 -9.04778532595924 -0.0335543806606941 -0.697396727513004 -0.0420950967079009 -0.714660696292851
1585226135.30938 -6.44800918224912 0.522773234737272 -9.04531243816291 -0.0352942141490118 -0.685154212419003 -0.0407677179939062 -0.726399350785551
1585226135.47438 -6.4184010708901 0.521107682427909 -9.04156472538506 -0.0372706133048073 -0.669469005725057 -0.0395929199614742 -0.740847185623535
1585226135.63938 -6.3899704270554 0.519407688744192 -9.03606813669647 -0.0384138054668875 -0.650495375215265 -0.0376515429343077 -0.757603133367181
1585226135.80439 -6.36275540834478 0.517631933573053 -9.02854830322823 -0.036568100369622 -0.62859220692908 -0.0335477087200361 -0.776150219134815
1585226135.96939 -6.3366334511798 0.515693648070387 -9.01904375297147 -0.0307462087802293 -0.605513605873205 -0.0289151666888226 -0.794714953227527
1585226136.13439 -6.3119127148289 0.513874816194345 -9.00826944793146 -0.0247253640483543 -0.582345789147172 -0.0240725468735323 -0.812208440440171
1585226136.29939 -6.28880873549606 0.512134920850205 -8.99649624232634 -0.0196597795455584 -0.559197699320785 -0.0192347067604626 -0.828577969896859
1585226136.46439 -6.26547601417439 0.511356483160574 -8.98241084408299 -0.0172978725791081 -0.535396960402813 -0.0155008579027494 -0.84428111538749
1585226136.62939 -6.2474291742864 0.509209083361114 -8.97101694563687 -0.0150807729179253 -0.510701126985447 -0.011804966453239 -0.859544979597363
1585226136.79439 -6.22602084109215 0.510597818474523 -8.95217853032897 -0.0110318860074062 -0.484730996405768 -0.00696011292264179 -0.874566015485792
1585226136.95939 -6.21120814849157 0.506577018132907 -8.94075070783518 -0.00478204728448134 -0.457849935605224 -0.00183489239575238 -0.889014736469513
1585226137.09139 -6.19768217064632 0.505599211043718 -8.92820919566918 -0.004079508139048 -0.434454093355284 -0.00226965192829634 -0.900681878945228
1585226137.22339 -6.18494131530649 0.5046500184766 -8.91531230385926 -0.00536877951690318 -0.410927063547831 -0.00227931260069159 -0.911649565010879
1585226137.35539 -6.17314717533594 0.503863213611517 -8.90132201968881 -0.00530356892424533 -0.38715043762996 -0.000741885259779862 -0.922001008896334
1585226137.48739 -6.16210281064994 0.503373109226768 -8.88652963110423 -0.00577927335195699 -0.361485024795022 0.00249970539027056 -0.932356652961423
1585226137.61939 -6.1490923961317 0.506399668896554 -8.86011990555975 -0.00345349686197505 -0.3353114851963 0.00238200056983587 -0.942097981808772
1585226137.75139 -6.1403191363496 0.501836606436294 -8.85405007879464 0.000750046745843669 -0.308524197801369 -0.00410859110607983 -0.951207325602586
1585226137.85039 -6.13246686762946 0.501845495816076 -8.84012977935432 0.00255872666003154 -0.288865066998113 -0.00525154280338269 -0.957351997587219
1585226137.94939 -6.12659207568588 0.500739925143296 -8.82760606300227 0.00325422085962085 -0.268811605250716 -0.00357863720482435 -0.963180629105926
1585226138.04839 -6.12116395371967 0.500265601273682 -8.81348219793223 0.00450459975158007 -0.248088315622001 0.00200663220966067 -0.968724867885661
1585226138.14739 -6.11603651509441 0.499850186913063 -8.79907072745185 0.00482429877804269 -0.226934576193665 0.00465024395131411 -0.973886954168858
1585226138.24639 -6.11052423026626 0.500087338354744 -8.78346105360119 0.00497263503922124 -0.204855399750844 0.00426847769572421 -0.978770309210414
1585226138.34539 -6.10583025828085 0.498986153113398 -8.76976987698314 0.0033871462113445 -0.182509422153171 -0.00024056502968324 -0.98319824053663
1585226138.44439 -6.10146475341608 0.498952736716445 -8.75434485237375 0.00124782960614933 -0.161639509513837 -0.00134592744014481 -0.98684816479777
1585226138.54339 -6.09699010760438 0.501060643873636 -8.73220456086842 0.00168071985905849 -0.142891273755967 0.000481500983478725 -0.989736847460958
1585226138.64239 -6.09560586103293 0.497871084595854 -8.72179598447804 0.00493941712276907 -0.12556077945589 0.00468246398149171 -0.992062582376726
1585226138.74139 -6.09319873223847 0.497348034647301 -8.70486247069961 0.00688456587019892 -0.109673743356323 0.00748626876094202 -0.993915604340242
1585226138.84039 -6.09068541543164 0.496961771856626 -8.68778617382039 0.00671056424118915 -0.0956082576887582 0.00772269139281277 -0.995366459866383
1585226138.93939 -6.08789728278865 0.497414220383044 -8.66909758099001 0.00539751066435656 -0.0833490985049071 0.00662210842125318 -0.996483789299708
1585226139.03839 -6.08592807994307 0.496081863191078 -8.6528704643808 0.00513906555316057 -0.0727553375120489 0.00485320573568582 -0.997324770204188
1585226139.13739 -6.08391672134515 0.495525956878563 -8.63482926342478 0.00525452971459062 -0.0635973967287697 0.00375192216047429 -0.997954750540777
1585226139.23639 -6.08187768701867 0.496067520581081 -8.61465644132896 0.00432298486005494 -0.0557246608949577 0.00335062762095333 -0.998431193054678
1585226139.33539 -6.08050624185346 0.494608714842347 -8.59768935769664 0.00357170819865982 -0.0491768454255601 0.00183846816214135 -0.998782008653215
1585226139.43439 -6.0788008249787 0.494170099292651 -8.5786264424024 0.00320405114847866 -0.0434493699429908 -0.000236899655524859 -0.999050464284136
1585226139.53339 -6.07691974401965 0.494623248247448 -8.55667951761353 0.00209432522308828 -0.0381870469736847 -0.000439049571197763 -0.999268317560786
1585226139.63239 -6.07640326547846 0.492896907235863 -8.53947536921127 0.00123504259287815 -0.033362243983315 0.000448900795425287 -0.99944246149254
1585226139.73139 -6.07556799830582 0.492239265890934 -8.51928558928883 0.000876791720334669 -0.0292020992434509 0.0012129217308481 -0.999572407310711
1585226139.83039 -6.07433160605691 0.491659710015801 -8.49856832820648 0.00199405584962309 -0.0254186000433797 -0.00136213591838917 -0.999673978404381
1585226139.92939 -6.07166126316488 0.491258240270049 -8.4684183443708 0.00238597575843497 -0.0218809315326353 -0.00488540978048989 -0.999745800054304
1585226140.0284 -6.07180857369601 0.49018334092831 -8.45653596300247 0.00289846162703594 -0.0194533664964032 -0.00667443526994015 -0.9997842854166
1585226140.1274 -6.07134061782584 0.489321928230879 -8.43501633051452 0.003625608256277 -0.0178595900358046 -0.00565229307930042 -0.999817954225403
1585226140.2264 -6.07108530522753 0.488558917372613 -8.41314803886917 0.00438538591810822 -0.0156105217913813 -0.00333191874624188 -0.999862979771338
1585226140.3254 -6.0704244699147 0.487976815245331 -8.39109299923228 0.00363225366866443 -0.0126872770190268 -0.00435086405053492 -0.999903450197639
1585226140.4244 -6.06974740946131 0.487291710448913 -8.36879195774446 0.00272101929872665 -0.0104062907283137 -0.00535110796021834 -0.999927832801374
1585226140.5234 -6.06941696356548 0.486384587259858 -8.34616026064956 0.00324760775262434 -0.0091311544132419 -0.00478647691785489 -0.99994158064443
1585226140.6224 -6.06878727616932 0.485638065545476 -8.31719521061743 0.0034593643356321 -0.00785729259641985 -0.00423775126658046 -0.999954167557519
1585226140.7214 -6.06903394454382 0.484517381044773 -8.30020159124441 0.00284753567592755 -0.00583797291083264 -0.00373096014902688 -0.999971944381058
1585226140.8204 -6.06869218178583 0.48375285215189 -8.27688464501514 0.00152136384006551 -0.00400092905289833 -0.00488748774480356 -0.999978895018452
1585226140.9194 -6.06855540924257 0.482925233462428 -8.25319842386016 0.00116403042606689 -0.00250359417673883 -0.00502435430643784 -0.999983566321551
1585226141.0184 -6.06880169358035 0.481987302906793 -8.22919510389063 0.00168651389863128 -0.00058641471253376 -0.00365076395799287 -0.99999174182149
1585226141.1174 -6.0692231205545 0.480985631790007 -8.20477596072204 0.00242688828892074 0.00201421994031347 -0.00191880584044195 -0.999993185634488
1585226141.2494 -6.06980283532587 0.479738341977988 -8.17193022079352 0.0036943874234589 0.00445818357672196 -0.000196017967517613 -0.999983218698053
1585226141.3484 -6.06928686997774 0.478116420097763 -8.14070593689602 0.00439271896865845 0.00548106289743577 0.00016253542368207 -0.999975317471293
1585226141.4804 -6.0705594603509 0.477621618792563 -8.11344252004155 0.00521170912604474 0.00650897005526065 -0.000591844455531485 -0.999965059948069
1585226141.5794 -6.07101155074299 0.476759840350734 -8.08795466780701 0.00560935717373828 0.0072208076096812 3.42531193008016e-05 -0.999958196064358
1585226141.6784 -6.07143651933423 0.475876361295123 -8.06229815769705 0.00513654213069903 0.00760670685706493 0.000259802894059588 -0.999957842335459
1585226141.7774 -6.07181733991522 0.474961921609372 -8.03626717529406 0.00521841123740374 0.00758934662287902 -0.000138788043081029 -0.999957574469974
1585226141.8764 -6.07208743753871 0.474066929604742 -8.00980110981123 0.00501290169372637 0.00798229841784961 -0.000973623943102904 -0.999955101884577
1585226141.9424 -6.07226832506307 0.473456018097939 -7.99186678846482 0.00476301291405573 0.00807495880320618 -0.00155693361508213 -0.99995484133336
1585226142.0414 -6.07214012037025 0.471670133859556 -7.96067150678898 0.00358020528108099 0.00804106910472224 0.00253221642762538 -0.999958054729178
1585226142.1404 -6.07364353522722 0.471484811917549 -7.93807376129799 0.00168758022351706 0.00800030456630331 0.00346072725080982 -0.999960584506575
1585226142.2394 -6.07387450877852 0.470365932342526 -7.91112336984695 -0.000551811188827023 0.00808077392049153 0.00262944086428659 -0.99996374066163
1585226142.3714 -6.07387604254699 0.468829546125279 -7.8749731220791 -0.0023563089097054 0.00780764658358186 -0.00040285903392233 -0.99996666252818
1585226142.5034 -6.07451565131554 0.466976312916758 -7.83847868963664 -0.00216814137038845 0.00687282569652851 0.000839925444078956 -0.999973678631189
1585226142.6024 -6.07510671437965 0.465490299840472 -7.81075224289879 -0.00181196497607772 0.00621067610714098 0.00233879977811804 -0.999976336870436
1585226142.7014 -6.07436940727963 0.463317318876604 -7.78016718087561 -0.00154126198974269 0.00625909640926096 -0.000821855003475192 -0.999978886166089
1585226142.8004 -6.07494827943578 0.462717928425025 -7.75494511579452 -0.00244350343564892 0.00652057349759738 -0.00293664771483278 -0.99997144334847
1585226142.8994 -6.07515716965475 0.461226319262898 -7.72683618899471 -0.00185909750641344 0.00657169521242416 -0.00354836405887618 -0.9999703824069
1585226142.9654 -6.07544896130773 0.46024026939847 -7.70797603226764 -0.00195004845280144 0.00648131419640298 -0.00295743530921674 -0.999972721354793
1585226143.0644 -6.07570136903581 0.458831455052777 -7.67964139208226 -0.00135352042590103 0.00676990243789244 -0.00393943010530491 -0.999968408147919
1585226143.1964 -6.07609084929041 0.457102901337934 -7.64145485189936 0.00163415482741902 0.00679007484032394 -0.00426876751468757 -0.999966500461675
1585226143.2954 -6.07654772210798 0.455903445885341 -7.61247800982096 0.00511697718674381 0.0064892612177849 -0.00346984273588304 -0.999959832305631
1585226143.3944 -6.07707167519899 0.454799980743018 -7.58343462702067 0.00798328290690242 0.00651282564491701 -0.00208540862845033 -0.999944749157172
1585226143.4934 -6.07752746153563 0.453781859091546 -7.55428703785508 0.0100470826885056 0.00663596606356331 -0.00162861574400907 -0.999926181122693
1585226143.5594 -6.07776737990296 0.453221137847642 -7.53481996823415 0.0105859006933298 0.00676224648848246 -0.00140362014020342 -0.999920117099082
1585226143.6254 -6.07804210578725 0.452733320860564 -7.51536729095158 0.0101811095189421 0.0070233675870578 -0.000976758610690135 -0.999923028667365
1585226143.6914 -6.0784194955985 0.452244297596574 -7.49590457409863 0.00949625154704908 0.00730859802871889 0.000262354801787438 -0.999928165805608
1585226143.7574 -6.07883082893255 0.45169016304714 -7.47637330474305 0.00912297226744541 0.00745726626456924 0.00115297997071205 -0.999929913140943
1585226143.8234 -6.07913858251313 0.45104373951165 -7.45670802887732 0.00902632740852838 0.00762439753643359 0.00100968325387278 -0.999929684785609
1585226143.8894 -6.07946084164082 0.450376316577761 -7.43701179679504 0.00842956234756981 0.00798942940512217 0.00148563853246243 -0.999931449837718
1585226143.9224 -6.07962141500281 0.450012763378045 -7.42715406991767 0.00798293601345168 0.00812523062495368 0.00182552144209882 -0.999933458201775
1585226143.9884 -6.07994853264867 0.449323102660316 -7.40749996019249 0.00639273631635168 0.00830897094662024 0.00198794663985094 -0.999943069375629
1585226144.0544 -6.08023179998904 0.448561374407314 -7.38791317164704 0.00455590081253504 0.00829966769724822 0.00156807182371627 -0.999953949156989
1585226144.1204 -6.08034082949706 0.447750815138637 -7.36840278560954 0.00230889633428599 0.00847668014330905 -0.000411986297425075 -0.999961321831378
1585226144.18641 -6.08043690845962 0.446934005331043 -7.34882894538118 1.17146853060857e-05 0.00887581549125697 -0.00200169785198389 -0.999958605627173
1585226144.25241 -6.08069287032834 0.446173287645941 -7.32905311666643 -0.000785521921154386 0.00924884039169561 -0.00188860480978403 -0.999955136532931
1585226144.31841 -6.08107425212007 0.445417524614232 -7.30917601943135 0.000261996409204213 0.00939188766113086 -0.00161206578137881 -0.999954561491651
1585226144.38441 -6.08137925051898 0.444620613304827 -7.28919634200288 0.00277300365283695 0.00945310016809681 -0.00238036009384298 -0.999948640297979
1585226144.45041 -6.08108844133621 0.443050706536186 -7.26862760017017 0.00574471657800751 0.00959562495471197 -0.00443629059356994 -0.999927618149902
1585226144.51641 -6.08168023709754 0.442687119899362 -7.24903145306934 0.0093074227823417 0.00988281808118954 -0.00575756235989212 -0.999891270220716
1585226144.58241 -6.08190680595391 0.441825697254882 -7.22923234707915 0.00999653793414834 0.0100114621824126 -0.00634446167190602 -0.999879786604567
1585226144.64841 -6.08225819393446 0.441045831790905 -7.20952154359469 0.0078492952856356 0.00996071627737136 -0.0062880555564718 -0.999899811507173
1585226144.74741 -6.08279126835329 0.44018086646012 -7.17996033686322 0.00462874051202422 0.00985957176851746 -0.00670182252218208 -0.999918221246465
1585226144.84641 -6.08316272268757 0.43909758839452 -7.14935796505929 0.0012989915194061 0.00979394316147928 -0.00500736566176409 -0.999938656912269
1585226144.94541 -6.08411681807156 0.437862612442429 -7.12073803572198 -0.00049498162042938 0.00952080172177293 -0.00350142768495557 -0.999948423335892
1585226145.01141 -6.08447245826106 0.436784912369273 -7.10076876407483 0.000852298430458809 0.00906473141837646 -0.0038308331576136 -0.999951213284437
1585226145.11041 -6.08487260712885 0.435353644955006 -7.07084538681601 -0.000153435945134783 0.00874665979346788 -0.0038579414880576 -0.99995429329912
1585226145.17641 -6.08516699976346 0.43448617620219 -7.05090454916464 -0.000873872423411248 0.0086671823480088 -0.00336460397891466 -0.999956396917985
1585226145.27541 -6.08579131791222 0.432978304218744 -7.02079672622966 0.00108376271185251 0.00798060346735168 -0.0019900899335804 -0.999965586892238
1585226145.34141 -6.08509878450726 0.43211415485877 -6.99923862066858 0.00195120548173006 0.00769503345967514 -0.00249821214954545 -0.999965368496969
1585226145.40741 -6.08646069868655 0.431275308600574 -6.98066183332802 0.00196614384340432 0.00754687305898527 -0.000704705915829816 -0.9999693407175
1585226145.47341 -6.08683787808803 0.430290123305964 -6.96063553316687 0.00266647219734367 0.00731772139319557 1.01796642897247e-05 -0.999969669928047
1585226145.53941 -6.0870748344066 0.429366035726202 -6.94053472001473 0.00262543535417215 0.00709182193265662 -0.000252031903946371 -0.999971374405686
1585226145.63841 -6.08742686869634 0.428058437406133 -6.91045676161365 0.00321705287040003 0.0067824981909314 -0.000392482429382604 -0.999971746724207
1585226145.73741 -6.08775124021876 0.426888088611115 -6.87999743678827 0.00299623105332303 0.00659290462623631 -0.000340862559936712 -0.999973719665062
1585226145.83641 -6.08811070684875 0.425644594720159 -6.85038588468333 0.00406154821027793 0.00625286922476282 -0.000272607537928179 -0.999972165181473
1585226145.90241 -6.08833625832781 0.424848872002944 -6.83033292081655 0.00485354754257183 0.00598138976464567 -0.000229412966123806 -0.999970306270354
1585226146.00141 -6.08866692982986 0.423670924578108 -6.80040671610236 0.00621747319678867 0.00565123865676172 -0.000147153422872611 -0.999964691813947
1585226146.10041 -6.08867851852524 0.422173881422162 -6.769597980728 0.00704715483340756 0.00537106528300294 -0.00031878828772924 -0.999960693047735
1585226146.19941 -6.08939381082125 0.42134181614485 -6.74131801224716 0.00601718702937831 0.00513382216147812 0.000791051204952623 -0.999968405285016
1585226146.29841 -6.08971731957524 0.420211854255471 -6.71197812999572 0.00475609161292967 0.00497283887508208 0.00113054459165306 -0.999975685871921
1585226146.39741 -6.08978716462262 0.419239571268125 -6.68258025503998 0.00506392039012649 0.00482448580117357 -0.000511293154599248 -0.999975409510827
1585226146.46341 -6.08795214406021 0.419099462170517 -6.65733539749387 0.00738433255534243 0.00467047327160292 -0.00156043280850158 -0.999960610905041
1585226146.56241 -6.09022269480734 0.417322586963726 -6.63394356279072 0.00833480413846121 0.00429838681311635 0.000507086219097291 -0.999955897914675
1585226146.66141 -6.0906174650494 0.415983081506623 -6.6052090991474 0.00859176213146084 0.00381100209294764 0.00128887629912888 -0.999954997329585
1585226146.76041 -6.09085748380646 0.414930954802461 -6.57709487239638 0.00608434607880165 0.00383026021513339 0.00118710499965563 -0.999973449958146
1585226146.85941 -6.09101248609098 0.414040087448153 -6.54943066671057 0.00363159268912977 0.00404055195815525 0.0014246791146032 -0.999984227757535
1585226146.92541 -6.09115433494066 0.413304555275692 -6.53108930937397 0.00389203699268098 0.00381285557723921 0.00146793940855273 -0.999984079540413
1585226146.99141 -6.091301788128 0.412457013037788 -6.51282938354109 0.00471413026632378 0.00356269075045685 0.00130235087682889 -0.999981693878764
1585226147.05741 -6.09147369623747 0.411628718140885 -6.49462040173536 0.00623417347930777 0.00347851675359787 0.00184543436452645 -0.999972814317585
1585226147.12341 -6.09160873388608 0.410841033894656 -6.47659012469152 0.00789350634148028 0.00347767718194317 0.00224139430926295 -0.99996028644672
1585226147.18941 -6.09175144690859 0.410073785492077 -6.4588285861325 0.0083906070838885 0.00342010752764128 0.00266191192544354 -0.999955406406788
1585226147.25541 -6.09190197742992 0.409447892964463 -6.44122754843711 0.00837689827121846 0.00338923387290728 0.00302063227551575 -0.999954607194629
1585226147.32141 -6.09207840504125 0.408837952239682 -6.42407023389976 0.00813023568745225 0.0034635853885503 0.00349720469328589 -0.999954835181698
1585226147.42041 -6.09228714633679 0.40769702860047 -6.39826725898486 0.0072770658918942 0.00390159221341153 0.00381245108604471 -0.999958642698248
1585226147.51941 -6.09177013132339 0.406769446878216 -6.36976993422415 0.007400045670995 0.00432685046616444 0.00199105248977309 -0.999961275949771
1585226147.65141 -6.09234829846884 0.405156433049359 -6.33898712164714 0.00673075956628638 0.00471956970454422 0.000210769804883508 -0.999966188485168
1585226147.78341 -6.09265232272843 0.403870019504427 -6.30600626321124 0.00770889597647822 0.00564487551534127 -0.00045830779550683 -0.999954248081983
1585226147.91541 -6.09008890095552 0.402087202187806 -6.26489646871192 0.0100806758501476 0.00688161237668003 -0.000343428324819798 -0.999925449942388
1585226148.04741 -6.09359734965975 0.401343391884568 -6.24269985328607 0.0106181107305136 0.00842362125557942 -0.000884534275446887 -0.999907753709597
1585226148.17941 -6.09396784227699 0.400230267078196 -6.21279436894744 0.0104609575206434 0.00978497659334408 -0.00246567736473563 -0.999894365938699
1585226148.31141 -6.09457934335016 0.399237319455973 -6.18420205377619 0.0100418949878771 0.0107697884803914 -0.00250039586152232 -0.999888453789559
1585226148.41042 -6.09521907230868 0.398508128699012 -6.16359245359449 0.0102216632425219 0.0114738936501749 -0.00152202041472605 -0.99988076830136
1585226148.50942 -6.09589298757276 0.397790074259365 -6.14379275253894 0.0108407218073639 0.0122321448036263 -0.000828796201854984 -0.999866074272477
1585226148.60842 -6.0964560639472 0.397122014024296 -6.12460710001805 0.0115393030862604 0.0130064068819271 -0.000676922938295011 -0.999848598358592
1585226148.70742 -6.09694701770667 0.396503281256665 -6.10606290696339 0.0119066690947824 0.0137778740488967 -0.000645203991476748 -0.999833978783263
1585226148.83942 -6.09757704052833 0.39569589432256 -6.08245946909055 0.0119081865080766 0.0149646579291275 -0.00115792133306366 -0.999816439815499
1585226148.97142 -6.0983497051309 0.394836002942028 -6.06023151225586 0.0113984594440364 0.0164218352724083 -0.00082977123841927 -0.999799834931113
1585226149.13642 -6.09886867173557 0.394643206308514 -6.02955441885834 0.0094348626187053 0.0195284871544356 0.00061993455334116 -0.999764590910268
1585226149.33442 -6.10156243314931 0.392949905074123 -6.00301326669231 0.0072264415452552 0.0240739016492714 0.00317719631852866 -0.999679014096789
1585226149.56542 -6.10395731894945 0.391755918005872 -5.96847496951021 0.00556782602760914 0.0313296272194859 0.0033891615898159 -0.999487852530151
1585226149.73042 -6.10600323671758 0.390922762486722 -5.94404164056882 0.00446018241302482 0.0379025437265618 0.00322754992645892 -0.999266274259955
1585226149.92842 -6.1069352293544 0.388625926851209 -5.90880171015025 0.00549540120783531 0.046493352878872 0.00787742158790537 -0.998872421750031
1585226150.12642 -6.11389921521592 0.389122084449067 -5.88624049574108 0.00436701567561504 0.0562383005192167 0.0118065650649661 -0.998338012774314
1585226150.35742 -6.1194479965746 0.387833265418897 -5.85164460253669 0.00264569153380173 0.067152640922775 0.0153043372250269 -0.997621822333246
1585226150.55542 -6.12554900147154 0.386968423648191 -5.82044491171755 0.00155353098382671 0.0750814727721759 0.0229318292587766 -0.996912478703467
1585226150.75342 -6.13189650604113 0.386250460622064 -5.78732557158027 0.00179349174652566 0.0799798035852722 0.0277130498145265 -0.996409554990213
1585226150.91842 -6.13689597896191 0.385249209417583 -5.75833426595087 0.00256593962634644 0.0831185107467482 0.0282068571169371 -0.996137090132007
1585226151.05042 -6.14174712259611 0.384301238152864 -5.73444391222781 0.0035970612084395 0.0847425568076945 0.0329393045368971 -0.995851777340877
1585226151.14942 -6.14591974255512 0.383869454293513 -5.71626745280237 0.00246509257153288 0.0848648915104857 0.0399844238071155 -0.995586821608412
1585226151.28142 -6.15126240958602 0.383626333970524 -5.69160419243456 0.00213898404006424 0.0837734555872556 0.047009108576797 -0.995373084123266
1585226151.41342 -6.15496314345013 0.382927475741361 -5.66628162119442 0.00526980138443206 0.0826849022418934 0.0435405875227604 -0.995610191476961
1585226151.54542 -6.15797335078396 0.381798582170776 -5.64076798957018 0.00661879195295989 0.0803788711423802 0.0365432031304628 -0.996072298064717
1585226151.67742 -6.16214770468967 0.380770036961669 -5.61511307694534 0.00753388089806189 0.0771943050441829 0.0380103345803095 -0.996262763718715
1585226151.80942 -6.1673359363518 0.380397320570483 -5.58921315221204 0.00760918017862516 0.0735964141038898 0.0470814769370723 -0.996147078868117
1585226151.90842 -6.17066011253832 0.38027162256557 -5.56948990482071 0.00699308145268818 0.0711287281295424 0.0500944432536346 -0.99618389246242
1585226152.00742 -6.17288227642582 0.379645714441439 -5.54930462742372 0.00894500487987626 0.0690351225336211 0.0468176050352801 -0.996474912179543
1585226152.10642 -6.17452025583757 0.378739827547904 -5.52890006735123 0.0102561684267676 0.0661303079541924 0.0407257300357747 -0.996926781811051
1585226152.20542 -6.17531407111658 0.377289444191148 -5.50447378799082 0.0097370840244203 0.0620319460912287 0.0383006729807493 -0.997291474599105
1585226152.33742 -6.17995908385592 0.377376984557012 -5.4813171417658 0.00653683339245442 0.0563610033328342 0.0417391897111997 -0.99751618891864
1585226152.46942 -6.18320120911612 0.376938426536172 -5.45372428964793 0.00363658184695653 0.0512077931658812 0.0452525992148037 -0.997655621673058
1585226152.56843 -6.18495118594762 0.376358611842885 -5.43251541222628 0.00369706743206549 0.0472588581106014 0.0447080400538356 -0.997874803358132
1585226152.66743 -6.18635402166322 0.375694038081928 -5.41060589978905 0.00785635860456907 0.0428704652818101 0.0427242234577769 -0.998135783130696
1585226152.73343 -6.18723591963347 0.37527240017767 -5.39578916956881 0.0108177402170823 0.0399812940285141 0.0421528415173216 -0.998252278022153
1585226152.79943 -6.18568108940259 0.372989723949537 -5.37156065030184 0.0134642350870153 0.0369814988563482 0.0420967624232461 -0.998338091885379
1585226152.89843 -6.18954055569171 0.374354784077577 -5.35888363006489 0.0135986894502734 0.0336452915342976 0.0415280145831103 -0.998478088897093
1585226152.99743 -6.19070752349868 0.373514582482942 -5.33672954183868 0.0129348587309118 0.0307320478595289 0.0407500196515877 -0.998612871218054
1585226153.09643 -6.19172129309043 0.37274856605531 -5.31461745980248 0.00993495735699901 0.0276974392275933 0.039551346750782 -0.998784180617989
1585226153.19543 -6.19259700552789 0.372280292511489 -5.29243366745937 0.00500054421283164 0.0243467139430981 0.0382569490903627 -0.99895877688924
1585226153.29443 -6.19348019607676 0.371845113732816 -5.26986626659217 0.00134459000954906 0.0210420226980765 0.0387914049013082 -0.999024850674027
1585226153.39343 -6.19415939778853 0.371183587627421 -5.24661362978162 0.00244784751110538 0.0178395941245732 0.0382647506548846 -0.999105382720638
1585226153.49243 -6.19459028778778 0.370245898227413 -5.22297318746601 0.0067959603712826 0.0147013308462101 0.0371806003214841 -0.99917730596412
1585226153.59143 -6.19475651120065 0.369224635666624 -5.19910541504271 0.0107043279278155 0.0117566591996116 0.0349378957634148 -0.999262999298835
1585226153.69043 -6.19489742581373 0.368278882160294 -5.17525706550426 0.012583660054413 0.00970441169967771 0.0332944343568203 -0.999319246554402
1585226153.78943 -6.19529610527638 0.367630044423083 -5.15142653524186 0.0123625996219646 0.00823162100845648 0.0339932263223181 -0.999311696674446
1585226153.88843 -6.19581070301705 0.367170962681587 -5.12763826684005 0.0103702697212865 0.00721466165349997 0.0351571261551672 -0.999301947683303
1585226153.98743 -6.1961847087922 0.366685690596378 -5.10370255420272 0.0086757324987235 0.00646720574392896 0.0355978253493843 -0.999307611171791
1585226154.08643 -6.19638075161919 0.365959319325704 -5.0795665761168 0.00862838412236838 0.0058594223565625 0.0348566143627856 -0.999337898106666
1585226154.18543 -6.1965381748089 0.365081946915133 -5.0552270547661 0.00902465383145007 0.00546724444981988 0.0339263093740471 -0.999368635886481
1585226154.28443 -6.19682512144557 0.364199733817851 -5.03083612128275 0.00906318314820459 0.00515087936352523 0.0340515050813852 -0.999365709915393
1585226154.41643 -6.19722482990338 0.363218695325048 -4.99843542292972 0.008624995519947 0.00475166772835269 0.034356572350812 -0.999361124440201
1585226154.54843 -6.19525071382042 0.361187395501905 -4.95424262274099 0.00915145421922547 0.00451279120462132 0.0347839184348929 -0.999342766331718
1585226154.71343 -6.19827509241423 0.361219642284132 -4.92537969846548 0.0117877838486277 0.00431063741552478 0.0367044382779345 -0.999247342136926
1585226154.84543 -6.19896743009497 0.360421105551403 -4.89272764473178 0.0161381144712619 0.00417973211841587 0.0395702559930064 -0.99907771766834
1585226154.97743 -6.19954291235224 0.359733295455802 -4.86038214260483 0.0189792768478116 0.00404404474176044 0.0408433743581572 -0.998977102602207
1585226155.07643 -6.19964162295602 0.359072034762404 -4.83670713102549 0.0190766377877991 0.00412837268416382 0.0393293262592306 -0.999035656283443
1585226155.20843 -6.19958229281668 0.358234520984327 -4.8060674714429 0.0157494991807002 0.00453984532937054 0.0363003710219263 -0.999206498249292
1585226155.30743 -6.19992360761376 0.357770061753564 -4.78367275765249 0.012502420330289 0.0048321742451802 0.0370221790641632 -0.999224548254941
1585226155.43943 -6.20063242811801 0.357058395080145 -4.75450511328859 0.00967730180227594 0.00522229878279042 0.0386074792634338 -0.999193945122855
1585226155.53843 -6.20098659961046 0.356251065705912 -4.73300767487655 0.0100635430981806 0.00589960610993386 0.0384820345580401 -0.999191199302882
1585226155.67043 -6.20006114517787 0.354640708768281 -4.69792925974941 0.012950545531498 0.00696003741500141 0.0346604429951129 -0.999290996127255
1585226155.76943 -6.20101545691705 0.354302899934392 -4.68479219288013 0.0128868870176945 0.00726451227485582 0.0330611547788328 -0.999343842253051
1585226155.90143 -6.20154294814246 0.353473135379763 -4.65884575183383 0.0120135998458598 0.00712425230535637 0.0335758278502838 -0.999338572372748
1585226156.06643 -6.20239023928727 0.352469648715484 -4.62778474886153 0.0130104851803666 0.00700354305645092 0.0359826823395453 -0.999243175724348
1585226156.23143 -6.20284179442779 0.351674991919204 -4.59798514256734 0.0121958316739845 0.00670033756536219 0.0359918034349425 -0.999255201263316
1585226156.42943 -6.20063470434883 0.350055725733986 -4.54438951525123 0.0124186629821444 0.00657780255358893 0.0362885733531624 -0.999242537508934
1585226156.62743 -6.20395011850943 0.349740492716197 -4.52791381344502 0.0137164652633928 0.00589759434334065 0.0370167978453336 -0.999203099294091
1585226156.79244 -6.20469066758286 0.349193717924791 -4.49882606265766 0.0148243977492003 0.00527934346434622 0.0402328480642421 -0.999066406051469
1585226156.99044 -6.20533554161064 0.34848248447135 -4.46441263120111 0.0139128700491337 0.0047743433066 0.0408474773977652 -0.999057116126614
1585226157.15544 -6.20540518522727 0.347659509354121 -4.43597112728868 0.0121819796608512 0.00455008594206833 0.0394538683771616 -0.999136771598133
1585226157.35344 -6.20590436010037 0.346767941962154 -4.40237464061937 0.0108063825652958 0.00406216592802383 0.0401337119194136 -0.999127622514459
1585226157.55144 -6.20643607654563 0.345990972055024 -4.36932201615768 0.00718272597321951 0.0036531467207892 0.0404441182130156 -0.999149306294411
1585226157.71644 -6.20631079249421 0.344777584266 -4.34191598695777 0.00870239520618898 0.00525844426226352 0.0368161017464911 -0.9992703296575
1585226157.84844 -6.20661679612709 0.344031344065538 -4.32076931579309 0.00825660530166294 0.0066996500817658 0.0355745651721722 -0.999310459001849
1585226158.01344 -6.20760889842504 0.343270753857324 -4.29554484511948 0.00765638614029035 0.00810780617557333 0.0378263973175977 -0.999222100884614
1585226158.14544 -6.20814496314272 0.342536753643108 -4.2762357621119 0.00918781934798735 0.00946982633579813 0.0378384365943717 -0.99919675694074
1585226158.27744 -6.20850848622552 0.341890183407224 -4.25786195603338 0.0107665280113308 0.0109252232545065 0.0364283548159126 -0.99921854283076
1585226158.40944 -6.20902544482627 0.341393340763721 -4.24046898358189 0.0111806271427012 0.0128073266108385 0.0354345680534777 -0.999227380203646
1585226158.54144 -6.20972821650475 0.340881297207084 -4.22379516575072 0.0115031714441359 0.0152615207626759 0.0354313660602172 -0.999189362098018
1585226158.67344 -6.21073863791786 0.340453843072234 -4.20747809767972 0.0112013144636808 0.0178638108368217 0.0371063801948278 -0.999088850586127
1585226158.77244 -6.21154579933683 0.340180791146711 -4.19500586109648 0.0113495972721479 0.0194770683380991 0.0384160338991521 -0.999007526893653
1585226158.97044 -6.21299301604888 0.339511612672239 -4.17046377024754 0.0124205564501073 0.0210073625944285 0.0399128748443605 -0.998905092046264
1585226159.16844 -6.21431722326144 0.339071450804576 -4.14606966383831 0.0124282070053821 0.0197139483926783 0.0418700559303063 -0.998851239337368
1585226159.36644 -6.21159656832585 0.338442831869541 -4.10097482520572 0.0114152359946705 0.0171395529303004 0.0401351006236608 -0.998982032776598
1585226159.59744 -6.21566316125777 0.337729634913319 -4.09107921558511 0.00844388598311041 0.0157278047981311 0.0388510424579122 -0.999085548612165
1585226159.79544 -6.21688869668368 0.336997458611185 -4.06272842461139 0.0071098171992795 0.0147372739705343 0.0414543984252376 -0.999006404437185
1585226159.92744 -6.21758684616695 0.336367269294836 -4.04269812849869 0.00670264397889042 0.0140403358861398 0.0425350724700562 -0.99897382905753
1585226160.02644 -6.21812502483932 0.335966934391904 -4.02690931029697 0.00601316308209887 0.0133931341875561 0.0435552637900934 -0.998943143938912
1585226160.12544 -6.21866339705379 0.335659059697424 -4.01058337879002 0.00584081787007701 0.0130388192538427 0.0448109782672765 -0.998893312754572
1585226160.22444 -6.21685200463178 0.334987741847463 -3.98039912574843 0.00583463690852981 0.0124288341386999 0.0451889990677041 -0.998884095106813
1585226160.38944 -6.21951469627721 0.334589939573744 -3.96695212233951 0.00718088246457282 0.0104749893188132 0.0444103249071614 -0.998932646662147
1585226160.55444 -6.2196092631088 0.333546381654164 -3.93973105433384 0.0102750735956852 0.00459834716368431 0.0444669382104753 -0.9989474307851
1585226160.71944 -6.21933626804528 0.332448358249641 -3.91296840327527 0.0123735608853253 -0.00761011425637645 0.0474953135505952 -0.99876582657936
1585226160.88444 -6.21739179593878 0.331467108549583 -3.88747059075412 0.00995073753128334 -0.0240521167918656 0.0460944012641505 -0.998597909407242
1585226161.01645 -6.21442104735559 0.330536101654447 -3.86786986453366 0.00716030075343066 -0.0399189864386569 0.0414633866873556 -0.998316579136721
1585226161.14845 -6.21058994819881 0.329498669948993 -3.84880334821526 0.00542356534062555 -0.0583294832857108 0.0368005883717713 -0.997604116377889
1585226161.28045 -6.20611433378622 0.328452800148515 -3.83017080127362 0.00404807431567533 -0.0774512853552274 0.0321833197188807 -0.99646833638758
1585226161.41245 -6.20100097540766 0.327493648841033 -3.81191703218633 0.00338666958968919 -0.0961781828255321 0.0280430419695481 -0.994963253298615
1585226161.54445 -6.19521905244951 0.326505208887836 -3.79394273974785 0.00373436676077671 -0.113684706530231 0.02283279010493 -0.99324745441509
1585226161.67645 -6.18912594488442 0.325450460440311 -3.77628430939113 0.00441043450964745 -0.128224639796574 0.017999008152644 -0.991571997144935
1585226161.84145 -6.18149992977581 0.324181786985315 -3.7545174696656 0.00508275310638173 -0.140274889997994 0.0126234402156941 -0.990019075378869
1585226162.00645 -6.17413757035321 0.323077612418486 -3.73313228831231 0.00665851190398647 -0.144709957536455 0.00733943382345006 -0.989424491874025
1585226162.13845 -6.16286582699021 0.321478621485269 -3.69345727176018 0.0076894158416656 -0.143098781164241 0.00445924091596189 -0.989668493427863
1585226162.30345 -6.16327718982519 0.321652754447645 -3.69644974350931 0.00926290717493122 -0.138392470751236 0.00266726446728684 -0.990330555062449
1585226162.46845 -6.15854017581964 0.320920721951669 -3.67750505989867 0.0104450522407302 -0.131526437175481 0.00223853661236301 -0.991255106499557
1585226162.63345 -6.15432563311749 0.320229768703346 -3.65964607374449 0.0119607941995339 -0.125675318717836 0.00162943125572072 -0.991997983173892
1585226162.79845 -6.15044849808754 0.319648490360101 -3.6429773139288 0.0124848631391911 -0.119745769658094 0.000151715301416139 -0.99272607290423
1585226162.96345 -6.14710554908613 0.319198975515999 -3.62711260742518 0.01138315977651 -0.113402849832064 -8.62015541745267e-05 -0.993483875003898
1585226163.12845 -6.1443664365194 0.31868129208702 -3.61136908798443 0.0111895821554909 -0.106894972771445 0.0018034406033722 -0.994205715960921
1585226163.32645 -6.14079113572313 0.318027457970819 -3.59295934357953 0.0127200867711332 -0.0986074417540545 -0.000729713504493974 -0.995044842879685
1585226163.52445 -6.13774178208112 0.317492252251757 -3.5752397191801 0.0138934778808806 -0.0875273227455281 -0.00464835715729715 -0.996054381959696
1585226163.72245 -6.13636466238634 0.31701821633565 -3.55824397801458 0.0114687866160381 -0.0750837470389985 -0.00154293651159886 -0.997110082794804
1585226163.95345 -6.13477761877344 0.316501563693204 -3.53848252162667 0.0108193795730073 -0.061749754691523 -0.000556394963474129 -0.998032864812495
1585226164.15145 -6.13306478089185 0.31595579224624 -3.52152543892436 0.0106668412720252 -0.0504202021652931 -0.00466294576370082 -0.998660241847894
1585226164.34945 -6.13316869502438 0.315463945157543 -3.50408436045185 0.00814269511637156 -0.0415494521231825 0.00215121428079283 -0.999100951766949
1585226164.54745 -6.13242154388569 0.31501586891085 -3.48528411287848 0.00544020698520597 -0.0334453739083546 0.00260814803026209 -0.999422337490983
1585226164.74545 -6.1303175801896 0.314408750081704 -3.46440407622229 0.00678977897330552 -0.0263785154061608 -0.0063403633800313 -0.999608859814012
1585226164.91045 -6.12980454687088 0.31376398385621 -3.44565753309843 0.00756215754590605 -0.0200625462058905 -0.00693285383540271 -0.999746089540081
1585226165.07545 -6.12776645080792 0.31321324630113 -3.41226118063385 0.00632803756143058 -0.0131860392653678 -0.00374528886542533 -0.999886022064729
1585226165.24046 -6.12989272015294 0.312612218428952 -3.40490225846126 0.00694917262510292 -0.00587713423906251 -0.00553452228095127 -0.999943267068729
1585226165.43846 -6.12999425306655 0.311689343254012 -3.37819917131849 0.00871418164624932 -0.0007602156650614 -0.00655419616443277 -0.999940262027196
1585226165.57046 -6.12998591659231 0.31132395186464 -3.3595049316848 0.00664888869070768 0.0020556283302139 -0.00659616881141863 -0.999954027557446
1585226165.70246 -6.13010926037547 0.310767167547005 -3.33997126013962 0.00461207358336713 0.00329452168840782 -0.00678648679011491 -0.999960908486504
1585226165.83446 -6.13027358872088 0.310110245054003 -3.31945312717446 0.00477720827638972 0.00392192494901401 -0.00628199465750718 -0.999961165910408
1585226165.96646 -6.13025050749736 0.309487276432703 -3.29789727766468 0.00534007481203885 0.00389652759294505 -0.00682240110701862 -0.999954876740373
1585226166.09846 -6.12480972985174 0.30805238312111 -3.26363323502309 0.0039461779012569 0.00345672363007542 -0.00744893595254022 -0.999958495186121
1585226166.26346 -6.12985476532109 0.307967376941066 -3.24641423433058 0.00260141955833443 0.00215568049013076 -0.00860921945089956 -0.99995723258465
1585226166.39546 -6.1297494317305 0.307132861967093 -3.22187165447004 0.00363627115229736 0.000881616259398355 -0.00849444067558388 -0.999956921453363
1585226166.52746 -6.12949382421703 0.306505220108758 -3.19635293137036 0.0063727137229484 -0.000242083428829925 -0.00897473082450042 -0.999939390224251
1585226166.65946 -6.12940905087626 0.305850299853007 -3.17020185934462 0.00697355762662943 -0.00132535076498459 -0.00719603157285117 -0.999948913729587
1585226166.75846 -6.12913277630298 0.305231288855304 -3.15005292132158 0.00769498370358967 -0.00228875917812478 -0.00839091963916834 -0.999932568363905
1585226166.85746 -6.12877077447741 0.304514785511886 -3.12959835053575 0.00913082301101453 -0.00302099691773053 -0.00848144177573303 -0.999917780017022
1585226166.95646 -6.12812648387303 0.303744237534068 -3.10889066838494 0.00921879830101957 -0.0034720947998832 -0.0110628820353936 -0.99989027945903
1585226167.05546 -6.12752720691379 0.303262502774536 -3.08804254827184 0.007511184780158 -0.00335362192662867 -0.0129883180953284 -0.999881812473968
1585226167.15446 -6.12731579637061 0.302763740942258 -3.06718092386398 0.00730715396292875 -0.0032732770195179 -0.0123629441200944 -0.999891518501482
1585226167.25346 -6.12724913345406 0.302090789935398 -3.04619158507707 0.00829427519317921 -0.00314014870832514 -0.0119127860809743 -0.999889708914387
1585226167.35246 -6.12707099398157 0.301509567325028 -3.02514726294199 0.00941961643824013 -0.00230584200245886 -0.0116296716072077 -0.999885345755765
1585226167.45146 -6.12653041564425 0.300802258586229 -3.00416355953788 0.0110362743244139 -0.00123820556917976 -0.0147569053103165 -0.999829436074807
1585226167.55046 -6.12131985346856 0.298827973972062 -2.97825064200234 0.0110720041472683 0.000204380012795113 -0.0168871627992143 -0.999796075550192
1585226167.68246 -6.1263495372994 0.299084305800184 -2.95658126740768 0.0094336434559632 0.00285931494444439 -0.0163819523841986 -0.999817214457361
1585226167.78146 -6.12698084233583 0.298423731294567 -2.93646178287962 0.00848329760148036 0.00464943363422506 -0.013076183266163 -0.99986770617911
1585226167.88046 -6.1273639044286 0.297926445901636 -2.9164777196511 0.00838506402433015 0.0059042443568087 -0.0125003983639639 -0.999869276776032
1585226167.97946 -6.12736134909239 0.297438730094612 -2.89685050522088 0.00966993399194271 0.00742187620260774 -0.0141691519961447 -0.999825306372036
1585226168.11146 -6.12732063454836 0.296527577546969 -2.87129753830813 0.0125957195166206 0.0095980130722166 -0.0167958383028697 -0.999733527401491
1585226168.21046 -6.12771070647289 0.295760824886862 -2.85261073480518 0.0135476919093316 0.0108913100927883 -0.0163903623087906 -0.99971455697703
1585226168.30946 -6.12845287521701 0.294984172498691 -2.83440481978655 0.0131374152576645 0.0120842344556469 -0.0141259812601887 -0.999740884555296
1585226168.44146 -6.12922831042777 0.294230782781857 -2.81085576095908 0.0111898616200429 0.014130983156386 -0.0131789086142422 -0.999750678259183
1585226168.57346 -6.12963284738812 0.293726222666744 -2.78750606694134 0.00960278644865153 0.015939746427872 -0.0145334749385182 -0.999721205678087
1585226168.70546 -6.13015893038999 0.293020433328186 -2.76439729714876 0.00994546889211645 0.0166789142396418 -0.0150615415407936 -0.999697980109352
1585226168.83746 -6.12694903398599 0.291238188159823 -2.74302862306584 0.0117526539091643 0.017421335811538 -0.0133340970490487 -0.999690239044335
1585226169.03546 -6.13207419096604 0.291076385419967 -2.7093824630839 0.0146519540281275 0.018350197387066 -0.0132807375471703 -0.999636040021175
1585226169.23346 -6.13272207261544 0.290436917202885 -2.67833030772481 0.0160544377629985 0.0188155968793712 -0.014782103552313 -0.999584772671511
1585226169.43147 -6.13427179133214 0.289241576087698 -2.64920362095536 0.0166715272205592 0.0188906829542914 -0.0105785701389768 -0.999626578343868
1585226169.66247 -6.13586262045138 0.2880364830048 -2.61834897764179 0.0133180132006977 0.0209873862057191 -0.00766395666517967 -0.999661654717671
1585226169.92647 -6.13729317754246 0.287156938855271 -2.58701311076364 0.0071547347360969 0.0237574416478621 -0.00679734220141066 -0.999669040170897
1585226170.28947 -6.13968837903939 0.285327418554431 -2.55046306255725 0.00166951112602187 0.0294952562647118 -0.00587644003000759 -0.999546252077938
1585226170.71847 -6.14346277231388 0.283960054946776 -2.51706279562289 0.00385909849884985 0.0435078448378481 -0.00240070282170729 -0.999042747545021
1585226171.14747 -6.14849393722963 0.282848128346935 -2.49226094178465 -0.00135624602178841 0.0677404644140935 0.00238174316814985 -0.997699211875589
1585226171.44447 -6.15318938884991 0.281905113243002 -2.47432842518848 -0.00227955400660895 0.0920023470267736 0.00412815891530866 -0.995747623687381
1585226171.67547 -6.15871275415315 0.281043227268504 -2.45870582063446 -0.00185466171197912 0.119401232604764 0.00628655142185497 -0.99282444830575
1585226171.87347 -6.16553540874064 0.280502791673407 -2.44375258609035 -0.00131128648347023 0.151716261196462 0.00904316839434253 -0.988381848134473
1585226172.03847 -6.17047682855437 0.279904091162363 -2.43199415281147 0.0010029173253786 0.184548386976421 0.0111976366127873 -0.982759126111545
1585226172.17047 -6.18056769795332 0.280018321220195 -2.41889444933218 0.003545438360812 0.213742660488007 0.0145443735349664 -0.976775289487205
1585226172.30247 -6.18949858493446 0.27995573458562 -2.40758394872794 0.00594296908528186 0.244524079732263 0.0200849964870666 -0.969416963161702
1585226172.43447 -6.19997001140826 0.279973209960253 -2.39608976222018 0.0085521655639777 0.27634852302132 0.0268834078313768 -0.960643345197099
1585226172.56647 -6.21119084569911 0.279904731109197 -2.38439813456246 0.0114467582530565 0.308958387142447 0.0285423604205383 -0.950578255800888
1585226172.69847 -6.22235734899308 0.279663872505863 -2.37336328410664 0.0129949460921887 0.342138132814212 0.0282938577936009 -0.939133689663842
1585226172.79747 -6.23357577084634 0.279819600487766 -2.36415363727336 0.0140544516643315 0.367198253553612 0.0273060531474892 -0.929635570767975
1585226172.89647 -6.24459801933369 0.280171336699009 -2.35591178959281 0.0140699298163469 0.39294337312875 0.0274120942762501 -0.919046309865043
1585226172.99547 -6.24749574275451 0.2792220392604 -2.34815318316999 0.0136655462045605 0.418884487612121 0.0285824023937372 -0.907486685939945
1585226173.09447 -6.2694167973007 0.28123856830777 -2.34031445059141 0.0149197071789326 0.444168348758307 0.0280674269322781 -0.895379305012359
1585226173.19347 -6.28318497742404 0.281638108784395 -2.33293600761629 0.0151763674248779 0.469583191027566 0.027423475640232 -0.8823317162836
1585226173.29247 -6.29762859825927 0.28192383310515 -2.32570789130206 0.0173929379242759 0.494976589758173 0.0246948121705715 -0.868381153384614
1585226173.39147 -6.31190270730263 0.282268378120766 -2.31937483019646 0.0187266282828208 0.519414199465398 0.0233429239826451 -0.853998425459214
1585226173.49047 -6.32947190721858 0.282815539157294 -2.31357324952287 0.0200329478802117 0.542290946943829 0.0248528672292341 -0.839584149953106
1585226173.58948 -6.34650278175498 0.283523566795696 -2.30871909178889 0.0206299728915077 0.563452640068021 0.0270600925880576 -0.82544731994719
1585226173.68848 -6.36430621825629 0.28430287516987 -2.30422038399192 0.0217680861715857 0.583585037697233 0.0280030793594933 -0.811277068421592
1585226173.78748 -6.3793209177002 0.284302118628971 -2.30003398827166 0.0247519766738932 0.602347625476728 0.0271697223905832 -0.797387286027625
1585226173.88648 -6.40199219729557 0.285526095607109 -2.29638199035644 0.0276850227064059 0.619331527639926 0.0284634098264376 -0.784124883350856
1585226173.98548 -6.4217958637881 0.286292048911369 -2.29378197780572 0.0281438468699442 0.634915950278906 0.029880713228271 -0.771489988879807
1585226174.08448 -6.44203102036564 0.287245791087664 -2.29197737415371 0.0257690803254747 0.649546205569703 0.0310870727689807 -0.759249152278642
1585226174.18348 -6.4613974526138 0.287939872318078 -2.290428999841 0.0242512877843134 0.662965863646218 0.0300457966338942 -0.747653254380172
1585226174.28248 -6.4839966463639 0.289050870181956 -2.28904174308766 0.0250155722143758 0.674771401826239 0.02797486536549 -0.737072034018401
1585226174.38148 -6.50567414826934 0.289743044619918 -2.28805106956333 0.0260615368576566 0.684722384186324 0.0268384634698255 -0.727843217849416
1585226174.48048 -6.52796614209104 0.290507880682104 -2.28777894676418 0.0259129362699498 0.692664244947128 0.0272101535445607 -0.720280758489199
1585226174.57948 -6.54165628692523 0.28923389743513 -2.288000751007 0.0235325616361269 0.698883273671206 0.0293857433164235 -0.714244262430718
1585226174.71148 -6.58190908035906 0.292450906379125 -2.28887935329009 0.0225430506680067 0.705337468371021 0.0313811361371252 -0.707817837351731
1585226174.81048 -6.60544675804172 0.293194552506838 -2.28919252427605 0.0238957016686934 0.709322752971907 0.0314133536023866 -0.703777968377505
1585226174.90948 -6.62919893850303 0.293954928512862 -2.28945807392108 0.026575744587489 0.712738955294068 0.0302183909669451 -0.700274060817128
1585226175.04148 -6.66007616747049 0.294682058882932 -2.29027852374595 0.029107957305935 0.716974366614412 0.0292220185390135 -0.695878263830567
1585226175.17348 -6.69503881540888 0.296352872183604 -2.29191141860921 0.0291806382201025 0.721210402011969 0.0295146030566277 -0.69147157178673
1585226175.27248 -6.72008234607706 0.297335372600605 -2.29363450259139 0.0276583169902783 0.724169805707751 0.0305840392364228 -0.688387773385356
1585226175.37148 -6.74533656905956 0.298309593632256 -2.29550726741913 0.0262593143366026 0.726529700986809 0.031379959865993 -0.685915694610787
1585226175.50348 -6.77966483952501 0.299660015343674 -2.29772772018884 0.0275687799410852 0.728797529935571 0.0309736400509279 -0.68347257176449
1585226175.60248 -6.80186598771629 0.299674430698706 -2.29915866389149 0.0287627377146169 0.730199639204088 0.0308651934550439 -0.68193000495532
1585226175.73448 -6.84136531613382 0.301998088176148 -2.30177909214402 0.0317905455169101 0.73161921235759 0.0307954410830024 -0.680275187062927
1585226175.86648 -6.87724736057826 0.303547433013194 -2.3047038691657 0.0317428978149435 0.733143280146421 0.0314228576239143 -0.678605867373105
1585226175.96548 -6.90433179277907 0.304728194024339 -2.30709493359131 0.0306029470053588 0.733861202375386 0.0323095801205645 -0.677840162807703
1585226176.06448 -6.93157574039244 0.305821701061096 -2.30917291145662 0.0312100010924867 0.73443951430323 0.0310896442280776 -0.67724291778033
1585226176.16348 -6.95089029341395 0.304721245184015 -2.31050005871917 0.0313299372620237 0.73506295191917 0.0313853270082396 -0.676547007232772
1585226176.26248 -6.98635384209518 0.308107315980053 -2.31372772855158 0.0312133021599283 0.735664789338892 0.0311640841384161 -0.675908164882664
1585226176.36148 -7.01370779319384 0.309140941392031 -2.31618834969316 0.0306282218021261 0.736073378457851 0.0314638516020697 -0.675476068856069
1585226176.46048 -7.04077703092379 0.310082949550889 -2.31864621831092 0.0300799694663809 0.736558206743739 0.0313045628478586 -0.674979427731138
1585226176.55948 -7.06785538206843 0.311068495400545 -2.32109803194175 0.0293749019601354 0.737032794840234 0.0309142782759631 -0.67451025334201
1585226176.69148 -7.10439385288195 0.312482372467705 -2.32448061633897 0.0283952885213127 0.73746583807742 0.030713069467333 -0.674087941312152
1585226176.82348 -7.14109608150713 0.313767035238165 -2.32792229618774 0.0284370061637855 0.737800820580278 0.0314721914160407 -0.673684486238908
1585226176.95548 -7.17781816844565 0.314988750108446 -2.33127493846542 0.0290601105114298 0.73783012755248 0.0319214882495393 -0.673604655150845
1585226177.08748 -7.21455684816555 0.316352944254309 -2.3346273049403 0.0289676225610892 0.737532705108719 0.0320204498773327 -0.673929578314995
1585226177.21948 -7.24758173463048 0.316839434818149 -2.3376371466521 0.0294624522351832 0.737183555775072 0.0329015020537362 -0.674247625257753
1585226177.35148 -7.28796166184857 0.319218750794769 -2.34121476606737 0.0298503059248017 0.736790587281791 0.0344324012197395 -0.674583574863331
1585226177.48348 -7.32464523015455 0.320657749359691 -2.34442238340995 0.0303566656869222 0.736500442974356 0.0348463752197206 -0.674856503622064
1585226177.58248 -7.35197236174901 0.321792695409708 -2.34664876317387 0.030507458775389 0.736312161487099 0.0339500488615287 -0.675100799871815
1585226177.71448 -7.38498491866897 0.321582717307139 -2.34899546522185 0.0307357673587993 0.735883882363105 0.0330185242164923 -0.675603434968795
1585226177.81349 -7.4158639489627 0.32459023089939 -2.35199458522494 0.0302567040002313 0.735603305481772 0.0329010253005595 -0.675936262795173
1585226177.91249 -7.44310533590712 0.325642221793993 -2.35424063229046 0.0305949765128322 0.735344636015113 0.0331981267373547 -0.676187916246003
1585226178.01149 -7.47038244603336 0.326683484925656 -2.35654068550799 0.0304381621477925 0.735168806012784 0.0332473289336253 -0.676383737289405
1585226178.11049 -7.49748465671463 0.327770900655564 -2.35870623313682 0.0305507696600097 0.734998688740773 0.0328184146587955 -0.676584458646375
1585226178.20949 -7.52449357890504 0.328899987599467 -2.36082981666506 0.0303812868880738 0.734826228149431 0.0319454047430076 -0.676821160238441
1585226178.30849 -7.5515610866105 0.329954178906887 -2.36302506685159 0.0300721883491019 0.734585132051048 0.0317810343846181 -0.677104359099012
1585226178.44049 -7.58770785772036 0.331324302125081 -2.36633431029338 0.0279253711688011 0.734408139982621 0.0338358359301979 -0.677288707848622
1585226178.53949 -7.61477980594417 0.332390894769933 -2.36891504124069 0.0265883092338915 0.734551999859912 0.036061689735886 -0.677071617960227
1585226178.63849 -7.6417844100201 0.333489349375345 -2.37133289167473 0.0264513128509337 0.735115054079214 0.036734498717043 -0.676429421239632
1585226178.73749 -7.66772711078332 0.33291911527066 -2.37260809015583 0.0279559875399526 0.73603854226058 0.0360097528481125 -0.675402861089146
1585226178.83649 -7.69542452955564 0.335446749941648 -2.37582844134972 0.0282426291953064 0.737463508253601 0.0345544247962336 -0.673910913709987
1585226178.96849 -7.73089223885315 0.336908282118657 -2.37966122034192 0.0265175676261979 0.739994511721176 0.0347657180956307 -0.671190201116661
1585226179.06749 -7.75740967458184 0.338005250781054 -2.38281400528976 0.0251810840966193 0.742373372227461 0.0354154562700698 -0.668575676096977
1585226179.19949 -7.79276407980771 0.339285617373548 -2.38686692249789 0.0264407681800283 0.745750506750804 0.0349047965475502 -0.664784719015821
1585226179.33149 -7.82860654227782 0.338729640888567 -2.39004169721642 0.0285776305541778 0.748955640903961 0.0333543505038349 -0.661162804680143
1585226179.46349 -7.86299114290709 0.342017239164526 -2.39603969254189 0.0278946143986513 0.752146640485609 0.0354402460087516 -0.65745061461421
1585226179.59549 -7.897839199099 0.343594497151219 -2.40151882358138 0.0280751803787454 0.755195232545613 0.0383021345254822 -0.653777402085657
1585226179.72749 -7.93237974529875 0.344864729138452 -2.40709175191233 0.0281019298260727 0.758084618276992 0.0399539083556065 -0.650324287013017
1585226179.82649 -7.95789502464432 0.345974340360475 -2.41161866537607 0.0255361153549918 0.760122771163966 0.0405727369688672 -0.648008589900971
1585226179.92549 -7.9831935895966 0.347208536710882 -2.4161589931222 0.022807311109098 0.762048397613128 0.039621721783722 -0.645904161171091
1585226180.02449 -8.00853511734205 0.348371169525646 -2.42066293889036 0.0215212975932209 0.763848093588352 0.0386889325689134 -0.643875834433955
1585226180.15649 -8.0423303204562 0.349614448139297 -2.42679917106621 0.021597518690901 0.765753280655257 0.0389412926120096 -0.641591019327588
1585226180.28849 -8.07593386803016 0.350841419611211 -2.43355778591636 0.0192849321025368 0.76724047795538 0.0414944886333786 -0.639725212723131
1585226180.45349 -8.11753973022537 0.352617826579117 -2.44186485839194 0.0170839405822861 0.768608687502815 0.0433063429320565 -0.6380230286841
1585226180.58549 -8.15085413902362 0.354041469313888 -2.44804952543009 0.017878384209858 0.768634901615901 0.0439625837425399 -0.637924793864166
1585226180.71749 -8.18676683473432 0.35381517529356 -2.45337893810401 0.0186038694666843 0.76789288442363 0.0458441443476966 -0.638664801379762
1585226180.84949 -8.21708334173081 0.356787099534693 -2.4606038543403 0.0173791650498656 0.766724714714113 0.0474702063834046 -0.639982621619251
1585226180.98149 -8.24984437970891 0.358276377838771 -2.46638802071419 0.017221765481322 0.76497479874335 0.0476351374590229 -0.642065309575698
1585226181.08049 -8.27435636822936 0.359415203825596 -2.47050229012414 0.0167346973414916 0.763357890518021 0.0475501172911971 -0.644005952794195
1585226181.17949 -8.2988116653065 0.360503354448839 -2.47445176021071 0.0168728528763397 0.761740130352737 0.0476944426870631 -0.645904420779715
1585226181.27849 -8.32340823351984 0.361672497475457 -2.47814951737743 0.0185371259510762 0.760061148543677 0.0481586312223759 -0.647799484157503
1585226181.37749 -8.34795421940238 0.362875566439642 -2.48184334911925 0.0197956091734975 0.758378359479002 0.0497804774929659 -0.649609345523877
1585226181.47649 -8.3722185467463 0.363971255739148 -2.48537464503965 0.0202218357514884 0.756537947389349 0.0499392377391487 -0.651726540853435
1585226181.57549 -8.39630984972445 0.364932326250579 -2.48884627361151 0.0183927192129463 0.754448370901156 0.0492698341627615 -0.654249071047196
1585226181.67449 -8.42029865363492 0.365928248589615 -2.49207946386786 0.016712226437145 0.752193697065925 0.0481538561820898 -0.656967693053931
1585226181.77349 -8.44415215298498 0.367220307567965 -2.49507951363236 0.0138409814356077 0.749792425440325 0.0462214784256077 -0.65991160083557
1585226181.87249 -8.46818209605699 0.368315378795615 -2.4978201563036 0.0134505958352573 0.747202554787005 0.0453646079263542 -0.662909855062615
1585226181.9715 -8.49248545245749 0.369154434164924 -2.50026946158066 0.015655188390974 0.744709070114385 0.0466605457001533 -0.665572016720035
1585226182.0705 -8.52453262093592 0.367998505076264 -2.5003918325498 0.0178441936732171 0.742111043449593 0.0484326881204544 -0.668286659049645
1585226182.1695 -8.54095516781843 0.371030322410318 -2.50496534691719 0.0172332647911244 0.739342635208763 0.0497473863202934 -0.671267964304495
1585226182.2685 -8.56498097380594 0.372093849240685 -2.50719478930906 0.0153595824763073 0.736807019892296 0.050139297438338 -0.674066428118162
1585226182.3675 -8.58893623863182 0.373142816411999 -2.5090274396667 0.0143844695098066 0.734622343352295 0.049251196668359 -0.676533383737447
1585226182.4665 -8.61295101950523 0.374123172032353 -2.51045080086449 0.0148665394035187 0.732618040594607 0.0467125480368116 -0.678872396299475
1585226182.5655 -8.63697517451301 0.37500220326285 -2.51174052914971 0.0152450000141067 0.730787468250863 0.0443813097397756 -0.680990136175147
1585226182.6645 -8.66106021759317 0.375830940251206 -2.51312444264489 0.0150159941087453 0.729224337876234 0.043388176774535 -0.682732635140635
1585226182.7635 -8.6892535011678 0.37560384953711 -2.51360918664828 0.0143593027271897 0.727881706208176 0.0440357066886278 -0.684136600927838
1585226182.8625 -8.70930924032081 0.377507015240949 -2.51618132722153 0.0134094758817159 0.726784174051395 0.0444348963663235 -0.685295914397514
1585226182.9615 -8.73346883204343 0.378306099756811 -2.51739940903464 0.013984351733682 0.725885515346608 0.0442285936936376 -0.686249581432631
1585226183.0935 -8.76582467497289 0.379391057391168 -2.51872703282466 0.0158507710245075 0.724814597291332 0.0432774562394472 -0.687400621466678
1585226183.1925 -8.79019749573133 0.380217164538798 -2.51974423753951 0.0170427184612197 0.723971558832848 0.0432209983831503 -0.68826352006143
1585226183.2915 -8.81459920718157 0.381150077094742 -2.52082586009319 0.0179666756904073 0.723045908629641 0.0437327217929975 -0.689180137281356
1585226183.3905 -8.83912890947021 0.382129306732512 -2.52193238695274 0.0184716213051033 0.722201357028607 0.045162242480076 -0.689959687928628
1585226183.5225 -8.88158630952533 0.381934925584816 -2.52048157697596 0.0187900957707223 0.721262945614649 0.0464458712029102 -0.690846927063014
1585226183.6215 -8.89637863792652 0.384372288470979 -2.52447335209031 0.0171575996290147 0.720572788330433 0.0471722245557639 -0.691560015272092
1585226183.7205 -8.92102050388585 0.385429022369758 -2.52549348538362 0.0157824762310724 0.719974036142772 0.0473454820766636 -0.692204237238715
1585226183.8525 -8.95398473256721 0.386913277055073 -2.52657962113154 0.0149839120764798 0.719174422745332 0.0462154471517588 -0.693128966709924
1585226183.9845 -8.9871654586714 0.388301945102036 -2.52751403835145 0.0153298480006049 0.717968849195048 0.0460251460851237 -0.694382757039415
1585226184.1165 -9.02064337245409 0.389462738600042 -2.52865959000079 0.0143786479672015 0.716541416095347 0.0473526486387516 -0.695786878411489
1585226184.2155 -9.04572111317078 0.390295827947736 -2.52946621438798 0.0128159772758166 0.715718152044949 0.047102071475199 -0.696681184203057
1585226184.3145 -9.07080202921575 0.391203758170835 -2.53000140339486 0.0118933559920319 0.71525591746942 0.0457167988896777 -0.697264293440806
1585226184.4135 -9.10429321584718 0.391137691697018 -2.52808207425477 0.0129777160187998 0.714997773927888 0.0435907765512014 -0.697645759941794
1585226184.5125 -9.12122482756497 0.393122718118229 -2.53043809036803 0.0149980789909951 0.71495889289923 0.0412225875398852 -0.69778903500084
1585226184.6115 -9.14676290406833 0.393904980595525 -2.53076275455235 0.0171362259041194 0.715110328325067 0.0412074690848777 -0.697585487647355
1585226184.7105 -9.17236922189279 0.394618426589017 -2.53147500243252 0.0180245141912123 0.71537579540644 0.0425290530835146 -0.697211494367809
1585226184.8095 -9.19784984114625 0.395480558414958 -2.53249754763494 0.016720450527447 0.715826741196691 0.0442276235792084 -0.696675261821763
1585226184.9085 -9.22326394307412 0.396431269065463 -2.53331396021561 0.0161260597469865 0.716584477085935 0.0441640393838547 -0.695913913513601
1585226185.0075 -9.24884827517413 0.397438103018639 -2.53392372227583 0.0170186943813035 0.71740532316649 0.0437856710824051 -0.695070342729283
1585226185.1065 -9.28436463949547 0.397700301561779 -2.53205967085639 0.019567498266187 0.718012647386494 0.0444223224532629 -0.694335371756689
1585226185.2385 -9.30890980973733 0.399703337212641 -2.53595410863778 0.019444100248849 0.718764271070995 0.0464128276112229 -0.693430385136406
1585226185.3375 -9.3344231279297 0.400504357349986 -2.5370772118278 0.0187062665657532 0.719302429371171 0.0466087410369937 -0.692879293925608
1585226185.5025 -9.37633405008644 0.402327178815852 -2.53883843351152 0.0164690634337123 0.720541674435098 0.0453348405617374 -0.691732041749639
1585226185.6675 -9.41863985757195 0.404153910609234 -2.54042016509229 0.0175361995497685 0.721568327579677 0.0436759918122213 -0.690741657986861
1585226185.7995 -9.45269948795801 0.405222853717007 -2.5418669868164 0.0187723080575225 0.722335828441599 0.0449001402447856 -0.689827897961354
1585226185.9315 -9.48654326253133 0.406481110699118 -2.5434537499768 0.0173052735342735 0.722714214850749 0.0438712533111673 -0.689536079036823
1585226186.0305 -9.51186056849916 0.407499460665568 -2.54448170992839 0.0161217879474685 0.722810990923056 0.0417453965316961 -0.6895953024946
1585226186.16251 -9.54562866840173 0.408832341995655 -2.54599733025404 0.0147495508059782 0.722888694092603 0.0413858907641168 -0.689566236666046
1585226186.29451 -9.57967435361593 0.409951802194522 -2.54745521571261 0.0173369235244507 0.722382736632597 0.0422877514291819 -0.689981419298354
1585226186.42651 -9.61358975474116 0.411018382024218 -2.54882797484541 0.018693760178644 0.72245932083982 0.0435014212440953 -0.689790330036449
1585226186.55851 -9.65501715945705 0.411716454862632 -2.54784486546396 0.0184357583158057 0.722126874399149 0.043630438848783 -0.690137149334609
1585226186.69051 -9.68089583646699 0.413663137553987 -2.55194462281144 0.0162463163022755 0.722121217530114 0.0431956891196027 -0.690225424655536
1585226186.78951 -9.70631892751406 0.414706520106222 -2.55299483814546 0.0164751337095856 0.722161950526363 0.0432130685115771 -0.690176294790704
1585226186.92151 -9.74032477252782 0.415936879583622 -2.55428610263872 0.0184256388541242 0.721767633453458 0.0433027189138832 -0.690533745494366
1585226187.02051 -9.76604967570802 0.41687940901852 -2.55519202073858 0.0201358624589906 0.721541290807934 0.0432815705951443 -0.690723836528805
1585226187.11951 -9.79186178692955 0.417984437637869 -2.55610940805446 0.0216648824296372 0.721259452268684 0.0434392359859384 -0.690961987492327
1585226187.21851 -9.81747114624118 0.419070144217837 -2.55721805071149 0.0204787865265564 0.721125576666171 0.0433328270441619 -0.691144549338735
1585226187.31751 -9.84306241628777 0.420065522379251 -2.55838249159647 0.0184551119828523 0.721137961633318 0.0426896961849588 -0.691228644496653
1585226187.41651 -9.86874609476337 0.421017474055145 -2.55942408095304 0.0176532647717807 0.721229785863107 0.041741863019165 -0.691211671702991
1585226187.51551 -9.89445783000228 0.422067743195271 -2.56016938293704 0.0183773736681172 0.721300621842582 0.0400322366246449 -0.691220012078206
1585226187.61451 -9.92014481148849 0.423065787745354 -2.5609887047525 0.0195073147260001 0.721045130910729 0.0398529949010109 -0.691465922992255
1585226187.71351 -9.94594458961293 0.423965348613484 -2.56221734016846 0.0202078162515246 0.720500799903802 0.0433151661976616 -0.691804913163816
1585226187.81251 -9.97155485271502 0.424906009999723 -2.56351997239274 0.0206627868245579 0.72005389618923 0.0462810453148253 -0.69206466509129
1585226187.91151 -9.9968061955164 0.425909886883588 -2.56458028629928 0.0202957565890966 0.71997080914312 0.046540114531616 -0.692144590375205
1585226188.01051 -10.0254766334312 0.426889840190877 -2.56466814694479 0.0204389921615458 0.720106854810141 0.0433049947805552 -0.692208814363067
1585226188.10951 -10.0464754084213 0.427823502823689 -2.56580930519831 0.0198480690537031 0.720081630163255 0.0399960728534884 -0.692451308188935
1585226188.20851 -10.0712682277442 0.42884356973671 -2.56656857784617 0.0190137071243653 0.719818178702804 0.0381359183022207 -0.692853462346559
1585226188.30751 -10.0963026667693 0.429787559882865 -2.56751900475562 0.0187199200771926 0.719561876877233 0.0390074842191905 -0.693079134090839
1585226188.53851 -10.1538213298132 0.431554101474519 -2.56947302889256 0.0221994153346612 0.719488488530755 0.0416310468066832 -0.692899961590639
1585226188.67051 -10.1862470392854 0.43269207681403 -2.57050991253343 0.022436989989722 0.719324805353772 0.0413789419802513 -0.693077332657442
1585226188.80251 -10.2180831356359 0.434013264312 -2.57176509401538 0.020696710377356 0.71920790830757 0.0414356158126747 -0.693249392751
1585226188.93451 -10.2496011256385 0.435271527441043 -2.57298255891369 0.0200413143566104 0.71913289708226 0.0419784339036444 -0.693313805675275
1585226189.09951 -10.2882797807023 0.436596936964837 -2.57438805160713 0.0208893996826297 0.718870365406843 0.0434558821006679 -0.693469982790593
1585226189.26451 -10.3260269211775 0.43805040387934 -2.57567193288856 0.02130910773161 0.718626338980041 0.0439653127939579 -0.693677993108297
1585226189.42951 -10.364710364508 0.439613512440127 -2.57648074121179 0.0208365434687864 0.718368805326921 0.0435189151007917 -0.69398717712786
1585226189.62751 -10.4067499857383 0.441205215767838 -2.57824718215764 0.0215798060788657 0.717530021301152 0.0442951176072666 -0.694782644470431
1585226190.02351 -10.489505649955 0.444514786531622 -2.5800835928318 0.0222324619157395 0.715499383296858 0.0420074539607525 -0.696994780432907
1585226190.15551 -10.5159742016395 0.445474839180036 -2.58073791207368 0.0216579097151999 0.714826643535839 0.0425539330964518 -0.697669669267683
1585226190.28752 -10.5420089750756 0.446491611634012 -2.58135153095174 0.0215440054170161 0.714206624010235 0.0434997612348445 -0.698249614982355
1585226190.41952 -10.5673993982146 0.447459912464119 -2.58170869794169 0.0223425717541557 0.7137639277627 0.043067180010512 -0.698703859240892
1585226190.55152 -10.5919777297177 0.448296105590034 -2.58182171600977 0.0234914682139606 0.71350913906171 0.0410703275643798 -0.699046556096462
1585226190.68352 -10.6158121460785 0.449021397948471 -2.58198522674141 0.0238286653655619 0.713204569568572 0.0392358615457674 -0.699451201887712
1585226190.98052 -10.6682755771795 0.451065970767273 -2.58320959229934 0.0199147005257915 0.712785412407993 0.0395090126903829 -0.699985284472158
1585226191.11252 -10.6913611635258 0.451828368816329 -2.58325964006248 0.0217564899345243 0.712780183328658 0.0388715095177434 -0.699971478810034
1585226191.27752 -10.7193187061691 0.452641904915917 -2.58311526447257 0.0253765002518931 0.712855329047988 0.0375254868020345 -0.699846519547766
1585226191.47552 -10.7514978563473 0.453832449562726 -2.58357545990356 0.0266580135167497 0.71277799942338 0.0380120516996774 -0.699851382637004
1585226191.70652 -10.7872826552823 0.455215061131444 -2.58444531722511 0.0262894689483148 0.713169123825247 0.0397358807488838 -0.699370949086289
1585226191.93752 -10.8206212129558 0.456412024402014 -2.58500440624099 0.0280725515928983 0.714363023939217 0.039676582368358 -0.698085360602161
1585226192.16852 -10.85088402315 0.457764378788059 -2.58624678461077 0.0274885182465563 0.717490853437533 0.0406062182026827 -0.694839831645657
1585226192.69652 -10.9067954137697 0.46001435643506 -2.59003380531203 0.0296645622398797 0.729135657797158 0.0418109695365454 -0.68244637086165
1585226192.96052 -10.9264102703976 0.460888621970437 -2.59257070992342 0.027098590106514 0.735312673651189 0.0437845802819315 -0.675769079576532
1585226193.45552 -10.946842270159 0.461903163918223 -2.59543798049335 0.0226386738822597 0.742933486850593 0.0410591611305797 -0.66772110184427
1585226194.18152 -10.9702167405084 0.462978764066254 -2.59931829849085 0.0202588076372319 0.751972326722304 0.0405730640770685 -0.657632896856871
1585226194.77553 -10.9943074402516 0.464067368245111 -2.60400013510772 0.0191468159547648 0.761987564021597 0.0404179124859665 -0.646045465942997
1585226195.17153 -11.013059005021 0.464866841482261 -2.60823861395724 0.0186520398426792 0.769939143002552 0.0411844971995978 -0.636513672023327
