1585067812.599929 0.00000000000000000000 0.00000000000000000000 0.00000000000000000000 0.00000000000000000000 0.00000000000000000000 0.00000000000000000000 -0.09026796150612834135 -0.00782523301338254075  0.03423165374427228347  0.00053945190494820289 -0.00075262909445945078 -0.00261988255188290052
1585067813.688932 0.00000000000000000000 0.00000000000000000000 0.00000000000000000000 0.00000000000000000000 0.00000000000000000000 0.00000000000000000000 -0.08810341803522503401 -0.00896969606744131391  0.03417154595502617381  0.00051484953854896286 -0.00077553962366417651 -0.00262888096341217783
1585067813.886932 0.00000000000000000000 0.00000000000000000000 0.00000000000000000000 0.00000000000000000000 0.00000000000000000000 0.00000000000000000000 -0.08731589504831052673 -0.00983636044747339920  0.03418865225424823351  0.00051168226060365602 -0.00077312647076839861 -0.00263517164248456984
1585067814.546934 0.00000000000000000000 0.00000000000000000000 0.00000000000000000000 0.00000000000000000000 0.00000000000000000000 0.00000000000000000000 -0.08557616165676112940 -0.00906658122817989749  0.03407049731088239442  0.00050247892573589180 -0.00077389131122648910 -0.00264983961159178652
1585067815.107935 0.00000000000000000000 0.00000000000000000000 0.00000000000000000000 0.00000000000000000000 0.00000000000000000000 0.00000000000000000000 -0.08508255835550361523 -0.00914404538850670939  0.03406427138633255636  0.00050038367467341628 -0.00077133276748265567 -0.00263785962461217122
1585067815.569937 0.00000000000000000000 0.00000000000000000000 0.00000000000000000000 0.00000000000000000000 0.00000000000000000000 0.00000000000000000000 -0.08509936189670132267 -0.00950425057260220925  0.03407723260493743939  0.00049033175940240890 -0.00077925202284835919 -0.00261885207893270766
1585067817.450941 0.00000000000000000000 0.00000000000000000000 0.00000000000000000000 0.00000000000000000000 0.00000000000000000000 0.00000000000000000000 -0.08206046779009715242 -0.00600938641140196222  0.03382821345982985756  0.00046829237343541387 -0.00078698188171500945 -0.00266199485661728534
1585067818.605944 0.00000000000000000000 0.00000000000000000000 0.00000000000000000000 0.00000000000000000000 0.00000000000000000000 0.00000000000000000000 -0.08085506278387886991 -0.00502589952599632930  0.03376639373579810172  0.00045106268926146129 -0.00079869959242647522 -0.00265875123787510676
1585067819.364946 0.00000000000000000000 0.00000000000000000000 0.00000000000000000000 0.00000000000000000000 0.00000000000000000000 0.00000000000000000000 -0.08014284523609366273 -0.00493569443573339990  0.03379446973949504912  0.00044671815344159583 -0.00079056988022359472 -0.00265926259413429593
1585067819.496946 0.00000000000000000000 0.00000000000000000000 0.00000000000000000000 0.00000000000000000000 0.00000000000000000000 0.00000000000000000000 -0.08012258452096657213 -0.00466423498411351872  0.03377314112540730912  0.00044739176103397808 -0.00078773110618501332 -0.00266168666281234746
1585067819.628946 0.00000000000000000000 0.00000000000000000000 0.00000000000000000000 0.00000000000000000000 0.00000000000000000000 0.00000000000000000000 -0.07989275831668672667 -0.00503623033838105933  0.03378924538993824389  0.00044584820005038510 -0.00079047216081367766 -0.00265799731861406140
1585067819.727946 0.00000000000000000000 0.00000000000000000000 0.00000000000000000000 0.00000000000000000000 0.00000000000000000000 0.00000000000000000000 -0.07979664835504184095 -0.00513539103930568328  0.03378340634390885472  0.00044561278477234158 -0.00079051607807067103 -0.00265604900764339130
1585067819.859947 0.00000000000000000000 0.00000000000000000000 0.00000000000000000000 0.00000000000000000000 0.00000000000000000000 0.00000000000000000000 -0.07954018393837106182 -0.00528222474074777418  0.03377432720090534773  0.00044339252884303764 -0.00079285936822237927 -0.00265819197865198873
1585067820.321948 0.00000000000000000000 0.00000000000000000000 0.00000000000000000000 0.00000000000000000000 0.00000000000000000000 0.00000000000000000000 -0.07959048077726686710 -0.00488928530462410388  0.03375416944838657840  0.00044219707868210751 -0.00078828898377856778 -0.00266195184516325716
1585067820.486948 0.00000000000000000000 0.00000000000000000000 0.00000000000000000000 0.00000000000000000000 0.00000000000000000000 0.00000000000000000000 -0.07958416179004981772 -0.00457880665616607150  0.03373190584845474349  0.00043731520563145693 -0.00078880518733365299 -0.00266096483169197488
1585067820.618949 0.00000000000000000000 0.00000000000000000000 0.00000000000000000000 0.00000000000000000000 0.00000000000000000000 0.00000000000000000000 -0.07896701453878156307 -0.00499237611448001117  0.03373868294166300352  0.00043839306723512928 -0.00079221348433214302 -0.00266729452614305074
1585067822.136952 0.00000000000000000000 0.00000000000000000000 0.00000000000000000000 0.00000000000000000000 0.00000000000000000000 0.00000000000000000000 -0.07868174020966654802 -0.00372560505541095826  0.03366077549467000329  0.00042960913337545219 -0.00080761366011310133 -0.00267271070047286809
1585067822.433953 0.00000000000000000000 0.00000000000000000000 0.00000000000000000000 0.00000000000000000000 0.00000000000000000000 0.00000000000000000000 -0.07784067881996542537 -0.00484802822871404932  0.03368507542577280772  0.00042313542547307262 -0.00080975523206639236 -0.00267935619527576857
1585067822.961954 0.00000000000000000000 0.00000000000000000000 0.00000000000000000000 0.00000000000000000000 0.00000000000000000000 0.00000000000000000000 -0.07693486487820064279 -0.00561120866083574931  0.03368512605267438842  0.00042399988672721422 -0.00081282602534841391 -0.00268002464173041277
1585067823.357955 0.00000000000000000000 0.00000000000000000000 0.00000000000000000000 0.00000000000000000000 0.00000000000000000000 0.00000000000000000000 -0.07664573393943732715 -0.00575098361874608506  0.03368324857156800023  0.00041961070229680426 -0.00080994627315059435 -0.00268433978664922362
1585067823.918956 0.00000000000000000000 0.00000000000000000000 0.00000000000000000000 0.00000000000000000000 0.00000000000000000000 0.00000000000000000000 -0.07692674209935115859 -0.00456612669432541422  0.03358665790802591034  0.00040908043514091877 -0.00079981403714360735 -0.00268899343959333155
1585067824.545958 0.00000000000000000000 0.00000000000000000000 0.00000000000000000000 0.00000000000000000000 0.00000000000000000000 0.00000000000000000000 -0.07707168488362220460 -0.00386472851174290196  0.03357433129713427444  0.00040346672527008878 -0.00081345944476941877 -0.00268236612877895608
1585067824.710958 0.00000000000000000000 0.00000000000000000000 0.00000000000000000000 0.00000000000000000000 0.00000000000000000000 0.00000000000000000000 -0.07685791808215133858 -0.00404980322137054108  0.03358387748071059442  0.00040147363097899926 -0.00081323511324872836 -0.00268671076096929813
1585067825.205959 0.00000000000000000000 0.00000000000000000000 0.00000000000000000000 0.00000000000000000000 0.00000000000000000000 0.00000000000000000000 -0.07632657346596596892 -0.00462952869815609624  0.03358057552649352379  0.00040009384526947222 -0.00081063366568683546 -0.00269539626649198481
1585067825.370960 0.00000000000000000000 0.00000000000000000000 0.00000000000000000000 0.00000000000000000000 0.00000000000000000000 0.00000000000000000000 -0.07639258015438023242 -0.00440713599975751501  0.03357074764865785460  0.00040077758400694768 -0.00080973686434373561 -0.00269793026702143781
1585067825.535960 0.00000000000000000000 0.00000000000000000000 0.00000000000000000000 0.00000000000000000000 0.00000000000000000000 0.00000000000000000000 -0.07642379357560392938 -0.00425666460201794532  0.03355353392941906598  0.00039939538362909028 -0.00080897605468602056 -0.00269744238127924600
1585067826.360962 0.00000000000000000000 0.00000000000000000000 0.00000000000000000000 0.00000000000000000000 0.00000000000000000000 0.00000000000000000000 -0.07633146934348701562 -0.00366480573671343346  0.03356651325429973326  0.00039352368664380817 -0.00082097848473803214 -0.00269195851366736162
1585067827.053964 0.00000000000000000000 0.00000000000000000000 0.00000000000000000000 0.00000000000000000000 0.00000000000000000000 0.00000000000000000000 -0.07615091045495089861 -0.00358678648597409756  0.03350712876858971678  0.00038726281314727719 -0.00081101771385308800 -0.00270363540132621252
1585067827.317965 0.00000000000000000000 0.00000000000000000000 0.00000000000000000000 0.00000000000000000000 0.00000000000000000000 0.00000000000000000000 -0.07593808066510737698 -0.00374433907326173886  0.03348814537654950380  0.00038403393907006497 -0.00081558667418278174 -0.00270183825683767203
1585067828.109966 0.00000000000000000000 0.00000000000000000000 0.00000000000000000000 0.00000000000000000000 0.00000000000000000000 0.00000000000000000000 -0.07607801407867109678 -0.00291691116067710433  0.03343724634996772527  0.00038154795668203148 -0.00081467972512470769 -0.00270747793899543893
1585067828.274967 0.00000000000000000000 0.00000000000000000000 0.00000000000000000000 0.00000000000000000000 0.00000000000000000000 0.00000000000000000000 -0.07605063463835406989 -0.00291204781649633589  0.03342541228832570516  0.00037753783780712186 -0.00081769614344444515 -0.00270787050856308208
1585067828.439967 0.00000000000000000000 0.00000000000000000000 0.00000000000000000000 0.00000000000000000000 0.00000000000000000000 0.00000000000000000000 -0.07586575871717672614 -0.00326008107396427455  0.03342725695176244211  0.00037299414750522003 -0.00081920549756108797 -0.00271148037104335582
1585067829.099969 0.00000000000000000000 0.00000000000000000000 0.00000000000000000000 0.00000000000000000000 0.00000000000000000000 0.00000000000000000000 -0.07603862134331015876 -0.00257529192265814949  0.03337403153628629854  0.00036803831873430918 -0.00080304931621604132 -0.00271540012090960891
1585067829.594970 0.00000000000000000000 0.00000000000000000000 0.00000000000000000000 0.00000000000000000000 0.00000000000000000000 0.00000000000000000000 -0.07600439633338199052 -0.00248611154972489933  0.03336234634624607454  0.00037055919971905614 -0.00080223928090137806 -0.00271935216575794727
1585067830.188971 0.00000000000000000000 0.00000000000000000000 0.00000000000000000000 0.00000000000000000000 0.00000000000000000000 0.00000000000000000000 -0.07601992632583429166 -0.00232596250691164286  0.03339412418144901279  0.00037319782799842891 -0.00080275874177913192 -0.00272705002927359913
1585067831.013973 0.00000000000000000000 0.00000000000000000000 0.00000000000000000000 0.00000000000000000000 0.00000000000000000000 0.00000000000000000000 -0.07588684874954222670 -0.00235456817311265531  0.03332887621060132838  0.00035980939131733379 -0.00079335607023902222 -0.00273142958948198325
1585067831.838975 0.00000000000000000000 0.00000000000000000000 0.00000000000000000000 0.00000000000000000000 0.00000000000000000000 0.00000000000000000000 -0.07597268058125884738 -0.00209795086844648390  0.03328207923019291248  0.00035262016464952952 -0.00079702183752208215 -0.00273325043266591048
1585067832.102976 0.00000000000000000000 0.00000000000000000000 0.00000000000000000000 0.00000000000000000000 0.00000000000000000000 0.00000000000000000000 -0.07603032797501026174 -0.00202219587086579881  0.03323969919964230718  0.00034662543281524744 -0.00079449188046350368 -0.00273795508473618663
1585067832.531977 0.00000000000000000000 0.00000000000000000000 0.00000000000000000000 0.00000000000000000000 0.00000000000000000000 0.00000000000000000000 -0.07605346194816062222 -0.00193373557504907629  0.03324246433987030486  0.00034784812163103911 -0.00079122099899619678 -0.00273741361767901228
1585067833.785980 0.00000000000000000000 0.00000000000000000000 0.00000000000000000000 0.00000000000000000000 0.00000000000000000000 0.00000000000000000000 -0.07624353112165828394 -0.00164620441416435349  0.03322723478407926118  0.00035730027527303544 -0.00078894619167748986 -0.00273602590310179907
1585067833.917980 0.00000000000000000000 0.00000000000000000000 0.00000000000000000000 0.00000000000000000000 0.00000000000000000000 0.00000000000000000000 -0.07621941575763076238 -0.00179338612737563988  0.03322927075256615348  0.00035912804329436680 -0.00079066067272959577 -0.00273500825552693396
1585067834.148980 0.00000000000000000000 0.00000000000000000000 0.00000000000000000000 0.00000000000000000000 0.00000000000000000000 0.00000000000000000000 -0.07623985972149993628 -0.00173222952409718411  0.03319154337669319443  0.00035461359002476146 -0.00079730884326970790 -0.00273613845698582802
1585067834.247981 0.00000000000000000000 0.00000000000000000000 0.00000000000000000000 0.00000000000000000000 0.00000000000000000000 0.00000000000000000000 -0.07622254570333825141 -0.00179220394907352878  0.03318258326260520308  0.00035374491312503079 -0.00079927417253348272 -0.00273549406977967140
1585067834.346981 0.00000000000000000000 0.00000000000000000000 0.00000000000000000000 0.00000000000000000000 0.00000000000000000000 0.00000000000000000000 -0.07628027384637904584 -0.00173598035156060835  0.03320959313816743835  0.00035551519587807509 -0.00079925421714705316 -0.00273598117711122127
1585067834.445981 0.00000000000000000000 0.00000000000000000000 0.00000000000000000000 0.00000000000000000000 0.00000000000000000000 0.00000000000000000000 -0.07621227616184485243 -0.00182688858332416939  0.03320890007699290464  0.00035847215387456162 -0.00080116030071353771 -0.00273049325007854822
1585067835.039983 0.00000000000000000000 0.00000000000000000000 0.00000000000000000000 0.00000000000000000000 0.00000000000000000000 0.00000000000000000000 -0.07637199487243986895 -0.00152713311852026106  0.03312963190564510718  0.00035693421053224262 -0.00079703610991435658 -0.00273846564196003226
1585067835.138983 0.00000000000000000000 0.00000000000000000000 0.00000000000000000000 0.00000000000000000000 0.00000000000000000000 0.00000000000000000000 -0.07640540247540654473 -0.00152529138474187444  0.03313597740827511906  0.00035766985229883374 -0.00079931720407259445 -0.00273964576535009599
1585067835.237983 0.00000000000000000000 0.00000000000000000000 0.00000000000000000000 0.00000000000000000000 0.00000000000000000000 0.00000000000000000000 -0.07639694612754285852 -0.00157344368877822163  0.03313115231299562646  0.00035706314351994513 -0.00080301244789627874 -0.00273836491412961930
1585067835.336983 0.00000000000000000000 0.00000000000000000000 0.00000000000000000000 0.00000000000000000000 0.00000000000000000000 0.00000000000000000000 -0.07642254679068434531 -0.00152680478380204918  0.03311640455560498769  0.00035585329140020897 -0.00080243534267276397 -0.00273667683765712677
1585067835.831985 0.00000000000000000000 0.00000000000000000000 0.00000000000000000000 0.00000000000000000000 0.00000000000000000000 0.00000000000000000000 -0.07634634816399225865 -0.00165155315500789090  0.03305754368009628658  0.00034807327178964224 -0.00080390938497155681 -0.00274464787240913128
1585067835.930985 0.00000000000000000000 0.00000000000000000000 0.00000000000000000000 0.00000000000000000000 0.00000000000000000000 0.00000000000000000000 -0.07631053215229233189 -0.00172928267137534633  0.03305187381751654302  0.00034788896018258381 -0.00079584454247475411 -0.00274793464030629762
1585067836.029985 0.00000000000000000000 0.00000000000000000000 0.00000000000000000000 0.00000000000000000000 0.00000000000000000000 0.00000000000000000000 -0.07631319723308990777 -0.00167131250003595155  0.03303995521481700726  0.00034872497288270887 -0.00079996867659983136 -0.00274848919464717577
1585067836.128985 0.00000000000000000000 0.00000000000000000000 0.00000000000000000000 0.00000000000000000000 0.00000000000000000000 0.00000000000000000000 -0.07629204719574382565 -0.00168681047145851563  0.03304075544003461790  0.00034825804202786800 -0.00079691531224436180 -0.00274853358052668971
1585067836.194985 0.00000000000000000000 0.00000000000000000000 0.00000000000000000000 0.00000000000000000000 0.00000000000000000000 0.00000000000000000000 -0.07632556944417258349 -0.00162178122390407918  0.03302908062734431077  0.00034761712679223902 -0.00079231830576408113 -0.00275081098765691742
1585067836.260986 0.00000000000000000000 0.00000000000000000000 0.00000000000000000000 0.00000000000000000000 0.00000000000000000000 0.00000000000000000000 -0.07634470006993571145 -0.00161662456407669257  0.03302519478129743030  0.00034682320436581887 -0.00078679688884868246 -0.00275439571497357056
1585067836.326986 0.00000000000000000000 0.00000000000000000000 0.00000000000000000000 0.00000000000000000000 0.00000000000000000000 0.00000000000000000000 -0.07632185530937940499 -0.00165776765305306745  0.03302741868124731139  0.00034837526940879518 -0.00078586905426168577 -0.00275557436063755346
1585067836.392986 0.00000000000000000000 0.00000000000000000000 0.00000000000000000000 0.00000000000000000000 0.00000000000000000000 0.00000000000000000000 -0.07636056868277552034 -0.00159275002194926053  0.03302953059286329457  0.00034978022757326270 -0.00078606278275536923 -0.00275747260996321878
1585067836.458986 0.00000000000000000000 0.00000000000000000000 0.00000000000000000000 0.00000000000000000000 0.00000000000000000000 0.00000000000000000000 -0.07639054010182533272 -0.00155243811438767940  0.03302323433230513333  0.00034970096228410113 -0.00078821279548975430 -0.00275618609584045091
1585067836.920987 0.00000000000000000000 0.00000000000000000000 0.00000000000000000000 0.00000000000000000000 0.00000000000000000000 0.00000000000000000000 -0.07645514605237045680 -0.00137611053514429720  0.03299340616619297201  0.00034933466829986545 -0.00079415971901806049 -0.00276173436348495054
1585067837.019987 0.00000000000000000000 0.00000000000000000000 0.00000000000000000000 0.00000000000000000000 0.00000000000000000000 0.00000000000000000000 -0.07643768890989968701 -0.00145448236310143173  0.03299462125779063781  0.00034788285672705902 -0.00079872525599759424 -0.00276645746655266147
1585067837.349988 0.00000000000000000000 0.00000000000000000000 0.00000000000000000000 0.00000000000000000000 0.00000000000000000000 0.00000000000000000000 -0.07643716362778062157 -0.00151279203925509288  0.03297630879271135074  0.00035146480627555203 -0.00079677109193650360 -0.00276083954635745511
1585067837.547989 0.00000000000000000000 0.00000000000000000000 0.00000000000000000000 0.00000000000000000000 0.00000000000000000000 0.00000000000000000000 -0.07639826426123434711 -0.00153484927156758225  0.03295703777930984735  0.00035131805521390153 -0.00080158023351615951 -0.00276376741334027854
1585067837.646989 0.00000000000000000000 0.00000000000000000000 0.00000000000000000000 0.00000000000000000000 0.00000000000000000000 0.00000000000000000000 -0.07638243684065816608 -0.00153052386411074498  0.03294843784102444162  0.00035274236931634120 -0.00079963740773551122 -0.00276417305859372403
1585067837.745989 0.00000000000000000000 0.00000000000000000000 0.00000000000000000000 0.00000000000000000000 0.00000000000000000000 0.00000000000000000000 -0.07645216224455367304 -0.00143713756503393653  0.03293647314086008138  0.00035122080215200353 -0.00080098019348773979 -0.00276176308711186761
1585067837.844990 0.00000000000000000000 0.00000000000000000000 0.00000000000000000000 0.00000000000000000000 0.00000000000000000000 0.00000000000000000000 -0.07646437549579676585 -0.00139121909253003893  0.03292644645995587011  0.00035227643674401400 -0.00080324183399265380 -0.00276139169662422204
1585067837.943990 0.00000000000000000000 0.00000000000000000000 0.00000000000000000000 0.00000000000000000000 0.00000000000000000000 0.00000000000000000000 -0.07645408034155254384 -0.00140406417038741404  0.03291330221908657372  0.00035230506788758154 -0.00080530503760760364 -0.00276261881551344030
1585067838.042990 0.00000000000000000000 0.00000000000000000000 0.00000000000000000000 0.00000000000000000000 0.00000000000000000000 0.00000000000000000000 -0.07640474036175518013 -0.00143743192466431915  0.03290627820510333423  0.00035398387015686165 -0.00079954295737564890 -0.00276382659257743898
1585067838.141990 0.00000000000000000000 0.00000000000000000000 0.00000000000000000000 0.00000000000000000000 0.00000000000000000000 0.00000000000000000000 -0.07646724014599645680 -0.00135134586125083725  0.03289953051721394850  0.00035388346165053333 -0.00079523207706980029 -0.00276344022570187411
1585067839.362993 0.00000000000000000000 0.00000000000000000000 0.00000000000000000000 0.00000000000000000000 0.00000000000000000000 0.00000000000000000000 -0.07665322240032185208 -0.00122117045403576162  0.03277131787530295631  0.00033662448291666563 -0.00079424869292934205 -0.00277551353258481378
1585067840.220995 0.00000000000000000000 0.00000000000000000000 0.00000000000000000000 0.00000000000000000000 0.00000000000000000000 0.00000000000000000000 -0.07688971538309898046 -0.00083961069637629156  0.03272269729803285732  0.00032777024618940129 -0.00079220748593826767 -0.00277995031348257648
1585067840.880997 0.00000000000000000000 0.00000000000000000000 0.00000000000000000000 0.00000000000000000000 0.00000000000000000000 0.00000000000000000000 -0.07705902858157315238 -0.00049765688455281540  0.03270732659162094158  0.00032231474571311585 -0.00078657174310201364 -0.00278853929310592585
1585067841.573998 0.00000000000000000000 0.00000000000000000000 0.00000000000000000000 0.00000000000000000000 0.00000000000000000000 0.00000000000000000000 -0.07724274760326124700 -0.00032546440618126665  0.03265004815256591225  0.00031195796267279990 -0.00076202098349480488 -0.00279448807262579028
1585067842.101999 0.00000000000000000000 0.00000000000000000000 0.00000000000000000000 0.00000000000000000000 0.00000000000000000000 0.00000000000000000000 -0.07723068007196814966 -0.00042157873875923763  0.03264032899225980527  0.00030681937147071362 -0.00076344663758505971 -0.00279383082239723166
1585067842.597001 0.00000000000000000000 0.00000000000000000000 0.00000000000000000000 0.00000000000000000000 0.00000000000000000000 0.00000000000000000000 -0.07723639179380233089 -0.00042103348702516344  0.03260554585987806425  0.00030417718007780037 -0.00076114051397825372 -0.00279364102144509909
1585067843.356002 0.00000000000000000000 0.00000000000000000000 0.00000000000000000000 0.00000000000000000000 0.00000000000000000000 0.00000000000000000000 -0.07722455463730348857 -0.00054561094980168378  0.03259099825006993995  0.00029849878333372526 -0.00076903103882607841 -0.00279849245912927114
1585067844.049004 0.00000000000000000000 0.00000000000000000000 0.00000000000000000000 0.00000000000000000000 0.00000000000000000000 0.00000000000000000000 -0.07746463291080575575 -0.00001511595446098776  0.03256737622517782982  0.00029722737971392584 -0.00077003148048864682 -0.00279572786628613963
1585067844.115004 0.00000000000000000000 0.00000000000000000000 0.00000000000000000000 0.00000000000000000000 0.00000000000000000000 0.00000000000000000000 -0.07746233920677436657 -0.00000484045648333176  0.03256474625477783630  0.00029726252687070924 -0.00077056213635693749 -0.00279402966950727076
1585067844.907006 0.00000000000000000000 0.00000000000000000000 0.00000000000000000000 0.00000000000000000000 0.00000000000000000000 0.00000000000000000000 -0.07753662951433676342  0.00051763717086616306  0.03254846389327843703  0.00029428986939920561 -0.00078340728720142255 -0.00279925735014412060
1585067845.039006 0.00000000000000000000 0.00000000000000000000 0.00000000000000000000 0.00000000000000000000 0.00000000000000000000 0.00000000000000000000 -0.07756226105613261979  0.00053549743518598177  0.03254162904052650129  0.00029304667841146745 -0.00078171363367710359 -0.00279890182925751629
1585067845.171007 0.00000000000000000000 0.00000000000000000000 0.00000000000000000000 0.00000000000000000000 0.00000000000000000000 0.00000000000000000000 -0.07762119844308629224  0.00078397017981448865  0.03253043126470016311  0.00029186051368865510 -0.00077988637577537754 -0.00279887743338124405
1585067845.303007 0.00000000000000000000 0.00000000000000000000 0.00000000000000000000 0.00000000000000000000 0.00000000000000000000 0.00000000000000000000 -0.07764464531386697232  0.00086596564099200926  0.03252399085197293233  0.00029151700847102302 -0.00077890797347203455 -0.00279835025095920981
1585067846.623010 0.00000000000000000000 0.00000000000000000000 0.00000000000000000000 0.00000000000000000000 0.00000000000000000000 0.00000000000000000000 -0.07789324222698734701  0.00253717816212610482  0.03244627559078898382  0.00028822935626845097 -0.00077901836364792929 -0.00280704598749563234
1585067846.821011 0.00000000000000000000 0.00000000000000000000 0.00000000000000000000 0.00000000000000000000 0.00000000000000000000 0.00000000000000000000 -0.07793803754838640740  0.00284959157340496398  0.03241737047663743876  0.00028752685732890445 -0.00077395502880012309 -0.00281018616347241020
1585067888.665110 0.00000000000000000000 0.00000000000000000000 0.00000000000000000000 0.00000000000000000000 0.00000000000000000000 0.00000000000000000000 -0.07821475968646944554  0.00411128129818502403  0.03258492320864590786  0.00014845470405831055 -0.00079517159784664579 -0.00285032060671820426
1585067890.711115 0.00000000000000000000 0.00000000000000000000 0.00000000000000000000 0.00000000000000000000 0.00000000000000000000 0.00000000000000000000 -0.07823576781793875612  0.00486737753547581732  0.03264524022123337088  0.00009271448493393851 -0.00081625864701419357 -0.00288068378684475795
1585067890.909115 0.00000000000000000000 0.00000000000000000000 0.00000000000000000000 0.00000000000000000000 0.00000000000000000000 0.00000000000000000000 -0.07823530323607448544  0.00500988181505585342  0.03265913931814166948  0.00008628226737188479 -0.00081515301079787095 -0.00288581170444636784
1585067892.889120 0.00000000000000000000 0.00000000000000000000 0.00000000000000000000 0.00000000000000000000 0.00000000000000000000 0.00000000000000000000 -0.08073473053182675385  0.00584766863356336441  0.03284498481259763569  0.00000132329388138422 -0.00081293200350690997 -0.00292200737937163991
1585067893.021120 0.00000000000000000000 0.00000000000000000000 0.00000000000000000000 0.00000000000000000000 0.00000000000000000000 0.00000000000000000000 -0.08108771266835110292  0.00570877379107799683  0.03287580446080490965 -0.00000215300728565232 -0.00081381920341168335 -0.00292516198700131826
1585067893.153121 0.00000000000000000000 0.00000000000000000000 0.00000000000000000000 0.00000000000000000000 0.00000000000000000000 0.00000000000000000000 -0.08142072124407627454  0.00559761393826942524  0.03290664054201043742 -0.00000376099427972065 -0.00081347898928392276 -0.00292796197895217299
1585067893.285121 0.00000000000000000000 0.00000000000000000000 0.00000000000000000000 0.00000000000000000000 0.00000000000000000000 0.00000000000000000000 -0.08176406037936552462  0.00550970844917649232  0.03294040882507959928 -0.00000486043671508418 -0.00081484884902598717 -0.00293117108537484629
1585067893.417121 0.00000000000000000000 0.00000000000000000000 0.00000000000000000000 0.00000000000000000000 0.00000000000000000000 0.00000000000000000000 -0.08207874981177006035  0.00540842481395594106  0.03297166051854731605 -0.00000640575780742654 -0.00081351283620278623 -0.00293086501422312653
1585067893.549122 0.00000000000000000000 0.00000000000000000000 0.00000000000000000000 0.00000000000000000000 0.00000000000000000000 0.00000000000000000000 -0.08252975719122306042  0.00529246387911763445  0.03300602634308300726 -0.00000948673394681824 -0.00081488880553355918 -0.00293149958246820145
1585067893.681122 0.00000000000000000000 0.00000000000000000000 0.00000000000000000000 0.00000000000000000000 0.00000000000000000000 0.00000000000000000000 -0.08289615762954032074  0.00511767239549366232  0.03303648017188477726 -0.00001233214728809349 -0.00081432091371275920 -0.00293161079695234339
1585067894.143123 0.00000000000000000000 0.00000000000000000000 0.00000000000000000000 0.00000000000000000000 0.00000000000000000000 0.00000000000000000000 -0.08396682673422629917  0.00468167665891067869  0.03313180991949655346 -0.00001803236571580778 -0.00081469709078659002 -0.00294165084726225349
1585067894.275123 0.00000000000000000000 0.00000000000000000000 0.00000000000000000000 0.00000000000000000000 0.00000000000000000000 0.00000000000000000000 -0.08441848106683891295  0.00455307862708723317  0.03316992493596268576 -0.00001932926062103028 -0.00081600289042317001 -0.00294303143995845555
1585067894.506124 0.00000000000000000000 0.00000000000000000000 0.00000000000000000000 0.00000000000000000000 0.00000000000000000000 0.00000000000000000000 -0.08495051007952914013  0.00453363910121680393  0.03320571638520805613 -0.00002083288254783489 -0.00081633305989598306 -0.00294064880498356648
1585067894.869125 0.00000000000000000000 0.00000000000000000000 0.00000000000000000000 0.00000000000000000000 0.00000000000000000000 0.00000000000000000000 -0.08555864092673472199  0.00433018256056277428  0.03326964638435114113 -0.00001908956968079920 -0.00081312406446499078 -0.00294371077442513165
1585067895.958127 0.00000000000000000000 0.00000000000000000000 0.00000000000000000000 0.00000000000000000000 0.00000000000000000000 0.00000000000000000000 -0.08771224711887938563  0.00326882352454923534  0.03347680757664035778 -0.00000782580082645777 -0.00081169678925751849 -0.00294185573414174756
1585067896.288128 0.00000000000000000000 0.00000000000000000000 0.00000000000000000000 0.00000000000000000000 0.00000000000000000000 0.00000000000000000000 -0.08778821821377792711  0.00329267833037309027  0.03350229292958880473 -0.00000920696757349884 -0.00080894045261654631 -0.00294362250984104689
1585067896.783129 0.00000000000000000000 0.00000000000000000000 0.00000000000000000000 0.00000000000000000000 0.00000000000000000000 0.00000000000000000000 -0.08772478314895348905  0.00370070397895435081  0.03350096564657319143 -0.00001127301943657615 -0.00081007944205984826 -0.00294233090122566045
1585067897.443131 0.00000000000000000000 0.00000000000000000000 0.00000000000000000000 0.00000000000000000000 0.00000000000000000000 0.00000000000000000000 -0.08809545648643082871  0.00331812859241251276  0.03353985636804224929 -0.00001554080517065865 -0.00080863364831830877 -0.00294419643302961959
1585067897.773132 0.00000000000000000000 0.00000000000000000000 0.00000000000000000000 0.00000000000000000000 0.00000000000000000000 0.00000000000000000000 -0.08787908340254810269  0.00312639623801069799  0.03354625895821072845 -0.00001707022787181565 -0.00080792613302544801 -0.00294551941573608506
1585067897.905132 0.00000000000000000000 0.00000000000000000000 0.00000000000000000000 0.00000000000000000000 0.00000000000000000000 0.00000000000000000000 -0.08790266354746585631  0.00298128503691112321  0.03355380018945348930 -0.00001592456817588135 -0.00080701289881778037 -0.00294782636784893075
1585067898.037132 0.00000000000000000000 0.00000000000000000000 0.00000000000000000000 0.00000000000000000000 0.00000000000000000000 0.00000000000000000000 -0.08790843178127838442  0.00283986505508291914  0.03356622240276012359 -0.00001600099315895236 -0.00080414156035132250 -0.00294933915232057330
1585067898.433133 0.00000000000000000000 0.00000000000000000000 0.00000000000000000000 0.00000000000000000000 0.00000000000000000000 0.00000000000000000000 -0.08786364833771147242  0.00260402294855659319  0.03358593099066393972 -0.00001606417875623112 -0.00081049078130810716 -0.00295378477419292081
1585067898.532133 0.00000000000000000000 0.00000000000000000000 0.00000000000000000000 0.00000000000000000000 0.00000000000000000000 0.00000000000000000000 -0.08791237817911770613  0.00257638670786307670  0.03359269146311631010 -0.00001734782880190718 -0.00081007451557970451 -0.00295321384469210153
1585067898.631134 0.00000000000000000000 0.00000000000000000000 0.00000000000000000000 0.00000000000000000000 0.00000000000000000000 0.00000000000000000000 -0.08792378919100105050  0.00251859022584606474  0.03359838601564547889 -0.00001800639334101586 -0.00080794777630727893 -0.00295331701960217666
1585067898.730134 0.00000000000000000000 0.00000000000000000000 0.00000000000000000000 0.00000000000000000000 0.00000000000000000000 0.00000000000000000000 -0.08791926025286520008  0.00254783861315101149  0.03359910100591873700 -0.00001863086873374741 -0.00081001232246853130 -0.00295393041306034288
1585067898.829134 0.00000000000000000000 0.00000000000000000000 0.00000000000000000000 0.00000000000000000000 0.00000000000000000000 0.00000000000000000000 -0.08777779863285056772  0.00268178831329861020  0.03359340860323864475 -0.00001845137144436621 -0.00081097238841885500 -0.00295358820769711303
1585067899.390135 0.00000000000000000000 0.00000000000000000000 0.00000000000000000000 0.00000000000000000000 0.00000000000000000000 0.00000000000000000000 -0.08775556192535301225  0.00240207705403776457  0.03360286804928321741 -0.00001959556752683592 -0.00081123052239197692 -0.00295359490159205137
1585067899.489136 0.00000000000000000000 0.00000000000000000000 0.00000000000000000000 0.00000000000000000000 0.00000000000000000000 0.00000000000000000000 -0.08779948232502515770  0.00236301720921267867  0.03360349614014568331 -0.00001902444476133175 -0.00080945531316017557 -0.00295269703654905263
1585067899.588136 0.00000000000000000000 0.00000000000000000000 0.00000000000000000000 0.00000000000000000000 0.00000000000000000000 0.00000000000000000000 -0.08770247276300897898  0.00239841364883481472  0.03359880566276437358 -0.00001779515755767516 -0.00081104091342414574 -0.00295207068860215208
1585067899.687136 0.00000000000000000000 0.00000000000000000000 0.00000000000000000000 0.00000000000000000000 0.00000000000000000000 0.00000000000000000000 -0.08768146661955711352  0.00235900909488049064  0.03360303533417877825 -0.00001689039767867199 -0.00081008769324268442 -0.00295347446090918645
1585067899.786136 0.00000000000000000000 0.00000000000000000000 0.00000000000000000000 0.00000000000000000000 0.00000000000000000000 0.00000000000000000000 -0.08758048802299651936  0.00247632907422639130  0.03359069214024937300 -0.00001677859148158607 -0.00081065089022864839 -0.00295329498471025862
1585067901.733141 0.00000000000000000000 0.00000000000000000000 0.00000000000000000000 0.00000000000000000000 0.00000000000000000000 0.00000000000000000000 -0.08694847836034351463  0.00227444147780746231  0.03357127910441138480 -0.00001126295551637694 -0.00080421491053170140 -0.00295810411844113106
1585067902.459143 0.00000000000000000000 0.00000000000000000000 0.00000000000000000000 0.00000000000000000000 0.00000000000000000000 0.00000000000000000000 -0.08684112581383902907  0.00210532128507545484  0.03355473314276941760 -0.00000929694641264501 -0.00080554055249789963 -0.00295817018328592505
1585067902.657143 0.00000000000000000000 0.00000000000000000000 0.00000000000000000000 0.00000000000000000000 0.00000000000000000000 0.00000000000000000000 -0.08674928106579468667  0.00219066927813768098  0.03354568509324911546 -0.00000974112121395054 -0.00080709440875484384 -0.00295761102603183746
1585067902.888144 0.00000000000000000000 0.00000000000000000000 0.00000000000000000000 0.00000000000000000000 0.00000000000000000000 0.00000000000000000000 -0.08656943771866529302  0.00222488000509211319  0.03352311394784605880 -0.00001148358660527683 -0.00080597089783259585 -0.00296103058894500943
1585067902.987144 0.00000000000000000000 0.00000000000000000000 0.00000000000000000000 0.00000000000000000000 0.00000000000000000000 0.00000000000000000000 -0.08657545092064608538  0.00216265319499954608  0.03352253213504553103 -0.00001157589885186356 -0.00080442936438717544 -0.00296221179771333568
1585067903.086144 0.00000000000000000000 0.00000000000000000000 0.00000000000000000000 0.00000000000000000000 0.00000000000000000000 0.00000000000000000000 -0.08661055034720788193  0.00208099571268576759  0.03352641576635365800 -0.00001109649260323770 -0.00080451640343709864 -0.00296167531357503138
1585067903.185144 0.00000000000000000000 0.00000000000000000000 0.00000000000000000000 0.00000000000000000000 0.00000000000000000000 0.00000000000000000000 -0.08653055917673099784  0.00219436149322190183  0.03352180819415082058 -0.00001153034351331874 -0.00080476900945989922 -0.00296144985488178613
1585067903.284145 0.00000000000000000000 0.00000000000000000000 0.00000000000000000000 0.00000000000000000000 0.00000000000000000000 0.00000000000000000000 -0.08649693002344097104  0.00228977445402404022  0.03351621709887761535 -0.00001224185976836502 -0.00080458674181457703 -0.00296238296001169205
1585067903.383145 0.00000000000000000000 0.00000000000000000000 0.00000000000000000000 0.00000000000000000000 0.00000000000000000000 0.00000000000000000000 -0.08656486663721076058  0.00222503083592541766  0.03351397807241350557 -0.00001259778902967594 -0.00080240155791907021 -0.00296168273030956563
1585067903.680146 0.00000000000000000000 0.00000000000000000000 0.00000000000000000000 0.00000000000000000000 0.00000000000000000000 0.00000000000000000000 -0.08656662854550289943  0.00215856347151350799  0.03350918000500033300 -0.00001299319333992769 -0.00080182924518735859 -0.00296330486054842022
1585067904.076146 0.00000000000000000000 0.00000000000000000000 0.00000000000000000000 0.00000000000000000000 0.00000000000000000000 0.00000000000000000000 -0.08662589682470742125  0.00197345364289621414  0.03350250831107610960 -0.00001154017778899486 -0.00080321739116526040 -0.00296177769269227774
1585067904.472147 0.00000000000000000000 0.00000000000000000000 0.00000000000000000000 0.00000000000000000000 0.00000000000000000000 0.00000000000000000000 -0.08664030312277301582  0.00202062363207819971  0.03349448511367689174 -0.00000982117340627366 -0.00080215383775371460 -0.00296301917483822366
1585067905.330149 0.00000000000000000000 0.00000000000000000000 0.00000000000000000000 0.00000000000000000000 0.00000000000000000000 0.00000000000000000000 -0.08645330484526764225  0.00207445564195102208  0.03346278888306121468 -0.00000715173188630613 -0.00080206719539955825 -0.00296382079740964378
1585067905.528150 0.00000000000000000000 0.00000000000000000000 0.00000000000000000000 0.00000000000000000000 0.00000000000000000000 0.00000000000000000000 -0.08641991103532335738  0.00205967117729359420  0.03345658579010447192 -0.00000724548775835396 -0.00080210819966095460 -0.00296197555147886165
1585067905.726151 0.00000000000000000000 0.00000000000000000000 0.00000000000000000000 0.00000000000000000000 0.00000000000000000000 0.00000000000000000000 -0.08641644654191389663  0.00194413872969590503  0.03345277017672097786 -0.00000815556847563924 -0.00080204854106828846 -0.00296287739766191646
1585067905.924151 0.00000000000000000000 0.00000000000000000000 0.00000000000000000000 0.00000000000000000000 0.00000000000000000000 0.00000000000000000000 -0.08647443068813789879  0.00189555089227420588  0.03344842037266200496 -0.00000742710337335331 -0.00080212350248191325 -0.00296116547278428999
1585067906.056151 0.00000000000000000000 0.00000000000000000000 0.00000000000000000000 0.00000000000000000000 0.00000000000000000000 0.00000000000000000000 -0.08646018893897680635  0.00190043747498780066  0.03343995651196617763 -0.00000880235127101971 -0.00079952527422770222 -0.00296289365228087674
1585067906.320152 0.00000000000000000000 0.00000000000000000000 0.00000000000000000000 0.00000000000000000000 0.00000000000000000000 0.00000000000000000000 -0.08658251513942519240  0.00180203886178911506  0.03343282688981374928 -0.00000716740927582344 -0.00080006529049823037 -0.00296196055416316937
1585067906.749153 0.00000000000000000000 0.00000000000000000000 0.00000000000000000000 0.00000000000000000000 0.00000000000000000000 0.00000000000000000000 -0.08647170147406589569  0.00191666441280639041  0.03341583769454677111 -0.00000916366040301601 -0.00080146480351201831 -0.00296346349659344643
1585067907.211154 0.00000000000000000000 0.00000000000000000000 0.00000000000000000000 0.00000000000000000000 0.00000000000000000000 0.00000000000000000000 -0.08623155966572572384  0.00205033166519255150  0.03338731552584221773 -0.00000947898831671012 -0.00079616288840152704 -0.00296771792833601866
1585067907.343154 0.00000000000000000000 0.00000000000000000000 0.00000000000000000000 0.00000000000000000000 0.00000000000000000000 0.00000000000000000000 -0.08615877243791651707  0.00208601592569994431  0.03337507419326422864 -0.00000980340330159290 -0.00079837098685937239 -0.00296638751118343414
1585067907.475154 0.00000000000000000000 0.00000000000000000000 0.00000000000000000000 0.00000000000000000000 0.00000000000000000000 0.00000000000000000000 -0.08611399275350813121  0.00212143437959970036  0.03337043690025365272 -0.00001010459707147179 -0.00079785852353857613 -0.00296794026317274582
1585067907.607155 0.00000000000000000000 0.00000000000000000000 0.00000000000000000000 0.00000000000000000000 0.00000000000000000000 0.00000000000000000000 -0.08600364815557365317  0.00220786557333275523  0.03336082176373370706 -0.00000975558119169671 -0.00079384894532242602 -0.00296828185265238156
1585067908.234156 0.00000000000000000000 0.00000000000000000000 0.00000000000000000000 0.00000000000000000000 0.00000000000000000000 0.00000000000000000000 -0.08600978875276635294  0.00218159565040073038  0.03333633599412148124 -0.00000587550451630802 -0.00079564610749740822 -0.00296468983678208411
1585067908.300156 0.00000000000000000000 0.00000000000000000000 0.00000000000000000000 0.00000000000000000000 0.00000000000000000000 0.00000000000000000000 -0.08601777167980698136  0.00215040396477396336  0.03333638035935775762 -0.00000609500868083868 -0.00079520651540738335 -0.00296395108894776521
1585067908.366157 0.00000000000000000000 0.00000000000000000000 0.00000000000000000000 0.00000000000000000000 0.00000000000000000000 0.00000000000000000000 -0.08602262722005711570  0.00214240016003036399  0.03333807976662236244 -0.00000582316173881701 -0.00079613952045544791 -0.00296526087457550658
1585067908.432157 0.00000000000000000000 0.00000000000000000000 0.00000000000000000000 0.00000000000000000000 0.00000000000000000000 0.00000000000000000000 -0.08594645861559509215  0.00222869368842370380  0.03333385292629465618 -0.00000614118754182450 -0.00079543876082935696 -0.00296537497276061360
1585067908.696157 0.00000000000000000000 0.00000000000000000000 0.00000000000000000000 0.00000000000000000000 0.00000000000000000000 0.00000000000000000000 -0.08588610836142142324  0.00226983030204436480  0.03331292799196172716 -0.00000655749451301361 -0.00079432058712616805 -0.00296447196187360007
1585067908.894158 0.00000000000000000000 0.00000000000000000000 0.00000000000000000000 0.00000000000000000000 0.00000000000000000000 0.00000000000000000000 -0.08598696793261600968  0.00212991473522765621  0.03330511869102543987 -0.00000691465387608312 -0.00079443450535157483 -0.00296117935848209425
1585067908.960158 0.00000000000000000000 0.00000000000000000000 0.00000000000000000000 0.00000000000000000000 0.00000000000000000000 0.00000000000000000000 -0.08594699797352418902  0.00215180534025502567  0.03329749796257164274 -0.00000786767467404072 -0.00079363266777909456 -0.00296133334043394278
1585067909.158159 0.00000000000000000000 0.00000000000000000000 0.00000000000000000000 0.00000000000000000000 0.00000000000000000000 0.00000000000000000000 -0.08597747417375355139  0.00209363375474098945  0.03329576263849781670 -0.00000857524635311797 -0.00079376055621426065 -0.00296020132712072762
1585067909.455159 0.00000000000000000000 0.00000000000000000000 0.00000000000000000000 0.00000000000000000000 0.00000000000000000000 0.00000000000000000000 -0.08597583582553761095  0.00204000865680909913  0.03329088832549331051 -0.00000673466746032125 -0.00079571962931886586 -0.00295874193629410689
1585067909.752160 0.00000000000000000000 0.00000000000000000000 0.00000000000000000000 0.00000000000000000000 0.00000000000000000000 0.00000000000000000000 -0.08589921584783094533  0.00215723502532577703  0.03328180452440467063 -0.00000342178192308098 -0.00079650668734821599 -0.00295773690511077787
1585067909.851160 0.00000000000000000000 0.00000000000000000000 0.00000000000000000000 0.00000000000000000000 0.00000000000000000000 0.00000000000000000000 -0.08590507024680690829  0.00214517513486365457  0.03328403685323391009 -0.00000392999056103298 -0.00079549979813206616 -0.00295820611127176536
1585067910.346161 0.00000000000000000000 0.00000000000000000000 0.00000000000000000000 0.00000000000000000000 0.00000000000000000000 0.00000000000000000000 -0.08577539065718986500  0.00226577494528532519  0.03326065888684149457 -0.00000466651701458322 -0.00079298782648552920 -0.00295813239505997956
1585067910.544162 0.00000000000000000000 0.00000000000000000000 0.00000000000000000000 0.00000000000000000000 0.00000000000000000000 0.00000000000000000000 -0.08579221883450469099  0.00225463192035755015  0.03324117039690751424 -0.00000863248255292184 -0.00079103224026264539 -0.00295697035113242799
1585067910.742162 0.00000000000000000000 0.00000000000000000000 0.00000000000000000000 0.00000000000000000000 0.00000000000000000000 0.00000000000000000000 -0.08575156240501291549  0.00229996537036709480  0.03322668498002750992 -0.00000988078011546826 -0.00078880339223604326 -0.00295944441322742524
1585067911.633165 0.00000000000000000000 0.00000000000000000000 0.00000000000000000000 0.00000000000000000000 0.00000000000000000000 0.00000000000000000000 -0.08573589884746091183  0.00229445050966269872  0.03318322448529741064 -0.00001140272580332833 -0.00079453716065538754 -0.00295907254935738953
1585067911.732165 0.00000000000000000000 0.00000000000000000000 0.00000000000000000000 0.00000000000000000000 0.00000000000000000000 0.00000000000000000000 -0.08573025271594403307  0.00230498955948885446  0.03318017772865551607 -0.00001092328933956164 -0.00079411288924283857 -0.00296009974031875974
1585067912.029165 0.00000000000000000000 0.00000000000000000000 0.00000000000000000000 0.00000000000000000000 0.00000000000000000000 0.00000000000000000000 -0.08571807126345838690  0.00231113594474651601  0.03317302777909902911 -0.00001123436138121494 -0.00079123507461103463 -0.00296238799357344739
1585067912.524167 0.00000000000000000000 0.00000000000000000000 0.00000000000000000000 0.00000000000000000000 0.00000000000000000000 0.00000000000000000000 -0.08573283240613872869  0.00229695141079378331  0.03316166076373500138 -0.00001063164864091800 -0.00079225198419645676 -0.00296406132184072859
1585067912.953168 0.00000000000000000000 0.00000000000000000000 0.00000000000000000000 0.00000000000000000000 0.00000000000000000000 0.00000000000000000000 -0.08563643155215723557  0.00241281384044536411  0.03313256412171894372 -0.00001203896367133678 -0.00079363978613219283 -0.00295892122564079619
1585067913.151168 0.00000000000000000000 0.00000000000000000000 0.00000000000000000000 0.00000000000000000000 0.00000000000000000000 0.00000000000000000000 -0.08573044769265768250  0.00229511931055201074  0.03313016114681548163 -0.00001268471145614708 -0.00079326565464338467 -0.00295672254586160912
1585067913.349169 0.00000000000000000000 0.00000000000000000000 0.00000000000000000000 0.00000000000000000000 0.00000000000000000000 0.00000000000000000000 -0.08568759823783538010  0.00234173805682214194  0.03313619823494202976 -0.00001231880028778971 -0.00079422460940341397 -0.00295582045632823871
1585067913.580169 0.00000000000000000000 0.00000000000000000000 0.00000000000000000000 0.00000000000000000000 0.00000000000000000000 0.00000000000000000000 -0.08577246796553729402  0.00221936328817563637  0.03313998071234221243 -0.00001121076632399180 -0.00079528294766009256 -0.00295915537959475124
1585067913.844170 0.00000000000000000000 0.00000000000000000000 0.00000000000000000000 0.00000000000000000000 0.00000000000000000000 0.00000000000000000000 -0.08578177853820374843  0.00219193549603238086  0.03314419288739296754 -0.00001057398394820109 -0.00079719910146090560 -0.00296001718289919764
1585067913.943170 0.00000000000000000000 0.00000000000000000000 0.00000000000000000000 0.00000000000000000000 0.00000000000000000000 0.00000000000000000000 -0.08578010110085536322  0.00218590488646619105  0.03314201504809193705 -0.00001065189890803892 -0.00079804912933630773 -0.00296236513359822169
1585067914.042170 0.00000000000000000000 0.00000000000000000000 0.00000000000000000000 0.00000000000000000000 0.00000000000000000000 0.00000000000000000000 -0.08584876965658554127  0.00212182873929212933  0.03314045750365395698 -0.00001040168538352422 -0.00079617045472291906 -0.00296401182525585878
1585067914.141171 0.00000000000000000000 0.00000000000000000000 0.00000000000000000000 0.00000000000000000000 0.00000000000000000000 0.00000000000000000000 -0.08582937089250847196  0.00213621704185674131  0.03312783179293742747 -0.00001134663087586980 -0.00079629744078662536 -0.00296335022253465174
1585067914.207170 0.00000000000000000000 0.00000000000000000000 0.00000000000000000000 0.00000000000000000000 0.00000000000000000000 0.00000000000000000000 -0.08578575985571089413  0.00219403143256050428  0.03311384933506761330 -0.00001128549374789650 -0.00079651416027296928 -0.00296566028435074321
1585067914.273171 0.00000000000000000000 0.00000000000000000000 0.00000000000000000000 0.00000000000000000000 0.00000000000000000000 0.00000000000000000000 -0.08578772089416204782  0.00217530442840103717  0.03310840091203406249 -0.00001119610199051023 -0.00079860963413188766 -0.00296324664160811397
1585067914.801172 0.00000000000000000000 0.00000000000000000000 0.00000000000000000000 0.00000000000000000000 0.00000000000000000000 0.00000000000000000000 -0.08578363265433104623  0.00217868887674332185  0.03312435110690681306 -0.00000957990640289339 -0.00079903624652788105 -0.00296488583634829314
1585067915.197173 0.00000000000000000000 0.00000000000000000000 0.00000000000000000000 0.00000000000000000000 0.00000000000000000000 0.00000000000000000000 -0.08569814073111278740  0.00228273179758458483  0.03311388915495624280 -0.00000846053625127368 -0.00079774969024452586 -0.00296503919918996188
1585067915.725174 0.00000000000000000000 0.00000000000000000000 0.00000000000000000000 0.00000000000000000000 0.00000000000000000000 0.00000000000000000000 -0.08568357352324960929  0.00231332945486173100  0.03309733018157321599 -0.00000940157008710277 -0.00079971123504793136 -0.00296773652495344736
1585067916.154175 0.00000000000000000000 0.00000000000000000000 0.00000000000000000000 0.00000000000000000000 0.00000000000000000000 0.00000000000000000000 -0.08578330227206608372  0.00216704947305444316  0.03309503863502543525 -0.00000757791828996739 -0.00080066831061068055 -0.00296691189687239799
1585067916.484176 0.00000000000000000000 0.00000000000000000000 0.00000000000000000000 0.00000000000000000000 0.00000000000000000000 0.00000000000000000000 -0.08582236648310236082  0.00210555857601537081  0.03308852323370647941 -0.00000716178388100908 -0.00080036740255041939 -0.00296472398309552063
1585067917.309178 0.00000000000000000000 0.00000000000000000000 0.00000000000000000000 0.00000000000000000000 0.00000000000000000000 0.00000000000000000000 -0.08573000403522348933  0.00218405698280699397  0.03304756314022235658 -0.00000237093252889532 -0.00079617523200980122 -0.00295921976272000382
1585067917.507179 0.00000000000000000000 0.00000000000000000000 0.00000000000000000000 0.00000000000000000000 0.00000000000000000000 0.00000000000000000000 -0.08568234677401956323  0.00223706381727380643  0.03303294189599519093 -0.00000163903066808805 -0.00079844351037240962 -0.00295863063163275767
1585067917.606179 0.00000000000000000000 0.00000000000000000000 0.00000000000000000000 0.00000000000000000000 0.00000000000000000000 0.00000000000000000000 -0.08565898744346713001  0.00224746212527102748  0.03302373822800013653 -0.00000091441723934846 -0.00080048424543069970 -0.00295976737646562287
1585067917.705179 0.00000000000000000000 0.00000000000000000000 0.00000000000000000000 0.00000000000000000000 0.00000000000000000000 0.00000000000000000000 -0.08561783482648166466  0.00230768556126831901  0.03301821395619233129  0.00000063967994064901 -0.00079974033666328434 -0.00296047827294081394
1585067917.804179 0.00000000000000000000 0.00000000000000000000 0.00000000000000000000 0.00000000000000000000 0.00000000000000000000 0.00000000000000000000 -0.08560275575552479810  0.00232949638685041489  0.03300740111274661631  0.00000252560817554895 -0.00079922572201232729 -0.00296160075441956805
1585067917.903179 0.00000000000000000000 0.00000000000000000000 0.00000000000000000000 0.00000000000000000000 0.00000000000000000000 0.00000000000000000000 -0.08556162840609263243  0.00237424129357976122  0.03299426997659715699  0.00000474003501815531 -0.00079968072856586160 -0.00296304124852528328
1585067918.101180 0.00000000000000000000 0.00000000000000000000 0.00000000000000000000 0.00000000000000000000 0.00000000000000000000 0.00000000000000000000 -0.08548734141664580954  0.00250088267830487739  0.03297387604101329611  0.00000870401591157701 -0.00079938788103630460 -0.00295992242687649447
1585067918.200180 0.00000000000000000000 0.00000000000000000000 0.00000000000000000000 0.00000000000000000000 0.00000000000000000000 0.00000000000000000000 -0.08546002354366855069  0.00259002064536536852  0.03296864025080959576  0.00001016249981012538 -0.00079681388694630487 -0.00295981567656066489
1585067918.299180 0.00000000000000000000 0.00000000000000000000 0.00000000000000000000 0.00000000000000000000 0.00000000000000000000 0.00000000000000000000 -0.08547786179494420988  0.00258594726344028554  0.03296010141264871240  0.00001094556530203338 -0.00079583873780492045 -0.00295807979852439132
1585067918.596181 0.00000000000000000000 0.00000000000000000000 0.00000000000000000000 0.00000000000000000000 0.00000000000000000000 0.00000000000000000000 -0.08535593833392557395  0.00274058698163299683  0.03292205075951581267  0.00001827449501532487 -0.00079031369067930472 -0.00295791002075240870
1585067918.794181 0.00000000000000000000 0.00000000000000000000 0.00000000000000000000 0.00000000000000000000 0.00000000000000000000 0.00000000000000000000 -0.08533111091865404341  0.00282176460113197020  0.03290596884578449177  0.00002319374640965480 -0.00079176663070782056 -0.00295411432217957933
1585067918.992182 0.00000000000000000000 0.00000000000000000000 0.00000000000000000000 0.00000000000000000000 0.00000000000000000000 0.00000000000000000000 -0.08524394629034680315  0.00303471893163367130  0.03288270224220696258  0.00002778151377175788 -0.00079468804481905048 -0.00294840113289804350
1585067919.058182 0.00000000000000000000 0.00000000000000000000 0.00000000000000000000 0.00000000000000000000 0.00000000000000000000 0.00000000000000000000 -0.08518759808209498685  0.00314906349413741427  0.03286742139648109878  0.00002862816307941448 -0.00079442482590367906 -0.00294761069289383587
1585067919.256182 0.00000000000000000000 0.00000000000000000000 0.00000000000000000000 0.00000000000000000000 0.00000000000000000000 0.00000000000000000000 -0.08514470255374619045  0.00319914218515570141  0.03285510731727273037  0.00003068929854691637 -0.00079424667467458342 -0.00294632655649362850
1585067919.355183 0.00000000000000000000 0.00000000000000000000 0.00000000000000000000 0.00000000000000000000 0.00000000000000000000 0.00000000000000000000 -0.08511550327775925517  0.00323712398936476997  0.03284210901058964155  0.00003274835612824374 -0.00079666983083586621 -0.00294479436539380043
1585067919.454183 0.00000000000000000000 0.00000000000000000000 0.00000000000000000000 0.00000000000000000000 0.00000000000000000000 0.00000000000000000000 -0.08509541235361545164  0.00330364086498914980  0.03283474273248092323  0.00003620843266154708 -0.00079732496460841807 -0.00294449117909305162
1585067919.553183 0.00000000000000000000 0.00000000000000000000 0.00000000000000000000 0.00000000000000000000 0.00000000000000000000 0.00000000000000000000 -0.08509722415181282529  0.00337150852030741310  0.03281981482488718904  0.00003844895539184240 -0.00079929484121325550 -0.00294188776703088956
1585067919.652184 0.00000000000000000000 0.00000000000000000000 0.00000000000000000000 0.00000000000000000000 0.00000000000000000000 0.00000000000000000000 -0.08510781327495496595  0.00346807299343362312  0.03281464933961171504  0.00004163620566916293 -0.00080032412944812533 -0.00294038936702440377
1585067919.850184 0.00000000000000000000 0.00000000000000000000 0.00000000000000000000 0.00000000000000000000 0.00000000000000000000 0.00000000000000000000 -0.08509422865106787415  0.00346264626360046242  0.03279105757282953920  0.00004385787241686530 -0.00079877828345571375 -0.00293976381642055981
1585067919.916184 0.00000000000000000000 0.00000000000000000000 0.00000000000000000000 0.00000000000000000000 0.00000000000000000000 0.00000000000000000000 -0.08511167047455613088  0.00349479478913641665  0.03277831669461045427  0.00004489697520274627 -0.00079791064610326419 -0.00293915814887806123
1585067919.982184 0.00000000000000000000 0.00000000000000000000 0.00000000000000000000 0.00000000000000000000 0.00000000000000000000 0.00000000000000000000 -0.08510671694200248882  0.00360416207890329986  0.03276767583774916476  0.00004487569574511729 -0.00079684931432102795 -0.00293935432571179427
1585067920.081185 0.00000000000000000000 0.00000000000000000000 0.00000000000000000000 0.00000000000000000000 0.00000000000000000000 0.00000000000000000000 -0.08510929578718681721  0.00361635396193525985  0.03276083501796603348  0.00004638040018791096 -0.00079607554363556629 -0.00294022414409196272
1585067920.147185 0.00000000000000000000 0.00000000000000000000 0.00000000000000000000 0.00000000000000000000 0.00000000000000000000 0.00000000000000000000 -0.08509631130183151204  0.00364884024332701304  0.03274693090176560711  0.00004936577601485751 -0.00079661773327260616 -0.00293795209948978162
1585067920.213185 0.00000000000000000000 0.00000000000000000000 0.00000000000000000000 0.00000000000000000000 0.00000000000000000000 0.00000000000000000000 -0.08505965988260646982  0.00361630586122302323  0.03273774526521198991  0.00005184516200126696 -0.00079702727626800919 -0.00293848530763315572
1585067920.312185 0.00000000000000000000 0.00000000000000000000 0.00000000000000000000 0.00000000000000000000 0.00000000000000000000 0.00000000000000000000 -0.08505253814018140512  0.00363718389058386360  0.03272707500713237933  0.00005604966046648883 -0.00079840716216099102 -0.00293705123737680830
1585067920.378185 0.00000000000000000000 0.00000000000000000000 0.00000000000000000000 0.00000000000000000000 0.00000000000000000000 0.00000000000000000000 -0.08508228264568511168  0.00373841032975067659  0.03271597545717903205  0.00005641059572159202 -0.00079960407003830110 -0.00293458142304142385
1585067921.170187 0.00000000000000000000 0.00000000000000000000 0.00000000000000000000 0.00000000000000000000 0.00000000000000000000 0.00000000000000000000 -0.08503046813653489244  0.00380578801775909720  0.03261058111284924343  0.00006251855795672868 -0.00079402169023643941 -0.00293031708079359359
1585067921.434187 0.00000000000000000000 0.00000000000000000000 0.00000000000000000000 0.00000000000000000000 0.00000000000000000000 0.00000000000000000000 -0.08506558737622237076  0.00382447457326219988  0.03262122346381815530  0.00006716718893708819 -0.00079598163265167516 -0.00292786064050081689
1585067922.490190 0.00000000000000000000 0.00000000000000000000 0.00000000000000000000 0.00000000000000000000 0.00000000000000000000 0.00000000000000000000 -0.08488319805584780553  0.00350588387949395423  0.03245074054180339257  0.00006622305839909154 -0.00079249706205829099 -0.00293069995102101643
1585067922.886191 0.00000000000000000000 0.00000000000000000000 0.00000000000000000000 0.00000000000000000000 0.00000000000000000000 0.00000000000000000000 -0.08487653456841452726  0.00334683684882641211  0.03243529816505155011  0.00006747143278758908 -0.00079711372298596505 -0.00293212225535241251
1585067923.018191 0.00000000000000000000 0.00000000000000000000 0.00000000000000000000 0.00000000000000000000 0.00000000000000000000 0.00000000000000000000 -0.08493341789489677884  0.00334086651112315428  0.03243428138751447420  0.00006677132412246508 -0.00079617737627952557 -0.00293271344480025434
1585067923.414192 0.00000000000000000000 0.00000000000000000000 0.00000000000000000000 0.00000000000000000000 0.00000000000000000000 0.00000000000000000000 -0.08504502389462162415  0.00330823423482376651  0.03240511555335810756  0.00006888958017374054 -0.00079136820266996369 -0.00293660506772543952
1585067923.546193 0.00000000000000000000 0.00000000000000000000 0.00000000000000000000 0.00000000000000000000 0.00000000000000000000 0.00000000000000000000 -0.08504624298582419417  0.00331446955420679418  0.03239524179374125845  0.00006825357346141289 -0.00079115186320272059 -0.00293983105365728603
1585067923.678193 0.00000000000000000000 0.00000000000000000000 0.00000000000000000000 0.00000000000000000000 0.00000000000000000000 0.00000000000000000000 -0.08498143704888865002  0.00322122797602952772  0.03238838074784396170  0.00006849313499725164 -0.00079108811495473173 -0.00294089932687002700
1585067923.777193 0.00000000000000000000 0.00000000000000000000 0.00000000000000000000 0.00000000000000000000 0.00000000000000000000 0.00000000000000000000 -0.08490369854066387445  0.00318190630394874852  0.03237131758319663349  0.00006734333204517773 -0.00079445087620992182 -0.00294141600730232289
1585067923.876193 0.00000000000000000000 0.00000000000000000000 0.00000000000000000000 0.00000000000000000000 0.00000000000000000000 0.00000000000000000000 -0.08494148274835462697  0.00319290442607983189  0.03235713922574633139  0.00006705612616511465 -0.00079590564183998618 -0.00293923273389451933
1585067923.975194 0.00000000000000000000 0.00000000000000000000 0.00000000000000000000 0.00000000000000000000 0.00000000000000000000 0.00000000000000000000 -0.08498223348864615556  0.00312499140810237625  0.03235421864885992815  0.00006683792915622841 -0.00079460095689541123 -0.00293948826911274216
1585067924.800196 0.00000000000000000000 0.00000000000000000000 0.00000000000000000000 0.00000000000000000000 0.00000000000000000000 0.00000000000000000000 -0.08500098888274693065  0.00274269810268194195  0.03228228296896212823  0.00006965385603531065 -0.00079862170414058081 -0.00294264534480629834
1585067925.196196 0.00000000000000000000 0.00000000000000000000 0.00000000000000000000 0.00000000000000000000 0.00000000000000000000 0.00000000000000000000 -0.08518715563916251510  0.00263693405190440922  0.03226701863123637715  0.00007017751926359000 -0.00079538805626962498 -0.00294550754397937715
1585067925.460197 0.00000000000000000000 0.00000000000000000000 0.00000000000000000000 0.00000000000000000000 0.00000000000000000000 0.00000000000000000000 -0.08535593928993852331  0.00255758844439844292  0.03225317814846252740  0.00006935047355964102 -0.00079478107385231732 -0.00294650856746675894
1585067925.724198 0.00000000000000000000 0.00000000000000000000 0.00000000000000000000 0.00000000000000000000 0.00000000000000000000 0.00000000000000000000 -0.08541145849875850238  0.00248578393779573135  0.03223888832904138468  0.00006808760794033964 -0.00079921842144913533 -0.00294364889196263276
1585067925.856198 0.00000000000000000000 0.00000000000000000000 0.00000000000000000000 0.00000000000000000000 0.00000000000000000000 0.00000000000000000000 -0.08542521909958740445  0.00242076284932500954  0.03223446238547589965  0.00006875981858558112 -0.00079976942036045693 -0.00294389198338398071
1585067926.120199 0.00000000000000000000 0.00000000000000000000 0.00000000000000000000 0.00000000000000000000 0.00000000000000000000 0.00000000000000000000 -0.08539749206933307246  0.00232260338777483819  0.03222282144766892148  0.00006937004066641343 -0.00080310647311045353 -0.00294444403450633274
1585067926.714200 0.00000000000000000000 0.00000000000000000000 0.00000000000000000000 0.00000000000000000000 0.00000000000000000000 0.00000000000000000000 -0.08559553153628574051  0.00218560074604850227  0.03220389356982835544  0.00006752006072087192 -0.00080414119673687340 -0.00294287673435358410
1585067927.077201 0.00000000000000000000 0.00000000000000000000 0.00000000000000000000 0.00000000000000000000 0.00000000000000000000 0.00000000000000000000 -0.08560058764278195842  0.00212270690679270367  0.03218489009623339003  0.00006966228123511201 -0.00080930751555789336 -0.00294201989427238459
1585067927.308202 0.00000000000000000000 0.00000000000000000000 0.00000000000000000000 0.00000000000000000000 0.00000000000000000000 0.00000000000000000000 -0.08562525656757505321  0.00213029471799421923  0.03217175681130755860  0.00006755984539252005 -0.00080922974470391828 -0.00294201191542616154
1585067927.407202 0.00000000000000000000 0.00000000000000000000 0.00000000000000000000 0.00000000000000000000 0.00000000000000000000 0.00000000000000000000 -0.08556752006773644947  0.00209454507744907771  0.03215626661017662730  0.00006779560448653583 -0.00080822984174473526 -0.00294072101120572199
1585067927.506202 0.00000000000000000000 0.00000000000000000000 0.00000000000000000000 0.00000000000000000000 0.00000000000000000000 0.00000000000000000000 -0.08542312150381958791  0.00198165137307430633  0.03214768712499044279  0.00006743144036045075 -0.00080996688675786046 -0.00294221097448431074
1585067927.605202 0.00000000000000000000 0.00000000000000000000 0.00000000000000000000 0.00000000000000000000 0.00000000000000000000 0.00000000000000000000 -0.08536559004072793999  0.00189451798066314256  0.03213608794648615402  0.00006665535118034935 -0.00080897943028039056 -0.00294284394306635342
1585067927.704202 0.00000000000000000000 0.00000000000000000000 0.00000000000000000000 0.00000000000000000000 0.00000000000000000000 0.00000000000000000000 -0.08541089889851742611  0.00191185841953633775  0.03213089525403792918  0.00006647670949194050 -0.00081020382910820127 -0.00294297034599035143
1585067927.836203 0.00000000000000000000 0.00000000000000000000 0.00000000000000000000 0.00000000000000000000 0.00000000000000000000 0.00000000000000000000 -0.08536367998623489717  0.00184104142695640130  0.03212183495178967674  0.00006445793444728300 -0.00081034944624141939 -0.00294354743656297189
1585067927.968203 0.00000000000000000000 0.00000000000000000000 0.00000000000000000000 0.00000000000000000000 0.00000000000000000000 0.00000000000000000000 -0.08533056225474405787  0.00185102820057932030  0.03211393286816958265  0.00006482983313633980 -0.00080940126377304839 -0.00294232925281167788
1585067929.915208 0.00000000000000000000 0.00000000000000000000 0.00000000000000000000 0.00000000000000000000 0.00000000000000000000 0.00000000000000000000 -0.08474147480469507165  0.00217760488865679971  0.03205714804276820623  0.00006618264526446869 -0.00081380084083643720 -0.00294937954791754100
1585067930.773210 0.00000000000000000000 0.00000000000000000000 0.00000000000000000000 0.00000000000000000000 0.00000000000000000000 0.00000000000000000000 -0.08482937946102403481  0.00237770518186349337  0.03203802696103748987  0.00007622881273164180 -0.00081843491902042946 -0.00295116115342863167
1585067931.202211 0.00000000000000000000 0.00000000000000000000 0.00000000000000000000 0.00000000000000000000 0.00000000000000000000 0.00000000000000000000 -0.08473720490634639724  0.00217651943235545311  0.03195769427150095543  0.00007319661392300925 -0.00081982738139274461 -0.00294494917610950684
1585067931.697212 0.00000000000000000000 0.00000000000000000000 0.00000000000000000000 0.00000000000000000000 0.00000000000000000000 0.00000000000000000000 -0.08490318357768183999  0.00229311788995781958  0.03195337557125777633  0.00007713436551984844 -0.00081785922762145954 -0.00294493858791718566
1585067931.829212 0.00000000000000000000 0.00000000000000000000 0.00000000000000000000 0.00000000000000000000 0.00000000000000000000 0.00000000000000000000 -0.08512055505257969112  0.00242636434168744730  0.03194962704163264305  0.00007856587472526033 -0.00081919492327080093 -0.00294235883638011963
1585067932.423214 0.00000000000000000000 0.00000000000000000000 0.00000000000000000000 0.00000000000000000000 0.00000000000000000000 0.00000000000000000000 -0.08505707695055067519  0.00253914100373524429  0.03185944822667607923  0.00008398496741493488 -0.00082153065153156904 -0.00294245362567355923
1585067932.819215 0.00000000000000000000 0.00000000000000000000 0.00000000000000000000 0.00000000000000000000 0.00000000000000000000 0.00000000000000000000 -0.08513988158884906732  0.00257658665874279519  0.03183270232301885216  0.00008633105855053077 -0.00082487551463580791 -0.00293480227041014331
1585067933.182215 0.00000000000000000000 0.00000000000000000000 0.00000000000000000000 0.00000000000000000000 0.00000000000000000000 0.00000000000000000000 -0.08534940689549920523  0.00267420154785502021  0.03182506428652410319  0.00009373455927583282 -0.00081721361132730433 -0.00293373866202162152
1585067933.776217 0.00000000000000000000 0.00000000000000000000 0.00000000000000000000 0.00000000000000000000 0.00000000000000000000 0.00000000000000000000 -0.08577460897285738017  0.00287958735611976114  0.03182071628906353589  0.00010509925783599263 -0.00081221195596529918 -0.00293689703753776364
1585067935.195220 0.00000000000000000000 0.00000000000000000000 0.00000000000000000000 0.00000000000000000000 0.00000000000000000000 0.00000000000000000000 -0.08671170991231672009  0.00322417773241740792  0.03166664698647626147  0.00012176616414245688 -0.00081157128716396868 -0.00292673371699891070
1585067935.294220 0.00000000000000000000 0.00000000000000000000 0.00000000000000000000 0.00000000000000000000 0.00000000000000000000 0.00000000000000000000 -0.08681814771308982159  0.00324681005548124822  0.03164808765820126962  0.00012117394048273455 -0.00081174715282125612 -0.00292660106226465093
1585067936.218223 0.00000000000000000000 0.00000000000000000000 0.00000000000000000000 0.00000000000000000000 0.00000000000000000000 0.00000000000000000000 -0.08736543333944264689  0.00322498798869208340  0.03154792256917927917  0.00012292938431016022 -0.00081421311246136047 -0.00292447955340222531
1585067936.350223 0.00000000000000000000 0.00000000000000000000 0.00000000000000000000 0.00000000000000000000 0.00000000000000000000 0.00000000000000000000 -0.08753698591779983385  0.00323640780144100878  0.03153846371872683074  0.00012258284244048590 -0.00081411792471294321 -0.00292325328625138436
1585067936.449224 0.00000000000000000000 0.00000000000000000000 0.00000000000000000000 0.00000000000000000000 0.00000000000000000000 0.00000000000000000000 -0.08763283698959792312  0.00321922013427377880  0.03153104698156509317  0.00012181474563660232 -0.00081421850637186308 -0.00292352284830167154
1585067937.274225 0.00000000000000000000 0.00000000000000000000 0.00000000000000000000 0.00000000000000000000 0.00000000000000000000 0.00000000000000000000 -0.08793558868455818300  0.00294194154746092859  0.03147556217559963065  0.00011972374108071564 -0.00082211586056678146 -0.00292120686609513612
1585067937.868227 0.00000000000000000000 0.00000000000000000000 0.00000000000000000000 0.00000000000000000000 0.00000000000000000000 0.00000000000000000000 -0.08816789287970036582  0.00281803615157504754  0.03142839946772432030  0.00011892788581230541 -0.00081967951948386155 -0.00292046110503024021
1585067937.967227 0.00000000000000000000 0.00000000000000000000 0.00000000000000000000 0.00000000000000000000 0.00000000000000000000 0.00000000000000000000 -0.08822557721030675759  0.00275969408183490217  0.03143715311946750079  0.00012203111487590664 -0.00081879608456826927 -0.00291970513404923946
1585067939.122230 0.00000000000000000000 0.00000000000000000000 0.00000000000000000000 0.00000000000000000000 0.00000000000000000000 0.00000000000000000000 -0.08848654161271077290  0.00265363710166557562  0.03141985015995812230  0.00011903065125281900 -0.00082230038851865094 -0.00291739157854772500
1585067940.706233 0.00000000000000000000 0.00000000000000000000 0.00000000000000000000 0.00000000000000000000 0.00000000000000000000 0.00000000000000000000 -0.08798420566015517641  0.00290310808114832824  0.03126581545225147474  0.00011828370618254460 -0.00082646011021702854 -0.00292348098354118600
1585067941.333235 0.00000000000000000000 0.00000000000000000000 0.00000000000000000000 0.00000000000000000000 0.00000000000000000000 0.00000000000000000000 -0.08788845346170627570  0.00300524897049319348  0.03123002815105420729  0.00011709764612846880 -0.00083202039927894741 -0.00292382100064222895
1585067942.059237 0.00000000000000000000 0.00000000000000000000 0.00000000000000000000 0.00000000000000000000 0.00000000000000000000 0.00000000000000000000 -0.08765825036095585554  0.00304546585515040038  0.03117544261390427576  0.00011464790597693971 -0.00083133549570562606 -0.00292735607968791804
1585067943.148239 0.00000000000000000000 0.00000000000000000000 0.00000000000000000000 0.00000000000000000000 0.00000000000000000000 0.00000000000000000000 -0.08733336345489850494  0.00314214688731983150  0.03114516050361303134  0.00011656290990070402 -0.00083292448563180395 -0.00292902593592777065
1585067943.511240 0.00000000000000000000 0.00000000000000000000 0.00000000000000000000 0.00000000000000000000 0.00000000000000000000 0.00000000000000000000 -0.08740053339351419592  0.00315779368904849827  0.03119783355862869659  0.00012265320722593500 -0.00082958036580967217 -0.00292858432641096436
1585067944.072241 0.00000000000000000000 0.00000000000000000000 0.00000000000000000000 0.00000000000000000000 0.00000000000000000000 0.00000000000000000000 -0.08738086209208348332  0.00317193236516716314  0.03116483024993457751  0.00012743403929929637 -0.00082762047794572276 -0.00292854816022568168
1585067944.468242 0.00000000000000000000 0.00000000000000000000 0.00000000000000000000 0.00000000000000000000 0.00000000000000000000 0.00000000000000000000 -0.08735818325283324637  0.00324441838426174243  0.03116424671750936404  0.00012764111117675097 -0.00082972928910121820 -0.00292701753450862450
1585067944.963243 0.00000000000000000000 0.00000000000000000000 0.00000000000000000000 0.00000000000000000000 0.00000000000000000000 0.00000000000000000000 -0.08730886996708937808  0.00325415228744705722  0.03113355515550498415  0.00012223608888066716 -0.00084074155213595902 -0.00292473544209192159
1585067945.722245 0.00000000000000000000 0.00000000000000000000 0.00000000000000000000 0.00000000000000000000 0.00000000000000000000 0.00000000000000000000 -0.08716030548118987309  0.00342222935518328008  0.03106887543605682186  0.00012565746232636832 -0.00084477877639010446 -0.00292464260670069042
1585067946.943248 0.00000000000000000000 0.00000000000000000000 0.00000000000000000000 0.00000000000000000000 0.00000000000000000000 0.00000000000000000000 -0.08682417771123675243  0.00352266488558008583  0.03101102116273219203  0.00012831723296710543 -0.00084360483457678167 -0.00292763537893257590
1585067947.603250 0.00000000000000000000 0.00000000000000000000 0.00000000000000000000 0.00000000000000000000 0.00000000000000000000 0.00000000000000000000 -0.08687549022339149940  0.00371311935518290996  0.03102092732460594304  0.00012473667628977756 -0.00083837663618761458 -0.00293246212544393632
1585067948.725253 0.00000000000000000000 0.00000000000000000000 0.00000000000000000000 0.00000000000000000000 0.00000000000000000000 0.00000000000000000000 -0.08689490937749679011  0.00402752605098041609  0.03100007829784567903  0.00010924396342312365 -0.00083057329702349286 -0.00293670613441597735
1585067949.418254 0.00000000000000000000 0.00000000000000000000 0.00000000000000000000 0.00000000000000000000 0.00000000000000000000 0.00000000000000000000 -0.08690691308468269372  0.00411220171148295524  0.03099693488171405276  0.00010005266029451089 -0.00083147812068827738 -0.00293063004724885591
1585067949.484254 0.00000000000000000000 0.00000000000000000000 0.00000000000000000000 0.00000000000000000000 0.00000000000000000000 0.00000000000000000000 -0.08690882010056015516  0.00412092404421811852  0.03099671558561952964  0.00009965069047510152 -0.00082980852988810293 -0.00292998283706104269
1585067949.550255 0.00000000000000000000 0.00000000000000000000 0.00000000000000000000 0.00000000000000000000 0.00000000000000000000 0.00000000000000000000 -0.08688925834730770736  0.00412181071556475421  0.03100000376203709482  0.00009837127086345791 -0.00083192004690069122 -0.00292889768909572207
1585067949.814255 0.00000000000000000000 0.00000000000000000000 0.00000000000000000000 0.00000000000000000000 0.00000000000000000000 0.00000000000000000000 -0.08693617698063677013  0.00422109320694295451  0.03099185951087943258  0.00009152280178939196 -0.00083336888615849795 -0.00292858474181971170
1585067949.880255 0.00000000000000000000 0.00000000000000000000 0.00000000000000000000 0.00000000000000000000 0.00000000000000000000 0.00000000000000000000 -0.08692348954099590741  0.00418414320431399669  0.03098968861998990104  0.00008962602185838253 -0.00083205260799064287 -0.00293312171290381445
1585067950.177256 0.00000000000000000000 0.00000000000000000000 0.00000000000000000000 0.00000000000000000000 0.00000000000000000000 0.00000000000000000000 -0.08704597670353862726  0.00434631940008122376  0.03099217097684678693  0.00008283658745392247 -0.00083161877180843748 -0.00293624849377696878
1585067950.441257 0.00000000000000000000 0.00000000000000000000 0.00000000000000000000 0.00000000000000000000 0.00000000000000000000 0.00000000000000000000 -0.08708012159103434291  0.00439103583107747567  0.03102250190609197322  0.00007680952758830719 -0.00083306779881087384 -0.00293953907166454812
1585067950.540257 0.00000000000000000000 0.00000000000000000000 0.00000000000000000000 0.00000000000000000000 0.00000000000000000000 0.00000000000000000000 -0.08712258705371381251  0.00441908132625574990  0.03102499362288789475  0.00007411078964277049 -0.00083489383470061306 -0.00294029778443728653
1585067950.738257 0.00000000000000000000 0.00000000000000000000 0.00000000000000000000 0.00000000000000000000 0.00000000000000000000 0.00000000000000000000 -0.08711536197853765595  0.00443465845998930724  0.03104387538597051452  0.00007290626738244760 -0.00083673497086498834 -0.00293952297638668068
1585067950.936258 0.00000000000000000000 0.00000000000000000000 0.00000000000000000000 0.00000000000000000000 0.00000000000000000000 0.00000000000000000000 -0.08714156583868411243  0.00444392975916581626  0.03105911214718851121  0.00006844454117568076 -0.00083664141889713719 -0.00294037281580078426
1585067951.134258 0.00000000000000000000 0.00000000000000000000 0.00000000000000000000 0.00000000000000000000 0.00000000000000000000 0.00000000000000000000 -0.08716465518511215538  0.00445205912087189449  0.03107190520557771146  0.00006655118661908432 -0.00084114554108676487 -0.00294118571642702342
1585067951.662259 0.00000000000000000000 0.00000000000000000000 0.00000000000000000000 0.00000000000000000000 0.00000000000000000000 0.00000000000000000000 -0.08714884823111346268  0.00443056805588613965  0.03115544682472958307  0.00006147183117026543 -0.00083955980187071851 -0.00294027485566346423
1585067951.860260 0.00000000000000000000 0.00000000000000000000 0.00000000000000000000 0.00000000000000000000 0.00000000000000000000 0.00000000000000000000 -0.08721404987661186825  0.00442239832577252193  0.03117168999123498541  0.00005807786031748706 -0.00083941400430831219 -0.00294618365552355493
1585067951.959260 0.00000000000000000000 0.00000000000000000000 0.00000000000000000000 0.00000000000000000000 0.00000000000000000000 0.00000000000000000000 -0.08723618976010207027  0.00441147942797858166  0.03118127015472841809  0.00005786038450261879 -0.00083977034624379762 -0.00294696767832808293
1585067952.058260 0.00000000000000000000 0.00000000000000000000 0.00000000000000000000 0.00000000000000000000 0.00000000000000000000 0.00000000000000000000 -0.08723359995349501406  0.00440135101236768019  0.03119219098830633419  0.00005737273322558374 -0.00084192789744308167 -0.00294716056896900504
1585067952.124261 0.00000000000000000000 0.00000000000000000000 0.00000000000000000000 0.00000000000000000000 0.00000000000000000000 0.00000000000000000000 -0.08726020197665773637  0.00435820352071556848  0.03120590328742503181  0.00005722124108107315 -0.00084332037824069446 -0.00294668362247135426
1585067952.322261 0.00000000000000000000 0.00000000000000000000 0.00000000000000000000 0.00000000000000000000 0.00000000000000000000 0.00000000000000000000 -0.08725943821486227547  0.00435366920619320065  0.03122450336772853580  0.00005328834224035397 -0.00084235380514097690 -0.00294861782431742828
1585067952.520262 0.00000000000000000000 0.00000000000000000000 0.00000000000000000000 0.00000000000000000000 0.00000000000000000000 0.00000000000000000000 -0.08731504390053089482  0.00431833112249956595  0.03125067887016823309  0.00005221000077259977 -0.00084074449203219888 -0.00294998577774895380
1585067952.718262 0.00000000000000000000 0.00000000000000000000 0.00000000000000000000 0.00000000000000000000 0.00000000000000000000 0.00000000000000000000 -0.08737129984417367490  0.00426478013890387204  0.03127573611936133174  0.00004995630211064110 -0.00083935739514984220 -0.00295212049017300670
1585067952.916262 0.00000000000000000000 0.00000000000000000000 0.00000000000000000000 0.00000000000000000000 0.00000000000000000000 0.00000000000000000000 -0.08734920129474109396  0.00416066671695614239  0.03129492558127339868  0.00004554289573606992 -0.00084181687027037389 -0.00295064930931306958
1585067952.982263 0.00000000000000000000 0.00000000000000000000 0.00000000000000000000 0.00000000000000000000 0.00000000000000000000 0.00000000000000000000 -0.08744992491493301656  0.00413557587357168358  0.03130121985904029541  0.00004649339138978848 -0.00084007809213138679 -0.00295181260209822615
1585067953.180263 0.00000000000000000000 0.00000000000000000000 0.00000000000000000000 0.00000000000000000000 0.00000000000000000000 0.00000000000000000000 -0.08745177759583881716  0.00410310711680419125  0.03131499115629353402  0.00004387278982958124 -0.00084003222682219720 -0.00295247915176135439
1585067953.246263 0.00000000000000000000 0.00000000000000000000 0.00000000000000000000 0.00000000000000000000 0.00000000000000000000 0.00000000000000000000 -0.08748184366439160087  0.00407711590550798118  0.03132592988496448599  0.00004332500407666413 -0.00083932187068489579 -0.00295462733616268453
1585067953.345264 0.00000000000000000000 0.00000000000000000000 0.00000000000000000000 0.00000000000000000000 0.00000000000000000000 0.00000000000000000000 -0.08749619764549096401  0.00401371582736741780  0.03133289848601024385  0.00004193578130432999 -0.00083834656173288656 -0.00295573923860136326
1585067953.411264 0.00000000000000000000 0.00000000000000000000 0.00000000000000000000 0.00000000000000000000 0.00000000000000000000 0.00000000000000000000 -0.08755055756641312581  0.00400342555016255149  0.03134605256387387046  0.00004273075639574783 -0.00083830673140612895 -0.00295697212887907710
1585067953.477264 0.00000000000000000000 0.00000000000000000000 0.00000000000000000000 0.00000000000000000000 0.00000000000000000000 0.00000000000000000000 -0.08755982170820850174  0.00396665444035722379  0.03135576611042700801  0.00004253418464491474 -0.00083847464238436550 -0.00295853330044153857
1585067953.543264 0.00000000000000000000 0.00000000000000000000 0.00000000000000000000 0.00000000000000000000 0.00000000000000000000 0.00000000000000000000 -0.08761016456263634455  0.00391452099217317034  0.03136636644871441254  0.00004131281935346088 -0.00083958215350087267 -0.00295900267702658591
1585067954.203265 0.00000000000000000000 0.00000000000000000000 0.00000000000000000000 0.00000000000000000000 0.00000000000000000000 0.00000000000000000000 -0.08767916959171932756  0.00372079092752373389  0.03140082770310270027  0.00003988472181730765 -0.00084333284844888908 -0.00296234483606085683
1585067954.401266 0.00000000000000000000 0.00000000000000000000 0.00000000000000000000 0.00000000000000000000 0.00000000000000000000 0.00000000000000000000 -0.08767764047678353045  0.00371547309987303688  0.03142114914107740214  0.00003860124780426224 -0.00083844526646789218 -0.00296505739378872613
1585067954.599267 0.00000000000000000000 0.00000000000000000000 0.00000000000000000000 0.00000000000000000000 0.00000000000000000000 0.00000000000000000000 -0.08771460712481045363  0.00365088890920449308  0.03143242908188212392  0.00003716264509204071 -0.00083958746949742405 -0.00296418704237388008
1585067954.698267 0.00000000000000000000 0.00000000000000000000 0.00000000000000000000 0.00000000000000000000 0.00000000000000000000 0.00000000000000000000 -0.08774582465939695375  0.00365990960391997201  0.03143542030418972066  0.00003890470434833057 -0.00084159074263267868 -0.00296531711080504599
1585067954.962267 0.00000000000000000000 0.00000000000000000000 0.00000000000000000000 0.00000000000000000000 0.00000000000000000000 0.00000000000000000000 -0.08769299989365957060  0.00349891007917523282  0.03146366478532486993  0.00004245676517113561 -0.00084099582068301686 -0.00296506920450727903
1585067955.358268 0.00000000000000000000 0.00000000000000000000 0.00000000000000000000 0.00000000000000000000 0.00000000000000000000 0.00000000000000000000 -0.08786383598805473649  0.00333955532316758614  0.03150023282069520231  0.00003950241109726380 -0.00083695815312667785 -0.00296249978265738243
1585067955.457268 0.00000000000000000000 0.00000000000000000000 0.00000000000000000000 0.00000000000000000000 0.00000000000000000000 0.00000000000000000000 -0.08787478275792169613  0.00328739333809485289  0.03150270275076866300  0.00003830244708367078 -0.00083700940101461463 -0.00296439318311595475
1585067955.655269 0.00000000000000000000 0.00000000000000000000 0.00000000000000000000 0.00000000000000000000 0.00000000000000000000 0.00000000000000000000 -0.08785056602219874777  0.00329992875312298036  0.03150532305059396132  0.00003580869597115729 -0.00083576448556977982 -0.00296362762835598696
1585067955.754269 0.00000000000000000000 0.00000000000000000000 0.00000000000000000000 0.00000000000000000000 0.00000000000000000000 0.00000000000000000000 -0.08787040056272743538  0.00321486493649464095  0.03151598180744793337  0.00003519323485062423 -0.00083411169498340265 -0.00296336576410837762
1585067955.853270 0.00000000000000000000 0.00000000000000000000 0.00000000000000000000 0.00000000000000000000 0.00000000000000000000 0.00000000000000000000 -0.08790298211762423430  0.00313413356739175282  0.03152202449654322586  0.00003565007851841254 -0.00083508023367833578 -0.00296240222998204582
1585067955.952270 0.00000000000000000000 0.00000000000000000000 0.00000000000000000000 0.00000000000000000000 0.00000000000000000000 0.00000000000000000000 -0.08785622389582295466  0.00311516457302577756  0.03152797820050839278  0.00003553600595659486 -0.00083506226064336347 -0.00296300608402655982
1585067956.051270 0.00000000000000000000 0.00000000000000000000 0.00000000000000000000 0.00000000000000000000 0.00000000000000000000 0.00000000000000000000 -0.08782858460441582416  0.00306059956051103364  0.03153654307594348088  0.00003540790496224160 -0.00083740846122300672 -0.00296111170798485498
1585067956.150270 0.00000000000000000000 0.00000000000000000000 0.00000000000000000000 0.00000000000000000000 0.00000000000000000000 0.00000000000000000000 -0.08787257465545632307  0.00307097494702450197  0.03154046570264781163  0.00003676328961053206 -0.00083825000616985544 -0.00296268528456994796
1585067956.249270 0.00000000000000000000 0.00000000000000000000 0.00000000000000000000 0.00000000000000000000 0.00000000000000000000 0.00000000000000000000 -0.08789408371536959474  0.00300462191772081369  0.03154665389899751621  0.00003657857118402633 -0.00083767299745981356 -0.00296370534188154008
1585067956.348271 0.00000000000000000000 0.00000000000000000000 0.00000000000000000000 0.00000000000000000000 0.00000000000000000000 0.00000000000000000000 -0.08790495305192037867  0.00298510034078517577  0.03155289836551960353  0.00003656745808439469 -0.00083571918534747843 -0.00296502746699374301
1585067956.744272 0.00000000000000000000 0.00000000000000000000 0.00000000000000000000 0.00000000000000000000 0.00000000000000000000 0.00000000000000000000 -0.08787282815782897216  0.00273766395264483670  0.03159713978545625884  0.00003790021665018710 -0.00083128403292647855 -0.00296987640691877665
1585067957.173273 0.00000000000000000000 0.00000000000000000000 0.00000000000000000000 0.00000000000000000000 0.00000000000000000000 0.00000000000000000000 -0.08786084466120171188  0.00236745938327214854  0.03160886769223916065  0.00003472425396633950 -0.00082955999964169646 -0.00297179047385954685
1585067957.734274 0.00000000000000000000 0.00000000000000000000 0.00000000000000000000 0.00000000000000000000 0.00000000000000000000 0.00000000000000000000 -0.08779398868260414324  0.00176923999118885076  0.03163583252260197126  0.00002933154016226565 -0.00083932642343791737 -0.00297191798061586859
1585067958.130275 0.00000000000000000000 0.00000000000000000000 0.00000000000000000000 0.00000000000000000000 0.00000000000000000000 0.00000000000000000000 -0.08777170138894559159  0.00142311033352177227  0.03165904832740092101  0.00002778292399903622 -0.00083781589495347906 -0.00297058236422062224
1585067958.196275 0.00000000000000000000 0.00000000000000000000 0.00000000000000000000 0.00000000000000000000 0.00000000000000000000 0.00000000000000000000 -0.08779927493921584059  0.00126984542427219108  0.03166656149194400222  0.00002686482877467073 -0.00083454809417632945 -0.00297167204226134445
1585067958.262275 0.00000000000000000000 0.00000000000000000000 0.00000000000000000000 0.00000000000000000000 0.00000000000000000000 0.00000000000000000000 -0.08782438032269103412  0.00120894696318698527  0.03166852661881651432  0.00002715345624120903 -0.00083597589841356531 -0.00297323999775823142
1585067958.361275 0.00000000000000000000 0.00000000000000000000 0.00000000000000000000 0.00000000000000000000 0.00000000000000000000 0.00000000000000000000 -0.08777699239978963008  0.00108485584936239251  0.03167972911367530897  0.00002505586780456407 -0.00083417416344817115 -0.00297350256563254454
1585067958.493276 0.00000000000000000000 0.00000000000000000000 0.00000000000000000000 0.00000000000000000000 0.00000000000000000000 0.00000000000000000000 -0.08775051778520634449  0.00105148983634426995  0.03167736104885593429  0.00002336512307278757 -0.00083290234848634628 -0.00297228990849979962
1585067958.592276 0.00000000000000000000 0.00000000000000000000 0.00000000000000000000 0.00000000000000000000 0.00000000000000000000 0.00000000000000000000 -0.08780129534708586148  0.00087261356724577482  0.03168630541524096456  0.00002116338660100091 -0.00082929416185950990 -0.00297437749527688054
1585067958.724276 0.00000000000000000000 0.00000000000000000000 0.00000000000000000000 0.00000000000000000000 0.00000000000000000000 0.00000000000000000000 -0.08782073901374107261  0.00076617044825929258  0.03168312522372678658  0.00002051005282686042 -0.00082828411348106763 -0.00297594571982742664
1585067958.955277 0.00000000000000000000 0.00000000000000000000 0.00000000000000000000 0.00000000000000000000 0.00000000000000000000 0.00000000000000000000 -0.08780757616203402338  0.00040240035236972478  0.03168942241196909954  0.00001981976523231848 -0.00083209027056202446 -0.00297304275287413105
1585067959.417278 0.00000000000000000000 0.00000000000000000000 0.00000000000000000000 0.00000000000000000000 0.00000000000000000000 0.00000000000000000000 -0.08767933320608489733  0.00008327090844717920  0.03171302387652103622  0.00002031219357646873 -0.00083266894104852313 -0.00297333271247322449
1585067959.780279 0.00000000000000000000 0.00000000000000000000 0.00000000000000000000 0.00000000000000000000 0.00000000000000000000 0.00000000000000000000 -0.08762314140795797457 -0.00012105335250314697  0.03173089930896743488  0.00002215071227831509 -0.00082950179275908327 -0.00297197938609804809
1585067959.879279 0.00000000000000000000 0.00000000000000000000 0.00000000000000000000 0.00000000000000000000 0.00000000000000000000 0.00000000000000000000 -0.08760607467233838541 -0.00016090776415864279  0.03173041860900266409  0.00002302223866269129 -0.00082716906079484571 -0.00297668052149772412
1585067960.011279 0.00000000000000000000 0.00000000000000000000 0.00000000000000000000 0.00000000000000000000 0.00000000000000000000 0.00000000000000000000 -0.08755403968356631483 -0.00041374811311104334  0.03173735601343791873  0.00002378291718994347 -0.00082289572965199987 -0.00297915423809960375
1585067960.638281 0.00000000000000000000 0.00000000000000000000 0.00000000000000000000 0.00000000000000000000 0.00000000000000000000 0.00000000000000000000 -0.08724129941094482810 -0.00098249583817481699  0.03173430852408189867  0.00003377972355755322 -0.00082221342892693588 -0.00297878871133771097
1585067960.803281 0.00000000000000000000 0.00000000000000000000 0.00000000000000000000 0.00000000000000000000 0.00000000000000000000 0.00000000000000000000 -0.08713904094283723978 -0.00102833237462768572  0.03171890568606730576  0.00003716246603861633 -0.00082385604291345066 -0.00297623528092516142
1585067960.968282 0.00000000000000000000 0.00000000000000000000 0.00000000000000000000 0.00000000000000000000 0.00000000000000000000 0.00000000000000000000 -0.08709702846247284469 -0.00113610566637560844  0.03171078117067686886  0.00003978722096882287 -0.00082450297368955332 -0.00297403352784761377
1585067961.100282 0.00000000000000000000 0.00000000000000000000 0.00000000000000000000 0.00000000000000000000 0.00000000000000000000 0.00000000000000000000 -0.08704055856463446816 -0.00117514670656126085  0.03170013052649178764  0.00004299596213066924 -0.00082615657199982520 -0.00297221218251500280
1585067961.232282 0.00000000000000000000 0.00000000000000000000 0.00000000000000000000 0.00000000000000000000 0.00000000000000000000 0.00000000000000000000 -0.08697483711625472735 -0.00116431361719902685  0.03169300893133754349  0.00004726926727186008 -0.00082551083649926580 -0.00297204352735362621
1585067961.364283 0.00000000000000000000 0.00000000000000000000 0.00000000000000000000 0.00000000000000000000 0.00000000000000000000 0.00000000000000000000 -0.08694608085236350814 -0.00132004174373324479  0.03168207165644455758  0.00004970279086330035 -0.00082484934525557858 -0.00297083611231264673
1585067961.496283 0.00000000000000000000 0.00000000000000000000 0.00000000000000000000 0.00000000000000000000 0.00000000000000000000 0.00000000000000000000 -0.08685186297228211783 -0.00129533126512206020  0.03167994726315423448  0.00005558508995263475 -0.00082727356594851928 -0.00296631169435628006
1585067961.628283 0.00000000000000000000 0.00000000000000000000 0.00000000000000000000 0.00000000000000000000 0.00000000000000000000 0.00000000000000000000 -0.08685742236047998277 -0.00124008605759962239  0.03166974604950831967  0.00006017124561767310 -0.00083040474746043271 -0.00296285109332796457
1585067962.618286 0.00000000000000000000 0.00000000000000000000 0.00000000000000000000 0.00000000000000000000 0.00000000000000000000 0.00000000000000000000 -0.08693241223311269639 -0.00116959433364123631  0.03159134053301650147  0.00009666260677217770 -0.00083080044285019177 -0.00294495778420547465
1585067963.014287 0.00000000000000000000 0.00000000000000000000 0.00000000000000000000 0.00000000000000000000 0.00000000000000000000 0.00000000000000000000 -0.08701204224492845030 -0.00119325040756236090  0.03155396007081938403  0.00010358716279156206 -0.00082813768981342269 -0.00294366612836268566
1585067964.499290 0.00000000000000000000 0.00000000000000000000 0.00000000000000000000 0.00000000000000000000 0.00000000000000000000 0.00000000000000000000 -0.08722008290757199411 -0.00171099670462316906  0.03146680309428217387  0.00010314495397625692 -0.00083420899492447171 -0.00294224431303088734
1585067967.172297 0.00000000000000000000 0.00000000000000000000 0.00000000000000000000 0.00000000000000000000 0.00000000000000000000 0.00000000000000000000 -0.08706576092176090964 -0.00219141401740617549  0.03140135123765148278  0.00006845418448012088 -0.00085398467247063876 -0.00295536571352272457
1585067967.304297 0.00000000000000000000 0.00000000000000000000 0.00000000000000000000 0.00000000000000000000 0.00000000000000000000 0.00000000000000000000 -0.08710752103808698521 -0.00215746953343822975  0.03140670138582964122  0.00006754662987937833 -0.00085008279457341504 -0.00295703270001439460
1585067969.911303 0.00000000000000000000 0.00000000000000000000 0.00000000000000000000 0.00000000000000000000 0.00000000000000000000 0.00000000000000000000 -0.08750278573346471911 -0.00205734958401636910  0.03153215967112846241  0.00002925288124794942 -0.00084708530716206469 -0.00298880304272573652
1585067970.043303 0.00000000000000000000 0.00000000000000000000 0.00000000000000000000 0.00000000000000000000 0.00000000000000000000 0.00000000000000000000 -0.08748148229111474272 -0.00209952702901466687  0.03154413069592552216  0.00002845795417616508 -0.00084628361415901529 -0.00298812786453485097
1585067970.142303 0.00000000000000000000 0.00000000000000000000 0.00000000000000000000 0.00000000000000000000 0.00000000000000000000 0.00000000000000000000 -0.08752253286868362514 -0.00209638183117436677  0.03154688129346230191  0.00002819689695247670 -0.00084953964333351435 -0.00298789466091754080
1585067970.406304 0.00000000000000000000 0.00000000000000000000 0.00000000000000000000 0.00000000000000000000 0.00000000000000000000 0.00000000000000000000 -0.08752934577793078375 -0.00211358214622019190  0.03157218615483943502  0.00003075152045472385 -0.00085010493939321335 -0.00298650791017412249
1585067970.472304 0.00000000000000000000 0.00000000000000000000 0.00000000000000000000 0.00000000000000000000 0.00000000000000000000 0.00000000000000000000 -0.08754646224014361877 -0.00211226890299040645  0.03157666908647234483  0.00003130839319937611 -0.00084979981262992487 -0.00298665200060271255
1585067970.868305 0.00000000000000000000 0.00000000000000000000 0.00000000000000000000 0.00000000000000000000 0.00000000000000000000 0.00000000000000000000 -0.08745796098135832919 -0.00208857846370237620  0.03158556468671989276  0.00003387906928090265 -0.00085711053957526707 -0.00298450375098162357
1585067971.033306 0.00000000000000000000 0.00000000000000000000 0.00000000000000000000 0.00000000000000000000 0.00000000000000000000 0.00000000000000000000 -0.08749903765627589647 -0.00211865880379914166  0.03159707565323476020  0.00003741655044160571 -0.00085731370033792389 -0.00298333787428625838
1585067971.132306 0.00000000000000000000 0.00000000000000000000 0.00000000000000000000 0.00000000000000000000 0.00000000000000000000 0.00000000000000000000 -0.08748018234696774975 -0.00214339254559608658  0.03160093569106710992  0.00003654232935075085 -0.00085652528747742459 -0.00298363056732071311
1585067971.330306 0.00000000000000000000 0.00000000000000000000 0.00000000000000000000 0.00000000000000000000 0.00000000000000000000 0.00000000000000000000 -0.08742866103141319623 -0.00212514964957199928  0.03158990366925099047  0.00003459578160002476 -0.00085707870162366406 -0.00298363246403125261
1585067971.396307 0.00000000000000000000 0.00000000000000000000 0.00000000000000000000 0.00000000000000000000 0.00000000000000000000 0.00000000000000000000 -0.08745342717024967572 -0.00214633634385491589  0.03158555762786987436  0.00003534671617597727 -0.00085925178256319480 -0.00298306762227109907
1585067971.462306 0.00000000000000000000 0.00000000000000000000 0.00000000000000000000 0.00000000000000000000 0.00000000000000000000 0.00000000000000000000 -0.08742362767510651611 -0.00215403484455771238  0.03159218328279155691  0.00003465534672605898 -0.00086010691420606872 -0.00298403777493729200
1585067971.528307 0.00000000000000000000 0.00000000000000000000 0.00000000000000000000 0.00000000000000000000 0.00000000000000000000 0.00000000000000000000 -0.08740241358919609294 -0.00215262159146454137  0.03159076896289465114  0.00003501143008228614 -0.00085960872744479200 -0.00298504443319748619
1585067971.594307 0.00000000000000000000 0.00000000000000000000 0.00000000000000000000 0.00000000000000000000 0.00000000000000000000 0.00000000000000000000 -0.08740571946117932367 -0.00217041933636987969  0.03159031352117014357  0.00003508131871013673 -0.00085877646232971933 -0.00298479329413405253
1585067971.693307 0.00000000000000000000 0.00000000000000000000 0.00000000000000000000 0.00000000000000000000 0.00000000000000000000 0.00000000000000000000 -0.08737616129796377251 -0.00217580945351178792  0.03159411176777679464  0.00003468745289751288 -0.00085502786267535266 -0.00298626290369399675
1585067971.792307 0.00000000000000000000 0.00000000000000000000 0.00000000000000000000 0.00000000000000000000 0.00000000000000000000 0.00000000000000000000 -0.08737529277112283943 -0.00215394010564816515  0.03159229863247760284  0.00003485690287180649 -0.00085525680630823663 -0.00298570809020705288
1585067973.343311 0.00000000000000000000 0.00000000000000000000 0.00000000000000000000 0.00000000000000000000 0.00000000000000000000 0.00000000000000000000 -0.08716023373311608535 -0.00223448579090469376  0.03157241697842527728  0.00003711754376125600 -0.00086053149345532336 -0.00298158360243795531
1585067973.871312 0.00000000000000000000 0.00000000000000000000 0.00000000000000000000 0.00000000000000000000 0.00000000000000000000 0.00000000000000000000 -0.08713490322072849070 -0.00231475446328542524  0.03155336029592967911  0.00003825184870007654 -0.00086668588217542295 -0.00298605728478795263
1585067974.564314 0.00000000000000000000 0.00000000000000000000 0.00000000000000000000 0.00000000000000000000 0.00000000000000000000 0.00000000000000000000 -0.08702471971519437632 -0.00238656289715611378  0.03152944391638494437  0.00003548653488060961 -0.00086782535193481356 -0.00298762141184107837
1585067975.158315 0.00000000000000000000 0.00000000000000000000 0.00000000000000000000 0.00000000000000000000 0.00000000000000000000 0.00000000000000000000 -0.08698238316564629868 -0.00241114250262320631  0.03150707404646123366  0.00003557769442693195 -0.00086665513132319486 -0.00298544769602643702
1585067975.356316 0.00000000000000000000 0.00000000000000000000 0.00000000000000000000 0.00000000000000000000 0.00000000000000000000 0.00000000000000000000 -0.08691781541761423036 -0.00239425430701214548  0.03150898908742635202  0.00003714215362903682 -0.00086609480830658343 -0.00298809370815766384
1585067975.455316 0.00000000000000000000 0.00000000000000000000 0.00000000000000000000 0.00000000000000000000 0.00000000000000000000 0.00000000000000000000 -0.08690317980082074012 -0.00244454214749867393  0.03150694564623231914  0.00003681599760908991 -0.00086821177858163810 -0.00298667107611758770
1585067975.554316 0.00000000000000000000 0.00000000000000000000 0.00000000000000000000 0.00000000000000000000 0.00000000000000000000 0.00000000000000000000 -0.08690923424327419433 -0.00239514268943386748  0.03150079261227583388  0.00003612236359037165 -0.00086677115098168886 -0.00298724743289710331
1585067975.752317 0.00000000000000000000 0.00000000000000000000 0.00000000000000000000 0.00000000000000000000 0.00000000000000000000 0.00000000000000000000 -0.08686175187551588295 -0.00244697644930403713  0.03149317664058220306  0.00003424506286952687 -0.00086633906067523885 -0.00298624287040528524
1585067975.950317 0.00000000000000000000 0.00000000000000000000 0.00000000000000000000 0.00000000000000000000 0.00000000000000000000 0.00000000000000000000 -0.08682401679272293282 -0.00248781051954011147  0.03148982739596832559  0.00003345576825767832 -0.00087089379021693634 -0.00298235802960725551
1585067976.049318 0.00000000000000000000 0.00000000000000000000 0.00000000000000000000 0.00000000000000000000 0.00000000000000000000 0.00000000000000000000 -0.08682245604695082442 -0.00249107117293503790  0.03148176069227753143  0.00003459438423975165 -0.00087442780852311889 -0.00298080142762727554
1585067977.006320 0.00000000000000000000 0.00000000000000000000 0.00000000000000000000 0.00000000000000000000 0.00000000000000000000 0.00000000000000000000 -0.08669878394322953763 -0.00251504182568105042  0.03146862133531546507  0.00003326652519369512 -0.00086984520823278307 -0.00298939677120716417
1585067977.072320 0.00000000000000000000 0.00000000000000000000 0.00000000000000000000 0.00000000000000000000 0.00000000000000000000 0.00000000000000000000 -0.08668229541441931085 -0.00249310257616798927  0.03146878736667749893  0.00003386487719846661 -0.00086723810946178306 -0.00299137537667793201
1585067977.138320 0.00000000000000000000 0.00000000000000000000 0.00000000000000000000 0.00000000000000000000 0.00000000000000000000 0.00000000000000000000 -0.08666603458140954841 -0.00249889892563125810  0.03147256100356923131  0.00003453332522898724 -0.00086621544942255303 -0.00299322254583240599
1585067977.237320 0.00000000000000000000 0.00000000000000000000 0.00000000000000000000 0.00000000000000000000 0.00000000000000000000 0.00000000000000000000 -0.08664686153191573925 -0.00252521298482465432  0.03147445017098993159  0.00003496780712356664 -0.00086585856307339483 -0.00299411336340050811
1585067977.732322 0.00000000000000000000 0.00000000000000000000 0.00000000000000000000 0.00000000000000000000 0.00000000000000000000 0.00000000000000000000 -0.08664634108199646689 -0.00265549257400452248  0.03146080973743854009  0.00003603567273675301 -0.00086594392026750997 -0.00299621592522322311
1585067978.326323 0.00000000000000000000 0.00000000000000000000 0.00000000000000000000 0.00000000000000000000 0.00000000000000000000 0.00000000000000000000 -0.08661711324738635698 -0.00269323300110961951  0.03144695156851926715  0.00003093163060181985 -0.00086573362509911596 -0.00299647322970813005
1585067978.425323 0.00000000000000000000 0.00000000000000000000 0.00000000000000000000 0.00000000000000000000 0.00000000000000000000 0.00000000000000000000 -0.08658165182321757303 -0.00273617845246582449  0.03144972927109983274  0.00002987993234053935 -0.00086613296710206318 -0.00299613076878816817
1585067978.854324 0.00000000000000000000 0.00000000000000000000 0.00000000000000000000 0.00000000000000000000 0.00000000000000000000 0.00000000000000000000 -0.08664785212803391423 -0.00276235253707751618  0.03145885273599195037  0.00002619816048678345 -0.00086784356324448586 -0.00300143605580703403
1585067979.481326 0.00000000000000000000 0.00000000000000000000 0.00000000000000000000 0.00000000000000000000 0.00000000000000000000 0.00000000000000000000 -0.08665042837575666346 -0.00290427074099953997  0.03148362091189555595  0.00001643422827477643 -0.00087435121599564812 -0.00300519206965887834
1585067979.613326 0.00000000000000000000 0.00000000000000000000 0.00000000000000000000 0.00000000000000000000 0.00000000000000000000 0.00000000000000000000 -0.08665649025006116890 -0.00293870988623621578  0.03148099237086173646  0.00001416389659852831 -0.00087510489386177553 -0.00300607065153343572
1585067980.174327 0.00000000000000000000 0.00000000000000000000 0.00000000000000000000 0.00000000000000000000 0.00000000000000000000 0.00000000000000000000 -0.08669661432117456434 -0.00299055044627161452  0.03152589864216604615  0.00000662494827544278 -0.00087467347762231428 -0.00301739493615491581
1585067980.438328 0.00000000000000000000 0.00000000000000000000 0.00000000000000000000 0.00000000000000000000 0.00000000000000000000 0.00000000000000000000 -0.08669309034997854657 -0.00305398580437936211  0.03154462143898104087  0.00000382316695464676 -0.00086869940554886197 -0.00301960357666683672
1585067980.537328 0.00000000000000000000 0.00000000000000000000 0.00000000000000000000 0.00000000000000000000 0.00000000000000000000 0.00000000000000000000 -0.08675079219479533976 -0.00308733836577248025  0.03154771387139201910  0.00000125860980214980 -0.00086581414132574030 -0.00302076630286442259
1585067980.735329 0.00000000000000000000 0.00000000000000000000 0.00000000000000000000 0.00000000000000000000 0.00000000000000000000 0.00000000000000000000 -0.08669501242928771834 -0.00320716165616756954  0.03153990265082687317 -0.00000800589950381794 -0.00086367497332103004 -0.00301709466209132806
1585067980.933329 0.00000000000000000000 0.00000000000000000000 0.00000000000000000000 0.00000000000000000000 0.00000000000000000000 0.00000000000000000000 -0.08688177772058112980 -0.00320290907414885967  0.03154191979748208891 -0.00001447664825803185 -0.00086556673574711212 -0.00302052325383078560
1585067980.999329 0.00000000000000000000 0.00000000000000000000 0.00000000000000000000 0.00000000000000000000 0.00000000000000000000 0.00000000000000000000 -0.08691655776507264952 -0.00323475163348655717  0.03155023543668184632 -0.00001698427177483378 -0.00086444042391269202 -0.00302268109292647700
1585067981.197330 0.00000000000000000000 0.00000000000000000000 0.00000000000000000000 0.00000000000000000000 0.00000000000000000000 0.00000000000000000000 -0.08695255660608498804 -0.00329134959911751759  0.03156568800278480164 -0.00002206096924647397 -0.00086386910502760225 -0.00302626112532344838
1585067981.395330 0.00000000000000000000 0.00000000000000000000 0.00000000000000000000 0.00000000000000000000 0.00000000000000000000 0.00000000000000000000 -0.08696070480917046652 -0.00331468794010083331  0.03158318132065941058 -0.00002434455167263983 -0.00086382976692648476 -0.00302824185727739413
1585067981.593331 0.00000000000000000000 0.00000000000000000000 0.00000000000000000000 0.00000000000000000000 0.00000000000000000000 0.00000000000000000000 -0.08700735646852314487 -0.00336548380861772037  0.03159860644504513399 -0.00002493631821424265 -0.00086443988900723897 -0.00302876317902648620
1585067981.659331 0.00000000000000000000 0.00000000000000000000 0.00000000000000000000 0.00000000000000000000 0.00000000000000000000 0.00000000000000000000 -0.08701561808565243250 -0.00336855418886112786  0.03160394499128858781 -0.00002505365162831434 -0.00086602459171156306 -0.00302882203155094070
1585067981.725331 0.00000000000000000000 0.00000000000000000000 0.00000000000000000000 0.00000000000000000000 0.00000000000000000000 0.00000000000000000000 -0.08701652513615852624 -0.00339007102508077484  0.03161120056830375724 -0.00002588778770933071 -0.00086480425870632920 -0.00302904743033155640
1585067981.890332 0.00000000000000000000 0.00000000000000000000 0.00000000000000000000 0.00000000000000000000 0.00000000000000000000 0.00000000000000000000 -0.08698926411120430635 -0.00339708959101480855  0.03162689490316265839 -0.00002701513346455405 -0.00086215668464017809 -0.00302941118542962616
1585067982.649333 0.00000000000000000000 0.00000000000000000000 0.00000000000000000000 0.00000000000000000000 0.00000000000000000000 0.00000000000000000000 -0.08721253832463880806 -0.00355181136098745714  0.03167285025343015425 -0.00003279489595576845 -0.00085991296331463791 -0.00303364743394112825
1585067982.748333 0.00000000000000000000 0.00000000000000000000 0.00000000000000000000 0.00000000000000000000 0.00000000000000000000 0.00000000000000000000 -0.08719060161615151128 -0.00358115104320576349  0.03168700141055676850 -0.00003399027407084555 -0.00085880181969782391 -0.00303389463958678987
1585067982.847334 0.00000000000000000000 0.00000000000000000000 0.00000000000000000000 0.00000000000000000000 0.00000000000000000000 0.00000000000000000000 -0.08720140392803617246 -0.00357040032204501440  0.03169333341003699456 -0.00003501564818060162 -0.00085833020676582877 -0.00303474065852650087
1585067983.045334 0.00000000000000000000 0.00000000000000000000 0.00000000000000000000 0.00000000000000000000 0.00000000000000000000 0.00000000000000000000 -0.08721305829757407257 -0.00355913913172030806  0.03169676794080818899 -0.00003608160254581302 -0.00085964874725071461 -0.00303459689559935474
1585067983.243335 0.00000000000000000000 0.00000000000000000000 0.00000000000000000000 0.00000000000000000000 0.00000000000000000000 0.00000000000000000000 -0.08719900864522450723 -0.00362900957353416752  0.03170496183197302198 -0.00003439818213954921 -0.00086449340988084295 -0.00303315634978811900
1585067983.507335 0.00000000000000000000 0.00000000000000000000 0.00000000000000000000 0.00000000000000000000 0.00000000000000000000 0.00000000000000000000 -0.08726572934338194809 -0.00370335096909121114  0.03172012445999265740 -0.00003359376240409010 -0.00086246423547132491 -0.00303434254569285872
1585067983.705336 0.00000000000000000000 0.00000000000000000000 0.00000000000000000000 0.00000000000000000000 0.00000000000000000000 0.00000000000000000000 -0.08731775868996698164 -0.00379147395343545392  0.03172848149834923970 -0.00003412121182439902 -0.00086400376759939064 -0.00303391830207302895
1585067983.903336 0.00000000000000000000 0.00000000000000000000 0.00000000000000000000 0.00000000000000000000 0.00000000000000000000 0.00000000000000000000 -0.08731098158366214224 -0.00384065249625242799  0.03173409034606280987 -0.00003451741443956917 -0.00086505224402930376 -0.00303391439514350079
1585067984.332337 0.00000000000000000000 0.00000000000000000000 0.00000000000000000000 0.00000000000000000000 0.00000000000000000000 0.00000000000000000000 -0.08724061822871102823 -0.00383277589487581675  0.03174497247367081415 -0.00003236034489323807 -0.00086748954881150290 -0.00303415968892334397
1585067984.431337 0.00000000000000000000 0.00000000000000000000 0.00000000000000000000 0.00000000000000000000 0.00000000000000000000 0.00000000000000000000 -0.08715680589954709345 -0.00382278394889967602  0.03174567330946967414 -0.00003137037714824060 -0.00086693438912578713 -0.00303367861069176684
1585067984.530338 0.00000000000000000000 0.00000000000000000000 0.00000000000000000000 0.00000000000000000000 0.00000000000000000000 0.00000000000000000000 -0.08715136566663013451 -0.00387347270488170659  0.03175230998230561819 -0.00003184541477169868 -0.00086647765180571643 -0.00303377227881572757
1585067984.629338 0.00000000000000000000 0.00000000000000000000 0.00000000000000000000 0.00000000000000000000 0.00000000000000000000 0.00000000000000000000 -0.08705317140239567097 -0.00390599265293051310  0.03175472920791905240 -0.00003114764320292495 -0.00086604607053313682 -0.00303460520813094315
1585067984.728338 0.00000000000000000000 0.00000000000000000000 0.00000000000000000000 0.00000000000000000000 0.00000000000000000000 0.00000000000000000000 -0.08708894712959139306 -0.00397572340308200833  0.03175973765640152657 -0.00003082697615513454 -0.00086421046180945669 -0.00303676088957856392
1585067984.827338 0.00000000000000000000 0.00000000000000000000 0.00000000000000000000 0.00000000000000000000 0.00000000000000000000 0.00000000000000000000 -0.08708682450014709753 -0.00402356581464345664  0.03176742172820008064 -0.00003096055761173980 -0.00086143260759796855 -0.00303777913482063599
1585067985.454340 0.00000000000000000000 0.00000000000000000000 0.00000000000000000000 0.00000000000000000000 0.00000000000000000000 0.00000000000000000000 -0.08703232623196946460 -0.00411965326698393412  0.03175823171631894648 -0.00002832532363398738 -0.00086380896848411873 -0.00303473732678662036
1585067985.652340 0.00000000000000000000 0.00000000000000000000 0.00000000000000000000 0.00000000000000000000 0.00000000000000000000 0.00000000000000000000 -0.08693200483546748014 -0.00413918347712876125  0.03174842261789003611 -0.00002893027476417604 -0.00086539394679956887 -0.00303536093781568836
1585067985.850341 0.00000000000000000000 0.00000000000000000000 0.00000000000000000000 0.00000000000000000000 0.00000000000000000000 0.00000000000000000000 -0.08682447431914495917 -0.00414079582861124479  0.03174525363838045372 -0.00002915720134372428 -0.00086697144107538793 -0.00303621035980373511
1585067986.543343 0.00000000000000000000 0.00000000000000000000 0.00000000000000000000 0.00000000000000000000 0.00000000000000000000 0.00000000000000000000 -0.08660153246695627416 -0.00431703900581156472  0.03172338513388497233 -0.00003275185543407593 -0.00087017302183955677 -0.00303700100079266249
1585067987.335344 0.00000000000000000000 0.00000000000000000000 0.00000000000000000000 0.00000000000000000000 0.00000000000000000000 0.00000000000000000000 -0.08628690870179039907 -0.00446630620795993288  0.03170575691968828547 -0.00003341123563247150 -0.00086989314357039152 -0.00304199494819911657
1585067987.533345 0.00000000000000000000 0.00000000000000000000 0.00000000000000000000 0.00000000000000000000 0.00000000000000000000 0.00000000000000000000 -0.08617311055684138965 -0.00446919025591543430  0.03170144694380515327 -0.00003426444204994914 -0.00086990005418415971 -0.00304237877659234348
1585067988.259347 0.00000000000000000000 0.00000000000000000000 0.00000000000000000000 0.00000000000000000000 0.00000000000000000000 0.00000000000000000000 -0.08606095262204518925 -0.00474099886209531935  0.03171613939132194443 -0.00004146078293643292 -0.00086393175547193357 -0.00304396428217474117
1585067988.391347 0.00000000000000000000 0.00000000000000000000 0.00000000000000000000 0.00000000000000000000 0.00000000000000000000 0.00000000000000000000 -0.08594287806049970280 -0.00475548568159080923  0.03171643475768159276 -0.00004280121268465044 -0.00086142442281084044 -0.00304492867354225595
1585067988.787348 0.00000000000000000000 0.00000000000000000000 0.00000000000000000000 0.00000000000000000000 0.00000000000000000000 0.00000000000000000000 -0.08583752146230441693 -0.00481398612514154049  0.03171266508321655964 -0.00004815366431522434 -0.00086179417585921579 -0.00304678255231055368
1585067988.886348 0.00000000000000000000 0.00000000000000000000 0.00000000000000000000 0.00000000000000000000 0.00000000000000000000 0.00000000000000000000 -0.08580525456727160216 -0.00488801601852272005  0.03171463261699485059 -0.00005082009289980744 -0.00086255778672488187 -0.00304868174375989886
1585067990.173351 0.00000000000000000000 0.00000000000000000000 0.00000000000000000000 0.00000000000000000000 0.00000000000000000000 0.00000000000000000000 -0.08558794767007707471 -0.00525012671057844410  0.03179023282051266636 -0.00008449323512014996 -0.00086140737813169773 -0.00306871511533827156
1585067990.272352 0.00000000000000000000 0.00000000000000000000 0.00000000000000000000 0.00000000000000000000 0.00000000000000000000 0.00000000000000000000 -0.08559622526257835984 -0.00526582629812443175  0.03179641874764817938 -0.00008787809695477169 -0.00086178464203481159 -0.00307011359199535440
1585067990.371352 0.00000000000000000000 0.00000000000000000000 0.00000000000000000000 0.00000000000000000000 0.00000000000000000000 0.00000000000000000000 -0.08561297922557138673 -0.00528645136390026773  0.03180723787343701231 -0.00009110192863348064 -0.00086134629198528147 -0.00307282660952993723
1585067990.470352 0.00000000000000000000 0.00000000000000000000 0.00000000000000000000 0.00000000000000000000 0.00000000000000000000 0.00000000000000000000 -0.08559559718661326200 -0.00531967346592473588  0.03182122112095117639 -0.00009379484650209744 -0.00086029438651746154 -0.00307495073179449904
1585067990.569352 0.00000000000000000000 0.00000000000000000000 0.00000000000000000000 0.00000000000000000000 0.00000000000000000000 0.00000000000000000000 -0.08562546677367792458 -0.00534185381400603849  0.03183090516958568539 -0.00009604754926791384 -0.00085917712200952838 -0.00307694239925935522
1585067990.668352 0.00000000000000000000 0.00000000000000000000 0.00000000000000000000 0.00000000000000000000 0.00000000000000000000 0.00000000000000000000 -0.08565104783967489310 -0.00538681589086765535  0.03183892739261488108 -0.00009946918536325614 -0.00085786580088751795 -0.00307887492309180015
1585067990.767353 0.00000000000000000000 0.00000000000000000000 0.00000000000000000000 0.00000000000000000000 0.00000000000000000000 0.00000000000000000000 -0.08569197788839642838 -0.00541791284080299362  0.03184423901804800394 -0.00010219141315324787 -0.00085831687924320344 -0.00307974120465578753
1585067990.866353 0.00000000000000000000 0.00000000000000000000 0.00000000000000000000 0.00000000000000000000 0.00000000000000000000 0.00000000000000000000 -0.08573379947795174705 -0.00542716840910196022  0.03185610395125295508 -0.00010485942482017401 -0.00085843708839695098 -0.00308127698984203774
1585067990.965353 0.00000000000000000000 0.00000000000000000000 0.00000000000000000000 0.00000000000000000000 0.00000000000000000000 0.00000000000000000000 -0.08576123708273980517 -0.00546484528368154036  0.03186685969906025151 -0.00010758892746439412 -0.00085884478819143995 -0.00308161940286496953
1585067991.064353 0.00000000000000000000 0.00000000000000000000 0.00000000000000000000 0.00000000000000000000 0.00000000000000000000 0.00000000000000000000 -0.08577042499427110778 -0.00549637373477587267  0.03187983877494871693 -0.00011100730157835947 -0.00085750299208355528 -0.00308249601829238594
1585067991.163354 0.00000000000000000000 0.00000000000000000000 0.00000000000000000000 0.00000000000000000000 0.00000000000000000000 0.00000000000000000000 -0.08578471678602005157 -0.00551928481966846088  0.03188691571553890769 -0.00011519528045432811 -0.00085442879748491281 -0.00308573585120852168
1585067991.262354 0.00000000000000000000 0.00000000000000000000 0.00000000000000000000 0.00000000000000000000 0.00000000000000000000 0.00000000000000000000 -0.08588050011538839179 -0.00551295380616121256  0.03189745400856773550 -0.00011747596747991409 -0.00085579478268391822 -0.00308725264829676433
1585067991.361354 0.00000000000000000000 0.00000000000000000000 0.00000000000000000000 0.00000000000000000000 0.00000000000000000000 0.00000000000000000000 -0.08590280357054154436 -0.00552942329657383439  0.03190703439673266834 -0.00012089802232916102 -0.00085612465758926049 -0.00308769010740135531
1585067991.460354 0.00000000000000000000 0.00000000000000000000 0.00000000000000000000 0.00000000000000000000 0.00000000000000000000 0.00000000000000000000 -0.08592462999493329090 -0.00556333526298584142  0.03191535239938916857 -0.00012480875965510275 -0.00085467047329070879 -0.00308940426239577700
1585067991.559355 0.00000000000000000000 0.00000000000000000000 0.00000000000000000000 0.00000000000000000000 0.00000000000000000000 0.00000000000000000000 -0.08598742817223430090 -0.00559095296409833648  0.03192033695957652295 -0.00012805487949963399 -0.00085443641461918076 -0.00309122114864093930
1585067991.658355 0.00000000000000000000 0.00000000000000000000 0.00000000000000000000 0.00000000000000000000 0.00000000000000000000 0.00000000000000000000 -0.08606719309970825571 -0.00563714893457605611  0.03193156770826571095 -0.00013022228508042833 -0.00085528779013616704 -0.00309339308209926689
1585067991.757355 0.00000000000000000000 0.00000000000000000000 0.00000000000000000000 0.00000000000000000000 0.00000000000000000000 0.00000000000000000000 -0.08611681775437429742 -0.00567111240461616421  0.03194944649927184549 -0.00013203430667807801 -0.00085641625224458983 -0.00309536286941694506
1585067991.856355 0.00000000000000000000 0.00000000000000000000 0.00000000000000000000 0.00000000000000000000 0.00000000000000000000 0.00000000000000000000 -0.08616915168800333424 -0.00572943271587404625  0.03196834757483918432 -0.00013372317996527077 -0.00085593037904292679 -0.00309805301974625750
1585067991.955355 0.00000000000000000000 0.00000000000000000000 0.00000000000000000000 0.00000000000000000000 0.00000000000000000000 0.00000000000000000000 -0.08625102548567363525 -0.00579552301642680817  0.03198371198438787477 -0.00013535360472603086 -0.00085509968826487143 -0.00309966239561196245
1585067992.054356 0.00000000000000000000 0.00000000000000000000 0.00000000000000000000 0.00000000000000000000 0.00000000000000000000 0.00000000000000000000 -0.08629318723610139574 -0.00592361345251369784  0.03200306038746631582 -0.00013691568039879762 -0.00085414220284148689 -0.00309869148483261220
1585067992.153356 0.00000000000000000000 0.00000000000000000000 0.00000000000000000000 0.00000000000000000000 0.00000000000000000000 0.00000000000000000000 -0.08640551253651582164 -0.00590336013541180663  0.03201818527428838129 -0.00013852048570268578 -0.00085356002997311932 -0.00310128691584638481
1585067992.252356 0.00000000000000000000 0.00000000000000000000 0.00000000000000000000 0.00000000000000000000 0.00000000000000000000 0.00000000000000000000 -0.08646471814438662362 -0.00594860641293190866  0.03203227634070288793 -0.00014031425164386173 -0.00085239951798951467 -0.00310255638084297024
1585067992.351357 0.00000000000000000000 0.00000000000000000000 0.00000000000000000000 0.00000000000000000000 0.00000000000000000000 0.00000000000000000000 -0.08657060509231301326 -0.00598566045921612722  0.03204737134658552922 -0.00014234297565453801 -0.00085280970040008542 -0.00310533279647834263
1585067992.450357 0.00000000000000000000 0.00000000000000000000 0.00000000000000000000 0.00000000000000000000 0.00000000000000000000 0.00000000000000000000 -0.08662113488195263833 -0.00606696387883791984  0.03206637638704969845 -0.00014325545856970097 -0.00085302783050444854 -0.00310614369421355384
1585067992.549357 0.00000000000000000000 0.00000000000000000000 0.00000000000000000000 0.00000000000000000000 0.00000000000000000000 0.00000000000000000000 -0.08672987259974053453 -0.00614422097745150400  0.03208398121685781396 -0.00014569754543607900 -0.00085191988433470326 -0.00310823300319449823
1585067992.648357 0.00000000000000000000 0.00000000000000000000 0.00000000000000000000 0.00000000000000000000 0.00000000000000000000 0.00000000000000000000 -0.08678554108547563428 -0.00626067488051366885  0.03210070558182600425 -0.00014753489231789004 -0.00085001498111404988 -0.00310892726345340584
1585067992.978358 0.00000000000000000000 0.00000000000000000000 0.00000000000000000000 0.00000000000000000000 0.00000000000000000000 0.00000000000000000000 -0.08702007707156002303 -0.00632641594613023769  0.03214738505735104113 -0.00014911380695174255 -0.00084963976887439830 -0.00311507332319572701
1585067994.067360 0.00000000000000000000 0.00000000000000000000 0.00000000000000000000 0.00000000000000000000 0.00000000000000000000 0.00000000000000000000 -0.08771453849663067570 -0.00660378213576550289  0.03226635846470554680 -0.00015191502068787158 -0.00084850427957507525 -0.00311846892535984962
1585067994.364361 0.00000000000000000000 0.00000000000000000000 0.00000000000000000000 0.00000000000000000000 0.00000000000000000000 0.00000000000000000000 -0.08780813632329005636 -0.00662709676699434636  0.03228667882395051814 -0.00015108282905812971 -0.00084990755037634975 -0.00312259503963461735
1585067994.661362 0.00000000000000000000 0.00000000000000000000 0.00000000000000000000 0.00000000000000000000 0.00000000000000000000 0.00000000000000000000 -0.08792316779426849471 -0.00656465047647824401  0.03229875559739516649 -0.00015224905917400668 -0.00085192675718703359 -0.00312221526879504505
1585067994.793362 0.00000000000000000000 0.00000000000000000000 0.00000000000000000000 0.00000000000000000000 0.00000000000000000000 0.00000000000000000000 -0.08802251780725378616 -0.00656720786036689951  0.03229757283402306250 -0.00015394356972989271 -0.00085268060422212001 -0.00312175726084166051
1585067994.925362 0.00000000000000000000 0.00000000000000000000 0.00000000000000000000 0.00000000000000000000 0.00000000000000000000 0.00000000000000000000 -0.08816007243328535803 -0.00657335508172805262  0.03230786925536890258 -0.00015256105337900725 -0.00085446857610079331 -0.00312092019071617778
1585067995.189363 0.00000000000000000000 0.00000000000000000000 0.00000000000000000000 0.00000000000000000000 0.00000000000000000000 0.00000000000000000000 -0.08808969761032521550 -0.00633174950606256622  0.03230863162958149543 -0.00015044339007267592 -0.00085513814323223767 -0.00312088606248935811
1585067995.651364 0.00000000000000000000 0.00000000000000000000 0.00000000000000000000 0.00000000000000000000 0.00000000000000000000 0.00000000000000000000 -0.08799662344316651341 -0.00618689385898580062  0.03231234196084611238 -0.00014773730880401355 -0.00085848659309902160 -0.00312024924006615084
1585067996.641367 0.00000000000000000000 0.00000000000000000000 0.00000000000000000000 0.00000000000000000000 0.00000000000000000000 0.00000000000000000000 -0.08783429401991313390 -0.00585242028092903058  0.03228455663989927144 -0.00014343665512316965 -0.00086062290787787955 -0.00312152162892112041
1585067996.740367 0.00000000000000000000 0.00000000000000000000 0.00000000000000000000 0.00000000000000000000 0.00000000000000000000 0.00000000000000000000 -0.08778864696698435166 -0.00581224774622272119  0.03227904516754363795 -0.00014273887468290784 -0.00086075014580267676 -0.00312047128218194240
1585067996.839367 0.00000000000000000000 0.00000000000000000000 0.00000000000000000000 0.00000000000000000000 0.00000000000000000000 0.00000000000000000000 -0.08766246442794559113 -0.00579440867153861814  0.03227555041850389134 -0.00014313356729670756 -0.00086015309137012707 -0.00312166151451922363
1585067996.938368 0.00000000000000000000 0.00000000000000000000 0.00000000000000000000 0.00000000000000000000 0.00000000000000000000 0.00000000000000000000 -0.08774874182877126505 -0.00580207217209535980  0.03227061582045129273 -0.00014299625346167951 -0.00086199630722080800 -0.00312053075415417384
1585067997.037368 0.00000000000000000000 0.00000000000000000000 0.00000000000000000000 0.00000000000000000000 0.00000000000000000000 0.00000000000000000000 -0.08770797174723612977 -0.00574401213208987696  0.03226926756137152991 -0.00014241387204695841 -0.00086327894537572474 -0.00312050348582906031
1585067997.136368 0.00000000000000000000 0.00000000000000000000 0.00000000000000000000 0.00000000000000000000 0.00000000000000000000 0.00000000000000000000 -0.08765480224348841387 -0.00569776296354633071  0.03225872808554554327 -0.00014240593495952746 -0.00086523419481892585 -0.00312135600002788919
1585067997.235368 0.00000000000000000000 0.00000000000000000000 0.00000000000000000000 0.00000000000000000000 0.00000000000000000000 0.00000000000000000000 -0.08757005802291721597 -0.00569270488511183261  0.03225287980839762481 -0.00014212679202994566 -0.00086512158808669094 -0.00312226766854993218
1585067997.334368 0.00000000000000000000 0.00000000000000000000 0.00000000000000000000 0.00000000000000000000 0.00000000000000000000 0.00000000000000000000 -0.08756024901511047509 -0.00570431484681088469  0.03224685646178028497 -0.00014250164522457132 -0.00086454810255355346 -0.00312180416880351906
1585067997.433369 0.00000000000000000000 0.00000000000000000000 0.00000000000000000000 0.00000000000000000000 0.00000000000000000000 0.00000000000000000000 -0.08743508504425442918 -0.00568458803667270043  0.03223743074181375373 -0.00014343926472447865 -0.00086357090743793916 -0.00312267379243945549
1585067998.192370 0.00000000000000000000 0.00000000000000000000 0.00000000000000000000 0.00000000000000000000 0.00000000000000000000 0.00000000000000000000 -0.08697294057894564001 -0.00549693151233318980  0.03219688425606789112 -0.00014129870953026469 -0.00086749031618122785 -0.00312391789850344865
1585067999.611374 0.00000000000000000000 0.00000000000000000000 0.00000000000000000000 0.00000000000000000000 0.00000000000000000000 0.00000000000000000000 -0.08609948698724162464 -0.00539841447579376358  0.03209887865610228791 -0.00014017440966079654 -0.00087453292573647751 -0.00311792792613354306
1585068000.733376 0.00000000000000000000 0.00000000000000000000 0.00000000000000000000 0.00000000000000000000 0.00000000000000000000 0.00000000000000000000 -0.08532504921718310487 -0.00566675160854892938  0.03204054724196472165 -0.00013884892472792692 -0.00087638058785122121 -0.00312489976954019848
1585068001.195377 0.00000000000000000000 0.00000000000000000000 0.00000000000000000000 0.00000000000000000000 0.00000000000000000000 0.00000000000000000000 -0.08504005083927662634 -0.00555767442754696254  0.03200683840434403321 -0.00013879265906467932 -0.00087531903618623722 -0.00312562248106558471
1585068001.393378 0.00000000000000000000 0.00000000000000000000 0.00000000000000000000 0.00000000000000000000 0.00000000000000000000 0.00000000000000000000 -0.08492611720484884164 -0.00556459342994966490  0.03198728717385596054 -0.00014011126406075224 -0.00087612863932132971 -0.00312398833946811753
1585068001.591378 0.00000000000000000000 0.00000000000000000000 0.00000000000000000000 0.00000000000000000000 0.00000000000000000000 0.00000000000000000000 -0.08479482218284453698 -0.00556690347079012889  0.03198212724646913585 -0.00013907171850134338 -0.00087466690984929439 -0.00312402454842096227
1585068001.789379 0.00000000000000000000 0.00000000000000000000 0.00000000000000000000 0.00000000000000000000 0.00000000000000000000 0.00000000000000000000 -0.08471409569824168984 -0.00555700218234250233  0.03197151389622211737 -0.00013712685127453784 -0.00087631987777771593 -0.00312323939111509201
1585068001.987380 0.00000000000000000000 0.00000000000000000000 0.00000000000000000000 0.00000000000000000000 0.00000000000000000000 0.00000000000000000000 -0.08454036686965928082 -0.00554780564887477536  0.03195647989414045209 -0.00013529288507097337 -0.00087555232084861052 -0.00312668300828305339
1585068002.284380 0.00000000000000000000 0.00000000000000000000 0.00000000000000000000 0.00000000000000000000 0.00000000000000000000 0.00000000000000000000 -0.08435897773929819377 -0.00555587969597377395  0.03193901254922507787 -0.00013360801798720701 -0.00087817911700618966 -0.00313147949508701734
1585068002.515381 0.00000000000000000000 0.00000000000000000000 0.00000000000000000000 0.00000000000000000000 0.00000000000000000000 0.00000000000000000000 -0.08434381217412914578 -0.00562023619951130052  0.03190814325030048165 -0.00013442693225296324 -0.00088084045921290710 -0.00313059451862895965
1585068002.713381 0.00000000000000000000 0.00000000000000000000 0.00000000000000000000 0.00000000000000000000 0.00000000000000000000 0.00000000000000000000 -0.08426903082443916448 -0.00572118000112617833  0.03191072802520102114 -0.00013513052268611058 -0.00087745612566568509 -0.00312751969189139318
1585068002.845381 0.00000000000000000000 0.00000000000000000000 0.00000000000000000000 0.00000000000000000000 0.00000000000000000000 0.00000000000000000000 -0.08419608534315234372 -0.00575145799079426843  0.03190631606575939500 -0.00013408254052218256 -0.00087519740105229248 -0.00313082170241146471
1585068002.977382 0.00000000000000000000 0.00000000000000000000 0.00000000000000000000 0.00000000000000000000 0.00000000000000000000 0.00000000000000000000 -0.08425083290634774458 -0.00579285214622991557  0.03189958113240268928 -0.00013379431400353917 -0.00087340839647333723 -0.00312810845559858500
1585068003.274382 0.00000000000000000000 0.00000000000000000000 0.00000000000000000000 0.00000000000000000000 0.00000000000000000000 0.00000000000000000000 -0.08413192373759482978 -0.00588490993353271621  0.03188058851225521878 -0.00013398874353364202 -0.00087334344011671277 -0.00312579121596705863
1585068003.472383 0.00000000000000000000 0.00000000000000000000 0.00000000000000000000 0.00000000000000000000 0.00000000000000000000 0.00000000000000000000 -0.08406629144393741593 -0.00585402951110770928  0.03186416680422635844 -0.00013324571041932543 -0.00087390757847326196 -0.00312502214094909775
1585068003.604383 0.00000000000000000000 0.00000000000000000000 0.00000000000000000000 0.00000000000000000000 0.00000000000000000000 0.00000000000000000000 -0.08400466582175518393 -0.00584537053913919587  0.03185695026181126904 -0.00013330640036472087 -0.00087437699535282659 -0.00312551575542121488
1585068003.802384 0.00000000000000000000 0.00000000000000000000 0.00000000000000000000 0.00000000000000000000 0.00000000000000000000 0.00000000000000000000 -0.08396069049924846650 -0.00591383018943594362  0.03184654930070454637 -0.00013262955707537641 -0.00087443942793165059 -0.00312569054590525067
1585068004.000384 0.00000000000000000000 0.00000000000000000000 0.00000000000000000000 0.00000000000000000000 0.00000000000000000000 0.00000000000000000000 -0.08391853504454013790 -0.00591772142258983717  0.03183226648674194331 -0.00013293338758022891 -0.00087408107170620214 -0.00312644592505712839
1585068004.198385 0.00000000000000000000 0.00000000000000000000 0.00000000000000000000 0.00000000000000000000 0.00000000000000000000 0.00000000000000000000 -0.08386244268601904250 -0.00600167049593282060  0.03182317790832053100 -0.00013158891089948323 -0.00087570049249307733 -0.00312915211628694932
1585068004.825386 0.00000000000000000000 0.00000000000000000000 0.00000000000000000000 0.00000000000000000000 0.00000000000000000000 0.00000000000000000000 -0.08381069874933827490 -0.00608205899688601514  0.03178385610699400315 -0.00012972620695197252 -0.00087576304648396489 -0.00312972953828598559
1585068005.221387 0.00000000000000000000 0.00000000000000000000 0.00000000000000000000 0.00000000000000000000 0.00000000000000000000 0.00000000000000000000 -0.08371756941686475662 -0.00604396739140157947  0.03174119272968253802 -0.00012961081014105382 -0.00087933627163573342 -0.00312867230857109780
1585068005.320387 0.00000000000000000000 0.00000000000000000000 0.00000000000000000000 0.00000000000000000000 0.00000000000000000000 0.00000000000000000000 -0.08370635043451414570 -0.00608223259150663265  0.03173212789599272332 -0.00012971794787904709 -0.00087904058541875664 -0.00312660074099199194
1585068005.419387 0.00000000000000000000 0.00000000000000000000 0.00000000000000000000 0.00000000000000000000 0.00000000000000000000 0.00000000000000000000 -0.08366951616279560966 -0.00608407629741094039  0.03172129757148152429 -0.00013031227740808093 -0.00087950302816666010 -0.00312577867037521287
1585068005.683388 0.00000000000000000000 0.00000000000000000000 0.00000000000000000000 0.00000000000000000000 0.00000000000000000000 0.00000000000000000000 -0.08361785131953219929 -0.00615829296378544305  0.03169865413536460813 -0.00013085728397605476 -0.00088020218647710520 -0.00312684626820379551
1585068006.112389 0.00000000000000000000 0.00000000000000000000 0.00000000000000000000 0.00000000000000000000 0.00000000000000000000 0.00000000000000000000 -0.08353065449954949484 -0.00620080007858365718  0.03166173849493177095 -0.00013047199898760082 -0.00088186304047131075 -0.00312960472158959301
1585068006.310390 0.00000000000000000000 0.00000000000000000000 0.00000000000000000000 0.00000000000000000000 0.00000000000000000000 0.00000000000000000000 -0.08348118739629221963 -0.00616535401361543393  0.03165051946977505415 -0.00013011557214716486 -0.00088111470594202490 -0.00313006822473637638
1585068006.805391 0.00000000000000000000 0.00000000000000000000 0.00000000000000000000 0.00000000000000000000 0.00000000000000000000 0.00000000000000000000 -0.08342781479998592764 -0.00619734906728907319  0.03160928671151991970 -0.00012781222851941524 -0.00088170142573390097 -0.00312981732219543094
1585068007.003391 0.00000000000000000000 0.00000000000000000000 0.00000000000000000000 0.00000000000000000000 0.00000000000000000000 0.00000000000000000000 -0.08339746889109288241 -0.00617393868796640814  0.03159441522642861960 -0.00012877857022422924 -0.00088090270424343768 -0.00312815179954722663
1585068007.201392 0.00000000000000000000 0.00000000000000000000 0.00000000000000000000 0.00000000000000000000 0.00000000000000000000 0.00000000000000000000 -0.08336403252149035548 -0.00617220107441642050  0.03157910129928418602 -0.00012878598160502057 -0.00088181631135708226 -0.00312792471745518535
1585068007.663393 0.00000000000000000000 0.00000000000000000000 0.00000000000000000000 0.00000000000000000000 0.00000000000000000000 0.00000000000000000000 -0.08333075891216834563 -0.00618898019005924283  0.03154218355868938090 -0.00012801395577999243 -0.00088572048297962114 -0.00312824402186794330
1585068007.729393 0.00000000000000000000 0.00000000000000000000 0.00000000000000000000 0.00000000000000000000 0.00000000000000000000 0.00000000000000000000 -0.08329845318831982648 -0.00617084652587602828  0.03153150704561700352 -0.00012781721255581668 -0.00088602078251192782 -0.00312745786887191641
1585068007.795393 0.00000000000000000000 0.00000000000000000000 0.00000000000000000000 0.00000000000000000000 0.00000000000000000000 0.00000000000000000000 -0.08325938754539015385 -0.00616920844040132980  0.03152438853045213402 -0.00012746819753611506 -0.00088690612627149805 -0.00312790503280776415
1585068007.861393 0.00000000000000000000 0.00000000000000000000 0.00000000000000000000 0.00000000000000000000 0.00000000000000000000 0.00000000000000000000 -0.08326894050088647081 -0.00617295879027684145  0.03151925233528480447 -0.00012729868870701590 -0.00088813684610879640 -0.00312729054098177589
1585068007.927393 0.00000000000000000000 0.00000000000000000000 0.00000000000000000000 0.00000000000000000000 0.00000000000000000000 0.00000000000000000000 -0.08326398120003168646 -0.00619017198371117280  0.03151715181486146322 -0.00012686231271998117 -0.00088586529414468225 -0.00312750688362108597
1585068007.993394 0.00000000000000000000 0.00000000000000000000 0.00000000000000000000 0.00000000000000000000 0.00000000000000000000 0.00000000000000000000 -0.08323871062889463823 -0.00612170270292831682  0.03151192906439748143 -0.00012687132293671781 -0.00088581784490546342 -0.00312656486853428450
1585068008.191394 0.00000000000000000000 0.00000000000000000000 0.00000000000000000000 0.00000000000000000000 0.00000000000000000000 0.00000000000000000000 -0.08322719937842078253 -0.00611819917964236560  0.03150352080081950806 -0.00012631037281334647 -0.00088761616254363364 -0.00312468668960278135
1585068008.389395 0.00000000000000000000 0.00000000000000000000 0.00000000000000000000 0.00000000000000000000 0.00000000000000000000 0.00000000000000000000 -0.08320244083166980498 -0.00616057489461269321  0.03149280585731231014 -0.00012531413835789704 -0.00088502584998381413 -0.00312464004719781134
1585068008.587395 0.00000000000000000000 0.00000000000000000000 0.00000000000000000000 0.00000000000000000000 0.00000000000000000000 0.00000000000000000000 -0.08316765182958975322 -0.00615384939347823467  0.03147657241540165879 -0.00012526358499777358 -0.00088501967634501517 -0.00312531727397724222
1585068008.686395 0.00000000000000000000 0.00000000000000000000 0.00000000000000000000 0.00000000000000000000 0.00000000000000000000 0.00000000000000000000 -0.08317057042983189152 -0.00616186050814352456  0.03147127095407410702 -0.00012564678732542513 -0.00088473544974737670 -0.00312516809900122584
1585068008.785395 0.00000000000000000000 0.00000000000000000000 0.00000000000000000000 0.00000000000000000000 0.00000000000000000000 0.00000000000000000000 -0.08315002672196158962 -0.00617335732327204886  0.03147336068421960342 -0.00012397067373919851 -0.00088328678576293535 -0.00312591306066344965
1585068008.884396 0.00000000000000000000 0.00000000000000000000 0.00000000000000000000 0.00000000000000000000 0.00000000000000000000 0.00000000000000000000 -0.08314185455306352668 -0.00616906044544932638  0.03146138074436755777 -0.00012484930432956820 -0.00088410353889309542 -0.00312607031231043782
1585068008.983396 0.00000000000000000000 0.00000000000000000000 0.00000000000000000000 0.00000000000000000000 0.00000000000000000000 0.00000000000000000000 -0.08312664063964786409 -0.00616918245901773230  0.03145464138216308436 -0.00012389132579942712 -0.00088494859063675011 -0.00312573988420893111
1585068009.511397 0.00000000000000000000 0.00000000000000000000 0.00000000000000000000 0.00000000000000000000 0.00000000000000000000 0.00000000000000000000 -0.08304698231522905649 -0.00615199856243331747  0.03140171598118793317 -0.00012311503952514477 -0.00088706570105023634 -0.00312359219843325866
1585068010.039399 0.00000000000000000000 0.00000000000000000000 0.00000000000000000000 0.00000000000000000000 0.00000000000000000000 0.00000000000000000000 -0.08301561371776494669 -0.00615899599895072293  0.03136023690454041446 -0.00012125672703324511 -0.00088953820286791967 -0.00312125023473509107
1585068011.128401 0.00000000000000000000 0.00000000000000000000 0.00000000000000000000 0.00000000000000000000 0.00000000000000000000 0.00000000000000000000 -0.08289283817781380181 -0.00618781298892443887  0.03127001339997400459 -0.00011838665940481320 -0.00088830564614814892 -0.00312085156599298036
1585068011.326401 0.00000000000000000000 0.00000000000000000000 0.00000000000000000000 0.00000000000000000000 0.00000000000000000000 0.00000000000000000000 -0.08288308604172381355 -0.00622093556132766352  0.03125757518650484901 -0.00011662925094890131 -0.00088893581523117281 -0.00312149227805676643
1585068011.425402 0.00000000000000000000 0.00000000000000000000 0.00000000000000000000 0.00000000000000000000 0.00000000000000000000 0.00000000000000000000 -0.08288393418688935754 -0.00621953660074437559  0.03125004097589174218 -0.00011656739899824103 -0.00088972965485635308 -0.00312128199742014003
1585068011.986403 0.00000000000000000000 0.00000000000000000000 0.00000000000000000000 0.00000000000000000000 0.00000000000000000000 0.00000000000000000000 -0.08280869409406427240 -0.00618759241731250357  0.03119209996694563905 -0.00011549565911512551 -0.00089031661458006679 -0.00311990987642297036
1585068012.118404 0.00000000000000000000 0.00000000000000000000 0.00000000000000000000 0.00000000000000000000 0.00000000000000000000 0.00000000000000000000 -0.08280899458429369364 -0.00616382274178304233  0.03118276170409082365 -0.00011555623087483065 -0.00089074513206899926 -0.00311872497879931918
1585068012.316404 0.00000000000000000000 0.00000000000000000000 0.00000000000000000000 0.00000000000000000000 0.00000000000000000000 0.00000000000000000000 -0.08278319181524185222 -0.00616646998428436489  0.03116857112229027421 -0.00011514404556186004 -0.00089002713278112620 -0.00312002139457495491
1585068012.415404 0.00000000000000000000 0.00000000000000000000 0.00000000000000000000 0.00000000000000000000 0.00000000000000000000 0.00000000000000000000 -0.08277740237614436558 -0.00613753381277355389  0.03116080643434200603 -0.00011463598390147824 -0.00089124784890402267 -0.00312041003358911381
1585068012.844405 0.00000000000000000000 0.00000000000000000000 0.00000000000000000000 0.00000000000000000000 0.00000000000000000000 0.00000000000000000000 -0.08273993846754511272 -0.00616590709816994178  0.03112179924602916439 -0.00011616998300017893 -0.00089070239899661737 -0.00312336228466258102
1585068013.042406 0.00000000000000000000 0.00000000000000000000 0.00000000000000000000 0.00000000000000000000 0.00000000000000000000 0.00000000000000000000 -0.08271385954831408927 -0.00609710747412204549  0.03109984838833382975 -0.00011681348171591748 -0.00089195261243939586 -0.00312249816491086928
1585068013.108406 0.00000000000000000000 0.00000000000000000000 0.00000000000000000000 0.00000000000000000000 0.00000000000000000000 0.00000000000000000000 -0.08268160282187621279 -0.00611725026522295674  0.03109273919866630334 -0.00011712477506719735 -0.00089316891187371712 -0.00312386373126889022
1585068013.174406 0.00000000000000000000 0.00000000000000000000 0.00000000000000000000 0.00000000000000000000 0.00000000000000000000 0.00000000000000000000 -0.08268847400227331834 -0.00610992824599779823  0.03108804997760339708 -0.00011678696609883646 -0.00089408820749818218 -0.00312438716471932125
1585068013.240406 0.00000000000000000000 0.00000000000000000000 0.00000000000000000000 0.00000000000000000000 0.00000000000000000000 0.00000000000000000000 -0.08270158873411070921 -0.00611045159846963695  0.03108648966236597297 -0.00011588150675387288 -0.00089400409199082511 -0.00312487882822442848
1585068013.306406 0.00000000000000000000 0.00000000000000000000 0.00000000000000000000 0.00000000000000000000 0.00000000000000000000 0.00000000000000000000 -0.08269051997381773877 -0.00610234420673379761  0.03108016001509493129 -0.00011608375574800630 -0.00089441445523400984 -0.00312487593913995509
1585068013.372406 0.00000000000000000000 0.00000000000000000000 0.00000000000000000000 0.00000000000000000000 0.00000000000000000000 0.00000000000000000000 -0.08269568177285775701 -0.00609206378195782574  0.03107552946248066938 -0.00011628215926752680 -0.00089445484095164321 -0.00312441709998817268
1585068013.570407 0.00000000000000000000 0.00000000000000000000 0.00000000000000000000 0.00000000000000000000 0.00000000000000000000 0.00000000000000000000 -0.08267292272669587994 -0.00605020435406308354  0.03105240427988167212 -0.00011553190788419468 -0.00089223548619176958 -0.00312471924531951923
1585068013.702407 0.00000000000000000000 0.00000000000000000000 0.00000000000000000000 0.00000000000000000000 0.00000000000000000000 0.00000000000000000000 -0.08266765474299184180 -0.00606704712104211199  0.03104626085710861239 -0.00011474051790442298 -0.00089151120785560360 -0.00312465494910795687
1585068014.527409 0.00000000000000000000 0.00000000000000000000 0.00000000000000000000 0.00000000000000000000 0.00000000000000000000 0.00000000000000000000 -0.08257298026994736029 -0.00595774483807826397  0.03097382081778742025 -0.00011488584259308831 -0.00089253017887279678 -0.00312198005462286992
1585068014.626410 0.00000000000000000000 0.00000000000000000000 0.00000000000000000000 0.00000000000000000000 0.00000000000000000000 0.00000000000000000000 -0.08257469991145630073 -0.00595284960731709122  0.03096915541618727383 -0.00011431232677956348 -0.00089337759187816323 -0.00312165238103885015
1585068014.725410 0.00000000000000000000 0.00000000000000000000 0.00000000000000000000 0.00000000000000000000 0.00000000000000000000 0.00000000000000000000 -0.08258548643781973841 -0.00594796405718915708  0.03096517551181461950 -0.00011351349361701454 -0.00089329300388846873 -0.00312113031143703909
1585068014.923410 0.00000000000000000000 0.00000000000000000000 0.00000000000000000000 0.00000000000000000000 0.00000000000000000000 0.00000000000000000000 -0.08256437688801152031 -0.00595967171989206321  0.03095335800706887353 -0.00011157764371897760 -0.00089150604451982405 -0.00312093920668475751
1585068015.121411 0.00000000000000000000 0.00000000000000000000 0.00000000000000000000 0.00000000000000000000 0.00000000000000000000 0.00000000000000000000 -0.08256755271828719600 -0.00596426194326942199  0.03093293875471087376 -0.00011128184728929226 -0.00089295218671319083 -0.00311902035081567828
1585068015.319411 0.00000000000000000000 0.00000000000000000000 0.00000000000000000000 0.00000000000000000000 0.00000000000000000000 0.00000000000000000000 -0.08254071671286977718 -0.00593596051319786582  0.03091457401038442965 -0.00011194325589820364 -0.00089306800607649240 -0.00311738479417616185
1585068015.385411 0.00000000000000000000 0.00000000000000000000 0.00000000000000000000 0.00000000000000000000 0.00000000000000000000 0.00000000000000000000 -0.08254028578247291081 -0.00592884732081940414  0.03090495797384366222 -0.00011190256859892630 -0.00089376314777992220 -0.00311765925899775949
1585068015.484411 0.00000000000000000000 0.00000000000000000000 0.00000000000000000000 0.00000000000000000000 0.00000000000000000000 0.00000000000000000000 -0.08253103713782035389 -0.00595862468029124091  0.03089754750292323521 -0.00011160614421792764 -0.00089519388285227487 -0.00311782927018566455
1585068015.583412 0.00000000000000000000 0.00000000000000000000 0.00000000000000000000 0.00000000000000000000 0.00000000000000000000 0.00000000000000000000 -0.08252402123922918109 -0.00591975628131540324  0.03088533284790198619 -0.00011162472953096000 -0.00089489375128928741 -0.00311824154688802348
1585068015.682412 0.00000000000000000000 0.00000000000000000000 0.00000000000000000000 0.00000000000000000000 0.00000000000000000000 0.00000000000000000000 -0.08252296870968600651 -0.00592138191837162948  0.03087691251418597793 -0.00011117671155481357 -0.00089577932760750067 -0.00311734113682005749
1585068015.781412 0.00000000000000000000 0.00000000000000000000 0.00000000000000000000 0.00000000000000000000 0.00000000000000000000 0.00000000000000000000 -0.08251038649323935714 -0.00589894220703299915  0.03086716988520590843 -0.00011153248413343494 -0.00089751259448917799 -0.00311664811866081606
1585068015.880412 0.00000000000000000000 0.00000000000000000000 0.00000000000000000000 0.00000000000000000000 0.00000000000000000000 0.00000000000000000000 -0.08250651626361016344 -0.00588504167028846073  0.03085617047883110545 -0.00011079770239920364 -0.00089882882807785038 -0.00311620504357130578
1585068015.979413 0.00000000000000000000 0.00000000000000000000 0.00000000000000000000 0.00000000000000000000 0.00000000000000000000 0.00000000000000000000 -0.08247706839239209164 -0.00587238786819514313  0.03084937525094355246 -0.00011017055298860342 -0.00089669255699723700 -0.00311760106908668191
1585068016.078413 0.00000000000000000000 0.00000000000000000000 0.00000000000000000000 0.00000000000000000000 0.00000000000000000000 0.00000000000000000000 -0.08246992769699193482 -0.00584951421723874446  0.03083814036645186885 -0.00010938015253196475 -0.00089525996627545963 -0.00311863153076527523
1585068016.177413 0.00000000000000000000 0.00000000000000000000 0.00000000000000000000 0.00000000000000000000 0.00000000000000000000 0.00000000000000000000 -0.08248098992126021156 -0.00584311483495209873  0.03082798260930663323 -0.00010992227093504393 -0.00089405650179656085 -0.00311853332136023892
1585068016.507414 0.00000000000000000000 0.00000000000000000000 0.00000000000000000000 0.00000000000000000000 0.00000000000000000000 0.00000000000000000000 -0.08246837340899160207 -0.00589301266586341084  0.03079599565448412277 -0.00010998165220677607 -0.00089272954199198361 -0.00312068124502541721
1585068016.705414 0.00000000000000000000 0.00000000000000000000 0.00000000000000000000 0.00000000000000000000 0.00000000000000000000 0.00000000000000000000 -0.08246771679663003618 -0.00587146488261866811  0.03078000542049952673 -0.00011087116923336551 -0.00089199576014392732 -0.00311979686971284318
1585068017.662417 0.00000000000000000000 0.00000000000000000000 0.00000000000000000000 0.00000000000000000000 0.00000000000000000000 0.00000000000000000000 -0.08241527894677580512 -0.00583405590749197685  0.03070584033222511361 -0.00011025007107264072 -0.00088859215531791858 -0.00312603999145567553
1585068017.860417 0.00000000000000000000 0.00000000000000000000 0.00000000000000000000 0.00000000000000000000 0.00000000000000000000 0.00000000000000000000 -0.08241131783789944210 -0.00582547018526948911  0.03068848573157252971 -0.00010867827119620509 -0.00089069101563554189 -0.00312359781300858980
1585068018.586419 0.00000000000000000000 0.00000000000000000000 0.00000000000000000000 0.00000000000000000000 0.00000000000000000000 0.00000000000000000000 -0.08237870501505806242 -0.00579793325744378234  0.03062011905409092044 -0.00010628491044797987 -0.00089489126182068490 -0.00312095930334360108
1585068018.850420 0.00000000000000000000 0.00000000000000000000 0.00000000000000000000 0.00000000000000000000 0.00000000000000000000 0.00000000000000000000 -0.08236614998797332776 -0.00579605733055849406  0.03059785194364435593 -0.00010644970114394990 -0.00089283185177534564 -0.00312240621860901792
1585068019.048420 0.00000000000000000000 0.00000000000000000000 0.00000000000000000000 0.00000000000000000000 0.00000000000000000000 0.00000000000000000000 -0.08237059047079788032 -0.00577927656471053514  0.03057970056376227083 -0.00010644794154493798 -0.00089340988686789093 -0.00312314781535814878
1585068019.246420 0.00000000000000000000 0.00000000000000000000 0.00000000000000000000 0.00000000000000000000 0.00000000000000000000 0.00000000000000000000 -0.08235777034430454002 -0.00579407960047461940  0.03056721706940980499 -0.00010605110884241386 -0.00089369592874057708 -0.00312500245846804216
1585068019.444421 0.00000000000000000000 0.00000000000000000000 0.00000000000000000000 0.00000000000000000000 0.00000000000000000000 0.00000000000000000000 -0.08235230739393943622 -0.00577239759598251623  0.03054925194407281594 -0.00010603955624901394 -0.00089336793073723940 -0.00312516836250352871
1585068019.510421 0.00000000000000000000 0.00000000000000000000 0.00000000000000000000 0.00000000000000000000 0.00000000000000000000 0.00000000000000000000 -0.08234660227531821752 -0.00577256179916913869  0.03054132639698158014 -0.00010622849756507324 -0.00089308274806411663 -0.00312560515676464342
1585068019.708422 0.00000000000000000000 0.00000000000000000000 0.00000000000000000000 0.00000000000000000000 0.00000000000000000000 0.00000000000000000000 -0.08233878221129116437 -0.00575186604086904817  0.03052428220795683905 -0.00010770589992140995 -0.00089081723623092276 -0.00312675960969872142
1585068019.807422 0.00000000000000000000 0.00000000000000000000 0.00000000000000000000 0.00000000000000000000 0.00000000000000000000 0.00000000000000000000 -0.08234085725059500649 -0.00575532411675664258  0.03052176454882365650 -0.00010834495247562126 -0.00088992926190908917 -0.00312627890555989803
1585068020.335423 0.00000000000000000000 0.00000000000000000000 0.00000000000000000000 0.00000000000000000000 0.00000000000000000000 0.00000000000000000000 -0.08232722352562255042 -0.00574488896943985920  0.03048176385069647359 -0.00010573302497903152 -0.00089209570051298115 -0.00312656429767726573
1585068020.731424 0.00000000000000000000 0.00000000000000000000 0.00000000000000000000 0.00000000000000000000 0.00000000000000000000 0.00000000000000000000 -0.08230782161060044844 -0.00579934884245485258  0.03045122611382216488 -0.00010409722887034553 -0.00089466117003512969 -0.00312617828037636478
1585068021.127425 0.00000000000000000000 0.00000000000000000000 0.00000000000000000000 0.00000000000000000000 0.00000000000000000000 0.00000000000000000000 -0.08230173454206018979 -0.00573969971390329587  0.03041225398762220991 -0.00010423655471354801 -0.00089221693007621530 -0.00312703331698478085
1585068021.325426 0.00000000000000000000 0.00000000000000000000 0.00000000000000000000 0.00000000000000000000 0.00000000000000000000 0.00000000000000000000 -0.08230475634682563046 -0.00574398831798062642  0.03039634512486663956 -0.00010361752182721383 -0.00089088902447133681 -0.00312819625523679977
1585068021.523426 0.00000000000000000000 0.00000000000000000000 0.00000000000000000000 0.00000000000000000000 0.00000000000000000000 0.00000000000000000000 -0.08229591773136218924 -0.00571800939487210943  0.03037635543878089081 -0.00010334880981139244 -0.00089009545399270707 -0.00312891351573488501
1585068021.655427 0.00000000000000000000 0.00000000000000000000 0.00000000000000000000 0.00000000000000000000 0.00000000000000000000 0.00000000000000000000 -0.08229187099087240109 -0.00571679849907206963  0.03036472878166475778 -0.00010348330756825582 -0.00089026860059451688 -0.00312901472553561927
1585068021.787427 0.00000000000000000000 0.00000000000000000000 0.00000000000000000000 0.00000000000000000000 0.00000000000000000000 0.00000000000000000000 -0.08228848661735807535 -0.00572676484455128705  0.03035254260931038658 -0.00010318500334674611 -0.00089233266785778472 -0.00312768558916899165
1585068022.546429 0.00000000000000000000 0.00000000000000000000 0.00000000000000000000 0.00000000000000000000 0.00000000000000000000 0.00000000000000000000 -0.08227359311382857754 -0.00558290454828837962  0.03031317503458032941 -0.00010010829429180350 -0.00089333019268856585 -0.00312950563205405480
1585068023.206430 0.00000000000000000000 0.00000000000000000000 0.00000000000000000000 0.00000000000000000000 0.00000000000000000000 0.00000000000000000000 -0.08226549366533740526 -0.00552814848964192519  0.03026210232175547896 -0.00010250695664514970 -0.00089264876691732956 -0.00312938817075764575
1585068023.899432 0.00000000000000000000 0.00000000000000000000 0.00000000000000000000 0.00000000000000000000 0.00000000000000000000 0.00000000000000000000 -0.08225862928112177841 -0.00552303587145744259  0.03022105538107748221 -0.00010874361675401700 -0.00088878993417524190 -0.00313260438591480509
1585068023.998432 0.00000000000000000000 0.00000000000000000000 0.00000000000000000000 0.00000000000000000000 0.00000000000000000000 0.00000000000000000000 -0.08225247407370342434 -0.00548115112516305535  0.03021789789299193091 -0.00011023945121150757 -0.00088687691246561217 -0.00313457354205237855
1585068024.097432 0.00000000000000000000 0.00000000000000000000 0.00000000000000000000 0.00000000000000000000 0.00000000000000000000 0.00000000000000000000 -0.08226038844505249858 -0.00547294085628386492  0.03021510320659828719 -0.00011289946229578765 -0.00088521087829696087 -0.00313595254464013552
1585068024.691434 0.00000000000000000000 0.00000000000000000000 0.00000000000000000000 0.00000000000000000000 0.00000000000000000000 0.00000000000000000000 -0.08230611046647133555 -0.00533852999675209910  0.03020172501450596458 -0.00012509330278856378 -0.00087976779809802467 -0.00314445442292719682
1585068026.308438 0.00000000000000000000 0.00000000000000000000 0.00000000000000000000 0.00000000000000000000 0.00000000000000000000 0.00000000000000000000 -0.08258010375854500651 -0.00537297171080803552  0.03026489430489538723 -0.00015354571157474641 -0.00088151866150423472 -0.00315979222604282402
1585068026.803439 0.00000000000000000000 0.00000000000000000000 0.00000000000000000000 0.00000000000000000000 0.00000000000000000000 0.00000000000000000000 -0.08275539422351947672 -0.00546254006274513298  0.03027463052813485905 -0.00016961470956179382 -0.00088380250808510767 -0.00316405323197607941
1585068028.684443 0.00000000000000000000 0.00000000000000000000 0.00000000000000000000 0.00000000000000000000 0.00000000000000000000 0.00000000000000000000 -0.08368612899133595628 -0.00591934182659988387  0.03049497912262597379 -0.00020534518935269567 -0.00088063119361999145 -0.00319040362203211209
1585068029.542445 0.00000000000000000000 0.00000000000000000000 0.00000000000000000000 0.00000000000000000000 0.00000000000000000000 0.00000000000000000000 -0.08432051450419356109 -0.00617226185834239983  0.03056127229453488303 -0.00020404696297164992 -0.00088017859650386617 -0.00318984736829135921
1585068029.674446 0.00000000000000000000 0.00000000000000000000 0.00000000000000000000 0.00000000000000000000 0.00000000000000000000 0.00000000000000000000 -0.08441772612456308056 -0.00618816120362365111  0.03056107925193790945 -0.00020362911456511335 -0.00088313703771484989 -0.00318859706562748700
1585068029.773446 0.00000000000000000000 0.00000000000000000000 0.00000000000000000000 0.00000000000000000000 0.00000000000000000000 0.00000000000000000000 -0.08444574149049523248 -0.00617734492595549585  0.03056857187389068475 -0.00020358009638420875 -0.00088354872891212505 -0.00318861476720625273
1585068029.905446 0.00000000000000000000 0.00000000000000000000 0.00000000000000000000 0.00000000000000000000 0.00000000000000000000 0.00000000000000000000 -0.08447804509536419038 -0.00614734597986375895  0.03056934895752431297 -0.00020429120911494297 -0.00088090044220077719 -0.00318890442847471903
1585068030.334447 0.00000000000000000000 0.00000000000000000000 0.00000000000000000000 0.00000000000000000000 0.00000000000000000000 0.00000000000000000000 -0.08452134255210323743 -0.00603491523949189253  0.03057170379591916259 -0.00020445948387765684 -0.00088324951102809670 -0.00318779127378756395
1585068030.697448 0.00000000000000000000 0.00000000000000000000 0.00000000000000000000 0.00000000000000000000 0.00000000000000000000 0.00000000000000000000 -0.08464107599875393684 -0.00604915715250656238  0.03058067953488296034 -0.00020210094436786104 -0.00087997910941439326 -0.00318680919593107483
1585068031.720451 0.00000000000000000000 0.00000000000000000000 0.00000000000000000000 0.00000000000000000000 0.00000000000000000000 0.00000000000000000000 -0.08449334751422508949 -0.00555838765331572327  0.03055604096076240325 -0.00019681326351963201 -0.00088703845570167576 -0.00318685628093281006
1585068032.281452 0.00000000000000000000 0.00000000000000000000 0.00000000000000000000 0.00000000000000000000 0.00000000000000000000 0.00000000000000000000 -0.08445854573915492769 -0.00546339323384081171  0.03054260436421776109 -0.00019615631264268332 -0.00088550419664659642 -0.00318461955304447011
1585068032.380452 0.00000000000000000000 0.00000000000000000000 0.00000000000000000000 0.00000000000000000000 0.00000000000000000000 0.00000000000000000000 -0.08445789440141658611 -0.00541718713995799090  0.03053747046575788424 -0.00019682340489270042 -0.00088523421418732352 -0.00318478533762471061
1585068032.479452 0.00000000000000000000 0.00000000000000000000 0.00000000000000000000 0.00000000000000000000 0.00000000000000000000 0.00000000000000000000 -0.08444068087906599074 -0.00542105593151459911  0.03053876176272712559 -0.00019621408216665906 -0.00088659337464598684 -0.00318567128892843342
1585068032.908453 0.00000000000000000000 0.00000000000000000000 0.00000000000000000000 0.00000000000000000000 0.00000000000000000000 0.00000000000000000000 -0.08435964120199261618 -0.00531086267611451546  0.03053064844060022695 -0.00019480914032369548 -0.00088626498273797866 -0.00318474486998207400
1585068032.974453 0.00000000000000000000 0.00000000000000000000 0.00000000000000000000 0.00000000000000000000 0.00000000000000000000 0.00000000000000000000 -0.08436740328407889289 -0.00530646650231992537  0.03052779538000034362 -0.00019449680819330059 -0.00088741768707317422 -0.00318432848833191673
1585068033.172454 0.00000000000000000000 0.00000000000000000000 0.00000000000000000000 0.00000000000000000000 0.00000000000000000000 0.00000000000000000000 -0.08438644087085524215 -0.00529309257328767005  0.03052702088286714591 -0.00019374083086634141 -0.00088921076394202214 -0.00318390384256789401
1585068033.370455 0.00000000000000000000 0.00000000000000000000 0.00000000000000000000 0.00000000000000000000 0.00000000000000000000 0.00000000000000000000 -0.08430886471419653250 -0.00535769374442507211  0.03052926769079378211 -0.00019446689963144141 -0.00088884852842685894 -0.00318653811000046798
1585068033.700455 0.00000000000000000000 0.00000000000000000000 0.00000000000000000000 0.00000000000000000000 0.00000000000000000000 0.00000000000000000000 -0.08422753999424395510 -0.00518359467312493657  0.03050618743781945141 -0.00019332615980155086 -0.00089126701189480182 -0.00318577859648941971
1585068033.898456 0.00000000000000000000 0.00000000000000000000 0.00000000000000000000 0.00000000000000000000 0.00000000000000000000 0.00000000000000000000 -0.08415137752348079980 -0.00514071249801700304  0.03050463723056140788 -0.00019090789908136842 -0.00089002258472937828 -0.00318682800545142973
1585068034.096456 0.00000000000000000000 0.00000000000000000000 0.00000000000000000000 0.00000000000000000000 0.00000000000000000000 0.00000000000000000000 -0.08414886097390579522 -0.00512994222660467618  0.03049735798571182738 -0.00019007329382905592 -0.00089352896178036335 -0.00318606462388115394
1585068034.294457 0.00000000000000000000 0.00000000000000000000 0.00000000000000000000 0.00000000000000000000 0.00000000000000000000 0.00000000000000000000 -0.08411827160910528844 -0.00514284412606509644  0.03048838262818419353 -0.00019066676753118103 -0.00089409091897112473 -0.00318784554597366810
1585068034.492457 0.00000000000000000000 0.00000000000000000000 0.00000000000000000000 0.00000000000000000000 0.00000000000000000000 0.00000000000000000000 -0.08398253273119080098 -0.00499471312729145561  0.03047327821956297492 -0.00019056092266838925 -0.00089262890784140309 -0.00318782728179633958
1585068034.558457 0.00000000000000000000 0.00000000000000000000 0.00000000000000000000 0.00000000000000000000 0.00000000000000000000 0.00000000000000000000 -0.08393950323632728971 -0.00496966995299013507  0.03046917355384392775 -0.00019053019655050906 -0.00089421210068637506 -0.00318658749441809441
1585068034.723458 0.00000000000000000000 0.00000000000000000000 0.00000000000000000000 0.00000000000000000000 0.00000000000000000000 0.00000000000000000000 -0.08395281278570231043 -0.00497534204084968366  0.03047259879595568682 -0.00018985018209097097 -0.00089163770440143196 -0.00318613851317537484
1585068034.822458 0.00000000000000000000 0.00000000000000000000 0.00000000000000000000 0.00000000000000000000 0.00000000000000000000 0.00000000000000000000 -0.08394193466863325570 -0.00497032389874448640  0.03046923604583865602 -0.00018970106420024765 -0.00089084304972013089 -0.00318637204882634252
1585068035.185459 0.00000000000000000000 0.00000000000000000000 0.00000000000000000000 0.00000000000000000000 0.00000000000000000000 0.00000000000000000000 -0.08379899174659909133 -0.00485004389201643127  0.03046487251789362430 -0.00018856011305384254 -0.00089255444121998703 -0.00318462161774461013
1585068035.383459 0.00000000000000000000 0.00000000000000000000 0.00000000000000000000 0.00000000000000000000 0.00000000000000000000 0.00000000000000000000 -0.08373276027139002486 -0.00480310537219961163  0.03044840222964763365 -0.00018837374126889420 -0.00089149383541919957 -0.00318482571467161926
1585068035.482460 0.00000000000000000000 0.00000000000000000000 0.00000000000000000000 0.00000000000000000000 0.00000000000000000000 0.00000000000000000000 -0.08369017656175002651 -0.00478435561668040001  0.03044308353253188243 -0.00018823512387820278 -0.00089226869475898308 -0.00318482809282878438
1585068035.680460 0.00000000000000000000 0.00000000000000000000 0.00000000000000000000 0.00000000000000000000 0.00000000000000000000 0.00000000000000000000 -0.08361929160084273505 -0.00478935540059712787  0.03043761917234078310 -0.00018567176102540607 -0.00089424650153425945 -0.00318660086826353653
1585068035.746460 0.00000000000000000000 0.00000000000000000000 0.00000000000000000000 0.00000000000000000000 0.00000000000000000000 0.00000000000000000000 -0.08362635037688591344 -0.00481866692641263507  0.03043878457336515048 -0.00018505958172792888 -0.00089373734672968275 -0.00318631843457296620
1585068035.812460 0.00000000000000000000 0.00000000000000000000 0.00000000000000000000 0.00000000000000000000 0.00000000000000000000 0.00000000000000000000 -0.08361212658222756666 -0.00481893109519950999  0.03043264070059653256 -0.00018467894094939733 -0.00089240334444343379 -0.00318644109023362952
1585068036.274462 0.00000000000000000000 0.00000000000000000000 0.00000000000000000000 0.00000000000000000000 0.00000000000000000000 0.00000000000000000000 -0.08353253105144818613 -0.00488501150449341219  0.03041479634357713291 -0.00018408409095437686 -0.00088859901672780155 -0.00318846533291970930
1585068036.604462 0.00000000000000000000 0.00000000000000000000 0.00000000000000000000 0.00000000000000000000 0.00000000000000000000 0.00000000000000000000 -0.08348970215243482762 -0.00485013477450871658  0.03041407520773417930 -0.00018261375044490965 -0.00088970993235517205 -0.00318863606239239540
1585068036.703462 0.00000000000000000000 0.00000000000000000000 0.00000000000000000000 0.00000000000000000000 0.00000000000000000000 0.00000000000000000000 -0.08347595506431647328 -0.00483559731692713001  0.03041027114963235772 -0.00018230750507643330 -0.00089253504148791160 -0.00318812820301487155
1585068037.099463 0.00000000000000000000 0.00000000000000000000 0.00000000000000000000 0.00000000000000000000 0.00000000000000000000 0.00000000000000000000 -0.08350592017144363444 -0.00487838672364565226  0.03039774159966242978 -0.00018101708496945446 -0.00089275699588814775 -0.00318702453359467376
1585068037.330464 0.00000000000000000000 0.00000000000000000000 0.00000000000000000000 0.00000000000000000000 0.00000000000000000000 0.00000000000000000000 -0.08338928708862748673 -0.00480574494565567251  0.03038832054832274476 -0.00017978615167464621 -0.00089154010385506823 -0.00318556854964549422
1585068037.462464 0.00000000000000000000 0.00000000000000000000 0.00000000000000000000 0.00000000000000000000 0.00000000000000000000 0.00000000000000000000 -0.08328435767158724745 -0.00469012458357523018  0.03038326293132027553 -0.00017946280732340127 -0.00088837872401097140 -0.00318614178198416446
1585068037.528464 0.00000000000000000000 0.00000000000000000000 0.00000000000000000000 0.00000000000000000000 0.00000000000000000000 0.00000000000000000000 -0.08326175017308375115 -0.00466838957183302733  0.03038330830943759830 -0.00017859122194230736 -0.00088823859181013504 -0.00318557042208489653
1585068037.594465 0.00000000000000000000 0.00000000000000000000 0.00000000000000000000 0.00000000000000000000 0.00000000000000000000 0.00000000000000000000 -0.08325899018631756354 -0.00465459315942012408  0.03038534789224293237 -0.00017806247534742987 -0.00088803629149809154 -0.00318532450990338927
1585068038.221466 0.00000000000000000000 0.00000000000000000000 0.00000000000000000000 0.00000000000000000000 0.00000000000000000000 0.00000000000000000000 -0.08298367283929528049 -0.00434852466471143985  0.03034603086678036923 -0.00017527200343735855 -0.00088943688674550869 -0.00318681960842321895
1585068039.013468 0.00000000000000000000 0.00000000000000000000 0.00000000000000000000 0.00000000000000000000 0.00000000000000000000 0.00000000000000000000 -0.08292857927873339974 -0.00420328828255939289  0.03031401868894612051 -0.00017276934849822222 -0.00089348129363431674 -0.00318487130968603824
1585068039.310469 0.00000000000000000000 0.00000000000000000000 0.00000000000000000000 0.00000000000000000000 0.00000000000000000000 0.00000000000000000000 -0.08287422861848905975 -0.00410916994795940474  0.03029164521626730860 -0.00017179699122450300 -0.00089323211717067647 -0.00318409276465226720
1585068039.376469 0.00000000000000000000 0.00000000000000000000 0.00000000000000000000 0.00000000000000000000 0.00000000000000000000 0.00000000000000000000 -0.08287401696809053309 -0.00412054176493164854  0.03028627432084393667 -0.00017167078446465804 -0.00089050246261758784 -0.00318412428170949252
1585068039.442469 0.00000000000000000000 0.00000000000000000000 0.00000000000000000000 0.00000000000000000000 0.00000000000000000000 0.00000000000000000000 -0.08285605278199253965 -0.00408495153746226466  0.03028561042207982001 -0.00017085681478511277 -0.00088998651158163355 -0.00318399519637180750
1585068039.508469 0.00000000000000000000 0.00000000000000000000 0.00000000000000000000 0.00000000000000000000 0.00000000000000000000 0.00000000000000000000 -0.08281533091837885163 -0.00404857754624880686  0.03028059320538312518 -0.00017087963719253393 -0.00088929505738430598 -0.00318433983278659056
1585068039.574469 0.00000000000000000000 0.00000000000000000000 0.00000000000000000000 0.00000000000000000000 0.00000000000000000000 0.00000000000000000000 -0.08277099048148557625 -0.00399626771291026247  0.03027584370549570372 -0.00016966897926513054 -0.00088947784927058166 -0.00318381729700689285
1585068039.937470 0.00000000000000000000 0.00000000000000000000 0.00000000000000000000 0.00000000000000000000 0.00000000000000000000 0.00000000000000000000 -0.08271559076806041244 -0.00388914516629768666  0.03025148091644149634 -0.00016941504847594794 -0.00089398696544945805 -0.00318286647156497404
1585068040.036470 0.00000000000000000000 0.00000000000000000000 0.00000000000000000000 0.00000000000000000000 0.00000000000000000000 0.00000000000000000000 -0.08267476155858234643 -0.00388363379127348385  0.03024612572373304095 -0.00016869946447092544 -0.00089116547485339887 -0.00318495111745633339
1585068040.135471 0.00000000000000000000 0.00000000000000000000 0.00000000000000000000 0.00000000000000000000 0.00000000000000000000 0.00000000000000000000 -0.08262721908112116709 -0.00382146734977173268  0.03023701583093212422 -0.00016746723291807261 -0.00088897814377950936 -0.00318469848824747860
1585068040.234471 0.00000000000000000000 0.00000000000000000000 0.00000000000000000000 0.00000000000000000000 0.00000000000000000000 0.00000000000000000000 -0.08261399306275070409 -0.00380717147137935421  0.03022929019163425948 -0.00016752489652437159 -0.00088793878866238020 -0.00318465854359946529
1585068040.597472 0.00000000000000000000 0.00000000000000000000 0.00000000000000000000 0.00000000000000000000 0.00000000000000000000 0.00000000000000000000 -0.08257725038563869246 -0.00378731565446961075  0.03021574237484260517 -0.00016846366500260834 -0.00089230892853076125 -0.00318430337719367200
1585068040.861473 0.00000000000000000000 0.00000000000000000000 0.00000000000000000000 0.00000000000000000000 0.00000000000000000000 0.00000000000000000000 -0.08249816711807483882 -0.00366526583713842847  0.03020906836180537250 -0.00016748673674665631 -0.00089187336854872231 -0.00318476594583109616
1585068041.653474 0.00000000000000000000 0.00000000000000000000 0.00000000000000000000 0.00000000000000000000 0.00000000000000000000 0.00000000000000000000 -0.08237967412857009897 -0.00347842552316837564  0.03017684887139607947 -0.00016803549855918065 -0.00089202335766564822 -0.00318418946907305170
1585068042.247476 0.00000000000000000000 0.00000000000000000000 0.00000000000000000000 0.00000000000000000000 0.00000000000000000000 0.00000000000000000000 -0.08220944477453882848 -0.00329292962739755708  0.03015427646583751509 -0.00017800547171660492 -0.00089659772648244599 -0.00318679067659354172
1585068042.346476 0.00000000000000000000 0.00000000000000000000 0.00000000000000000000 0.00000000000000000000 0.00000000000000000000 0.00000000000000000000 -0.08223765762083971864 -0.00331950728720644978  0.03015745729716577325 -0.00017897800496010150 -0.00089565037292554928 -0.00318574201661378118
1585068042.577477 0.00000000000000000000 0.00000000000000000000 0.00000000000000000000 0.00000000000000000000 0.00000000000000000000 0.00000000000000000000 -0.08224461238154852361 -0.00331785267919980061  0.03014416626444309938 -0.00018117321345264030 -0.00089654901282543067 -0.00318664589372721387
1585068043.072478 0.00000000000000000000 0.00000000000000000000 0.00000000000000000000 0.00000000000000000000 0.00000000000000000000 0.00000000000000000000 -0.08210636081780561812 -0.00321123026544447177  0.03015717678715967506 -0.00018705660309391081 -0.00089786869615266504 -0.00319388771809256096
1585068043.171478 0.00000000000000000000 0.00000000000000000000 0.00000000000000000000 0.00000000000000000000 0.00000000000000000000 0.00000000000000000000 -0.08211048334291518036 -0.00321376103099543309  0.03015575132415408005 -0.00018690811543732328 -0.00089633243448408273 -0.00319376283570694348
1585068043.897480 0.00000000000000000000 0.00000000000000000000 0.00000000000000000000 0.00000000000000000000 0.00000000000000000000 0.00000000000000000000 -0.08211418007402067343 -0.00322422772236347467  0.03017401757400881360 -0.00018848532040887338 -0.00090013630281400591 -0.00319521938447008599
1585068044.392481 0.00000000000000000000 0.00000000000000000000 0.00000000000000000000 0.00000000000000000000 0.00000000000000000000 0.00000000000000000000 -0.08203211030835684536 -0.00315859696817189471  0.03018889724442959735 -0.00019237514712810609 -0.00089997353920146992 -0.00319423604282421166
1585068045.184483 0.00000000000000000000 0.00000000000000000000 0.00000000000000000000 0.00000000000000000000 0.00000000000000000000 0.00000000000000000000 -0.08194124466510346871 -0.00308779544002713360  0.03020194019554302972 -0.00019278054544502086 -0.00090567447578824819 -0.00319276846422532129
1585068045.316483 0.00000000000000000000 0.00000000000000000000 0.00000000000000000000 0.00000000000000000000 0.00000000000000000000 0.00000000000000000000 -0.08184580657481815846 -0.00300600266056885767  0.03020294949899974754 -0.00019170181138790666 -0.00090726447631437528 -0.00319414667619202525
1585068045.448483 0.00000000000000000000 0.00000000000000000000 0.00000000000000000000 0.00000000000000000000 0.00000000000000000000 0.00000000000000000000 -0.08179526179069127045 -0.00297044659630863296  0.03021034956748598274 -0.00019142343967241124 -0.00090810337106475320 -0.00319411539384026376
1585068046.504486 0.00000000000000000000 0.00000000000000000000 0.00000000000000000000 0.00000000000000000000 0.00000000000000000000 0.00000000000000000000 -0.08141068739812286348 -0.00265049534902534042  0.03021090875776186874 -0.00019403514094186686 -0.00091390300965619510 -0.00319185527937785110
