1610017453.532379 -3.751868  0.335058 -0.033929 7.567953 0.436052 0.072916
1610017453.730380 -3.909395  0.476177 -0.036666 6.727162 0.497624 0.066977
1610017453.928380 -4.077184  0.551946 -0.037781 5.982021 0.533855 0.063553
1610017454.126380 -4.254410  0.600666 -0.024963 5.237496 0.536563 0.061318
1610017454.357381 -4.431634  0.720058 -0.046675 4.544401 0.516813 0.059540
1610017454.555382 -4.608472  0.754348 -0.046495 4.190532 0.506034 0.058673
1610017454.786382 -4.822183  0.699404 -0.031927 3.663032 0.454356 0.057840
1610017454.984383 -4.965412  0.759247 -0.039942 3.274467 0.407173 0.057357
1610017455.182383 -5.145000  0.746588 -0.041290 3.025935 0.369751 0.056969
1610017455.380384 -5.322375  0.739114 -0.031862 2.813708 0.335352 0.056671
1610017455.578384 -5.495878  0.755948 -0.020972 2.644824 0.305495 0.056389
1610017455.743385 -5.612814  0.730698 -0.028792 2.541236 0.284998 0.056106
1610017455.974385 -5.765582  0.709528 -0.017798 2.410003 0.256854 0.055752
1610017456.172385 -5.885252  0.690578 -0.019585 2.307246 0.235599 0.055381
1610017456.370386 -5.971157  0.651323 -0.023456 2.216187 0.216943 0.054970
1610017456.568387 -6.087795  0.632318 -0.019777 2.134160 0.200368 0.054664
1610017456.733387 -6.175955  0.606579 -0.030190 2.071691 0.187292 0.054368
1610017456.898387 -6.248614  0.604243 -0.007030 2.020228 0.175639 0.054088
1610017457.063388 -6.295396  0.583592 -0.032654 1.970342 0.164905 0.053733
1610017457.228388 -6.365906  0.564599 -0.033523 1.925190 0.156066 0.053466
1610017457.393389 -6.428860  0.546432 -0.015123 1.892572 0.148477 0.053226
1610017457.525389 -6.465930  0.535068 -0.021729 1.858093 0.142692 0.052694
1610017457.657389 -6.506126  0.536146 -0.023985 1.826060 0.136864 0.052446
1610017457.789390 -6.557864  0.534698 -0.020767 1.800256 0.131884 0.052270
1610017457.921390 -6.603556  0.534942 -0.021108 1.764843 0.126777 0.052042
1610017458.020390 -6.630188  0.542939 -0.011654 1.742337 0.123244 0.051872
1610017458.119390 -6.644077  0.549802 -0.008528 1.721825 0.120249 0.051665
1610017458.218390 -6.641359  0.540247 -0.005302 1.707062 0.117732 0.051463
1610017458.317391 -6.633135  0.561444 -0.018313 1.689856 0.115307 0.051253
1610017458.449391 -6.589302  0.591470 -0.021761 1.653678 0.111716 0.050900
1610017458.581391 -6.548516  0.594715 -0.011772 1.617753 0.108883 0.050539
1610017458.713392 -6.499585  0.562107 -0.018779 1.572940 0.105757 0.050118
1610017458.845392 -6.449032  0.596960 -0.019672 1.522483 0.102755 0.049729
1610017458.977392 -6.408963  0.621989 -0.018286 1.484343 0.100496 0.049389
1610017459.109393 -6.364223  0.628781 -0.018189 1.429404 0.098325 0.048986
1610017459.241393 -6.316665  0.637895 -0.022777 1.374795 0.096197 0.048629
1610017459.373393 -6.298879  0.634494 -0.023583 1.324115 0.094075 0.048287
1610017459.505394 -6.268982  0.655316 -0.031938 1.271662 0.092084 0.047999
1610017459.637394 -6.245018  0.678803 -0.024749 1.219266 0.090305 0.047717
1610017459.769394 -6.225100  0.668539 -0.019181 1.167747 0.088545 0.047400
1610017459.934395 -6.205066  0.644143 -0.021516 1.109364 0.086400 0.047043
1610017460.066395 -6.206723  0.657148 -0.019653 1.062349 0.084430 0.046777
1610017460.198395 -6.204144  0.648587 -0.012042 1.021404 0.082765 0.046542
1610017460.330396 -6.187710  0.604497  0.015620 0.987418 0.081324 0.046286
1610017460.462396 -6.183864  0.608806  0.019436 0.952868 0.079792 0.046067
1610017460.594396 -6.179286  0.620224  0.019099 0.921143 0.078203 0.045855
1610017460.726397 -6.251130  0.566930  0.039366 0.892965 0.076884 0.045738
1610017460.858397 -6.309084  0.527764  0.062756 0.867992 0.075503 0.045618
1610017460.990397 -6.319363  0.580337  0.083738 0.845714 0.074391 0.045458
1610017461.089397 -6.324836  0.584444  0.085828 0.844902 0.073894 0.045340
1610017461.188398 -6.329822  0.545230  0.054574 0.833417 0.073153 0.045213
1610017461.287398 -6.337998  0.491956  0.047992 0.820862 0.072276 0.045099
1610017461.386398 -6.391396  0.496493  0.060328 0.809529 0.071457 0.045060
1610017461.485399 -6.454231  0.553978  0.063435 0.802195 0.070744 0.045032
1610017461.617399 -6.506047  0.598405  0.075151 0.797438 0.070151 0.044964
1610017461.716399 -6.535227  0.587513  0.093895 0.790936 0.069468 0.044878
1610017461.815399 -6.564462  0.554519  0.091881 0.785795 0.068926 0.044808
1610017461.914399 -6.575545  0.534613  0.066318 0.780454 0.068257 0.044731
1610017462.013400 -6.609635  0.534798  0.050701 0.775904 0.067732 0.044690
1610017462.112400 -6.654354  0.562858  0.051911 0.772351 0.067231 0.044655
1610017462.211400 -6.714514  0.585411  0.069604 0.770095 0.066883 0.044646
1610017462.310400 -6.733124  0.565277  0.076694 0.768782 0.066549 0.044576
1610017462.409400 -6.713186  0.532142  0.074579 0.766714 0.066194 0.044471
1610017462.541401 -6.637808  0.536259  0.051406 0.762941 0.065548 0.044269
1610017462.640401 -6.605627  0.491449  0.030859 0.759916 0.065095 0.044172
1610017462.772402 -6.577092  0.501818  0.018649 0.753661 0.064287 0.044058
1610017462.904402 -6.609777  0.493448  0.043167 0.746210 0.063743 0.043996
1610017463.036402 -6.699264  0.497243  0.061917 0.740388 0.063289 0.044028
1610017463.135402 -6.732409  0.475240  0.042551 0.742682 0.063135 0.043986
1610017463.267403 -6.852393  0.458062  0.046427 0.740483 0.062777 0.044057
1610017463.399403 -6.947531  0.465395  0.039827 0.739863 0.062375 0.044094
1610017463.564404 -7.101171  0.488869  0.066915 0.740120 0.061713 0.044180
1610017463.696404 -7.210121  0.439247  0.051917 0.745822 0.061215 0.044225
1610017463.828404 -7.292258  0.466511  0.063117 0.754692 0.060900 0.044234
1610017463.960404 -7.341641  0.452235  0.084150 0.765835 0.060711 0.044219
1610017464.092405 -7.375767  0.399011  0.054580 0.775646 0.060296 0.044165
1610017464.224405 -7.381923  0.476981  0.069338 0.784137 0.059886 0.044095
1610017464.389405 -7.388383  0.471475  0.071539 0.792948 0.059551 0.044044
1610017464.521406 -7.380862  0.421243  0.080584 0.798287 0.059201 0.043947
1610017464.653406 -7.336921  0.431661  0.073207 0.802757 0.058780 0.043805
1610017464.785406 -7.257498  0.444933  0.052951 0.808557 0.058436 0.043629
1610017464.917407 -7.212226  0.443932  0.041052 0.808973 0.058142 0.043499
1610017465.049407 -7.156089  0.416276  0.057758 0.808201 0.057844 0.043363
1610017465.181407 -7.120712  0.427198  0.090722 0.805734 0.057369 0.043226
1610017465.280408 -7.053446  0.458371  0.071812 0.798429 0.057003 0.043104
1610017465.412408 -6.999843  0.471926  0.051924 0.793171 0.056736 0.042969
1610017465.544408 -6.972317  0.444873  0.063005 0.787385 0.056513 0.042874
1610017465.676409 -6.924646  0.447056  0.060263 0.778772 0.056097 0.042745
1610017465.808409 -6.856099  0.455191  0.049864 0.772038 0.055804 0.042607
1610017465.940409 -6.773221  0.498474  0.049345 0.762269 0.055418 0.042441
1610017466.072410 -6.730815  0.501765  0.048230 0.750418 0.055275 0.042340
1610017466.171410 -6.701081  0.476454  0.046545 0.743437 0.055004 0.042261
1610017466.336410 -6.674847  0.522594  0.076915 0.730280 0.054866 0.042170
1610017466.501411 -6.593953  0.552766  0.068771 0.714071 0.054597 0.042007
1610017466.666411 -6.581414  0.526704  0.056209 0.697503 0.054377 0.041913
1610017466.831411 -6.626187  0.567313  0.044504 0.685600 0.054440 0.041889
1610017466.996412 -6.674950  0.595966  0.088450 0.677436 0.054498 0.041885
1610017467.161412 -6.699365  0.603114  0.044943 0.667983 0.054479 0.041839
1610017467.326413 -6.828476  0.618867  0.020451 0.661001 0.054371 0.041905
1610017467.458413 -6.997856  0.655315  0.061024 0.658977 0.054364 0.042031
1610017467.590413 -7.170338  0.642487  0.077989 0.660505 0.054501 0.042181
1610017467.755414 -7.312038  0.658673  0.075450 0.662821 0.054518 0.042292
1610017467.920414 -7.316967  0.671928  0.070729 0.670673 0.054645 0.042238
1610017468.085415 -7.259679  0.642776  0.049213 0.680178 0.054813 0.042097
1610017468.250415 -7.238479  0.633384  0.050162 0.681521 0.054738 0.041991
1610017468.382415 -7.203259  0.632019  0.069029 0.683799 0.054770 0.041906
1610017468.514416 -7.179274  0.625344  0.049764 0.683905 0.054867 0.041834
1610017468.646416 -7.167710  0.622626  0.028006 0.683040 0.054935 0.041779
1610017468.778416 -7.155333  0.623386  0.057238 0.683738 0.055000 0.041739
1610017468.910417 -7.145755  0.627029  0.061050 0.683279 0.054739 0.041672
1610017469.042417 -7.140618  0.631619  0.034602 0.681761 0.054598 0.041606
1610017469.174417 -7.189065  0.618235  0.040959 0.685689 0.054808 0.041618
1610017469.306418 -7.244188  0.630241  0.072634 0.686717 0.054975 0.041648
1610017469.438418 -7.288629  0.647334  0.082955 0.686253 0.055025 0.041633
1610017469.570418 -7.301583  0.637056  0.066656 0.687722 0.055116 0.041600
1610017469.702418 -7.305250  0.623095  0.061913 0.690084 0.054928 0.041579
1610017469.834419 -7.318802  0.621848  0.049712 0.692000 0.054808 0.041598
1610017469.966419 -7.334401  0.631629  0.057331 0.694147 0.054751 0.041589
1610017470.098419 -7.333311  0.622576  0.075775 0.698124 0.054705 0.041553
1610017470.197420 -7.333082  0.617576  0.073044 0.699085 0.054615 0.041533
1610017470.362420 -7.352551  0.629543  0.060697 0.700221 0.054626 0.041498
1610017470.527421 -7.398140  0.627698  0.074018 0.701582 0.054699 0.041511
1610017470.692421 -7.352648  0.622227  0.076538 0.702718 0.054529 0.041413
1610017470.857421 -7.280058  0.755659 -0.014089 0.707177 0.054985 0.041299
1610017471.022422 -7.223007  0.669500  0.006705 0.705090 0.054986 0.041192
1610017471.187422 -7.116101  0.512622  0.103290 0.701377 0.054957 0.041007
1610017471.319422 -7.059022  0.662737  0.026168 0.694912 0.054691 0.040909
1610017471.451423 -7.135362  0.673723  0.087050 0.690038 0.054859 0.040956
1610017471.583423 -7.151011  0.528444  0.151902 0.688727 0.054999 0.040902
1610017471.748423 -7.074639  0.552861  0.098687 0.687190 0.055055 0.040763
1610017471.880424 -7.028214  0.664995  0.029690 0.684242 0.054974 0.040709
1610017471.979424 -7.021299  0.645946  0.054448 0.681760 0.054962 0.040668
1610017472.078424 -7.039863  0.590566  0.097701 0.682124 0.055378 0.040663
1610017472.210425 -7.001715  0.570959  0.093272 0.678877 0.055243 0.040581
1610017472.309425 -6.940245  0.578300  0.059628 0.675464 0.055240 0.040490
1610017472.408425 -6.899211  0.587368  0.038185 0.670738 0.055081 0.040434
1610017472.507425 -6.877204  0.583343  0.040159 0.667541 0.055059 0.040378
1610017472.606426 -6.856729  0.591154  0.049315 0.664185 0.054932 0.040341
1610017472.705426 -6.832106  0.560681  0.071173 0.660672 0.054886 0.040288
1610017472.804426 -6.802407  0.540912  0.065968 0.655428 0.054784 0.040226
1610017472.903426 -6.772814  0.508148  0.053966 0.650419 0.054600 0.040167
1610017473.035427 -6.694351  0.481434  0.070411 0.642825 0.054537 0.040082
1610017473.167427 -6.638788  0.499271  0.089477 0.635560 0.054513 0.039998
1610017473.266427 -6.620392  0.497026  0.065012 0.628777 0.054438 0.039975
1610017473.398428 -6.602694  0.440976  0.062642 0.621001 0.054420 0.039928
1610017473.497428 -6.584654  0.428326  0.113204 0.616408 0.054271 0.039906
1610017473.596428 -6.538314  0.427153  0.119572 0.619508 0.054670 0.039856
1610017473.728428 -6.441172  0.426737  0.048102 0.612582 0.054586 0.039754
1610017473.893429 -6.402919  0.442012  0.026622 0.601866 0.054431 0.039695
1610017474.058429 -6.445449  0.357587  0.063827 0.591134 0.054061 0.039692
1610017474.256430 -6.433649  0.460815  0.048808 0.582659 0.053877 0.039640
1610017474.454430 -6.445484  0.474878  0.015960 0.574792 0.053921 0.039618
1610017474.652431 -6.558745  0.471385  0.059774 0.569876 0.053873 0.039689
1610017474.850431 -6.615552  0.509434  0.066012 0.570761 0.054017 0.039710
1610017475.048432 -6.663981  0.556255  0.023252 0.568665 0.053853 0.039707
1610017475.213432 -6.711065  0.496100  0.048908 0.566224 0.053682 0.039712
1610017475.345432 -6.729327  0.531810 -0.012917 0.565160 0.053499 0.039705
1610017475.510433 -6.801607  0.568454  0.026735 0.565161 0.053692 0.039769
1610017475.675433 -6.831908  0.573758 -0.003756 0.565787 0.053733 0.039766
1610017475.840433 -6.862086  0.594430 -0.025125 0.567370 0.053622 0.039767
1610017475.972434 -6.909331  0.589991  0.010555 0.581757 0.054134 0.039780
1610017476.104434 -6.937555  0.586406  0.010866 0.584377 0.054145 0.039796
1610017476.236434 -6.984585  0.580296  0.001588 0.587050 0.054027 0.039819
1610017476.368435 -7.053427  0.538225  0.007641 0.590246 0.053774 0.039894
1610017476.467435 -7.075741  0.528771  0.016380 0.592414 0.053668 0.039894
1610017476.599435 -7.129936  0.624711 -0.007085 0.595659 0.053757 0.039944
1610017476.698436 -7.155628  0.638384 -0.043911 0.598733 0.053721 0.039959
1610017476.797436 -7.187259  0.558573 -0.044882 0.601161 0.053604 0.039980
1610017476.896436 -7.195648  0.592548 -0.054275 0.604102 0.053651 0.039990
1610017476.995436 -7.206157  0.615749 -0.051898 0.607781 0.053575 0.039989
1610017477.127437 -7.221768  0.611928 -0.050904 0.611395 0.053577 0.040005
1610017477.226437 -7.308623  0.435254 -0.051078 0.613469 0.053409 0.040079
1610017477.325437 -7.355717  0.499099 -0.053661 0.616647 0.053370 0.040110
1610017477.424438 -7.366882  0.525419 -0.031656 0.620889 0.053404 0.040102
1610017477.556438 -7.359491  0.590215 -0.032852 0.625886 0.053674 0.040091
1610017477.688438 -7.388618  0.509884 -0.068955 0.630715 0.053626 0.040105
1610017477.820438 -7.450527  0.517786 -0.030765 0.635163 0.053607 0.040143
1610017477.919439 -7.487179  0.556983 -0.022955 0.638960 0.053435 0.040157
1610017478.018439 -7.505279  0.573197 -0.038233 0.642521 0.053282 0.040161
1610017478.084439 -7.503027  0.565115 -0.051239 0.644662 0.053143 0.040163
1610017478.183439 -7.501237  0.552439 -0.043503 0.651461 0.053401 0.040160
1610017478.249439 -7.504114  0.571519 -0.045272 0.653952 0.053438 0.040163
1610017478.348440 -7.517635  0.572246 -0.055993 0.657413 0.053433 0.040176
1610017478.447440 -7.531452  0.553393 -0.036421 0.661026 0.053259 0.040176
1610017478.546440 -7.545902  0.573466 -0.014399 0.664369 0.053348 0.040168
1610017478.645441 -7.574322  0.549035 -0.004878 0.667376 0.053232 0.040174
1610017478.744441 -7.612562  0.488573 -0.015012 0.670640 0.053129 0.040186
1610017478.843441 -7.640592  0.504315 -0.007608 0.674731 0.052956 0.040226
1610017478.942441 -7.654713  0.537846 -0.012031 0.678720 0.053003 0.040243
1610017479.041441 -7.642599  0.503157  0.000336 0.682060 0.052927 0.040230
1610017479.107442 -7.643360  0.476624 -0.006216 0.684359 0.052962 0.040216
1610017479.173442 -7.649157  0.496134 -0.021366 0.686236 0.052953 0.040212
1610017479.239442 -7.640512  0.494712 -0.034717 0.688945 0.053007 0.040186
1610017479.305442 -7.656549  0.499170 -0.021158 0.691843 0.053093 0.040213
1610017479.371442 -7.662802  0.522986 -0.012549 0.694385 0.053072 0.040253
1610017479.437443 -7.669618  0.545433 -0.001236 0.696717 0.053087 0.040251
1610017479.503443 -7.670406  0.502162 -0.004883 0.699415 0.053297 0.040226
1610017479.569443 -7.665913  0.529893 -0.035065 0.701807 0.053294 0.040202
1610017479.635443 -7.665189  0.525783 -0.026239 0.704123 0.053361 0.040191
1610017479.701443 -7.670503  0.509705 -0.029716 0.706529 0.053422 0.040205
1610017479.800443 -7.647323  0.553836 -0.020134 0.709856 0.053419 0.040183
1610017479.866444 -7.652647  0.525611 -0.016045 0.712220 0.053312 0.040183
1610017479.965444 -7.669498  0.550834 -0.029411 0.715213 0.053353 0.040208
1610017480.064444 -7.647647  0.543116 -0.025254 0.718321 0.053441 0.040168
1610017480.130444 -7.654633  0.557664 -0.017581 0.720254 0.053486 0.040184
1610017480.196444 -7.663978  0.572285 -0.017335 0.722025 0.053572 0.040204
1610017480.262444 -7.651544  0.566661 -0.019848 0.724170 0.053637 0.040198
1610017480.361445 -7.650601  0.583191 -0.016696 0.727048 0.053772 0.040172
1610017480.460445 -7.662173  0.575875 -0.031537 0.729774 0.053995 0.040166
1610017480.559445 -7.657579  0.566538 -0.021559 0.732751 0.053982 0.040149
1610017480.658445 -7.686990  0.565694 -0.024055 0.735350 0.053980 0.040162
1610017480.790446 -7.673183  0.569608 -0.014220 0.739855 0.054600 0.040143
1610017480.889446 -7.673378  0.593446 -0.021393 0.742560 0.054759 0.040139
1610017480.988446 -7.680416  0.578215 -0.023774 0.745007 0.054854 0.040129
1610017481.087446 -7.726712  0.593617 -0.027696 0.746983 0.054968 0.040175
1610017481.186447 -7.784648  0.633632 -0.016605 0.750683 0.055171 0.040239
1610017481.252447 -7.815797  0.651274 -0.015731 0.753598 0.055173 0.040304
1610017481.318447 -7.868824  0.672002 -0.004834 0.755865 0.055189 0.040365
1610017481.384447 -7.911873  0.680976 -0.006491 0.758337 0.055345 0.040421
1610017481.483448 -7.935381  0.681183 -0.026584 0.762515 0.055419 0.040457
1610017481.582448 -7.982969  0.693891 -0.041143 0.767996 0.056081 0.040524
1610017481.681448 -8.074115  0.723932 -0.064772 0.772925 0.056159 0.040635
1610017481.780448 -8.215821  0.726380 -0.060511 0.777468 0.056490 0.040819
1610017481.846448 -8.315180  0.735776 -0.046718 0.780628 0.056938 0.040970
1610017481.945449 -8.474873  0.776450 -0.022348 0.785525 0.057226 0.041178
1610017482.044449 -8.603841  0.812789 -0.027108 0.790698 0.057469 0.041340
1610017482.143449 -8.686385  0.824930 -0.020146 0.795774 0.057567 0.041458
1610017482.209449 -8.730875  0.850990 -0.040741 0.798651 0.057770 0.041522
1610017482.275449 -8.784340  0.867475 -0.043796 0.801352 0.057991 0.041588
1610017482.341449 -8.828394  0.913798 -0.048364 0.803987 0.058215 0.041684
1610017482.440450 -8.930294  0.939230 -0.034990 0.809075 0.058509 0.041850
1610017482.539450 -9.017982  0.978169 -0.024344 0.813576 0.058808 0.041978
1610017482.605450 -9.074011  0.992504 -0.032354 0.816491 0.058866 0.042048
1610017482.671450 -9.124891  0.999495 -0.033234 0.818675 0.059136 0.042116
1610017482.770451 -9.193811  1.017194 -0.059122 0.822061 0.059547 0.042236
1610017482.836451 -9.218900  1.028375 -0.061615 0.824529 0.059654 0.042263
1610017482.902451 -9.229718  1.055684 -0.056622 0.826876 0.059774 0.042270
1610017482.968451 -9.217881  1.070892 -0.051876 0.829109 0.060056 0.042257
1610017483.067451 -9.192314  1.077112 -0.056569 0.833925 0.060415 0.042240
1610017483.133451 -9.186632  1.068814 -0.057160 0.838035 0.060442 0.042228
1610017483.232452 -9.158390  1.066558 -0.044233 0.843346 0.060712 0.042183
1610017483.331452 -9.146068  1.109133 -0.027061 0.848351 0.061144 0.042172
1610017483.430452 -9.103312  1.110630 -0.024183 0.853389 0.061407 0.042114
1610017483.529453 -9.096603  1.110862 -0.023064 0.858414 0.061713 0.042096
1610017483.628453 -9.069851  1.137730 -0.009023 0.863576 0.061941 0.042058
1610017483.727453 -9.073485  1.145674  0.001994 0.869358 0.062285 0.042072
1610017483.826453 -9.086263  1.148728  0.000087 0.875066 0.062790 0.042085
1610017483.925453 -9.061117  1.200322  0.002905 0.879120 0.063407 0.042067
1610017484.024454 -9.117666  1.285301 -0.025629 0.883357 0.063980 0.042165
1610017484.123454 -9.109463  1.261118 -0.018861 0.888265 0.064503 0.042160
1610017484.222454 -9.122979  1.248989  0.012643 0.892746 0.064904 0.042142
1610017484.321454 -9.085235  1.336534 -0.058620 0.896364 0.065239 0.042130
1610017484.420455 -9.170768  1.265459 -0.004339 0.900589 0.065823 0.042215
1610017484.519455 -9.215470  1.319606  0.010876 0.904515 0.066386 0.042295
1610017484.618455 -9.257491  1.370513 -0.009220 0.909323 0.066665 0.042347
1610017484.684455 -9.307023  1.379484  0.009528 0.912638 0.067540 0.042424
1610017484.783455 -9.386013  1.396304 -0.008727 0.917289 0.068163 0.042555
1610017484.882456 -9.422209  1.405352 -0.000150 0.921313 0.068804 0.042611
1610017484.981456 -9.452612  1.410471  0.022298 0.927377 0.069150 0.042626
1610017485.113456 -9.484645  1.328985  0.026701 0.934307 0.069723 0.042613
1610017485.212456 -9.487033  1.282004  0.046727 0.940522 0.069774 0.042586
1610017485.311457 -9.458714  1.301947  0.041456 0.945782 0.069874 0.042520
1610017485.410457 -9.418152  1.286577  0.030191 0.950940 0.070198 0.042436
1610017485.509457 -9.388862  1.237998  0.042263 0.955993 0.070771 0.042406
1610017485.608458 -9.368609  1.211790  0.039473 0.960857 0.070864 0.042356
1610017485.707458 -9.325333  1.203319  0.045494 0.965938 0.070803 0.042309
1610017485.806458 -9.285293  1.172141  0.049243 0.969610 0.071191 0.042243
1610017485.905458 -9.258181  1.162716  0.027207 0.973036 0.071592 0.042182
1610017486.004458 -9.192597  1.192177  0.025554 0.976109 0.071649 0.042061
1610017486.103459 -9.167122  1.137058  0.051209 0.978352 0.071700 0.041995
1610017486.202459 -9.110766  1.153858  0.049313 0.979777 0.071371 0.041887
1610017486.301459 -9.038570  1.178701  0.033104 0.980106 0.071247 0.041770
1610017486.400460 -9.013088  1.108843  0.054216 0.979786 0.071244 0.041676
1610017486.499460 -8.978797  1.114515  0.065824 0.979433 0.071410 0.041621
1610017486.598460 -8.931533  1.109201  0.064372 0.979211 0.071342 0.041539
1610017486.697460 -8.910192  1.116689  0.067657 0.978277 0.071567 0.041523
1610017486.829460 -8.848531  1.075819  0.065478 0.976719 0.071723 0.041423
1610017486.961461 -8.800125  1.071616  0.072245 0.973885 0.071386 0.041320
1610017487.093461 -8.744975  1.054070  0.056346 0.969462 0.071426 0.041212
1610017487.225461 -8.684441  1.094412  0.069580 0.961944 0.071419 0.041100
1610017487.324462 -8.646192  1.055063  0.059759 0.956186 0.071247 0.041009
1610017487.423462 -8.569220  1.050622  0.058604 0.950376 0.070930 0.040880
1610017487.522462 -8.551832  1.027705  0.050568 0.945459 0.070969 0.040841
1610017487.621463 -8.539628  0.952912  0.014033 0.939430 0.070527 0.040801
1610017487.720463 -8.452459  0.962950  0.023326 0.934018 0.070405 0.040689
1610017487.819463 -8.435819  0.970146  0.055451 0.926820 0.070121 0.040638
1610017487.918463 -8.435885  0.999147  0.052752 0.920568 0.069937 0.040634
1610017488.017463 -8.347915  0.989197  0.035807 0.912420 0.069540 0.040493
1610017488.116464 -8.303544  0.947489  0.024031 0.903033 0.069060 0.040418
1610017488.248464 -8.238174  0.934878  0.028531 0.896357 0.068854 0.040337
1610017488.347464 -8.193425  0.889343  0.058422 0.887040 0.068628 0.040257
1610017488.446464 -8.107949  0.924579  0.064393 0.876476 0.068009 0.040130
1610017488.545465 -7.941051  0.905776  0.066729 0.866113 0.067651 0.039886
1610017488.677465 -7.709782  0.830282  0.068007 0.845400 0.067139 0.039562
1610017488.776465 -7.506152  0.845836  0.045474 0.825452 0.066634 0.039311
1610017488.875465 -7.303776  0.785417  0.063678 0.803086 0.066210 0.039063
1610017489.007466 -7.100813  0.759993  0.065456 0.769591 0.065166 0.038798
1610017489.139466 -6.910214  0.745997  0.071561 0.734030 0.064117 0.038578
1610017489.271466 -6.714052  0.724115  0.083141 0.697149 0.063320 0.038361
1610017489.403466 -6.483238  0.694584  0.096506 0.657908 0.062239 0.038111
1610017489.535467 -6.256827  0.663562  0.101715 0.618240 0.061286 0.037877
1610017489.667467 -6.086994  0.617761  0.095238 0.586886 0.060700 0.037698
1610017489.799468 -5.916739  0.563291  0.121031 0.552329 0.060275 0.037570
1610017489.931468 -5.832007  0.558495  0.137022 0.520536 0.059826 0.037513
1610017490.096468 -5.788368  0.446401  0.116617 0.485435 0.058952 0.037468
1610017490.261469 -5.773441  0.271647  0.125370 0.454188 0.058138 0.037463
1610017490.459469 -5.651728  0.051465  0.149574 0.415918 0.056536 0.037323
1610017490.657470 -5.503705 -0.185411  0.106051 0.385719 0.055234 0.037210
1610017490.855470 -5.443031 -0.532864  0.127069 0.364763 0.054305 0.037202
1610017491.053471 -5.367462 -0.817383  0.160221 0.341481 0.053326 0.037195
1610017491.251471 -5.262756 -1.027649  0.129595 0.318158 0.052117 0.037137
1610017491.449471 -5.140374 -1.373404  0.095249 0.293602 0.050836 0.037100
1610017491.614472 -5.078480 -1.600639  0.125223 0.276856 0.050204 0.037109
1610017491.779472 -4.985147 -1.857066  0.104606 0.260873 0.049758 0.037099
1610017491.944473 -4.888885 -2.174053  0.078064 0.245675 0.049579 0.037118
1610017492.109473 -4.803574 -2.482534  0.083164 0.235008 0.050086 0.037196
1610017492.274474 -4.723968 -2.756558  0.093312 0.220670 0.050766 0.037229
1610017492.439474 -4.611993 -3.017249  0.073762 0.206877 0.051581 0.037246
1610017492.571474 -4.478374 -3.312702  0.058433 0.201108 0.053138 0.037308
1610017492.703475 -4.407261 -3.543688  0.054672 0.191544 0.054494 0.037378
1610017492.835475 -4.303825 -3.760057  0.072617 0.182833 0.056100 0.037438
1610017492.967475 -4.169946 -4.002874  0.091769 0.174174 0.057956 0.037479
1610017493.099476 -3.942778 -4.278752  0.064046 0.165385 0.059931 0.037503
1610017493.231476 -3.752026 -4.507701  0.026457 0.156576 0.062153 0.037541
1610017493.363476 -3.651363 -4.687174  0.039177 0.149018 0.064775 0.037617
1610017493.495476 -3.522771 -4.847481  0.064376 0.142537 0.067749 0.037641
1610017493.627477 -3.221063 -5.115624  0.071119 0.135627 0.071016 0.037714
1610017493.759477 -2.947022 -5.346276  0.024066 0.128905 0.074433 0.037754
1610017493.891478 -2.790056 -5.538387  0.018704 0.123421 0.079034 0.037829
1610017494.023478 -2.698230 -5.700981  0.063910 0.117868 0.083168 0.037924
1610017494.155478 -2.473513 -5.876058  0.063310 0.113231 0.088832 0.037960
1610017494.287478 -2.183928 -6.047236  0.023408 0.108331 0.093329 0.038027
1610017494.419479 -1.938045 -6.203901  0.000780 0.103326 0.097965 0.038127
1610017494.551479 -1.787353 -6.344330  0.012297 0.098698 0.103022 0.038117
1610017494.683480 -1.641763 -6.479021  0.031004 0.094813 0.108215 0.038192
1610017494.815480 -1.430300 -6.601005  0.030003 0.091327 0.113542 0.038213
1610017494.947480 -1.265001 -6.690956  0.020362 0.088098 0.118730 0.038225
1610017495.079481 -1.197862 -6.773644  0.016370 0.085263 0.124131 0.038233
1610017495.211481 -1.153293 -6.877492  0.011574 0.082862 0.130037 0.038232
1610017495.343481 -1.059095 -7.007913  0.010063 0.080896 0.137861 0.038313
1610017495.508482 -0.943666 -7.127418  0.015063 0.078750 0.146232 0.038304
1610017495.673482 -0.876268 -7.152990  0.006267 0.076778 0.154179 0.038261
1610017495.838482 -0.855093 -7.245680  0.005310 0.075303 0.162279 0.038252
1610017495.970483 -0.829784 -7.386662  0.041529 0.074480 0.169376 0.038301
1610017496.102483 -0.766744 -7.511415  0.108595 0.073698 0.176828 0.038367
1610017496.234483 -0.744071 -7.582360  0.094197 0.072932 0.184019 0.038322
1610017496.366484 -0.734190 -7.634502  0.056897 0.072208 0.190616 0.038249
1610017496.498484 -0.687633 -7.722285  0.068532 0.071700 0.197651 0.038213
1610017496.630484 -0.630202 -7.824536  0.101562 0.071295 0.205039 0.038220
1610017496.762485 -0.643449 -7.938510  0.093564 0.071084 0.213105 0.038211
1610017496.894485 -0.613454 -8.048504  0.093431 0.070747 0.220432 0.038235
1610017497.026485 -0.575011 -8.138315  0.098607 0.070469 0.227848 0.038187
1610017497.092485 -0.610953 -8.179660  0.070766 0.070270 0.231369 0.038203
1610017497.224486 -0.660642 -8.299358  0.031860 0.070055 0.238539 0.038200
1610017497.356486 -0.672700 -8.407645  0.043225 0.069938 0.246322 0.038212
1610017497.488486 -0.649066 -8.493920  0.044023 0.069799 0.254122 0.038209
1610017497.620487 -0.662414 -8.583287  0.015399 0.069484 0.260435 0.038193
1610017497.752487 -0.640270 -8.717808  0.025416 0.069352 0.267147 0.038212
1610017497.851487 -0.628589 -8.808841  0.046354 0.069243 0.272217 0.038240
1610017497.983488 -0.626477 -8.906214  0.037686 0.069017 0.280353 0.038234
1610017498.082488 -0.608212 -8.978366  0.026968 0.068819 0.287314 0.038252
1610017498.181488 -0.637816 -9.046761  0.014801 0.068559 0.292611 0.038241
1610017498.280488 -0.642116 -9.106238  0.024982 0.068464 0.297825 0.038213
1610017498.379488 -0.627253 -9.177634  0.037978 0.068420 0.303544 0.038227
1610017498.478489 -0.632885 -9.234309  0.043776 0.068294 0.308846 0.038234
1610017498.577489 -0.607958 -9.310361  0.052812 0.068209 0.314534 0.038258
1610017498.676489 -0.569120 -9.407180  0.062043 0.068137 0.320602 0.038309
1610017498.775490 -0.554301 -9.481190  0.059730 0.067956 0.326011 0.038305
1610017498.874490 -0.527765 -9.524075  0.070727 0.067849 0.331933 0.038266
1610017498.973490 -0.487046 -9.554188  0.090343 0.067778 0.340017 0.038280
1610017499.072490 -0.475435 -9.612126  0.085166 0.067676 0.344919 0.038248
1610017499.171491 -0.484081 -9.706478  0.099991 0.067507 0.349300 0.038263
1610017499.270491 -0.440138 -9.822177  0.130710 0.067454 0.355238 0.038289
1610017499.369491 -0.428876 -9.876066  0.120167 0.067217 0.360789 0.038277
1610017499.468491 -0.417287 -9.891840  0.077712 0.066974 0.368949 0.038271
1610017499.567491 -0.413929 -9.904160  0.031030 0.066661 0.373547 0.038247
1610017499.666492 -0.394650 -9.956528  0.015348 0.066394 0.378760 0.038278
1610017499.765492  -0.390880 -10.043868   0.030991 0.066310 0.384650 0.038306
1610017499.831492  -0.414566 -10.087803   0.044668 0.066277 0.388772 0.038289
1610017499.897492  -0.413747 -10.126661   0.047283 0.066159 0.391827 0.038292
1610017499.996493  -0.420929 -10.156077   0.021814 0.065942 0.395761 0.038251
1610017500.095493  -0.450295 -10.196120   0.010218 0.065709 0.400903 0.038251
1610017500.194493  -0.475545 -10.240519   0.012265 0.065518 0.405515 0.038243
1610017500.260493  -0.524729 -10.279218   0.007860 0.065488 0.410769 0.038251
1610017500.359493  -0.504282 -10.348918   0.027128 0.065445 0.415356 0.038275
1610017500.458494  -0.464383 -10.403798   0.051735 0.065387 0.420532 0.038299
1610017500.524494  -0.475445 -10.411579   0.055087 0.065267 0.425369 0.038281
1610017500.590494  -0.494131 -10.424837   0.053893 0.065205 0.429243 0.038259
1610017500.656494  -0.499987 -10.443330   0.059987 0.065152 0.433035 0.038246
1610017500.722494  -0.496938 -10.490616   0.068912 0.065093 0.436002 0.038268
1610017500.821495  -0.514941 -10.585130   0.091026 0.065100 0.440472 0.038319
1610017500.920495  -0.559447 -10.666427   0.097412 0.065005 0.445148 0.038360
1610017500.986495  -0.579092 -10.698509   0.096812 0.064863 0.449241 0.038350
1610017501.052495  -0.592652 -10.711472   0.075266 0.064726 0.452552 0.038320
1610017501.118495  -0.603699 -10.713730   0.045596 0.064596 0.455984 0.038304
1610017501.184495  -0.617986 -10.718746   0.020873 0.064498 0.459353 0.038290
1610017501.250495  -0.625510 -10.740055   0.029427 0.064464 0.462893 0.038273
1610017501.349496  -0.665327 -10.800914   0.039477 0.064447 0.467085 0.038277
1610017501.415496  -0.689477 -10.847607   0.049781 0.064411 0.469582 0.038290
1610017501.481496  -0.691121 -10.885340   0.068528 0.064322 0.472316 0.038313
1610017501.547496  -0.685102 -10.905976   0.072497 0.064237 0.475329 0.038322
1610017501.646497  -0.727717 -10.920687   0.038314 0.064123 0.480055 0.038302
1610017501.712497  -0.744399 -10.955889   0.014036 0.064176 0.486233 0.038339
1610017501.778497  -0.751316 -10.974535   0.021608 0.064164 0.489986 0.038314
1610017501.877497  -0.746498 -10.997886   0.037346 0.064145 0.494527 0.038312
1610017501.976497  -0.778026 -11.044325   0.018875 0.064087 0.499136 0.038310
1610017502.075497  -0.815557 -11.107090   0.035402 0.064060 0.503516 0.038367
1610017502.174498  -0.776917 -11.116159   0.059617 0.063986 0.508287 0.038356
1610017502.240498  -0.791466 -11.103977   0.055713 0.063861 0.510763 0.038337
1610017502.306498  -0.820825 -11.109681   0.029534 0.063741 0.512999 0.038325
1610017502.372498  -0.840696 -11.153008   0.045980 0.063725 0.516618 0.038327
1610017502.438498  -0.850121 -11.206787   0.073282 0.063748 0.519212 0.038335
1610017502.537499  -0.886629 -11.252143   0.092564 0.063793 0.522793 0.038345
1610017502.636499  -0.917758 -11.226998   0.060526 0.063563 0.526678 0.038297
1610017502.735499  -0.908055 -11.203679   0.048416 0.063420 0.530269 0.038265
1610017502.834499  -0.922886 -11.207348   0.040005 0.063326 0.533928 0.038254
1610017502.900499  -0.915867 -11.223637   0.054682 0.063319 0.536087 0.038263
1610017502.966500  -0.919245 -11.239813   0.081412 0.063269 0.538026 0.038258
1610017503.032500  -0.941215 -11.243670   0.089659 0.063389 0.543810 0.038260
1610017503.098500  -0.953662 -11.235318   0.091911 0.063372 0.545829 0.038224
1610017503.164500  -0.985146 -11.229871   0.083420 0.063372 0.547651 0.038209
1610017503.230500  -1.085794 -11.255316   0.046381 0.063383 0.549068 0.038192
1610017503.296500  -1.026521 -11.260534   0.062987 0.063405 0.550618 0.038208
1610017503.362501  -1.005448 -11.243440   0.083985 0.063350 0.552770 0.038175
1610017503.428501  -1.131029 -11.243460   0.065451 0.063314 0.554115 0.038143
1610017503.494501  -1.136022 -11.206962   0.031723 0.063172 0.555387 0.038097
1610017503.560501  -1.075155 -11.224953   0.067905 0.063250 0.557510 0.038100
1610017503.659501  -1.156682 -11.228620   0.065114 0.063260 0.559863 0.038073
1610017503.725502  -1.098821 -11.271459   0.110503 0.063323 0.560791 0.038095
1610017503.824502  -1.142744 -11.279177   0.113434 0.063410 0.562706 0.038061
1610017503.890502  -1.155102 -11.280744   0.106764 0.063399 0.563746 0.038049
1610017503.956502  -1.155020 -11.280173   0.088910 0.063384 0.564144 0.038040
1610017504.055502  -1.199858 -11.275215   0.057538 0.063358 0.565159 0.038019
1610017504.154503  -1.210231 -11.273522   0.055301 0.063306 0.564768 0.038008
1610017504.253503  -1.232949 -11.251365   0.057556 0.063247 0.565156 0.037964
1610017504.352503  -1.244355 -11.257699   0.061872 0.063301 0.566771 0.037923
1610017504.451503  -1.273390 -11.275856   0.086888 0.063525 0.572076 0.037913
1610017504.550504  -1.286749 -11.300320   0.098488 0.063676 0.573060 0.037899
1610017504.649504  -1.312536 -11.280371   0.095052 0.063682 0.575117 0.037877
1610017504.715504  -1.314355 -11.260406   0.089683 0.063613 0.575957 0.037865
1610017504.814504  -1.361991 -11.261333   0.050981 0.063676 0.577289 0.037830
1610017504.913505  -1.349310 -11.231956   0.086206 0.063729 0.579063 0.037822
1610017505.012505  -1.357676 -11.168306   0.077192 0.063670 0.579845 0.037753
1610017505.111505  -1.358652 -11.122807   0.071600 0.063679 0.580607 0.037721
1610017505.210505  -1.372962 -11.127124   0.103776 0.063766 0.580798 0.037700
1610017505.309505  -1.387160 -11.089450   0.112899 0.063664 0.580905 0.037635
1610017505.408506  -1.406430 -11.018052   0.087284 0.063560 0.580949 0.037547
1610017505.507506  -1.440205 -10.954202   0.065776 0.063460 0.579629 0.037490
1610017505.606506  -1.451840 -10.933954   0.070243 0.063498 0.577067 0.037454
1610017505.705506  -1.474192 -10.919607   0.091908 0.063614 0.575757 0.037440
1610017505.804507  -1.416490 -10.927801   0.121184 0.063875 0.580724 0.037438
1610017505.903507  -1.425960 -10.853759   0.128882 0.063821 0.581002 0.037370
1610017506.002507  -1.475080 -10.852049   0.102606 0.063899 0.579741 0.037354
1610017506.101507  -1.510633 -10.868394   0.082087 0.064047 0.578683 0.037356
1610017506.200508  -1.498805 -10.865636   0.094162 0.064121 0.577106 0.037342
1610017506.299508  -1.564189 -10.839850   0.034820 0.064116 0.575026 0.037307
1610017506.398508  -1.516637 -10.832037   0.031418 0.064207 0.573363 0.037297
1610017506.497508  -1.420963 -10.789254   0.051639 0.064276 0.573962 0.037279
1610017506.596509  -1.363798 -10.764352   0.069385 0.064316 0.574157 0.037267
1610017506.695509  -1.317995 -10.774295   0.118178 0.064791 0.583984 0.037256
1610017506.794509  -1.359967 -10.814903   0.100216 0.064907 0.583608 0.037269
1610017506.893509  -1.395375 -10.827398   0.110097 0.065010 0.583223 0.037218
1610017506.992510  -1.337182 -10.809729   0.086546 0.064968 0.583176 0.037205
1610017507.091510  -1.316043 -10.733013   0.035706 0.064764 0.583303 0.037148
1610017507.190510  -1.261569 -10.712680   0.010980 0.064976 0.593177 0.037138
1610017507.289510  -1.213906 -10.769225   0.071495 0.065087 0.595676 0.037165
1610017507.388510  -1.159035 -10.769984   0.098283 0.065141 0.596758 0.037156
1610017507.487511  -1.105042 -10.730302   0.079545 0.065078 0.599191 0.037125
1610017507.586511  -1.136802 -10.705390   0.053058 0.065065 0.600270 0.037116
1610017507.685511  -1.104010 -10.694377   0.053668 0.064987 0.601651 0.037094
1610017507.784512  -1.043868 -10.723655   0.093177 0.065040 0.603611 0.037123
1610017507.883512  -1.020142 -10.716443   0.093929 0.064920 0.604638 0.037112
1610017507.982512  -0.964951 -10.718332   0.104196 0.064858 0.607156 0.037114
1610017508.081512  -0.922224 -10.695612   0.098575 0.064713 0.607368 0.037098
1610017508.180512  -0.908862 -10.698936   0.086278 0.064507 0.608320 0.037081
1610017508.312513  -0.827997 -10.699888   0.119216 0.064397 0.610405 0.037061
1610017508.444513  -0.859818 -10.656730   0.102327 0.064059 0.611376 0.036998
1610017508.576514  -0.833225 -10.655046   0.108005 0.063945 0.612472 0.036982
1610017508.675514  -0.833253 -10.681249   0.113011 0.063861 0.613141 0.036994
1610017508.774514  -0.824171 -10.692610   0.111354 0.063751 0.615083 0.036983
1610017508.873514  -0.829764 -10.646892   0.090730 0.063511 0.617073 0.036963
1610017508.972515  -0.819354 -10.625537   0.086514 0.063253 0.617562 0.036946
1610017509.071515  -0.877985 -10.597648   0.076990 0.063054 0.617030 0.036933
1610017509.170515  -0.856067 -10.598789   0.107311 0.063135 0.625765 0.036923
1610017509.269515  -0.835482 -10.610399   0.135682 0.063067 0.625077 0.036917
1610017509.368515  -0.822490 -10.593502   0.143669 0.062913 0.626114 0.036886
1610017509.500516  -0.858006 -10.575407   0.118204 0.062769 0.625081 0.036862
1610017509.632516  -0.831004 -10.589881   0.123933 0.062659 0.624716 0.036851
1610017509.731516  -0.838975 -10.582831   0.111861 0.062464 0.624335 0.036838
1610017509.830517  -0.849940 -10.575399   0.083205 0.062326 0.624917 0.036814
1610017509.929517  -0.853443 -10.534198   0.071650 0.062154 0.624152 0.036824
1610017510.028517  -0.877704 -10.496328   0.056875 0.062083 0.623136 0.036797
1610017510.127517  -0.887957 -10.498840   0.082554 0.061988 0.621208 0.036789
1610017510.226517  -0.884335 -10.473176   0.106681 0.061909 0.618089 0.036758
1610017510.325518  -0.875529 -10.432289   0.122110 0.061787 0.615830 0.036729
1610017510.457518  -0.927760 -10.412954   0.113955 0.061556 0.610647 0.036697
1610017510.589519  -0.858253 -10.384541   0.138041 0.061399 0.607129 0.036669
1610017510.721519  -0.760562 -10.302906   0.146448 0.061479 0.620664 0.036629
1610017510.853519  -0.812842 -10.339745   0.135162 0.061376 0.618333 0.036660
1610017510.985519  -0.777717 -10.404299   0.175573 0.061355 0.615751 0.036667
1610017511.084520  -0.752847 -10.360540   0.100725 0.061068 0.614797 0.036635
1610017511.216520  -0.866382 -10.325627   0.012751 0.060797 0.612894 0.036580
1610017511.348521  -0.906328 -10.335042  -0.028433 0.060589 0.610001 0.036578
1610017511.447520  -0.937304 -10.317031  -0.020788 0.060432 0.608420 0.036558
1610017511.546521  -0.957646 -10.234460  -0.028086 0.060155 0.606543 0.036520
1610017511.645521  -0.935952 -10.230505  -0.038077 0.060191 0.605517 0.036533
1610017511.777521  -1.025005 -10.338403  -0.017393 0.060511 0.603521 0.036616
1610017511.909522  -1.048213 -10.432179  -0.065792 0.060630 0.602498 0.036668
1610017512.041522  -1.037486 -10.348918  -0.193807 0.060320 0.600928 0.036606
1610017512.173522  -0.870430 -10.203738  -0.211938 0.060085 0.607067 0.036536
1610017512.305523  -0.874736 -10.219514  -0.106011 0.060001 0.603491 0.036543
1610017512.437523  -0.743487 -10.371620   0.077918 0.060383 0.601921 0.036612
1610017512.569523  -0.811944 -10.423894   0.052067 0.060373 0.600212 0.036615
1610017512.701524  -0.894094 -10.386315  -0.032415 0.060146 0.598963 0.036584
1610017512.800524  -0.833392 -10.356837  -0.053980 0.060034 0.598500 0.036576
1610017512.899524  -0.772921 -10.331707  -0.037695 0.059985 0.598961 0.036575
1610017512.998524  -0.726104 -10.347245  -0.006901 0.060076 0.602351 0.036581
1610017513.097524  -0.683583 -10.391557   0.040701 0.060107 0.602200 0.036622
1610017513.196525  -0.675094 -10.423550   0.033911 0.060058 0.601799 0.036640
1610017513.295525  -0.607285 -10.411469   0.003771 0.059905 0.601025 0.036611
1610017513.394526  -0.577105 -10.409124  -0.022322 0.059779 0.600123 0.036603
1610017513.493526  -0.587002 -10.392306  -0.060237 0.059638 0.598725 0.036576
1610017513.592526  -0.545515 -10.395956  -0.056688 0.059543 0.599405 0.036585
1610017513.691526  -0.472848 -10.414400  -0.027331 0.059447 0.598855 0.036606
1610017513.790526  -0.397989 -10.393226  -0.015964 0.059317 0.598803 0.036598
1610017513.889527  -0.347384 -10.402696  -0.013895 0.059194 0.598765 0.036609
1610017513.988527  -0.297809 -10.435621  -0.017413 0.059149 0.599657 0.036624
1610017514.087527  -0.288869 -10.466951  -0.014661 0.059338 0.607554 0.036667
1610017514.186527  -0.218269 -10.489549  -0.019490 0.059273 0.607637 0.036669
1610017514.285527  -0.195928 -10.456206  -0.040362 0.059032 0.607794 0.036644
1610017514.384528  -0.171595 -10.429321  -0.073153 0.058899 0.607896 0.036616
1610017514.483528  -0.143682 -10.427423  -0.073851 0.058685 0.607409 0.036620
1610017514.582528  -0.113504 -10.425978  -0.038597 0.058512 0.606862 0.036631
1610017514.681529  -0.026417 -10.439764   0.007036 0.058441 0.607660 0.036636
1610017514.780529   0.032848 -10.456102   0.014560 0.058358 0.608000 0.036653
1610017514.879529   0.005161 -10.461315  -0.004630 0.058289 0.608428 0.036665
1610017514.978529   0.030514 -10.476400   0.003960 0.058228 0.608560 0.036677
1610017515.077529   0.053008 -10.453977  -0.009787 0.058039 0.609274 0.036675
1610017515.176530   0.036728 -10.423381  -0.020484 0.057859 0.610259 0.036641
1610017515.275530   0.048861 -10.392019  -0.027609 0.057684 0.609568 0.036623
1610017515.374530   0.063566 -10.363458  -0.010795 0.057571 0.608827 0.036609
1610017515.473530   0.044951 -10.340274  -0.014147 0.057447 0.608043 0.036590
1610017515.572531   0.065636 -10.324068  -0.008778 0.057440 0.612420 0.036581
1610017515.671531   0.012074 -10.298328  -0.017417 0.057379 0.611807 0.036556
1610017515.770531  -0.006849 -10.264571  -0.006440 0.057296 0.610733 0.036533
1610017515.869531  -0.068341 -10.194765  -0.033191 0.057120 0.609370 0.036495
1610017515.968532  -0.120973 -10.155649  -0.040307 0.057008 0.608343 0.036463
1610017516.067532  -0.123038 -10.178391   0.025447 0.057133 0.607978 0.036506
1610017516.166532  -0.159931 -10.163104   0.014439 0.057073 0.607393 0.036480
1610017516.298532  -0.180865 -10.151171   0.011210 0.056932 0.604498 0.036455
1610017516.397533  -0.223939 -10.130315   0.001164 0.056871 0.603701 0.036420
1610017516.496533  -0.244854 -10.109669  -0.009208 0.056937 0.606401 0.036414
1610017516.595533  -0.301228 -10.091205  -0.020242 0.056944 0.606176 0.036409
1610017516.694533  -0.366189 -10.100354  -0.012317 0.056973 0.606931 0.036410
1610017516.793533  -0.432544 -10.080710  -0.018939 0.056950 0.606439 0.036388
1610017516.892534  -0.477090 -10.067234  -0.024319 0.056986 0.606373 0.036375
1610017516.991534  -0.529627 -10.034050  -0.037066 0.056929 0.606157 0.036363
1610017517.090534  -0.571697 -10.015207  -0.037474 0.056841 0.604908 0.036358
1610017517.189534  -0.584676 -10.002708  -0.030044 0.056840 0.603963 0.036345
1610017517.288535 -0.633707 -9.991069 -0.022077 0.056860 0.602516 0.036337
1610017517.387535 -0.662860 -9.994953 -0.017500 0.056878 0.600022 0.036329
1610017517.486535 -0.715022 -9.990389 -0.022190 0.056899 0.597814 0.036342
1610017517.585536 -0.740974 -9.978154 -0.024400 0.056947 0.595554 0.036334
1610017517.684536 -0.786989 -9.974411 -0.058152 0.056973 0.592983 0.036347
1610017517.783536 -0.814386 -9.949329 -0.063740 0.056963 0.590388 0.036329
1610017517.882536 -0.823876 -9.913261 -0.061481 0.057072 0.588228 0.036325
1610017517.981537 -0.867057 -9.870670 -0.077730 0.057075 0.587566 0.036308
1610017518.080537 -0.875965 -9.869924 -0.052169 0.057340 0.589395 0.036299
1610017518.179537 -0.937018 -9.876009 -0.026242 0.057588 0.587815 0.036299
1610017518.278537 -0.966590 -9.854175  0.002463 0.057767 0.587126 0.036280
1610017518.377537 -0.995181 -9.848924 -0.008101 0.057860 0.585473 0.036265
1610017518.476538 -1.020306 -9.821249 -0.007234 0.058189 0.586847 0.036264
1610017518.575538 -1.094339 -9.798086  0.000703 0.058277 0.585598 0.036256
1610017518.674538 -1.194066 -9.763794 -0.019659 0.058419 0.582918 0.036222
1610017518.773538 -1.281386 -9.751309 -0.041593 0.058573 0.581089 0.036208
1610017518.872539 -1.402995 -9.706951 -0.028539 0.058781 0.578986 0.036184
1610017518.971539 -1.493033 -9.659821 -0.043434 0.059013 0.575707 0.036178
1610017519.070539 -1.621890 -9.597313 -0.070799 0.059145 0.572262 0.036147
1610017519.169539 -1.810904 -9.566119 -0.065426 0.059397 0.570204 0.036144
1610017519.268540 -1.994880 -9.510411 -0.059212 0.059764 0.563856 0.036129
1610017519.367540 -2.207972 -9.434659 -0.067239 0.060172 0.558576 0.036127
1610017519.466540 -2.420239 -9.314489 -0.069708 0.061072 0.556736 0.036119
1610017519.565540 -2.610847 -9.233522 -0.067001 0.061528 0.551406 0.036134
1610017519.664541 -2.769188 -9.161160 -0.032234 0.062227 0.544918 0.036122
1610017519.763541 -2.886547 -9.091087  0.035398 0.063098 0.536430 0.036103
1610017519.862541 -3.049712 -9.012005  0.063842 0.063919 0.528977 0.036090
1610017519.961541 -3.224730 -8.949275  0.077959 0.064878 0.520253 0.036104
1610017520.060541 -3.447655 -8.891756  0.103980 0.066035 0.512650 0.036132
1610017520.159542 -3.641552 -8.797869  0.108579 0.067222 0.499123 0.036141
1610017520.258542 -3.829100 -8.659405  0.089651 0.068232 0.486451 0.036122
1610017520.357542 -3.973986 -8.551288  0.060227 0.069424 0.473344 0.036120
1610017520.456542 -4.132032 -8.445725  0.054410 0.070879 0.460735 0.036121
1610017520.555543 -4.320887 -8.357744  0.068024 0.072157 0.452170 0.036133
1610017520.654543 -4.489225 -8.270654  0.076813 0.074448 0.444163 0.036183
1610017520.753543 -4.657694 -8.173342  0.072759 0.076350 0.427573 0.036216
1610017520.852544 -4.802044 -8.049779  0.059803 0.078062 0.415042 0.036217
1610017520.951544 -4.962605 -7.927418  0.030869 0.079780 0.403604 0.036228
1610017521.050544 -5.138081 -7.813017  0.014365 0.081633 0.392647 0.036251
1610017521.149544 -5.296580 -7.725903  0.035368 0.083718 0.378498 0.036277
1610017521.248544 -5.443000 -7.619717  0.048325 0.085703 0.368343 0.036295
1610017521.347545 -5.601379 -7.503058  0.041664 0.087762 0.356397 0.036328
1610017521.446545 -5.744440 -7.381422  0.041861 0.091076 0.347004 0.036379
1610017521.545545 -5.885748 -7.276846  0.044459 0.093481 0.334266 0.036413
1610017521.644545 -6.037088 -7.165875  0.045175 0.095659 0.325227 0.036434
1610017521.743546 -6.175467 -7.061156  0.057065 0.098007 0.315332 0.036464
1610017521.842546 -6.330944 -6.930096  0.049866 0.100575 0.304362 0.036497
1610017521.941546 -6.488197 -6.775583  0.041892 0.103006 0.295227 0.036529
1610017522.040546 -6.625310 -6.644732  0.038495 0.105459 0.285165 0.036562
1610017522.139547 -6.749458 -6.513986  0.038339 0.107946 0.274993 0.036583
1610017522.238547 -6.873721 -6.366321  0.043848 0.110340 0.266743 0.036586
1610017522.337547 -6.990406 -6.225053  0.045975 0.112679 0.257653 0.036608
1610017522.436547 -7.103312 -6.126567  0.059636 0.115024 0.249229 0.036629
1610017522.535548 -7.218583 -6.058492  0.073990 0.117411 0.241231 0.036657
1610017522.634548 -7.329229 -5.977213  0.083433 0.120174 0.233896 0.036704
1610017522.733548 -7.444371 -5.876886  0.064152 0.122815 0.226685 0.036726
1610017522.832548 -7.502384 -5.764804  0.056505 0.125233 0.220662 0.036721
1610017522.931549 -7.532191 -5.700698  0.032174 0.129005 0.215355 0.036724
1610017523.030549 -7.568517 -5.630927  0.020010 0.131740 0.208944 0.036728
1610017523.129549 -7.610368 -5.620762  0.036606 0.134749 0.204232 0.036757
1610017523.228549 -7.664317 -5.627504  0.055139 0.137939 0.200494 0.036781
1610017523.360550 -7.730982 -5.622791  0.053949 0.142083 0.195646 0.036812
1610017523.492550 -7.763314 -5.577797  0.022832 0.146228 0.191196 0.036787
1610017523.624550 -7.764970 -5.557639  0.016124 0.150414 0.187802 0.036774
1610017523.756551 -7.794581 -5.539104  0.018416 0.155842 0.185300 0.036789
1610017523.921551 -7.878348 -5.563182  0.059239 0.161851 0.181593 0.036847
1610017524.086551 -7.944319 -5.525824  0.052801 0.167785 0.177927 0.036859
1610017524.218552 -7.948852 -5.520158  0.022259 0.172284 0.175587 0.036856
1610017524.317552 -7.949908 -5.557332  0.018250 0.175631 0.174732 0.036858
1610017524.482552 -7.992143 -5.625246  0.050172 0.181971 0.172341 0.036882
1610017524.647553 -8.033978 -5.676553  0.042749 0.187299 0.170358 0.036912
1610017524.812553 -8.068055 -5.719403  0.027896 0.192929 0.168410 0.036912
1610017524.977554 -8.079110 -5.724111  0.050619 0.198612 0.166516 0.036866
1610017525.109554 -8.077456 -5.774933  0.062503 0.203540 0.165829 0.036852
1610017525.241554 -8.197598 -5.785649  0.066798 0.207919 0.164974 0.036931
1610017525.340554 -8.193809 -5.842077  0.103493 0.211428 0.164667 0.036929
1610017525.439554 -8.198693 -5.804958  0.042301 0.214301 0.164195 0.036914
1610017525.538555 -8.178963 -5.861011  0.030876 0.217142 0.163334 0.036908
1610017525.637555 -8.211216 -5.910036  0.044305 0.220534 0.163178 0.036940
1610017525.769556 -8.254980 -5.965934  0.073327 0.224938 0.162745 0.036954
1610017525.901556 -8.298888 -5.969985  0.066173 0.228272 0.162274 0.036957
1610017526.033556 -8.315221 -6.016930  0.041360 0.231291 0.161785 0.036935
1610017526.165556 -8.350941 -6.056653  0.041822 0.234909 0.161568 0.036940
1610017526.297557 -8.276758 -6.086971  0.065491 0.239130 0.161166 0.036903
1610017526.429557 -8.302951 -6.149470  0.090071 0.242368 0.161178 0.036896
1610017526.528557 -8.351342 -6.174056  0.121137 0.244902 0.161663 0.036909
1610017526.627558 -8.398913 -6.208709  0.121399 0.247544 0.161908 0.036947
1610017526.726558 -8.398976 -6.235076  0.111758 0.251452 0.162461 0.036959
1610017526.792558 -8.407373 -6.260276  0.098290 0.252669 0.162641 0.036953
1610017526.858558 -8.394359 -6.283860  0.088650 0.255442 0.163645 0.036952
1610017526.924558 -8.399915 -6.302424  0.071219 0.257200 0.164063 0.036959
1610017526.990558 -8.396008 -6.324852  0.063564 0.259135 0.164397 0.036958
1610017527.056559 -8.415659 -6.324955  0.060982 0.260567 0.164723 0.036962
1610017527.155559 -8.420351 -6.330051  0.069177 0.263377 0.165380 0.036951
1610017527.254559 -8.415210 -6.347703  0.061928 0.266253 0.165736 0.036947
1610017527.320559 -8.408480 -6.356853  0.062970 0.267706 0.165985 0.036933
1610017527.386559 -8.392145 -6.382104  0.072423 0.268416 0.166180 0.036915
1610017527.452560 -8.379875 -6.398338  0.078008 0.269745 0.166531 0.036905
1610017527.518560 -8.373154 -6.403841  0.075602 0.271177 0.166814 0.036899
1610017527.617560 -8.373865 -6.445306  0.086460 0.273081 0.167385 0.036903
1610017527.716560 -8.370810 -6.467268  0.094758 0.275392 0.168232 0.036897
1610017527.848561 -8.362725 -6.487844  0.100959 0.277994 0.169144 0.036892
1610017527.947561 -8.356377 -6.497797  0.086977 0.279856 0.169843 0.036875
1610017528.046561 -8.361313 -6.518811  0.091444 0.281516 0.170739 0.036864
1610017528.145561 -8.350205 -6.533690  0.099844 0.282990 0.171539 0.036862
1610017528.211561 -8.341086 -6.536335  0.094399 0.284284 0.172173 0.036876
1610017528.310562 -8.317593 -6.552235  0.091908 0.286368 0.172935 0.036865
1610017528.409562 -8.298237 -6.573335  0.092819 0.287974 0.173719 0.036866
1610017528.508562 -8.270575 -6.589108  0.090636 0.288960 0.174554 0.036851
1610017528.607563 -8.251040 -6.601487  0.090884 0.290034 0.174888 0.036832
1610017528.706563 -8.230230 -6.618053  0.099097 0.290855 0.175356 0.036813
1610017528.805563 -8.195417 -6.636467  0.095671 0.291592 0.176285 0.036789
1610017528.904563 -8.182398 -6.642383  0.099190 0.291106 0.176485 0.036780
1610017529.036564 -8.143135 -6.646946  0.100848 0.291767 0.177299 0.036751
1610017529.135564 -8.155573 -6.663777  0.068673 0.293010 0.178050 0.036746
1610017529.201564 -8.103262 -6.675397  0.079386 0.293455 0.178418 0.036721
1610017529.300564 -8.028824 -6.641117  0.108950 0.293696 0.179190 0.036679
1610017529.399565 -7.945769 -6.602436  0.066012 0.294054 0.179649 0.036626
1610017529.498565 -7.921817 -6.638146  0.108905 0.294945 0.180179 0.036621
1610017529.597565 -7.922190 -6.680034  0.150417 0.294776 0.181021 0.036605
1610017529.696565 -7.908080 -6.668471  0.144038 0.294654 0.181639 0.036588
1610017529.795566 -7.875652 -6.646554  0.100627 0.293325 0.182142 0.036555
1610017529.894566 -7.819945 -6.640521  0.055228 0.292745 0.182784 0.036510
1610017529.993566 -7.783742 -6.652418  0.055264 0.293124 0.183234 0.036494
1610017530.125566 -7.746355 -6.669133  0.076644 0.291795 0.183888 0.036477
1610017530.224566 -7.736883 -6.687390  0.098965 0.290590 0.184462 0.036466
1610017530.356567 -7.705329 -6.711297  0.095161 0.290743 0.185012 0.036459
1610017530.488567 -7.684051 -6.718117  0.087420 0.290143 0.185713 0.036434
1610017530.620568 -7.655256 -6.740036  0.076309 0.288388 0.185898 0.036408
1610017530.752568 -7.639076 -6.767265  0.075694 0.285764 0.186840 0.036412
1610017530.884568 -7.604484 -6.794993  0.076435 0.283791 0.186949 0.036398
1610017530.983568 -7.588975 -6.800142  0.070859 0.283113 0.187028 0.036387
1610017531.115569 -7.531740 -6.791851  0.066758 0.280939 0.187700 0.036360
1610017531.247569 -7.487205 -6.785669  0.078545 0.279459 0.187852 0.036313
1610017531.346569 -7.470275 -6.787422  0.086203 0.276909 0.187760 0.036293
1610017531.445570 -7.465846 -6.772733  0.105565 0.275555 0.188065 0.036313
1610017531.544570 -7.439810 -6.737481  0.107360 0.274515 0.187794 0.036299
1610017531.643570 -7.418088 -6.710923  0.097997 0.272250 0.187561 0.036272
1610017531.742570 -7.381492 -6.700734  0.094761 0.271063 0.188319 0.036263
1610017531.841571 -7.376847 -6.688045  0.100372 0.269188 0.187816 0.036257
1610017531.973571 -7.398001 -6.641853  0.107733 0.267607 0.187570 0.036259
1610017532.105571 -7.393657 -6.567496  0.100570 0.265347 0.186899 0.036215
1610017532.237571 -7.404235 -6.431582  0.081719 0.262611 0.186136 0.036174
1610017532.369572 -7.528388 -6.316531  0.067610 0.259828 0.185933 0.036184
1610017532.501572 -7.545929 -6.319300  0.093877 0.259083 0.185264 0.036196
1610017532.633572 -7.614910 -6.030978  0.058922 0.256855 0.183671 0.036148
1610017532.732573 -7.613577 -5.933421  0.026107 0.256031 0.183686 0.036144
1610017532.831573 -7.669038 -5.878208  0.041534 0.255224 0.182873 0.036128
1610017532.963573 -7.850607 -5.704550  0.061086 0.256143 0.180918 0.036161
1610017533.128574 -7.922481 -5.472855  0.029130 0.261795 0.182825 0.036150
1610017533.260574 -7.947888 -5.327646 -0.025284 0.259944 0.179766 0.036121
1610017533.392574 -8.013261 -5.176971  0.021204 0.259023 0.176710 0.036095
1610017533.524575 -8.117409 -5.093457  0.037289 0.258496 0.173527 0.036102
1610017533.656575 -8.147785 -4.931594  0.051878 0.256857 0.170074 0.036052
1610017533.788575 -8.214676 -4.764193  0.021028 0.255647 0.166183 0.036023
1610017533.920575 -8.271700 -4.662115  0.018053 0.260364 0.165496 0.036033
1610017534.052576 -8.419764 -4.470012  0.046120 0.260962 0.162218 0.036067
1610017534.184576 -8.497106 -4.171590 -0.011584 0.260269 0.158658 0.036053
1610017534.316576 -8.559861 -3.981153  0.002861 0.261179 0.154355 0.036045
1610017534.415577 -8.599260 -3.908792 -0.003941 0.262334 0.151387 0.036048
1610017534.514577 -8.695425 -3.758031  0.024155 0.271851 0.151281 0.036135
1610017534.613577 -8.759679 -3.630579  0.056303 0.272860 0.148221 0.036159
1610017534.712578 -8.803561 -3.517423  0.045128 0.273801 0.144726 0.036167
1610017534.844578 -8.863076 -3.432022  0.014077 0.274865 0.140359 0.036170
1610017534.976578 -8.994325 -3.261760  0.006313 0.276916 0.136403 0.036216
1610017535.075578 -9.046054 -3.078546 -0.011563 0.277907 0.133502 0.036235
1610017535.174579 -9.036511 -2.960419 -0.022527 0.278833 0.129977 0.036209
1610017535.273579 -9.016990 -2.853650 -0.044191 0.279830 0.126741 0.036195
1610017535.372579 -9.061742 -2.748904  0.001319 0.281425 0.123913 0.036219
1610017535.471579 -9.180015 -2.632698  0.034011 0.283284 0.121154 0.036277
1610017535.603580 -9.298378 -2.460813  0.088077 0.285806 0.117423 0.036349
1610017535.702580 -9.334324 -2.250217  0.058771 0.288053 0.114441 0.036376
1610017535.801580 -9.354290 -2.044424 -0.018532 0.288705 0.111197 0.036401
1610017535.900580 -9.418919 -1.864942 -0.031629 0.289938 0.108231 0.036440
1610017535.999581 -9.458526 -1.723005  0.000857 0.290792 0.105135 0.036471
1610017536.098581 -9.482735 -1.571957  0.027537 0.291632 0.102008 0.036493
1610017536.197581 -9.528848 -1.369984  0.006390 0.292593 0.098991 0.036527
1610017536.296581 -9.626879 -1.173279 -0.000645 0.293445 0.096524 0.036596
1610017536.395582 -9.720987 -1.037399  0.031761 0.294215 0.093945 0.036675
1610017536.494582 -9.764812 -0.905556  0.025977 0.294908 0.091141 0.036713
1610017536.593582 -9.801895 -0.742894 -0.005658 0.295981 0.088614 0.036743
1610017536.692582 -9.838160 -0.586036 -0.017275 0.296576 0.086121 0.036781
1610017536.758583 -9.882519 -0.469163  0.018674 0.296815 0.084574 0.036828
1610017536.857583 -9.940953 -0.339083  0.030823 0.297599 0.082583 0.036878
1610017536.956583 -9.979469 -0.191123  0.059690 0.300167 0.080483 0.036931
1610017537.055583 -9.999875 -0.016243  0.106321 0.301470 0.078595 0.036975
1610017537.154583 -10.055109   0.163373   0.058255 0.302375 0.076881 0.037028
1610017537.253584 -10.145517   0.296140   0.072659 0.303258 0.075348 0.037130
1610017537.352584 -10.211462   0.418308   0.089544 0.304176 0.073852 0.037183
1610017537.451584 -10.203457   0.566604   0.023664 0.305110 0.072277 0.037183
1610017537.583585 -10.190934   0.698536  -0.005124 0.306494 0.070454 0.037172
1610017537.715585 -10.234210   0.877483   0.014022 0.308303 0.068882 0.037225
1610017537.814585 -10.306497   1.000640   0.050400 0.309574 0.068161 0.037311
1610017537.913585 -10.372998   1.068642   0.061423 0.310830 0.067456 0.037373
1610017537.979586 -10.401696   1.101940   0.058803 0.311656 0.067022 0.037377
1610017538.078586 -10.426073   1.107964   0.029626 0.312917 0.066452 0.037365
1610017538.177586 -10.471232   1.069391  -0.002947 0.314649 0.066105 0.037358
1610017538.276586 -10.505169   1.037177   0.001476 0.316997 0.065795 0.037392
1610017538.408587 -10.558953   1.027403   0.018497 0.320042 0.065577 0.037393
1610017538.507587 -10.583124   1.057097   0.017800 0.322568 0.065395 0.037410
1610017538.606587 -10.625725   1.044634   0.030114 0.325228 0.065354 0.037403
1610017538.705587 -10.641959   1.060234   0.028286 0.327848 0.065229 0.037389
1610017538.804588 -10.661455   1.033351   0.029000 0.330745 0.065259 0.037379
1610017538.903588 -10.685147   1.021446   0.016052 0.333851 0.065376 0.037414
1610017539.002588 -10.708827   1.013980   0.000508 0.336164 0.065403 0.037388
1610017539.101588 -10.749932   0.999775   0.003734 0.341630 0.065811 0.037426
1610017539.200588 -10.768896   1.031236   0.008531 0.345116 0.066043 0.037460
1610017539.299589 -10.772439   1.003280   0.013521 0.348290 0.066185 0.037432
1610017539.365589 -10.772455   0.981839   0.018028 0.350320 0.066252 0.037427
1610017539.464589 -10.786645   0.978077   0.030228 0.353322 0.066454 0.037402
1610017539.563589 -10.832764   0.954489   0.061266 0.356545 0.066796 0.037399
1610017539.662590 -10.897498   0.945745   0.082912 0.360199 0.067291 0.037456
1610017539.761590 -10.916603   0.962946   0.076701 0.363551 0.067513 0.037451
1610017539.860590 -10.919822   0.973667   0.050195 0.367290 0.067689 0.037452
1610017539.959590 -10.921045   0.989108   0.018502 0.370488 0.067866 0.037457
1610017540.058590 -10.936789   0.983806   0.006636 0.373235 0.068019 0.037418
1610017540.157591 -10.951636   0.973563   0.021544 0.376225 0.068297 0.037429
1610017540.256591 -10.951599   0.960482   0.027190 0.378948 0.068481 0.037435
1610017540.355592 -10.937536   0.950948   0.022307 0.381608 0.068631 0.037413
1610017540.454592 -10.924789   0.915059   0.049687 0.384827 0.068894 0.037390
1610017540.553592 -10.938039   0.914538   0.059285 0.387318 0.069155 0.037386
1610017540.652592 -10.971711   0.918084   0.079885 0.389538 0.069467 0.037402
1610017540.751592 -11.011539   0.921313   0.087162 0.391581 0.069624 0.037408
1610017540.850593 -11.021063   0.912424   0.066459 0.394267 0.069811 0.037388
1610017540.949593 -11.023746   0.949901   0.009599 0.397501 0.070054 0.037399
1610017541.048593 -10.999314   0.942864  -0.021513 0.399446 0.070073 0.037347
1610017541.147593 -10.961081   0.880428   0.010127 0.402491 0.070210 0.037314
1610017541.246593 -10.957051   0.834203   0.039274 0.404461 0.070319 0.037278
1610017541.345594 -11.003495   0.816244   0.102939 0.406209 0.070692 0.037285
1610017541.444594 -11.057197   0.837858   0.117014 0.408720 0.070993 0.037297
1610017541.543594 -11.076916   0.826115   0.098620 0.412313 0.071209 0.037298
1610017541.642595 -11.050283   0.836215   0.056895 0.414613 0.071205 0.037293
1610017541.774595 -11.018173   0.841170   0.007063 0.416863 0.071084 0.037244
1610017541.873595 -11.032223   0.823667   0.025927 0.420874 0.071272 0.037228
1610017541.972595 -11.076780   0.811465   0.054716 0.422053 0.071378 0.037243
1610017542.071595 -11.089280   0.811097   0.067216 0.423828 0.071497 0.037231
1610017542.170596 -11.077875   0.813352   0.057740 0.426798 0.071677 0.037225
1610017542.269596 -11.078459   0.802912   0.043903 0.427417 0.071571 0.037206
1610017542.368596 -11.082794   0.813646   0.032844 0.429554 0.071634 0.037196
1610017542.467597 -11.096835   0.813014   0.046498 0.432280 0.071874 0.037203
1610017542.566597 -11.085393   0.817421   0.052013 0.435348 0.071829 0.037189
1610017542.665597 -11.058216   0.805272   0.062255 0.438286 0.071722 0.037169
1610017542.764597 -11.058930   0.802274   0.062170 0.442040 0.071828 0.037158
1610017542.863597 -11.054917   0.789779   0.089187 0.444230 0.072086 0.037158
1610017542.962598 -11.062868   0.786200   0.089331 0.446137 0.072176 0.037140
1610017543.061598 -11.055714   0.820146   0.073664 0.449477 0.072228 0.037120
1610017543.160598 -11.039876   0.814217   0.059746 0.450276 0.071995 0.037091
1610017543.226599 -11.022463   0.832163   0.047348 0.454281 0.071847 0.037071
1610017543.325598 -11.013622   0.833190   0.031557 0.455559 0.071794 0.037071
1610017543.424599 -10.995818   0.842688   0.035464 0.457211 0.071697 0.037049
1610017543.523599 -10.987841   0.830761   0.054219 0.458949 0.071758 0.037038
1610017543.622599 -10.980383   0.824929   0.063840 0.460336 0.071708 0.037014
1610017543.721600 -10.967814   0.838108   0.066437 0.461283 0.071521 0.037001
1610017543.820600 -10.980525   0.822059   0.094802 0.463384 0.071642 0.036998
1610017543.919600 -10.981956   0.844985   0.085743 0.465139 0.071552 0.036989
1610017544.018600 -10.976634   0.841497   0.075894 0.465735 0.071295 0.036963
1610017544.117600 -10.985477   0.853355   0.060377 0.468386 0.071325 0.036954
1610017544.216601 -10.973358   0.869325   0.045944 0.471980 0.071380 0.036955
1610017544.315601 -10.972846   0.871094   0.033685 0.473035 0.071275 0.036950
1610017544.414601 -10.962222   0.881866   0.022589 0.475475 0.071283 0.036925
1610017544.513602 -10.980912   0.936134   0.000534 0.476309 0.071178 0.036955
1610017544.645602 -10.927698   0.875687   0.037981 0.479119 0.071305 0.036939
1610017544.777602 -10.857742   0.872413   0.031066 0.479324 0.070857 0.036865
1610017544.942602 -10.981921   0.839680   0.136765 0.477890 0.071189 0.036893
1610017545.107603 -10.997859   0.889762   0.104256 0.479169 0.071355 0.036846
1610017545.239603 -10.939581   0.931930   0.017407 0.479323 0.070936 0.036793
1610017545.371603 -10.937808   0.927765   0.017290 0.480386 0.070927 0.036772
1610017545.503604 -10.965765   0.917783   0.047087 0.481105 0.070993 0.036786
1610017545.635604 -10.967990   0.919695   0.062630 0.482261 0.071067 0.036770
1610017545.767605 -10.963874   0.928826   0.045713 0.482361 0.070997 0.036751
1610017545.899605 -10.981330   0.932581   0.043120 0.483745 0.070996 0.036739
1610017545.998605 -10.994693   0.943306   0.050657 0.484802 0.070824 0.036745
1610017546.097605 -10.978805   0.946902   0.046738 0.483199 0.070538 0.036704
1610017546.196605 -10.963518   0.964124   0.037031 0.483142 0.070453 0.036689
1610017546.295606 -10.942789   0.963601   0.035454 0.498536 0.070633 0.036711
1610017546.394606 -10.907650   0.944840   0.052472 0.500002 0.070654 0.036695
1610017546.493606 -10.912239   0.938255   0.057239 0.500515 0.070688 0.036688
1610017546.592607 -10.908091   0.947093   0.072806 0.500102 0.070597 0.036663
1610017546.691607 -10.915156   0.912121   0.094762 0.499823 0.070515 0.036647
1610017546.790607 -10.869078   0.929345   0.070166 0.499778 0.070342 0.036604
1610017546.889607 -10.860849   0.946342   0.056509 0.499548 0.070188 0.036587
1610017546.955607 -10.843364   0.960515   0.046090 0.500136 0.070001 0.036578
1610017547.054608 -10.827433   0.947689   0.051283 0.500746 0.070069 0.036562
1610017547.153608 -10.789291   0.938018   0.039497 0.502104 0.069967 0.036524
1610017547.252608 -10.792197   0.942196   0.030535 0.498948 0.069701 0.036503
1610017547.351608 -10.793294   0.948961   0.018316 0.496174 0.069578 0.036493
1610017547.450609 -10.776916   0.953423   0.010286 0.503695 0.069864 0.036496
1610017547.549609 -10.726838   0.942442   0.006310 0.503653 0.069582 0.036477
1610017547.648609 -10.669139   0.949730   0.004113 0.503190 0.069234 0.036437
1610017547.747609 -10.658065   0.940317   0.021982 0.503514 0.069262 0.036434
1610017547.846610 -10.667723   0.939102   0.060844 0.502930 0.069225 0.036405
1610017547.945610 -10.659727   0.900150   0.096034 0.504114 0.069282 0.036378
1610017548.044610 -10.619272   0.924686   0.083170 0.502839 0.068946 0.036353
1610017548.143610 -10.580937   0.931116   0.063012 0.502453 0.068872 0.036340
1610017548.242610 -10.527159   0.905036   0.072596 0.503891 0.068805 0.036303
1610017548.374611 -10.479002   0.921591   0.086932 0.503754 0.068726 0.036282
1610017548.506611 -10.459108   0.908639   0.119585 0.500674 0.068483 0.036259
1610017548.638612 -10.436244   0.885890   0.130166 0.499940 0.068408 0.036213
1610017548.770612 -10.422577   0.877673   0.112386 0.496536 0.068194 0.036179
1610017548.869612 -10.425468   0.840915   0.111812 0.494129 0.067963 0.036153
1610017548.968612 -10.420854   0.768330   0.116331 0.492742 0.067750 0.036131
1610017549.067613 -10.414770   0.706189   0.108784 0.496243 0.067716 0.036124
1610017549.166613 -10.405072   0.624826   0.100339 0.498685 0.067776 0.036129
1610017549.265613 -10.401828   0.526910   0.102358 0.498280 0.067651 0.036128
1610017549.364613 -10.406358   0.412802   0.119636 0.500285 0.067663 0.036104
1610017549.463614 -10.411089   0.276892   0.116366 0.500232 0.067604 0.036095
1610017549.562614 -10.430546   0.168607   0.114235 0.499416 0.067357 0.036083
1610017549.694614 -10.450923  -0.007624   0.121215 0.498446 0.067079 0.036077
1610017549.793614 -10.416906  -0.132631   0.106504 0.497175 0.066601 0.036047
1610017549.892615 -10.393851  -0.251447   0.084420 0.497000 0.066158 0.036046
1610017549.991615 -10.411788  -0.385876   0.080749 0.495213 0.065866 0.036057
1610017550.123615 -10.449418  -0.545569   0.081437 0.493559 0.065627 0.036063
1610017550.222615 -10.444379  -0.676281   0.054566 0.490740 0.065125 0.036053
1610017550.321616 -10.412943  -0.804137   0.024182 0.487570 0.064622 0.036029
1610017550.420616 -10.381707  -0.916205  -0.003387 0.483448 0.064207 0.036001
1610017550.519616 -10.357358  -1.053881  -0.012376 0.481113 0.063852 0.035995
1610017550.618616 -10.360389  -1.212742   0.015381 0.474694 0.063529 0.035991
1610017550.717617 -10.340167  -1.329216   0.045169 0.474887 0.063496 0.035999
1610017550.783617 -10.328373  -1.410541   0.050147 0.474210 0.063450 0.036007
1610017550.882617 -10.310723  -1.547373   0.062116 0.471707 0.063272 0.035993
1610017550.981617 -10.277920  -1.632953   0.082076 0.466373 0.062996 0.035983
1610017551.080617 -10.268701  -1.695947   0.105218 0.467740 0.063201 0.036005
1610017551.179618 -10.263440  -1.786323   0.109636 0.464984 0.063252 0.036014
1610017551.278618 -10.322358  -1.905808   0.136247 0.459414 0.063474 0.036051
1610017551.377618 -10.369275  -2.006871   0.136038 0.453901 0.063675 0.036080
1610017551.476619 -10.374504  -2.088601   0.123561 0.453194 0.063892 0.036080
1610017551.575619 -10.315294  -2.153783   0.086462 0.449855 0.063920 0.036068
1610017551.674619 -10.291676  -2.284201   0.052336 0.448079 0.064107 0.036066
1610017551.773619 -10.296944  -2.401404   0.081635 0.446662 0.064517 0.036082
1610017551.872620 -10.309522  -2.561755   0.115166 0.443200 0.064999 0.036111
1610017551.971620 -10.314736  -2.748724   0.099122 0.437809 0.065435 0.036131
1610017552.070620 -10.316921  -2.871946   0.102276 0.435429 0.066124 0.036159
1610017552.136620 -10.303192  -2.955427   0.090922 0.432265 0.066515 0.036163
1610017552.235620 -10.249105  -3.104555   0.035994 0.430062 0.066980 0.036171
1610017552.334621 -10.219971  -3.202135   0.072210 0.424843 0.067671 0.036173
1610017552.433621 -10.232762  -3.355225   0.099504 0.422833 0.068828 0.036214
1610017552.532621 -10.219064  -3.513021   0.100117 0.419611 0.069707 0.036215
1610017552.631621 -10.227295  -3.649997   0.112025 0.413921 0.070741 0.036243
1610017552.730621 -10.184994  -3.818728   0.081159 0.409765 0.071609 0.036270
1610017552.796622 -10.170053  -3.900353   0.055959 0.406960 0.072293 0.036286
1610017552.862622 -10.142173  -3.967241   0.048386 0.404531 0.073029 0.036301
1610017552.928622 -10.115830  -4.025062   0.054466 0.403126 0.073689 0.036302
1610017552.994622 -10.090071  -4.129117   0.061497 0.401321 0.074784 0.036329
1610017553.060622 -10.067489  -4.219984   0.054255 0.398807 0.075639 0.036348
1610017553.126622 -10.063643  -4.314108   0.069104 0.396515 0.076593 0.036372
1610017553.192623 -10.071734  -4.420497   0.096004 0.393728 0.077744 0.036410
1610017553.258623 -10.054914  -4.528044   0.104987 0.391220 0.078798 0.036437
1610017553.324623 -10.018680  -4.623106   0.090050 0.389895 0.079713 0.036448
1610017553.390623 -9.982247 -4.726438  0.081225 0.387222 0.080736 0.036483
1610017553.456623 -9.939281 -4.822733  0.061223 0.383984 0.081777 0.036499
1610017553.555624 -9.901515 -4.966825  0.044391 0.380400 0.083551 0.036537
1610017553.654624 -9.873832 -5.100492  0.053499 0.377141 0.085403 0.036589
1610017553.753624 -9.820605 -5.240004  0.071994 0.373381 0.087608 0.036622
1610017553.852624 -9.740640 -5.385277  0.079790 0.370415 0.089525 0.036650
1610017553.918624 -9.688634 -5.456352  0.078482 0.367936 0.090886 0.036655
1610017554.017625 -9.637131 -5.582623  0.073630 0.364128 0.093261 0.036715
1610017554.116625 -9.573256 -5.691162  0.074286 0.361357 0.095507 0.036730
1610017554.215625 -9.500999 -5.784093  0.098875 0.357002 0.097965 0.036732
1610017554.314625 -9.421018 -5.855338  0.082793 0.353795 0.100633 0.036729
1610017554.413626 -9.325905 -6.011699  0.079009 0.350702 0.103371 0.036750
1610017554.479626 -9.296345 -6.101686  0.097802 0.348128 0.105292 0.036775
1610017554.545626 -9.266275 -6.161645  0.096101 0.345468 0.107177 0.036805
1610017554.611626 -9.211359 -6.254994  0.093248 0.344142 0.109027 0.036827
1610017554.710626 -9.096716 -6.370409  0.067642 0.341870 0.111724 0.036853
1610017554.809627 -9.011189 -6.495946  0.061681 0.338368 0.114714 0.036901
1610017554.908627 -8.922305 -6.601436  0.061210 0.335042 0.117716 0.036916
1610017554.974627 -8.877488 -6.683800  0.062682 0.331617 0.119960 0.036960
1610017555.040627 -8.814509 -6.770743  0.075295 0.330779 0.122037 0.036985
1610017555.139627 -8.708222 -6.895886  0.084425 0.327989 0.125288 0.037074
1610017555.205628 -8.645900 -6.969519  0.077669 0.325750 0.127448 0.037055
1610017555.304628 -8.564173 -7.099525  0.084034 0.323052 0.130858 0.037105
1610017555.370628 -8.489126 -7.183080  0.089297 0.319961 0.133236 0.037134
1610017555.469628 -8.370085 -7.313544  0.087213 0.317211 0.136681 0.037176
1610017555.568629 -8.266180 -7.407184  0.090223 0.313634 0.140390 0.037197
1610017555.667629 -8.167192 -7.509362  0.088468 0.309610 0.144095 0.037228
1610017555.766629 -8.088361 -7.604950  0.080094 0.306263 0.147846 0.037259
1610017555.865629 -8.012964 -7.714759  0.095917 0.303781 0.151729 0.037285
1610017555.964629 -7.904327 -7.803591  0.091615 0.300451 0.155582 0.037308
1610017556.030630 -7.847404 -7.844214  0.073419 0.297778 0.158240 0.037321
1610017556.129630 -7.769599 -7.905540  0.075311 0.294117 0.162206 0.037330
1610017556.228630 -7.714719 -7.954960  0.069048 0.290473 0.166411 0.037352
1610017556.327630 -7.673373 -8.015977  0.085049 0.287777 0.170759 0.037387
1610017556.426631 -7.615137 -8.112160  0.091871 0.285041 0.174759 0.037416
1610017556.525631 -7.530837 -8.196120  0.101593 0.282422 0.178976 0.037442
1610017556.591631 -7.498299 -8.221096  0.098616 0.280096 0.181944 0.037435
1610017556.657631 -7.484601 -8.226916  0.090037 0.278257 0.184829 0.037441
1610017556.723631 -7.462833 -8.238114  0.083715 0.276966 0.187506 0.037443
1610017556.822631 -7.444217 -8.260353  0.076904 0.274737 0.192778 0.037464
1610017556.921632 -7.387944 -8.288677  0.070598 0.272742 0.197116 0.037463
1610017557.020632 -7.317458 -8.288096  0.073924 0.270512 0.201396 0.037430
1610017557.119632 -7.206902 -8.286584  0.061853 0.267615 0.205504 0.037393
1610017557.218632 -7.149515 -8.278684  0.074351 0.265613 0.209431 0.037353
1610017557.317633 -7.132897 -8.293267  0.097019 0.263467 0.213115 0.037349
1610017557.383633 -7.108919 -8.310513  0.121481 0.261868 0.215913 0.037329
1610017557.449633 -7.094336 -8.292404  0.125617 0.259838 0.218580 0.037316
1610017557.548633 -7.028766 -8.257340  0.111034 0.257685 0.222512 0.037248
1610017557.647634 -6.954490 -8.249247  0.082638 0.255876 0.226467 0.037220
1610017557.713634 -6.920604 -8.245290  0.067875 0.254958 0.228987 0.037190
1610017557.812634 -6.880128 -8.263478  0.082481 0.254064 0.233658 0.037190
1610017557.911634 -6.846654 -8.226655  0.091645 0.251933 0.237639 0.037145
1610017558.010634 -6.778033 -8.205328  0.099335 0.250097 0.241502 0.037094
1610017558.109635 -6.705132 -8.184037  0.083784 0.248090 0.244482 0.037049
1610017558.208635 -6.663658 -8.124404  0.085988 0.245897 0.247642 0.036982
1610017558.307635 -6.626432 -8.083007  0.071572 0.244127 0.250176 0.036928
1610017558.406636 -6.541601 -8.036289  0.052543 0.242495 0.252715 0.036852
1610017558.505636 -6.468598 -7.960409  0.039102 0.240000 0.255480 0.036770
1610017558.604636 -6.391172 -7.889629  0.015710 0.237751 0.257749 0.036694
1610017558.703636 -6.294077 -7.829597  0.029128 0.235319 0.259087 0.036626
1610017558.802637 -6.239900 -7.753936  0.032965 0.232328 0.261187 0.036545
1610017558.901637 -6.171794 -7.681229  0.044312 0.229626 0.262045 0.036473
1610017559.000637 -6.118949 -7.629313  0.058901 0.227041 0.263488 0.036414
1610017559.099637 -6.044976 -7.579082  0.064726 0.224525 0.264497 0.036359
1610017559.198637 -5.971451 -7.523395  0.064304 0.221872 0.264614 0.036283
1610017559.297638 -5.887899 -7.444098  0.063439 0.220645 0.267518 0.036217
1610017559.396638 -5.795466 -7.374433  0.063740 0.217882 0.267785 0.036126
1610017559.495638 -5.678724 -7.320796  0.066046 0.214692 0.267090 0.036045
1610017559.594639 -5.570870 -7.288573  0.074076 0.211529 0.266799 0.035987
1610017559.693639 -5.490854 -7.237426  0.078949 0.208129 0.265180 0.035903
1610017559.792639 -5.407970 -7.168705  0.075937 0.204534 0.263733 0.035831
1610017559.891639 -5.292000 -7.079267  0.079526 0.203051 0.265365 0.035752
1610017559.990639 -5.187666 -6.979337  0.063488 0.200236 0.265661 0.035666
1610017560.122640 -5.030106 -6.890249  0.060251 0.195252 0.262978 0.035555
1610017560.254640 -4.888859 -6.812810  0.086681 0.190442 0.260198 0.035461
1610017560.353640 -4.738551 -6.732961  0.092235 0.186711 0.258798 0.035372
1610017560.452641 -4.567444 -6.634580  0.070379 0.182733 0.256370 0.035282
1610017560.551641 -4.413467 -6.509186  0.052981 0.178341 0.253460 0.035181
1610017560.650641 -4.277718 -6.392147  0.052693 0.173738 0.249893 0.035104
1610017560.749641 -4.147717 -6.279988  0.068435 0.169085 0.245975 0.035017
1610017560.848642 -4.037950 -6.153079  0.076151 0.164827 0.242770 0.034944
1610017560.980642 -3.876465 -6.014227  0.065101 0.158746 0.237694 0.034854
1610017561.112642 -3.701932 -5.881317  0.058790 0.152480 0.231415 0.034780
1610017561.244642 -3.576873 -5.741253  0.055846 0.146055 0.225110 0.034700
1610017561.376643 -3.416004 -5.605327  0.036566 0.140111 0.218412 0.034624
1610017561.508643 -3.246303 -5.445076  0.032854 0.134547 0.211551 0.034518
1610017561.673644 -3.059526 -5.229586  0.031408 0.128851 0.206482 0.034405
1610017561.838644 -2.880982 -4.998598  0.021901 0.121967 0.197340 0.034318
1610017562.003644 -2.711127 -4.717961  0.039137 0.115208 0.189289 0.034227
1610017562.168645 -2.509535 -4.433842  0.052777 0.108770 0.180799 0.034172
1610017562.366645 -2.324471 -4.101125  0.024559 0.100930 0.167706 0.034083
1610017562.564646 -2.254947 -3.795949  0.057729 0.094689 0.156080 0.034019
1610017562.729646 -2.186569 -3.608444  0.074902 0.090693 0.149033 0.033982
1610017562.960647 -2.145773 -3.447266  0.010540 0.085461 0.137613 0.033961
1610017563.191647 -2.352634 -3.298233  0.076701 0.082280 0.130393 0.033948
1610017563.422648 -2.489558 -3.047518  0.063908 0.079013 0.122622 0.033932
1610017563.620648 -2.586870 -2.924225  0.044259 0.076555 0.115562 0.033921
1610017563.818649 -2.855461 -2.629303  0.007488 0.074267 0.109036 0.033950
1610017563.983649 -3.077362 -2.306037  0.034396 0.072859 0.104213 0.033930
1610017564.148650 -3.171642 -2.160307  0.045637 0.071992 0.099483 0.033925
1610017564.280650 -3.297648 -2.030080  0.003950 0.071159 0.094929 0.033939
1610017564.412650 -3.477979 -1.790228  0.023987 0.070732 0.091721 0.033964
1610017564.544651 -3.685130 -1.477903  0.031502 0.070490 0.088935 0.033985
1610017564.676651 -3.835326 -1.238026  0.018493 0.072815 0.087388 0.033993
1610017564.808651 -3.939696 -1.131067  0.002970 0.073007 0.083725 0.034006
1610017564.940651 -4.052801 -0.984145 -0.016957 0.073386 0.080766 0.034028
1610017565.072652 -4.224725 -0.729605  0.010764 0.073814 0.077788 0.034061
1610017565.204652 -4.352766 -0.455460  0.038811 0.074147 0.074871 0.034095
1610017565.336653 -4.414713 -0.272603  0.008654 0.074505 0.071713 0.034112
1610017565.468653 -4.508438 -0.139737 -0.018686 0.076062 0.069258 0.034131
1610017565.600653 -4.631939  0.009723 -0.023251 0.076392 0.067033 0.034159
1610017565.732654 -4.745997  0.069404 -0.000981 0.076912 0.064983 0.034182
1610017565.864654 -4.843257  0.254190  0.020373 0.077499 0.063006 0.034209
1610017565.996654 -4.967485  0.363050  0.035893 0.078012 0.061541 0.034244
1610017566.128654 -5.071625  0.414046  0.030809 0.080815 0.060327 0.034283
1610017566.260655 -5.175200  0.441825  0.017379 0.082786 0.059394 0.034322
1610017566.458655 -5.379021  0.690860  0.074343 0.085229 0.058373 0.034395
1610017566.623656 -5.467568  0.747019  0.047395 0.087155 0.057385 0.034409
1610017566.788656 -5.594712  0.608754  0.049849 0.089253 0.056902 0.034420
1610017566.953657 -5.675258  0.708593  0.035266 0.091745 0.056428 0.034439
1610017567.118657 -5.784241  0.903914  0.016963 0.094006 0.056229 0.034489
1610017567.283657 -5.943972  0.750278  0.035439 0.097085 0.056616 0.034519
1610017567.448658 -6.094449  0.602400  0.042305 0.100137 0.056985 0.034541
1610017567.580658 -6.148661  0.682121  0.002944 0.102758 0.057149 0.034573
1610017567.712658 -6.219094  0.716073 -0.007893 0.105351 0.057372 0.034607
1610017567.877659 -6.361392  0.581639  0.002609 0.108844 0.057948 0.034634
1610017568.042659 -6.491540  0.385472  0.013209 0.112174 0.058520 0.034650
1610017568.174659 -6.569248  0.295632  0.015674 0.114938 0.058770 0.034662
1610017568.306660 -6.663660  0.188901  0.006402 0.117776 0.059169 0.034694
1610017568.438660 -6.747400  0.039780  0.015631 0.120930 0.059620 0.034714
1610017568.570660 -6.802814 -0.132791  0.044492 0.123764 0.060039 0.034777
1610017568.702661 -6.858959 -0.303920  0.031817 0.126802 0.060217 0.034739
1610017568.834661 -6.927632 -0.444718  0.004206 0.129554 0.060357 0.034766
1610017568.966661 -6.998659 -0.551556  0.041020 0.132748 0.060686 0.034776
1610017569.098662 -7.042829 -0.726976  0.063953 0.135760 0.060871 0.034829
1610017569.230662 -7.073461 -0.929440  0.034068 0.138667 0.060835 0.034824
1610017569.362662 -7.118356 -1.172041  0.022199 0.143818 0.061392 0.034858
1610017569.494662 -7.190940 -1.299461  0.049087 0.146635 0.061809 0.034878
1610017569.593663 -7.163421 -1.473004  0.086051 0.148449 0.061632 0.034883
1610017569.692663 -7.138958 -1.705787  0.099707 0.149954 0.061408 0.034854
1610017569.791663 -7.127122 -1.868901  0.031826 0.151634 0.061355 0.034853
1610017569.890663 -7.156520 -1.975919  0.030553 0.152827 0.061465 0.034862
1610017569.989664 -7.217095 -2.171651  0.082213 0.154182 0.061807 0.034911
1610017570.121664 -7.230315 -2.436834  0.096311 0.155772 0.061985 0.034936
1610017570.220664 -7.204725 -2.612034  0.065327 0.156595 0.061946 0.034944
1610017570.319665 -7.172591 -2.787472  0.045554 0.157452 0.061975 0.034945
1610017570.418665 -7.146907 -2.959437  0.039445 0.158257 0.062181 0.034952
1610017570.550665 -7.125311 -3.198397  0.045408 0.158512 0.062514 0.034978
1610017570.649665 -7.102357 -3.387471  0.062995 0.158946 0.062754 0.034980
1610017570.748666 -7.077560 -3.571688  0.069130 0.159517 0.063125 0.034996
1610017570.847666 -7.050057 -3.803535  0.051741 0.159477 0.063547 0.035028
1610017570.946666 -7.032667 -3.987665  0.025110 0.162096 0.064790 0.035092
1610017571.045666 -6.954122 -4.223282  0.051602 0.161971 0.065213 0.035107
1610017571.144667 -6.880864 -4.363210  0.055713 0.161229 0.065687 0.035108
1610017571.243667 -6.798861 -4.496311 -0.012333 0.160344 0.066162 0.035110
1610017571.342667 -6.764141 -4.690091 -0.012050 0.159785 0.066940 0.035149
1610017571.441667 -6.765171 -4.893134  0.053564 0.159319 0.068028 0.035205
1610017571.540668 -6.808139 -4.945389  0.041048 0.158084 0.069244 0.035215
1610017571.639668 -6.789051 -5.000577  0.023568 0.157228 0.070256 0.035222
1610017571.738668 -6.729547 -5.087953  0.012210 0.156677 0.071202 0.035225
1610017571.837668 -6.715256 -5.171092  0.009033 0.155754 0.072336 0.035252
1610017571.936669 -6.669033 -5.323283  0.044923 0.155540 0.073601 0.035277
1610017572.035669 -6.668563 -5.437234  0.085799 0.155207 0.074976 0.035312
1610017572.134669 -6.666734 -5.540592  0.093031 0.154556 0.076336 0.035338
1610017572.233669 -6.666745 -5.621006  0.106332 0.153762 0.077712 0.035360
1610017572.332670 -6.694770 -5.694145  0.100912 0.153345 0.079202 0.035391
1610017572.431670 -6.712899 -5.740355  0.077005 0.152844 0.080742 0.035406
1610017572.530670 -6.720469 -5.802897  0.073993 0.152645 0.082600 0.035430
1610017572.629670 -6.706358 -5.867720  0.069538 0.152449 0.084189 0.035452
1610017572.728670 -6.697368 -5.909620  0.059019 0.152212 0.085821 0.035460
1610017572.827671 -6.721223 -5.954570  0.052633 0.151821 0.087511 0.035471
1610017572.926671 -6.761410 -5.999675  0.062635 0.151765 0.089289 0.035499
1610017573.025671 -6.784241 -6.066856  0.081105 0.151800 0.091043 0.035523
1610017573.124671 -6.786694 -6.126193  0.084916 0.151781 0.092692 0.035545
1610017573.223672 -6.787160 -6.170078  0.076727 0.151458 0.094160 0.035551
1610017573.322672 -6.774693 -6.237065  0.066092 0.151570 0.095997 0.035564
1610017573.421672 -6.791105 -6.299503  0.062356 0.151792 0.097760 0.035586
1610017573.520673 -6.801389 -6.350436  0.071797 0.153012 0.100627 0.035614
1610017573.619673 -6.787631 -6.399510  0.081391 0.153263 0.102479 0.035633
1610017573.718673 -6.764958 -6.411783  0.060209 0.153525 0.104287 0.035651
1610017573.817673 -6.742469 -6.440441  0.053271 0.153710 0.106166 0.035648
1610017573.916673 -6.742362 -6.480929  0.054336 0.154033 0.108057 0.035661
1610017574.015674 -6.756068 -6.531268  0.071699 0.154409 0.110081 0.035685
1610017574.114674 -6.742800 -6.572718  0.086923 0.154721 0.111941 0.035695
1610017574.180674 -6.753843 -6.576844  0.071262 0.155023 0.113250 0.035691
1610017574.246674 -6.737938 -6.596337  0.057286 0.155336 0.114590 0.035686
1610017574.312674 -6.726018 -6.601118  0.039283 0.155609 0.116006 0.035686
1610017574.378675 -6.716511 -6.625232  0.029914 0.156023 0.117306 0.035697
1610017574.444675 -6.696862 -6.640062  0.030954 0.156325 0.118572 0.035694
1610017574.510675 -6.685931 -6.656149  0.038460 0.156616 0.119904 0.035699
1610017574.609675 -6.663608 -6.695195  0.046994 0.157083 0.121901 0.035715
1610017574.708675 -6.666453 -6.723330  0.052464 0.157500 0.123976 0.035716
1610017574.807676 -6.663750 -6.764401  0.071248 0.158027 0.125981 0.035740
1610017574.906676 -6.659794 -6.787553  0.076198 0.158473 0.128019 0.035739
1610017574.972676 -6.670208 -6.776948  0.068120 0.158817 0.129531 0.035752
1610017575.071676 -6.723720 -6.753597  0.056393 0.159228 0.131723 0.035746
1610017575.137676 -6.765851 -6.744670  0.049019 0.159562 0.133274 0.035757
1610017575.236677 -6.775574 -6.760036  0.051429 0.160354 0.135385 0.035762
1610017575.335677 -6.785933 -6.778654  0.054949 0.161158 0.137506 0.035785
1610017575.434677 -6.719626 -6.817181  0.060276 0.162052 0.139453 0.035772
1610017575.500677 -6.727253 -6.826788  0.061308 0.162675 0.140963 0.035787
1610017575.599678 -6.831570 -6.777983  0.037635 0.163327 0.143344 0.035803
1610017575.698678 -6.896417 -6.787041  0.079844 0.164419 0.145766 0.035835
1610017575.797678 -6.913705 -6.846929  0.100537 0.165938 0.147917 0.035882
1610017575.896678 -6.994204 -6.814841 -0.009179 0.166657 0.149982 0.035901
1610017575.995678 -6.960621 -6.840883  0.023441 0.168050 0.151815 0.035907
1610017576.094679 -6.978244 -6.764359  0.020075 0.168951 0.154096 0.035894
1610017576.193679 -6.919393 -6.691004 -0.033439 0.169637 0.155771 0.035826
1610017576.292679 -6.922904 -6.796304  0.035034 0.171570 0.157809 0.035899
1610017576.391680 -7.010071 -6.858117  0.115157 0.173425 0.160368 0.035950
1610017576.490680 -7.057511 -6.870399  0.140897 0.174941 0.162526 0.035985
1610017576.589680 -7.055179 -6.835621  0.085589 0.176134 0.164520 0.035967
1610017576.688680 -6.999283 -6.786895  0.023182 0.177093 0.165994 0.035936
1610017576.787681 -6.977761 -6.761732 -0.017393 0.178172 0.167514 0.035915
1610017576.886681 -6.967367 -6.736902 -0.011108 0.179253 0.169174 0.035894
1610017576.985681 -6.987257 -6.692492  0.017861 0.180268 0.171011 0.035883
1610017577.084681 -6.985764 -6.645114  0.027009 0.181330 0.172382 0.035869
1610017577.183681 -6.935334 -6.633509  0.034274 0.182375 0.173486 0.035826
1610017577.282682 -6.913421 -6.616797  0.041414 0.183306 0.174944 0.035815
1610017577.381682 -6.938739 -6.592776  0.045266 0.184636 0.176554 0.035819
1610017577.480682 -6.955556 -6.592596  0.073318 0.185951 0.177552 0.035813
1610017577.579683 -6.944065 -6.588677  0.096879 0.187094 0.178803 0.035785
1610017577.645683 -6.930735 -6.563061  0.091523 0.187610 0.179532 0.035776
1610017577.711683 -6.925175 -6.542813  0.082447 0.187802 0.179892 0.035752
1610017577.777683 -6.943818 -6.507878  0.066359 0.188250 0.180399 0.035751
1610017577.843683 -6.951511 -6.496425  0.060063 0.188696 0.181082 0.035739
1610017577.909683 -6.958579 -6.495373  0.066905 0.189195 0.181613 0.035738
1610017577.975683 -6.957587 -6.511013  0.081877 0.189775 0.182067 0.035744
1610017578.041683 -6.952494 -6.516449  0.081861 0.190463 0.182590 0.035739
1610017578.107684 -6.953785 -6.512084  0.067886 0.190983 0.182955 0.035736
1610017578.173684 -6.936414 -6.511679  0.062246 0.191497 0.183342 0.035730
1610017578.239684 -6.929872 -6.493250  0.057392 0.192042 0.183779 0.035726
1610017578.305684 -6.922502 -6.472618  0.058258 0.192438 0.184179 0.035718
1610017578.371684 -6.911910 -6.457292  0.051303 0.192980 0.184822 0.035700
1610017578.437685 -6.898911 -6.449169  0.053266 0.193629 0.185377 0.035708
1610017578.536685 -6.912100 -6.449267  0.051958 0.194333 0.186065 0.035710
1610017578.635685 -6.927689 -6.449739  0.064780 0.195516 0.186675 0.035711
1610017578.734685 -6.926090 -6.454389  0.070912 0.196445 0.187120 0.035700
1610017578.833685 -6.918928 -6.431259  0.032978 0.197230 0.187773 0.035695
1610017578.932686 -6.908076 -6.409857  0.005266 0.198431 0.188522 0.035671
1610017579.031686 -6.883199 -6.384102  0.016679 0.199238 0.189047 0.035650
1610017579.130686 -6.852654 -6.366631  0.023871 0.200096 0.189312 0.035670
1610017579.229686 -6.847210 -6.361794  0.023650 0.200931 0.190364 0.035656
1610017579.328686 -6.851187 -6.364056  0.048328 0.201670 0.190847 0.035647
1610017579.427687 -6.871371 -6.349938  0.070315 0.202502 0.191326 0.035636
1610017579.526687 -6.866337 -6.346564  0.058198 0.203375 0.191461 0.035638
1610017579.625688 -6.840384 -6.333935  0.047006 0.204194 0.191898 0.035618
1610017579.724688 -6.809734 -6.313053  0.042477 0.205964 0.192793 0.035590
1610017579.823688 -6.780992 -6.277664  0.032843 0.206748 0.193368 0.035560
1610017579.922688 -6.747656 -6.251300  0.040649 0.209170 0.195040 0.035569
1610017580.021688 -6.737055 -6.243664  0.059367 0.210271 0.195915 0.035544
1610017580.120689 -6.721946 -6.226869  0.063570 0.211212 0.196810 0.035538
1610017580.219689 -6.706326 -6.227426  0.054620 0.212377 0.196932 0.035535
1610017580.318689 -6.667521 -6.203740  0.053900 0.213232 0.197594 0.035512
1610017580.417689 -6.636120 -6.166448  0.045045 0.214080 0.198212 0.035482
1610017580.516690 -6.591173 -6.206664  0.002101 0.214976 0.198555 0.035480
1610017580.615690 -6.569750 -6.166105  0.005459 0.215491 0.198754 0.035456
1610017580.714690 -6.583205 -6.080412  0.044883 0.215905 0.199243 0.035427
1610017580.813690 -6.483396 -6.049298  0.024026 0.216329 0.198992 0.035378
1610017580.912691 -6.448658 -6.020430  0.028656 0.216638 0.199329 0.035352
1610017581.011691 -6.479986 -6.053630  0.076342 0.217283 0.199655 0.035365
1610017581.077691 -6.455927 -6.059638  0.087534 0.217697 0.199588 0.035361
1610017581.143691 -6.423874 -6.061874  0.092020 0.217958 0.199821 0.035346
1610017581.209691 -6.372661 -6.071111  0.074217 0.218693 0.200492 0.035336
1610017581.275692 -6.305784 -6.071197  0.052502 0.218719 0.200309 0.035302
1610017581.374691 -6.237110 -6.063580  0.018886 0.218417 0.200031 0.035271
1610017581.440692 -6.208769 -6.050310  0.020589 0.218438 0.200346 0.035256
1610017581.506692 -6.187575 -6.040749  0.028416 0.218094 0.200037 0.035245
1610017581.572692 -6.160007 -6.039938  0.046326 0.218061 0.200036 0.035234
1610017581.638692 -6.123243 -6.046277  0.058345 0.217690 0.199683 0.035241
1610017581.737693 -6.059722 -6.065755  0.070150 0.217691 0.199821 0.035217
1610017581.836693 -5.994606 -6.092953  0.062216 0.217594 0.199942 0.035214
1610017581.935693 -5.885021 -6.124220  0.061103 0.216553 0.199884 0.035198
1610017582.034693 -5.748074 -6.144427  0.063153 0.215311 0.199084 0.035166
1610017582.133694 -5.613669 -6.124065  0.062744 0.213684 0.198517 0.035113
1610017582.265694 -5.418635 -6.084525  0.047994 0.211182 0.198271 0.035052
1610017582.397694 -5.229544 -6.045487  0.051192 0.207614 0.196616 0.035007
1610017582.529695 -5.036800 -5.990813  0.039401 0.203299 0.194970 0.034936
1610017582.661695 -4.851147 -5.927833  0.021473 0.198507 0.192825 0.034881
1610017582.793695 -4.616247 -5.886959  0.034305 0.194186 0.191112 0.034834
1610017582.925695 -4.384205 -5.893291  0.040260 0.191062 0.191219 0.034769
1610017583.057696 -4.236805 -5.933290  0.030754 0.185956 0.189092 0.034769
1610017583.189696 -4.095439 -6.045135  0.061215 0.181483 0.187221 0.034785
1610017583.321697 -3.899341 -6.152135  0.074303 0.176672 0.185729 0.034772
1610017583.453697 -3.661737 -6.239634  0.050478 0.171210 0.183876 0.034748
1610017583.585697 -3.422013 -6.318804  0.030828 0.164890 0.181179 0.034728
1610017583.684697 -3.269754 -6.368072  0.031809 0.160272 0.180253 0.034711
1610017583.816698 -3.054341 -6.455325  0.038593 0.154351 0.178697 0.034703
1610017583.948698 -2.829937 -6.534599  0.037170 0.148884 0.177563 0.034708
1610017584.080698 -2.586776 -6.594129  0.048303 0.142856 0.175687 0.034690
1610017584.212699 -2.388503 -6.644157  0.048473 0.137504 0.176121 0.034689
1610017584.311699 -2.228663 -6.690223  0.052941 0.133090 0.175080 0.034690
1610017584.410699 -2.050751 -6.736750  0.069162 0.129096 0.174605 0.034714
1610017584.509699 -1.871546 -6.786678  0.072635 0.125051 0.174586 0.034712
1610017584.608700 -1.709800 -6.821755  0.064865 0.121613 0.175823 0.034744
1610017584.707700 -1.546118 -6.844069  0.054071 0.117437 0.174928 0.034744
1610017584.806700 -1.385106 -6.852347  0.064366 0.113502 0.174042 0.034747
1610017584.905700 -1.218465 -6.860587  0.063448 0.109738 0.173565 0.034757
1610017585.004701 -1.031677 -6.875836  0.050553 0.106277 0.173754 0.034767
1610017585.103701 -0.844395 -6.889671  0.036815 0.102855 0.173498 0.034802
1610017585.202701 -0.680342 -6.915609  0.042884 0.099586 0.173012 0.034811
1610017585.301701 -0.571522 -6.932409  0.054681 0.096523 0.172248 0.034803
1610017585.400702 -0.491085 -6.960808  0.050279 0.093779 0.171663 0.034806
1610017585.499702 -0.400718 -6.981621  0.035907 0.091308 0.172427 0.034809
1610017585.598702 -0.285678 -6.987447  0.030409 0.089118 0.172555 0.034818
1610017585.697702 -0.183129 -7.015696  0.046086 0.087088 0.172959 0.034834
1610017585.796702 -0.118813 -7.042511  0.037159 0.085141 0.173157 0.034827
1610017585.895703 -0.057675 -7.078296  0.025926 0.083341 0.173314 0.034840
1610017586.027703  0.027101 -7.139195  0.045079 0.081526 0.173994 0.034866
1610017586.159703  0.060437 -7.175717  0.075711 0.079930 0.174714 0.034871
1610017586.258704  0.095942 -7.173669  0.089626 0.078529 0.175163 0.034863
1610017586.357704  0.113109 -7.201529  0.068494 0.077568 0.175965 0.034872
1610017586.489704  0.157135 -7.313768  0.083229 0.076746 0.177155 0.034895
1610017586.621705  0.221580 -7.362509  0.134345 0.075669 0.178492 0.034909
1610017586.753705  0.247415 -7.337767  0.103874 0.074520 0.179933 0.034884
1610017586.885705  0.267050 -7.276407  0.046074 0.073339 0.181121 0.034830
1610017587.017705  0.309497 -7.265069  0.045933 0.072475 0.182522 0.034811
1610017587.149706  0.326684 -7.298230  0.043479 0.072036 0.183683 0.034794
1610017587.248706  0.326619 -7.347794  0.026597 0.071764 0.184806 0.034812
1610017587.347706  0.367442 -7.352220  0.040663 0.071579 0.185843 0.034798
1610017587.446707  0.387088 -7.345634  0.069596 0.071303 0.186703 0.034791
1610017587.545707  0.351176 -7.377669  0.057935 0.071151 0.187531 0.034779
1610017587.644707  0.361113 -7.430115  0.022819 0.071619 0.191344 0.034809
1610017587.743707  0.354089 -7.564462  0.042900 0.072265 0.193099 0.034865
1610017587.842707  0.419955 -7.716171  0.077377 0.072943 0.195040 0.034986
1610017587.941708  0.393849 -7.776485  0.097794 0.073104 0.196738 0.034976
1610017588.040708  0.389999 -7.752058  0.080467 0.072774 0.198348 0.034949
1610017588.139709  0.388296 -7.732431  0.045770 0.072746 0.200126 0.034902
1610017588.238709  0.399570 -7.765275 -0.015924 0.072659 0.201728 0.034906
1610017588.304709  0.404447 -7.872761  0.025129 0.073312 0.203262 0.034947
1610017588.403709  0.410522 -7.983185  0.090210 0.074037 0.205582 0.034984
1610017588.502709  0.391245 -8.067087  0.111359 0.074483 0.208012 0.035050
1610017588.601710  0.372368 -8.059427  0.072837 0.074475 0.210710 0.035005
1610017588.700710  0.368850 -8.064657  0.011654 0.074533 0.212898 0.034995
1610017588.799710  0.345618 -8.108002 -0.019075 0.074748 0.215037 0.035040
1610017588.898710  0.341656 -8.165656  0.005044 0.075199 0.217534 0.035051
1610017588.997710  0.344015 -8.240230  0.036987 0.075776 0.220191 0.035102
1610017589.063711  0.338240 -8.279249  0.038016 0.076092 0.221914 0.035092
1610017589.162711  0.329388 -8.314361  0.020626 0.076521 0.224727 0.035096
1610017589.261711  0.330335 -8.325657  0.017884 0.076519 0.227087 0.035104
1610017589.360711  0.319376 -8.334103  0.014459 0.076701 0.229534 0.035100
1610017589.459712  0.305611 -8.344138 -0.004328 0.076782 0.231818 0.035130
1610017589.591712  0.298335 -8.377668  0.006937 0.076944 0.234981 0.035149
1610017589.723712  0.284241 -8.423754  0.013456 0.077250 0.238251 0.035117
1610017589.822713  0.269379 -8.433914  0.006798 0.077300 0.240426 0.035131
1610017589.921713  0.267382 -8.443976  0.004386 0.077351 0.242578 0.035108
1610017590.020713  0.264901 -8.464391 -0.008653 0.077608 0.245087 0.035118
1610017590.119713  0.257671 -8.493445 -0.019394 0.077826 0.247237 0.035143
1610017590.218714  0.253987 -8.519656  0.008005 0.078051 0.249504 0.035139
1610017590.317714  0.235277 -8.561176  0.012239 0.078261 0.251756 0.035157
1610017590.416714  0.228878 -8.575876 -0.010373 0.078388 0.253695 0.035148
1610017590.515714  0.221583 -8.602409 -0.008781 0.078821 0.256284 0.035156
1610017590.614714  0.191226 -8.631299 -0.005165 0.078881 0.258248 0.035176
1610017590.713715  0.162184 -8.629167 -0.019188 0.078674 0.260348 0.035161
1610017590.812715  0.141313 -8.649523 -0.013679 0.078861 0.264043 0.035165
1610017590.911715  0.127791 -8.665635 -0.018390 0.078974 0.266342 0.035179
1610017591.010715  0.114483 -8.682375 -0.012044 0.079096 0.268539 0.035180
1610017591.109716  0.106766 -8.688347 -0.003183 0.079172 0.270733 0.035189
1610017591.175716  0.105349 -8.683579 -0.010330 0.078903 0.271720 0.035183
1610017591.274716  0.099210 -8.663867 -0.021129 0.078797 0.273764 0.035172
1610017591.373716  0.097981 -8.629772 -0.020939 0.078621 0.275686 0.035158
1610017591.472717  0.077441 -8.584983 -0.031832 0.078500 0.277353 0.035137
1610017591.571717  0.086297 -8.572425 -0.035509 0.078364 0.278905 0.035126
1610017591.637717  0.062593 -8.550917 -0.040341 0.078180 0.280132 0.035117
1610017591.736717  0.059188 -8.543750 -0.026749 0.078454 0.284036 0.035123
1610017591.835717  0.072618 -8.518422 -0.038269 0.078274 0.285495 0.035126
1610017591.934718 -0.027797 -8.458187 -0.046608 0.077869 0.286866 0.035079
1610017592.033718  0.043759 -8.425934 -0.064201 0.077672 0.288614 0.035051
1610017592.099718 -0.019537 -8.404553 -0.061348 0.077507 0.289412 0.035041
1610017592.165718  0.035473 -8.343983 -0.041192 0.077330 0.291420 0.035018
1610017592.231718  0.014100 -8.282170 -0.024354 0.076814 0.293016 0.034994
1610017592.297719  0.057591 -8.306751  0.020955 0.077113 0.294207 0.035002
1610017592.363719  0.058897 -8.284842 -0.000395 0.077075 0.295316 0.034996
1610017592.429719 -0.011650 -8.285983 -0.013407 0.076969 0.295744 0.034994
1610017592.495719  0.048592 -8.334142  0.033332 0.077443 0.297098 0.035013
1610017592.561719  0.054683 -8.338356  0.049528 0.077566 0.298127 0.035019
1610017592.627719  0.061757 -8.320208  0.032982 0.077341 0.298781 0.035011
1610017592.693720  0.080307 -8.275485 -0.001740 0.077125 0.299942 0.034989
1610017592.759720  0.067788 -8.213294 -0.030709 0.076806 0.300875 0.034961
1610017592.825720  0.057386 -8.185348 -0.055943 0.076773 0.301754 0.034942
1610017592.891720  0.036905 -8.176704 -0.061441 0.076689 0.303456 0.034935
1610017592.957720  0.031167 -8.165701 -0.052132 0.076675 0.304247 0.034935
1610017593.023721  0.040025 -8.158406 -0.025735 0.076742 0.305319 0.034933
1610017593.089720  0.056107 -8.156829 -0.000346 0.076962 0.306554 0.034928
1610017593.155721  0.065313 -8.148659 -0.011166 0.076808 0.307329 0.034922
1610017593.221721  0.090750 -8.121839 -0.023978 0.076686 0.308587 0.034912
1610017593.287721  0.122631 -8.093891 -0.039543 0.076451 0.309165 0.034899
1610017593.353721  0.178480 -8.064503 -0.044540 0.076310 0.310247 0.034897
1610017593.419721  0.236972 -8.041241 -0.036121 0.076372 0.311478 0.034903
1610017593.518722  0.323282 -8.000747 -0.037743 0.076322 0.313352 0.034901
1610017593.584722  0.388093 -7.978086 -0.035600 0.076323 0.314972 0.034899
1610017593.683722  0.426604 -8.044065 -0.089097 0.076862 0.316750 0.034941
1610017593.782722  0.672003 -7.967186 -0.045465 0.076123 0.319091 0.034981
1610017593.914722  0.800729 -7.886325 -0.000848 0.076231 0.322284 0.034944
1610017594.046723  0.841879 -7.699048 -0.134776 0.075089 0.324067 0.034885
1610017594.178723  1.117003 -7.776721 -0.002921 0.076433 0.326472 0.034947
1610017594.310724  1.342769 -7.753886  0.064312 0.076549 0.328753 0.034991
1610017594.442724  1.502156 -7.619576  0.003242 0.075962 0.330111 0.034950
1610017594.574724  1.685364 -7.513772 -0.039807 0.075978 0.331151 0.034940
1610017594.706724  1.910963 -7.455307 -0.024281 0.076464 0.332240 0.034969
1610017594.838725  2.108935 -7.394642  0.018061 0.076457 0.331485 0.034989
1610017594.970725  2.303474 -7.313346  0.014552 0.076713 0.331012 0.035000
1610017595.102725  2.555723 -7.196799 -0.017239 0.077270 0.329386 0.035036
1610017595.234726  2.822141 -7.082877 -0.008585 0.077813 0.327642 0.035061
1610017595.399726  3.072463 -7.063033 -0.022042 0.079236 0.323047 0.035111
1610017595.531727  3.365480 -6.903978 -0.020431 0.080153 0.318965 0.035130
1610017595.663727  3.706592 -6.764311  0.006177 0.081066 0.313969 0.035180
1610017595.795727  3.852590 -6.583938 -0.049371 0.082127 0.306565 0.035163
1610017595.927727  4.134769 -6.470661  0.021709 0.083933 0.299301 0.035221
1610017596.059728  4.439998 -6.292138  0.012807 0.084641 0.288285 0.035249
1610017596.224728  4.786428 -6.100408  0.051671 0.085932 0.277900 0.035301
1610017596.356729  5.035065 -5.863401  0.016914 0.090034 0.273789 0.035387
1610017596.488729  5.285455 -5.638354 -0.017339 0.095185 0.269334 0.035527
1610017596.620729  5.576559 -5.430422 -0.021978 0.098487 0.259519 0.035654
1610017596.719729  5.792162 -5.273732  0.005852 0.100799 0.251862 0.035718
1610017596.818730  5.995616 -5.115285  0.018489 0.103476 0.244102 0.035784
1610017596.917730  6.141638 -4.955481  0.014860 0.105942 0.236165 0.035843
1610017597.016730  6.338517 -4.766012 -0.003759 0.108225 0.228548 0.035907
1610017597.115731  6.535223 -4.556688 -0.008073 0.110698 0.220833 0.035955
1610017597.214731  6.711098 -4.364769 -0.006248 0.113213 0.213037 0.036007
1610017597.313731  6.918201 -4.140475  0.000651 0.115702 0.205816 0.036070
1610017597.412731  7.072704 -3.937551 -0.004203 0.118297 0.198248 0.036128
1610017597.511731  7.245004 -3.707695 -0.020653 0.120580 0.190836 0.036203
1610017597.610732  7.394291 -3.489088 -0.036584 0.123036 0.183628 0.036266
1610017597.709732  7.544769 -3.230833 -0.042979 0.125991 0.176843 0.036350
1610017597.808732  7.683482 -2.985476 -0.035936 0.130817 0.170849 0.036457
1610017597.907732  7.812685 -2.742572 -0.038798 0.133611 0.164751 0.036523
1610017598.006732  7.923747 -2.552308 -0.034383 0.136424 0.158657 0.036581
1610017598.105733  8.042465 -2.328745 -0.022495 0.139109 0.153102 0.036634
1610017598.204733  8.142248 -2.119361 -0.004651 0.141840 0.147712 0.036656
1610017598.303733  8.240382 -1.934129 -0.009466 0.144556 0.142671 0.036684
1610017598.402734  8.316607 -1.791864 -0.010259 0.147135 0.137784 0.036708
1610017598.534734  8.414266 -1.608873  0.005590 0.150760 0.132209 0.036776
1610017598.633734  8.482324 -1.433691  0.007562 0.153724 0.128442 0.036756
1610017598.732734  8.552869 -1.257447 -0.006492 0.156710 0.124992 0.036776
1610017598.831734  8.623756 -1.062523 -0.002026 0.159344 0.121491 0.036794
1610017598.930735  8.693323 -0.861071  0.019602 0.161848 0.118122 0.036823
1610017599.029735  8.740415 -0.682992  0.021670 0.164283 0.114760 0.036815
1610017599.161735  8.827282 -0.519775  0.002395 0.167526 0.111158 0.036828
1610017599.260736  8.897020 -0.400093  0.009431 0.170501 0.108820 0.036880
1610017599.359735  8.945628 -0.313239  0.023041 0.174713 0.106477 0.036925
1610017599.458736  8.998892 -0.258847  0.017444 0.178091 0.104708 0.036938
1610017599.557736  9.022923 -0.200931 -0.001558 0.180965 0.102888 0.036920
1610017599.656737  9.056089 -0.154951 -0.004195 0.183696 0.101226 0.036910
1610017599.722737  9.089809 -0.112932  0.003005 0.186438 0.100531 0.036926
1610017599.788737  9.128580 -0.072908  0.008392 0.188494 0.099764 0.036937
1610017599.854737  9.169154 -0.022786  0.014882 0.190676 0.099080 0.036959
1610017599.920737 9.208561 0.023189 0.015100 0.192858 0.098493 0.036969
1610017599.986737 9.253059 0.071416 0.015185 0.194975 0.097959 0.036989
1610017600.052737 9.290940 0.096439 0.013075 0.197301 0.097514 0.037001
1610017600.118738 9.317532 0.105085 0.007103 0.199379 0.097060 0.036997
1610017600.184738 9.340252 0.127754 0.002721 0.201690 0.096469 0.036999
1610017600.250738  9.359045  0.155203 -0.003297 0.203987 0.096090 0.036994
1610017600.316738  9.380548  0.187684 -0.010787 0.206429 0.095547 0.036993
1610017600.382738  9.409002  0.196128 -0.018151 0.209377 0.095251 0.037011
1610017600.448738  9.440738  0.200097 -0.018967 0.211746 0.095055 0.037025
1610017600.547739  9.494000  0.244322 -0.006489 0.215653 0.094875 0.037054
1610017600.646739  9.551041  0.267753 -0.005569 0.219531 0.094782 0.037059
1610017600.745739  9.582458  0.312711 -0.010007 0.223351 0.094392 0.037071
1610017600.844739  9.588017  0.339251 -0.018209 0.227438 0.093924 0.037047
1610017600.943740  9.620357  0.356141 -0.031205 0.230989 0.093665 0.037033
1610017601.009740  9.635849  0.367900 -0.041260 0.233629 0.093703 0.037043
1610017601.075740  9.631268  0.261662 -0.055672 0.236010 0.093554 0.037014
1610017601.141740  9.646460  0.345036 -0.010139 0.238710 0.093641 0.037028
1610017601.207740 9.674865 0.370871 0.012894 0.241530 0.093827 0.037018
1610017601.273740 9.691738 0.407726 0.020522 0.245434 0.093922 0.037043
1610017601.372741 9.735492 0.372598 0.016588 0.249158 0.094041 0.037050
1610017601.471741 9.785527 0.348908 0.010651 0.253065 0.094235 0.037049
1610017601.570741 9.821818 0.355819 0.001306 0.256993 0.094339 0.037041
1610017601.636741  9.821124  0.363895 -0.010835 0.259298 0.094263 0.037018
1610017601.702742  9.816700  0.360647 -0.025712 0.261744 0.094209 0.036995
1610017601.768742  9.814628  0.366689 -0.033736 0.264596 0.094087 0.036981
1610017601.834742  9.815889  0.360540 -0.038221 0.267511 0.094275 0.036985
1610017601.933742  9.843531  0.350193 -0.036782 0.271796 0.094479 0.036990
1610017601.999742  9.859238  0.357857 -0.027373 0.274268 0.094477 0.036989
1610017602.098742  9.876387  0.356657 -0.025380 0.278494 0.094617 0.036981
1610017602.197743  9.887346  0.373252 -0.020465 0.282204 0.094758 0.036976
1610017602.296743  9.887048  0.373157 -0.027966 0.287736 0.094880 0.036967
1610017602.362743  9.882449  0.356011 -0.035183 0.290202 0.094792 0.036942
1610017602.428743  9.890152  0.362181 -0.024715 0.292932 0.094939 0.036939
1610017602.494743  9.910904  0.352303 -0.020549 0.295550 0.095194 0.036945
1610017602.560744  9.939111  0.330456 -0.023642 0.298519 0.095596 0.036950
1610017602.659744  9.960198  0.337652 -0.011262 0.303063 0.095883 0.036948
1610017602.758744  9.944583  0.345331 -0.010100 0.307012 0.095729 0.036910
1610017602.857744  9.912810  0.316459 -0.045426 0.310749 0.095306 0.036856
1610017602.956744  9.906425  0.350306 -0.042012 0.314661 0.095480 0.036856
1610017603.055745  9.941143  0.325663 -0.043351 0.317740 0.095658 0.036846
1610017603.154745  9.954150  0.349918 -0.017247 0.321345 0.095819 0.036851
1610017603.220745  9.946954  0.354765 -0.014686 0.324263 0.095661 0.036807
1610017603.286745  9.939009  0.340525 -0.028705 0.326153 0.095720 0.036790
1610017603.352746  9.922671  0.336889 -0.035174 0.328024 0.095618 0.036768
1610017603.418746  9.915833  0.348774 -0.038098 0.330451 0.095669 0.036756
1610017603.484746  9.922562  0.340876 -0.034729 0.332150 0.095843 0.036745
1610017603.550746  9.948285  0.349386 -0.029260 0.334056 0.095972 0.036742
1610017603.616746  9.959172  0.341371 -0.020821 0.336248 0.096014 0.036724
1610017603.682746  9.967788  0.366674 -0.013369 0.338926 0.096094 0.036717
1610017603.748746  9.963504  0.345127 -0.016054 0.340821 0.096005 0.036704
1610017603.814747  9.953527  0.338949 -0.025240 0.342606 0.095837 0.036687
1610017603.880747  9.935481  0.350543 -0.041074 0.344715 0.095679 0.036663
1610017603.946747  9.930324  0.367509 -0.049607 0.346747 0.095690 0.036655
1610017604.012747  9.935346  0.367905 -0.051245 0.348661 0.095732 0.036650
1610017604.078747  9.946226  0.368018 -0.040215 0.350528 0.095794 0.036646
1610017604.144747  9.957166  0.384655 -0.028833 0.353899 0.095865 0.036649
1610017604.210748  9.956421  0.375196 -0.019474 0.355892 0.096034 0.036638
1610017604.309748  9.939815  0.384048 -0.016533 0.358817 0.095928 0.036618
1610017604.408748  9.943553  0.394567 -0.027497 0.362009 0.096022 0.036602
1610017604.507748  9.951978  0.382959 -0.027155 0.364926 0.095935 0.036576
1610017604.606749  9.985927  0.415633 -0.013050 0.367678 0.096222 0.036586
1610017604.705749  9.991323  0.393073 -0.036973 0.370603 0.096418 0.036597
1610017604.804749  9.991310  0.418207 -0.040598 0.373814 0.096460 0.036578
1610017604.903749  9.952668  0.402452 -0.044950 0.376302 0.096125 0.036520
1610017605.002749  9.934402  0.408628 -0.075777 0.381351 0.095938 0.036503
1610017605.101750 10.051362  0.486265 -0.083386 0.388864 0.097036 0.036599
1610017605.200750 10.014782  0.522854 -0.051959 0.393189 0.096911 0.036583
1610017605.266750 10.012088  0.383451 -0.052507 0.395800 0.096917 0.036554
1610017605.332750  9.875434  0.364254 -0.019212 0.398531 0.095961 0.036468
1610017605.398751  9.774846  0.386474 -0.110513 0.400530 0.094893 0.036411
1610017605.464751  9.731740  0.504522 -0.134184 0.403223 0.094736 0.036397
1610017605.530751 9.905563 0.474156 0.006346 0.406063 0.096485 0.036494
1610017605.629751 10.038809  0.420216  0.101810 0.410363 0.097773 0.036548
1610017605.728751 10.039960  0.428605  0.081908 0.413923 0.097679 0.036528
1610017605.827751  9.970206  0.488983 -0.025733 0.417866 0.096748 0.036477
1610017605.926752  9.904944  0.538454 -0.083688 0.421406 0.095897 0.036416
1610017605.992752  9.894228  0.537214 -0.089074 0.423788 0.096034 0.036400
1610017606.058752  9.897752  0.510869 -0.076823 0.426595 0.096316 0.036407
1610017606.124752  9.922176  0.486776 -0.039879 0.428834 0.096540 0.036424
1610017606.190753  9.958109  0.495330 -0.024039 0.430532 0.096776 0.036426
1610017606.289752 9.945862 0.483230 0.002520 0.433413 0.096573 0.036412
1610017606.355753  9.952864  0.492998 -0.004880 0.436034 0.096713 0.036411
1610017606.454753  9.924984  0.522192 -0.034097 0.438800 0.096382 0.036377
1610017606.520753  9.921476  0.522981 -0.044381 0.441007 0.096147 0.036361
1610017606.586753  9.917766  0.522812 -0.050153 0.443144 0.096237 0.036351
1610017606.652754  9.921087  0.530002 -0.049253 0.445307 0.096345 0.036355
1610017606.718754  9.937244  0.533651 -0.043267 0.447741 0.096494 0.036350
1610017606.784754  9.940853  0.517607 -0.041619 0.449520 0.096492 0.036357
1610017606.850754  9.933892  0.527415 -0.029233 0.451573 0.096416 0.036340
1610017606.916754  9.916520  0.530290 -0.031898 0.456484 0.096196 0.036322
1610017606.982754  9.899211  0.523916 -0.041820 0.457987 0.096054 0.036295
1610017607.048754  9.879952  0.506139 -0.056441 0.459352 0.095857 0.036279
1610017607.114755  9.881912  0.506272 -0.050443 0.461291 0.095925 0.036281
1610017607.180755  9.882830  0.502193 -0.044159 0.462780 0.095888 0.036270
1610017607.246755  9.887188  0.495823 -0.033339 0.463750 0.095831 0.036256
1610017607.312755  9.898129  0.491317 -0.021056 0.465597 0.095984 0.036254
1610017607.378755  9.889366  0.491683 -0.015108 0.467708 0.096040 0.036245
1610017607.444756  9.879447  0.478703 -0.018165 0.468134 0.095693 0.036218
1610017607.510756  9.872985  0.474430 -0.019836 0.468909 0.095511 0.036206
1610017607.576756  9.866043  0.471227 -0.021752 0.470946 0.095702 0.036201
1610017607.642756  9.879065  0.495470 -0.038218 0.472681 0.095958 0.036201
1610017607.708756  9.900611  0.457973 -0.043857 0.473904 0.096066 0.036192
1610017607.774756  9.877932  0.421208 -0.031876 0.476864 0.095909 0.036180
1610017607.840756  9.865012  0.410120 -0.022988 0.478281 0.095797 0.036166
1610017607.906757  9.832759  0.413860 -0.042255 0.479491 0.095443 0.036147
1610017607.972757  9.824863  0.445059 -0.046515 0.480920 0.095465 0.036136
1610017608.038757  9.808466  0.434754 -0.046724 0.481727 0.095225 0.036116
1610017608.104757  9.807853  0.440691 -0.039265 0.483000 0.095220 0.036114
1610017608.170757  9.806114  0.431076 -0.036202 0.484362 0.095286 0.036115
1610017608.236758  9.810695  0.419918 -0.034708 0.485562 0.095362 0.036106
1610017608.302758  9.798862  0.432456 -0.031190 0.486904 0.095294 0.036088
1610017608.368758  9.792099  0.420506 -0.039718 0.488457 0.095259 0.036079
1610017608.434758  9.777528  0.420409 -0.045203 0.489958 0.095186 0.036074
1610017608.500758  9.760267  0.425208 -0.041308 0.493914 0.095254 0.036067
1610017608.566758  9.744769  0.423436 -0.036546 0.497132 0.095046 0.036056
1610017608.632758  9.728483  0.409598 -0.029164 0.499090 0.094952 0.036049
1610017608.698759  9.730440  0.398503 -0.030100 0.500683 0.095030 0.036047
1610017608.764759  9.727433  0.408900 -0.011312 0.502797 0.095092 0.036040
1610017608.863759 9.721467 0.393336 0.006177 0.506209 0.095118 0.036041
1610017608.962759  9.724134  0.392026 -0.002139 0.510125 0.095177 0.036031
1610017609.061759  9.721726  0.383761 -0.006745 0.512364 0.094865 0.035993
1610017609.160760  9.709692  0.383736 -0.011788 0.514336 0.094590 0.035972
1610017609.259760  9.686750  0.373563 -0.010090 0.517082 0.094217 0.035934
1610017609.358760  9.653940  0.352199 -0.007925 0.520804 0.094507 0.035933
1610017609.457761 9.648985 0.350277 0.011410 0.522574 0.094416 0.035909
1610017609.523761 9.661080 0.347052 0.018611 0.526120 0.094623 0.035898
1610017609.622761 9.694761 0.337898 0.025796 0.529550 0.095024 0.035925
1610017609.721761 9.710854 0.334518 0.034137 0.536588 0.095181 0.035921
1610017609.787761 9.713916 0.346179 0.036620 0.538539 0.095048 0.035923
1610017609.853761 9.719290 0.322769 0.019502 0.541972 0.095113 0.035910
1610017609.919761 9.712385 0.319752 0.020200 0.544419 0.095120 0.035901
1610017609.985762 9.727778 0.309035 0.012911 0.546737 0.095122 0.035906
1610017610.051762 9.745507 0.328337 0.016495 0.549400 0.095303 0.035903
1610017610.117762 9.780873 0.325189 0.027723 0.551821 0.095558 0.035914
1610017610.183762 9.789419 0.318586 0.041533 0.556332 0.095653 0.035927
1610017610.249762 9.800020 0.307325 0.046878 0.558754 0.095726 0.035930
1610017610.315763 9.798578 0.305443 0.043677 0.561085 0.095568 0.035909
1610017610.381763 9.809950 0.317637 0.035578 0.563975 0.095704 0.035907
1610017610.447763 9.810072 0.332610 0.031192 0.566978 0.095688 0.035898
1610017610.513763 9.824384 0.319541 0.039905 0.569563 0.095909 0.035907
1610017610.579763 9.837135 0.332413 0.050751 0.572245 0.095937 0.035909
1610017610.678764 9.854905 0.349513 0.059204 0.577324 0.096155 0.035927
1610017610.744764 9.878809 0.346746 0.063061 0.579903 0.096329 0.035932
1610017610.843764 9.895696 0.352946 0.065055 0.584264 0.096466 0.035925
1610017610.909764 9.904416 0.358163 0.063127 0.587202 0.096371 0.035916
1610017610.975764 9.904219 0.355363 0.062036 0.589640 0.096426 0.035910
1610017611.041764 9.911564 0.366214 0.051552 0.592403 0.096556 0.035915
1610017611.140764 9.915824 0.364637 0.051897 0.596310 0.096550 0.035902
1610017611.239765 9.927929 0.363953 0.063290 0.599875 0.096628 0.035922
1610017611.338765 9.917221 0.383789 0.078921 0.603746 0.096571 0.035907
1610017611.437765 9.924331 0.381057 0.067528 0.607520 0.096672 0.035891
1610017611.536765 9.917030 0.401443 0.069507 0.610784 0.096468 0.035899
1610017611.635766 9.922339 0.430250 0.073411 0.617643 0.096522 0.035880
1610017611.734766 9.928888 0.418970 0.067366 0.623226 0.096450 0.035858
1610017611.833766 9.924643 0.427067 0.072054 0.627290 0.096549 0.035869
1610017611.932766 9.934535 0.436276 0.060264 0.630980 0.096587 0.035855
1610017612.031767 9.923631 0.432908 0.061381 0.634947 0.096645 0.035850
1610017612.130767 9.918199 0.417313 0.059687 0.638318 0.096603 0.035838
1610017612.229767 9.910454 0.442480 0.060662 0.641248 0.096511 0.035809
1610017612.328768 9.906611 0.443412 0.067535 0.645131 0.096341 0.035789
1610017612.427768 9.915332 0.434307 0.074129 0.647449 0.096375 0.035785
1610017612.493768 9.914422 0.454817 0.076962 0.649436 0.096415 0.035768
1610017612.592768 9.905289 0.462248 0.075813 0.651266 0.096161 0.035763
1610017612.658768 9.903672 0.461458 0.078409 0.652580 0.096052 0.035733
1610017612.724768 9.894189 0.472953 0.072772 0.655361 0.095945 0.035703
1610017612.790769 9.893349 0.459207 0.065835 0.657077 0.095784 0.035690
1610017612.856769 9.896684 0.450765 0.055342 0.658906 0.096008 0.035705
1610017612.922769 9.900730 0.454823 0.061990 0.660221 0.096087 0.035711
1610017612.988769 9.888005 0.464872 0.066738 0.662271 0.095976 0.035689
1610017613.054769 9.882971 0.446470 0.065635 0.664036 0.095900 0.035675
1610017613.120770 9.872888 0.448093 0.056349 0.665393 0.095845 0.035663
1610017613.186769 9.861368 0.432178 0.055194 0.666410 0.095677 0.035651
1610017613.252770 9.867180 0.424977 0.060302 0.667668 0.095684 0.035657
1610017613.318770 9.873538 0.410290 0.051976 0.670595 0.095714 0.035647
1610017613.384770 9.875387 0.426858 0.062850 0.671761 0.095784 0.035646
1610017613.450770 9.866035 0.426367 0.063515 0.673385 0.095795 0.035631
1610017613.516770 9.851938 0.417153 0.069445 0.673869 0.095480 0.035620
1610017613.582770 9.841661 0.410654 0.067169 0.674928 0.095415 0.035623
1610017613.648771 9.830006 0.411915 0.062347 0.675595 0.095307 0.035605
1610017613.714771 9.829408 0.400189 0.062678 0.675885 0.095284 0.035584
1610017613.780771 9.836448 0.392534 0.063966 0.676673 0.095326 0.035582
1610017613.846771 9.839792 0.392845 0.078204 0.677512 0.095383 0.035581
1610017613.912771 9.842961 0.392482 0.082062 0.677675 0.095313 0.035573
1610017613.978771 9.839999 0.375355 0.075805 0.678254 0.095315 0.035559
1610017614.044772 9.833105 0.374975 0.069218 0.679120 0.095158 0.035550
1610017614.110772 9.814915 0.381934 0.061312 0.679841 0.095024 0.035548
1610017614.176772 9.808251 0.371352 0.063156 0.680280 0.094930 0.035527
1610017614.242772 9.798557 0.357311 0.057881 0.682507 0.094777 0.035510
1610017614.308772 9.796371 0.363740 0.061110 0.682641 0.094822 0.035495
1610017614.374773 9.796906 0.358490 0.065535 0.683280 0.094881 0.035494
1610017614.440773 9.804265 0.356081 0.064778 0.684034 0.094984 0.035498
1610017614.506773 9.806927 0.352970 0.073887 0.684586 0.094995 0.035508
1610017614.572773 9.808515 0.369749 0.076871 0.685237 0.094994 0.035502
1610017614.638773 9.801974 0.379299 0.068728 0.686013 0.094910 0.035490
1610017614.704773 9.783252 0.389461 0.059826 0.686519 0.094635 0.035464
1610017614.770773 9.772507 0.401748 0.061529 0.686443 0.094593 0.035456
1610017614.836774 9.767357 0.403454 0.051945 0.686412 0.094494 0.035455
1610017614.902774 9.766180 0.398497 0.045792 0.685957 0.094545 0.035441
1610017614.968774 9.765250 0.398757 0.056559 0.685345 0.094448 0.035441
1610017615.034774 9.766120 0.416322 0.063863 0.685486 0.094560 0.035447
1610017615.100774 9.765085 0.414883 0.071004 0.685271 0.094526 0.035422
1610017615.166775 9.755409 0.409743 0.066851 0.684348 0.094338 0.035402
1610017615.232775 9.756037 0.411479 0.062357 0.684142 0.094374 0.035397
1610017615.298775 9.747679 0.426885 0.064000 0.682808 0.094230 0.035384
1610017615.364775 9.750371 0.440678 0.060765 0.682594 0.094249 0.035383
1610017615.430775 9.750670 0.444464 0.068446 0.685969 0.094320 0.035390
1610017615.496775 9.775931 0.449180 0.054902 0.686843 0.094763 0.035401
1610017615.562775 9.756606 0.453505 0.067277 0.687675 0.094527 0.035399
1610017615.628775 9.742992 0.454916 0.063365 0.687835 0.094293 0.035375
1610017615.694776 9.734647 0.468276 0.074666 0.687562 0.094242 0.035348
1610017615.760776 9.719139 0.483077 0.035745 0.688978 0.094101 0.035334
1610017615.826776 9.723678 0.458876 0.043551 0.689467 0.094353 0.035361
1610017615.892776 9.745604 0.463353 0.076242 0.690241 0.094675 0.035373
1610017615.991776 9.745453 0.493412 0.089796 0.691111 0.094789 0.035367
1610017616.090777 9.735038 0.461258 0.067615 0.691452 0.094642 0.035361
1610017616.189777 9.718390 0.456487 0.059219 0.692061 0.094420 0.035344
1610017616.288777 9.720872 0.446006 0.052432 0.692035 0.094423 0.035336
1610017616.354777 9.729456 0.445209 0.059199 0.692015 0.094555 0.035327
1610017616.453778 9.734982 0.451261 0.064312 0.691629 0.094475 0.035327
1610017616.552778 9.733558 0.434458 0.052936 0.691645 0.094629 0.035325
1610017616.651778 9.732222 0.429626 0.052441 0.692008 0.094631 0.035318
1610017616.750778 9.714988 0.417881 0.045919 0.691715 0.094396 0.035299
1610017616.849778 9.704723 0.426693 0.046928 0.690843 0.094125 0.035254
1610017616.915779 9.708352 0.423228 0.046262 0.691059 0.094248 0.035268
1610017616.981779 9.712464 0.401242 0.049927 0.691157 0.094360 0.035268
1610017617.047779 9.718548 0.400599 0.057359 0.689729 0.094246 0.035259
1610017617.113779 9.727233 0.409962 0.069158 0.694188 0.094426 0.035263
1610017617.212780 9.716184 0.414309 0.070025 0.695476 0.094572 0.035262
1610017617.278780 9.705117 0.401449 0.068279 0.694794 0.094311 0.035257
1610017617.344780 9.705429 0.405386 0.056766 0.700456 0.094388 0.035255
1610017617.443780 9.688747 0.378451 0.051586 0.700548 0.094232 0.035247
1610017617.542780 9.671793 0.369760 0.072578 0.700866 0.094211 0.035238
1610017617.641780 9.651055 0.377800 0.066221 0.700602 0.093946 0.035239
1610017617.707781 9.633162 0.387707 0.066076 0.699874 0.093717 0.035209
1610017617.773781 9.627994 0.375332 0.071615 0.700463 0.093803 0.035197
1610017617.839781 9.620660 0.367084 0.076039 0.701098 0.093648 0.035187
1610017617.905781 9.599164 0.358334 0.070871 0.700818 0.093553 0.035193
1610017617.971781 9.581270 0.373153 0.063417 0.700757 0.093402 0.035183
1610017618.037781 9.568302 0.385745 0.063122 0.700565 0.093316 0.035170
1610017618.103782 9.543786 0.406799 0.060199 0.699618 0.093036 0.035161
1610017618.202782 9.522593 0.391319 0.053706 0.698734 0.092810 0.035150
1610017618.301782 9.513042 0.397903 0.055250 0.697999 0.092749 0.035142
1610017618.400782 9.504873 0.381149 0.060437 0.700055 0.092691 0.035136
1610017618.466783 9.501149 0.374116 0.068388 0.702999 0.092714 0.035137
1610017618.532783 9.500395 0.390924 0.068197 0.703509 0.092813 0.035116
1610017618.598783 9.504431 0.408275 0.060369 0.703926 0.092879 0.035112
1610017618.664783 9.518507 0.397910 0.053619 0.704393 0.093208 0.035127
1610017618.730783 9.531599 0.394095 0.052916 0.704613 0.093336 0.035139
1610017618.796783 9.541783 0.402098 0.053714 0.704916 0.093428 0.035128
1610017618.862783 9.544306 0.402408 0.054362 0.705802 0.093426 0.035130
1610017618.928784 9.533262 0.397300 0.045335 0.706779 0.093340 0.035123
1610017618.994784 9.528320 0.405231 0.042459 0.708327 0.093436 0.035126
1610017619.060784 9.513866 0.411060 0.031497 0.709771 0.093247 0.035126
1610017619.126784 9.515238 0.409494 0.027676 0.711634 0.093211 0.035125
1610017619.192784 9.521649 0.400741 0.039145 0.714337 0.093632 0.035133
1610017619.258785 9.528458 0.403833 0.048648 0.716433 0.093770 0.035142
1610017619.324785 9.533173 0.390383 0.054234 0.717982 0.093674 0.035136
1610017619.390785 9.546672 0.380996 0.055692 0.720701 0.093973 0.035148
1610017619.456785 9.547208 0.388327 0.059716 0.722321 0.093966 0.035140
1610017619.522785 9.538656 0.388493 0.059090 0.724187 0.093854 0.035136
1610017619.588785 9.532632 0.385537 0.052876 0.726042 0.093937 0.035149
1610017619.654786 9.519369 0.376983 0.053115 0.727684 0.093885 0.035137
1610017619.720786 9.517001 0.371965 0.056249 0.729614 0.093802 0.035133
1610017619.786786 9.512301 0.395557 0.064761 0.731959 0.093977 0.035138
1610017619.885786 9.544120 0.355330 0.064096 0.734630 0.094359 0.035157
1610017619.984786 9.544621 0.358220 0.083692 0.736998 0.094276 0.035141
1610017620.050786 9.543128 0.374630 0.092027 0.738294 0.094157 0.035125
1610017620.116787 9.526617 0.339941 0.083726 0.740403 0.093996 0.035129
1610017620.182787 9.515784 0.358482 0.067655 0.742186 0.094134 0.035121
1610017620.281787 9.511440 0.341926 0.072929 0.745383 0.094055 0.035125
1610017620.347787 9.509742 0.327296 0.077838 0.746492 0.093949 0.035130
1610017620.413787 9.506988 0.342978 0.083625 0.748266 0.093971 0.035132
1610017620.479788 9.503566 0.324601 0.076513 0.750125 0.093917 0.035109
1610017620.545788 9.490322 0.321329 0.060689 0.751525 0.093821 0.035104
1610017620.611788 9.481524 0.319633 0.058487 0.752514 0.093702 0.035109
1610017620.677788 9.473128 0.334180 0.051324 0.753813 0.093607 0.035105
1610017620.743788 9.456503 0.318405 0.047469 0.754596 0.093471 0.035091
1610017620.809788 9.443679 0.305816 0.042448 0.755151 0.093287 0.035077
1610017620.875788 9.439550 0.315096 0.046703 0.756690 0.093266 0.035080
1610017620.941789 9.432716 0.316248 0.047760 0.757652 0.093157 0.035075
1610017621.007789 9.451934 0.282937 0.033357 0.758476 0.093383 0.035082
1610017621.073789 9.436897 0.312629 0.045464 0.759538 0.093194 0.035103
1610017621.139789 9.442657 0.247689 0.043825 0.759841 0.093356 0.035097
1610017621.205789 9.416420 0.302210 0.057936 0.763209 0.093187 0.035078
1610017621.271790 9.382809 0.321415 0.063714 0.763981 0.092978 0.035064
1610017621.337790 9.337166 0.299501 0.021494 0.763426 0.092365 0.035053
1610017621.403790 9.343258 0.297437 0.040544 0.763952 0.092529 0.035049
1610017621.469790 9.381819 0.337933 0.090527 0.764442 0.092976 0.035061
1610017621.535790 9.402744 0.318572 0.099818 0.764858 0.093130 0.035064
1610017621.601790 9.420497 0.318386 0.108291 0.766457 0.093313 0.035076
1610017621.667790 9.416978 0.301703 0.099949 0.767364 0.093337 0.035070
1610017621.733791 9.409086 0.296379 0.079038 0.768446 0.093354 0.035075
1610017621.799791 9.396775 0.295505 0.058106 0.768816 0.093109 0.035063
1610017621.865791 9.380288 0.290926 0.041306 0.769379 0.092991 0.035051
1610017621.931791 9.369396 0.276826 0.036086 0.769828 0.092910 0.035074
1610017621.997791 9.372286 0.282355 0.040479 0.770043 0.092949 0.035046
1610017622.063791 9.378152 0.306505 0.065156 0.771005 0.093210 0.035054
1610017622.129791 9.383768 0.310020 0.073370 0.771813 0.093215 0.035069
1610017622.195792 9.407019 0.308057 0.079106 0.772475 0.093351 0.035081
1610017622.294792 9.433018 0.312557 0.091339 0.773653 0.093728 0.035099
1610017622.360792 9.442416 0.296744 0.097195 0.774600 0.093808 0.035104
1610017622.459792 9.443342 0.279549 0.069657 0.775781 0.093768 0.035111
1610017622.558793 9.446892 0.290458 0.055426 0.776857 0.093632 0.035125
1610017622.657793 9.458979 0.282994 0.042379 0.778328 0.093912 0.035129
1610017622.756793 9.464269 0.282074 0.047462 0.779799 0.094023 0.035126
1610017622.855793 9.457547 0.272859 0.047725 0.781297 0.094074 0.035116
1610017622.954793 9.455872 0.259580 0.039153 0.781691 0.093863 0.035121
1610017623.053794 9.500253 0.278960 0.026155 0.782779 0.094182 0.035131
1610017623.152794 9.524805 0.288817 0.032001 0.784573 0.094500 0.035139
1610017623.251794 9.529215 0.290553 0.048206 0.787423 0.094458 0.035146
1610017623.317795 9.498431 0.294032 0.025299 0.788517 0.094294 0.035132
1610017623.416795 9.475454 0.291332 0.010804 0.794258 0.094052 0.035130
1610017623.482795 9.495927 0.297204 0.018820 0.796333 0.094471 0.035145
1610017623.581795 9.544766 0.284190 0.037724 0.798381 0.094991 0.035169
1610017623.680795 9.584871 0.297139 0.062474 0.801188 0.095379 0.035188
1610017623.779795 9.577703 0.302380 0.054316 0.804181 0.095189 0.035197
1610017623.878796 9.569639 0.303027 0.015545 0.806270 0.095041 0.035185
1610017623.977796  9.558906  0.335452 -0.001553 0.807983 0.094756 0.035184
1610017624.076797  9.575572  0.346937 -0.004834 0.810096 0.094717 0.035177
1610017624.175797 9.580582 0.360378 0.004926 0.813142 0.095011 0.035195
1610017624.274797 9.572640 0.361462 0.010162 0.816216 0.095008 0.035194
1610017624.340797 9.567682 0.360315 0.011693 0.818324 0.095077 0.035186
1610017624.439797  9.602151  0.404913 -0.009741 0.821048 0.095361 0.035208
1610017624.538797  9.667727  0.383929 -0.042233 0.823387 0.095913 0.035256
1610017624.604798  9.613418  0.451728 -0.008492 0.825910 0.095383 0.035235
1610017624.670798  9.619063  0.434092 -0.005988 0.827941 0.095594 0.035229
1610017624.736798  9.552851  0.429433 -0.061477 0.829294 0.094849 0.035224
1610017624.802798  9.533611  0.426855 -0.057706 0.830152 0.094744 0.035212
1610017624.868798  9.498648  0.504185 -0.064789 0.831050 0.094286 0.035210
1610017624.934798 9.571870 0.487898 0.002969 0.831916 0.095167 0.035255
1610017625.000798 9.628262 0.468853 0.040938 0.833328 0.095841 0.035282
1610017625.066799 9.643233 0.479589 0.051420 0.834435 0.095971 0.035273
1610017625.132799 9.647653 0.489416 0.032493 0.835866 0.096024 0.035286
1610017625.198799 9.636293 0.478724 0.003451 0.838149 0.095815 0.035300
1610017625.264799  9.608178  0.475945 -0.030814 0.839556 0.095467 0.035273
1610017625.330799  9.586624  0.497976 -0.050712 0.840171 0.095293 0.035261
1610017625.396800  9.580136  0.511114 -0.068347 0.841054 0.095115 0.035267
1610017625.495800  9.602413  0.503889 -0.061838 0.844252 0.095331 0.035289
1610017625.594800  9.620527  0.525693 -0.033188 0.845951 0.095684 0.035316
1610017625.693800  9.645091  0.514245 -0.031527 0.847977 0.095868 0.035333
1610017625.792800  9.626227  0.510551 -0.044402 0.850607 0.095716 0.035315
1610017625.891801  9.617214  0.525117 -0.070003 0.852503 0.095543 0.035337
1610017625.990801  9.641213  0.528571 -0.086269 0.853501 0.095739 0.035335
1610017626.089801  9.646937  0.527884 -0.036082 0.856126 0.095784 0.035340
1610017626.188802  9.621597  0.516499 -0.056893 0.857371 0.095464 0.035327
1610017626.287802  9.625553  0.564577 -0.053240 0.859296 0.095546 0.035329
1610017626.353802  9.629554  0.527306 -0.048495 0.861161 0.095481 0.035348
1610017626.419802  9.663887  0.514891 -0.029535 0.862865 0.095997 0.035353
1610017626.485802  9.673934  0.535551 -0.018318 0.864642 0.096365 0.035381
1610017626.551802  9.668113  0.541096 -0.019852 0.866300 0.096424 0.035363
1610017626.617802  9.672753  0.535135 -0.030658 0.868369 0.096442 0.035369
1610017626.683803  9.667206  0.537767 -0.038378 0.869731 0.096363 0.035375
1610017626.782803  9.660659  0.545488 -0.042252 0.871866 0.096418 0.035385
1610017626.848803  9.661952  0.539717 -0.041442 0.874593 0.096444 0.035391
1610017626.914804  9.647592  0.542962 -0.043904 0.875989 0.096340 0.035393
1610017627.013803  9.617116  0.540938 -0.035448 0.877830 0.096119 0.035379
1610017627.079804  9.597674  0.523404 -0.037281 0.878286 0.095954 0.035358
1610017627.145804  9.582449  0.520908 -0.039611 0.879031 0.095771 0.035344
1610017627.211804  9.571049  0.542359 -0.023817 0.880265 0.095804 0.035355
1610017627.277804  9.568507  0.530457 -0.009861 0.881209 0.095741 0.035362
1610017627.343804 9.576903 0.522918 0.000026 0.881764 0.095905 0.035356
1610017627.409805  9.576070  0.522685 -0.004163 0.881787 0.095875 0.035354
1610017627.475805  9.569831  0.519074 -0.021032 0.882046 0.095644 0.035336
1610017627.574805  9.535155  0.494625 -0.029870 0.885614 0.095441 0.035333
1610017627.640805  9.497505  0.500049 -0.035391 0.885642 0.095156 0.035326
1610017627.706805  9.462230  0.490737 -0.054953 0.884873 0.094803 0.035286
1610017627.772805  9.437621  0.485121 -0.069321 0.884231 0.094723 0.035284
1610017627.838805  9.432351  0.474671 -0.062507 0.885272 0.094619 0.035282
1610017627.904806  9.427033  0.477664 -0.042393 0.885047 0.094581 0.035281
1610017627.970806  9.434904  0.459979 -0.023521 0.885194 0.094855 0.035281
1610017628.036806  9.423108  0.456261 -0.016502 0.885003 0.094774 0.035268
1610017628.135806  9.404724  0.447333 -0.023636 0.884241 0.094387 0.035261
1610017628.201807  9.395172  0.449747 -0.023985 0.885093 0.094523 0.035242
1610017628.267807  9.378159  0.410723 -0.029560 0.885415 0.094450 0.035244
1610017628.333807  9.387126  0.414824 -0.028016 0.885218 0.094412 0.035222
1610017628.399807  9.396109  0.416719 -0.026921 0.884619 0.094495 0.035221
1610017628.465807  9.417425  0.412865 -0.027778 0.885825 0.094697 0.035221
1610017628.531807  9.434843  0.417922 -0.026932 0.887023 0.094924 0.035245
1610017628.597807  9.442792  0.422424 -0.022446 0.888118 0.095060 0.035256
1610017628.663807  9.429315  0.404036 -0.034383 0.889167 0.094889 0.035268
1610017628.729808  9.406133  0.398714 -0.043989 0.889701 0.094677 0.035253
1610017628.795808  9.378176  0.383749 -0.056338 0.889534 0.094420 0.035244
1610017628.861808  9.377093  0.391875 -0.069420 0.888742 0.094290 0.035232
1610017628.927808  9.389726  0.386397 -0.064077 0.889179 0.094455 0.035233
1610017628.993808  9.404998  0.386017 -0.049774 0.888705 0.094587 0.035248
1610017629.059808  9.431154  0.387660 -0.024610 0.889139 0.094908 0.035255
1610017629.125809  9.439328  0.387471 -0.018856 0.894316 0.095005 0.035263
1610017629.224809  9.430694  0.388261 -0.027386 0.895840 0.095061 0.035254
1610017629.290809  9.426809  0.384597 -0.035115 0.896374 0.094960 0.035254
1610017629.356809  9.416670  0.380087 -0.046472 0.896935 0.094743 0.035256
1610017629.422810  9.423843  0.378437 -0.058358 0.897808 0.094751 0.035266
1610017629.488810  9.429562  0.364664 -0.062565 0.899085 0.095006 0.035270
1610017629.554810  9.434064  0.381701 -0.048993 0.899992 0.095051 0.035261
1610017629.620810  9.437410  0.370150 -0.035263 0.900712 0.095004 0.035266
1610017629.686810  9.435037  0.364358 -0.036335 0.901821 0.095055 0.035258
1610017629.752810  9.428212  0.362553 -0.035205 0.902639 0.095014 0.035256
1610017629.818810  9.418673  0.378295 -0.039641 0.903978 0.094889 0.035257
1610017629.884811  9.432271  0.368140 -0.040053 0.904889 0.094971 0.035268
1610017629.950811  9.430660  0.370134 -0.036611 0.905938 0.094995 0.035265
1610017630.016811  9.435913  0.378810 -0.024516 0.906805 0.095042 0.035277
1610017630.082811  9.427731  0.395821 -0.022345 0.908324 0.095135 0.035272
1610017630.148811  9.415082  0.385694 -0.019685 0.909724 0.094941 0.035268
1610017630.247812  9.397687  0.386844 -0.031062 0.910719 0.094720 0.035259
1610017630.346812  9.374593  0.362043 -0.042941 0.911472 0.094375 0.035256
1610017630.445812  9.358291  0.345787 -0.039325 0.912194 0.094349 0.035240
1610017630.544812  9.325387  0.336558 -0.046894 0.912184 0.093980 0.035213
1610017630.643812  9.285863  0.317958 -0.053578 0.912310 0.093530 0.035201
1610017630.709813  9.259860  0.314710 -0.043464 0.911569 0.093277 0.035179
1610017630.775813  9.237084  0.290816 -0.041908 0.911530 0.093129 0.035173
1610017630.841813  9.231241  0.281880 -0.055177 0.910680 0.092977 0.035165
1610017630.907813  9.225120  0.290325 -0.057726 0.910559 0.092934 0.035162
1610017630.973813  9.221958  0.277128 -0.037492 0.909968 0.092899 0.035169
1610017631.039813  9.193157  0.281003 -0.027006 0.909749 0.092739 0.035149
1610017631.105814  9.170576  0.272185 -0.020852 0.908560 0.092517 0.035141
1610017631.171814  9.107116  0.302099 -0.063828 0.906465 0.091715 0.035118
1610017631.237814  9.115196  0.282065 -0.050684 0.906284 0.091839 0.035116
1610017631.303814  9.105949  0.278112 -0.042564 0.906270 0.091904 0.035125
1610017631.369814  9.104058  0.262840 -0.033831 0.907666 0.091832 0.035118
1610017631.435814  9.097534  0.255909 -0.027341 0.907002 0.091920 0.035116
1610017631.501815  9.085583  0.248735 -0.031190 0.906108 0.091736 0.035121
1610017631.567815  9.055372  0.245447 -0.033451 0.904976 0.091369 0.035108
1610017631.633815  9.030188  0.248029 -0.050980 0.904235 0.091118 0.035086
1610017631.699815  9.014077  0.248687 -0.055797 0.903547 0.091106 0.035085
1610017631.765815  9.004011  0.227677 -0.053735 0.902482 0.090960 0.035070
1610017631.831815  8.999916  0.222635 -0.051794 0.900794 0.091017 0.035066
1610017631.897815  9.005852  0.209236 -0.040518 0.899778 0.091088 0.035074
1610017631.963816  9.006089  0.224991 -0.028970 0.898770 0.091100 0.035061
1610017632.029816  9.009420  0.221381 -0.023569 0.897613 0.091084 0.035064
1610017632.095816  9.006638  0.213726 -0.030256 0.898581 0.091018 0.035071
1610017632.161816  9.000666  0.220590 -0.027267 0.898191 0.090940 0.035063
1610017632.227816  8.987746  0.219998 -0.035419 0.897125 0.090703 0.035054
1610017632.293817  8.971718  0.211596 -0.037974 0.895703 0.090584 0.035040
1610017632.359817  8.951588  0.200779 -0.043604 0.894266 0.090447 0.035035
1610017632.425817  8.925959  0.206678 -0.043006 0.892833 0.090209 0.035023
1610017632.491817  8.905705  0.198994 -0.048553 0.891613 0.089918 0.035020
1610017632.557817  8.893692  0.184375 -0.050209 0.889778 0.089767 0.035025
1610017632.623817  8.873109  0.193814 -0.037258 0.888451 0.089722 0.035000
1610017632.689817  8.856037  0.207812 -0.030153 0.886021 0.089573 0.035005
1610017632.755818  8.838863  0.211558 -0.025375 0.885031 0.089412 0.034993
1610017632.821818  8.805110  0.203416 -0.023302 0.880685 0.088996 0.034975
1610017632.887818  8.770595  0.215990 -0.021448 0.878917 0.088686 0.034966
1610017632.953818  8.741856  0.233437 -0.017195 0.878449 0.088610 0.034956
1610017633.052819  8.684962  0.249578 -0.024167 0.874629 0.087959 0.034936
1610017633.118819  8.637908  0.243474 -0.028841 0.871336 0.087312 0.034910
1610017633.184819  8.590265  0.256647 -0.021815 0.869469 0.087000 0.034890
1610017633.250819  8.532779  0.263729 -0.025031 0.867159 0.086598 0.034871
1610017633.349819  8.448681  0.284091 -0.031471 0.861388 0.086119 0.034855
1610017633.448819  8.379574  0.318660 -0.029218 0.854259 0.085463 0.034815
1610017633.547820  8.311758  0.332466 -0.028072 0.848891 0.085020 0.034783
1610017633.646820  8.241746  0.341018 -0.042513 0.842469 0.084568 0.034760
1610017633.712820  8.184668  0.370741 -0.044323 0.839610 0.083971 0.034738
1610017633.811820  8.072972  0.413278 -0.043496 0.830784 0.083154 0.034705
1610017633.910821  7.971076  0.459131 -0.058833 0.822604 0.082733 0.034686
1610017634.042821  7.868725  0.552885 -0.060157 0.808702 0.082059 0.034648
1610017634.174821  7.769819  0.696321 -0.033030 0.794493 0.081352 0.034610
1610017634.273821  7.687892  0.802119 -0.022520 0.783067 0.080833 0.034587
1610017634.372822  7.607936  0.902125 -0.043109 0.772548 0.080453 0.034580
1610017634.504822  7.479309  1.083519 -0.054031 0.765507 0.080177 0.034572
1610017634.636822  7.346093  1.312836 -0.040200 0.745398 0.079507 0.034562
1610017634.768822  7.197609  1.473898 -0.045238 0.714999 0.078984 0.034517
1610017634.900823  7.077830  1.643350 -0.039528 0.696263 0.078926 0.034518
1610017635.032823  6.954712  1.866175 -0.019633 0.696788 0.079810 0.034534
1610017635.164824  6.819530  2.105399 -0.003282 0.678836 0.079680 0.034563
1610017635.296824  6.668489  2.310123 -0.002613 0.668796 0.080287 0.034546
1610017635.428824  6.517922  2.522508 -0.008303 0.654713 0.080906 0.034566
1610017635.593825  6.342633  2.791803 -0.000754 0.618881 0.082013 0.034615
1610017635.758825 6.125263 3.076318 0.013335 0.567641 0.082974 0.034589
1610017635.923826  5.920588  3.344252 -0.004709 0.518903 0.084781 0.034635
1610017636.088826 5.723821 3.665192 0.016763 0.470958 0.086901 0.034667
1610017636.253826 5.472551 3.977502 0.027143 0.429003 0.088921 0.034838
1610017636.385827 5.265959 4.203117 0.016759 0.397452 0.090533 0.034848
1610017636.517827 5.027414 4.453656 0.024369 0.368813 0.092793 0.034881
1610017636.649827 4.823651 4.681822 0.008051 0.336126 0.095034 0.034867
1610017636.781828 4.588235 4.885601 0.020292 0.324322 0.097268 0.034904
1610017636.880828 4.426462 5.021045 0.018323 0.311611 0.099334 0.034895
1610017637.012828  4.191495  5.209417 -0.006296 0.289987 0.101890 0.034979
1610017637.111828  4.032882  5.365911 -0.016604 0.276863 0.103686 0.035026
1610017637.243829 3.766211 5.571338 0.004934 0.258617 0.106000 0.035095
1610017637.342829 3.559954 5.732164 0.024948 0.251154 0.113144 0.035202
1610017637.441829 3.387177 5.855082 0.004401 0.236799 0.115580 0.035243
1610017637.540829  3.210433  5.983499 -0.017664 0.225458 0.117859 0.035270
1610017637.639829  3.034986  6.117725 -0.005064 0.214159 0.120143 0.035323
1610017637.738830 2.852858 6.254316 0.015255 0.204466 0.123886 0.035367
1610017637.837830 2.705412 6.349417 0.017848 0.193956 0.126505 0.035418
1610017637.936831  2.583942  6.436447 -0.000205 0.183559 0.128836 0.035445
1610017638.035830  2.457913  6.516383 -0.010090 0.175244 0.131337 0.035497
1610017638.134831  2.333297  6.608664 -0.008095 0.167850 0.133842 0.035513
1610017638.233831 2.219167 6.702268 0.003133 0.161143 0.136608 0.035547
1610017638.365831 2.084321 6.802006 0.006184 0.153155 0.140114 0.035592
1610017638.464832 1.950535 6.891952 0.005806 0.147746 0.142707 0.035618
1610017638.563832 1.809443 6.963688 0.005336 0.142624 0.147083 0.035652
1610017638.662832 1.659718 7.040384 0.014140 0.137919 0.150121 0.035701
1610017638.761832 1.541005 7.132070 0.009192 0.133082 0.153041 0.035732
1610017638.860832  1.428288  7.223010 -0.001068 0.129104 0.156132 0.035791
1610017638.959833 1.333276 7.318252 0.017148 0.125656 0.159279 0.035856
1610017639.058833 1.241336 7.401435 0.035891 0.122377 0.162593 0.035872
1610017639.157833 1.151181 7.466812 0.038340 0.119208 0.166098 0.035877
1610017639.256834 1.117989 7.522652 0.020205 0.116402 0.169584 0.035941
1610017639.355834 1.099162 7.595839 0.016622 0.114009 0.172894 0.035928
1610017639.487834 1.068922 7.702545 0.027808 0.111474 0.177836 0.035967
1610017639.619834 1.027865 7.781071 0.064158 0.109062 0.183275 0.036019
1610017639.751835 0.953491 7.905437 0.031896 0.107455 0.188387 0.036079
1610017639.883835 0.882354 8.060625 0.000792 0.106339 0.193166 0.036146
1610017639.982835 0.871401 8.165264 0.033947 0.105778 0.198620 0.036200
1610017640.081836 0.899231 8.185852 0.028606 0.104698 0.203008 0.036212
1610017640.180835  0.856456  8.153849 -0.004867 0.103124 0.207383 0.036167
1610017640.279836  0.829111  8.112583 -0.031715 0.101537 0.211895 0.036140
1610017640.378836  0.786599  8.098290 -0.027622 0.100456 0.217016 0.036118
1610017640.477836 0.746944 8.097744 0.006005 0.099610 0.223611 0.036144
1610017640.576837 0.733885 8.099598 0.024196 0.098853 0.228660 0.036145
1610017640.675837 0.737856 8.095690 0.026734 0.097864 0.234285 0.036108
1610017640.774837 0.753716 8.089794 0.015982 0.097209 0.239652 0.036089
1610017640.873837 0.756458 8.098483 0.000513 0.096377 0.242824 0.036054
1610017640.972838  0.736949  8.127957 -0.008049 0.096118 0.247924 0.036073
1610017641.071838  0.754794  8.174904 -0.012351 0.096427 0.252866 0.036112
1610017641.170838  0.778996  8.219327 -0.008188 0.096152 0.256420 0.036067
1610017641.269838  0.801686  8.272641 -0.009620 0.096164 0.261692 0.036117
1610017641.335839  0.807114  8.303981 -0.007152 0.096231 0.265340 0.036109
1610017641.434839  0.826511  8.358452 -0.013613 0.096642 0.269730 0.036161
1610017641.533839  0.835675  8.433901 -0.014709 0.097061 0.274878 0.036208
1610017641.632839  0.836707  8.496427 -0.003477 0.097797 0.280828 0.036276
1610017641.731839 0.844592 8.546547 0.001230 0.098193 0.286393 0.036296
1610017641.830840  0.847187  8.605502 -0.009596 0.098634 0.292018 0.036349
1610017641.929840  0.867223  8.656780 -0.018905 0.098895 0.297504 0.036351
1610017642.028840  0.874753  8.717281 -0.005307 0.099456 0.303123 0.036430
1610017642.127841 0.859546 8.778463 0.004796 0.099940 0.308688 0.036445
1610017642.226840 0.863025 8.840806 0.000464 0.100472 0.314114 0.036447
1610017642.325841  0.889253  8.899667 -0.002523 0.100847 0.319601 0.036515
1610017642.424841 0.901654 8.953114 0.002078 0.101252 0.325064 0.036541
1610017642.523841 0.894633 9.009190 0.002055 0.101302 0.326746 0.036499
1610017642.622842 0.898692 9.062290 0.002276 0.101742 0.332804 0.036543
1610017642.721842 0.912894 9.111695 0.001697 0.102798 0.338678 0.036594
1610017642.820842 0.930731 9.166945 0.003994 0.103231 0.344201 0.036626
1610017642.919842 0.934704 9.231296 0.005639 0.103853 0.349397 0.036641
1610017643.018843 0.939344 9.269842 0.010917 0.104182 0.354483 0.036660
1610017643.117843 0.956973 9.311880 0.009489 0.104430 0.359650 0.036677
1610017643.216843  0.950716  9.341885 -0.001553 0.104206 0.361772 0.036623
1610017643.282843  0.959756  9.355958 -0.010452 0.104331 0.366272 0.036667
1610017643.348844  0.960602  9.390104 -0.012597 0.104871 0.368521 0.036690
1610017643.414844  0.978139  9.417461 -0.015868 0.105208 0.372072 0.036705
1610017643.480844  0.982241  9.437777 -0.013980 0.105491 0.375117 0.036723
1610017643.546844  0.974556  9.460883 -0.006473 0.105530 0.377030 0.036729
1610017643.612844  0.981882  9.474029 -0.004251 0.105682 0.379550 0.036715
1610017643.678844  0.974482  9.481320 -0.004892 0.105680 0.383342 0.036738
1610017643.744844  0.968218  9.493689 -0.009314 0.106256 0.386145 0.036757
1610017643.843845 0.970297 9.502859 0.003318 0.106293 0.389927 0.036713
1610017643.909845 0.968549 9.511785 0.008821 0.106301 0.394157 0.036701
1610017643.975845 0.960856 9.522497 0.002937 0.106692 0.397344 0.036713
1610017644.041845 0.950671 9.534635 0.003480 0.106625 0.400518 0.036725
1610017644.107845 0.944713 9.556203 0.005221 0.106902 0.402584 0.036735
1610017644.173846  0.947024  9.579421 -0.005131 0.107213 0.405245 0.036723
1610017644.239846  0.940651  9.590359 -0.007833 0.107281 0.407087 0.036707
1610017644.305846  0.944666  9.601461 -0.010609 0.107364 0.408322 0.036689
1610017644.371846  0.941495  9.600887 -0.022553 0.107294 0.410027 0.036677
1610017644.437846  0.925514  9.600726 -0.031867 0.107200 0.411665 0.036692
1610017644.503846  0.916443  9.594255 -0.029155 0.107169 0.413472 0.036675
1610017644.569847  0.912239  9.592445 -0.030040 0.107311 0.415765 0.036674
1610017644.635847  0.906553  9.587524 -0.029178 0.107367 0.418542 0.036666
1610017644.734847  0.886724  9.589355 -0.012949 0.107306 0.422703 0.036662
1610017644.833847  0.892694  9.587923 -0.002369 0.107481 0.427721 0.036668
1610017644.932847  0.882765  9.586452 -0.011540 0.107245 0.429145 0.036618
1610017645.031847  0.893255  9.592265 -0.015751 0.106879 0.430562 0.036571
1610017645.130848 0.902997 9.552056 0.004259 0.106919 0.435137 0.036566
1610017645.229848 0.846277 9.557689 0.003329 0.106948 0.441254 0.036541
1610017645.328848  0.883408  9.590320 -0.037723 0.107503 0.445433 0.036569
1610017645.427848  0.861579  9.645453 -0.003352 0.108301 0.453064 0.036643
1610017645.526849  0.835914  9.641360 -0.011991 0.108078 0.455657 0.036591
1610017645.625849  0.816558  9.564385 -0.057314 0.107136 0.460219 0.036541
1610017645.724849  0.812554  9.541343 -0.077123 0.107136 0.465366 0.036550
1610017645.823849  0.806889  9.561118 -0.047276 0.107073 0.467183 0.036529
1610017645.922850 0.805474 9.603800 0.009529 0.107541 0.473113 0.036559
1610017646.021850 0.805573 9.625595 0.024234 0.108322 0.478483 0.036553
1610017646.120850 0.793157 9.619173 0.007959 0.108246 0.484354 0.036567
1610017646.219851  0.789517  9.611449 -0.005534 0.106919 0.471571 0.036432
1610017646.318851  0.783973  9.581496 -0.012712 0.106700 0.477286 0.036428
1610017646.417851  0.772647  9.577975 -0.015039 0.106224 0.479836 0.036377
1610017646.516851  0.778463  9.590263 -0.008689 0.107316 0.481998 0.036383
1610017646.615851  0.787707  9.625713 -0.002770 0.107474 0.485913 0.036360
1610017646.714852 0.785367 9.622030 0.011584 0.107246 0.484050 0.036360
1610017646.813852  0.752028  9.594812 -0.013473 0.107118 0.482529 0.036282
1610017646.879852  0.747335  9.579766 -0.026434 0.107339 0.485007 0.036272
1610017646.945852  0.751430  9.564579 -0.036602 0.107484 0.487370 0.036280
1610017647.011852  0.749361  9.567808 -0.033103 0.107181 0.489065 0.036261
1610017647.077853  0.736330  9.572848 -0.019051 0.107413 0.484895 0.036230
1610017647.143853  0.738835  9.585563 -0.002072 0.107647 0.485753 0.036257
1610017647.209853  0.737236  9.594054 -0.003763 0.107967 0.485410 0.036213
1610017647.308853  0.740604  9.595546 -0.015420 0.107829 0.485326 0.036193
1610017647.407853  0.739828  9.567597 -0.023374 0.107482 0.489108 0.036201
1610017647.506854  0.723969  9.535434 -0.030633 0.107165 0.492106 0.036161
1610017647.605854  0.698867  9.521941 -0.029699 0.106712 0.491061 0.036150
1610017647.704854  0.693073  9.546288 -0.004717 0.106742 0.488878 0.036119
1610017647.836854 0.691494 9.606858 0.017851 0.107484 0.491057 0.036145
1610017647.935855 0.683606 9.596317 0.036078 0.107426 0.491118 0.036094
1610017648.034855 0.680163 9.579387 0.013800 0.107215 0.492203 0.036065
1610017648.133855  0.698030  9.568415 -0.027395 0.106625 0.495720 0.036040
1610017648.232856  0.700338  9.583756 -0.021221 0.108008 0.500607 0.036110
1610017648.331856  0.704801  9.614543 -0.002958 0.108602 0.505442 0.036120
1610017648.430856  0.707319  9.613918 -0.008591 0.108088 0.506033 0.036106
1610017648.529856  0.706990  9.619620 -0.024285 0.107945 0.508945 0.036086
1610017648.661856  0.699705  9.612956 -0.029194 0.108120 0.517389 0.036106
1610017648.760857  0.694572  9.608237 -0.017035 0.107560 0.514431 0.036081
1610017648.892857 0.702155 9.628484 0.007574 0.106291 0.497448 0.035945
1610017649.024857 0.704094 9.657675 0.011544 0.105549 0.494774 0.035867
1610017649.123858 0.703526 9.663107 0.025347 0.107913 0.501140 0.035961
1610017649.222858 0.690007 9.669962 0.022831 0.109102 0.507716 0.036011
1610017649.321858 0.692456 9.664780 0.013450 0.108939 0.514367 0.035993
1610017649.420858 0.707935 9.679459 0.006880 0.108442 0.514785 0.035966
1610017649.519859 0.727496 9.686796 0.010622 0.108348 0.519123 0.035953
1610017649.618859 0.728893 9.696014 0.008022 0.108883 0.524304 0.035963
1610017649.684859 0.739001 9.694826 0.003897 0.108665 0.527384 0.035955
1610017649.750859 0.744759 9.694440 0.006818 0.108576 0.531383 0.035955
1610017649.816859 0.746033 9.700436 0.002278 0.108660 0.535742 0.035972
1610017649.882859  0.764261  9.709550 -0.002920 0.108731 0.539354 0.035971
1610017649.948860  0.778578  9.718046 -0.004152 0.108931 0.542551 0.035982
1610017650.047860 0.760979 9.731438 0.010326 0.109250 0.547960 0.035999
1610017650.146860 0.809302 9.717250 0.003635 0.109005 0.552626 0.035998
1610017650.245860  0.816697  9.733866 -0.007779 0.109345 0.560720 0.036024
1610017650.344861  0.830319  9.741356 -0.001924 0.109613 0.565864 0.036007
1610017650.443861  0.863971  9.779813 -0.020505 0.109957 0.571242 0.036019
1610017650.542861  0.851359  9.789958 -0.026782 0.110058 0.575387 0.036011
1610017650.641861  0.850665  9.790155 -0.028962 0.110118 0.579758 0.036019
1610017650.740862  0.853563  9.757748 -0.041306 0.109651 0.583490 0.036008
1610017650.839862  0.851310  9.732894 -0.046391 0.109292 0.587257 0.035970
1610017650.938862  0.853877  9.733578 -0.029204 0.109254 0.590993 0.035963
1610017651.004862  0.857132  9.747759 -0.012443 0.109494 0.593101 0.035963
1610017651.070862 0.869368 9.752280 0.006178 0.109649 0.596063 0.035962
1610017651.136863 0.869122 9.748568 0.016996 0.109934 0.601423 0.035975
1610017651.202863 0.878401 9.727992 0.011373 0.109916 0.603616 0.035967
1610017651.268863  0.872082  9.703304 -0.004044 0.109642 0.606563 0.035942
1610017651.334863  0.864320  9.677589 -0.015698 0.109313 0.608260 0.035901
1610017651.400863  0.834036  9.655080 -0.011982 0.108926 0.610336 0.035899
1610017651.466863  0.815937  9.620990 -0.003941 0.108721 0.614269 0.035872
1610017651.532863  0.809959  9.600301 -0.004972 0.108579 0.616707 0.035869
1610017651.598864  0.856904  9.598383 -0.012491 0.108640 0.618730 0.035868
1610017651.664864  0.865499  9.598165 -0.003871 0.108618 0.620511 0.035864
1610017651.730864 0.848023 9.611694 0.010873 0.108939 0.622666 0.035857
1610017651.796864 0.836344 9.600773 0.015789 0.108880 0.625042 0.035847
1610017651.862864 0.824373 9.564606 0.006253 0.108500 0.626754 0.035811
1610017651.928864  0.806048  9.523888 -0.004473 0.108104 0.629007 0.035788
1610017652.027865  0.797849  9.466845 -0.027551 0.107504 0.631346 0.035772
1610017652.126865  0.817898  9.463381 -0.044114 0.107624 0.633226 0.035774
1610017652.225865  0.793012  9.471539 -0.010005 0.107746 0.635455 0.035758
1610017652.324866 0.758729 9.466961 0.011863 0.107822 0.638247 0.035742
1610017652.423866 0.768088 9.341482 0.010844 0.106554 0.640583 0.035679
1610017652.522866  0.761368  9.304551 -0.004033 0.106126 0.642550 0.035686
1610017652.588866 0.735002 9.350363 0.013434 0.106783 0.643875 0.035653
1610017652.687866  0.768047  9.410120 -0.002648 0.107357 0.641864 0.035681
1610017652.786867 0.778230 9.453650 0.018654 0.108125 0.643476 0.035688
1610017652.885867  0.747467  9.319928 -0.027478 0.106711 0.645978 0.035615
1610017652.984867  0.737081  9.154893 -0.122611 0.104462 0.639023 0.035526
1610017653.083867  0.753808  9.112267 -0.116329 0.104216 0.646392 0.035532
1610017653.182868  0.765809  9.151405 -0.011593 0.105180 0.649277 0.035587
1610017653.281868 0.754313 9.212225 0.072109 0.106147 0.655832 0.035588
1610017653.347868 0.770991 9.188592 0.068625 0.106063 0.656423 0.035594
1610017653.446868 0.788026 9.155244 0.018676 0.105636 0.654215 0.035509
1610017653.545869  0.767383  9.116758 -0.031093 0.105265 0.656714 0.035488
1610017653.644869  0.778720  9.051466 -0.043714 0.104702 0.658443 0.035495
1610017653.743869  0.789702  8.997858 -0.032960 0.104141 0.661178 0.035450
1610017653.842869  0.743986  8.975866 -0.013687 0.103979 0.661581 0.035435
1610017653.941869 0.740953 8.969258 0.006848 0.103940 0.662357 0.035435
1610017654.040870 0.739954 8.992982 0.025606 0.104203 0.663444 0.035449
1610017654.139870 0.728420 8.968000 0.028614 0.103987 0.664782 0.035413
1610017654.238870 0.708568 8.925828 0.011788 0.103582 0.665864 0.035387
1610017654.337870  0.692387  8.867210 -0.002685 0.102965 0.669661 0.035355
1610017654.436871  0.684817  8.867180 -0.015585 0.102917 0.671810 0.035375
1610017654.568871 0.675978 8.895455 0.003773 0.103176 0.673589 0.035387
1610017654.700871 0.612606 8.894309 0.004913 0.103066 0.675509 0.035375
1610017654.832872  0.557510  8.815532 -0.033850 0.101945 0.675484 0.035338
1610017654.931872  0.485718  8.777112 -0.056833 0.101304 0.677207 0.035295
1610017655.063872 0.414011 8.742189 0.004135 0.100946 0.678670 0.035300
1610017655.195873 0.408969 8.733702 0.042860 0.100762 0.678813 0.035292
1610017655.327873 0.390098 8.797238 0.068020 0.101146 0.676545 0.035297
1610017655.426873 0.292853 8.805929 0.067193 0.100943 0.676986 0.035294
1610017655.558874 0.268257 8.757895 0.045682 0.100057 0.678160 0.035267
1610017655.690874  0.175183  8.738425 -0.030783 0.099517 0.674927 0.035248
1610017655.822874 0.065107 8.777943 0.032579 0.099767 0.672465 0.035256
1610017655.921875 -0.028674  8.788108  0.032881 0.099440 0.672120 0.035243
1610017656.020875 -0.122519  8.789645  0.013827 0.098827 0.665494 0.035200
1610017656.119875 -0.197939  8.799435  0.001091 0.098644 0.666365 0.035215
1610017656.218875 -0.267617  8.786951 -0.002624 0.098521 0.666251 0.035240
1610017656.317875 -0.388860  8.784419 -0.001965 0.097856 0.658934 0.035225
1610017656.416876 -0.498850  8.795161 -0.017706 0.097577 0.658166 0.035242
1610017656.515876 -0.625136  8.808004 -0.005072 0.097510 0.655151 0.035267
1610017656.647876 -0.767769  8.815689  0.006080 0.097120 0.660288 0.035299
1610017656.746876 -0.850569  8.802178 -0.020277 0.096835 0.657596 0.035295
1610017656.878877 -1.007242  8.810467 -0.001208 0.096517 0.653439 0.035317
1610017657.010877 -1.176790  8.814580  0.009073 0.096039 0.643119 0.035284
1610017657.142877 -1.337512  8.841623  0.020464 0.096057 0.638187 0.035365
1610017657.274878 -1.478096  8.888678  0.048507 0.096649 0.634334 0.035368
1610017657.406878 -1.622105  8.885703  0.050428 0.096375 0.620731 0.035347
1610017657.538878 -1.875589  8.883230  0.016185 0.096277 0.615419 0.035398
1610017657.670879 -1.906317  8.959045  0.000596 0.097028 0.605307 0.035391
1610017657.769879 -2.019411  8.944934  0.012595 0.097821 0.601624 0.035429
1610017657.868879 -2.073734  8.917647 -0.015907 0.098321 0.596209 0.035426
1610017657.967880 -2.148212  8.882174 -0.069997 0.098816 0.598147 0.035472
1610017658.099880 -2.235400  8.855589 -0.050574 0.099403 0.593367 0.035502
1610017658.198880 -2.295210  8.840248 -0.037377 0.099922 0.589423 0.035508
1610017658.297880 -2.326912  8.795911 -0.046355 0.099777 0.580483 0.035450
1610017658.396880 -2.375612  8.753590 -0.025937 0.100305 0.576223 0.035429
1610017658.495881 -2.435397  8.720113 -0.040450 0.100921 0.572997 0.035469
1610017658.594881 -2.470998  8.702862 -0.032238 0.101430 0.564979 0.035438
1610017658.693881 -2.528844  8.696997 -0.006554 0.102200 0.558518 0.035419
1610017658.792881 -2.586339  8.670204 -0.012520 0.102882 0.553503 0.035412
1610017658.891882 -2.623417  8.654893 -0.026734 0.103722 0.548253 0.035393
1610017658.990882 -2.665796  8.643576 -0.044703 0.104552 0.546312 0.035415
1610017659.089882 -2.738689  8.597146 -0.039349 0.105522 0.545147 0.035428
1610017659.188882 -2.758197  8.536020 -0.023620 0.106477 0.544402 0.035416
1610017659.254883 -2.738536  8.494101 -0.022532 0.107025 0.542497 0.035392
1610017659.320883 -2.731538  8.460645 -0.026557 0.107513 0.539376 0.035373
1610017659.419883 -2.754389  8.416167 -0.007285 0.108348 0.537001 0.035384
1610017659.518883 -2.775330  8.395986  0.031557 0.109242 0.533591 0.035380
1610017659.650884 -2.769505  8.252033  0.059066 0.109302 0.527788 0.035282
1610017659.749884 -2.729216  8.088446  0.022528 0.108780 0.521675 0.035186
1610017659.848884 -2.688170  7.943000 -0.003302 0.108067 0.514768 0.035126
1610017659.980884 -2.680978  7.784193  0.026027 0.108290 0.509814 0.035032
1610017660.112885 -2.639355  7.657323  0.054215 0.108979 0.501002 0.034949
1610017660.244885 -2.560258  7.495003  0.044816 0.108432 0.493037 0.034867
1610017660.343885 -2.515510  7.368363  0.022120 0.108496 0.487656 0.034804
1610017660.475886 -2.471354  7.195399  0.012625 0.107553 0.475131 0.034717
1610017660.607886 -2.399426  7.013755  0.020201 0.106628 0.462753 0.034634
1610017660.739886 -2.352877  6.821508  0.027207 0.105958 0.453370 0.034545
1610017660.871886 -2.308582  6.620526  0.004466 0.104783 0.440935 0.034452
1610017661.003887 -2.226336  6.456649  0.016115 0.103791 0.427563 0.034385
1610017661.135887 -2.190210  6.292649  0.028567 0.102649 0.414010 0.034323
1610017661.267888 -2.152293  6.076481  0.022161 0.100403 0.397492 0.034240
1610017661.399888 -2.057767  5.895037  0.020770 0.098751 0.380859 0.034177
1610017661.531888 -1.978902  5.704331  0.010310 0.096604 0.363076 0.034105
