1610017443.96236 -3.35310370580544e-08 1.41447723379928e-06 -7.06932456830123e-07 1.43556970472192e-06 3.46218053005543e-08 1.87318336165344e-06 0.999999999997215
1610017447.65836 -0.000432998385173855 -0.00130200816014921 0.0215904472400947 0.000511624707745295 -0.000315355344199585 -0.000843782333150534 0.999999463411126
1610017447.88937 -0.00100551739359864 -0.00196826409231941 0.0320039530728285 0.000837676732645454 -0.000369408627213123 -0.00272161731937815 0.999995877308564
1610017448.28537 -0.00131936381782385 -0.00309305938148807 0.0527967842020909 0.00173410005920649 0.0010122776674183 -0.00450313303067873 0.999987844918035
1610017448.87937 0.00168211200726473 -0.00452162703602831 0.0978587887463203 -0.00574284772792077 0.0125122773060004 -0.000402766029383366 0.999905145699389
1610017449.27537 0.00688508697227372 -0.00601994030825589 0.1354486060567 -0.0102905163191614 0.0325545480465331 0.00197109198209864 0.999415039646577
1610017449.53937 0.01081966513752 -0.00790911014059838 0.159489605574978 -0.00289155748997316 0.0519114704799141 -0.000641763905903488 0.998647298232456
1610017449.77037 0.0172001000738003 -0.0093466945332635 0.181684884024983 0.000477513925278061 0.0720105480849468 0.00238269824921396 0.997400910213145
1610017450.00137 0.0247366691353748 -0.011060041758309 0.204728090900098 0.00293350415348043 0.09530360941721 0.00335833763296116 0.995438264360868
1610017450.19937 0.0325442113862055 -0.0125645112107033 0.225016813818268 0.00553022104924278 0.118462985043415 0.00295860337003184 0.992938660993643
1610017450.36437 0.0405867696445104 -0.0136417445099817 0.241860220986039 0.00884375463344256 0.139384145512771 0.00515006345127424 0.990185500212009
1610017450.52937 0.0486792177953973 -0.0147442064933298 0.259337462175055 0.0100787567928126 0.164091624784965 0.00135532892056486 0.986392680640149
1610017450.69437 0.0583392452356606 -0.0155262721228666 0.276721979094469 0.0123596317721454 0.19124587504229 -0.0014771199904022 0.981463230538108
1610017450.85937 0.0709615936433848 -0.0152945315694974 0.292818726958808 0.0202211883276978 0.220207940540131 -9.23192276929552e-05 0.975243332683105
1610017451.02437 0.0864575495801812 -0.0165577064749787 0.308347200068312 0.0244080990544636 0.251232394479935 0.00788776335798451 0.967586849772998
1610017451.18937 0.103512917402371 -0.0184724444754906 0.324451008232888 0.0263852516854146 0.282679410645037 0.013660875381347 0.958754165453631
1610017451.35437 0.121046867621808 -0.0204359320560426 0.340986697333176 0.026431147404374 0.317958499138099 0.0144273173311735 0.947626318644307
1610017451.48637 0.136317445679555 -0.0220590489236688 0.354239947413743 0.0252518364666677 0.345860668514137 0.0138987477430352 0.937843039927892
1610017451.61837 0.153381659420892 -0.0235576883001164 0.366336393793579 0.0244898703666429 0.374351451351582 0.0156007880581391 0.926832159850075
1610017451.75037 0.172263031256446 -0.0250584289676944 0.377025616365924 0.0257490403327937 0.403064278850449 0.021282598978288 0.914561766649709
1610017451.88238 0.191669176149192 -0.0262831612166326 0.387717479483108 0.0259572507872728 0.431443429512799 0.0212472332240827 0.90151613592998
1610017452.01438 0.212051087116926 -0.0275934339349066 0.397930923347247 0.0243604493129498 0.462778461969058 0.0207097038709157 0.885897156453503
1610017452.14638 0.234316499170783 -0.0287970881091338 0.4061616613236 0.0239128187499369 0.493708915594107 0.0224197440751602 0.869009228281224
1610017452.27838 0.257887536985744 -0.0297943762543324 0.412153982361474 0.026022903971668 0.523766128658951 0.0267751608317109 0.851043442898735
1610017452.41038 0.282528193757098 -0.0308486091515196 0.417367977213769 0.0271713521853467 0.553869381041514 0.0294354132699195 0.831639334574032
1610017452.54238 0.308342767779713 -0.0318463556722913 0.421680422327561 0.0277221071027811 0.58194709196311 0.031732516012524 0.81213429576701
1610017452.67438 0.33546798991957 -0.0326965663393442 0.425347612579403 0.0284025218391765 0.605738308772082 0.0324793255546799 0.794493229329632
1610017452.80638 0.363657534138228 -0.0335457426826159 0.428067033204192 0.0281171681550723 0.62865241422451 0.0339069874559524 0.776437945457521
1610017452.93838 0.393347641118358 -0.0343279072751216 0.429696768410698 0.0274522293741707 0.649499983398064 0.0355009642724432 0.759036117852128
1610017453.07038 0.423880365901134 -0.03508178607097 0.429871262788038 0.0275403281566848 0.667872098381621 0.037486260252406 0.742821089375256
1610017453.20238 0.455082464307987 -0.0356991412046788 0.428769233268815 0.0277236910986678 0.684760459454465 0.0397301391829905 0.727156122273667
1610017453.36738 0.496441878764993 -0.0365610932284935 0.426315015794693 0.0276569991162327 0.703547859718806 0.0418397749161291 0.708875823201737
1610017453.53238 0.538970048424325 -0.0371614535895389 0.422464563869838 0.0275209531244369 0.71929602164109 0.0427398476893031 0.692841349668103
1610017453.73038 0.592219669240451 -0.0376621693110321 0.416256380974108 0.0272670931380814 0.733782989314024 0.0443923192160461 0.677383460249654
1610017453.92838 0.647535419488377 -0.0381749953850513 0.408465405973844 0.0275206187939431 0.744461100868986 0.0460693872712497 0.665505744821626
1610017454.12638 0.70453668874384 -0.0386667624141672 0.399711734774428 0.0269234500720962 0.752073783335475 0.046693490641297 0.656871273681086
1610017454.35738 0.774703374531337 -0.0392270707827227 0.388393666034356 0.0264425464759021 0.758181407909224 0.04670581566789 0.64983098665688
1610017454.55538 0.835413042763335 -0.0394542162601318 0.377357573253887 0.0280572662939723 0.760746688306531 0.0486538359444528 0.646614313394503
1610017454.78638 0.912229824877899 -0.0400660769566772 0.365115108796558 0.0268952249692221 0.76104096601276 0.0482190475704896 0.646349919452007
1610017454.98438 0.979242485148556 -0.0406072627964471 0.354586261940259 0.0265608439853426 0.760477239577162 0.0476365856628845 0.647070046716945
1610017455.18238 1.04866135262244 -0.0411351621472365 0.343501395919491 0.0273299390895075 0.759422714362097 0.0477807582953988 0.648264771892616
1610017455.38038 1.11649108650113 -0.0415044835877006 0.333089149826147 0.0273232529547219 0.758174317180578 0.0470007062317482 0.64978156193405
1610017455.57838 1.19453386221114 -0.0425120290515451 0.32191051334978 0.0279417495898159 0.756813511222357 0.046520303507115 0.651374262020502
1610017455.74338 1.25740783780413 -0.0432090001828157 0.312658203970283 0.0275697516861274 0.755467044761942 0.0471264409363413 0.652907766560711
1610017455.97439 1.34841906486284 -0.0440822584543786 0.300273824994867 0.0274874068454176 0.75339858289664 0.0465382421846141 0.655339003698556
1610017456.17239 1.4276633887047 -0.0449668525871946 0.289954043631695 0.0273458118572914 0.751419516134922 0.0470259951669789 0.657578491987064
1610017456.37039 1.51117755288932 -0.0459891286377114 0.279483762588319 0.0268477268284917 0.749463877928036 0.046811088815043 0.65984226691624
1610017456.56839 1.59448164739662 -0.047032335024258 0.269742223526903 0.0268868730412623 0.747488168009451 0.0461789259479293 0.662122376560582
1610017456.73339 1.66397272181244 -0.0477686248483189 0.262324518729166 0.0260938623952441 0.746053150411925 0.0461258294973271 0.663774219866156
1610017456.89839 1.73789596643373 -0.0488277150068196 0.253898756942842 0.0253810793647086 0.744748358047505 0.0464247361797361 0.665244637608203
1610017457.06339 1.81127721774024 -0.0497739527353716 0.246072056294766 0.025377640123146 0.743641674639586 0.0465323404486226 0.666474137842862
1610017457.22839 1.88150733496559 -0.0505048804491315 0.238824014247208 0.0258345919155634 0.742458125594471 0.0461668571801946 0.667800214807846
1610017457.39339 1.96022225820316 -0.0515121598542158 0.230819693631402 0.0255869429259016 0.741410258821251 0.0465592277498585 0.668945718857404
1610017457.52539 2.02032050414085 -0.0524106074398647 0.224847424140061 0.0254465140448796 0.740914564811943 0.0467124149414835 0.669489382188267
1610017457.65739 2.08104780459697 -0.0532215626197826 0.219009382707778 0.0253852531071348 0.740528873696656 0.0463200084985656 0.669945544771321
1610017457.78939 2.14215761092182 -0.0540447007247304 0.213006910914761 0.0257071214745157 0.740179395741798 0.0459680758919485 0.670343599972129
1610017457.92139 2.20393239974417 -0.0548269100523108 0.207022688175926 0.0258345607525873 0.739961457202511 0.0457380725663489 0.670594994048847
1610017458.02039 2.25050765367655 -0.055492682397804 0.202614394542966 0.0256411695611563 0.739937014728705 0.045697781008627 0.670632132744023
1610017458.11939 2.29696273331684 -0.0561740889058087 0.198326014346738 0.0253337108887489 0.740066610149538 0.0459564214217641 0.670483126532266
1610017458.21839 2.34383834898313 -0.0568731476886864 0.193734441602782 0.0249612198386041 0.74038831315558 0.0462137319336215 0.670124148369219
1610017458.31739 2.38854618232704 -0.0574999901123496 0.188991503431733 0.0243738911011184 0.740738129490324 0.0464370850758683 0.669743633102565
1610017458.44939 2.45304653723814 -0.0583868929985682 0.182616170044341 0.0242972337348328 0.741349945475053 0.0471754766709726 0.669017471504173
1610017458.58139 2.51426846068112 -0.059221482619541 0.176098788865974 0.0246866670813464 0.741774744570904 0.0478610010905592 0.668483448830107
1610017458.71339 2.57252284157711 -0.0599403942209158 0.169717063275343 0.0242380284969397 0.742377864392066 0.0478448322719442 0.667831188594938
1610017458.84539 2.63643195535454 -0.0607046923865069 0.16318980835503 0.0241443643697302 0.743394766373031 0.047134166010936 0.666753058780252
1610017458.97739 2.69695611322993 -0.0614976686200919 0.156226687630292 0.0245116728499602 0.744075330680841 0.0472225929938581 0.665973803446674
1610017459.10939 2.75710266471337 -0.0622782303608319 0.149149867779046 0.0245961087388579 0.744851181922714 0.0480055431058355 0.665046777343035
1610017459.24139 2.8168463780539 -0.0629063402827333 0.142102337468896 0.0245743179015665 0.745628774218846 0.0484511659898388 0.664143296639211
1610017459.37339 2.87614538096978 -0.0636672455003751 0.135083333798134 0.0244954012002113 0.746332212659172 0.0485527198139659 0.663348201976889
1610017459.50539 2.93515773003997 -0.0641807612192105 0.127910807162533 0.0244245245638641 0.746977735664949 0.0486946547249338 0.662613413403256
1610017459.63739 2.99386232612924 -0.0648531665973539 0.120718397748585 0.0251847244269501 0.747464973390052 0.0493632486084942 0.661985734663039
1610017459.76939 3.04982031245024 -0.0654568477742413 0.113375332228058 0.0261893759822026 0.747740117694416 0.0497101247508565 0.661609957961077
1610017459.93439 3.1252403869668 -0.0663526772795916 0.10434851733677 0.0266537472163347 0.747980629195245 0.048959121303955 0.661375506462976
1610017460.0664 3.1833507739078 -0.0669292582474895 0.0972349631509596 0.0274072435660091 0.747802761559462 0.0489837654737828 0.661543999688732
1610017460.1984 3.24168588515224 -0.0676257137139067 0.0899780387419759 0.028239160872966 0.747174649569425 0.0503098034751202 0.662118959484089
1610017460.3304 3.29993944000598 -0.068532590614274 0.082742599006781 0.0292343431262725 0.746532921666636 0.0502432789458651 0.662804317254059
1610017460.4624 3.35821136738985 -0.0696250139544581 0.0758169332416012 0.0308435591960432 0.746218189531324 0.0492839597326032 0.663157733711813
1610017460.5944 3.41529335961382 -0.0707291746984093 0.068812156887938 0.0337291268532819 0.745750301519541 0.0478138574491649 0.663651014329865
1610017460.7264 3.47467425737478 -0.0719135003480343 0.0619769517923014 0.0355579273558607 0.745204442083744 0.0457580186703525 0.664313312397226
1610017460.8584 3.53383074054364 -0.0732068030295462 0.0558228595866364 0.0335876848137173 0.744761667943414 0.0451642199259175 0.664952719093231
1610017460.9904 3.59322784550652 -0.0747789174171908 0.0494141640125475 0.0320790165773417 0.743980736007551 0.0455248668738061 0.665876180412857
1610017461.0894 3.63787149142782 -0.0760585113685961 0.0442481303864797 0.0319777212087675 0.743452844241948 0.0464864719666976 0.666404007835293
1610017461.1884 3.67838072360088 -0.0771717511023712 0.0399900229619809 0.0321321202179654 0.743197960979324 0.0463842976722061 0.66668794392574
1610017461.2874 3.72712907911006 -0.0782487414843424 0.0350073839023793 0.0320961340754032 0.743058728740619 0.04439190252938 0.666980451594806
1610017461.3864 3.771848613617 -0.0792959283183317 0.0307987226760807 0.0320854137343455 0.743168623323362 0.0415615527995737 0.667040898942519
1610017461.4854 3.81693916666207 -0.0803538581752349 0.0262767688700335 0.031509750123382 0.743074631214349 0.0407290449578045 0.66722437979262
1610017461.6174 3.87775871611527 -0.0818790246038325 0.0197654716550701 0.0313213794611835 0.742656230741375 0.0416475041517071 0.667642254150826
1610017461.7164 3.923725069152 -0.0831845782207463 0.0148267534527665 0.0311088788588061 0.742475587314035 0.0427443196657357 0.667783769670348
1610017461.8154 3.96980207202355 -0.0845497998181116 0.00998407542292743 0.0307900691416199 0.742343011546813 0.0432404216329847 0.667913984572014
1610017461.9144 4.01607136338276 -0.0859141597256967 0.00544820981006453 0.0302702133603998 0.742198579011795 0.042696437952452 0.668133218514212
1610017462.0134 4.06250368079426 -0.0870651920678913 0.00097469112314811 0.0303042120118573 0.742063231908856 0.0415137931474852 0.668356506336125
1610017462.1124 4.10924345345335 -0.0881573075197657 -0.00377690410521724 0.0303624437524192 0.741860653125473 0.0408856003064283 0.668617425020625
1610017462.2114 4.15632359067295 -0.0892633769093048 -0.00848380314117634 0.0304179701667464 0.741496529573762 0.041490417085505 0.668981456402995
1610017462.3104 4.20373596133357 -0.0904127057475294 -0.0132707600710033 0.0293226326624274 0.741019399045559 0.0429779309862895 0.669464958679721
1610017462.4094 4.24638879187552 -0.0916659724412614 -0.0175544539341694 0.028389387785471 0.740429599886482 0.0444393654271817 0.670062081507034
1610017462.5414 4.31377343778846 -0.0932897858916754 -0.0238552808505218 0.0276929973636215 0.739803048845456 0.0451646943094079 0.670734446114052
1610017462.6404 4.36023085669381 -0.0943670735235466 -0.0286164331118703 0.0283310532402073 0.739326852269946 0.044972562246079 0.671245577698607
1610017462.7724 4.42116417733108 -0.0956303997275455 -0.034112738594855 0.0287694330914428 0.738807082681523 0.0441181428234598 0.671855642063846
1610017462.9044 4.48369196473018 -0.096876767482055 -0.0401082103736981 0.0301583462722905 0.738109409207904 0.0435609476597999 0.672597515627184
1610017463.0364 4.54591605106325 -0.0984819350973022 -0.0459393795434918 0.0310451821930145 0.737341892585323 0.0440559443267631 0.673366322198232
1610017463.1354 4.59310271561432 -0.0996074126486201 -0.0498684044694112 0.0305016157462782 0.737107907130418 0.044036878638292 0.673648527054337
1610017463.2674 4.65632578561044 -0.101128489466298 -0.0553822151001103 0.0309629187898453 0.736510180732433 0.0433634516789202 0.67432459720522
1610017463.3994 4.71850716813679 -0.102375566383542 -0.0608784047840584 0.0314718796640707 0.735749474031242 0.0427697280553419 0.675168854891303
1610017463.5644 4.80291831791573 -0.104688866034459 -0.0675615157534009 0.0319376774672384 0.734933269908306 0.0424967507557186 0.676052586501295
1610017463.6964 4.87015204050341 -0.106364454630511 -0.0729078512817616 0.0322385826032089 0.734327561471066 0.0416974775982373 0.676745909937872
1610017463.8284 4.9378449420531 -0.107960198747959 -0.0783961163381799 0.0319979247925101 0.733802890278384 0.0427004502926128 0.677263702388421
1610017463.9604 5.00702340707898 -0.109914437759562 -0.0837801185187093 0.0312629470245556 0.733134532574651 0.0439234882768159 0.677943295908651
1610017464.0924 5.07597361742658 -0.111805039813854 -0.0888470846927077 0.0300671051317069 0.732849806380908 0.0436703379393052 0.678321481349906
1610017464.22441 5.1405490546273 -0.113416783459686 -0.0938433582579893 0.0309458948944816 0.73277809267016 0.0431576262620556 0.678392244787104
1610017464.38941 5.23137812258981 -0.115881609000631 -0.101203222546016 0.031855678231808 0.732732547286145 0.0435320041591246 0.678375408255517
1610017464.52141 5.30060347914569 -0.117779743936296 -0.106568845626287 0.030617128178542 0.733055343235852 0.0447027015472735 0.678007465806861
1610017464.65341 5.36976494055836 -0.119641654286966 -0.111842721463074 0.0288156004764382 0.733018497145562 0.0455482928815724 0.678069979446973
1610017464.78541 5.43805615220448 -0.12152555909456 -0.117065411141599 0.0287047029218014 0.733032655584426 0.0457993920503844 0.678042462951127
1610017464.91741 5.50557191117099 -0.123139183347896 -0.122466437868498 0.0295333429665318 0.733212235337672 0.0450346387134213 0.677863910324416
1610017465.04941 5.57245574356113 -0.124699160471827 -0.127747129050338 0.0300029712411518 0.73377672472109 0.0441940572913759 0.677287549918363
1610017465.18141 5.63916340885598 -0.126463019313864 -0.13299361837656 0.0294995176628405 0.734318114589622 0.0434346566567359 0.676771834257539
1610017465.28041 5.68887467547141 -0.127839736653916 -0.136937573523113 0.0284139899737846 0.734577581200472 0.0438760364609773 0.676508178661507
1610017465.41241 5.75440972461351 -0.129448618803958 -0.142565727226624 0.0288570749234722 0.734873422392119 0.0439774570524643 0.676161449329784
1610017465.54441 5.81955115985321 -0.130973098625066 -0.147949840287771 0.0283836259188517 0.735326845598919 0.0442646674820999 0.675669622769843
1610017465.67641 5.88433837790054 -0.13262141600931 -0.153448637825757 0.0273248914456765 0.735713257666585 0.0445011765162219 0.675276978794461
1610017465.80841 5.94866467205807 -0.134247814868764 -0.158900105243904 0.0263490073275817 0.735998301363073 0.044618220605614 0.674997366360426
1610017465.94041 6.01249911030559 -0.135583096410136 -0.164786928766972 0.0275084361717163 0.736334990770914 0.0444977851043773 0.674591739073782
1610017466.07241 6.0756131014731 -0.137139166722585 -0.170580845857928 0.0288695444968468 0.737050886529363 0.043795995212047 0.673798523944815
1610017466.17141 6.11990575552648 -0.138169679037608 -0.174678750182313 0.0295156873544957 0.737731720422197 0.0432523409290492 0.673060151759896
1610017466.33641 6.20094866646701 -0.140118684443824 -0.181988900797722 0.0287919968652035 0.738843214660674 0.0431336035288545 0.671878871012485
1610017466.50141 6.27858369444629 -0.142205568767875 -0.189861497055288 0.0293290685556659 0.739571035357688 0.0441468518514718 0.670988483410273
1610017466.66641 6.35578903364584 -0.14421175097194 -0.197607794797686 0.0301849759436596 0.740713194197003 0.0427241928337529 0.669781661824552
1610017466.83141 6.43329534782229 -0.145891740914489 -0.205503112553595 0.029738846350067 0.741701879989685 0.042606059648872 0.668714173559026
1610017466.99641 6.51146065156396 -0.147883325169314 -0.213851551403511 0.0293161014939471 0.742464258385855 0.0439056142635664 0.667802132557899
1610017467.16141 6.58979943946466 -0.149810587407398 -0.222374427026064 0.0295439097174434 0.743053128483361 0.0441069621657176 0.667123512955591
1610017467.32641 6.6685943616 -0.151433488555148 -0.23098417870319 0.0315352696408057 0.743462254323257 0.0423105601286958 0.666692747573317
1610017467.45841 6.7303599855709 -0.152697717107241 -0.238163125720288 0.0328114677991576 0.743423053682617 0.0417700273718422 0.666708958727444
1610017467.59041 6.79915019232528 -0.154578387444458 -0.245216935067418 0.0327496252133447 0.743361601597813 0.0420493265762287 0.666762960468566
1610017467.75541 6.88320411195279 -0.156888201408719 -0.254175290247678 0.0318882410508892 0.743346469693108 0.0424881801778926 0.666793761685459
1610017467.92041 6.96848576355568 -0.15907342977299 -0.263325318719209 0.0303189729542395 0.743094488897721 0.044465219400763 0.667018878827636
1610017468.08541 7.05364380669853 -0.16103553873192 -0.272419405827536 0.0297165929752212 0.742918691263798 0.0453841030140973 0.667179904873069
1610017468.25042 7.13839065896222 -0.162926595720336 -0.281410475278058 0.0293113592837814 0.742768658996751 0.0450844177318753 0.667385165183407
1610017468.38242 7.20579649825916 -0.164470941875592 -0.288567691656875 0.0292578638934032 0.742637227095905 0.0451949034443492 0.667526289395673
1610017468.51442 7.27303493674775 -0.16595354187516 -0.295553281023124 0.0294563060545723 0.742601546861453 0.044723934852865 0.667588974058046
1610017468.64642 7.33878782082514 -0.167078515107881 -0.302795839196433 0.0296697793113801 0.74246462581994 0.044770491261998 0.667728677468499
1610017468.77842 7.40749632824611 -0.168595456075712 -0.309680114393502 0.0290115821074329 0.742423114509467 0.0451668605790529 0.66777705999167
1610017468.91042 7.47451621141198 -0.170258258102869 -0.316668206732777 0.0285646144489292 0.742345832043715 0.0456066169426373 0.667852352649712
1610017469.04242 7.54130742217921 -0.17181371729088 -0.323818407440336 0.0298832587871324 0.742252826781321 0.0448535158976124 0.667949020577934
1610017469.17442 7.60851241753893 -0.173147147592506 -0.330938112071012 0.0314161213238091 0.742255700759675 0.0432792081181843 0.667979350096539
1610017469.30642 7.67622089877026 -0.17470370581552 -0.33786059249784 0.031393442380201 0.742259952099014 0.0424667534785108 0.668027836347024
1610017469.43842 7.744319497833 -0.176381915688123 -0.345037643945578 0.0310186448546464 0.742114395814196 0.0433625821668008 0.668149499486859
1610017469.57042 7.81251683180187 -0.177984463199115 -0.352349866326543 0.030557212297418 0.741961688418855 0.0443147554923267 0.668277870455776
1610017469.70242 7.88071974929125 -0.179636063264106 -0.359220818731684 0.0303456287629761 0.741960888660458 0.0445539689472699 0.668272494095192
1610017469.83442 7.94917838666982 -0.18114187285328 -0.366170672060356 0.03051914203753 0.741830782296857 0.0440928791300638 0.668439593692764
1610017469.96642 8.01770907739281 -0.18276851582221 -0.373291385966101 0.0304203821180228 0.741720802021003 0.0443416002048258 0.668549680048079
1610017470.09842 8.08645670332037 -0.184303729244068 -0.380397386996807 0.0306666755552226 0.741637044547583 0.0443230331256864 0.6686325731668
1610017470.19742 8.1373702136351 -0.18560290490756 -0.385595899203838 0.0311751532593708 0.741520877114219 0.0439850172736282 0.668760208803166
1610017470.36242 8.22385145708645 -0.187730266935098 -0.3941757575834 0.0320088176458569 0.741575704876396 0.0427446489115322 0.668740461254903
1610017470.52742 8.31011155740598 -0.18991652079411 -0.40272361021516 0.0314707040078182 0.74147307141529 0.0437872773164299 0.668812345505406
1610017470.69242 8.39637932021 -0.19226792157982 -0.411403243752336 0.0292015132235601 0.741339059829626 0.0464183869900562 0.668886390462254
1610017470.85742 8.48184960585704 -0.19413377765267 -0.420271293241172 0.0300673240550157 0.741164073399808 0.0482852469480987 0.66890979007093
1610017471.02242 8.56641882439761 -0.195426786360885 -0.429938233156782 0.0318006382543676 0.741276439253244 0.0513875694134648 0.668473842214057
1610017471.18742 8.64921357988418 -0.19760507522406 -0.438192560433923 0.030016981436644 0.742386961019537 0.0475056394510316 0.667610511566405
1610017471.31942 8.71600773820245 -0.199173756180655 -0.445036725763181 0.0334879824502257 0.742618579462895 0.0441198586038033 0.667420136454322
1610017471.45142 8.78223595377654 -0.200619979854259 -0.452879448981134 0.0370773959238148 0.742194105303541 0.0425872383778864 0.667801994524972
1610017471.58342 8.85265831436466 -0.202901140072478 -0.460559713034012 0.0343276146248586 0.742584463622554 0.044700801075169 0.667376780869555
1610017471.74842 8.93243507444457 -0.205733792116833 -0.467695506039442 0.0287240038030029 0.743316052318666 0.0429656091452259 0.666940877740823
1610017471.88042 8.99829248738775 -0.207331731542354 -0.474742465839989 0.0297462629319943 0.743207254061969 0.0421931549992982 0.667066619628395
1610017471.97942 9.04745286573045 -0.208311721505256 -0.480386034835077 0.0313042734575719 0.742914465933031 0.0426348547332846 0.667293344738732
1610017472.07842 9.0967868414507 -0.209559964133125 -0.485625748492337 0.030823124958495 0.742908338168868 0.0433804498461899 0.667274510691144
1610017472.21042 9.16232422934682 -0.211540105490687 -0.49237575337162 0.028602765939751 0.742912604152731 0.044199182848039 0.667314900633253
1610017472.30942 9.2112772182154 -0.212864681665763 -0.497424799086934 0.0276327696245972 0.742838101730484 0.044388142539044 0.667426158808792
1610017472.40843 9.25989394408847 -0.214014780208001 -0.502622605710808 0.0279231420794783 0.742655707812439 0.0440811768289088 0.667637362375259
1610017472.50743 9.30812231577304 -0.215054782920706 -0.507911861435132 0.0284123262441663 0.742454850841821 0.0438331552552885 0.667856413220095
1610017472.60643 9.35616503180736 -0.216113057831745 -0.513019442124987 0.028824351690071 0.742336679816311 0.0438735781165784 0.667967454066582
1610017472.70543 9.40420083875877 -0.217267959219362 -0.518081208757953 0.0289415714692671 0.742116714734473 0.044134609600277 0.668189571445135
1610017472.80443 9.45202785868974 -0.218511097658701 -0.522989579945676 0.0289183493654199 0.7416842767983 0.044361267614931 0.668655547016369
1610017472.90343 9.50240899898006 -0.219718299449485 -0.527984223710106 0.028796798467809 0.741065258467841 0.0447332216776701 0.669322019635043
1610017473.03543 9.56269485681303 -0.221290373813058 -0.533634748375285 0.0284723884628991 0.740348765000887 0.0433819766838941 0.670217153880649
1610017473.16743 9.62491436526776 -0.223086992607596 -0.539439025969022 0.0298037515131415 0.739661355014668 0.0418609352253869 0.671014514295827
1610017473.26643 9.67153790184155 -0.224382908750782 -0.543813003774924 0.0305864295705001 0.739105660890888 0.0416259230499527 0.671605966989136
1610017473.39843 9.7332931561565 -0.225842759141677 -0.54964361214458 0.0304183800938699 0.738379164074356 0.0416139117381551 0.672412979175127
1610017473.49743 9.77948145203242 -0.22722420850918 -0.553558797475394 0.0292085090003284 0.737987824546758 0.0418039645401404 0.67288428601911
1610017473.59643 9.82563267132916 -0.228853656190717 -0.557555940663436 0.0277205554177966 0.737505256654416 0.0432597637182263 0.673384110339319
1610017473.72843 9.89166379398233 -0.230416056243616 -0.563613200463491 0.0272941333878574 0.736648778433808 0.0435334892506227 0.674320726975117
1610017473.89343 9.96167789663199 -0.23215701162043 -0.569364543120074 0.0296718418612409 0.736017737910496 0.0426299642703265 0.674966782462655
1610017474.05843 10.0374789506455 -0.233876708236654 -0.575889897772811 0.0282403517072932 0.735565555354733 0.0433278386183618 0.67547649456646
1610017474.25643 10.1280575864192 -0.236333195007833 -0.583305854389146 0.0263386686014322 0.736641720914636 0.0427217836789614 0.67441834104917
1610017474.45443 10.2186797379527 -0.238233198688383 -0.591998118038472 0.0296835436424998 0.737175502648503 0.04256438004916 0.673705751113038
1610017474.65243 10.3102795707143 -0.24024579556248 -0.600262334074735 0.0301900002180956 0.738337361905416 0.0419672357714388 0.672447213558869
1610017474.85043 10.4027077771568 -0.242906733629728 -0.608744262090243 0.0288975044249368 0.739274224143613 0.0417993068089944 0.671484455296739
1610017475.04843 10.4965379883785 -0.244789713298855 -0.617840395868766 0.0269479773264001 0.740014394033984 0.0451691658602282 0.670531318877815
1610017475.21343 10.5747920694864 -0.246376745199473 -0.62562418750149 0.0261327051911957 0.740478367891262 0.0448593098601572 0.67007201905717
1610017475.34543 10.640986824436 -0.247331680707982 -0.63230367932459 0.0251518395422538 0.741035711702688 0.0447226781734286 0.66950230843958
1610017475.51043 10.7168741307094 -0.248828399833264 -0.639910405180071 0.0247899492003431 0.741512978749697 0.0438638662272507 0.669044035922893
1610017475.67543 10.7966735872526 -0.250215797446179 -0.647914957364668 0.0227341332213945 0.74214089404299 0.0441343795042529 0.668402729738231
1610017475.84043 10.8769994931994 -0.251206173511228 -0.656354862086865 0.0230698204029813 0.742599466466355 0.043153301388496 0.667945812450181
1610017475.97243 10.9417005991182 -0.25213099755536 -0.662912327726755 0.0228739127003917 0.743092407812193 0.0424952321560952 0.667446337029167
1610017476.10443 11.0066089584745 -0.253307767614067 -0.669626698362639 0.0220328078130787 0.743224114376509 0.0416374681596881 0.667382043835745
1610017476.23643 11.0717831715672 -0.254374223395452 -0.676210622325159 0.0218422706503429 0.742971610013481 0.0397179070912147 0.667786335427063
1610017476.36843 11.1377283670604 -0.255321829692549 -0.682627725514151 0.0202419552795259 0.742936306998909 0.0387136751238423 0.667934995600388
1610017476.46744 11.187389854872 -0.25612303848006 -0.687062789377392 0.0178333750331874 0.743042430272338 0.037276228477556 0.667967364727044
1610017476.59944 11.2539617142718 -0.257197116258856 -0.693744863314158 0.01594211002687 0.743046459164514 0.0382657112826278 0.667954746963448
1610017476.69844 11.3042495803839 -0.257773414276821 -0.698842262656925 0.0150585537558544 0.742903504383519 0.0388110327493569 0.668102781666412
1610017476.79744 11.3548634049426 -0.258223968297448 -0.703664192100383 0.013429016797474 0.742891420302725 0.0390040962616402 0.668139715645812
1610017476.89644 11.405492773378 -0.258742678962905 -0.708210663414144 0.0114266082511215 0.742786687195664 0.0381489232184735 0.668342748599876
1610017476.99544 11.4596850185248 -0.259081444874431 -0.71373684574336 0.0118115739575954 0.742046979924661 0.038113798764942 0.669159252083567
1610017477.12744 11.523758505551 -0.260032395865486 -0.72004951538302 0.0137850121030436 0.741104095028417 0.0377594706226222 0.670185732578462
1610017477.22644 11.574980339749 -0.260491842200832 -0.724496732368146 0.0128403631534289 0.740698578625223 0.0352964821629333 0.67078677613947
1610017477.32544 11.6265824647229 -0.260975862068837 -0.72843832013872 0.0102899277712304 0.740457005724302 0.0341228200528004 0.67115808362256
1610017477.42444 11.6782709070307 -0.261560180950874 -0.732929567238863 0.00908237530270889 0.74005384528976 0.0335604928271547 0.671648352824526
1610017477.55644 11.7472902593101 -0.262486296119689 -0.73955010703595 0.00916874706345627 0.739116132800732 0.0350433834378563 0.672603328558671
1610017477.68844 11.8162658595788 -0.263116023519781 -0.745611770793425 0.00981892418159019 0.738987854971392 0.0327822218054761 0.672849065442016
1610017477.82044 11.8902519732102 -0.263468634549598 -0.752017061946366 0.00946299313534837 0.738504928170841 0.0313685496376316 0.673451510445951
1610017477.91944 11.9381746233545 -0.264451374207484 -0.756009598479547 0.00921648796106833 0.738301190415199 0.0320528293278062 0.673646067837738
1610017478.01844 11.9909774123424 -0.265171662138676 -0.760924472796199 0.00918344214895933 0.738089635529211 0.0340417515859693 0.673780760680811
1610017478.08444 12.02633452614 -0.265600153164572 -0.764161745427782 0.00921448539016839 0.738113679313423 0.0346157061292089 0.673724752817181
1610017478.18344 12.0792849166716 -0.266145687953472 -0.768862469431647 0.00899383435316403 0.73811926105568 0.0351623924738332 0.673693308232879
1610017478.24944 12.1144263169991 -0.26657527224888 -0.772214363240166 0.00983985921266495 0.737941893992342 0.0348251502643596 0.673893275801692
1610017478.34844 12.1674325444212 -0.267132665559226 -0.776742526787807 0.0104540613473674 0.737770096040455 0.0345166508295154 0.674087975567965
1610017478.44744 12.2204640422069 -0.267687325085832 -0.781561374569329 0.0116625555436816 0.737513078433537 0.0339770486841864 0.674376752342777
1610017478.54644 12.2736481953705 -0.268436534325667 -0.786323757873693 0.0126491656959005 0.737459893215291 0.0341974266404786 0.674405990866969
1610017478.64544 12.3269677561246 -0.26936851893316 -0.791045434554997 0.014119898753796 0.737315972930128 0.034393917499669 0.674524160397763
1610017478.74444 12.380442857911 -0.270203999609363 -0.795343080489151 0.0135565342076192 0.737130970962851 0.0337837136432769 0.674768710537256
1610017478.84344 12.4339999262622 -0.271015569957433 -0.799620142988999 0.0129218918374438 0.73689839969014 0.0330788982102464 0.675070040617008
1610017478.94244 12.4877664718231 -0.271898762647791 -0.804087635499151 0.012121527373723 0.736643097648412 0.0342797355583478 0.675303572470286
1610017479.04144 12.5419342519174 -0.272500710901993 -0.808989805510327 0.0120608262925337 0.736392805267974 0.0345038121046159 0.675566177194325
1610017479.10744 12.577409251638 -0.273314560014892 -0.811618373321587 0.0115597389469204 0.736498165941791 0.0339926810071895 0.675485989223908
1610017479.17344 12.6132949796472 -0.273821025188134 -0.81440250738908 0.0113528012000013 0.736655304839877 0.033055317280264 0.675364658355531
1610017479.23944 12.6551255727703 -0.273981979066612 -0.817918025213337 0.0111152250240715 0.73676504864662 0.0327247966357831 0.675264986912956
1610017479.30544 12.6851210532311 -0.274913684918883 -0.820062167772555 0.0106826781278227 0.737003108717049 0.0321535482651223 0.675039589552631
1610017479.37144 12.7210437942454 -0.275416124188348 -0.823016843713774 0.0100876743058577 0.736995046635007 0.0318805282578709 0.67507049408233
1610017479.43744 12.7570813763503 -0.275942746938124 -0.826075668425812 0.0100365177004116 0.736997559206507 0.0320121787335333 0.675062283384899
1610017479.50344 12.7932468216098 -0.276539339919151 -0.829121708802015 0.00965528543651561 0.737020154495193 0.0321263964765478 0.675037748559629
1610017479.56944 12.8294441901926 -0.277055319796332 -0.832083525406253 0.00892283014509071 0.737039098308266 0.0324395437512492 0.675012167792812
1610017479.63544 12.8654979939597 -0.277487022973589 -0.835124306181858 0.00874382032516896 0.737059557536594 0.0323572819993196 0.674996118916026
1610017479.70144 12.9041258765596 -0.277908496120684 -0.838537539330833 0.00830889096396709 0.737086914031572 0.0322233312424567 0.674978148104072
1610017479.80044 12.955776714515 -0.278766844635457 -0.842804275396683 0.00852813397521785 0.737417278685749 0.0319024395015148 0.674629722425908
1610017479.86644 12.9918845401844 -0.279366061976835 -0.8457976499464 0.00868967034676377 0.737596269911163 0.0314705178729593 0.674452250902324
1610017479.96544 13.0458558418593 -0.280113367674333 -0.850493671487564 0.00844603628142332 0.737821968078777 0.0314581422258655 0.67420901297683
1610017480.06444 13.0997073720124 -0.280813660912171 -0.855141078218171 0.00817692559698796 0.738001262087789 0.031524930217154 0.674012947812885
1610017480.13044 13.1356811772327 -0.281379938576997 -0.858263766036878 0.0082211531045584 0.738071721277015 0.0316328910943624 0.673930194525982
1610017480.19644 13.1717458334627 -0.281902187815407 -0.861378507325449 0.00799607221833404 0.738093645580882 0.0318410887463253 0.673899086102401
1610017480.26244 13.2078735499225 -0.282384320727761 -0.864473084658167 0.00798708518289137 0.738154781199039 0.0320446086250246 0.673822579408964
1610017480.36144 13.2653483084842 -0.282919335459584 -0.869904786796758 0.00915786011068054 0.738282372787968 0.0318558724776041 0.673676832774775
1610017480.46044 13.3157217463046 -0.284041014084645 -0.874152543152961 0.00916048671746361 0.738503007640988 0.0321956429814018 0.673418765525084
1610017480.55945 13.369606671767 -0.28483827239412 -0.878971033826989 0.00958171267078017 0.738688278395457 0.0317958202613914 0.673228671372035
1610017480.65845 13.4236525458089 -0.285719268967626 -0.884030125987382 0.00931598207895845 0.738943474238737 0.0317842873486728 0.672952831508737
1610017480.79045 13.4957740638281 -0.286774718097597 -0.890532557767528 0.0087811401616702 0.739228054955733 0.0319174843562565 0.672641099351053
1610017480.88945 13.549757831324 -0.287585575212237 -0.895599563953035 0.00870141931413743 0.739517724197855 0.0321048314718078 0.672314733361772
1610017480.98845 13.6039775008666 -0.288342380414633 -0.900650294670532 0.00923974244826214 0.740026464691603 0.0310083784969047 0.671799031838042
1610017481.08745 13.6595326683303 -0.289033277808044 -0.905795956940672 0.00950530121422533 0.740640717069089 0.0300256281090946 0.67116275159224
1610017481.18645 13.7129673985637 -0.289887039386604 -0.911027616984516 0.00976124462867861 0.741104816138248 0.0292844932501373 0.670679348165034
1610017481.25245 13.7500204629316 -0.290370853874532 -0.914448868689624 0.00949083640185744 0.741409444411659 0.029328789097301 0.670344524771907
1610017481.31845 13.7866699020324 -0.290994535918375 -0.918097186608145 0.00906222760616582 0.741658495565873 0.0297724811312999 0.670055334545638
1610017481.38445 13.825241085572 -0.291449839120699 -0.922199884876577 0.00881173768907173 0.741888859802293 0.0304940633791945 0.669771143808674
1610017481.48345 13.8797492235795 -0.292366365569107 -0.927403123913601 0.0077931946975835 0.742320040172781 0.0310244313980252 0.669281486917661
1610017481.58245 13.9356537794749 -0.293077582711538 -0.933266415434912 0.007847161739649 0.742629366780638 0.0307826427766201 0.668948783204893
1610017481.68145 13.9922801788598 -0.293696547418599 -0.938975501361972 0.00827500915441004 0.743058106686288 0.030147066886682 0.668496319114334
1610017481.78045 14.0494540299186 -0.29427647593601 -0.944858392704445 0.00953022820933069 0.743635433794878 0.0284927557145451 0.667909933469157
1610017481.84645 14.0891718870688 -0.294508282037551 -0.949107772568682 0.00981744561987746 0.744030652121463 0.027808837345259 0.667494325841589
1610017481.94545 14.1473464529992 -0.295503610533805 -0.955253290549373 0.00943350583529662 0.744400184640832 0.0278201771347613 0.667087259523476
1610017482.04445 14.2072328581823 -0.29632396308665 -0.961725714932534 0.00910146542242285 0.744449574303145 0.0286869016858979 0.66700004221791
1610017482.14345 14.2680566187779 -0.29710732403087 -0.968423751508796 0.00847207569097769 0.744788254957941 0.0293962211195151 0.666599235968722
1610017482.20945 14.3089444643462 -0.297635260109628 -0.972899038262574 0.00821363533926628 0.745300865980628 0.0296477297842852 0.666018143507876
1610017482.27545 14.3499323183787 -0.29815186198068 -0.977636633958661 0.00893867479146249 0.745784037587584 0.0296780790779387 0.665466363533708
1610017482.34145 14.3911977104064 -0.298571728636585 -0.98236741743718 0.00948009633238411 0.746205895642666 0.0294357967026566 0.664996558603227
1610017482.44045 14.4535686023238 -0.299231833959014 -0.989698380186808 0.00987829476099283 0.746687477029232 0.0296978653704576 0.66443830995268
1610017482.53945 14.5167012432819 -0.299968680769195 -0.997165113804667 0.0103475039595278 0.747159446908668 0.0306298846005632 0.663858042224614
1610017482.60545 14.5590220730518 -0.300536967093732 -1.00227231973834 0.0105554908208915 0.7475226326854 0.0314504036111447 0.663407391690291
1610017482.67145 14.6016271990151 -0.300980580446631 -1.00770049629392 0.0106666869476951 0.747882140341259 0.0323104463989071 0.662958943677239
1610017482.77045 14.6659992541545 -0.301634929307996 -1.01561747116316 0.0105443459202793 0.748566012385754 0.0333449125326268 0.662137341250435
1610017482.83645 14.7093249148036 -0.302014191871704 -1.02089076808124 0.0100725396316138 0.749036327445602 0.0339340276541665 0.661582652341596
1610017482.90245 14.7525933525754 -0.302489817202062 -1.02628621088947 0.0101096514223085 0.749436662882768 0.0344624542458257 0.661101219574291
1610017482.96845 14.7959568570316 -0.302702218704035 -1.03164041757247 0.0100923338245428 0.749901271081975 0.0350396416334222 0.660544057532739
1610017483.06745 14.8604943228349 -0.303509795196625 -1.0402088562036 0.0100195549727248 0.750442214597884 0.0362193546407356 0.659866842186347
1610017483.13345 14.9034064280165 -0.303861080205369 -1.04577613701886 0.0104991658607154 0.750994587980607 0.0361676324303692 0.659233493312081
1610017483.23245 14.967912714498 -0.304363786644674 -1.05412416458169 0.0104742019502236 0.751827233136928 0.0354038319927083 0.658325657473115
1610017483.33145 15.0321998660305 -0.305154446378182 -1.06246592367561 0.0102593124809228 0.752526833266333 0.0351793876326724 0.657541270497414
1610017483.43045 15.0963825942709 -0.30598313825948 -1.07119648276235 0.0110409920088171 0.753264463171161 0.0354313052061808 0.656669907663136
1610017483.52945 15.1602657463016 -0.306758996981305 -1.07962482384777 0.0111551226428019 0.753915590887832 0.0340553932490889 0.655993197560558
1610017483.62845 15.2241166542753 -0.307482441519598 -1.08854720698211 0.0114001635803894 0.754715402365961 0.0342508907980954 0.655058450965609
1610017483.72745 15.2878471598232 -0.308398210526665 -1.09736937260008 0.0117177806837741 0.755389680798717 0.0330558009859773 0.654336639490588
1610017483.82645 15.3516407953817 -0.309188689921157 -1.10626027785526 0.0108740057866893 0.756245894868926 0.0330606509682612 0.653361229221327
1610017483.92545 15.4153135175505 -0.31012796351253 -1.11549193865191 0.011112485045334 0.757053395637594 0.0327490646834926 0.652437098571244
1610017484.02445 15.4791082066542 -0.310958952512175 -1.12500118312035 0.0113746660975302 0.757756869254595 0.0327588296962272 0.651614919370004
1610017484.12345 15.5431373608869 -0.311786507817488 -1.13483609921204 0.0117025230741452 0.758296115303519 0.0342578348826254 0.650904334920614
1610017484.22245 15.6072464166829 -0.312632919489766 -1.14468767314692 0.0110713167977916 0.758695695492762 0.0344761818028141 0.650438052756308
1610017484.32145 15.6709273860094 -0.313401847228882 -1.15444657602372 0.0119706436623086 0.75911678972039 0.0344177288045408 0.649933706772358
1610017484.42045 15.7353829132159 -0.314021523055788 -1.16465704807811 0.0139970516255692 0.759234660156619 0.0332976740260857 0.649813879712574
1610017484.51945 15.7999936360546 -0.314815713198402 -1.17466300016558 0.0133703456941363 0.759652230697389 0.0339110757094614 0.649307139339101
1610017484.61845 15.8647889355557 -0.315757298190972 -1.18508667878636 0.0147198965617332 0.760130035264711 0.0343569303741658 0.648695040422652
1610017484.68446 15.9081957407144 -0.316353778395386 -1.19214423636281 0.0156959446107576 0.760400678786605 0.0349104871055233 0.648325306396181
1610017484.78346 15.9738329209361 -0.317206157700112 -1.2026299919903 0.017054660068852 0.760583786015378 0.0350407567304411 0.648069123156016
1610017484.88246 16.0399025523355 -0.318072859290888 -1.21326510169622 0.0173433537754519 0.760288925492248 0.0362848738714646 0.648338928170903
1610017484.98146 16.1053337229256 -0.319178678489234 -1.22409878073424 0.0192020510040831 0.759767092714952 0.0372843636176357 0.648841369129877
1610017485.11346 16.1947875856272 -0.320548076386751 -1.23787601066593 0.0196181874601656 0.759277105843278 0.0381741099468618 0.649350552931773
1610017485.21246 16.2614930852021 -0.321670833738049 -1.24786865143291 0.0190545607524052 0.758844807835436 0.0380746717320054 0.649878296843519
1610017485.31146 16.3279611976647 -0.322877687408844 -1.25777993491619 0.0186896256577307 0.758288193663498 0.0383184211832985 0.650523951781441
1610017485.41046 16.3942405381435 -0.323901062814211 -1.26782707627126 0.0191168804821082 0.757615168860566 0.0384574222404006 0.651287054583179
1610017485.50946 16.4601764009629 -0.325009140252843 -1.27788738776742 0.0197177735289845 0.756980157672575 0.0384631671976705 0.652006775322303
1610017485.60846 16.5258113877965 -0.326215943528936 -1.28756668874523 0.0198360514266621 0.756481112259189 0.0386019987416878 0.65257393723014
1610017485.70746 16.5913096797505 -0.327448087436953 -1.29704686334501 0.0191469300119889 0.755981344955845 0.0391989908934939 0.653137841701735
1610017485.80646 16.6564515818736 -0.328711448980255 -1.30631203394514 0.0196997925102158 0.755511068907327 0.0389085469550566 0.65368269665596
1610017485.90546 16.7213848610052 -0.329923663211497 -1.31525115748772 0.0191442805760194 0.755130621497952 0.038930045255313 0.654137365217554
1610017486.00446 16.7861246338327 -0.33100658390301 -1.32455528823974 0.0193179324008897 0.754796769908437 0.039555811242882 0.654479939662372
1610017486.10346 16.8503021226731 -0.332182479485233 -1.33351318675545 0.02034373754993 0.754582141072579 0.0394166062556621 0.654704708909374
1610017486.20246 16.9142154426234 -0.333446788565633 -1.34261560798352 0.01996434271217 0.754438304915961 0.0403783854403196 0.65482352972754
1610017486.30146 16.9776637453357 -0.334578903173292 -1.35180999508603 0.0219047508729118 0.754294652469894 0.0404147602985932 0.654924733304924
1610017486.40046 17.0450936772225 -0.336066541683073 -1.36159238743539 0.0230706744529637 0.75404039567499 0.0407666875553476 0.655155632545699
1610017486.49946 17.1038652479768 -0.337069259924068 -1.36962736855075 0.0232110462316469 0.753986107034931 0.0405964083351772 0.655223724663131
1610017486.59846 17.1665281579095 -0.338367322463048 -1.37848812793564 0.0241635091767424 0.7536849281763 0.0406835715844174 0.655530320326442
1610017486.69746 17.2289732221844 -0.339738242444767 -1.38714755554156 0.0243163817414869 0.753456259594292 0.0406397156554543 0.655790204233507
1610017486.82946 17.3119964479511 -0.341540807093074 -1.39891301317494 0.0246293542519579 0.753282172502092 0.041485611231219 0.655925535072719
1610017486.96146 17.3943054521509 -0.343380208376841 -1.41039126977772 0.024906490386335 0.753155096984294 0.0419851553549161 0.656029201600842
1610017487.09346 17.4895770920508 -0.345591209111935 -1.42323688566625 0.025590824538117 0.752883041337549 0.0421864526028767 0.656302170484425
1610017487.22546 17.5576506585147 -0.346826396926876 -1.43319086711676 0.0258836515157386 0.752773903132061 0.0428158084397103 0.656375116755037
1610017487.32446 17.6184705536099 -0.348081620208914 -1.44173887802545 0.0257407045637951 0.752641477198383 0.0441438772653546 0.656444621448891
1610017487.42346 17.6789259459846 -0.349357477314026 -1.45001433129477 0.0260887542689093 0.752538556759125 0.0440860583968641 0.656552752599986
1610017487.52246 17.7389462782119 -0.350680932657089 -1.45823275296816 0.0267462440095801 0.752315824361715 0.0435484766650394 0.656817378748833
1610017487.62146 17.7987696466515 -0.351964208753913 -1.46653492531833 0.0266612245657885 0.752069725051301 0.0449527960672984 0.657008031831914
1610017487.72046 17.8583358173802 -0.35308449287465 -1.47439180235615 0.0261216355654318 0.752136509608681 0.0440741484964643 0.657012785646801
1610017487.81946 17.935547345982 -0.354815961419587 -1.48415610682125 0.0268992657767338 0.752162382749282 0.0438803246452606 0.656964760536379
1610017487.91846 17.976751715107 -0.355359244842988 -1.49020725803909 0.0254437610250444 0.752123513062101 0.0449268459986081 0.656996510365649
1610017488.01746 18.0355160840328 -0.356448501592038 -1.49809442652673 0.0243750673552608 0.751977390326373 0.0454740561102649 0.657166623277723
1610017488.11646 18.093826783039 -0.357516077525297 -1.5058433375478 0.0249038490707569 0.751880396179055 0.0443159151865474 0.657336875433189
1610017488.24846 18.171240876737 -0.358840296113837 -1.51600996080175 0.0249417171140813 0.751989702760959 0.0430943967838826 0.657291617666557
1610017488.34746 18.2289637547382 -0.359878285007809 -1.52349634443306 0.0243964690433205 0.75210496317706 0.0419699724874843 0.657252963532347
1610017488.44646 18.2862385783336 -0.361114839262045 -1.53107138784331 0.0234488943672125 0.752106871772261 0.0420555987509614 0.657279795368455
1610017488.54546 18.3425583453866 -0.362390707803428 -1.53856273531554 0.0219616148767599 0.751948193431614 0.0440929588992452 0.657379200190002
1610017488.67746 18.4158340612585 -0.363870223739801 -1.54824671175023 0.0207690394870321 0.75179767047633 0.0446387636917073 0.657553260535772
1610017488.77647 18.4694603273567 -0.364940019218162 -1.55525023178516 0.0206194723581494 0.751786611698646 0.0444388512994356 0.657584151516388
1610017488.87547 18.5217572345578 -0.366090627289168 -1.56218349648473 0.0207011342248507 0.751726395767123 0.0433454191472818 0.657723394435474
1610017489.00747 18.5894348330622 -0.367642030700191 -1.57067521651863 0.0204917738959157 0.751748143153041 0.0416768668847642 0.657812933314042
1610017489.13947 18.6790224711571 -0.370656160994927 -1.58142831753575 0.0214140954193708 0.751306814288873 0.0405700055238001 0.658356728508393
1610017489.27147 18.7189187132266 -0.370932878442824 -1.58754266669717 0.0205180223514308 0.750951304106521 0.0402343286612499 0.65881131473031
1610017489.40347 18.7810712611804 -0.372690617778844 -1.59559983571373 0.0213171544461179 0.750442545440044 0.0403198675650666 0.65936019989026
1610017489.53547 18.8413441187228 -0.374491398823974 -1.60344447020729 0.0237139460432034 0.74969600113924 0.0397671258810006 0.660160685241145
1610017489.66747 18.9000267980402 -0.376335008212748 -1.61089266771464 0.0264052184337794 0.748804111826246 0.0389316179864022 0.661119879955619
1610017489.79947 18.9574316935727 -0.37824876487706 -1.6178584946292 0.0281543221086093 0.74746928522775 0.0384328761177576 0.662585779971951
1610017489.93147 19.0135644850627 -0.38041971183927 -1.62456311356655 0.03202576816431 0.745293922131082 0.0381103830734773 0.66487511497269
1610017490.09647 19.1016368499166 -0.384623641474757 -1.63377965785159 0.0350051252656859 0.74096884477935 0.039394813779119 0.669468341983994
1610017490.26147 19.1514888539799 -0.385629797400173 -1.63808733071088 0.0354564063297387 0.735243746163284 0.0409115295843591 0.675637272302993
1610017490.45947 19.2331344399061 -0.389205861653054 -1.64267363479696 0.0343988538324513 0.725297663023768 0.0439079546458829 0.68617207053777
1610017490.65747 19.3124482412194 -0.392703801245572 -1.64393366823542 0.0367928615969953 0.711926438788974 0.041896712023085 0.700036925176385
1610017490.85547 19.3901334153792 -0.396247555181152 -1.64050707818736 0.0365046848819087 0.696189705265601 0.0380453961146601 0.715918885138775
1610017491.05347 19.4669155927428 -0.400283898201051 -1.63297518930089 0.0318763347813364 0.679377414299398 0.0355531681184088 0.73223370617414
1610017491.25147 19.5421179695222 -0.404622732929834 -1.62230697946737 0.0297400575820684 0.661403025261076 0.0349515192675102 0.748625379246125
1610017491.44947 19.6230633546981 -0.409625471035516 -1.60789115320214 0.0287262098821794 0.641394503795978 0.0320167289337669 0.766004454578757
1610017491.61447 19.6751453876769 -0.412018874469713 -1.59155761802285 0.0266238851987599 0.622552362142529 0.0297482304656519 0.781559190280457
1610017491.77947 19.7338477795034 -0.415886678102528 -1.57306254951566 0.0253827610896943 0.601573349671355 0.0289913656662156 0.797887661968436
1610017491.94447 19.7979675541234 -0.420756307717373 -1.55180124592619 0.0247201990620183 0.578815655832983 0.0277051197657988 0.814612653142419
1610017492.10947 19.8473265254596 -0.423179648305658 -1.52574574573025 0.0227292995239752 0.555443607243009 0.0256759031233225 0.830846872844103
1610017492.27447 19.9023173811962 -0.427266441845234 -1.49704012644489 0.021096858915278 0.531516667531155 0.023999143133693 0.846444915992371
1610017492.43947 19.956321676732 -0.43143111167544 -1.4652375701504 0.0212372622333864 0.506812076640105 0.0232105469454778 0.86148230868374
1610017492.57147 19.9983477556089 -0.434793410329152 -1.43736181223275 0.0217819510142537 0.486579469977769 0.0211322309480521 0.873109039479792
1610017492.70347 20.0394905694461 -0.438121249645364 -1.40690680059642 0.0214683032253122 0.465722912352149 0.0195566445385388 0.884453966309865
1610017492.83547 20.0796580320518 -0.441675083140329 -1.37427263133237 0.020487032839465 0.444092785213592 0.0191678383315623 0.895541441576192
1610017492.96748 20.1189734819648 -0.445477475491045 -1.33970093296229 0.0199848468150351 0.42160406405973 0.0203208199565443 0.906331993996898
1610017493.09948 20.1566276807031 -0.449294659158389 -1.30260690752508 0.0185720275964001 0.39912325014598 0.0198470286649621 0.91649430245749
1610017493.23148 20.2056770000339 -0.456330462171025 -1.2620456197706 0.0191373960610748 0.376200016526183 0.0176653366380812 0.926172361668801
1610017493.36348 20.2267202475264 -0.456719042800421 -1.22128663514725 0.0181953919967476 0.352586276498028 0.0172792390459868 0.935442822001074
1610017493.49548 20.2621797941462 -0.461169300783824 -1.17774792067628 0.0187763389270731 0.328226549245016 0.0207644852894015 0.944184101548989
1610017493.62748 20.2914745912823 -0.465053716936102 -1.13341381460208 0.0192938689598032 0.304706593099887 0.0239963771530397 0.951948429604015
1610017493.75948 20.3202457396878 -0.469026334040551 -1.08581737249118 0.0190467254259298 0.281591338276621 0.022931594059809 0.959071260361818
1610017493.89148 20.3469836483894 -0.472667680296812 -1.03627137963019 0.0190785634618905 0.259050795836264 0.0210403667287939 0.965446009138132
1610017494.02348 20.3754857184021 -0.478320066362841 -0.984330030470897 0.0182624061071754 0.237113365247299 0.0227441296977863 0.971043995454669
1610017494.15548 20.3964495835682 -0.481187150061549 -0.933025828809016 0.015584548103145 0.2161709256176 0.0258535790000716 0.975888746338915
1610017494.28748 20.4183543448009 -0.485464128775701 -0.878821681994807 0.0145766874640222 0.196765970908116 0.0265719445174442 0.979981940976325
1610017494.41948 20.4379378171658 -0.489118977847514 -0.822228338816789 0.0142544122961155 0.178278860906896 0.0239573742145877 0.983585026169357
1610017494.55148 20.4546323618245 -0.493074814654815 -0.766000948667296 0.0136931400436916 0.160353453127579 0.022017737008923 0.986719051829248
1610017494.68348 20.4707005171638 -0.497145106579453 -0.707616632830043 0.0125864326478659 0.143076005336613 0.0214180542611694 0.989399871316842
1610017494.81548 20.4852009208582 -0.50131359874847 -0.647983344304637 0.0117352280724183 0.127483678116843 0.0204516724492451 0.991560348808845
1610017494.94748 20.5092094539035 -0.508997034762153 -0.586586394797364 0.0119776776581976 0.114310328710875 0.0176856802703253 0.993215435190827
1610017495.07948 20.5094663158768 -0.509579112757106 -0.52577731370669 0.0123164134379152 0.10359419536911 0.0156941409225845 0.994419550585443
1610017495.21148 20.5207335490809 -0.513747156043953 -0.463044389556274 0.0125237563368423 0.0940760519260882 0.0156265193336011 0.995363583759589
1610017495.34348 20.5321419940007 -0.518605410562826 -0.398256948230055 0.0111388709456277 0.0850284125884869 0.0167213801165298 0.996175933283743
1610017495.50848 20.5473313918124 -0.525750420255822 -0.316698936761393 0.00834637891181655 0.0763560783838975 0.0171598869824077 0.996898001568688
1610017495.67348 20.555581932215 -0.529701616767417 -0.234934237648469 0.00855078236552276 0.0705817427890434 0.016248079746135 0.997337005034087
1610017495.83848 20.5666026224116 -0.535352871606619 -0.15197131862659 0.0138489975532721 0.0655678554273404 0.0158401083798542 0.997626258960711
1610017495.97048 20.5754658467551 -0.540209928635211 -0.0843026523500279 0.016028260196685 0.0629588845232401 0.0160237953490803 0.997758744244954
1610017496.10248 20.5837901312541 -0.545479637701643 -0.0154582651870937 0.0152334910719044 0.0615146390829384 0.0149143829135991 0.997878475121377
1610017496.23448 20.6033032913525 -0.552888197621191 0.0540600713833301 0.0136712947297949 0.0593829418225544 0.0131416968227009 0.998055137617923
1610017496.36648 20.5994113970722 -0.556268756791442 0.124486945827919 0.0140794066160968 0.0570537671852261 0.0122006872703615 0.998197265669188
1610017496.49848 20.6066939653369 -0.561426228693491 0.195366029752731 0.0153694942133882 0.0548329662149809 0.0108041861856762 0.998318783768269
1610017496.63048 20.6138636696613 -0.567284717933125 0.267092004818831 0.0161968513566193 0.0527177567967621 0.00869903211312768 0.998440196989656
1610017496.76248 20.6209304119797 -0.572965623189951 0.339934918649253 0.0165304170212507 0.050376599426103 0.00694383991818934 0.998569339921147
1610017496.89448 20.6384477465 -0.579695855278187 0.413972037388175 0.0154276450834355 0.0484450755991072 0.00562389971182609 0.998690860161145
1610017497.02649 20.6341934119681 -0.584278801239616 0.488785514837256 0.0140779348879449 0.047199298412845 0.00349828611962903 0.998780155976705
1610017497.09249 20.6377386605258 -0.587129401070759 0.526890625592854 0.0137314231513703 0.0468484826062388 0.00277654383185162 0.998803763759469
1610017497.22449 20.6449163472274 -0.592651818447222 0.603040974490368 0.0129968975321127 0.046081379468174 0.0028945300742691 0.998848941940922
1610017497.35649 20.6524691398526 -0.598278429137838 0.680330612619464 0.0121112646228628 0.0454432829676065 0.0042356168354182 0.998884520278688
1610017497.48849 20.6598442357559 -0.603966903781328 0.758409442028547 0.0112667730797556 0.0449720014681096 0.00507001417185893 0.99891184489154
1610017497.62049 20.6670525483341 -0.609578830414061 0.837522966499103 0.0125869096370632 0.0443308515041667 0.00545231161684627 0.998922728547477
1610017497.75249 20.6744328668914 -0.61507446036322 0.917573968097173 0.0129113903093936 0.0436366238441499 0.00623371242125395 0.998944583993132
1610017497.85149 20.6800062976292 -0.619475774338988 0.978497369058098 0.0123570701147533 0.0431838382877233 0.00652898353810937 0.998969384567354
1610017497.98349 20.6872289021778 -0.625342023914367 1.06049700305547 0.0113678456139323 0.0426295758962667 0.00664951535347305 0.999004141778485
1610017498.08249 20.6926324463686 -0.629598757660287 1.12260567968652 0.0119226681272208 0.0421530581955035 0.00630052582009206 0.999020156475276
1610017498.18149 20.6981132889991 -0.633888941043155 1.18492750058893 0.0114941274102692 0.04172094657315 0.00653710474026547 0.999041797881216
1610017498.28049 20.7037343481084 -0.638314784719035 1.24792888328538 0.0121203157927251 0.0412542252300291 0.00739535255573691 0.999047794455466
1610017498.37949 20.70934345761 -0.642741332388366 1.31181424181125 0.0126127794788575 0.0407745281476654 0.00762906315721384 0.999059634377997
1610017498.47849 20.7148646204086 -0.647259796435537 1.3760884172049 0.0127244994312987 0.0403194375267724 0.00824821729661044 0.999071767683971
1610017498.57749 20.7279797198782 -0.651623545242672 1.44154300267928 0.0136880354503168 0.0393726722810524 0.00880052164323408 0.999092078430095
1610017498.67649 20.7251069159865 -0.656668168135387 1.50607151352572 0.0137702493688142 0.0381650044194812 0.00869809482085939 0.999138706995415
1610017498.77549 20.7298061006931 -0.661420861033871 1.57181361631303 0.0132598693030866 0.0370828050723568 0.00884454964780272 0.99918507563692
1610017498.87449 20.7347220775497 -0.666359072748636 1.63780150602708 0.013039499080614 0.0361461736957699 0.00866477214420643 0.999223872470314
1610017498.97349 20.7394289828949 -0.671309994237637 1.70411539779553 0.0142987884720301 0.0352013303915745 0.00799236850813925 0.999245982244875
1610017499.07249 20.7484227318102 -0.675892727576097 1.77126192318478 0.0162590570920022 0.0342148994475152 0.00714871659358158 0.999256663510101
1610017499.17149 20.748431259367 -0.681373600324434 1.83834827823446 0.0176531995646121 0.0329735437210587 0.00708365414956874 0.999275203236574
1610017499.27049 20.7528347071351 -0.686572831624661 1.90637585477794 0.0162309238596866 0.0318338005483155 0.0065713182564254 0.9993397740657
1610017499.36949 20.7569513158165 -0.691886257621844 1.97495372584639 0.0133034592141217 0.0309222776855458 0.00600448410012388 0.999415217457873
1610017499.46849 20.7609979232294 -0.697106977825035 2.04382546821745 0.0114501791862367 0.0299821949628979 0.00584374803751485 0.999467764357953
1610017499.56749 20.7650133230239 -0.702040397308944 2.11265329738657 0.0112690529484322 0.0289845047636723 0.00594876249869047 0.999498633893006
1610017499.66649 20.7689560294771 -0.706705979291978 2.18174297350671 0.012252612882766 0.0281849654407048 0.00625861510909437 0.999508034453734
1610017499.76549 20.7728832634121 -0.711451412367559 2.2515084831191 0.0124768867276352 0.0275904103419113 0.00623320181861266 0.99952200763657
1610017499.83149 20.7756136320988 -0.714639145162846 2.29832373270667 0.0117172093459773 0.0273143024068816 0.00661753663057322 0.999536314546956
1610017499.89749 20.7858503391374 -0.71740622080562 2.3467915728338 0.0107358508458565 0.027076249816681 0.00714291060085288 0.999550197354104
1610017499.99649 20.7824098716651 -0.722735932809723 2.41610810458592 0.0101964740527223 0.0275443552512416 0.00734732675226252 0.999541573522723
1610017500.09549 20.7864267905104 -0.727558719782154 2.48709715716395 0.0104377310741496 0.0284738012559573 0.0080309099357722 0.999507779308227
1610017500.19449 20.7909020092962 -0.732475237552459 2.55820826448265 0.0110792703094039 0.0291371087998286 0.00849144256901301 0.999477950763945
1610017500.26049 20.7965220345764 -0.735284685643586 2.60628914497318 0.011465193735387 0.0294447677689261 0.00950776516468376 0.999455430414592
1610017500.35949 20.7986605420752 -0.740611651202939 2.67784525121825 0.0118353232591988 0.0300216218498264 0.0110787547992127 0.999417774775372
1610017500.45849 20.8032043754396 -0.745672650181688 2.75010738940407 0.0116429779963454 0.0307736062723466 0.0106866718143194 0.999401431490822
1610017500.52449 20.8062398329986 -0.74906845609843 2.79850582262799 0.0117683413572186 0.0313104295853735 0.0101999958720403 0.999388374569711
1610017500.59049 20.8093634734118 -0.752492367624602 2.84695495392495 0.0124218667058362 0.0317730195502098 0.00988450769823981 0.999369035423736
1610017500.65649 20.8125863484631 -0.755903056285159 2.89554886402675 0.0134887596665377 0.0322537459365398 0.00960289459665068 0.999342550705755
1610017500.72249 20.8157196576682 -0.759471456067265 2.94423277394235 0.014958320829129 0.032764323085754 0.00898614188908144 0.999310760987119
1610017500.82149 20.8296251604523 -0.764093018349977 3.01762353011257 0.0158838885563585 0.0335756564446593 0.0076474788551244 0.999280688018036
1610017500.92049 20.8253006654876 -0.770469471136132 3.09188231814612 0.0143042524390513 0.0342319505882147 0.00719350180896665 0.999285652580287
1610017500.9865 20.8287739197951 -0.77419059157483 3.1415191762254 0.0127277170925251 0.0346696459386774 0.00704403632358587 0.999292951251219
1610017501.0525 20.8323283119782 -0.777931414144148 3.19121895824171 0.0116694376327299 0.0351619999618925 0.00701142062674974 0.999288896148061
1610017501.1185 20.8361224267377 -0.781499101208693 3.24115788606359 0.0114530736872966 0.0356400784937788 0.00735625417076574 0.999271983712466
1610017501.1845 20.8399137016794 -0.784890546306839 3.29108505240454 0.0119682582817991 0.0360948973502647 0.00750352964020771 0.999248525754185
1610017501.2505 20.845510524358 -0.788145677099455 3.34120540062504 0.0128515546794434 0.0365269933937645 0.00749787514145957 0.999221896359511
1610017501.3495 20.849480318781 -0.793575110872797 3.41656454839697 0.0133316757562625 0.0372447029550173 0.00782986676846912 0.999186565016619
1610017501.4155 20.8537613343652 -0.79725774915916 3.46661476808214 0.0131112428739277 0.0377460455497763 0.00848014525417162 0.999165360934877
1610017501.4815 20.8574407574581 -0.800842637614681 3.51740670018065 0.0126336494753885 0.0382375663147155 0.00903106196035769 0.999147996716767
1610017501.5475 20.8639773124364 -0.804280831964907 3.56798921012905 0.0120429447946479 0.0387689940657547 0.0090691323386124 0.999134467135644
1610017501.6465 20.8677105990431 -0.810113610050375 3.64382968561502 0.0114885133731634 0.0395752093322345 0.00972801489735946 0.999103189161631
1610017501.7125 20.8720884206066 -0.813665145710193 3.69466621082702 0.0114341200905932 0.0400966350217027 0.0103365078867706 0.999076912636058
1610017501.7785 20.8764740736332 -0.817076243300316 3.74560975451516 0.0115081096547943 0.0406260818413489 0.0106484934358544 0.999051397313442
1610017501.8775 20.8919947872179 -0.821417058166616 3.81826325461274 0.0120977819424655 0.0414162588262537 0.0113415510922572 0.999004357545917
1610017501.9765 20.8896811224565 -0.827737690482286 3.89941330277862 0.0126435175585612 0.0422404259339044 0.0111293772146033 0.998965477303137
1610017502.0755 20.8965718537126 -0.833090229955291 3.97672801997492 0.0116091143948305 0.0430146071985044 0.0116119020077325 0.998939505556913
1610017502.1745 20.903372492921 -0.838731663363281 4.0541090193944 0.0111663734747712 0.0438469066056121 0.0113407109264992 0.99891148214455
1610017502.2405 20.9079280351528 -0.842499228532052 4.10568050269558 0.0118602177032488 0.0444055204985744 0.0108331004119677 0.998884442225799
1610017502.3065 20.912659241357 -0.846185452819246 4.1572890006951 0.0131431999406626 0.0449705297976991 0.0105923893544019 0.998845688298648
1610017502.3725 20.917481329436 -0.84983378086122 4.20906340535447 0.0143417899868852 0.0455010022824536 0.0104230415352407 0.998806954349247
1610017502.4385 20.9252278215218 -0.853248158805377 4.26147389944181 0.014287828147382 0.0460768803928443 0.0100985533761247 0.998784660614992
1610017502.5375 20.9297135688172 -0.859383385882238 4.33969875440585 0.0127098602153272 0.0469845044312685 0.0100815879206414 0.998763874687933
1610017502.6365 20.9373607626345 -0.865181371714848 4.41817404974855 0.0112626286300924 0.0477383471176847 0.0103859518366066 0.998742376899699
1610017502.7355 20.952668112909 -0.869664045177974 4.49012354123542 0.0118794683189318 0.048386332279104 0.0104692089189618 0.998703177498523
1610017502.8345 20.9526887178572 -0.876406359965403 4.57434983506348 0.0127075922152519 0.0493143556799044 0.0100417841936669 0.998651978415992
1610017502.9005 20.9578631372375 -0.880137209479576 4.62642195238711 0.013202968752017 0.0498552099634886 0.00966746180293819 0.998622391015702
1610017502.9665 20.9630672008608 -0.883958557205916 4.67850185493889 0.0132458750792428 0.0504334853751758 0.00898265773761227 0.998599179954733
1610017503.0325 20.9682881749708 -0.887863162557217 4.73053048681683 0.0130132605180278 0.0510600496770499 0.00841435007073893 0.998575347728229
1610017503.0985 20.9736176897904 -0.891728602809716 4.78259514843771 0.0129623145042757 0.0516667426427049 0.00795433840247091 0.998548573985244
1610017503.1645 20.979001747349 -0.895645679070197 4.83463702014411 0.0132662248839122 0.0522985165119634 0.00749304223295017 0.998515261158322
1610017503.2305 20.9847060734551 -0.899458895665124 4.88685312666409 0.0133144438668212 0.0529176332990581 0.00818392458642352 0.998476576114286
1610017503.2965 20.9905179589162 -0.903196820884647 4.93926070773789 0.0135057964919615 0.0535779775675094 0.00864788067611093 0.998434879168744
1610017503.3625 20.9962295891221 -0.907042037734819 4.99164621003423 0.0127759741351097 0.0542587303280712 0.00784246461956917 0.998414373102058
1610017503.4285 21.0022058380034 -0.910944702514587 5.04392414309908 0.0118275584468759 0.0550309567842545 0.00876630312151987 0.998376108781744
1610017503.4945 21.0084297959289 -0.914678773879097 5.09608528012071 0.012990479320943 0.0555066863729436 0.0102222022063605 0.998321472170643
1610017503.5605 21.0193867732638 -0.917655575883821 5.14081861469894 0.013688079420876 0.0560482890324891 0.0101198907375822 0.99828293263471
1610017503.6595 21.0234056974714 -0.924501837870396 5.22560138202254 0.0145257509341691 0.0573492612547405 0.00996047080509383 0.998198804755183
1610017503.7255 21.0294967797574 -0.928468833688136 5.27706736749367 0.0150758294725119 0.0579846217110313 0.00974005768167663 0.998156117191646
1610017503.8245 21.038683289261 -0.934488209798126 5.35481903903756 0.0147305600219776 0.0587986643620213 0.00893136883696216 0.998121214242729
1610017503.8905 21.0449753901593 -0.938448300772162 5.40665222371763 0.0137806759920097 0.0594268338487937 0.0090171156441701 0.998096806934764
1610017503.9565 21.0513007693316 -0.942423190272634 5.45857189519357 0.0133545119805881 0.0600763109007272 0.00871637020129914 0.998066389960524
1610017504.0555 21.0649826136599 -0.947493745484619 5.53079392611646 0.0131056390215261 0.0609361306500833 0.00878605189705036 0.998016951508989
1610017504.1545 21.0706305081748 -0.954132802541077 5.61518068506285 0.0122281556082756 0.0619161498497342 0.00888835796149553 0.997966863022492
1610017504.2535 21.0805017194909 -0.959906849570887 5.69330339366904 0.0129083211301127 0.0627991198162709 0.00861700153919994 0.997905503081518
1610017504.3525 21.0905204319316 -0.965655368949035 5.77147780656434 0.0136998161787599 0.063694613928241 0.00837846506411261 0.997840223941874
1610017504.4515 21.1006111267366 -0.971532436307774 5.84958240643894 0.0146601371953702 0.064564832271167 0.00803103382898241 0.997773504011229
1610017504.5505 21.1109337885669 -0.977610620767653 5.92783246716309 0.0141735888063573 0.0654993397395293 0.00789935958038609 0.997720675335664
1610017504.6495 21.1213557360643 -0.983661455428371 6.00600814511966 0.0130461042046009 0.0663658120990922 0.007675939424602 0.997680539102302
1610017504.7155 21.1284191022013 -0.987685984371678 6.05788083640759 0.0134168551439598 0.066836221143036 0.00766381744851075 0.997644312088974
1610017504.8145 21.139139482878 -0.993567946987898 6.13580350550097 0.013306476003714 0.0675875099782251 0.0080190346633916 0.997592382325754
1610017504.9135 21.1499836555767 -0.999375760095033 6.21332904698884 0.0128611203001803 0.0683635543212243 0.00850498173686753 0.997541318097074
1610017505.0125 21.1605891595393 -1.00539781716536 6.29028684917427 0.0125089704256237 0.0691599897342047 0.0079387094986324 0.997495563083041
1610017505.1115 21.1713647385444 -1.01127630663394 6.36679357700393 0.0139678416549077 0.0698017306735724 0.00795821057685166 0.99743134334093
1610017505.21051 21.1821558561251 -1.01717171766419 6.44345507266578 0.014206846636755 0.070632134145036 0.0074898927107249 0.997373134108764
1610017505.30951 21.1931694939672 -1.02314854135747 6.52043596608989 0.0124813339145926 0.0715406356621036 0.00743384390443213 0.997331886443815
1610017505.40851 21.2064171601405 -1.02815861367255 6.59765921592323 0.0120641929854453 0.0722735629463708 0.00752408506799367 0.997283498053857
1610017505.50751 21.2154575918558 -1.03498232514404 6.67343720443396 0.0128826406237366 0.073023030595709 0.00778554378185726 0.997216656439913
1610017505.60651 21.226940736161 -1.04077504919461 6.75016058990751 0.0141833855449289 0.0736349446074429 0.00821343888272574 0.99715057334831
1610017505.70551 21.2384858352254 -1.04671801534731 6.82639949423088 0.0145711434121212 0.074409032635761 0.0091900323267715 0.997078994336811
1610017505.80451 21.2497941725106 -1.05271256612064 6.90196696146041 0.0148581755436479 0.0751528193784802 0.00857976737541469 0.997024410910166
1610017505.90351 21.2609881872562 -1.05875109052145 6.97731445796109 0.0138788197510245 0.0760261635447551 0.00771600489323869 0.996979369940759
1610017506.00251 21.2725317752082 -1.06472540811175 7.05255635730036 0.0159549527958805 0.0765066638194499 0.00785499278055266 0.996910461857491
1610017506.10151 21.2852248043185 -1.06952217835707 7.13426971657739 0.0149783280232836 0.07689994100032 0.00854261179522315 0.996889699288487
1610017506.20051 21.2959118573378 -1.07648354007247 7.20417179548316 0.0127093040886365 0.0771249479443279 0.00828636356419232 0.99690598963646
1610017506.29951 21.3079460717573 -1.08221278064956 7.27929692093596 0.0128956393275559 0.076757627197004 0.0101210865531371 0.996915007791739
1610017506.39851 21.3203013861531 -1.08755240892474 7.35185935670451 0.0117980388831362 0.0764134875740143 0.0122663386495322 0.996930951536476
1610017506.49751 21.3313171197016 -1.09329798331204 7.4294480032387 0.0122512496455287 0.0762614138155356 0.0114003348773382 0.996947408848462
1610017506.59651 21.3425219847178 -1.09885803687623 7.50388954445276 0.0142548204176517 0.075885152699462 0.010742000595543 0.996956796013671
1610017506.69551 21.3531016855036 -1.10458881760439 7.57851295010606 0.0161614823072055 0.0754254879854308 0.00722864027353524 0.996994257261089
1610017506.79451 21.3639573991993 -1.11023885155296 7.6512492287206 0.015237264708065 0.0751593640017238 0.00468222205217265 0.997044117661664
1610017506.89351 21.3744289481608 -1.11642692429427 7.72792931386209 0.0138840447300911 0.0741126037065956 0.00461720815482345 0.997142535780426
1610017506.99251 21.3851729145799 -1.12233833443045 7.80285340217541 0.0117517704637214 0.0725280458781134 0.00466003909338985 0.997286249021673
1610017507.09151 21.3961204921385 -1.1274406827852 7.87998579318232 0.010772629076784 0.0708869593002615 0.00473014250308997 0.997414966408585
1610017507.19051 21.4058238491748 -1.13316578950766 7.95167768339785 0.0134378362847068 0.0688747697645599 0.00521952373808845 0.997521151263376
1610017507.28951 21.4158253402188 -1.13856559804227 8.02608023932064 0.0134609356595609 0.0671167886584167 0.00527735370089999 0.997640360765976
1610017507.38851 21.425661713783 -1.14424158545774 8.1010156862907 0.0119395864430721 0.0656367923875958 0.00607964296490574 0.997753624750146
1610017507.48751 21.4350664944319 -1.14994237576645 8.17575811997923 0.0119177197156589 0.0639413823387657 0.0054303302683144 0.997867716230245
1610017507.58651 21.4438355393114 -1.15470524260743 8.27402693411921 0.0118526741271015 0.0622197618544047 0.00536178147290877 0.997977688453131
1610017507.68551 21.4533165704726 -1.16085548234716 8.32514909342782 0.0132395092918254 0.0605442581420498 0.00619533899653742 0.998058478233845
1610017507.78451 21.461973491583 -1.16647191230197 8.39966275142019 0.0139381056738413 0.0590934702337268 0.00565094443463537 0.998139147520503
1610017507.88351 21.4703495435493 -1.17225339206992 8.47433734885777 0.0133445695117966 0.0577996267421587 0.00575783649229536 0.998222406546727
1610017507.98251 21.4784646060325 -1.17797170798387 8.5495312644748 0.013736660650805 0.0562304301476735 0.0048864030667676 0.998311357215093
1610017508.08151 21.4862868327018 -1.18379771828493 8.62515455349918 0.0134445039930537 0.0549735697083841 0.00410577051292131 0.998388849394059
1610017508.18051 21.4939397161711 -1.1894687460421 8.70073676329471 0.0142023994815338 0.0537495626305308 0.00404189654312758 0.99844526111266
1610017508.31251 21.5038504813172 -1.19706760136477 8.80122527287197 0.0140337661189627 0.0526067786337594 0.00292569674503975 0.998512403803204
1610017508.44451 21.5138582441281 -1.20445388107497 8.90366913141021 0.0140370259996333 0.0515247485149648 0.00174210755813614 0.998571543382251
1610017508.57651 21.5229507648799 -1.21238248855666 9.00065570425077 0.0142205065397847 0.0504638326294424 0.0010833475115569 0.998624055963138
1610017508.67551 21.5300590249353 -1.21811369769566 9.07570099035178 0.0149731073050677 0.0498338847416269 0.00110977531712067 0.998644660721688
1610017508.77451 21.5367261673023 -1.22353634809821 9.16513051491106 0.013053902423046 0.0494288042770648 0.000695728106355556 0.998692097145898
1610017508.87351 21.5441279078966 -1.22970694667658 9.2247782543891 0.0125801276461417 0.0493497400034182 0.00111408190531352 0.998701708405223
1610017508.97251 21.551048438303 -1.23530385600259 9.29870511082838 0.0132442399702407 0.0493987022209947 0.000488313271347921 0.998691203464135
1610017509.07151 21.5581253673082 -1.24088404726918 9.37287147625906 0.0134653407384028 0.0496423320948522 0.00089700015640027 0.99867588278365
1610017509.17052 21.5652980882223 -1.2465371774271 9.44717995469811 0.015110476484514 0.0496859096198908 0.00108204739236498 0.998649995273167
1610017509.26952 21.5723334395985 -1.25233727953621 9.52144679345719 0.0148721065427356 0.0500148207010454 0.00112511398232422 0.998637107399755
1610017509.36852 21.5786230699466 -1.25794951752548 9.62231657067225 0.0148869938499318 0.050136834953054 0.000695751904982493 0.998631158698891
1610017509.50052 21.5887188040599 -1.26628938021072 9.6950665018816 0.0154002419106333 0.0504486210763725 0.000435234192174949 0.998607820794422
1610017509.63252 21.5981128795657 -1.27413603345729 9.79433480329935 0.0145986145942193 0.0507494244854389 -0.000499704401489002 0.99860458974603
1610017509.73152 21.6051754672796 -1.28000642530376 9.86875688439317 0.0134166464168231 0.0508744411878704 -0.000727095503077455 0.998614668510771
1610017509.83052 21.6123887679152 -1.28557268062416 9.94351208864597 0.0122890873324837 0.050881390953293 -0.00102247313097393 0.998628568055155
1610017509.92952 21.6194738777732 -1.29111891484983 10.0177505137213 0.0116975864266526 0.050995430965865 -0.000930973134685185 0.998629944364487
1610017510.02852 21.6265403869295 -1.29655191135624 10.0916240814963 0.0126230185187571 0.0509550048664856 -0.000592306352916943 0.998620997203502
1610017510.12752 21.6338829609596 -1.3019378185713 10.1665730919531 0.0136415195679602 0.0508655692323483 0.000253714039105714 0.998612306373065
1610017510.22652 21.6403305861998 -1.30723235738775 10.2689819860187 0.0135605855686342 0.0508268887486939 0.00115448337577981 0.998614743065262
1610017510.32552 21.6483403802789 -1.31346092929291 10.3161014867403 0.0145484581265816 0.0508426726767601 0.00132611457255564 0.998599822962814
1610017510.45752 21.658123601452 -1.32123809695104 10.4143300527532 0.0152077280215251 0.0508111137137867 0.00316329992298414 0.998587477022011
1610017510.58952 21.6680483920863 -1.32903228814217 10.51257307318 0.014662923398523 0.0509736154176671 0.0049597096424713 0.998580037097139
1610017510.72152 21.6772280736664 -1.33693566382592 10.6100609499202 0.0153747109030626 0.0512561650154855 0.00291592726503912 0.998562928002406
1610017510.85352 21.6862177752904 -1.34457545198239 10.7073936194888 0.0171944780973176 0.0512194933825234 0.000478344477438435 0.998539275445468
1610017510.98552 21.6953474758282 -1.35238358361636 10.8050994488555 0.0151064660083584 0.0518107571016509 -0.000639646900254826 0.998542453271335
1610017511.08452 21.7016214813364 -1.35819610567565 10.8785581406496 0.0120002710485091 0.0526205902998266 -0.00384901429398699 0.998535052995249
1610017511.21652 21.7103434368507 -1.36510442842621 10.9883478033662 0.0102782282415276 0.0528529646715601 -0.00609648248290423 0.998530798248596
1610017511.34852 21.7202581987315 -1.37166226847893 11.0741069877668 0.0080367720120193 0.0531453766021022 -0.00570883509810976 0.998538125683376
1610017511.44752 21.7277539520375 -1.37645706344026 11.1488575342186 0.00636643834996176 0.053621419117343 -0.00448346722657339 0.998530976182615
1610017511.54652 21.7354800638234 -1.38134121424634 11.2226047851701 0.00676825508216145 0.0537409276127331 -0.00222436676214788 0.998529496617388
1610017511.64552 21.7422661051164 -1.38577201413062 11.3158106958689 0.00960711149345606 0.0535177814654799 -0.00102796837385416 0.998520151903199
1610017511.77752 21.7537709834399 -1.39258064968862 11.3921397779901 0.0104444235511388 0.0532925368044183 0.00283022715520701 0.998520309934597
1610017511.90952 21.7647071739838 -1.39903479427741 11.4902315151644 0.00391315999548653 0.0531246007486008 0.0068285457598455 0.998556876165278
1610017512.04152 21.7760348387182 -1.40459520260106 11.5879485996433 -0.00157145951691295 0.053040296649996 0.0134047384122785 0.998501161959447
1610017512.17352 21.7860179743274 -1.40934538786655 11.6849241134129 0.00121623863707598 0.0525191914371664 0.0128546608441633 0.998536435483926
1610017512.30552 21.7957853808872 -1.4142568055078 11.78100377419 0.00915072280867762 0.0517775366233557 0.0129511647903129 0.998532732715293
1610017512.43752 21.8045707644937 -1.42077126059708 11.8819139249608 0.0111400956732508 0.051889701685259 0.00950894918288535 0.998545410591247
1610017512.56952 21.8135592401155 -1.42804217352429 11.9752245023437 0.0088932886671777 0.0519473660132365 0.0065141916338022 0.998588977451848
1610017512.70152 21.8220833745711 -1.4344831694414 12.0899337865977 0.00796391858042628 0.0511057230698434 0.00659236418893975 0.998639735742952
1610017512.80052 21.8302065521646 -1.43927101451075 12.1445441664319 0.00758835241305855 0.0506319694565665 0.00699572671264551 0.998664047808054
1610017512.89952 21.8368809941797 -1.44380599407062 12.2176557137202 0.00876421349475226 0.0499035078475077 0.00526943248461881 0.998701687966743
1610017512.99852 21.8432885802275 -1.44852519621239 12.2906269528801 0.0108510353125978 0.0486723457841962 0.00377281478260478 0.998748728988991
1610017513.09752 21.8492164871316 -1.45354600907168 12.3638553891131 0.0110289669265646 0.046920663945246 0.00184325658944712 0.998836030381672
1610017513.19652 21.8545346238293 -1.45853953436933 12.4442696666037 0.00962453590550116 0.0447445881585673 0.00124084786588358 0.998951325358597
1610017513.29553 21.8604859832236 -1.46371556931804 12.5109432580585 0.00795987955188737 0.0425192265177409 0.000205097572654361 0.99906391869031
1610017513.39453 21.8657185690049 -1.46853832326419 12.5841696844978 0.00734387614117965 0.0400283848962942 -0.000337100712465645 0.999171497916612
1610017513.49353 21.8709386017494 -1.47315769882175 12.6570649760977 0.0068142422032898 0.0374116059752977 0.000387942443104217 0.9992766320405
1610017513.59253 21.8759434560048 -1.47768014288965 12.7301841547787 0.00774632005709308 0.0347518694852352 0.00188290187039893 0.99936417625078
1610017513.69153 21.8804099576909 -1.48226805641406 12.8228626992345 0.00742637267447993 0.0322399560108845 0.00351862790393017 0.999446373490339
1610017513.79053 21.8847779719676 -1.48698009363547 12.8774899693918 0.00767933530411569 0.0300252313641436 0.00399235853214379 0.999511667947987
1610017513.88953 21.8883398901888 -1.49183660066636 12.950538562742 0.00890480899691698 0.0274017121048172 0.00374441410483319 0.999577825841222
1610017513.98853 21.8915280849083 -1.49662286815134 13.0234868963776 0.00886635078216241 0.0248733315787665 0.00362850356961282 0.999644706464164
1610017514.08753 21.8944345741031 -1.5014079933263 13.0965887430901 0.00925346379600145 0.0224998732506142 0.00375507081964097 0.999696968363225
1610017514.18653 21.8972152431355 -1.50617815121016 13.1697530460984 0.0066583950405355 0.0204949032835084 0.0047933042321701 0.999756294778594
1610017514.28553 21.8997326968698 -1.51073149274345 13.2431247337912 0.0054334614649173 0.0184872065042859 0.00565281112211519 0.999798352878517
1610017514.38453 21.9020693228937 -1.51508650199992 13.3327031797118 0.00601706396324802 0.0163145810862908 0.00643701026028368 0.999828082364238
1610017514.48353 21.9043387651082 -1.51960053028441 13.3897514373754 0.00626400800636745 0.0143844842955608 0.00824902562761424 0.999842888853765
1610017514.58253 21.9063844681398 -1.52405577563523 13.4633883769954 0.00746931945612789 0.0125031905853355 0.0102426519829321 0.999841471220516
1610017514.68153 21.9080111421 -1.5287795464637 13.5369655101412 0.00860948392200023 0.0109605513925611 0.0107279798670294 0.999845314810116
1610017514.78053 21.9088919691879 -1.53365519741727 13.6107479720204 0.00818608389370024 0.00979715953696756 0.00971656460383744 0.999871287750474
1610017514.87953 21.9098303484111 -1.53850227858249 13.6842614757151 0.00877886634079761 0.00867761830043941 0.00989580383046762 0.999874843924454
1610017514.97853 21.9107228144188 -1.54331423991537 13.757994717122 0.00804908168054991 0.00792424108204356 0.00967759299440111 0.999889375321695
1610017515.07753 21.9114925870841 -1.54812668629155 13.8317681890854 0.00661615542634042 0.00746201119626252 0.00937603920842246 0.999906312993894
1610017515.17653 21.9121470060418 -1.55250711483255 13.9185530689184 0.00683655765129843 0.00697254842996337 0.00885850646266077 0.999913082178208
1610017515.27553 21.912953594615 -1.55748531939503 13.9781801659992 0.00668564392991589 0.00682749865151145 0.00901656234232052 0.999913690790827
1610017515.37453 21.9136517867949 -1.56207215607898 14.0507315162707 0.00706186389437769 0.00674727089059885 0.00874380137836017 0.999914071483806
1610017515.47353 21.9144767014234 -1.56664515020056 14.1231877425869 0.0075700126052235 0.00669786074822673 0.00874477720466336 0.999910677231819
1610017515.57253 21.915194973127 -1.57131790749529 14.1953686265643 0.00719650577052511 0.00690527197196152 0.00812337415583101 0.999917265735527
1610017515.67153 21.9159992253215 -1.57593270340229 14.2676614752067 0.00744658156743261 0.00759825123563149 0.0078313624482811 0.999912738574384
1610017515.77053 21.9170375615756 -1.58054291898826 14.34003503218 0.00599572623951283 0.00902791022311183 0.00773542637718101 0.999911351712054
1610017515.86953 21.9181396207785 -1.5852074500966 14.411791774523 0.00579843527785506 0.0108253647318686 0.00703986905930321 0.999899809916163
1610017515.96853 21.9198005444137 -1.58975221502682 14.4831068731519 0.00778305299926868 0.0123517294095558 0.00770391359870497 0.999863745008222
1610017516.06753 21.9209606539296 -1.59408534774588 14.5748108959756 0.00904423912826274 0.0139788571195892 0.00762443434046772 0.999832316587741
1610017516.16653 21.9235803823537 -1.5991508910173 14.6258876583674 0.00855289961683975 0.0156937279141891 0.00802500259702698 0.999808058652068
1610017516.29853 21.9265379959064 -1.60558048023573 14.7211649715191 0.00835121991185273 0.0174845497442197 0.00735100722699194 0.999785232106863
1610017516.39753 21.9288916243705 -1.61040895874751 14.7930861125549 0.00789203725238558 0.0189510694221229 0.00724901619676688 0.999762984151716
1610017516.49653 21.9314959712869 -1.61510186885534 14.8647624766733 0.00800818653496965 0.0205855080133034 0.00680617010684405 0.999732855245206
1610017516.59553 21.934424877921 -1.61972630981265 14.9363995976545 0.00834542040496095 0.0225104674560729 0.00664765756608168 0.999689672579475
1610017516.69453 21.9377125143771 -1.62441999035293 15.0076585111095 0.00827664533683364 0.0247628069393717 0.00658341892932121 0.999637413830461
1610017516.79353 21.9414634421763 -1.62905752816745 15.0788088520167 0.00750100588426711 0.0273791280531771 0.00675386903611223 0.999574161086017
1610017516.89253 21.9456462852693 -1.6337066590229 15.1501374802042 0.00737383880097126 0.0299582824391761 0.0073489911121454 0.999496933534198
1610017516.99153 21.9502126487549 -1.63830942298601 15.221128468994 0.00686835279342002 0.032427259018425 0.00763907616790039 0.999421304114415
1610017517.09053 21.9549721652622 -1.64286964498453 15.2917122487426 0.00740749270092328 0.0346355566629421 0.00821518599144897 0.999338790393758
1610017517.18953 21.959902881505 -1.64738057707905 15.3619294200024 0.00765650442288579 0.0365727493490885 0.00800469329888815 0.999269601674274
1610017517.28853 21.9651848030238 -1.65192258062896 15.4319367883513 0.0084355808636461 0.038459654932508 0.00805178524246643 0.999192105989822
1610017517.38754 21.9707805965596 -1.65653092393067 15.5021044899184 0.00860197756120629 0.0402448037329431 0.00815215583905141 0.999119564471495
1610017517.48654 21.9765255718888 -1.66107141214618 15.5718565311262 0.00815607828198611 0.0419903051733365 0.00825022457503465 0.999050662605741
1610017517.58554 21.9831358689747 -1.66544855404174 15.6798872777181 0.00753901812959523 0.0437145792031555 0.00858990554482783 0.998978684604163
1610017517.68454 21.9887566746139 -1.66975842909986 15.711227134481 0.00705769366403131 0.0452880696573646 0.00873367928401958 0.998910858161537
1610017517.78354 21.9953448053624 -1.67413385600821 15.7818793179238 0.00597525749989919 0.0469130525269755 0.00958404337613994 0.998835125490176
1610017517.88254 22.0019711413799 -1.67865489745255 15.8566934381165 0.00565646404243403 0.0485076847557803 0.00965616999450357 0.998760115000198
1610017517.98154 22.0089318150131 -1.68280969745167 15.9216852645005 0.00635322848598735 0.0501819770566923 0.00983429573902569 0.998671463642475
1610017518.08054 22.0157949283614 -1.68719780109652 15.9925822310304 0.00850315436914284 0.0517062646906675 0.00952854610502746 0.998580675442219
1610017518.17954 22.0223871767878 -1.69169214752523 16.0697707933481 0.00873667668201167 0.0532954694736623 0.00958040140173165 0.99849460655685
1610017518.27854 22.0305956010997 -1.69637656961907 16.1313953005844 0.0096665570240308 0.0548697022693632 0.0100280871248096 0.998396369643234
1610017518.37754 22.0383897977959 -1.70125338019712 16.2007891877767 0.00956162193129423 0.056635195157373 0.0104333105240358 0.998294633906763
1610017518.47654 22.0480759227868 -1.70570489000168 16.32223724314 0.00987701278419545 0.058942757674154 0.0101001329528356 0.99816140140288
1610017518.57554 22.0544948301022 -1.7107581366123 16.3393691525659 0.00941857023768006 0.0619131591574068 0.00936106536101891 0.997993197227884
1610017518.67454 22.0633064931753 -1.71528901384238 16.40917931037 0.0096370103324438 0.0655984545250914 0.00989337014914711 0.997750515922124
1610017518.77354 22.0727633304456 -1.71983080878667 16.4789720902523 0.00857344512982294 0.070085391185377 0.00999406771261021 0.997454085455343
1610017518.87254 22.0827784005678 -1.72439043395414 16.5483703311588 0.00766243102947822 0.0756640362823103 0.010142774761518 0.997052338086785
1610017518.97154 22.0941098007548 -1.72896297625787 16.6304739026321 0.00744584288471001 0.0818979392474875 0.00923280557957052 0.996570139163261
1610017519.07054 22.1056100100003 -1.73323258346927 16.6870783757191 0.00835812481602949 0.0888774849842111 0.00824450699235337 0.995973374401592
1610017519.16954 22.1185812287658 -1.73750952665938 16.7558533061682 0.00848277017453086 0.0967241677003741 0.00760483085262591 0.995246022117416
1610017519.26854 22.135155805708 -1.74191094555596 16.8624537167798 0.00769259452975068 0.105930457756838 0.00669778068068257 0.994321226688227
1610017519.36754 22.1483357676301 -1.74644188148151 16.8910199897077 0.0065663444691994 0.115453549755754 0.00703827228146937 0.993266240084903
1610017519.46654 22.1653505056259 -1.75086583575923 16.9586715515359 0.00740483109414752 0.125126917502499 0.00815640229077278 0.992079581532884
1610017519.56554 22.1838502538497 -1.75526593255043 17.0260213679207 0.00942218272899442 0.134552377896039 0.00947014831673574 0.990816429196651
1610017519.66454 22.1988004637143 -1.75717965028667 17.1529319358927 0.0116940785648032 0.144111288341198 0.0107637231850049 0.989433841831963
1610017519.76354 22.2245662339113 -1.76460761394811 17.1595928521089 0.0141553480414806 0.153359313336599 0.0107771193240619 0.988010324254674
1610017519.86254 22.2463575148926 -1.76977038520728 17.2256250969077 0.0169137864171248 0.163066745183046 0.0102942379304466 0.986416336599245
1610017519.96154 22.2691541477913 -1.77510502131584 17.291043836418 0.0184155132370584 0.173046249525787 0.00922512285676189 0.984698309892706
1610017520.06054 22.2931918822106 -1.78054039844018 17.3557654934188 0.0190316874301021 0.183358514834986 0.00869644868097472 0.982823392930495
1610017520.15954 22.3190076767555 -1.78609881994157 17.4208526206873 0.0173659226290083 0.193496609061018 0.00936251355041615 0.980902559051178
1610017520.25854 22.325230892892 -1.78773273238773 17.5516280819441 0.0165261007431337 0.203694823506018 0.0101935973540753 0.978841865391986
1610017520.35754 22.3741124817971 -1.79692103133238 17.5473301195916 0.0172305572238427 0.213566383392558 0.0112313979643447 0.97671201665698
1610017520.45654 22.4032316077598 -1.80207616699047 17.6092242014552 0.018320818067532 0.22359238702085 0.0113730421160449 0.974444172851725
1610017520.55554 22.4336436851183 -1.80721015649985 17.6703957937147 0.0191590751135508 0.233538103851554 0.0119688772598263 0.972085196815255
1610017520.65454 22.465126406036 -1.81242424098693 17.7307767453931 0.018856316422059 0.243453601856189 0.0125157886536487 0.969648461097431
1610017520.75354 22.4979161118016 -1.817728927954 17.7909071055469 0.0179660151311806 0.253386018168212 0.0133205230391941 0.967106670312602
1610017520.85254 22.5320370588259 -1.82211747205957 17.8648689379289 0.0171997913685621 0.263264812691001 0.0139579330393105 0.964469274617352
1610017520.95154 22.5669944531362 -1.82800643682859 17.9086747944493 0.017601343678894 0.273002956220174 0.0144530837998957 0.961743566115426
1610017521.05054 22.6032981136071 -1.83270166365603 17.9679087339001 0.0183115283194277 0.282776579019077 0.0151380357556996 0.958891513239289
1610017521.14954 22.6245118478748 -1.83452494505794 18.0617376085042 0.0185548308925711 0.292621727444476 0.0158818846624745 0.955916318836292
1610017521.24854 22.6785186366401 -1.84238338942319 18.0777098459721 0.0187713141471733 0.302205028590327 0.0163316834198766 0.952918167827952
1610017521.34754 22.7175001167046 -1.84721429638377 18.1322890103141 0.0191803184377657 0.311780662816471 0.0166978314307478 0.94981372705592
1610017521.44654 22.7575796026524 -1.85196893073485 18.186000147938 0.0193562781539032 0.321213134927868 0.0170868045836623 0.946654898870206
1610017521.54555 22.7719938631878 -1.85242879348093 18.343779550842 0.0195112113049121 0.330743612590756 0.01728584461699 0.94336057525196
1610017521.64455 22.8404611833201 -1.86143530156173 18.2920477122021 0.0203087663665922 0.340163044803579 0.0174429307312335 0.939985319633307
1610017521.74355 22.8832968014629 -1.86622350580324 18.3437366700006 0.020177425266786 0.349665906630295 0.0172263607419736 0.936498733445809
1610017521.84255 22.927283503551 -1.8710367901179 18.3943765122896 0.019949794604982 0.359051725064077 0.0173408646941272 0.932943277394392
1610017521.94155 22.9720526082869 -1.87571965011641 18.4438622394325 0.0197905126001264 0.368392232447156 0.0185038428407401 0.92927558156004
1610017522.04055 23.0179689542914 -1.88021764359235 18.4921371306974 0.0202592345249305 0.377642336961215 0.0192624620416557 0.925529462689886
1610017522.13955 23.064671313021 -1.88471256291282 18.5393630054232 0.0202002830338622 0.386877992670068 0.0202389297242719 0.921687448692097
1610017522.23855 23.1121499826815 -1.88924963114035 18.5853519158902 0.0212655856717907 0.395790746648043 0.020813381591272 0.917858520078425
1610017522.33755 23.1602398672982 -1.89373742144669 18.6304732689696 0.0222879939313028 0.404177787491099 0.0218897790986034 0.914146814793079
1610017522.43655 23.208845617136 -1.89824589378122 18.675094578021 0.0245376273786879 0.412093410030175 0.0223411224828846 0.910537094520883
1610017522.53555 23.2410068001678 -1.89984881759851 18.8120282925211 0.0246850422319441 0.419723875246577 0.0229996107085708 0.907024550464461
1610017522.63455 23.3089507578676 -1.90736279254981 18.7619895434732 0.0247218032963596 0.427068593354768 0.0236007096574303 0.903573049352083
1610017522.73355 23.3596622271006 -1.91186931523132 18.8049316298673 0.0233962379751162 0.433715383424963 0.0247204244498145 0.90040684295721
1610017522.83255 23.4102364744714 -1.91618304055353 18.8481827678068 0.0225722781249212 0.439491577864182 0.0264439383024942 0.897573597747704
1610017522.93155 23.4602682279715 -1.92041136718471 18.8919103467331 0.0231898992166178 0.444398472399517 0.0271649414240076 0.895116915414254
1610017523.03055 23.4979693308111 -1.92332790801632 18.9694209642371 0.0238268359935426 0.44825198468405 0.0278473245125459 0.89315562285127
1610017523.12955 23.5619078177058 -1.92845139447087 18.9787323936556 0.0255509432559137 0.451299934504315 0.0273758801592673 0.891586271541145
1610017523.22855 23.6114586669844 -1.93237668417703 19.0260552387786 0.025261691762393 0.453825576120228 0.0276644420970736 0.890302685625458
1610017523.36055 23.6812994682917 -1.93826948000211 19.0835732112638 0.0241983275599549 0.456432622598783 0.0281875464686635 0.888982094417528
1610017523.49255 23.7489568365352 -1.94307299519933 19.1639489300333 0.0224461640681078 0.458467039572158 0.0291003234690818 0.887951189265808
1610017523.62455 23.8242218699273 -1.94953043440019 19.1911923600821 0.0231233975251952 0.460164326464398 0.0287716890291706 0.8870661142479
1610017523.75655 23.8955188663764 -1.95494616959139 19.2469892351037 0.0246886101436458 0.461578474838889 0.0281190304038936 0.88630982405913
1610017523.92155 23.9887928043776 -1.96128688470463 19.3535358408008 0.0248875908257201 0.463393641228154 0.0274845947136801 0.88537649513957
1610017524.08655 24.0783375791878 -1.96928747351397 19.3820969233989 0.0234151020928132 0.464909676048639 0.0291469228878039 0.884568359708002
1610017524.21855 24.1523158350804 -1.97487873263924 19.4362463538556 0.0243675932924274 0.465473933827805 0.0305062571824047 0.884199980545535
1610017524.31755 24.2077212528875 -1.97896891623581 19.4776787364922 0.0254086461226865 0.465427468947666 0.0306610662466089 0.884189782155281
1610017524.48255 24.3429591322005 -1.99188074369585 19.6370098663514 0.0258286877662837 0.465112994846811 0.0305590249919913 0.884346610161673
1610017524.64755 24.3947583564334 -1.99314351884836 19.6114105515648 0.0251165509191112 0.464643014793583 0.0306358363614241 0.884611481501283
1610017524.81255 24.4885712409218 -2.00020166787558 19.6780884111853 0.024477933480623 0.464085674906898 0.03069502403429 0.884919845307055
1610017524.97755 24.5825302684749 -2.00734191825247 19.7449178960645 0.0250095613874688 0.463701849485824 0.0305890666789931 0.885109838168315
1610017525.10955 24.6576170571042 -2.01325358152867 19.7989253457867 0.0268311625696758 0.463457034726018 0.0285757507065454 0.885251993586958
1610017525.24155 24.7333669729114 -2.01917338238498 19.8529262352932 0.0278804633670262 0.463167032886909 0.0296621770329298 0.885335605667616
1610017525.34055 24.7906658549002 -2.0238410785219 19.894860799601 0.0254294175191657 0.462864131461366 0.0307079992702451 0.885532133415818
1610017525.43955 24.8481235393142 -2.02853469704024 19.9369671497808 0.0251445179409633 0.462494261775915 0.0316343007764722 0.885700898755472
1610017525.53855 24.9055570050778 -2.03306952541968 19.9790260339861 0.0262644872569084 0.461841413112595 0.0311956750509388 0.886024557053251
1610017525.63756 24.9629514078283 -2.03749279635199 20.021139861364 0.0271152624649288 0.461506349764587 0.0305980258921587 0.886194342387677
1610017525.76956 25.0401370190642 -2.04359216452597 20.0771246313362 0.0262896572267915 0.461221381384587 0.0301123739391082 0.88638419221709
1610017525.90156 25.1180678845097 -2.049891453152 20.1332838754024 0.0253620904157426 0.46082481381398 0.0305029713883015 0.886604096584005
1610017526.03356 25.2381423404224 -2.0616524921326 20.2584634248001 0.0250869552472476 0.460131318809721 0.0313269176734373 0.886943311805175
1610017526.16556 25.2740991372399 -2.06211926863863 20.2451058479264 0.026642371654046 0.459011934727885 0.0309442630169872 0.88749122834896
1610017526.29756 25.352205297228 -2.06820526773574 20.3013919763676 0.0274414102929073 0.45769783369765 0.0308746752006517 0.888147744725431
1610017526.42956 25.4300378372452 -2.07474462992088 20.3580439908122 0.0272111318054441 0.456900196272143 0.0300737134570271 0.888592897063244
1610017526.52856 25.4945295618109 -2.08030112828245 20.4122390347439 0.0287180389109896 0.456176929150272 0.0289567528306386 0.88895409893742
1610017526.62756 25.5475380109819 -2.08490857151285 20.4435922826145 0.0281550493610288 0.455485895519612 0.0295871935344441 0.889305622470099
1610017526.72656 25.6066329312105 -2.08994576732601 20.486737239571 0.0271565511383277 0.454828652144865 0.0303811853109082 0.889646223224412
1610017526.79256 25.6461954703824 -2.0933011471438 20.515953048683 0.0267340064391402 0.454405761988535 0.0306202440047416 0.889866898490117
1610017526.85856 25.6999756397958 -2.09757515951432 20.5691078188394 0.0260862202268048 0.454016000077293 0.0307395997223558 0.890080927667256
1610017526.92456 25.7254881475313 -2.09983578992445 20.5745426188925 0.0258787378122011 0.453637345006101 0.0305739101796203 0.890285732875346
1610017526.99056 25.7649450584043 -2.10307183899712 20.6037971964352 0.0257740287454266 0.453308959198709 0.0302731767871791 0.890466294544395
1610017527.05656 25.8046148248297 -2.10634546756598 20.633226877961 0.0253020027811119 0.452927768732751 0.0300991281849483 0.890679677240108
1610017527.15556 25.8636897755443 -2.11128991715229 20.6768804139849 0.025041323643981 0.452236832625443 0.0304761388902401 0.891025243349147
1610017527.25456 25.9227671154943 -2.11609333392296 20.7204817188695 0.0252418754929382 0.451445921419372 0.031004149320355 0.891402361720191
1610017527.32056 25.9622365266318 -2.119326880862 20.7499463679991 0.0253304910351448 0.450892139124509 0.031185296263629 0.891673775770373
1610017527.38656 26.0019264439471 -2.12261440905391 20.7798087294793 0.0255952895115561 0.450313177772527 0.0313193124057957 0.891954048003403
1610017527.45256 26.041687039321 -2.12587443366631 20.8098851634042 0.0255840328827173 0.449770239942641 0.0312441306772074 0.892230907793281
1610017527.51856 26.1175259122817 -2.13491560450166 20.8973646785451 0.0258509371553631 0.449240158988914 0.0312217073390195 0.892491015971949
1610017527.61756 26.1407592666958 -2.13415908453934 20.8847959308844 0.0265340123860802 0.448440722280948 0.030504824217687 0.892897709979304
1610017527.71656 26.1998788446494 -2.13918680716119 20.9295552980375 0.0258905095748728 0.447802456325408 0.0303718972244098 0.893241394854646
1610017527.84856 26.2786452643344 -2.14587386669585 20.9891320142731 0.0256675625401757 0.446852621879891 0.029861723639913 0.893740559678012
1610017527.94756 26.3379201520116 -2.15076766796967 21.0343007343236 0.0257804097977541 0.446111212494451 0.0297216334728322 0.89411228660672
1610017528.04656 26.3973296998237 -2.15573241360527 21.0799671735867 0.0259811155927651 0.445326682457516 0.0296515581858512 0.894499811414787
1610017528.14556 26.4568200324648 -2.16078548768075 21.1258224930733 0.0253660533926944 0.444607087186137 0.0300167847509633 0.894863170541929
1610017528.21156 26.4968468770987 -2.16419677632779 21.1571382037123 0.0254471701461528 0.444071824095217 0.0301060107706983 0.895123614196259
1610017528.31056 26.556134830652 -2.16919092059449 21.2029256192245 0.0257646381707535 0.443239585787955 0.0301731803732032 0.895524668670059
1610017528.40956 26.6153538530517 -2.1742134863969 21.2488459026449 0.0255772228109957 0.442319926038611 0.0302204641333411 0.895983042389776
1610017528.50856 26.67386526962 -2.17925009132467 21.2945576227911 0.0253969407195731 0.441396543956805 0.0301964314995369 0.896444232459426
1610017528.60756 26.7324027902935 -2.18418606039794 21.3405555154461 0.0253896612126517 0.440459582338958 0.0297770652367275 0.896919198041376
1610017528.70656 26.7909632318512 -2.18919948658475 21.3869423164256 0.0251555871842422 0.439538822255076 0.0297289110284754 0.897378967890989
1610017528.80556 26.8493464027652 -2.19428136581547 21.4333188091629 0.0250612124955471 0.43866808782978 0.0293515042440392 0.897819989500473
1610017528.90456 26.9342311607703 -2.20456923011692 21.5209120163292 0.025249790671075 0.437689869133458 0.0292365110654508 0.898295749154878
1610017529.03656 26.9843380774727 -2.20613874753055 21.5405565394148 0.025006221327102 0.436537862334703 0.0285416975948159 0.898885284750838
1610017529.13556 27.042281683802 -2.21119767282528 21.5868309237098 0.0240192146563966 0.435604446480184 0.0296835698473639 0.899327931966477
1610017529.20156 27.0813733638894 -2.21455064072923 21.6188481520368 0.0229647980405012 0.434951512813569 0.0299984204750591 0.899660988551325
1610017529.30056 27.1391956110072 -2.21980002266667 21.6659076932769 0.0222336469101851 0.433979120568561 0.0297666477814873 0.900156505578594
1610017529.39956 27.1967478331638 -2.22475354496928 21.712721570835 0.0240574178410351 0.432933606920266 0.0289346669951183 0.900640060008277
1610017529.49856 27.2538658917991 -2.2296495761034 21.7597654128657 0.0259101017985551 0.431939007984013 0.0274625586120373 0.901112183848968
1610017529.59756 27.3108913310117 -2.2348904205827 21.807053636224 0.0254383020232418 0.430998746594545 0.0267931825570746 0.901595862120367
1610017529.69657 27.3679874992624 -2.24028142329344 21.8544352315058 0.0234742427723254 0.430021962762787 0.0270935526196019 0.902106429904119
1610017529.79557 27.4248423331761 -2.24548021366792 21.9016574016271 0.0223915930679139 0.428945896460745 0.0278404911963508 0.902623366371221
1610017529.89457 27.4814328723438 -2.25034061612579 21.9488090482983 0.0221848385145087 0.427902512970903 0.0283149002112627 0.903108818891332
1610017529.99357 27.5377176453321 -2.25512104759077 21.9960137922685 0.0230142433373752 0.426822581325008 0.0279058451835423 0.903611693416623
1610017530.12557 27.6118814110713 -2.26173482973873 22.058181286688 0.0236192240047805 0.425384079952763 0.0275992612152769 0.904283582489765
1610017530.22457 27.6674628883473 -2.26683805414652 22.1051577811309 0.0236560164170984 0.42439404388398 0.0274908570028804 0.904750982969526
1610017530.35657 27.740871314464 -2.27352298287141 22.1673469303614 0.023587996138589 0.423107618186683 0.0273278838269434 0.905360003885802
1610017530.48857 27.8139587037153 -2.28021807731036 22.2292720345135 0.0234415123898206 0.421720826195366 0.0274078526932454 0.906008195250309
1610017530.62057 27.8861827177324 -2.28669730881462 22.2909881142778 0.0232743441341521 0.420296742543131 0.0268346028939523 0.90669115866445
1610017530.75257 27.9583099465741 -2.29328087721572 22.3531750723192 0.022898915380979 0.41910749228219 0.0265926083221076 0.907258167651268
1610017530.88457 28.0303300759191 -2.29997626815017 22.415776813695 0.0218397390710132 0.418136729863485 0.0259093642305416 0.907751841519228
1610017530.98357 28.0841803907486 -2.30495754812436 22.4625783335551 0.0209937777619036 0.417413590961893 0.0255737953369322 0.908114054713199
1610017531.11557 28.1553387285327 -2.31141877027413 22.5247226566827 0.0209836194550098 0.416344653456 0.0245699860855086 0.908632562170721
1610017531.24757 28.2261771384318 -2.31803252837888 22.5871349241339 0.0215923764315654 0.415554070161601 0.0231253617884634 0.909018042557087
1610017531.34657 28.2795277736966 -2.32297601112345 22.6343022623134 0.0215125866851774 0.41510636005072 0.0222350515803128 0.909246677717755
1610017531.44557 28.332812945638 -2.32812968584081 22.6813213813588 0.0211903484542834 0.414937151357922 0.0216273149919409 0.909346132559873
1610017531.54457 28.3857242913406 -2.33338419329096 22.7279767366583 0.0206151785376522 0.41467003249314 0.0217183298239902 0.909479022691373
1610017531.64357 28.438621590332 -2.33866098351588 22.7744045379183 0.0210337703080404 0.414461930645344 0.0213619795042479 0.909572731772464
1610017531.74257 28.4911861665446 -2.34384180630477 22.8207308173765 0.0211199152652364 0.414620514432201 0.0207871213256879 0.909511777701728
1610017531.84157 28.5436274098723 -2.34892334858508 22.8670743754759 0.0214609768328069 0.4153525929821 0.0196029233519399 0.909196004925498
1610017531.97357 28.6134176893262 -2.35582266816341 22.9287215813292 0.019634064644011 0.417185303570895 0.0186065277417172 0.908418803809901
1610017532.10557 28.6833313498961 -2.36251313860262 22.9896453666574 0.0179862915817859 0.419957850310059 0.0175740205768355 0.907195156004955
1610017532.23757 28.7528952269217 -2.36915886745175 23.0497651198866 0.0179970399255547 0.423683334958428 0.0148884188788218 0.90550917897927
1610017532.36957 28.8251603959287 -2.37645333405136 23.110008755127 0.0187311691608356 0.427927343972985 0.0155916914608218 0.903484493912035
1610017532.50157 28.8946919940281 -2.3819881927668 23.166551207594 0.0153676802277911 0.433595281535113 0.0151494765588927 0.90084929904779
1610017532.63357 28.9665014643132 -2.38834466799708 23.2234531025693 0.0134928805822142 0.43978820645634 0.0155596637791405 0.897865342074517
1610017532.73257 29.0205222884464 -2.39270918793079 23.2641198283085 0.0156293268953466 0.44468753438669 0.0156485525758506 0.895412666709694
1610017532.83157 29.0742456176063 -2.39677173260409 23.3041737542853 0.0170775478582166 0.450343464186614 0.0140521234151921 0.892581458160024
1610017532.96357 29.1475094868524 -2.40277681906239 23.3567634449106 0.0154273989756606 0.457736219659499 0.0156207669314578 0.888816932901905
1610017533.12857 29.240194267124 -2.40962957012008 23.4202481740678 0.0123242843046922 0.4667160861082 0.0176945858586903 0.884144280429111
1610017533.26057 29.3147259430237 -2.41490515849982 23.4690790978829 0.0140054836207986 0.473762947147885 0.0193784298298443 0.880327775771972
1610017533.39257 29.3896442512794 -2.42024090303078 23.5164328616882 0.0162751828248013 0.480858954709261 0.0197462585343655 0.876424480131534
1610017533.52457 29.4656698637604 -2.42519210601093 23.5631292631158 0.0168469929352736 0.487710885516338 0.0213036741273721 0.872582617547808
1610017533.65657 29.5421855724981 -2.43043011549352 23.6086354114568 0.0165510758182655 0.49509433306542 0.0215261651536375 0.868414813018263
1610017533.78858 29.618909300478 -2.43570468445491 23.6522338227788 0.0173135126673378 0.503071903784572 0.0218670590151812 0.863794381569891
1610017533.92058 29.69660555711 -2.44051178416337 23.6944654060462 0.0179353391945605 0.511492045033143 0.0216938775858705 0.858826866807903
1610017534.05258 29.7751995888315 -2.44555833641192 23.7360536362969 0.0148327682753411 0.519997219602104 0.0195309697522006 0.853815800868027
1610017534.18458 29.8542035048612 -2.4503665235549 23.7750150126459 0.013833582885926 0.528117918424201 0.0212027024683155 0.848793580107595
1610017534.31658 29.9342586989058 -2.45495907003728 23.8118792148452 0.0165420356401664 0.536456104020764 0.0239265279816481 0.843426778549559
1610017534.41558 29.9946422501193 -2.45835429918062 23.8384354211474 0.0181881409239895 0.542503704034055 0.025031620523396 0.83948337721067
1610017534.51458 30.0523925266129 -2.46042632425302 23.8641245500197 0.0195329786553175 0.548522789317602 0.0259992002233993 0.835502994567843
1610017534.61358 30.1167141918552 -2.46529372976172 23.8890357243376 0.0211421781216078 0.553785155391082 0.0279290883494686 0.831922457923043
1610017534.71258 30.1783290482325 -2.4689225217884 23.9130795660924 0.0217363831566699 0.559321197713678 0.0294770831961301 0.828141551307294
1610017534.84458 30.2609762191025 -2.47340396065906 23.9440317180141 0.023379244629691 0.567230393189217 0.0306673701678199 0.822655823762247
1610017534.97658 30.3444412782576 -2.47770074506314 23.9740685172897 0.0211343544090691 0.575275045154347 0.0316877720418471 0.817072730293576
1610017535.07558 30.4078568030295 -2.48076958450646 23.9953273559226 0.0193988421555538 0.580803701902144 0.0341316567171077 0.813096411743118
1610017535.17458 30.471300881525 -2.48368006526152 24.0154349703694 0.0199246048972792 0.586150744646479 0.0354109365637826 0.809182538270408
1610017535.27358 30.5259316555773 -2.48231266922607 24.0350428791606 0.021475094898019 0.591794482461195 0.0348459592731016 0.805048986056094
1610017535.37258 30.5979010909754 -2.48909490408236 24.05356485041 0.0241870980384432 0.59771252231091 0.0320440032796329 0.80070463144347
1610017535.47158 30.6618525644375 -2.49204418416745 24.0714467960677 0.0250426202210396 0.60382676922836 0.0306168545183046 0.796133599438631
1610017535.60358 30.748222916796 -2.4963318596394 24.0940915718837 0.0221026165462705 0.61245045313736 0.0303860744194513 0.789615478112623
1610017535.70258 30.8134990765695 -2.49962061835439 24.1096491551018 0.020221112761444 0.619147635401017 0.0309661044270261 0.78440322064142
1610017535.80158 30.8757439043212 -2.49999087865395 24.1234872289751 0.0202172185743967 0.625723390988687 0.0320084970271462 0.779125765304163
1610017535.90058 30.9447182086056 -2.50480569424673 24.1364906994698 0.021285177104102 0.632402434796202 0.0325990304919404 0.773661040062422
1610017535.99958 31.0108547706542 -2.50727921121397 24.148171993876 0.02152556062928 0.63911226083452 0.0337739440975209 0.768069976623668
1610017536.09858 31.0771374611445 -2.50985807600843 24.1588615145803 0.0218453104104001 0.645806459859887 0.0336584299067232 0.762446003932428
1610017536.19758 31.14354443227 -2.51238927397197 24.1682872938327 0.0233839766425933 0.652335168018894 0.0335827229232117 0.756825091367353
1610017536.29658 31.2104662938851 -2.51473693188672 24.1763031434062 0.0252145110047944 0.658670371492549 0.0346368957190129 0.751210926176934
1610017536.39558 31.2780463757456 -2.51715534777497 24.1832803421856 0.0256437101729701 0.66501938665089 0.036328323741689 0.745501085445996
1610017536.49458 31.3461311261493 -2.51960645637131 24.1893306258378 0.0254652495996236 0.671315085205673 0.0375752707759957 0.739780830019432
1610017536.59358 31.4034369645001 -2.50786571617043 24.2016284596975 0.0251311866389946 0.677465951739738 0.0391297038082175 0.734082538936439
1610017536.69258 31.4829598224853 -2.52396588853951 24.1982186707827 0.0265335291490996 0.6833163608208 0.0381902528803602 0.728639984800756
1610017536.75858 31.528847070722 -2.52536082078499 24.2001989925631 0.0277936417994925 0.68725674985958 0.038092238500219 0.724882510903671
1610017536.85758 31.5977689803072 -2.52677872293754 24.202800207561 0.028470691259827 0.69313508688248 0.0379093860153734 0.719246862713729
1610017536.95658 31.6673357157714 -2.5290794016562 24.2039551420517 0.0281600323811143 0.698935166031404 0.0374016934328151 0.713651006857908
1610017537.05558 31.7369142044961 -2.53156053613413 24.2040430713383 0.029354278849295 0.704511672706927 0.0370318386742877 0.708117414174603
1610017537.15458 31.8063437392531 -2.53322358464836 24.2034693277161 0.0306338055491198 0.709853147904318 0.0370983444769226 0.702704625859956
1610017537.25358 31.8726176689083 -2.53161386015825 24.2026901783133 0.0307678199945791 0.714980475497229 0.0383829979674554 0.697411647721465
1610017537.35258 31.947744134444 -2.5378027896005 24.1980720661882 0.029407461839225 0.719810638249671 0.0404791411778886 0.692364994334836
1610017537.45158 32.01897904092 -2.53982868810424 24.1940307800646 0.0282086206952131 0.724427330637329 0.0426923144614944 0.687449403687332
1610017537.58358 32.1136208537283 -2.54208372799735 24.1874883575204 0.0282644001132182 0.730284271715526 0.0417564319775542 0.681279976631977
1610017537.71558 32.2079196045931 -2.54360508013746 24.1798887682281 0.0291183757028254 0.735759081051651 0.0402776109555781 0.675417210990489
1610017537.81458 32.2736940285787 -2.53082666582987 24.1835664531198 0.0293986012448644 0.739222499675317 0.0402081218572087 0.671616799339726
1610017537.91359 32.3513405400128 -2.54712349666087 24.1648173624346 0.030266186695218 0.741343565215002 0.041878358551479 0.669133678230497
1610017537.97959 32.3995037786979 -2.54830593907742 24.159400025054 0.030257404050937 0.742287713612386 0.0431029778761718 0.668008662382758
1610017538.07859 32.4717814699586 -2.55002533600115 24.1510688051707 0.0307932136330546 0.742887543500603 0.0447530909335463 0.667208390652937
1610017538.17759 32.5441788609048 -2.55153571078649 24.1428262579606 0.0312446794424943 0.742899047688919 0.0454670829485896 0.667126314364513
1610017538.27659 32.6159368015974 -2.55201375051086 24.1357268901658 0.0308464959387468 0.742803712919119 0.0455652500970666 0.667244292403812
1610017538.40859 32.7134602389962 -2.55403118074293 24.1253762282415 0.0303531624419801 0.742780867793966 0.0450830683184738 0.667325096875583
1610017538.50759 32.786848931084 -2.55558743422409 24.1174861460284 0.0308429569516973 0.742688282107001 0.0445706113909748 0.667440100853748
1610017538.60659 32.8595537270329 -2.55601128614622 24.1101702602462 0.0309656136552157 0.742550206914278 0.0448028882981442 0.667572484590747
1610017538.70559 32.9299648817609 -2.54741167257354 24.1075321777925 0.0306735692976693 0.742428336439065 0.0455369953509392 0.667671835150527
1610017538.80459 33.0068468771367 -2.55921732785835 24.0942570607925 0.0311486445227857 0.742208055501146 0.0460131479897887 0.667862077457368
1610017538.90359 33.0807694078818 -2.5607396355832 24.0865202454275 0.0306445110439265 0.74206389633 0.0461481614500355 0.668036252684837
1610017539.00259 33.1546409786357 -2.56220149463218 24.0787130444185 0.0310385142877535 0.741855381235584 0.0459593436400441 0.668262630030134
1610017539.10159 33.2283074287805 -2.56241262927225 24.0717907823408 0.0306231926439574 0.741700412751005 0.0461151377314075 0.668443050580447
1610017539.20059 33.301961120477 -2.5519957653528 24.0764440866399 0.0300484374831957 0.741555850782067 0.0468619948275082 0.668577568436521
1610017539.29959 33.3774230009687 -2.56533784928316 24.0561660905383 0.0310261948633472 0.741411581639745 0.0472134743187479 0.668668176067552
1610017539.36559 33.4272419169383 -2.56634536509232 24.0509839587072 0.0314305486283409 0.741301218968597 0.0463993534204229 0.668828620328677
1610017539.46459 33.5017466031873 -2.56784207288364 24.0433153157069 0.0321687991112583 0.741174984051588 0.0453260775344506 0.669006994040578
1610017539.56359 33.5761147651105 -2.56844543925108 24.0363066500406 0.0330205447926904 0.7410211862795 0.0436296452747099 0.669248607887771
1610017539.66259 33.6508282895753 -2.56925298803335 24.029350039273 0.0322716990849651 0.740979283496857 0.0431686332189572 0.669361418049069
1610017539.76159 33.7258101415445 -2.57013690205031 24.0222813541742 0.030441130128366 0.74085696762179 0.0440820960968946 0.669523009258426
1610017539.86059 33.8009644916073 -2.57090195002286 24.0151759130266 0.0298355710735995 0.740695115011043 0.0445070498063219 0.669701207864393
1610017539.95959 33.8762860621457 -2.57155189855308 24.0079899807908 0.0299336560866095 0.740501793236505 0.044977474387172 0.669879166152046
1610017540.05859 33.9519108679213 -2.57307505079754 24.0001976581146 0.0304806893854779 0.740266686603375 0.0454157199890824 0.67008475035455
1610017540.15759 34.0274477891555 -2.57370921229977 23.9928038892595 0.0307955102644216 0.740079210727018 0.0461897975553509 0.67022451536707
1610017540.25659 34.1031537539289 -2.57529073588244 23.9850105268433 0.0309630363278056 0.739915740994707 0.0467117288150748 0.670361097469658
1610017540.35559 34.1786708250823 -2.57611253521648 23.9779721462558 0.0309748521251937 0.739819897408043 0.0468498911534876 0.670456684383027
1610017540.45459 34.2539157405827 -2.57715802758276 23.9712687588913 0.031630575249195 0.739701088730748 0.0455407299427896 0.670647335010159
1610017540.55359 34.3290609172984 -2.57857299920766 23.9645860001494 0.0322040424872272 0.739627020311225 0.043977627740214 0.670806036594307
1610017540.65259 34.4253234170207 -2.5770686754418 23.9836796357151 0.0324430993383342 0.739373123735404 0.0436702758481264 0.671094431663996
1610017540.75159 34.4804991853083 -2.5820362898731 23.9504994659867 0.032076889071834 0.739348382963716 0.0439982727077506 0.671117868779506
1610017540.85059 34.5567746087841 -2.58390776662145 23.9430587772768 0.0305270299819601 0.739094338072772 0.0458093528687695 0.671348764100297
1610017540.94959 34.6329447639121 -2.58558908061828 23.9357072429162 0.0304006735723628 0.73881177725915 0.0468929375990687 0.671590656004722
1610017541.04859 34.7091051646471 -2.58672854965232 23.9287624242235 0.0301839056424124 0.73849310883372 0.0489556773317262 0.67180369283167
1610017541.14759 34.797179245592 -2.58498589648889 23.9391952924033 0.0312599710751172 0.738242172193585 0.0483784893976851 0.6720720431374
1610017541.24659 34.8606479931734 -2.58936047803336 23.914883765818 0.0327495790073839 0.738272311320104 0.0457801253416619 0.672150012673222
1610017541.34559 34.936401412849 -2.5908503960126 23.908580500775 0.0331940194195111 0.738121815518751 0.0438237820050856 0.672423838557833
1610017541.44459 35.0126894479375 -2.59294173642211 23.9016877056662 0.0324411377417604 0.737957431009838 0.0436195163705145 0.672654250258617
1610017541.54359 35.0892129347106 -2.59482141228194 23.8952050778924 0.0305752151128622 0.737775684830215 0.0445344652076931 0.672881027004606
1610017541.64259 35.1657781353492 -2.59656678567317 23.8888496593049 0.028977592022619 0.737543402733307 0.0454762029253896 0.673143330363329
1610017541.77459 35.2674821077586 -2.5984757291577 23.8800085967536 0.0295353418914838 0.737231115062199 0.0450283352253262 0.673491199341414
1610017541.87359 35.3437583343688 -2.59988422421769 23.8734550482008 0.0303906564069382 0.737057228564157 0.0442809744100078 0.673692990263206
1610017541.9726 35.4203165783616 -2.60129030462251 23.8669942641835 0.0305766259727672 0.736907207671545 0.0437783921988202 0.673881510061179
1610017542.0716 35.497052856213 -2.60295285516292 23.860598153317 0.0295091745329989 0.736710765563843 0.044423258979699 0.674101647069891
1610017542.1706 35.5738066558156 -2.60461412394373 23.8541872520208 0.0294097909913839 0.736504559118899 0.0445772175392011 0.674321118064222
1610017542.2696 35.6507613259164 -2.60620194003667 23.8479104066178 0.0296131709703097 0.736309700878685 0.04446670652195 0.674532279811808
1610017542.3686 35.7430105144905 -2.60795283562025 23.8586229067058 0.0299854920394297 0.736146910814153 0.0449708281757183 0.674660077801497
1610017542.4676 35.8045103011977 -2.6093173267966 23.8349713070647 0.0302927965370547 0.736263103558908 0.0448229255599359 0.674529387173026
1610017542.5666 35.8813844473659 -2.61101240807391 23.8286826051514 0.0299836412042138 0.736354483035252 0.0452549969628268 0.674414591941721
1610017542.6656 35.9585566282042 -2.61267267742132 23.8229554952978 0.0304369513161354 0.736462826412654 0.0448112178480102 0.674305607318998
1610017542.7646 36.0355087504539 -2.61449664380162 23.8172291470863 0.0308711111993656 0.736643688825343 0.0439813823926828 0.674142928621176
1610017542.8636 36.1409837626284 -2.61740235738833 23.8363863422044 0.0310616901263247 0.736749070004702 0.0436465340477762 0.67404076977533
1610017542.9626 36.1891014124063 -2.6183155995735 23.8054529788323 0.0297667778790063 0.737081602983982 0.0430920711512628 0.673771268963852
1610017543.0616 36.2660916675975 -2.62018236835694 23.7994033883042 0.0290975326009813 0.737182274621897 0.0436222974415306 0.67365623484515
1610017543.1606 36.3429177339017 -2.62196809431833 23.793047641246 0.0282658029946642 0.737325487739291 0.0438644945512217 0.673519172428558
1610017543.2266 36.3947724711414 -2.62297737978663 23.7893549350579 0.0278128823310965 0.737460583884302 0.0441132834458232 0.673373855311513
1610017543.3256 36.4718519718354 -2.62448419939689 23.7831535045973 0.02821299611196 0.737564678949813 0.0441277165487428 0.673242241580428
1610017543.4246 36.5488810485086 -2.62603471732987 23.7770827919435 0.0278825563726784 0.737702527845364 0.0442197044765162 0.673098923782154
1610017543.5236 36.625931110581 -2.6277346552733 23.771172053263 0.0286453365439724 0.737868410366003 0.0435080101976738 0.672931427953004
1610017543.6226 36.7027856958204 -2.62958592800793 23.7654367700506 0.0282825770981926 0.738069251431231 0.0426919050279955 0.672778772829158
1610017543.7216 36.7799313210571 -2.63152674454704 23.7595500499737 0.0285638710867335 0.738238439077376 0.0423750926868868 0.67260126661858
1610017543.8206 36.856847541572 -2.63363044375279 23.7535814673869 0.0286206712772776 0.738393347690715 0.0410791591565033 0.67250919989598
1610017543.9196 36.9338056168492 -2.63575986024307 23.7475777465509 0.0276236851473106 0.738537705338991 0.0413469027190572 0.672375953947671
1610017544.0186 37.0401939029659 -2.63892441286732 23.7622351682382 0.0272894688797173 0.738597783354566 0.0415163037208808 0.67231316797854
1610017544.1176 37.086486993991 -2.63965378522163 23.7345544417645 0.0267076599726013 0.738779641720444 0.041404854372648 0.672143570907719
1610017544.2166 37.1624121750107 -2.64133885551894 23.7275052691381 0.0261165419532596 0.738938010628745 0.0421051590332262 0.671949178336593
1610017544.3156 37.2387344447286 -2.64299327832049 23.7208561921094 0.025947945653088 0.739028335208536 0.0424725262636019 0.671833244479664
1610017544.4146 37.3144670882359 -2.64457980393775 23.7136109571924 0.0259069117167626 0.739160265594197 0.0430628329804284 0.671652087101437
1610017544.5136 37.3915026871634 -2.64632058529898 23.7071828887123 0.0261597377477058 0.739181759858789 0.0445786907212755 0.671519719998312
1610017544.6456 37.4941827206139 -2.64845021586653 23.69790880681 0.0273151407101606 0.739293941861356 0.0460536463350124 0.67125063297872
1610017544.7776 37.6246631011012 -2.65111584265876 23.7091644441859 0.0291230146670262 0.739483694570353 0.0426154048037113 0.671192701654823
1610017544.9426 37.7215455664597 -2.65396984748927 23.6773012860919 0.0298307948776017 0.740000184760111 0.0397030592516887 0.670770838154156
1610017545.1076 37.8498869622485 -2.65765350074795 23.6661147764897 0.0257797702973106 0.740340586998632 0.0411670573345238 0.67047482583342
1610017545.2396 37.952925742531 -2.65986536843907 23.6568829526616 0.0252885677952202 0.740330970072493 0.042145493277943 0.670443361132577
1610017545.3716 38.0554787882587 -2.66162507843693 23.647423603384 0.0264215356921514 0.740387988880527 0.042029746184482 0.670343963058358
1610017545.5036 38.1582582838 -2.66366256235551 23.6381818390104 0.0266302486015093 0.740587999254204 0.0420044352641868 0.670116312768323
1610017545.6356 38.2606265299679 -2.66585877044171 23.628857727248 0.0258700309942111 0.740751610753852 0.042142676724584 0.669956556397815
1610017545.7676 38.362374153152 -2.66810324117905 23.6192662593876 0.0262043949559869 0.740822741653101 0.0417610903284827 0.669888801570193
1610017545.8996 38.4887587821648 -2.6710402126534 23.6269614422786 0.0264450221425648 0.740896661962087 0.0415950049826962 0.669807922211888
1610017545.99861 38.5406703803956 -2.67186786647685 23.6025635655616 0.0261741502599448 0.74107605438383 0.0420596438156113 0.669591055674408
1610017546.09761 38.617018117338 -2.67363956501218 23.5953635052089 0.0258559688427831 0.741124568959807 0.0425616380578132 0.669517997611101
1610017546.19661 38.6931788025796 -2.67540883253965 23.5881490809247 0.026273772950016 0.741188883966294 0.042851459233155 0.669412040212423
1610017546.29561 38.7693144002597 -2.67711678092525 23.5807992658209 0.0263036019908016 0.741251836506403 0.043686717034817 0.669287162698429
1610017546.39461 38.8455181983188 -2.67888750181179 23.5736099842997 0.0272560979908664 0.741365985790624 0.0430664093614964 0.669162808754131
1610017546.49361 38.9217955283757 -2.68055101766404 23.5664245370339 0.0275758259707374 0.741459869175414 0.042234883709465 0.669098685413786
1610017546.59261 38.9981362114992 -2.68222452607865 23.5592272574748 0.0279330331791668 0.741489009338947 0.0420673200173843 0.669062131101076
1610017546.69161 39.0741489147157 -2.6841526999778 23.5519842341128 0.0271473120694351 0.741657598906251 0.0419834531880107 0.668912863600655
1610017546.79061 39.1502056277081 -2.68605986077832 23.5449547577744 0.0259654040294169 0.741776021861957 0.0421927352780329 0.668815299072918
1610017546.88961 39.2260402458389 -2.68788110723727 23.5379849746325 0.0263093819508695 0.741877933112649 0.0417931491613722 0.668713901055633
1610017546.95561 39.2769199780533 -2.68906939772191 23.5335295853803 0.0261629618217307 0.741886441967093 0.0421378091116537 0.668688576018308
1610017547.05461 39.3863146972381 -2.69047400817911 23.5440326337304 0.0258462437559777 0.7418322704627 0.0432114364715837 0.668692474865633
1610017547.15361 39.4285018810976 -2.69221155226202 23.5191093546422 0.0253002245857597 0.742020558878469 0.042895080537568 0.668524794531414
1610017547.25261 39.5043582159879 -2.69367781410896 23.5120567602585 0.0253488210471723 0.74204026759023 0.0425782458546554 0.668521332139879
1610017547.35161 39.5803854325264 -2.6952049720694 23.5050173896243 0.0243497145572147 0.742057787638007 0.0432824691335289 0.668493798828736
1610017547.45061 39.6562318017601 -2.69658905529277 23.497932320737 0.0239720755480503 0.742079337724158 0.0441743920142811 0.668425178465744
1610017547.54961 39.7318612530915 -2.69814491262897 23.4911119177158 0.0233358727235038 0.742165832698343 0.0443462633786402 0.668340274668346
1610017547.64861 39.8070785638552 -2.69948259648108 23.4841630881378 0.0242485013627771 0.742233953955554 0.0436080722437764 0.668280707347104
1610017547.74761 39.8820412895667 -2.7009011250793 23.4773120617355 0.0256835483633924 0.742229941788975 0.0417858507337722 0.668347971893276
1610017547.84661 39.9869447818277 -2.70186071304643 23.4843816382512 0.0260495784174236 0.742271023676398 0.0411179742508959 0.668329603614989
1610017547.94561 40.0310260030122 -2.70420880357259 23.4628764652821 0.0248127270145549 0.742404518950131 0.0404552418029618 0.668268832305674
1610017548.04461 40.1046995933471 -2.70597876211059 23.4553345836364 0.0239764353615826 0.742478728387501 0.0399229437393577 0.66824892592702
1610017548.14361 40.1800086480709 -2.70747773944274 23.4486491973001 0.0234228045169297 0.742558164177938 0.0397807328633991 0.668188774474776
1610017548.24261 40.2545944331066 -2.70910230691631 23.4419386728992 0.0230379137333298 0.742682888773261 0.0386620064264349 0.668129201961194
1610017548.37461 40.352429937694 -2.7116626492221 23.4326479529815 0.0230565518890774 0.742802873754882 0.0371811059794948 0.668079225477501
1610017548.50661 40.4495621353109 -2.71407453514088 23.422956966708 0.0234321685802159 0.742785983623444 0.0359880669940544 0.668150263819608
1610017548.63861 40.5595846810016 -2.71631071857902 23.4192747563829 0.0225967787771561 0.742730334454493 0.0351234415067826 0.668286899263133
1610017548.77061 40.6434651789393 -2.71950789978038 23.4044357165504 0.022426971758549 0.742034032605359 0.0343428937590934 0.669106188165542
1610017548.86961 40.7170391833736 -2.72136410549299 23.3980749950748 0.022301941994084 0.740993129315526 0.0342954663503415 0.670265340502021
1610017548.96861 40.8250777162413 -2.72321855096857 23.4056881333892 0.0221895631835945 0.73951851757384 0.0347808074738792 0.671870732271154
1610017549.06761 40.8637648069398 -2.72553737537513 23.3863177112045 0.0216449150366033 0.737728056795963 0.034181385365365 0.67388459305998
1610017549.16661 40.9373833502129 -2.72756859265528 23.3811005301369 0.0214598558279008 0.735390111512518 0.0343127452432177 0.67643439740401
1610017549.26561 41.0111571446737 -2.72958048053877 23.3765175773253 0.0216314712609776 0.732512367132651 0.033707724990394 0.679574499760533
1610017549.36461 41.0848684913532 -2.73166720669511 23.3726166869515 0.0216317877548923 0.729253459936936 0.0332939923490455 0.683090745803218
1610017549.46361 41.1584049817476 -2.7339083662928 23.3695886628255 0.0214956301469767 0.725710743241341 0.0320659266343205 0.686916029349852
1610017549.56261 41.2615833199054 -2.73633993606284 23.3790196629696 0.021215745939258 0.721847194775737 0.0315770400216663 0.691006085401648
1610017549.69461 41.3302988655993 -2.73917787669441 23.3657450546966 0.0192338143078491 0.71673714324766 0.0312730456071724 0.696376280824388
1610017549.79361 41.4043155146407 -2.74149350157652 23.3655178927569 0.0181742533681665 0.71268750446124 0.0308770140269284 0.70056607647252
1610017549.89261 41.4777187232745 -2.74379893646404 23.3661768017074 0.0181606022904876 0.708467254319031 0.0298191819691438 0.704879534721212
1610017549.99162 41.5508612442702 -2.74603145386173 23.367604377068 0.0181980382281448 0.704039436195228 0.0288711364127335 0.709340370463144
1610017550.12362 41.6481119045313 -2.74928962679761 23.3705816463542 0.0167799601301614 0.698069639355525 0.0293668161240486 0.71523059334652
1610017550.22262 41.7215233825573 -2.75157574798028 23.3740013504972 0.0151997069798622 0.693545228855142 0.0305176955390387 0.719605902351407
1610017550.32162 41.8107556362262 -2.75382721160844 23.3842881656776 0.0141731615557347 0.688902486409836 0.0314823593638038 0.724031316145061
1610017550.42062 41.8665889506462 -2.755826253905 23.3832283339288 0.014171478965216 0.684280426135512 0.031407213108245 0.728404458083909
1610017550.51962 41.9392212307278 -2.75790657414021 23.3892364869372 0.0153108491225316 0.679564672187005 0.0311002151751977 0.732796159126515
1610017550.61862 42.0122203958316 -2.76021464565666 23.3963694355209 0.0160028857097177 0.674894088015267 0.0306100715098752 0.737105759801919
1610017550.71762 42.1029441889094 -2.76270879005479 23.4113560222307 0.0168252009913031 0.670127616413787 0.0303086834614379 0.741435954103935
1610017550.78362 42.1352648209908 -2.76422630183676 23.410551370509 0.0170696000285652 0.667370167300885 0.0298712559003617 0.743931042921714
1610017550.88262 42.2065172345555 -2.76674294501683 23.4195162114785 0.01698584233302 0.663290109547961 0.0290009746257415 0.747607286753446
1610017550.98162 42.2797593026531 -2.76940991614632 23.429963356275 0.0174480195134323 0.659720528934299 0.0273860786416784 0.750809158850862
1610017551.08062 42.3526239007022 -2.77233332911478 23.4408110940708 0.0185263658226521 0.656449739530978 0.0265037235887496 0.753676366801459
1610017551.17962 42.4253176069401 -2.77542654692793 23.4522788927144 0.0195173704674737 0.653247101019388 0.0250429140381429 0.75647878338806
1610017551.27862 42.4981419907942 -2.77858840622914 23.4643634514569 0.0205567613694769 0.650014947375207 0.0241216533509483 0.759260254188524
1610017551.37762 42.5712994328859 -2.78202237963037 23.4769914559364 0.0194764651813576 0.646807309230268 0.0247032625614529 0.762004409993249
1610017551.47662 42.6482109148258 -2.78556458446067 23.4927357280328 0.0176596082993837 0.643206953036365 0.0258315375990488 0.765052733780919
1610017551.57562 42.7153477044059 -2.78867732751295 23.5037443337235 0.0169880305975392 0.639335187291609 0.0265171246514185 0.76828299942628
1610017551.67462 42.7893675082484 -2.79188075903685 23.5188383169539 0.0192759267110678 0.634807308880533 0.0264855797450821 0.771975798394517
1610017551.77362 42.8647937545473 -2.79512770948249 23.5358586775329 0.0203095765472265 0.630101245201843 0.026512708799558 0.775794443243615
1610017551.87262 42.9328503451304 -2.79830850550136 23.5501918118361 0.0211265683919595 0.625357441269278 0.0270450410815891 0.779583417287731
1610017551.97162 43.0051354572459 -2.80178794258565 23.5678885408421 0.0199639443374393 0.620637399155161 0.0262365386995436 0.783404304132596
1610017552.07062 43.0788921311141 -2.80555232573324 23.5871238227732 0.0183784336491087 0.616002707437161 0.0271258581971709 0.78706231355831
1610017552.13662 43.1239818927084 -2.80766815349356 23.5988112079092 0.0180064888220069 0.612752874514149 0.0268083531056665 0.789614458668731
1610017552.23562 43.1973449669102 -2.81111710585447 23.6194771645615 0.016948035121411 0.608140220012962 0.0252324856366887 0.793247476249817
1610017552.33462 43.2681199453093 -2.81444763109093 23.6399480203892 0.0178985007958811 0.603373182677435 0.0238609380021943 0.796900935959181
1610017552.43362 43.3386894621188 -2.81791987455158 23.6614784774124 0.0182556755067307 0.598326501894746 0.0225039373561006 0.800728231203111
1610017552.53262 43.409553495093 -2.8218084214376 23.683885082807 0.0175988350820586 0.59324106480773 0.0216851882203705 0.80454028652479
1610017552.63162 43.4804150405895 -2.82563751434016 23.7071900293288 0.0168846197861976 0.587995354759311 0.0216766706646334 0.808397485365364
1610017552.73062 43.5503260069615 -2.82900982302141 23.7311881332613 0.0148407739103081 0.582909511350078 0.0215071772973723 0.812116798454542
1610017552.79662 43.5980269234964 -2.83175139415303 23.7485468996755 0.0142148127250112 0.579603763439654 0.0209445904519291 0.814505212160477
1610017552.86262 43.6448883481416 -2.83414469068759 23.7657951782096 0.0137016864477343 0.576226435114115 0.0205220137397794 0.816917502699159
1610017552.92862 43.6916707777556 -2.83657486252527 23.7833311791833 0.0139921141609761 0.572743322660067 0.0201675298395328 0.819367181323358
1610017552.99462 43.7383016320632 -2.83906038124738 23.8011337379046 0.0146894199971708 0.569155584098489 0.0194872967662163 0.821867621514804
1610017553.06062 43.7848636793884 -2.84131489893196 23.8194347905508 0.0153224473911094 0.565528779737902 0.0187203333798803 0.824373684085229
1610017553.12662 43.8312955011885 -2.84417674584553 23.8383074174175 0.015733743291177 0.561961972170446 0.0182349812644826 0.826812358769893
1610017553.19262 43.8778381079983 -2.8468101416328 23.8574909674653 0.0157808605389348 0.558280576365059 0.0181651766970874 0.829303194766373
1610017553.25862 43.9243282797241 -2.84957388486976 23.8771631782881 0.0150545845644461 0.554602711351682 0.0185313567913603 0.831772673787992
1610017553.32462 43.9705858761137 -2.8523377829981 23.8972661699583 0.0143979967811163 0.550828280966173 0.018601671310952 0.834287049162925
1610017553.39062 44.0168313985083 -2.85505492243672 23.9179173886169 0.0141703656573886 0.546999454789385 0.0184059881021706 0.836810621825054
1610017553.45662 44.061765455519 -2.85351510460032 23.9377603954496 0.0140419175368876 0.542991482449899 0.0182133016312296 0.839423224709942
1610017553.55562 44.1314765068682 -2.86162944880576 23.9714264070562 0.0138206207282396 0.537312709276935 0.0173540208291965 0.843091264842203
1610017553.65462 44.2000272740195 -2.86557675481898 24.0049560323759 0.0138295370012095 0.531499644468542 0.016867032134549 0.846777642042536
1610017553.75362 44.2679628440599 -2.86937883822408 24.0391220280339 0.0138095247497146 0.525508794176967 0.0168149629407561 0.850509883123152
1610017553.85262 44.3359694483583 -2.87381831196373 24.0747067796696 0.0133637857360779 0.519941090491272 0.0163546706622901 0.853940979457641
1610017553.91862 44.3802812163515 -2.87463971718753 24.0984676968932 0.013681737221684 0.516492208481009 0.0158306887644059 0.856036212982985
1610017554.01762 44.4479323014967 -2.8809131224288 24.1358135806797 0.013609200538407 0.511636874726239 0.0148064493348078 0.858966394650669
1610017554.11662 44.5145624817382 -2.88526730476958 24.1735755551315 0.0128168389308513 0.506739361982389 0.014413097637476 0.861883524772341
1610017554.21563 44.5804896933598 -2.88960650284352 24.2118460111562 0.0130271285484919 0.501594711343983 0.013993219771308 0.86489145519768
1610017554.31463 44.6462514216122 -2.89423524269742 24.2507859197787 0.0132302882813362 0.496463223014044 0.0142837248764484 0.86783938771535
1610017554.41363 44.7127454654926 -2.89457459870558 24.290644230723 0.0144266673306584 0.491114192967182 0.0134139237251272 0.870872428881648
1610017554.47963 44.7543166412628 -2.90179276380313 24.3176169946988 0.0137200079545553 0.48745926416651 0.0132247793527363 0.872937759734933
1610017554.54563 44.797186561612 -2.90486292599692 24.3449950151645 0.0137143902202393 0.483704503158604 0.0134493591304425 0.875020561966378
1610017554.61163 44.8400384395468 -2.90794425761826 24.3727577298332 0.0133267465840446 0.479802823660878 0.0142374075880673 0.877159588933339
1610017554.71063 44.9035954422356 -2.9125036664084 24.4150020032033 0.0130114028134621 0.473887835157978 0.0144891037086518 0.880369859184099
1610017554.80963 44.9683747067889 -2.91398837083895 24.4591307644839 0.0136743107103078 0.467789387407779 0.0145222346853479 0.883614852158448
1610017554.90863 45.0293607129483 -2.92084166690553 24.5023659883845 0.0139425721692266 0.461782597749868 0.0148118599716845 0.886759858079327
1610017554.97463 45.0706229993001 -2.92389065347616 24.532017903814 0.0144681142612036 0.45772276848207 0.0152373943125404 0.888846647458041
1610017555.04063 45.1115642471897 -2.92699962690152 24.5621571433474 0.014920105385356 0.453709880099441 0.0155421053488803 0.890888981925787
1610017555.13963 45.1730473999524 -2.93100437604833 24.6083863583305 0.0155740447521274 0.44770583709102 0.0153428343461897 0.893913603207219
1610017555.20563 45.215289991104 -2.93237757943315 24.639829225962 0.0159020104323135 0.443513606310624 0.0152974248333132 0.895995979831955
1610017555.30463 45.2729245153414 -2.93907083085706 24.6866371249631 0.0160779984893653 0.437453378745018 0.0150761935361489 0.898970938227485
1610017555.37063 45.3124728189785 -2.94229313681427 24.7187186631274 0.0160274996520788 0.433356235323485 0.0148375989726559 0.900958011351187
1610017555.46963 45.3716905995788 -2.94663835467671 24.7677230616433 0.0153051318296439 0.427337414861031 0.0145460354184705 0.903845617156588
1610017555.56863 45.4294763490283 -2.95162588701904 24.8171927287277 0.0152605036596161 0.421381674562676 0.0134716100047416 0.906654905184266
1610017555.66763 45.4935664850815 -2.95487257032335 24.8680456678145 0.0155404797188941 0.415314963903813 0.0128099806144552 0.909454715004732
1610017555.76663 45.5433991183597 -2.96136272872446 24.9184160685372 0.0157560039168732 0.409616833953553 0.0118767195157117 0.912044264943311
1610017555.86563 45.5995237204209 -2.96647053683459 24.9699808896139 0.0152964858332371 0.403683230969266 0.0122198216738217 0.914689314747706
1610017555.96463 45.6549218454253 -2.97160813457364 25.0222683677058 0.0144027058902702 0.398227150356059 0.0120996961775268 0.917093940736031
1610017556.03063 45.6922770250228 -2.97478939951554 25.0577186355 0.0141349477929483 0.395078973908675 0.0120840003027619 0.918458918277155
1610017556.12963 45.7465657472051 -2.97983838731234 25.110824767952 0.0143630929188857 0.391042685829306 0.0113406080831826 0.920190583536644
1610017556.22863 45.8008774957465 -2.98483604488693 25.164391250083 0.0147881321345315 0.387226983830222 0.0107222604452164 0.921803453710532
1610017556.32763 45.8544886933715 -2.98998781366925 25.218110468949 0.0158062524512793 0.383313960069905 0.0105054942258406 0.923423090998944
1610017556.42663 45.9078224608459 -2.99521586459038 25.2724165499762 0.0157645131559002 0.379515935126169 0.0108444823036619 0.924987314677252
1610017556.52563 45.967818891292 -2.99930594556861 25.3279893587574 0.0155329175366169 0.37592939221807 0.0100660754635456 0.926463434067484
1610017556.59163 45.9956934231151 -3.00409958244659 25.3644602525767 0.0146156706593292 0.374335549272152 0.00891897685373055 0.927135227771104
1610017556.65763 46.0306201524681 -3.00762066143498 25.4014769214901 0.0140843105288145 0.372818318121975 0.00825899540128361 0.92776070344922
1610017556.72363 46.0655006389605 -3.01116169546308 25.4387566502025 0.0136825244643308 0.371523654467441 0.007718957510326 0.92829056894401
1610017556.82263 46.1176615039992 -3.01635518027878 25.4946064418784 0.0135218038460317 0.369572623246866 0.00753260746353196 0.929072923290728
1610017556.92163 46.1694953437569 -3.02151036845633 25.5505614340505 0.0121704236741306 0.367531586265257 0.00715662057115224 0.929903864206906
1610017557.02063 46.2211739093496 -3.02678774037761 25.6066273267245 0.0110708291049149 0.365614639801846 0.00649444123068652 0.930677814358222
1610017557.11963 46.2718508895533 -3.03186966920947 25.6626318085996 0.0111863851043001 0.363873674489941 0.00496934862323289 0.931367875426111
1610017557.21863 46.3254321322833 -3.03671839994394 25.7191434762058 0.012505969622421 0.362118557091359 0.00279328078185298 0.932043962974038
1610017557.31763 46.3720529316785 -3.0422026842947 25.7744367107693 0.0132853440225069 0.360370125710295 0.00122583647997626 0.932713980518505
1610017557.38363 46.4051249825817 -3.04580492788453 25.8118167141595 0.0127536312090626 0.359138429075919 0.000569788293055207 0.933196982953313
1610017557.44963 46.4381917344694 -3.04952774153979 25.8491782762623 0.0118423812744423 0.357907678606479 0.000599599777517112 0.933681686700761
1610017557.54863 46.493022938409 -3.05398720381754 25.9046000550818 0.011074623947079 0.355976798868722 0.0015785461282144 0.934427835396468
1610017557.64763 46.5368914082109 -3.06038340035409 25.9609709176406 0.0112133405568475 0.354228302567026 0.0011513998837317 0.935091035638962
1610017557.71363 46.5693579179692 -3.06386565117561 25.9982328470278 0.0115233695903806 0.353069129052953 0.00126769440036142 0.935525411206975
1610017557.81263 46.6179960495973 -3.06901861514065 26.0541430176166 0.0119117492049163 0.351219376095657 0.000997723164089859 0.936216889739949
1610017557.91163 46.6664712863191 -3.07430593866641 26.1099239286448 0.0116201681957046 0.349396717063087 0.00201858458119844 0.936900651677076
1610017558.01063 46.7147618174063 -3.07966002379732 26.1655043508079 0.012052975959882 0.347712159052314 0.00301922689309536 0.937518994200468
1610017558.10963 46.7626182624874 -3.08490202548011 26.2210294519799 0.0122339882717672 0.346480213736954 0.00341993884401717 0.93797126557164
1610017558.20864 46.8126850022306 -3.08930567440248 26.2759361141464 0.0117885283953862 0.345711857255823 0.00430472412342894 0.938256794114075
1610017558.30764 46.8566773692694 -3.09528259329811 26.3313050196111 0.0113311664387531 0.345159302220347 0.00508396053486557 0.938461940679099
1610017558.40664 46.9028798186001 -3.10029616681603 26.3859109283258 0.00989220588304851 0.344790572932144 0.00589765073281867 0.938608982908072
1610017558.50564 46.9484505730247 -3.10515846974345 26.440170222505 0.00891431979073753 0.344419950317263 0.00609467266418073 0.938753581985837
1610017558.60464 46.9939873021626 -3.10978749816559 26.4938653868028 0.00894574361643347 0.344006218751952 0.0066604470857495 0.938901130884265
1610017558.70364 47.0388692504031 -3.11424493627617 26.54732462849 0.00863809924220493 0.343697961391654 0.00597994906789465 0.939021477276131
1610017558.80264 47.0835921073095 -3.11874436105302 26.6004738177863 0.00914173297202886 0.343363162713898 0.00518274856215231 0.939143922051737
1610017558.90164 47.1267582823965 -3.12366767602788 26.6481851785221 0.00987953749117565 0.34296346551502 0.00496707328932411 0.939283654836933
1610017559.00064 47.170996469421 -3.12803106035529 26.7051035416078 0.0105414543935537 0.342262677206516 0.00441287929254736 0.939534812567925
1610017559.09964 47.2137439551877 -3.13282242857486 26.7567404814733 0.0103458261684277 0.341738285727179 0.00440108148416549 0.939727906593665
1610017559.19864 47.2565162979713 -3.13748430659229 26.8082246757957 0.0101530629643374 0.341092843407709 0.004049300486826 0.939966058245751
1610017559.29764 47.2982125574842 -3.14216967362939 26.8589892999178 0.00988102893914028 0.340158787035885 0.0040909639642083 0.940307199208441
1610017559.39664 47.3397910113314 -3.14679736221072 26.9093942737138 0.0103042162519087 0.338649597372242 0.00411889853367484 0.94084712254538
1610017559.49564 47.380022631056 -3.15369222828851 26.9477469622644 0.0108503611229817 0.336835018860865 0.00438210439013684 0.941490964849698
1610017559.59464 47.4202948879543 -3.15598028772822 27.0090750532268 0.0114313705147865 0.334793185107997 0.00319367164746098 0.942216879192261
1610017559.69364 47.4592769103639 -3.1605930819349 27.0584435869049 0.0107960719028327 0.33290541822044 0.00278320405251731 0.942894310687123
1610017559.79264 47.4977049281341 -3.16521092904026 27.1072447619248 0.00992824836593953 0.330961018983199 0.00284178120427239 0.943587917513558
1610017559.89164 47.5353645509408 -3.16978898146551 27.1555969687903 0.00950752919022319 0.329024284857645 0.00269745486199452 0.944269744617437
1610017559.99064 47.5723053692347 -3.1742778572648 27.2033257548194 0.0100569138292974 0.327071246874747 0.0027542090708251 0.944942152877319
1610017560.12264 47.620382857022 -3.18003219650863 27.2658902917669 0.0114086550754314 0.324164662539936 0.00271225723530863 0.945927987645164
1610017560.25464 47.6671643687172 -3.18589619660258 27.3278308987395 0.0109095193978427 0.320497349802932 0.00342939157375971 0.947180379035186
1610017560.35364 47.7013144461884 -3.1903492535695 27.3738340004205 0.0100156051380706 0.317296788136829 0.003834720957411 0.948265643586727
1610017560.45264 47.7342767353125 -3.19462140012801 27.4192103267321 0.00896560572967952 0.314233768401042 0.00369451797551734 0.949296111467496
1610017560.55164 47.7661610712623 -3.19865387712306 27.4637243218003 0.00900765125353548 0.311297615955724 0.00320246936798144 0.950264384636784
1610017560.65064 47.7970867404383 -3.20256328881043 27.5075542104053 0.00897620182580511 0.30829373138413 0.00253434257020313 0.951245488871179
1610017560.74964 47.8271169336815 -3.20653526349225 27.5505924940348 0.00915345110348348 0.305313342902694 0.00225559886009041 0.952205276845419
1610017560.84864 47.8560797130787 -3.21042347437518 27.5927110140515 0.00967920592903187 0.302415254701975 0.00225623845913475 0.953124459912838
1610017560.98064 47.9008210910624 -3.21666044125598 27.6395739351016 0.0101786929476303 0.298272323153906 0.00391013008271607 0.95441852786552
1610017561.11264 47.9302475903489 -3.22071940070933 27.7012347727431 0.0105057398574764 0.294847135864418 0.00396705919747769 0.955478444730136
1610017561.24464 47.9649135409921 -3.22552984626478 27.7537993275367 0.00979386160458057 0.291301300534819 0.00469066797551385 0.956569720519909
1610017561.37664 47.9983741171744 -3.23008358548138 27.8050641987557 0.00884945782050911 0.287739984154173 0.00591587525581613 0.957649409249125
1610017561.50864 48.0388803045382 -3.23417272503867 27.8466561951449 0.0076772045826265 0.283969124755933 0.00714403997514163 0.958776073652226
1610017561.67364 48.0680876490741 -3.23969195733846 27.9155061863325 0.00802467508384053 0.280551420424964 0.00599523346549235 0.959786727488471
1610017561.83864 48.1037557967654 -3.24465543232939 27.9732913082448 0.00913462313178343 0.277983155976629 0.00534051066193353 0.960527668835929
1610017562.00364 48.1375152983969 -3.24933438936454 28.0281642520315 0.00907755695006707 0.276640645740554 0.00504680912557526 0.960917312156315
1610017562.16864 48.1695472281086 -3.25470758417044 28.0785259262503 0.0089422732945118 0.276043792805947 0.00452111399511296 0.961092825761319
1610017562.36665 48.2138995709563 -3.25832563302786 28.1311361482457 0.0084987289577404 0.276934272211979 0.00287662402488698 0.960846972995567
1610017562.56465 48.2383778621375 -3.26459582083418 28.1899224447068 0.0109248829853408 0.280138825193146 0.000332128684636279 0.959897273275478
1610017562.72965 48.265762657119 -3.26945972270165 28.2300111976846 0.0113689527728099 0.283526015723666 0.000991064104015338 0.958896638388442
1610017562.96065 48.3025221247142 -3.27484626675449 28.284243163439 0.0161973913774277 0.29190134592698 -0.0034631033323414 0.956305001384963
1610017563.19165 48.340821716689 -3.27997716945482 28.3381394553412 0.015553416776041 0.305821989111217 -0.00491035302713985 0.951948995816372
1610017563.42265 48.3825202087567 -3.28575790126307 28.3879860657618 0.014755387730241 0.325009094511951 -0.0014206173960464 0.945594706448628
1610017563.62065 48.4202560250588 -3.29036234721476 28.4288414600013 0.0143908143876111 0.348334276700595 -0.00149208034256176 0.937258720862594
1610017563.81865 48.4605653593793 -3.29422863051075 28.4674572810911 0.0120123434893687 0.377977500010511 -0.00219045047963221 0.925734257233896
1610017563.98365 48.4973471957526 -3.29746052081242 28.4956971424623 0.0127571937094463 0.405364306173277 0.00265215033954558 0.914062360776273
1610017564.14865 48.5453370322287 -3.2960918241085 28.5202460472063 0.0133052191596493 0.436019233134353 0.0070536103223936 0.899811339149193
1610017564.28065 48.5679872545731 -3.30305992765926 28.5405645526375 0.013068008680612 0.462154675211389 0.0063118428234139 0.886680576064206
1610017564.41265 48.6014908732798 -3.30497271185628 28.5580850109123 0.0121856313134175 0.488307996298802 0.00557414207278853 0.872568473003864
1610017564.54465 48.6367517778639 -3.30709316995881 28.5731019525751 0.0128361117380157 0.513989616337495 0.00828649845758619 0.857660330478212
1610017564.67665 48.6737645018439 -3.30909482150439 28.5854392514189 0.0151767655522456 0.539578546958607 0.0127039324023189 0.8417026004183
1610017564.80865 48.7110034364912 -3.31117557441373 28.5963763847177 0.0158602212786468 0.564969200916608 0.0158210492966723 0.824807825978751
1610017564.94065 48.7529151645456 -3.3112198014941 28.6058415266868 0.0156614292709494 0.589763601124998 0.0162552194296102 0.807260417871805
1610017565.07265 48.790366874278 -3.31403759215546 28.6137379434727 0.0147013694442505 0.612695453862518 0.0165667243608718 0.790008667165505
1610017565.20465 48.8319982405475 -3.31573630102536 28.6189660628989 0.0143168800000403 0.633613854158946 0.02065086544695 0.773241264109206
1610017565.33665 48.87439814434 -3.31727585813961 28.622191002138 0.0150299616013995 0.653076285620696 0.0245873649857393 0.756743633535951
1610017565.46865 48.9171207380413 -3.31838871723939 28.6237640790968 0.0172518382692813 0.670804209347432 0.0265210138967954 0.740959325887719
1610017565.60065 48.97320342577 -3.30960092380808 28.6259424444315 0.0182238455837072 0.686197675369703 0.0271541286743473 0.726679637161586
1610017565.73265 49.0049360423955 -3.32053783849298 28.623560274186 0.019351659480222 0.699072781100331 0.0277675988990504 0.714249060518382
1610017565.86465 49.0499182898915 -3.32195101245887 28.6216705977515 0.0213546591343029 0.709778824027135 0.0279598348501566 0.703545483342099
1610017565.99665 49.0957650436823 -3.32348204962344 28.6184591323255 0.0234327675425153 0.719019773661378 0.0282332231037727 0.694020428807691
1610017566.12865 49.1426831966762 -3.32498245335048 28.6146697971926 0.0242820096759999 0.727245893506919 0.0279476237431318 0.685377797065626
1610017566.26065 49.1905822388848 -3.3263193974214 28.6103573950589 0.0239082293393716 0.734542580707872 0.0264341711421203 0.677625876345425
1610017566.45866 49.2641991568034 -3.32874760134001 28.6019380244182 0.0221135947246132 0.743193981960872 0.02805498940317 0.668121704238896
1610017566.62366 49.3269505454505 -3.33079019456661 28.5931345245954 0.0226309038708079 0.747854279196889 0.0312921739115465 0.662738726142348
1610017566.78866 49.390777843706 -3.33244488554972 28.5845880201668 0.020669700607197 0.7509759965605 0.0310663734227375 0.659274371190881
1610017566.95366 49.4560168864164 -3.33430930157237 28.5769875941976 0.0176354920706875 0.753163306599701 0.0281086657944354 0.656996138434989
1610017567.11866 49.52201063657 -3.33603473889194 28.567444545863 0.0192723848967029 0.753838829154499 0.027696727958601 0.656192415454305
1610017567.28366 49.6006641495906 -3.33042391359293 28.5576794912471 0.0201995914352439 0.753045863794941 0.0294936460048666 0.656996216406549
1610017567.44866 49.6586347383526 -3.3393641401556 28.5494735248246 0.0162199745065663 0.75139117134129 0.029334573678612 0.659005085598332
1610017567.58066 49.7148500971996 -3.34086996978859 28.5434829222382 0.0128520614400913 0.749336494075056 0.0291983517392707 0.661420516328117
1610017567.71266 49.7715332054157 -3.34196277006286 28.5368498657967 0.0141713623238958 0.746651249575428 0.0292531530370525 0.664421054027284
1610017567.87766 49.8620623881399 -3.33083396715176 28.5333565634788 0.0159224112230505 0.742273966115724 0.0304128672554664 0.669216626775649
1610017568.04266 49.9171447230963 -3.34512759971526 28.5233815986145 0.0167172743156126 0.735996066209934 0.0308646832979897 0.676075213706192
1610017568.17466 49.9783417319723 -3.34619440414332 28.5199089719018 0.016693354734544 0.730020610150141 0.0298604433539489 0.6825683808868
1610017568.30666 50.0387612484888 -3.34772182526139 28.5174498167283 0.0174646151789631 0.723513815451715 0.0297171992823997 0.689448790073609
1610017568.43866 50.1016157284977 -3.3487852900864 28.5161765596662 0.0179017013318882 0.716590695950071 0.0302653007169654 0.69660700193131
1610017568.57066 50.1635077359817 -3.35056361340433 28.5163565997587 0.0182380008328087 0.709300210349654 0.0301183551215835 0.704026612855174
1610017568.70266 50.2275119484507 -3.35210505853284 28.5178594956354 0.0182554375313063 0.701769802344155 0.0292902268687704 0.711567260438788
1610017568.83466 50.3039801432506 -3.34327489662152 28.5259870587194 0.0183713282246513 0.694330124425399 0.0279595652745622 0.718878595678248
1610017568.96666 50.3556629975876 -3.35545672745356 28.5252503000811 0.0190754068539123 0.686296293380879 0.0285897198987979 0.726509569421582
1610017569.09866 50.4197812156693 -3.35800727657588 28.5306095399753 0.0199135686420406 0.678157425908657 0.0297813125046917 0.734042933958485
1610017569.23066 50.4854421507198 -3.35973775449662 28.5380385199269 0.0209233545351279 0.669584660699502 0.0295158355476188 0.741854036076408
1610017569.36266 50.5499927283187 -3.36210655109034 28.547265224949 0.0205118387281382 0.660446740474788 0.0281365053131347 0.750065133529737
1610017569.49466 50.6162483275503 -3.36394828657048 28.5583327104177 0.0200911823614561 0.650687477787829 0.0282240152868681 0.758554912713984
1610017569.59366 50.6659531631808 -3.36542059093826 28.567719804296 0.0198095551450359 0.64308300415452 0.0286046568086286 0.765005624097898
1610017569.69266 50.7148444077736 -3.36775100066133 28.5782308783976 0.0205454319047826 0.63518902337813 0.0268084844998001 0.771617842566259
1610017569.79166 50.7644912914022 -3.36934965819629 28.5905215061047 0.0198557572254147 0.627226588709664 0.0250260388352934 0.778181375195306
1610017569.89066 50.8133413633756 -3.37159648140153 28.6034339593884 0.020619163160033 0.618624093677956 0.0230858409116245 0.785077145751366
1610017569.98966 50.8714264808536 -3.36736818937197 28.6212568753369 0.0208826194834035 0.609708960225338 0.0216346626078607 0.792054822217688
1610017570.12166 50.9301459192954 -3.3762689736999 28.6384408957384 0.0188553575606998 0.598238309869101 0.0229202541501193 0.80076841973564
1610017570.22066 50.9794288533152 -3.37906176724039 28.6552441750101 0.0171909708799677 0.589114229385757 0.0229049229086869 0.807542110209726
1610017570.31966 51.0288970084174 -3.38096214954018 28.673546011879 0.0164569717778829 0.579760316296896 0.0221948666537158 0.814318446077116
1610017570.41866 51.0782488498957 -3.38283415825535 28.6928939429455 0.0169143645561451 0.570197640718108 0.0212006852615014 0.821059733354162
1610017570.55067 51.1485298354304 -3.38309981879711 28.7233204106813 0.0175681102962967 0.55730902674281 0.0198967487333934 0.82988079240421
1610017570.64967 51.1932609818725 -3.38791436762464 28.7434105684185 0.0181874705498826 0.547591547095448 0.0194560342306547 0.836321813775431
1610017570.74867 51.2421504009281 -3.39053587485226 28.7669748461876 0.0187991200721396 0.537664027015348 0.0196023010827611 0.842721624814751
1610017570.84767 51.290815543815 -3.39321251802097 28.7920349017119 0.0185973465729168 0.527489894832488 0.0190974911501342 0.849143000549276
1610017570.94667 51.3400203685252 -3.39558800619104 28.8187723778693 0.0171123262274193 0.517228995374381 0.0201607486983293 0.855438413240262
1610017571.04567 51.3881999559876 -3.39844176116557 28.8465658187382 0.0156149861114601 0.506868836880814 0.0203498622899468 0.861641478523759
1610017571.14467 51.4353019573054 -3.40181309757679 28.8752905248205 0.0138568048843347 0.496730790967808 0.019584357751009 0.867573030467392
1610017571.24367 51.4819931823291 -3.40491587281508 28.9049288936665 0.0151307914863431 0.48734630683373 0.0187927256451687 0.872875403380887
1610017571.34267 51.5283390295352 -3.40777289034546 28.9358515466648 0.0160353090871526 0.47876996989474 0.0164697617706267 0.87763940871903
1610017571.44167 51.5745318411389 -3.41085342390744 28.968206199525 0.0150688767506501 0.471732582750272 0.0135832920694282 0.881508249253396
1610017571.54067 51.6206477523341 -3.41409747684892 29.0004744340925 0.012760329436241 0.46557041236281 0.013345179354624 0.884818213710022
1610017571.63967 51.6674002611618 -3.41771071748874 29.0347371662963 0.0114273541410699 0.459779401622537 0.0134844431954412 0.887857244838755
1610017571.73867 51.7137360194064 -3.42105817798925 29.0685659107411 0.0127316512041616 0.454168681064787 0.0143314967718811 0.890709448921345
1610017571.83767 51.7596919879091 -3.42432561367711 29.1032152921492 0.0142383671322988 0.448740367699115 0.0134319977701473 0.893447778403736
1610017571.93667 51.8056141020405 -3.42777876741974 29.1385258830996 0.0171902366239832 0.443430068070868 0.0128411762968446 0.896052104895017
1610017572.03567 51.8512087967712 -3.43153733315186 29.174678853564 0.0184092961197231 0.438420531427224 0.0113557034044784 0.898509645713187
1610017572.13467 51.8961008576974 -3.43535452603747 29.2099135411914 0.0177019776660071 0.434257015826337 0.0104351484177914 0.900554602381119
1610017572.23367 51.9424099380584 -3.43971121101969 29.2493933540762 0.0180795312354897 0.430348679423839 0.00950057993323566 0.902431650403173
1610017572.33267 51.9880903057222 -3.44392442463669 29.2875291555933 0.0171307212774674 0.427407810928837 0.00910092823880815 0.903850803313647
1610017572.43167 52.0341923903153 -3.44801120901697 29.3261615126071 0.0162183903778056 0.425104732143345 0.00972206793822122 0.904946634845333
1610017572.53067 52.0802851944818 -3.45205185460518 29.365171069181 0.015480103738514 0.42294525986671 0.00992334732039116 0.905968653278073
1610017572.62967 52.1264963236314 -3.45610006434404 29.4046676598366 0.0145894232334305 0.4209197327841 0.00989407514799229 0.906926587194159
1610017572.72867 52.1725309531276 -3.46009322110866 29.4444882342152 0.0148982914828367 0.418901939451758 0.00912004226378002 0.907863442850055
1610017572.82767 52.2187867696782 -3.46411435227752 29.4847265429015 0.0155508734582251 0.41706299586413 0.00841655749691017 0.908705557029021
1610017572.92667 52.2651750094217 -3.46814285036879 29.5249295996331 0.0161888557616431 0.415446266195866 0.00836106146160476 0.909435216771529
1610017573.02567 52.3119783011184 -3.47238389161485 29.5660934575533 0.0161718162275187 0.413767288494206 0.00921485488373633 0.910192391630213
1610017573.12467 52.3587900928014 -3.47665773339096 29.6073320981924 0.0159458438305903 0.412065381818493 0.00958276707692662 0.910964336155077
1610017573.22367 52.4050752460582 -3.4807758779926 29.6475585028704 0.0157627967971914 0.410484177829699 0.00974927351891242 0.911679343658975
1610017573.32267 52.4523928147504 -3.48529785771741 29.691268260685 0.0165332591058722 0.408735448110235 0.00927576271535704 0.912455996214344
1610017573.42167 52.4992975716444 -3.48953942019884 29.7338152807815 0.0163352730562292 0.407159019954841 0.00868323436943452 0.913169914509057
1610017573.52067 52.5462816802816 -3.49382846120824 29.7766782589073 0.0154994183738026 0.405641304030717 0.00885399845914692 0.91385803449202
1610017573.61967 52.5931835187168 -3.49818570789557 29.819903671673 0.0140556835788087 0.404130955252652 0.00867433305132945 0.914552002191142
1610017573.71867 52.6403533262483 -3.50235539775645 29.8634063930639 0.0134871447211963 0.402767869971426 0.00828682088171445 0.915165268378135
1610017573.81767 52.6866362146228 -3.50678724478585 29.9069894324554 0.0141411745156075 0.401218798293377 0.00744200680866333 0.915842846570304
1610017573.91667 52.7332107801203 -3.51102527354166 29.9507722538063 0.0149788218573826 0.399707893706591 0.00646862446968371 0.916497349424359
1610017574.01567 52.7798573429696 -3.51505447411339 29.993868592718 0.014931461746896 0.398196946333794 0.00594152367542589 0.917159169215986
1610017574.11467 52.8265719525381 -3.51983112974904 30.039163807101 0.0136253497996436 0.396746106564016 0.00608759294573169 0.917807070130351
1610017574.18067 52.8576644667635 -3.52281638953558 30.0688071853618 0.012874808487193 0.395818659709824 0.00637043661130857 0.918216339143079
1610017574.24667 52.8887411359104 -3.52578942215913 30.0985669062383 0.012513738217001 0.394830093235688 0.00661884384401987 0.918645086384019
1610017574.31267 52.9197483058058 -3.52862746530738 30.1283461274667 0.0125428650077285 0.393780513440381 0.00661019435835333 0.919095146925808
1610017574.37867 52.950751442371 -3.53144846550136 30.1582766401546 0.0124899952823194 0.392813191303957 0.00679583074061538 0.919508354198043
1610017574.44467 52.9817003801395 -3.53427010457674 30.1882952542951 0.0126342352246964 0.391828610714222 0.00670205135583657 0.919927061474807
1610017574.51067 53.0123893497948 -3.5365613388198 30.2170451322492 0.0130159823780857 0.390908821747832 0.00665564269913724 0.920313305186183
1610017574.60968 53.0585858588856 -3.54142790922995 30.2633688492801 0.0133957255073034 0.389324801824968 0.00641623730509144 0.920980773480601
1610017574.70868 53.1047806388507 -3.54581483419086 30.3090007096515 0.0140654431882458 0.387953002234724 0.00586568581232547 0.921553159125904
1610017574.80768 53.1509548447337 -3.55024418296747 30.3548144313846 0.0140974583948452 0.387068979151263 0.00548363242199856 0.921926676488464
1610017574.90668 53.1970644099161 -3.55477466520238 30.4006853509733 0.0134525892402001 0.386906572252384 0.00446116185797799 0.922009994645135
1610017574.97268 53.2277166023894 -3.55781155979183 30.4312915802298 0.0132602999393994 0.387128096200059 0.00390516543469602 0.92192231302912
1610017575.07168 53.2738772045639 -3.5615554025367 30.47623846445 0.0134458710550761 0.387521107994891 0.00362933803134255 0.92175562234002
1610017575.13768 53.3050395101669 -3.56529298468603 30.5076742341111 0.0134710361019753 0.387655347534661 0.00422900619647701 0.921696250518961
1610017575.23668 53.3519378409551 -3.56976939875369 30.553477052794 0.0131954202114627 0.387941516116027 0.00551177618861498 0.921573047176559
1610017575.33568 53.3990248058921 -3.57422068122292 30.599479179652 0.012712309608309 0.388485067682466 0.00636949073098111 0.921345309295055
1610017575.43468 53.4457240844887 -3.57870463188615 30.6456733244115 0.0118674989441099 0.389416006401141 0.0047859849442963 0.920973089061516
1610017575.50068 53.4767531187644 -3.58171303378391 30.6764287394153 0.0125024463940044 0.389982354844438 0.00231060036534869 0.920734550709434
1610017575.59968 53.5239237774152 -3.58611076896262 30.7227010206821 0.0130955600424157 0.390858458047999 0.00117766525718627 0.920356879250684
1610017575.69868 53.5715852691301 -3.59062451347766 30.7688115716465 0.0130786660911815 0.391560152739733 0.00146002470154924 0.920058402280846
1610017575.79768 53.6189142916668 -3.59517802657091 30.8147809428977 0.0124918248763985 0.392484865780632 0.00141963024439706 0.91967253361965
1610017575.89668 53.6675548190527 -3.59992938882562 30.8612666117194 0.0107612852382953 0.393270108206771 0.00363892417448763 0.919352802226603
1610017575.99568 53.7157344302825 -3.60415254235162 30.9075218643804 0.00831098082875159 0.393586414215762 0.00446464400077828 0.919239212118581
1610017576.09468 53.7641413092109 -3.60846689275788 30.9539062109792 0.00731415947546199 0.393874154334902 0.00529978928169897 0.919119995349738
1610017576.19368 53.8127974023333 -3.61154958188751 31.0002720457107 0.0109613066153902 0.394087313689719 0.00600316803520648 0.918988030890308
1610017576.29268 53.8603430620606 -3.61679547344826 31.0451995140058 0.0152811325422029 0.394239855239961 0.00428005793594041 0.918870559237081
1610017576.39168 53.9086644622214 -3.62146164495502 31.0915124413879 0.0165186832909759 0.394767391815962 0.00389498770083707 0.918624334824614
1610017576.49068 53.9574420301044 -3.6266226611376 31.1381340077698 0.0140565603924729 0.394965284845945 0.00460874709191125 0.918576940885594
1610017576.58968 54.0065116165369 -3.6316196166788 31.1847153577665 0.0116644277257487 0.395150072195539 0.00623106762040032 0.918521385361278
1610017576.68868 54.0552919738295 -3.63619696476718 31.2309784381178 0.0103040928828014 0.395598492672114 0.00731706418004885 0.918336604321748
1610017576.78768 54.1036803900221 -3.640425123008 31.2770050039474 0.0108767365868755 0.396275966391665 0.00740677069463164 0.918037142391009
1610017576.88668 54.1521448590281 -3.64443318431328 31.3228119225564 0.0104946979771907 0.396975901005991 0.00745084881495389 0.917738786467471
1610017576.98568 54.2009520691364 -3.64796242941397 31.3691366107386 0.0106973900982687 0.397812528501944 0.00763642326205435 0.917372575920895
1610017577.08468 54.2492820856074 -3.65299841777891 31.4137692801554 0.0107864576936958 0.398526473486192 0.00897624986405651 0.917049469330559
1610017577.18368 54.2976353806881 -3.65737497446501 31.4587732377823 0.0119215434612304 0.399244575901845 0.00891260076856118 0.91672362845189
1610017577.28268 54.3457178193792 -3.66176787353207 31.5037589480278 0.0132136994644593 0.400011987219449 0.00785293691293592 0.916381001335717
1610017577.38168 54.3938225857838 -3.66620923349671 31.5486236200985 0.0144601994515721 0.400678454084419 0.00717663605500066 0.91607651152034
1610017577.48068 54.4420660648207 -3.6707457196134 31.5934080061355 0.0147136577559345 0.40138936349026 0.00703187131840646 0.915762327210552
1610017577.57968 54.4903739056466 -3.6754660888722 31.6381169323398 0.014064428550894 0.402273121744938 0.00704150737693262 0.91538458832612
1610017577.64568 54.5224070141843 -3.67862878596073 31.6678518945337 0.0136932438987724 0.402801468300238 0.00687672076199824 0.915159102516203
1610017577.71168 54.5545300511912 -3.68174260590514 31.6975540020439 0.0138162812191541 0.403241903612837 0.00649414130870957 0.914966066951464
1610017577.77768 54.5866179049858 -3.68481660771771 31.7270681810645 0.0141565926821779 0.403622149318013 0.006323856724088 0.914794381432063
1610017577.84368 54.6188646508472 -3.68782687986449 31.7565004871033 0.0146742159981668 0.40392629377709 0.00658062197870524 0.914650158254355
1610017577.90968 54.6511464451067 -3.69083832831093 31.7859021621069 0.0148202650028124 0.404165471750162 0.00692374574259103 0.914539607089331
1610017577.97568 54.6833148652855 -3.69390314475119 31.8152808230372 0.0148126621923537 0.404452813658553 0.00729469833046342 0.914409806344356
1610017578.04168 54.715420238527 -3.69701015498513 31.8447270139478 0.0143375576107883 0.404753876689613 0.0073982293634742 0.914283325861722
1610017578.10768 54.747582590534 -3.7000827329699 31.8742025799709 0.0137307696837581 0.405007705748774 0.00765879922784879 0.914178082783871
1610017578.17368 54.77971035808 -3.70313809238503 31.9036217627996 0.0131617769542504 0.405227438175514 0.00769541693519368 0.91408876567613
1610017578.23968 54.8117899921731 -3.70613002351491 31.9330824453536 0.0128584503152597 0.405488354548218 0.00757863605162945 0.913978347039396
1610017578.30568 54.8498772642896 -3.70669532413748 31.9696619286231 0.0128267191675247 0.405741282677151 0.00696748695291702 0.913871402842029
1610017578.37168 54.8757100331448 -3.71199828248503 31.9913878518888 0.0130896204831679 0.405942218094421 0.0072632558438111 0.913776133699461
1610017578.43768 54.9075158688035 -3.71491639663665 32.0203428672357 0.01373664496875 0.406083602043997 0.00683546291352102 0.913707113457443
1610017578.53668 54.9555306314979 -3.71931029899896 32.0639632489343 0.0143878816107654 0.406328528498432 0.00643434582603036 0.913591109296082
1610017578.63569 55.0070332859824 -3.72184658376633 32.1117564857322 0.0136992103549912 0.406503344693059 0.00629495075034952 0.913524896203741
1610017578.73469 55.0518279570452 -3.72827264892007 32.1514239720923 0.0125935714669486 0.406713496441482 0.00691118966912285 0.913442811142224
1610017578.83369 55.1004384563248 -3.73209357159995 32.195838407271 0.0112375887308124 0.406968774844413 0.00748417679586002 0.913342279760902
1610017578.93269 55.1484279297049 -3.73625776316006 32.2392390065002 0.0108543467558229 0.407100415168995 0.00776034278837795 0.913285942192008
1610017579.03169 55.1962788999143 -3.74031215062909 32.2826173069146 0.0105113095218577 0.407306763369671 0.00788828707381772 0.913196850527037
1610017579.13069 55.2439847090754 -3.74447733000689 32.3257181225297 0.011643043165195 0.407393924543634 0.00765038315634115 0.913146265079341
1610017579.22969 55.2915982736909 -3.74860117434515 32.3687472812967 0.0126352550871832 0.407480853117459 0.00691095082963805 0.913100182581397
1610017579.32869 55.3430655584908 -3.7514114052289 32.4180365841589 0.0134240553407469 0.407709157803455 0.00577976850108172 0.912994869458465
1610017579.42769 55.386899305925 -3.75725794074141 32.4547989124334 0.0134859117143644 0.407593800655525 0.00656632613410466 0.913040145455564
1610017579.52669 55.4351605825455 -3.76138821992805 32.4985145214636 0.0128489616492529 0.407718823300587 0.00708340722652495 0.912989644329542
1610017579.62569 55.4844781550011 -3.76497676611135 32.5434917999701 0.0120224404031624 0.407846289137237 0.00738929804340621 0.912941544480348
1610017579.72469 55.5303364783416 -3.77004035404666 32.5843874261871 0.0119741444971442 0.407856678421997 0.00769682493388141 0.912934996928081
1610017579.82369 55.5780590641087 -3.77404154075082 32.6278036959716 0.0120057850967453 0.407872312510615 0.00765104496522551 0.912927981454394
1610017579.92269 55.6256530234408 -3.77798260101638 32.6708164535348 0.0130532235026292 0.407864738289765 0.00733554638325823 0.912919579358045
1610017580.02169 55.6738589954082 -3.78173888895566 32.714784291087 0.0135426291056863 0.407923522412847 0.0070842208267686 0.912888169971809
1610017580.12069 55.7199828852835 -3.78638684233446 32.7560214559885 0.0136631499972322 0.40795744439276 0.00729732908699049 0.912869536617844
1610017580.21969 55.7666809970714 -3.79071413039738 32.7982842034614 0.0130497411410977 0.408031202579117 0.00759444214852795 0.912843122571695
1610017580.31869 55.8132086326499 -3.79492004040124 32.8428808879564 0.0119478309275943 0.40824092147627 0.00767961730950623 0.912763727832297
1610017580.41769 55.8595436204861 -3.79925807732345 32.8822274724941 0.0116216875485624 0.408069560235844 0.00768280084405149 0.912844534933873
1610017580.51669 55.9055839773409 -3.80328173339036 32.9240120714076 0.0105708155531828 0.408050411627501 0.00696201641321797 0.912871650209727
1610017580.61569 55.951914130362 -3.80699685869459 32.9664360404968 0.00993561433764112 0.408036908485141 0.00616142542241352 0.912890574887476
1610017580.71469 55.9976062898781 -3.81104194244439 33.0078812084602 0.0100883521383291 0.407880577409676 0.00588133324177597 0.912960606840394
1610017580.81369 56.0432895487195 -3.81521421280016 33.0488044030616 0.0102930403408795 0.407622150235967 0.00717532353975409 0.913064483314102
1610017580.91269 56.0882650370195 -3.81942507611084 33.0914079235989 0.0135873363605069 0.40704999599001 0.0070557541475133 0.913277559884491
1610017581.01169 56.1335981450473 -3.8232116165016 33.1306869410775 0.0149185544573936 0.405735567288334 0.00662685399422741 0.913844719291114
1610017581.07769 56.1635357993459 -3.82607385704507 33.1579701909073 0.0148192641740322 0.404605498477249 0.00710838435051436 0.914343617511077
1610017581.14369 56.1934431910559 -3.82904619165584 33.1852623425067 0.0138415256015779 0.403475936468821 0.00818692648439504 0.914848924738051
1610017581.20969 56.2231759689013 -3.83197174344747 33.2125030232262 0.013066555251894 0.402479232935008 0.00904373793212465 0.915291179349015
1610017581.27569 56.2525860892935 -3.8347961336704 33.2397985337267 0.012313639127265 0.401633110231244 0.00940980874058506 0.91566952256635
1610017581.37469 56.296235755898 -3.83877242946001 33.2807948689018 0.0119628660618128 0.400357324633672 0.00887727228712065 0.916238013009991
1610017581.44069 56.3255503363958 -3.84124634625088 33.3084119914465 0.0125529629855209 0.39934115842688 0.00823644797538411 0.916679455006662
1610017581.50669 56.3542652013848 -3.84382647333051 33.3355330758384 0.0131578379619721 0.398265803117847 0.00789214922261505 0.917141720426953
1610017581.57269 56.3828727182467 -3.84649920290642 33.3627082550188 0.0136599893760243 0.397075273074014 0.00768922367166311 0.917652171600314
1610017581.63869 56.4112846337248 -3.84922563981125 33.3898306057522 0.0138734629801585 0.395628316565092 0.00771225920539728 0.918273533983616
1610017581.73769 56.4541335373113 -3.8534054410612 33.4312272745005 0.0139259244765118 0.393029680153943 0.00797637378617869 0.919385727867682
1610017581.83669 56.4960760879383 -3.85758161815967 33.4722935366207 0.0140692789858247 0.389820426245422 0.0083460420572142 0.920745586061989
1610017581.93569 56.5374690134975 -3.86174937847642 33.5136129168047 0.0134319846470949 0.385981475361657 0.0085336926121288 0.922369263666391
1610017582.03469 56.5778900335528 -3.86582902055611 33.5550200315201 0.0131413877515302 0.381767276847655 0.00802716323865324 0.924130193699259
1610017582.13369 56.6173266252394 -3.86997761053272 33.5963747089134 0.0121049956098735 0.377188511671386 0.00779483408274509 0.926024587311823
1610017582.26569 56.6686833227346 -3.87519582237013 33.6514543803548 0.011375795737749 0.370696150370211 0.00732629503877638 0.928655630884261
1610017582.39769 56.7187486672613 -3.88078210144584 33.7077667971387 0.010262470960089 0.364502104469833 0.0071619084253991 0.931118469688236
1610017582.52969 56.7661825830432 -3.88558663442459 33.7605039910259 0.00944252222829833 0.357882013253691 0.00730056897024725 0.933690529595414
1610017582.6617 56.8122488978952 -3.89064488477819 33.8142517696278 0.00920902061977108 0.350764489631 0.00815549977583252 0.93638291023306
1610017582.7937 56.8565374344775 -3.8954275292233 33.867516290395 0.0100495402322465 0.342599881311864 0.00879566732380832 0.939386482925184
1610017582.9257 56.8985818617795 -3.90026259327294 33.9205611420098 0.0114884418738408 0.333731797444153 0.00825239832792271 0.942561934834971
1610017583.0577 56.9388420886171 -3.90501949207358 33.9737990937371 0.0141295770664908 0.323747634616538 0.00712256514955995 0.946011148558942
1610017583.1897 56.9783153183773 -3.90998760979508 34.0284046370265 0.0156306860381512 0.312532987755434 0.00702663537976694 0.949752304347759
1610017583.3217 57.0156342639846 -3.91506854310726 34.0832974898508 0.0146409478955926 0.300051579369962 0.00759652155017004 0.953780365295201
1610017583.4537 57.0513787112691 -3.92013149112702 34.1400650400841 0.013240815579202 0.286357685524419 0.00710476249912467 0.958004947322156
1610017583.5857 57.0853634839695 -3.92512844844853 34.1978538532328 0.0124894586580144 0.271886748770878 0.00600627286467317 0.962229460134903
1610017583.6847 57.1098989316892 -3.92938709847474 34.2398018280952 0.012707220025336 0.260311144726798 0.00499357756691526 0.965428246258278
1610017583.8167 57.1384331229572 -3.93325912460993 34.2985067066766 0.0122186680765136 0.244841818353339 0.00400875626362159 0.969477755293584
1610017583.9487 57.1662479857165 -3.93797007172342 34.3569835473143 0.0122029343272388 0.22928449997026 0.00322243699165267 0.973277618342797
1610017584.0807 57.1920336157677 -3.94272021595963 34.4164932693153 0.0125945409687471 0.213588805340175 0.00165998023438542 0.97684105372203
1610017584.2127 57.2156499574487 -3.94770465625015 34.4761116545072 0.0134973095991816 0.197617468443487 0.000389624497808966 0.980186210366337
1610017584.3117 57.2320886627546 -3.95132133449941 34.5211876674552 0.0139183631356449 0.185369568193139 -0.000177960411694114 0.982570287911051
1610017584.4107 57.2495390937297 -3.95642645212283 34.5666489468531 0.0142411720037192 0.173145636817454 -0.000698419215766799 0.9847930187007
1610017584.5097 57.2613817234076 -3.95861968153862 34.6123481877493 0.0139593444692795 0.161222271734246 -0.0015653142564909 0.986818152239872
1610017584.6087 57.2741912007373 -3.96232469843385 34.6583502672466 0.0132404859854755 0.149064946988936 -0.00241968213122101 0.988735796989488
1610017584.7077 57.2860056021363 -3.96587351476637 34.7047265444796 0.0124742221275821 0.136689297380326 -0.00286493032885691 0.990531282665114
1610017584.8067 57.2968541144191 -3.96941107472825 34.7514254474064 0.0119694028459906 0.12449452380101 -0.00323663023982829 0.992142817926815
1610017584.9057 57.3059450301009 -3.97304370701224 34.7974287177526 0.0116021858023572 0.112405829435085 -0.00299464615282671 0.993590132241679
1610017585.0047 57.3146196265525 -3.97663075313922 34.8442983512528 0.0115568926345549 0.100239854962192 -0.00352188312238007 0.994889946702179
1610017585.1037 57.3222934581134 -3.98038332499391 34.8911646177386 0.0114294018112672 0.0883665283930045 -0.00433182100450134 0.996013032425174
1610017585.2027 57.3276420918063 -3.98332570275602 34.9378400187765 0.011527029804888 0.0771285271424406 -0.00631063160976083 0.996934548409975
1610017585.3017 57.3325004820916 -3.98672772806656 34.9847677472107 0.0110495641272897 0.0668691709046512 -0.00828498585345028 0.997666166673266
1610017585.4007 57.3374234712019 -3.99087309760493 35.0310720343468 0.0108101089377245 0.0576981369766601 -0.00950566350677805 0.998230288508355
1610017585.4997 57.3404413292002 -3.99356774385796 35.0791785450744 0.00996319187783629 0.0496038447898035 -0.0101093848731559 0.998668109897959
1610017585.5987 57.3435765994925 -3.99701248891554 35.1267007548458 0.00960913865207635 0.0419538605713715 -0.0109429970379671 0.999013407744536
1610017585.6977 57.3458291324392 -4.00029556183697 35.1741830556615 0.0100696842068245 0.0347315980637167 -0.0121128002426222 0.999272534209861
1610017585.7967 57.347580221452 -4.00385572771201 35.2222246455367 0.0101611318166799 0.0280715465052969 -0.0133100575418529 0.999465648256726
1610017585.8957 57.3513831543415 -4.00902141281528 35.2712504652401 0.0110033083686237 0.021848843313226 -0.0138665427003076 0.999604558935362
1610017586.0277 57.3497983257304 -4.01144673389922 35.3349140967696 0.011838590922586 0.0148493932806567 -0.0146771214083566 0.999711921200967
1610017586.1597 57.350255763111 -4.01611521450092 35.4002075194403 0.0115342823604451 0.00974498849725924 -0.0151128728980964 0.999771772257241
1610017586.2587 57.3502439421925 -4.01979570532543 35.4491453819724 0.0128932133957985 0.00648547538794855 -0.0153659853318872 0.99977777038305
1610017586.3577 57.3502700796672 -4.02362473951669 35.4980704553696 0.0158753282145208 0.00343908849466382 -0.0151456296779687 0.99975334784439
1610017586.4897 57.3495568109535 -4.02858285554625 35.564504848411 0.0169437932500793 0.000177438233569138 -0.0154020169977389 0.999737792752866
1610017586.6217 57.3485759099466 -4.03382209149073 35.6315987645732 0.0146885294716785 -0.00264924647063641 -0.0159800037974055 0.999760905453765
1610017586.75371 57.3493640984858 -4.04076333893294 35.6986493581302 0.0111503215224192 -0.00484141857696632 -0.0162273141972741 0.999794431505823
1610017586.88571 57.3458516273607 -4.04430974687695 35.7654707868426 0.00989510893179063 -0.00717791751319051 -0.0164753862600739 0.999789540836962
1610017587.01771 57.3441237042756 -4.04899802143309 35.8319395773295 0.0106750701895047 -0.00946700053843544 -0.0164836616237884 0.999762325593802
1610017587.14971 57.3422746332775 -4.05389626234649 35.8983998297678 0.0111344417337337 -0.0116764597929237 -0.016323217251483 0.999736583842236
1610017587.24871 57.3424816361404 -4.05886261029427 35.9500995358581 0.010426963204303 -0.0133252804373829 -0.0160547456480031 0.999727943233447
1610017587.34771 57.338751310329 -4.06076876848375 35.9990821188705 0.0090972034635613 -0.0147026521721872 -0.0158680712884735 0.999724600688525
1610017587.44671 57.3367115350239 -4.06432808696349 36.049551058502 0.00990957636360607 -0.0154424709973172 -0.0160397815657061 0.999702983787242
1610017587.54571 57.334894425614 -4.0680856753626 36.1001896845071 0.0119381026278955 -0.0160119795579145 -0.0157367922621914 0.999676673522784
1610017587.64471 57.3331270843273 -4.07174369406247 36.1511011204508 0.015023468746953 -0.0167061793260774 -0.0152768737204612 0.999630839904644
1610017587.74371 57.3313894087897 -4.07536968119519 36.2027709631481 0.0168260571184106 -0.016863224073079 -0.0141932633007932 0.999615459440571
1610017587.84271 57.3292661601865 -4.07925302108429 36.2553208040239 0.0151146769635326 -0.0165544892946753 -0.0147139240607067 0.999640433287498
1610017587.94171 57.3270769324082 -4.0831951423115 36.3084859100302 0.0111295524985818 -0.0163095309213385 -0.015246350353153 0.999688792106432
1610017588.04071 57.3248515167887 -4.08724874695401 36.3619349077164 0.00850221316009797 -0.0161241699863599 -0.0160702848271161 0.999704691125938
1610017588.13971 57.3229927337382 -4.09121400323079 36.4151023201143 0.0106273472264703 -0.0163220398844666 -0.0160029830374429 0.99968222702959
1610017588.23871 57.3215706655676 -4.09533607527639 36.4694062157886 0.0141615528993321 -0.0162468815345767 -0.0164828375206892 0.9996318348908
1610017588.30471 57.3194258837963 -4.09701336047766 36.5043487111941 0.0154936540327527 -0.0161790496734131 -0.0166436375392467 0.999610511332209
1610017588.40371 57.3174324733528 -4.1010662971536 36.5588428527726 0.0151142537913813 -0.0160755660946324 -0.0172434029355369 0.999607823379884
1610017588.50271 57.315233906919 -4.10531159369056 36.6141398989992 0.0122572974867806 -0.0158986354999623 -0.0174083651851851 0.999646908097624
1610017588.60171 57.3131810297385 -4.10959602257103 36.6695788027241 0.00916163618118793 -0.0155670937789745 -0.017367099065819 0.9996860076463
1610017588.70071 57.3113004292185 -4.11354338206711 36.7249452066779 0.00943741179888452 -0.0151942698366686 -0.0172584966861788 0.999691059135172
1610017588.79971 57.3097863656633 -4.11767591293138 36.7811737833293 0.00993221054258858 -0.0143597290476284 -0.0171612846858897 0.999700274924113
1610017588.89871 57.30773925939 -4.12075975633546 36.8366999884198 0.0109220593136383 -0.0136857506155771 -0.0168653950812045 0.999704439971731
1610017588.99771 57.3060429314253 -4.12468141841332 36.8932572424274 0.0106928089681976 -0.0130220421186729 -0.0170561223141264 0.999712548159237
1610017589.06371 57.3048177522945 -4.12729078572336 36.9311534451406 0.0103861414199943 -0.0125774172443752 -0.0171575883271997 0.999719737628831
1610017589.16271 57.3032323687818 -4.13124797526527 36.9883011287218 0.0092681264481283 -0.011911831672128 -0.0171790253191783 0.999738511405577
1610017589.26171 57.3015450834836 -4.13501928725626 37.0456149279 0.0088088423607463 -0.0113602976484436 -0.0174627014147884 0.999744168271513
1610017589.36071 57.2997852370428 -4.13883363658916 37.1028192302724 0.00867912766837237 -0.0107844147215898 -0.0177150688261322 0.999747240795649
1610017589.45971 57.2982009490862 -4.14259200815131 37.1602254705743 0.00902624974382393 -0.0102342650279587 -0.0178384637147901 0.999747756110108
1610017589.59171 57.2960837635954 -4.14755857713852 37.2371114280539 0.00944854169707104 -0.0095566291631497 -0.0181556965698548 0.999744850739878
1610017589.72371 57.2940587705373 -4.15269672606903 37.3141566076253 0.0086515557380718 -0.00878878665242288 -0.0182581472354418 0.999757244470886
1610017589.82271 57.2927241958463 -4.15653740807837 37.3723438633459 0.00809209923232318 -0.00823875804234973 -0.0180961916880883 0.99976955776935
1610017589.92171 57.2913683694456 -4.16029408896741 37.4305294278189 0.00790617985384295 -0.00772906519115187 -0.0182567592328883 0.999772196359602
1610017590.02071 57.2900266676278 -4.16404467091565 37.4888175597379 0.0085292659341108 -0.00717465500181377 -0.0181927658822185 0.999772373702027
1610017590.11971 57.2887559323466 -4.16769484726914 37.547180343192 0.00880089127144668 -0.00661390219430117 -0.0183399578561001 0.999771197102832
1610017590.21871 57.2875491222815 -4.17148134704655 37.6057884114004 0.00904300576833139 -0.00611372018071555 -0.0185779991067506 0.999767825258152
1610017590.31771 57.2864814255195 -4.17541594498524 37.6644989551377 0.00904679482579357 -0.00559184239152186 -0.0186457722361178 0.999769584444219
1610017590.41671 57.2854866325128 -4.17926951479996 37.7230796079588 0.00817446600942173 -0.00495291230644634 -0.0185522547693062 0.999782206587075
1610017590.51571 57.2847150352396 -4.18306048217266 37.7824951122647 0.00843138459541304 -0.00430430062384505 -0.0188033968378034 0.999778383951816
1610017590.61471 57.283897097359 -4.18693223832389 37.8419222985809 0.00731080556050306 -0.00317333152449203 -0.0187555540495751 0.999792334078125
1610017590.71371 57.2832257125772 -4.19074138975155 37.9015161635609 0.007434241577434 -0.00220701591130931 -0.0185491330117669 0.99979787497146
1610017590.81272 57.2827387856197 -4.19454555077648 37.9612429066906 0.00761946405126951 -0.00129874499458094 -0.0181712069087418 0.999805013124304
1610017590.91172 57.2824363844502 -4.19839034813139 38.0210278498446 0.00794678994409936 -0.000359180338808726 -0.0176967245432987 0.999811755011666
1610017591.01072 57.2820203451085 -4.20216107052328 38.0820546995627 0.00821547889529301 0.000596610106688725 -0.0172899189468746 0.999816587512786
1610017591.10972 57.2818712654136 -4.20616818480051 38.1408312524207 0.00765271629787162 0.00151963370850719 -0.0170557243597212 0.999824098986027
1610017591.17572 57.2817816512025 -4.20872477868888 38.1808011048563 0.00706824586988702 0.00208823922976679 -0.0170288673075283 0.999827833597097
1610017591.27472 57.2816565491862 -4.21255203310415 38.2407724969875 0.0064351696010248 0.00280753701698152 -0.0171221307619036 0.999828754820683
1610017591.37372 57.2817263828624 -4.21619260376874 38.3014732208974 0.00539243375275428 0.00358501719586882 -0.0171023462333231 0.999832775549613
1610017591.47272 57.2816909248228 -4.22009902151852 38.3597612718761 0.00599410676852613 0.00414608736686593 -0.0170777884005599 0.999827600032595
1610017591.57172 57.2817883786362 -4.22374307044362 38.4187453782858 0.00606738287069897 0.00469475638594472 -0.017160770621323 0.999823311430204
1610017591.63772 57.281897220526 -4.22613982054302 38.4580675475214 0.00627568810894497 0.00509686304327972 -0.0170319755728687 0.999822258971045
1610017591.73672 57.2821166996885 -4.22979488326515 38.517016587446 0.00574532884216683 0.00565473536071081 -0.017125689225147 0.999820846918617
1610017591.83572 57.2821763331577 -4.23340560817999 38.5758796907341 0.00406897547677759 0.00606987649331629 -0.0181969797858464 0.999807716495827
1610017591.93472 57.282636479285 -4.23576958177758 38.6274298149096 0.00349511054608492 0.00667727151419153 -0.0162121018996992 0.999840170226917
1610017592.03372 57.283341566583 -4.24050681969445 38.6928748185987 0.00258127105038775 0.00683261734476602 -0.0158979468836504 0.999846942119077
1610017592.09972 57.2839307628698 -4.24285652963821 38.7317343598734 0.00240450877594905 0.0070033265069405 -0.014603827254558 0.999865941006544
1610017592.16572 57.2841313346136 -4.24514260568488 38.7701243224966 0.00481337183001995 0.00730610893693001 -0.0146924945111236 0.999853780724396
1610017592.23172 57.2843295084426 -4.24762183859627 38.8083594278891 0.00648778193915001 0.00743876527827566 -0.0147961678487606 0.999841810924926
1610017592.29772 57.2846040356892 -4.25021425936884 38.8465372081476 0.00799621644339787 0.00726483131073823 -0.0149518358987006 0.99982984820012
1610017592.36372 57.284772517823 -4.25271690827135 38.8846892002115 0.010155747495922 0.00732280326694409 -0.015507649756022 0.999801355342229
1610017592.42972 57.2851666653551 -4.2552274896022 38.9228873115367 0.0102241522942747 0.00728575082812894 -0.014731110091548 0.999812671924198
1610017592.49572 57.2854523620913 -4.25789753463038 38.961256302381 0.00950611118732037 0.00734997840645388 -0.0147164938817923 0.9998195019479
1610017592.56172 57.2857157844695 -4.26064680301596 38.9997453958733 0.00791564865170818 0.00752837006450833 -0.0150877591876205 0.999826497785136
1610017592.62772 57.2858868845324 -4.26237707436386 39.0318248200288 0.00605576789631462 0.00779676572097231 -0.015402969336103 0.999832629321083
1610017592.69372 57.2860767003626 -4.26599571303589 39.076297108616 0.00481757272933425 0.00798277479229758 -0.0157205795958187 0.999832950885689
1610017592.75972 57.2862391756594 -4.26844656732757 39.1142304081054 0.00475836546679564 0.00810507583754876 -0.0162240285910461 0.999824207848574
1610017592.82572 57.2865016083104 -4.27076106575243 39.1520891034212 0.00528636457038784 0.0081318915918453 -0.0164469828079917 0.999817695105103
1610017592.89172 57.2867783758378 -4.27302191963752 39.1897971510673 0.00614272101882085 0.00811052368394525 -0.0163325649791403 0.999814849712315
1610017592.95772 57.2871844238183 -4.27531083688331 39.2275336598745 0.0067112054806312 0.0080531969340606 -0.0160257655357058 0.999816623476091
1610017593.02372 57.2875586216639 -4.27766156498203 39.2651992220908 0.00682186872644475 0.00800898122362859 -0.015806710007739 0.999819716871782
1610017593.08972 57.2878414129362 -4.28012306782514 39.3026901104623 0.00676508390345038 0.00772522165669673 -0.0155976566178105 0.999825618644655
1610017593.15572 57.2881547049893 -4.28258714735769 39.3400897391349 0.00624759237955891 0.00700528401791072 -0.0150818870050752 0.99984220268483
1610017593.22172 57.2883938873623 -4.28500403331848 39.377513539955 0.00562666062404804 0.00585190512046454 -0.014582456904541 0.999860714223391
1610017593.28772 57.28833415768 -4.28727264715116 39.4139911609459 0.00523957988548207 0.00418610629752485 -0.014131516553304 0.999877654294061
1610017593.35372 57.288360534764 -4.28960044940377 39.4518880291018 0.00516366554898468 0.00217751874892645 -0.0137822010974143 0.999889316826171
1610017593.41972 57.2880127568948 -4.29182349410208 39.488793798656 0.00517717397332212 -0.000229634481277883 -0.0135303237100317 0.999895031729809
1610017593.51872 57.2869793843752 -4.29524325724459 39.5439688382094 0.00531894979977132 -0.00467296903201179 -0.0132546530167595 0.999887086778732
1610017593.58472 57.285818294765 -4.29745200873259 39.5804136050501 0.00584374267674198 -0.00816487478288447 -0.0132299941279465 0.999862066860566
1610017593.68372 57.2837486456851 -4.30073532099579 39.6354072896971 0.00676522872052621 -0.0141164548090875 -0.0126982711248385 0.999796835009204
1610017593.78272 57.2820560921573 -4.30392096128353 39.6812650753223 0.00143373299574417 -0.019947880889155 -0.0123741273157736 0.999723415465949
1610017593.91472 57.2754084406232 -4.30824194486488 39.7630734978217 0.00279734772403273 -0.0288360754222526 -0.0145920553192306 0.999473725278215
1610017594.04672 57.2688477682407 -4.31256654865719 39.8345843346062 0.00512452387970991 -0.038886970894543 -0.0143988752411875 0.999126726267215
1610017594.17872 57.2608907347076 -4.3164015620933 39.9052769548459 0.00894609289527315 -0.0506542692964025 -0.0144398000403705 0.998571782396614
1610017594.31072 57.2507073798056 -4.32117343599328 39.9763952860949 0.0068273595421719 -0.0620046608268145 -0.0151987106098972 0.997936775749461
1610017594.44272 57.239491064452 -4.32623235962667 40.041717728364 0.00472264828963409 -0.0747701875678063 -0.016388611433445 0.997054927804628
1610017594.57472 57.2253500388118 -4.32988262003559 40.115809572594 0.0059183395677726 -0.0878551298257544 -0.0163654856169095 0.995981234913883
1610017594.70672 57.2102159005448 -4.33364786915226 40.1845929291045 0.00703827314419997 -0.101014606076891 -0.0167509034054769 0.994719015252739
1610017594.83872 57.1929964871867 -4.33775949842044 40.2525162096065 0.00619391986037365 -0.114430012195173 -0.0177327215795252 0.993253722998892
1610017594.97073 57.1742419951984 -4.34180122835719 40.3200250686794 0.00440200114879985 -0.129008949171071 -0.0177456669297708 0.99147486338529
1610017595.10273 57.1532367102594 -4.34566331549924 40.3866591271945 0.00424037316356624 -0.144418587529122 -0.0178326181410902 0.989346900001087
1610017595.23473 57.1298126180179 -4.34907470398037 40.4524078374208 0.00506860945624477 -0.16034820870435 -0.0188599833431011 0.98686729715387
1610017595.39973 57.0973120441226 -4.35328211372344 40.5334332543229 0.00411001239917913 -0.181653154068053 -0.0189616774338852 0.983171243580741
1610017595.53173 57.0690035059893 -4.35661825317448 40.5974179738309 0.00166913836698029 -0.199591203919015 -0.0177404899376688 0.979717224668446
1610017595.66373 57.0377153551619 -4.36005497723962 40.6600002779037 0.000480885543649112 -0.217634801344256 -0.0201132255851023 0.975822893843705
1610017595.79573 57.0032862672924 -4.36454027710562 40.7217928400112 0.000870404731712404 -0.236449527422655 -0.0193083090206017 0.971451518388834
1610017595.92773 56.9693049750494 -4.36573172189937 40.7814730617199 0.00322238638063821 -0.255526707003391 -0.0180973441284465 0.966627231340765
1610017596.05973 56.9311627655191 -4.36863370511839 40.8397780255381 0.00376673360108348 -0.274209351779472 -0.0190239498983992 0.961474457510403
1610017596.22473 56.8790163415031 -4.37397973436286 40.9121918744042 0.000844913103551559 -0.298880413029122 -0.0209480235759388 0.954060252362318
1610017596.35673 56.8365434571519 -4.37520689835221 40.9657673007944 -0.00148069007237966 -0.31904132790013 -0.0222212133886517 0.947479106009292
1610017596.48873 56.7902530155262 -4.3773067761899 41.0187451143914 -0.00149691752321202 -0.339419669379616 -0.0239847665682053 0.94032801630539
1610017596.62073 56.7418322824341 -4.37901351553515 41.0697502110166 -0.000631372607013403 -0.360157005351251 -0.0248469975535955 0.932560539363328
1610017596.71973 56.7038077465111 -4.38019661032775 41.1066684639434 -0.000177159656078729 -0.375857172377921 -0.0258769892156274 0.926316218154289
1610017596.81873 56.6643849819983 -4.38146886976786 41.1423557888921 -0.00100285177793874 -0.391345137319982 -0.0274633907939172 0.919833539261543
1610017596.91773 56.6231619923423 -4.38320562355833 41.1778799065498 -0.00178864344894708 -0.406938187880386 -0.0278708978091984 0.91302865511141
1610017597.01673 56.5814148614789 -4.3842215972115 41.211408910853 -0.00245426337786092 -0.422446267598463 -0.0278367619332662 0.905957086328304
1610017597.11573 56.5383156375103 -4.38500273330772 41.2433574577408 -0.00289459792219066 -0.437777747268295 -0.0283908407937306 0.898630193938859
1610017597.21473 56.493785342891 -4.38562946470482 41.2740066853783 -0.00346163151050322 -0.452959738070877 -0.0290932529507795 0.891049423672329
1610017597.31373 56.447145770492 -4.38615797760206 41.3039054906695 -0.00447429191336279 -0.468094986031482 -0.0304502543293561 0.883142030918775
1610017597.41273 56.4006600796961 -4.38665957407285 41.3314086865254 -0.00542456821458714 -0.483136651694489 -0.0320627706532473 0.874940871480559
1610017597.51173 56.3524861920542 -4.38691565984105 41.3577060758057 -0.00617672557642091 -0.497948089839887 -0.0333601293301995 0.866542930071577
1610017597.61073 56.2997267496049 -4.38811503145259 41.3852356458195 -0.00702088902908293 -0.512570257139187 -0.0345648158291041 0.857920574482399
1610017597.70973 56.2527563742397 -4.38664102333304 41.4058001553557 -0.0072420232571973 -0.526752465390754 -0.0363409861189899 0.849210648797932
1610017597.80873 56.2012800903849 -4.38625672442965 41.427423397595 -0.00666041852443783 -0.54081560042216 -0.0380395036638424 0.840254200421579
1610017597.90773 56.1491629190109 -4.38577720480017 41.4472829278671 -0.00573905682570569 -0.554442439054848 -0.0395650204617321 0.831261243026238
1610017598.00673 56.0961426368225 -4.38514010191758 41.4656510173056 -0.00477391213110495 -0.567623808353118 -0.0408517817100443 0.822260028144858
1610017598.10573 56.0422837709809 -4.3843981615098 41.4826831785432 -0.00413601136127278 -0.58022797941192 -0.0419843765300535 0.813360742502958
1610017598.20473 55.9846045404243 -4.38533456599152 41.5005905644983 -0.00332854887981637 -0.591591248079708 -0.042580022966299 0.805105991532815
1610017598.30373 55.9312570316349 -4.38352515805921 41.5128478150459 -0.00248756073543166 -0.601824200565845 -0.0445324344117315 0.797382158027275
1610017598.40273 55.8753055452064 -4.38266977837182 41.5259408066132 -0.00223234190809707 -0.611237854229733 -0.0456520295848943 0.790126062347659
1610017598.53473 55.7997949761606 -4.38147171065369 41.5420505025849 -0.00242419665716376 -0.62283373710896 -0.0462594827597182 0.780981638352821
1610017598.63373 55.7419662694628 -4.38100534073532 41.5531872504719 -0.00248963576894767 -0.631223862268429 -0.045997067657458 0.774231559149833
1610017598.73273 55.6843473189848 -4.37993361595117 41.5628935288887 -0.00301900006043415 -0.639571453998777 -0.0461495518168412 0.767339207740378
1610017598.83173 55.625243613075 -4.37948736108286 41.571896779866 -0.00282283520136428 -0.647977788883639 -0.0462062940240825 0.760251139497637
1610017598.93073 55.5669607566982 -4.37799652027505 41.5787419830272 -0.00272189547205731 -0.656091885438553 -0.0469033574077232 0.753217169354633
1610017599.02974 55.5078102758917 -4.37675398229509 41.5844378237992 -0.00174027519167708 -0.663658161591179 -0.048231168410101 0.746477441313179
1610017599.16174 55.4280395748619 -4.3757279842343 41.5919687370528 -8.4055185258558e-05 -0.672763379056705 -0.0484103124308363 0.738272219703058
1610017599.26074 55.3681981844162 -4.37351165029986 41.5941588361596 5.29082534394543e-05 -0.678364469572397 -0.049873938239379 0.733030854675963
1610017599.35974 55.3071875361956 -4.37227911380249 41.5972162610072 0.000120492251311222 -0.682854743488292 -0.051210988609355 0.728757037305856
1610017599.45874 55.24608846194 -4.37080264597383 41.5997238426611 -0.000110942162115935 -0.686526773591979 -0.0520099430243525 0.725241989035265
1610017599.55774 55.1844173024215 -4.36957095732692 41.60237383813 -0.000127242807562378 -0.689509657644224 -0.0526013505086161 0.722363837514921
1610017599.65674 55.1229295933139 -4.36758029006794 41.6037775067488 0.000267955893412497 -0.692063295603891 -0.0521445652019062 0.719950878461458
1610017599.72274 55.0816514193259 -4.36645679943832 41.6048627662598 0.000387832839449487 -0.693654948989539 -0.051728557379567 0.718447505166131
1610017599.78874 55.0401922439827 -4.36535443203567 41.6057674686629 0.000473475189286976 -0.695266365357005 -0.0515073673082292 0.716904071781909
1610017599.85474 54.9985845831264 -4.36425703072475 41.606403674729 0.000751608976726437 -0.696915383822647 -0.0513692724583559 0.715310828047764
1610017599.92074 54.9567242693342 -4.36332870229075 41.6069087850865 0.00101840424249261 -0.698476812349791 -0.051581563202794 0.713770584852045
1610017599.98674 54.9147284431223 -4.36224336681266 41.607196757756 0.00102057034591929 -0.699850804483698 -0.052211875960727 0.712377519232851
1610017600.05274 54.8724002639054 -4.36123956120547 41.6073653607462 0.000919807828348718 -0.700985913157301 -0.0530339293050207 0.711199905688305
1610017600.11874 54.8293015385771 -4.36072380667373 41.6092609051103 0.00104409347651341 -0.702080222809029 -0.05332479023567 0.710097695641634
1610017600.18474 54.7874803710676 -4.35899234285493 41.6074517540543 0.000600634135282108 -0.70311119110796 -0.053758809388392 0.709044626656548
1610017600.25074 54.7449353080879 -4.35780982564454 41.6072744782496 0.000433389186786814 -0.704057327437192 -0.0541878959230745 0.70807256957973
1610017600.31674 54.7023342657256 -4.35658324223297 41.6070865179521 0.00059228078982182 -0.704979998978942 -0.0542896572047951 0.707146012760945
1610017600.38274 54.6593169271871 -4.35547609249768 41.6069353658828 0.000981462738596561 -0.705896375408277 -0.0539537292598856 0.706256567413926
1610017600.44874 54.6163923363642 -4.35416997547433 41.6065725861331 0.00110173989471551 -0.706786342990927 -0.0533664671139853 0.705410427849269
1610017600.54774 54.551988722747 -4.35258822520186 41.606238033286 0.000995637559468965 -0.707960948337831 -0.0530792021343523 0.704253436367357
1610017600.64674 54.4866276079863 -4.35049583112966 41.6049042574768 0.000296953658545651 -0.709013524602623 -0.0533385006051358 0.703174756445569
1610017600.74574 54.4209054698485 -4.34866053630197 41.6038083078059 -0.00059717559175293 -0.709912759228073 -0.0544426688921167 0.702181966067487
1610017600.84474 54.3551441137469 -4.34671932313617 41.6027191435417 -0.00175779558103067 -0.710642252023897 -0.0539280797174702 0.701481476598695
1610017600.94374 54.2892032287346 -4.34464813002605 41.6012667526424 -0.00109937041477365 -0.711176376690286 -0.0547978331495493 0.700873847496454
1610017601.00974 54.2445295185819 -4.34342414004301 41.6015928616289 -0.000355113327604961 -0.711360937925318 -0.0548834564636869 0.700680594918352
1610017601.07574 54.2012688069471 -4.34187449970233 41.5993386235645 -0.000753869474302504 -0.711487744289248 -0.0537193782671404 0.700641741409691
1610017601.14174 54.1571715054664 -4.34053385261422 41.5987453466762 -0.000664835934365782 -0.711854619352905 -0.052084058500525 0.700392611146938
1610017601.20774 54.11291359734 -4.33925628078041 41.5977796509912 0.000226817919535161 -0.712030145916805 -0.0518674881007629 0.700230521712273
1610017601.27374 54.0684686501361 -4.33805277933883 41.596629529262 0.000732280012851916 -0.711933737420876 -0.0520859709516742 0.700311979704722
1610017601.37274 54.0015845119522 -4.33630711503513 41.5949750699809 0.000850836013786993 -0.711685919492474 -0.0530508876705167 0.700491278597813
1610017601.47174 53.9342984801927 -4.33494506094612 41.5947441187999 0.00115125359018564 -0.711753762599855 -0.0531886812172309 0.70041146494792
1610017601.57074 53.8669059086486 -4.33282533550922 41.5921860320016 0.000262540989696913 -0.71164761236179 -0.0539354049481993 0.700463117505174
1610017601.63674 53.821893278592 -4.33157806239395 41.5911441758501 1.1250935467999e-05 -0.711527653522827 -0.0544467135793887 0.700545468564404
1610017601.70274 53.7768441090753 -4.33024916995167 41.59018034278 -0.000256239255685964 -0.711427047506788 -0.0549069555530063 0.700611673217852
1610017601.76874 53.7318081099997 -4.32896595025439 41.5894405343655 -0.000272700498206546 -0.711380291613427 -0.0549658126749479 0.700654526693017
1610017601.83474 53.6867409857707 -4.32758002463518 41.5885760988835 5.75253606577841e-05 -0.711382248824304 -0.0547422357381623 0.700670093820834
1610017601.93374 53.6194922768209 -4.32572174814668 41.5880470576378 0.000285892070188476 -0.71143318451479 -0.0542144111439216 0.700659360788955
1610017601.99974 53.5739072877072 -4.32425198713005 41.5863676088495 0.000209951142845666 -0.711441287370717 -0.0541684060483406 0.700654718339209
1610017602.09874 53.5061153903417 -4.32233413382619 41.5850437658734 -0.000334502916678969 -0.711405640422958 -0.0546576921750321 0.700652866666725
1610017602.19774 53.4381902132925 -4.32038128074114 41.5836795537815 2.41521706132453e-05 -0.711385711652753 -0.0546066604093955 0.700677159119599
1610017602.29674 53.3702309336055 -4.31841644000422 41.5822365796136 7.36783312240141e-05 -0.711192220302416 -0.0552469571106654 0.700823368676327
1610017602.36274 53.3250214457352 -4.31708855253803 41.581408551045 0.000492983814482761 -0.711099186942794 -0.0549571000667347 0.700940382948872
1610017602.42874 53.2797728323926 -4.31580506350074 41.5806679737135 0.00091405703122116 -0.711010907169545 -0.0545942898549057 0.701057856314957
1610017602.49474 53.2351577240106 -4.31443314487771 41.5798354795264 0.0015758126106345 -0.710875771641056 -0.0541984272696944 0.701224418135764
1610017602.56074 53.1890483081327 -4.31327009088137 41.5789527757678 0.00158983643945426 -0.710829865965313 -0.0539922438920277 0.701286825536695
1610017602.65974 53.1205238700401 -4.31126071083367 41.5777030217732 0.000594128905641755 -0.710615505649093 -0.0542808421120715 0.701483314357178
1610017602.75874 53.0520563599324 -4.3094634634903 41.5763893943471 6.92839527913769e-05 -0.710405496501761 -0.0556766885152785 0.701586867106129
1610017602.85774 52.984304817687 -4.30753617379671 41.5753149517376 -0.000436808499625907 -0.710232302954048 -0.0551931618810423 0.701800256426639
1610017602.95674 52.9154219075475 -4.30555273118601 41.5740875785146 0.000124378844141571 -0.710327413119764 -0.0546530546592586 0.70174638888768
1610017603.05574 52.8468779333242 -4.30354185438022 41.5729460979378 0.000465510367073929 -0.710286533589518 -0.0542547362698799 0.701818528605344
1610017603.15475 52.7782834085865 -4.30161821000904 41.5717061181024 -9.58532404271572e-05 -0.710193723842945 -0.0548122602332373 0.701869276685033
1610017603.22075 52.7327007680364 -4.30038349890821 41.5708403554729 -0.000125694961008116 -0.710134718215506 -0.0552509884323334 0.701894575034607
1610017603.28675 52.6870919059717 -4.29916344854313 41.5699595056924 -0.000198774325918416 -0.710055058718477 -0.05557456525291 0.701949600593959
1610017603.35275 52.6415659805192 -4.29787183718602 41.5692440301648 -5.88354010063741e-05 -0.710073937555569 -0.0551683197426423 0.701962574671541
1610017603.41875 52.5959940551996 -4.29657764130227 41.5684796321526 0.000445499575939368 -0.710123438345672 -0.0546491844511824 0.701952968852664
1610017603.48475 52.5503578044915 -4.29528586557572 41.5676276918095 0.000885453087542898 -0.710167286218457 -0.0541229478223852 0.701948964011599
1610017603.55075 52.5046481822039 -4.29395866622681 41.5668119029616 0.00101566858306734 -0.710178439443419 -0.053860735598471 0.701957672319229
1610017603.61675 52.4588751922098 -4.2926664424487 41.5660209211589 0.000733075137417827 -0.710161443226837 -0.053955019783275 0.701967978610852
1610017603.68275 52.4130479171751 -4.29141002168085 41.5652401496357 0.000312503315328783 -0.710158166529289 -0.0545810470775341 0.701923208159808
1610017603.74875 52.3671967460209 -4.29018812354433 41.5643670657921 -0.000168377295292177 -0.710180890406646 -0.0552390753029929 0.701848786498901
1610017603.81475 52.3213951018845 -4.28896559296192 41.5635449962887 -0.000701720342134893 -0.710257471267633 -0.0551627254968704 0.701776963010917
1610017603.88075 52.2755219471901 -4.28783255917308 41.5631184461923 -0.000800505963288844 -0.710412511589629 -0.0547081393984397 0.701655500976568
1610017603.94675 52.2300636406534 -4.28631725814256 41.5619677717368 -0.000468200826896525 -0.710462439543735 -0.0546522684375565 0.701609601088938
1610017604.01275 52.1845342806618 -4.28493161894917 41.561080822483 -0.000185969609592274 -0.710504740921919 -0.0544146692561531 0.701585363525013
1610017604.07875 52.1389387017351 -4.28356596567365 41.5602101498059 -0.00014869070534318 -0.710541935529395 -0.0541757104340085 0.701566196551819
1610017604.14475 52.0933834000607 -4.28226439970051 41.5592702615709 -0.000163400766984789 -0.71061521462207 -0.0544976012402577 0.701467035224662
1610017604.21075 52.0475513451306 -4.28086979953127 41.5582939872972 -6.3640099695117e-05 -0.710708279814545 -0.0548072810895212 0.701348628638114
1610017604.30975 51.9791288674775 -4.27910327415059 41.5570231217528 6.64458254920341e-05 -0.710816247838017 -0.0544040859019911 0.701270598864379
1610017604.40875 51.9105893350174 -4.27717830852464 41.555530229249 0.00073027010897897 -0.710944252430265 -0.0544852498112782 0.701134148501514
1610017604.50775 51.8420926695607 -4.27522927626932 41.5541941657887 0.00119711771310743 -0.711133660464099 -0.0537893631712131 0.700995141405237
1610017604.60675 51.7735614445246 -4.27399802350777 41.5528330489463 0.00117391407582301 -0.711201924005618 -0.0540237209180685 0.700907898938667
1610017604.70575 51.7045651904135 -4.27137925433878 41.5510680258406 -5.11968564029797e-05 -0.711166474706165 -0.0561960940969404 0.700774030370087
1610017604.80475 51.6356467820702 -4.26937734622201 41.5495166048062 0.000108030575218521 -0.711353595957874 -0.0562644397796993 0.700578591353942
1610017604.90375 51.5673589972033 -4.2673945562285 41.548136179692 -0.000630492542418482 -0.711364164946079 -0.0571578047540462 0.700495262414687
1610017605.00275 51.4986586943914 -4.26515485298817 41.5466249806279 0.00109522920439348 -0.71178390234838 -0.0547734163176995 0.700258773379948
1610017605.10175 51.4301641868291 -4.26299429920776 41.5448195145739 0.000847097047300405 -0.711701492291638 -0.0575351912686188 0.700121396660702
1610017605.20075 51.3605575379105 -4.26051760577563 41.5428123154221 -0.00169330310142035 -0.71139236043256 -0.0622576659517642 0.700030017408565
1610017605.26675 51.3147551452535 -4.25916126052495 41.5414865291035 -0.00107987458785924 -0.711640268981674 -0.0624377348473469 0.699763167580073
1610017605.33275 51.2693133232051 -4.25802358426483 41.5408081155832 -0.00215771671871562 -0.7119254307784 -0.0598003234979083 0.699700969399855
1610017605.39875 51.2242232416466 -4.25648051623572 41.5399251720722 0.000366978948215413 -0.71229961277125 -0.0561378680281397 0.699626805336698
1610017605.46475 51.1792926058075 -4.25481802682453 41.5387366925543 0.00363868297092024 -0.712518169274635 -0.0535508389437778 0.699597688738448
1610017605.53075 51.134800627504 -4.2541432772753 41.5375508061383 0.00651848931224208 -0.712829866319666 -0.0516415423899432 0.699402775287145
1610017605.62975 51.0658910535114 -4.25233718596774 41.5355001722367 0.00577236902663703 -0.713557913960194 -0.0518904712072637 0.698648096095943
1610017605.72875 50.9966408092291 -4.25134229956231 41.533851961929 0.00134876740441492 -0.714033300223468 -0.0546114442740829 0.697977232546141
1610017605.82775 50.9277118090811 -4.24985686786727 41.5319526590706 -0.00136047906426012 -0.714220592530664 -0.0558689440804325 0.697686000568451
1610017605.92675 50.8592732402048 -4.2476528266678 41.5297303502147 -0.000676391360156403 -0.714341983723751 -0.0563798703324847 0.697521600386423
1610017605.99275 50.8138405394439 -4.24606169980348 41.5281262307575 0.000803874197127963 -0.71446611619771 -0.0558652505504422 0.697435729205618
1610017606.05875 50.7684210391732 -4.24446424955534 41.5266720538166 0.00174110938210886 -0.714571114536259 -0.0554414861143556 0.69736026014246
1610017606.12475 50.7229508443286 -4.24311063142957 41.5252309761209 0.0022354355582701 -0.714748811930528 -0.0547963912273679 0.697227720461702
1610017606.19075 50.6778866225708 -4.24219030927554 41.5243739550789 0.00186072958776062 -0.714924155777105 -0.0543734302600855 0.697082146704064
1610017606.28975 50.6086777371424 -4.24010120969752 41.5219149873104 7.05842426755865e-05 -0.714948861193611 -0.0556913004768419 0.696955235253328
1610017606.35575 50.5629507288439 -4.23893576266213 41.5205555838102 -0.000641934259031807 -0.71504357412376 -0.0556075478143794 0.696864460028489
1610017606.45475 50.494370337785 -4.2370477075086 41.5183896233591 -0.000422611191718769 -0.715183223865727 -0.0550384648106003 0.696766492515318
1610017606.52075 50.448992295215 -4.23575479168864 41.5168955173555 4.12593014226248e-05 -0.715295560251552 -0.0547035637396383 0.696677672884866
1610017606.58675 50.4034268800185 -4.23431233497124 41.515366399526 0.000653594835499593 -0.71539117395247 -0.0545065260673755 0.696594630800987
1610017606.65275 50.3588695177362 -4.23310693879957 41.5142507021171 0.000683347248745025 -0.715451200427316 -0.0543408951939859 0.696545892208953
1610017606.71875 50.3123353489946 -4.23159093436093 41.5122626737715 0.000707848654588561 -0.715500812295836 -0.0550021963972137 0.69644299475676
1610017606.78475 50.2666334832347 -4.23019956372879 41.5107565588458 0.000215083016090689 -0.715551446517159 -0.0553676913183033 0.696362333763522
1610017606.85075 50.2210629758723 -4.22890384637143 41.509260799517 -0.000260110145847536 -0.715541692567786 -0.0558307945921807 0.696335365262418
1610017606.91675 50.1755180205935 -4.22764635823543 41.50773095654 -0.000439877080105733 -0.715436334853219 -0.0562894530322783 0.696406601603743
1610017606.98275 50.1300157992514 -4.22631533641445 41.5061857923299 -0.000156627813634458 -0.715258829855192 -0.0564549616583938 0.696575637735098
1610017607.04875 50.0846978221869 -4.2249210242869 41.5047472872969 0.000192579633075729 -0.715068577110431 -0.0559321483875197 0.696813093820076
1610017607.11475 50.039365261524 -4.22353414086831 41.5033488110276 0.000739151783813563 -0.714918745882406 -0.0554212882647069 0.697007260541559
1610017607.18075 49.993969748359 -4.2221658905132 41.5019250090046 0.00126895146225497 -0.71480548020484 -0.0552242143389581 0.697138294301755
1610017607.24676 49.9485906167515 -4.22085238097019 41.5005262671333 0.00169326025608385 -0.714682904194997 -0.0552460601547474 0.697261322718024
1610017607.31276 49.9032430436924 -4.219583696367 41.4991894792289 0.00161789638954202 -0.714508443453683 -0.0553970109256233 0.697428302999796
1610017607.37876 49.8578912607471 -4.21835670199918 41.49779789711 0.00159589566542828 -0.714326326298692 -0.0556148293481655 0.697597551192817
1610017607.44476 49.8127064755711 -4.21713189327957 41.4966054648225 0.00174274061897611 -0.714168071233382 -0.0558723564092196 0.697738639230484
1610017607.51076 49.7673137065008 -4.21589292032238 41.4951760399049 0.00187483767786595 -0.713967358287788 -0.0557412233994882 0.697954162031553
1610017607.57676 49.7219529637357 -4.21463994359716 41.4938874116069 0.00204977927266164 -0.713770065400092 -0.0556773136956722 0.698160532315681
1610017607.64276 49.6774498539295 -4.2134611276399 41.4928738520897 0.00221013657095825 -0.713566901220754 -0.0557478404678506 0.698362063017257
1610017607.70876 49.6312970928476 -4.21195000196394 41.4911724329489 0.00324533407640676 -0.71349108432368 -0.0563393284242844 0.698388015697615
1610017607.77476 49.5859024049527 -4.21067087992479 41.4900429665146 0.00239799343561981 -0.71334313576073 -0.0561880472708007 0.698554739182568
1610017607.84076 49.5405304960287 -4.20942174721454 41.4890552294385 0.00143041538726113 -0.713229525400492 -0.0561394238824096 0.698677295391055
1610017607.90676 49.4952560980104 -4.20815912422322 41.488037176262 0.000871290844321692 -0.713187765658467 -0.0561963080895584 0.698716270545099
1610017607.97276 49.4501654649525 -4.2068142153464 41.4868690359873 0.00115661329224553 -0.713081342976961 -0.0560665496865723 0.698834889333746
1610017608.03876 49.4051737815131 -4.20545747112657 41.4857713961259 0.00142518951691528 -0.71305677332718 -0.0552706304701566 0.698922860017115
1610017608.10476 49.3602421764504 -4.20410821971057 41.4846152113728 0.00149297584150709 -0.712995444598415 -0.0552883028220912 0.698983884346483
1610017608.17076 49.3163357595712 -4.20297748857419 41.4841532553417 0.00119759457416613 -0.713010918221744 -0.055301201536551 0.698967648301719
1610017608.23676 49.2698476888789 -4.20142871840392 41.482382393568 0.000917654589457639 -0.712888037475429 -0.0555145317108797 0.699076491310792
1610017608.30276 49.2250555933841 -4.20016326266572 41.4814545432348 0.00045845385201515 -0.712786463227157 -0.0555550994345139 0.699177286950175
1610017608.36876 49.179973187869 -4.19883888501397 41.48019913839 0.000233482754341874 -0.712699821321252 -0.0556521318347595 0.699257999880378
1610017608.43476 49.1350014059065 -4.19752986200564 41.4792320541697 -7.32780480131034e-05 -0.712626169106913 -0.0555788177731561 0.69933892552129
1610017608.50076 49.0902093746391 -4.19620590361949 41.4781555570051 5.31669550187241e-05 -0.712537204426742 -0.0554273967983388 0.699441586671224
1610017608.56676 49.0477344917187 -4.1951594031881 41.4772388768946 0.000400435576620839 -0.71249326560287 -0.0549661639229451 0.699522627900987
1610017608.63276 49.0009547141278 -4.19359584972368 41.4759738311462 0.000867664895597087 -0.712387611659129 -0.0547119284234566 0.699649728650285
1610017608.69876 48.9574868714102 -4.19258709436429 41.4749411944565 0.000972214830597284 -0.712348275442845 -0.0539429592250418 0.699749345424469
1610017608.76476 48.9129589679337 -4.19140767462016 41.473953471321 0.0012134212528534 -0.712259351955993 -0.0533960609722272 0.69988142126559
1610017608.86376 48.8481047346654 -4.18996027397231 41.4728215717949 0.0013108907970687 -0.712126654442621 -0.0529945042242262 0.700046778522484
1610017608.96276 48.7799777145032 -4.18829332003886 41.4712871301534 0.000830305394743103 -0.711860683735776 -0.0529933103466589 0.700318061028478
1610017609.06176 48.713133679468 -4.18666175801116 41.4698829773975 0.000649014108220547 -0.711691990986174 -0.0529033162436285 0.70049648669872
1610017609.16076 48.6472034805512 -4.18504702771694 41.4686699876561 0.000390089533997495 -0.711478161872396 -0.0531794731361832 0.700692954614067
1610017609.25976 48.5803550812961 -4.18327628889097 41.4670824676674 0.000316490571669048 -0.711160320261152 -0.0532394126746949 0.701011029626373
1610017609.35876 48.5138724991103 -4.1816624918913 41.4658747716303 0.000748325876331168 -0.710887126859584 -0.0524057960314162 0.701350529632667
1610017609.45776 48.4474633017911 -4.18007708887768 41.4646760063457 0.00141160988133371 -0.7105963639332 -0.0514738324600018 0.701713089157056
1610017609.52376 48.4056952257256 -4.17929684683172 41.4637864943575 0.00178968749855551 -0.710428115473676 -0.0508359992088417 0.701929049796073
1610017609.62276 48.3366481307851 -4.17769770610512 41.4627633072166 0.00240303686314303 -0.710238775016319 -0.0502737607559905 0.702159281685147
1610017609.72176 48.2698941420153 -4.17628735519523 41.4616014587782 0.00172788806314 -0.709889811398241 -0.0509688652122057 0.70246398117967
1610017609.78776 48.2252731801955 -4.17539074862598 41.4608353663866 0.0015861248956297 -0.709700078007575 -0.0514800353838173 0.702618736898425
1610017609.85376 48.1806714937694 -4.1744229618484 41.4600692401573 0.0017417294073015 -0.709549678842053 -0.051554367062503 0.702764801957665
1610017609.91976 48.1363627363234 -4.17342512357466 41.4593368594009 0.00177230851444982 -0.709381355019678 -0.0513629353800426 0.702948647443126
1610017609.98576 48.0915110190084 -4.1724868996651 41.458731817369 0.00208447210838697 -0.709235950141664 -0.0508100256304663 0.703134669389948
1610017610.05176 48.046859261667 -4.17147436407609 41.4581007702153 0.0024441582123243 -0.709146562160452 -0.0504472600447805 0.703249780249251
1610017610.11776 48.0020771588094 -4.17049374115227 41.4573995823734 0.00274996706986047 -0.709063980053716 -0.0506434484216869 0.70331781649796
1610017610.18376 47.9609872100654 -4.16996474404905 41.4569688735013 0.00239488049079517 -0.709067211813924 -0.0505568431781689 0.703322087869932
1610017610.24976 47.9122128853443 -4.16874098504477 41.4561435639775 0.00226958490264423 -0.709069460340447 -0.0507409302149554 0.703306979488899
1610017610.31576 47.8671865251512 -4.16788146980212 41.4554739996953 0.00215216154059106 -0.709159208521034 -0.0507100727440238 0.703219079443114
1610017610.38176 47.8222611946736 -4.1669872562351 41.4548307254886 0.00215843501319762 -0.709226947898627 -0.0503698655327315 0.703175194513364
1610017610.44776 47.7771593040966 -4.16607228794327 41.4540586408354 0.00243630228960201 -0.709273652383533 -0.0500670739877404 0.703148802578787
1610017610.51376 47.7321188251826 -4.16514281760808 41.4533632187458 0.00282695177478043 -0.709362363687094 -0.0496925807249893 0.703084413672223
1610017610.57976 47.68940620434 -4.1642804338879 41.4525755090899 0.00304516192521198 -0.709482484877864 -0.0491811719702662 0.702998252461563
1610017610.67876 47.6192141054008 -4.16299566511041 41.4515784917631 0.0033668942503991 -0.709746477165513 -0.0490788639039139 0.702737409913655
1610017610.74476 47.573903274567 -4.1621443266066 41.4507627686042 0.00349068855056955 -0.709908791814782 -0.0493464180548176 0.70255409288017
1610017610.84376 47.5057338182036 -4.16087965305515 41.4495339027261 0.0030988945270099 -0.710158994909115 -0.0496484356565085 0.702281732383271
1610017610.90976 47.4601703973296 -4.16010256868205 41.4487132279784 0.00276906593335896 -0.710307916731316 -0.0499961845790367 0.702107810261511
1610017610.97576 47.4147045772827 -4.15928740743753 41.4478631179051 0.00262495569927451 -0.710442700988712 -0.0500335417174546 0.701969317650457
1610017611.04176 47.3691793012616 -4.1584836565154 41.4469910734862 0.00275126746381071 -0.710604712152166 -0.0498525002746711 0.701817712665364
1610017611.14076 47.3008376035316 -4.15718483714997 41.4456472407536 0.00348222950499272 -0.710876526994067 -0.0492445549560137 0.701582077346416
1610017611.23976 47.2338216906472 -4.1559773717748 41.4442004518393 0.00291736327201109 -0.711062429052176 -0.0492329235997045 0.70139705603587
1610017611.33877 47.1653500897162 -4.15486362707539 41.4429265498856 0.00299816977851508 -0.711365285515883 -0.0489966873756253 0.701106101932583
1610017611.43777 47.0969907972538 -4.15372919528454 41.4414708430114 0.002789258700304 -0.711604993317668 -0.0490184531111475 0.700862143916944
1610017611.53677 47.0311756849024 -4.15283333717058 41.4398270915723 0.00258856409893954 -0.711839749658859 -0.0487790439574272 0.700641188492454
1610017611.63577 46.9602369544529 -4.15141002560213 41.4382413359806 0.00331240739092997 -0.712107572650797 -0.0488686705895686 0.700359683281009
1610017611.73477 46.8917699728432 -4.15014564220862 41.4366003685184 0.00336833123568442 -0.712296691276736 -0.0495717599273344 0.700117646227124
1610017611.83377 46.8233024108818 -4.14896943463369 41.4348608509754 0.0035160632451251 -0.712514435488853 -0.0496435714894379 0.699890228770934
1610017611.93277 46.7572153357539 -4.14806623111906 41.433034715958 0.00321466987781915 -0.712700881371052 -0.0500104258678476 0.699675694086209
1610017612.03177 46.6864813199089 -4.14647949046763 41.4312327123672 0.00322105123331656 -0.712874583593585 -0.0504456416913711 0.699467433215851
1610017612.13077 46.6180274439976 -4.14524478788111 41.4293527529334 0.00326767051943977 -0.713120832105675 -0.0503743482430436 0.699221299865339
1610017612.22977 46.5495927998598 -4.14400305981102 41.4275689451497 0.00312069067461057 -0.713331695388874 -0.0500707815095423 0.699028662132227
1610017612.32877 46.4812084997969 -4.14270459459593 41.4256951150707 0.00357966615609667 -0.713555408446523 -0.049566693513547 0.698834034632731
1610017612.42777 46.412747804513 -4.14154562911769 41.423870938196 0.00312900637621755 -0.713742153049549 -0.049455708719285 0.69865333403224
1610017612.49377 46.3724334610432 -4.14131425376638 41.4225947622216 0.0028646346165237 -0.713890102838704 -0.0491108876549335 0.698527619819863
1610017612.59277 46.2989482593952 -4.13964726049566 41.4206098394764 0.00303374285589153 -0.714041564397724 -0.0495160872512919 0.698343466941631
1610017612.65877 46.2533215691561 -4.13884732217491 41.4192873980829 0.00302831768299655 -0.714055730875025 -0.0495516194858483 0.698326484892901
1610017612.72477 46.2077710392332 -4.13804701104955 41.4179518505621 0.00312213619188861 -0.71400162069701 -0.0498269689884704 0.698361805276509
1610017612.79077 46.1622250565901 -4.13720253951906 41.4165754251426 0.00328224126211696 -0.713966710416311 -0.0501776240174442 0.698371655608654
1610017612.85677 46.1168993454895 -4.13639347796446 41.4152326838262 0.00316969664084865 -0.713937069093871 -0.0502340698403624 0.698398419689028
1610017612.92277 46.0713061656384 -4.13552766741869 41.4139482214486 0.00286196085929319 -0.713868172591953 -0.0503877384205844 0.698459101993184
1610017612.98877 46.0257811576978 -4.13468378102665 41.4126080233664 0.00297344747021921 -0.713790879101753 -0.0506945499722673 0.69851542726299
1610017613.05477 45.9857676090677 -4.13446359291452 41.4110280996221 0.00281479852862992 -0.713591597803814 -0.0508108931463143 0.69871121473089
1610017613.12077 45.9350813971328 -4.13306933134148 41.4100528468256 0.0029777012071085 -0.713447087176879 -0.0509190698450445 0.698850223882388
1610017613.18677 45.8895297846315 -4.13217522078348 41.4088447681402 0.00312773083445345 -0.713300405475835 -0.0507969536405078 0.69900816758367
1610017613.25277 45.844052602767 -4.13132023189618 41.4076401806836 0.00336089534960321 -0.713155303247285 -0.0505784647167506 0.699170963884812
1610017613.31877 45.7986432387752 -4.13046032071322 41.4065164182985 0.00331194843775212 -0.713045814222682 -0.050322026471115 0.699301359550301
1610017613.38477 45.7531897467253 -4.12960487946838 41.4053502582284 0.00321392524949698 -0.712872837379584 -0.0503501107228579 0.699476128800025
1610017613.45077 45.7081595607511 -4.12878688644368 41.4041766344719 0.0034014867641185 -0.712692080577631 -0.0506177833531121 0.69964009903531
1610017613.51677 45.662782596722 -4.12796557581734 41.402994449317 0.00337913004975887 -0.712490866010243 -0.0507831208962908 0.699833138658147
1610017613.58277 45.6173919627462 -4.12716722228959 41.4018535227413 0.00357384067524524 -0.712329535617409 -0.0506802399460956 0.700003838295848
1610017613.64877 45.5721732887855 -4.12634141032029 41.4006796274038 0.00408632580530166 -0.712174108273749 -0.0505016805826747 0.700172065783996
1610017613.71477 45.5271280310218 -4.12554115861449 41.3996079283262 0.00460947486709318 -0.712055142526803 -0.0501843476041062 0.700312614478802
1610017613.78077 45.4826728625165 -4.12477369207472 41.3983506625446 0.00490242631074561 -0.711924427993738 -0.0498240623602302 0.700469226912918
1610017613.84677 45.4365003687469 -4.12393557972688 41.3975047129218 0.00471317242884672 -0.711745184593558 -0.0501042214263132 0.700632674950862
1610017613.91277 45.3912247472999 -4.12317651054859 41.3964512911369 0.00474233514851824 -0.711592588782475 -0.0503435746746885 0.700770306403011
1610017613.97877 45.3520769592981 -4.12367433794784 41.3956643515301 0.0039823963308962 -0.711407913318112 -0.0505131203224796 0.700950316401327
1610017614.04477 45.30083829563 -4.12174957408851 41.3945930043091 0.00391899558029019 -0.711276107643407 -0.0508869892297966 0.701057383169462
1610017614.11077 45.2555654881011 -4.12094073450287 41.3936065069422 0.00392137233906642 -0.711118448298116 -0.0510519216826035 0.701205302762016
1610017614.17677 45.2103767688645 -4.12013566673905 41.3926231205589 0.00405404959744826 -0.710958238030123 -0.0512631001529949 0.701351583032126
1610017614.24277 45.1652576379094 -4.11934232775158 41.3917369377757 0.00412222007835072 -0.710838677898559 -0.0509238840261977 0.701497070087068
1610017614.30877 45.1201406522062 -4.11851469778007 41.3908780021179 0.00439309356310169 -0.7107317834235 -0.0504841403140723 0.701635506753576
1610017614.37477 45.0750624157087 -4.11774254431365 41.3899913838692 0.00460271209837093 -0.710688799898722 -0.0502980191158849 0.701691067360039
1610017614.44077 45.0347822146935 -4.11809867028588 41.3893529375586 0.00420516929141118 -0.710713267967363 -0.0501487891399163 0.701679461174532
1610017614.50677 44.9849931261992 -4.1162462295069 41.388282017811 0.00414976325359173 -0.710865684239199 -0.0500560684218259 0.701532001016507
1610017614.57277 44.9398454989668 -4.11553291185477 41.3874482249996 0.00358503325825904 -0.711038023607848 -0.0501462130069815 0.701354000374591
1610017614.63877 44.8951652488128 -4.11483916703282 41.3865245172631 0.00334685222144038 -0.711198148897886 -0.0505639855019741 0.701162802032869
1610017614.70477 44.8501586918974 -4.11400623464139 41.3855387259544 0.0032471224773219 -0.711351664286963 -0.0506959258385583 0.700997995015076
1610017614.77077 44.8051419178892 -4.11316169233858 41.3845247565425 0.00326499901420757 -0.711469142223365 -0.0507898426608546 0.700871879395851
1610017614.83677 44.7601886084705 -4.1122961320577 41.3834626301464 0.00361380912966364 -0.711625569440699 -0.0507282029913855 0.700715804533507
1610017614.90277 44.7154278586676 -4.11146545225388 41.3824724384697 0.00378391633250574 -0.711787978082956 -0.0506693943356537 0.700554186848829
1610017614.96877 44.6704718412188 -4.11063232643246 41.381449212473 0.00364560380937595 -0.711933815885451 -0.0504832456104524 0.700420154824431
1610017615.03477 44.6256345006212 -4.109871266787 41.3804180529045 0.00362561632113434 -0.71208924367048 -0.0504702707277544 0.700263176047237
1610017615.10077 44.5806729382765 -4.10907529988567 41.3792762774127 0.00378870263775682 -0.712255504869397 -0.0507184832832069 0.700075265217258
1610017615.16677 44.5373700649081 -4.1086029933546 41.3781456548774 0.00351613672760204 -0.71239884755954 -0.0506349555365508 0.699936868621852
1610017615.23277 44.4908945368332 -4.10749883033886 41.3769881459503 0.00351160899735808 -0.712580928000947 -0.0503642496304287 0.699771056854114
1610017615.29877 44.4459957393792 -4.1066586762392 41.3758431335759 0.0035585711629465 -0.712758590909247 -0.0503264026000378 0.699592582048782
1610017615.36477 44.4011199328936 -4.10582555040213 41.3746496463294 0.0038251306125685 -0.71292374970305 -0.0502484816195965 0.699428470667347
1610017615.43077 44.3564680244522 -4.105086686297 41.373485656317 0.00381522531675232 -0.71307898107935 -0.0503570781626749 0.699262451070796
1610017615.49678 44.3133035808003 -4.10461447659654 41.3723729167465 0.00346463395086272 -0.713196977204342 -0.0505434658835205 0.699130478576537
1610017615.56278 44.266817076995 -4.10343084092527 41.3709245335918 0.00350100439254092 -0.71331155991557 -0.0514034160770387 0.698950677998577
1610017615.62878 44.2218131926057 -4.10261020448895 41.3696494946345 0.00321737507864617 -0.713472603943665 -0.0516615850142481 0.698768611597048
1610017615.69478 44.176937724532 -4.10182016080693 41.3682794225163 0.00380775577576908 -0.713648978719386 -0.0512871627382241 0.698613099724728
1610017615.76078 44.1321971177483 -4.10098312192662 41.3667743722449 0.0043373271675331 -0.713758756720727 -0.0517828689910981 0.698461279726066
1610017615.82678 44.0875419083663 -4.1000447714882 41.3653939280708 0.00519954434541714 -0.713942963070964 -0.0508859203588401 0.698333038978742
1610017615.89278 44.042686032284 -4.09926540547813 41.364079260359 0.00488382364162321 -0.714071178005411 -0.0507603656941679 0.698213352982594
1610017615.99178 43.9755245897603 -4.0983315443409 41.3620817111835 0.00470185782524612 -0.714194000071831 -0.0513594331151154 0.698045149989944
1610017616.09078 43.9093606294127 -4.0972362722122 41.3601432152264 0.004448865419384 -0.714072603812452 -0.051860865033227 0.698133923226047
1610017616.18978 43.8410651902257 -4.09603385916822 41.358087801759 0.00448673165008651 -0.714025667810678 -0.0515867847259037 0.698201989819751
1610017616.28878 43.7738708531618 -4.09471925663643 41.3561198887211 0.0046140779761622 -0.713915984115548 -0.0512450525698439 0.698338472730719
1610017616.35478 43.7293708885906 -4.09395923262783 41.354952586799 0.00444900968088258 -0.713804390055284 -0.0510772281981671 0.69846590168043
1610017616.45378 43.6622725186914 -4.09276539265423 41.3531276390283 0.00434616883861588 -0.713585470874619 -0.0514196070960131 0.698665091856725
1610017616.55278 43.594984191443 -4.09155768507091 41.3513371592021 0.00413990597550778 -0.713366572937524 -0.051607624431441 0.698875988208515
1610017616.65178 43.5278608073393 -4.0903023509353 41.3495964776577 0.00343674623665108 -0.713109759035224 -0.051998084500831 0.699112909015614
1610017616.75078 43.4606218689473 -4.0890018828412 41.3479489678745 0.00348350462939734 -0.712934143438389 -0.0519218460321664 0.699297429009917
1610017616.84978 43.3936190107864 -4.08761117548777 41.3464474396213 0.0035924906087858 -0.712757690071546 -0.0515942627527847 0.699500965907908
1610017616.91578 43.3488222248534 -4.08676234261244 41.3451000647131 0.00414793535966579 -0.712697025192096 -0.0513118450006942 0.699580473910767
1610017616.98178 43.3041257100137 -4.08587389120281 41.3439884666328 0.00429123504800155 -0.712585158177636 -0.0509617958554326 0.69971913866201
1610017617.04778 43.259526938246 -4.08503151662438 41.343074913129 0.00422689291259143 -0.712484993285977 -0.050658425191136 0.699843547998938
1610017617.11378 43.2149410908199 -4.0839474952812 41.3416890755001 0.00427753679734338 -0.712307645169111 -0.0506578368479131 0.700023788794691
1610017617.21278 43.1475070789381 -4.08303442033815 41.3403129839565 0.00408817423837232 -0.712093144830387 -0.0515208660750511 0.700180148444558
1610017617.27878 43.1028192999137 -4.08220504217506 41.3392141077504 0.00424186874612992 -0.711992454524647 -0.0514760278570296 0.700284920447078
1610017617.34478 43.0581109698967 -4.08139018072405 41.3381127791563 0.00437008780399334 -0.711861967239183 -0.0516630878646954 0.70040300347959
1610017617.44378 42.9911831706534 -4.08008788569016 41.3365493469975 0.00470786604866719 -0.711718665102429 -0.0518216055646858 0.700534723578199
1610017617.54278 42.9242337076587 -4.07865739924107 41.3349881834823 0.00442527368092954 -0.711499748587045 -0.0513551297963708 0.700793247225612
1610017617.64178 42.8577954494294 -4.07777015037013 41.3337573999365 0.0044269788857802 -0.711478597891378 -0.0508875285488521 0.700848818247312
1610017617.70778 42.8133625593127 -4.07700245932976 41.3327612822268 0.00454659043820943 -0.711451389927691 -0.0511301550096701 0.700858013818799
1610017617.77378 42.7690355393712 -4.07622166314283 41.3318248392491 0.00441736326771169 -0.711489057901925 -0.0508587991312923 0.700840345541348
1610017617.83978 42.7247062473546 -4.07541999086665 41.3308435208597 0.00436059184566195 -0.711529667739949 -0.0508420160015291 0.700800689621188
1610017617.90578 42.6804455508164 -4.07468178684052 41.3299985552848 0.0037773594173417 -0.711586352168778 -0.0507696205908947 0.700751768166175
1610017617.97178 42.6363131610515 -4.07385476824214 41.3291752238194 0.00333566486173742 -0.711640109004573 -0.0507425720628972 0.700701377175992
1610017618.03778 42.5922313260988 -4.07296664230252 41.3281107823781 0.00318565418474259 -0.711649663825016 -0.050867149304797 0.700683338396711
1610017618.10378 42.5482125486705 -4.0722579635996 41.3271889961593 0.00336754142619056 -0.711668400361225 -0.0509915830512486 0.700654412709979
1610017618.20278 42.4822024812679 -4.07102954642262 41.3256527993771 0.00373497918935961 -0.711757864435868 -0.050915681473118 0.700567188586702
1610017618.30178 42.4180604533736 -4.07053969110634 41.3248132999059 0.00370887242444845 -0.711736399488241 -0.0507734619044621 0.700599455805591
1610017618.40078 42.3508420267714 -4.06864906392492 41.3226400198188 0.00401551396317179 -0.711973515943479 -0.0505974273564319 0.700369537164206
1610017618.46678 42.3071227452414 -4.06787284162484 41.3216655507884 0.00378134145345077 -0.712001702332755 -0.0503921788860173 0.700356984429506
1610017618.53278 42.2633840886811 -4.0671383505195 41.3206701155379 0.0038019676539508 -0.712015748772508 -0.0501760497080015 0.700358110239029
1610017618.59878 42.2196627086179 -4.06637254016287 41.319608338472 0.0042321343020737 -0.712053091552 -0.0502004539444816 0.700315927474348
1610017618.66478 42.1758969801676 -4.06555795606481 41.3185790239803 0.00437255441143442 -0.712080514319703 -0.0503865381495383 0.700273816922646
1610017618.73078 42.1320147058669 -4.06477636674382 41.3175852554538 0.00418282875518783 -0.712105847943902 -0.0504215130131795 0.700246696738488
1610017618.79678 42.0881323253902 -4.06391743446888 41.316608578611 0.00382099181780004 -0.712138599817056 -0.0508207334058486 0.700186594936109
1610017618.86278 42.0455457681413 -4.0639034522955 41.31641167238 0.00324658394149496 -0.71205750185016 -0.0513294912990068 0.70023485851149
1610017618.92878 42.000394903753 -4.06228619591658 41.3144757110736 0.003157919863085 -0.712106814254764 -0.0517119939864039 0.70015696976608
1610017618.99478 41.9566484342862 -4.06142659172118 41.3133657234684 0.00311901391194602 -0.712048817348626 -0.0517497124527129 0.700213339437133
1610017619.06078 41.9131539203972 -4.06058260939696 41.3123469558543 0.00344971650701092 -0.712024376082639 -0.0518305913764351 0.700230659938366
1610017619.12678 41.869168393359 -4.05962387014498 41.311174014431 0.00414478351984016 -0.712058145411839 -0.0516195561101656 0.700208140304878
1610017619.19278 41.8254244332719 -4.05874925737156 41.3101185729216 0.00452393811872037 -0.712075703420702 -0.0511881072279646 0.700219611450742
1610017619.25878 41.7818296576914 -4.05792930869411 41.3091192053305 0.00474252459834196 -0.712117517279068 -0.0510555812837386 0.700185316658747
1610017619.32478 41.7377423819732 -4.05709258156079 41.3080877990042 0.00491029856120939 -0.712122355909528 -0.0511014971418419 0.700175889453333
1610017619.39078 41.6939011875197 -4.05640314983207 41.3072211469371 0.00445094589998596 -0.712051827759925 -0.051171132399166 0.700245598967486
1610017619.45678 41.6499774997617 -4.0555325714472 41.3063553452356 0.00426426861267781 -0.711938401274307 -0.0513410171762089 0.70034964750437
1610017619.52279 41.6060236264077 -4.05488022050656 41.3051853631071 0.00429258862341542 -0.711839991471597 -0.0515972917493364 0.700430667310307
1610017619.58879 41.5620912371027 -4.05407605288659 41.3041947737588 0.00428052242581567 -0.711729153095878 -0.0516700962178519 0.700538001052066
1610017619.65479 41.5182646252954 -4.0532791044833 41.3032063234152 0.00435890235210418 -0.711609531622153 -0.0514671168706152 0.700673968658614
1610017619.72079 41.4744529941666 -4.05248042129921 41.3022632756798 0.00470036009274782 -0.711523367945605 -0.0510412611065972 0.700790406003813
1610017619.78679 41.4328869986538 -4.05319584450971 41.3036245763242 0.00504449908776994 -0.711493273017309 -0.0508078326483884 0.700835529651318
1610017619.88579 41.3648172078278 -4.05056100309508 41.3000863368589 0.0055767614599504 -0.71128333892385 -0.0501331280511456 0.701093132880908
1610017619.98479 41.298751304283 -4.04947281463375 41.2987203641158 0.00521508155926914 -0.711057205059545 -0.0508559776704911 0.701273216080877
1610017620.05079 41.2547920830712 -4.04881430730466 41.2978027659456 0.00521083513378495 -0.710940385297968 -0.051127617543153 0.701371928775273
1610017620.11679 41.2108731882183 -4.04816341523454 41.2969267065979 0.0051198606127763 -0.710759739086584 -0.0513843178060897 0.701536907229036
1610017620.18279 41.1683069390183 -4.04856716157075 41.2975158092164 0.00491452815490945 -0.71074165000168 -0.0509929123995416 0.70158526014371
1610017620.28179 41.1014182373919 -4.04648412344425 41.2949121534432 0.00583172592726311 -0.710612162692874 -0.0506257359283455 0.70173597603898
1610017620.34779 41.0576243932696 -4.04579513033754 41.2941381735898 0.00555752583099517 -0.710479449317504 -0.0504853950112048 0.701882676018362
1610017620.41379 41.0137700108277 -4.04511401694853 41.2933100152355 0.00516932138310494 -0.710310639918731 -0.0507472697772437 0.70203759695962
1610017620.47979 40.9700337435027 -4.04454004459331 41.2926278093869 0.00484228920645813 -0.710177409928827 -0.0510846520657255 0.702150238186492
1610017620.54579 40.9262081371957 -4.04383966478575 41.2919407036258 0.00432447319931256 -0.710053567380773 -0.0512192537191526 0.702269049887462
1610017620.61179 40.8824247544744 -4.04310733783604 41.2912101068125 0.00382028442407745 -0.709938509424028 -0.0514498804184044 0.702371431700237
1610017620.67779 40.8387089111168 -4.04246437428183 41.2905418588632 0.00364166135492267 -0.709846403211998 -0.0516954298542832 0.702447439088325
1610017620.74379 40.7951257196402 -4.04178235787833 41.2899394816504 0.00349569273767797 -0.709763270388782 -0.0519463750599255 0.702513668377661
1610017620.80979 40.7515187084392 -4.04095744157583 41.2892986516967 0.00340127379702432 -0.70970517289706 -0.0515400531602521 0.702602748229717
1610017620.87579 40.7079899040614 -4.04021013868807 41.2887265971666 0.00338488483256827 -0.709626247343521 -0.0512920746478942 0.702700686433518
1610017620.94179 40.665131498555 -4.03997342065677 41.2893804867156 0.00350520484875788 -0.709568414102357 -0.0512530543984273 0.702761341895004
1610017621.00779 40.6210399333008 -4.03857589395888 41.2873416410693 0.0038349580590854 -0.709453890206477 -0.0508267227415568 0.702906192192767
1610017621.07379 40.5774800699481 -4.03773210536485 41.2868337065246 0.00248426511632616 -0.709209372255108 -0.0509692431513417 0.703148654969152
1610017621.13979 40.5339225672935 -4.03690482451639 41.2863106601477 0.0014513099602812 -0.70909534173602 -0.0515410470537954 0.703224864816564
1610017621.20579 40.4905087763396 -4.03614412914428 41.2856885119855 0.0016449717414212 -0.709065808138738 -0.0513717194716184 0.703266606796496
1610017621.27179 40.4471972498457 -4.03547732574398 41.2850951171674 0.00217553500970857 -0.709044506921683 -0.0513845988006911 0.70328570101894
1610017621.33779 40.4041624203768 -4.03495788185814 41.2888252854154 0.00254593533839942 -0.70924492704896 -0.0502086464383931 0.703167294099628
1610017621.40379 40.3611114592632 -4.03382900015542 41.2837593781767 0.00433147326620675 -0.709094306923685 -0.0496751241115964 0.703348337790216
1610017621.46979 40.3180015257392 -4.03305787726502 41.2831201266674 0.00542208312490539 -0.70918159444669 -0.0487721665123933 0.703315962342904
1610017621.53579 40.2747092778991 -4.03246702889499 41.2824464300685 0.00568406788234888 -0.709107757183007 -0.0489426131545745 0.703376499957737
1610017621.60179 40.231317549964 -4.0319103404764 41.2817377454333 0.0053431098211143 -0.708966269698513 -0.0498148070401681 0.70346056364715
1610017621.66779 40.1878846358907 -4.03137019370233 41.2810973484708 0.00480177543567756 -0.708849704006818 -0.0507259462238367 0.70351682173336
1610017621.73379 40.1445187695513 -4.03075641377873 41.2804987722287 0.00421701876418967 -0.708758928130786 -0.0515060572938765 0.70355534580421
1610017621.79979 40.1011979280516 -4.03008669125461 41.2799655645064 0.00398226786088074 -0.708770221525063 -0.0517390072046248 0.703528243751079
1610017621.86579 40.0578997749526 -4.02926493769044 41.2793338458117 0.00406317594841443 -0.708816393811321 -0.0518048077832195 0.703476419189777
1610017621.93179 40.0147061043845 -4.02840939540004 41.2787303078173 0.00416320870230963 -0.708858104594621 -0.0513857094966909 0.703464543600702
1610017621.99779 39.9715092751331 -4.0275731595865 41.2781708389585 0.00443962844530493 -0.70891437946153 -0.0507142517281782 0.703454872016388
1610017622.06379 39.9282602927421 -4.02682011489733 41.2774676528476 0.00509199231560603 -0.708926753852207 -0.0502775880984335 0.703469326567857
1610017622.12979 39.8851222235879 -4.02608398410283 41.2767498518822 0.00570201790443525 -0.708893132694957 -0.0500736404321526 0.703513073043863
1610017622.19579 39.8400836331052 -4.02455233138908 41.2813468383469 0.00537021963958129 -0.708923501436465 -0.0498953594361228 0.70349774907872
1610017622.29479 39.7767989384355 -4.02443100957344 41.275116773919 0.00631796201632695 -0.708885903935337 -0.050153666573119 0.703509394597551
1610017622.36079 39.7334552943839 -4.02383250339133 41.2743955341986 0.00611140923265335 -0.70884099941667 -0.050740420195932 0.703514390742298
1610017622.45979 39.6684066138893 -4.02290091486905 41.2734401953328 0.00510746690653291 -0.708803194933451 -0.0512842901916069 0.703521048877341
1610017622.55879 39.6030737843614 -4.02182841735045 41.2724774630308 0.00488353095269123 -0.7087662876816 -0.0513163399837406 0.703557484376472
1610017622.65779 39.5376843068723 -4.02068950472682 41.2719433128315 0.00405699608902033 -0.7086462089139 -0.0516405472253545 0.703659964227721
1610017622.75679 39.4724745125397 -4.01949536757069 41.2710915587581 0.00379102329975889 -0.708628965180954 -0.0514486504312598 0.703692869238927
1610017622.85579 39.4070969580466 -4.01819457942532 41.2704719071521 0.00343615814026521 -0.708626185070285 -0.0516421351583061 0.703683318351559
1610017622.95479 39.3416821218589 -4.0171049681404 41.2697308425564 0.00360409851055543 -0.708753570126334 -0.0501792923561796 0.703660021548571
1610017623.05379 39.2762346895997 -4.01580380935283 41.2689313384866 0.00306512036266438 -0.708699144848236 -0.0500715851078266 0.70372506243087
1610017623.15279 39.2059438685622 -4.01238336295695 41.2740598182999 0.0017388484594742 -0.7086989561535 -0.0504395612145373 0.703703500501071
1610017623.25179 39.1447783129825 -4.01320950684831 41.2671557949587 0.00151059409112936 -0.70850523906497 -0.0518672760859286 0.703795304044015
1610017623.31779 39.1009737336922 -4.01232790636493 41.2665636195965 0.00163442998235797 -0.708514347397777 -0.051971822327356 0.703778145337086
1610017623.41679 39.0355040427864 -4.01091227614974 41.2656794574365 0.00258702362949176 -0.70859045733641 -0.0512064585089965 0.703754765303572
1610017623.48279 38.9918838010601 -4.00993089546943 41.2650965979935 0.00347239038160907 -0.708629011691898 -0.0505384398869742 0.703760422578162
1610017623.58179 38.926181209686 -4.00857944451622 41.2642110546263 0.00412171547043572 -0.708698785783203 -0.0499075027629392 0.703731684421671
1610017623.6808 38.8531043733961 -4.00425062182499 41.2712227093635 0.00248947511714592 -0.709015282248288 -0.0501406977210111 0.703403897120333
1610017623.7798 38.7939023098801 -4.00626920580712 41.2626693557868 0.00202475132365965 -0.709095320583073 -0.0514272225037229 0.703231802107114
1610017623.8788 38.7277137010213 -4.0049295066625 41.261706532696 0.00118704297390509 -0.709472048639833 -0.0516106391052933 0.702840198806898
1610017623.9778 38.661411048261 -4.00343429233912 41.260857464556 0.000788173235340861 -0.709826724146234 -0.0517840012044102 0.702469798418437
1610017624.0768 38.5951191623426 -4.00174100399048 41.2597823954673 0.000994223066334176 -0.710187106478037 -0.0517138176205462 0.702110366238782
1610017624.1758 38.5290100764639 -4.00016312485874 41.2585211603121 0.000750439447141149 -0.710568876694776 -0.0521123062574672 0.701694816747202
1610017624.2748 38.4626455143819 -3.99853099331773 41.2573950763782 0.000920194958458354 -0.711010844768218 -0.0521086425137376 0.701247047222731
1610017624.3408 38.4183171026087 -3.99744744749809 41.256748663999 0.00097912206399392 -0.711316370017814 -0.0518439334997686 0.700956681702897
1610017624.4398 38.3519798848046 -3.99578059232466 41.255428487042 0.00133762135072063 -0.711749157113821 -0.0515918306901397 0.700535246167477
1610017624.5388 38.2854000704533 -3.99385928795469 41.2541544325063 0.000161175481693532 -0.712145868348925 -0.051904693237549 0.700110090654274
1610017624.6048 38.2407933293674 -3.99248068198327 41.2531284193758 -0.00127505746899176 -0.712224861224377 -0.0544090532783388 0.699838392919196
1610017624.6708 38.1965461136629 -3.99130595088489 41.2518840109629 -0.00200331782298624 -0.712330498105878 -0.0561534143877811 0.699591339453632
1610017624.7368 38.1524318331573 -3.99005116609277 41.2507858805675 -0.00177883377765381 -0.712501420011567 -0.0562076137968264 0.699413516014066
1610017624.8028 38.1086837914347 -3.98873847106479 41.2496906489186 -0.000320531883624242 -0.713058048436054 -0.0537251455287719 0.699043436102357
1610017624.8688 38.0648797808667 -3.98718831715922 41.2485375225622 0.00241096068440688 -0.7135161382737 -0.0520627810894572 0.69869762738741
1610017624.9348 38.0207831181105 -3.98594396284441 41.2472398844318 0.00333577054339945 -0.713771910842595 -0.0527403141823874 0.698381694481561
1610017625.0008 37.9766935487119 -3.98497533278955 41.2458113643713 0.00386678423005227 -0.714174073456456 -0.0525665197036572 0.6979808033095
1610017625.0668 37.9321273827103 -3.9839149535763 41.2445678642734 0.00324954737919347 -0.714510486482912 -0.0531538710454422 0.69759506244
1610017625.1328 37.8875382867675 -3.98274249425673 41.2432129593286 0.0024606148391535 -0.714730334568112 -0.0545636021357342 0.697264159085165
1610017625.1988 37.8379907483769 -3.97910400535307 41.2458141720465 0.00136017864558008 -0.715024627984472 -0.0554583570964617 0.696894756701384
1610017625.2648 37.7990651249778 -3.9805159418579 41.2402618623571 0.000939929804252726 -0.715157759465883 -0.0559381939926162 0.696720470533589
1610017625.3308 37.754955903864 -3.97922421057448 41.2387681536985 0.000880888378386735 -0.715445712578898 -0.0560422042576095 0.69641649013366
1610017625.3968 37.7105887212806 -3.97765830137718 41.2374726769411 0.00133941389663389 -0.715778062530716 -0.0556588295922285 0.696104924460826
1610017625.4958 37.6442098746487 -3.97536672218836 41.2353651234577 0.00146056960686919 -0.716200701789863 -0.0554216021855084 0.695688772011826
1610017625.5948 37.5778789917878 -3.97334696871955 41.2329696473146 0.00126159339204979 -0.716521405146705 -0.0552934119778246 0.695369055207776
1610017625.6938 37.5109692842681 -3.97127432258736 41.2309105167672 0.00035291973794116 -0.716636768724723 -0.0557721606185424 0.695212976906635
1610017625.7928 37.4443799952859 -3.96927306016347 41.2284671769629 -0.000969465523397217 -0.716632926469596 -0.0565216372804807 0.695155819478882
1610017625.8918 37.3775881132439 -3.96704327808398 41.2262293006312 -0.00112965540526294 -0.716772552164863 -0.0562738738052356 0.695031714002092
1610017625.9908 37.3060457484513 -3.96259554335999 41.2266477935547 -0.000746879828919467 -0.717054563715179 -0.0549752393728432 0.694845247434027
1610017626.0898 37.2440984633292 -3.96246768988102 41.2213523124394 -0.00126391451203744 -0.716949354819681 -0.0564416077025893 0.694835498563291
1610017626.1888 37.1773579660778 -3.96034676961392 41.219062662847 -0.000188947984131271 -0.71720028325611 -0.054876175384084 0.694703046899342
1610017626.2878 37.1105379244771 -3.95811371674641 41.216760856332 -0.000633077133184001 -0.717220544657956 -0.0552028205551479 0.694655985460893
1610017626.3538 37.0658127497657 -3.95659058532132 41.2151526614101 -0.000216512174956274 -0.71722846880278 -0.0550731121701449 0.694658354140503
1610017626.4198 37.0209854968054 -3.95519398694818 41.2137082510724 -0.000545889144042577 -0.717285500631002 -0.0546325190116039 0.694634076659086
1610017626.4858 36.9762789554851 -3.95381726224071 41.2123202858933 -0.00037463472523358 -0.717417313373371 -0.0540258554849918 0.694545509711259
1610017626.5518 36.9274636610508 -3.95107967497906 41.2131812802427 -0.00030446367849607 -0.717570168830294 -0.0540226361637596 0.694387870637621
1610017626.6178 36.8868045535828 -3.95115850950723 41.2091135238486 -0.000271485365864021 -0.717511713099463 -0.0539123717846574 0.694456855412432
1610017626.6838 36.8419496748095 -3.94965427665601 41.2076406728697 -0.000372862141268082 -0.717486309555741 -0.0538216882814876 0.694490088082211
1610017626.7828 36.7752439468097 -3.94764189265972 41.2049824013516 -0.00062468004678623 -0.717357164078075 -0.054881190908286 0.694540397532922
1610017626.8488 36.7302603638765 -3.946104637502 41.2035077403693 -0.000917655251346072 -0.717264819312253 -0.0552105708585133 0.694609336066885
1610017626.9148 36.6853268026502 -3.94462267152226 41.2020594768179 -0.00108319361428089 -0.717207456220671 -0.0554794874356233 0.694646901603216
1610017627.0138 36.6183641088826 -3.94243153311221 41.1996253983041 -0.000451066641781961 -0.717196878366052 -0.0553499758875246 0.694668852310312
1610017627.0798 36.5738944751949 -3.94098835099496 41.1981471417865 -6.36475767898381e-05 -0.717170008871622 -0.0548724847993032 0.694734614609071
1610017627.1458 36.5297488599639 -3.93970729395793 41.1965175025469 0.000374590584612255 -0.717190029800409 -0.0541619369638406 0.694769605999793
1610017627.2118 36.4856225683179 -3.93843764235502 41.1947917762775 0.000836619827348284 -0.717174054678134 -0.0539101836490021 0.694805273053336
1610017627.2778 36.4411851223973 -3.9371463891549 41.1934307146901 0.00120257181417627 -0.717167825608124 -0.0538822648331955 0.694813331240839
1610017627.3438 36.3974983990481 -3.9360565995067 41.191404201665 0.00118209614619236 -0.717015410896736 -0.0540740318014929 0.694955755620469
1610017627.4098 36.35335410485 -3.93489339018183 41.1897544901127 0.000797951875017189 -0.71679615859166 -0.0547367602114874 0.695130575778822
1610017627.4758 36.3092675254642 -3.93366557167595 41.1880896158737 0.000445302258122393 -0.716522008210073 -0.055559649536179 0.695348214062508
1610017627.57481 36.237138840617 -3.93077472252837 41.1892129569389 -0.000689382111306258 -0.716017240208558 -0.056432452489757 0.695797538643545
1610017627.64081 36.1994493404497 -3.93051645109188 41.1841655539846 -0.000633979891644099 -0.71581994989127 -0.0568810129939431 0.695964042007876
1610017627.70681 36.1558991686429 -3.92915599850418 41.1826674369672 -0.000129159757854713 -0.715660995606651 -0.056862467098724 0.696129285779948
1610017627.77281 36.1124323379162 -3.92778428505963 41.1811342606337 0.000457916979316408 -0.715461282686701 -0.0564587755167391 0.69636725221358
1610017627.83881 36.0690327677445 -3.92640604054878 41.1796357147973 0.00117770653158389 -0.715295254151302 -0.0559844917875998 0.696575228582839
1610017627.90481 36.0255594942668 -3.92508989779282 41.1782121254192 0.00155655131520627 -0.715120943402764 -0.0557416437855541 0.696772906048182
1610017627.97081 35.9820936864788 -3.92388690711782 41.1767578879672 0.00179588908266393 -0.714890595859206 -0.0560378745032077 0.696984911856516
1610017628.03681 35.9373763348374 -3.92255799250795 41.1760103672596 0.0014448129550334 -0.714661920574319 -0.0562032830623199 0.697206886633779
1610017628.13581 35.8731830059191 -3.92092278519677 41.1736235768936 0.00124299058221378 -0.714267941487622 -0.0565372695338978 0.697583901685739
1610017628.20181 35.8236634986393 -3.91853572029406 41.17690081741 0.00111628788591916 -0.71417349261184 -0.0563387698967199 0.697696867814731
1610017628.26781 35.7863056104553 -3.91848206074942 41.1712576577717 0.00183166699670706 -0.71394139168318 -0.0560747379762884 0.697954123133024
1610017628.33381 35.7429164384548 -3.91726048937871 41.1702432010355 0.00207109639360392 -0.71386173482647 -0.0551324935256768 0.698109978633677
1610017628.39981 35.6993467806529 -3.91598665246839 41.1692289037558 0.00219692959687984 -0.713769746428178 -0.0548296199897678 0.698227495416773
1610017628.46581 35.6552689365682 -3.91452338940205 41.1684902469521 0.00214330059474255 -0.713634140816089 -0.0548389147574866 0.698365529470394
1610017628.53181 35.6124537858185 -3.91349152431805 41.1669704554245 0.00166719525007603 -0.713429043175938 -0.0553178110835308 0.698538589191743
1610017628.59781 35.5689951829043 -3.91226442616213 41.1657941490428 0.000963593736823032 -0.713241252492197 -0.0562944294270438 0.698653651279342
1610017628.66381 35.5256273150102 -3.91105968107531 41.1646633784096 0.000454137703121804 -0.713092129931571 -0.0569069516331558 0.69875675799553
1610017628.72981 35.4822384622149 -3.90979315059451 41.1635676581087 0.000128073461471978 -0.712969415842986 -0.0570574844002145 0.698869829899402
1610017628.79581 35.438749626724 -3.90846226376466 41.1627037019575 0.000261175752207243 -0.712932927665857 -0.0564952910531118 0.698952684039371
1610017628.86181 35.3943035000591 -3.9068366291415 41.1625982719203 0.000753821076271588 -0.712844170317392 -0.0556569723769627 0.699110092921082
1610017628.92781 35.3523767708769 -3.90575396563696 41.1605034741821 0.00130489220039987 -0.712775614137426 -0.0550486019460433 0.699227339690852
1610017628.99381 35.3091015779326 -3.90444111953313 41.1594556507618 0.00158963806470558 -0.712718394100487 -0.054622293824108 0.699318503100725
1610017629.05981 35.2654892381523 -3.90314524360559 41.1585377213163 0.00156042160901104 -0.712656233651784 -0.0545685082577085 0.699386113408169
1610017629.12581 35.2136125605574 -3.89975144333785 41.1695598602022 0.000577047812696574 -0.712694091088828 -0.0550286139954985 0.699312985139434
1610017629.22481 35.156592084604 -3.90016787912898 41.1560460502916 0.000457087099725251 -0.712327360113194 -0.0557906701169891 0.699626274687743
1610017629.29081 35.1131748534079 -3.89894848441407 41.1550008334886 0.000337939404920884 -0.712205225445967 -0.0559924939360171 0.699734552003289
1610017629.35681 35.0695378577689 -3.89765886890658 41.1540763201016 0.000451619854284324 -0.712108622856778 -0.0558941456055667 0.699840660278863
1610017629.42281 35.0261989264443 -3.89635617682673 41.1530621632289 0.000677587444273542 -0.71206627077301 -0.0556763267368184 0.699900931235106
1610017629.48881 34.982828098523 -3.89501257467798 41.1520424270455 0.000729961154828984 -0.712030445293202 -0.0555638168849531 0.699946265355743
1610017629.55481 34.9394548495223 -3.89368865480561 41.1510134960523 0.000573919817571378 -0.711982937084133 -0.0556794416881622 0.699985548201097
1610017629.62081 34.8957918429776 -3.89237660138043 41.1501532890754 0.00058810891266925 -0.711977656963649 -0.0556193333091273 0.699995685611495
1610017629.68681 34.8520252304277 -3.89111504090476 41.1493519852324 0.000335219827803435 -0.711991694167665 -0.0555944617467596 0.699983550440304
1610017629.75281 34.8085960368414 -3.88988139519054 41.1484464211339 0.000349843825572071 -0.71202327747093 -0.0552420552478124 0.69997931775221
1610017629.81881 34.7652330050862 -3.88862432363011 41.1474628215273 0.000533199388799366 -0.712096144695052 -0.0549154490597117 0.699930775050952
1610017629.88481 34.7109408369281 -3.88513651376295 41.1555839500257 0.000404121372967969 -0.712326448642871 -0.0545060279499108 0.699728490320978
1610017629.95081 34.6781315437307 -3.8861058643805 41.1455240488148 0.000597332770241155 -0.712298730385064 -0.0541931780547898 0.699780866655919
1610017630.01681 34.634670510575 -3.88488357282134 41.1445602178784 0.000520705653296316 -0.712437705746968 -0.0540367356165794 0.699651538624423
1610017630.08281 34.5912327549233 -3.88366726061325 41.1435352449079 0.000290928220102404 -0.712467183930303 -0.0542805935478458 0.699602776114624
1610017630.14881 34.5478002062892 -3.88250258236006 41.1424307135538 7.27688181966224e-05 -0.712352536443741 -0.0546555392043102 0.699690381927002
1610017630.24781 34.4820686364411 -3.88061710350672 41.1411986187981 0.000179593332588213 -0.712099727095628 -0.0550208534977517 0.699919032529439
1610017630.34681 34.4172040261377 -3.87875771091695 41.1397305446155 6.66507065115729e-05 -0.711794779158863 -0.0552534189166591 0.700210859397288
1610017630.44581 34.3519834251546 -3.87681496809992 41.1386298974438 -0.000249104923328081 -0.711502725657676 -0.0555784911396734 0.70048186318496
1610017630.54481 34.2870155180254 -3.87488950466701 41.1374733743683 -0.00063974017013968 -0.710974336926794 -0.0560807915598511 0.700977908198283
1610017630.64381 34.2226811805994 -3.87297259690357 41.1363227368215 -0.000763995835441011 -0.710402114498219 -0.0560388974023804 0.70156104082592
1610017630.70981 34.1796364615465 -3.87166272987491 41.1357170696744 -0.000447273936789561 -0.710078923947356 -0.055774486864784 0.701909487275076
1610017630.77581 34.137048502293 -3.87041454126139 41.1350323157625 -0.000321106904727364 -0.709831579877167 -0.0553967490332365 0.702189593554326
1610017630.84181 34.0942656149651 -3.86912840591392 41.1345271677157 -8.70661110524695e-06 -0.709695725163442 -0.0547223432687985 0.702379842219367
1610017630.90781 34.0512595717655 -3.8677393643742 41.1340643399467 -0.000412760338816209 -0.709514172177122 -0.0554086917008046 0.702509320929424
1610017630.97381 34.0084408146832 -3.86643597422014 41.1336184191136 -0.000702701285825724 -0.709388167892819 -0.0553990470525162 0.702637089150755
1610017631.03981 33.9656249528664 -3.86523511908968 41.1331571648412 -0.00118194661891846 -0.709217160265864 -0.0554505181974967 0.702804996153444
1610017631.10581 33.9146507672944 -3.86213687293044 41.1366392865598 -0.00158847341551832 -0.709121432582404 -0.0555610704223689 0.70289205291994
1610017631.17181 33.8806877279283 -3.86283468701082 41.1321001814021 -0.00106054143465711 -0.708941839015013 -0.0553136994745616 0.70309369133588
1610017631.23781 33.8387160538665 -3.86156478478169 41.1314057368382 -0.000240487202971484 -0.708805478802326 -0.054811407482917 0.703271245676554
1610017631.30381 33.7963635297591 -3.86024643035661 41.1309431230471 0.000328935678337916 -0.708713347599671 -0.0544298712363916 0.703393681982272
1610017631.36981 33.7539395019955 -3.85896553593826 41.1305358780391 0.000259139626861138 -0.708571005728321 -0.0546447492158149 0.703520443250195
1610017631.43581 33.7116222453215 -3.85778297877962 41.1302027470559 -0.00021208100225667 -0.708432877840627 -0.0547737107260244 0.70364952442917
1610017631.50181 33.6524505280491 -3.85377092427694 41.1377864981685 -0.0012404857702244 -0.708428707412066 -0.0549655143250174 0.703637705033286
1610017631.56781 33.6274514298231 -3.85542718454631 41.1293510911126 -0.00128208966524934 -0.708104569651491 -0.0553186303325131 0.703936164593709
1610017631.63382 33.5853922718093 -3.85419847966795 41.1290090411928 -0.00141166587751784 -0.707942248527721 -0.0551278569864913 0.704114123798864
1610017631.69982 33.5434098753024 -3.85289247657288 41.1286453795582 -0.00117173600543502 -0.70781750217966 -0.0549311581979408 0.704255336154377
1610017631.76582 33.501603040062 -3.85161782757145 41.1283437002352 -0.000942891583165794 -0.70771558415708 -0.0545346823516387 0.704388906299263
1610017631.83182 33.4598514655911 -3.85033446083299 41.1281061314468 -0.000849396159026572 -0.70763084640066 -0.0539382070808499 0.704520073216763
1610017631.89782 33.4179627197918 -3.84907259682508 41.1279288848485 -0.000846914184827352 -0.70756282767186 -0.0533143926572459 0.704635865656123
1610017631.96382 33.3759037927232 -3.8478475711519 41.1277433738332 -0.00101741865985716 -0.70743117975937 -0.0531455642217918 0.704780561428225
1610017632.02982 33.3340041988277 -3.84667901210982 41.127501201233 -0.0011036539159428 -0.707275779754752 -0.0530719584373155 0.704941927074827
1610017632.09582 33.292254081075 -3.84551928482081 41.1272625307546 -0.00137496466145864 -0.707117998319196 -0.0531157443269087 0.70509642151257
1610017632.16182 33.2504371060266 -3.84429370766922 41.1270535139434 -0.00164634477851655 -0.706965294913577 -0.0533211831846352 0.705233445577009
1610017632.22782 33.2086629855476 -3.84308221437738 41.1268365803672 -0.0018975114817672 -0.706835720416161 -0.0538332531872901 0.705323787097257
1610017632.29382 33.1669242298627 -3.84183526117843 41.1266908916063 -0.00213078037880232 -0.706708811720603 -0.0540822181410435 0.705431236118996
1610017632.35982 33.1253244498783 -3.84057587736753 41.1265411658727 -0.00229601689702674 -0.706566661200304 -0.0540739658558173 0.705573729530293
1610017632.42582 33.0838753937949 -3.83933034343 41.1263470070478 -0.00227265736694926 -0.706408705041078 -0.0540062624781174 0.705737132425257
1610017632.49182 33.0424423695876 -3.83805084205941 41.1262165760912 -0.00198227110855037 -0.706319097524021 -0.053882517294494 0.705837146517603
1610017632.55782 33.0013950225588 -3.83685914890577 41.1259965675754 -0.00204851465710815 -0.706274423985127 -0.0534530555893207 0.705914309573295
1610017632.62382 32.9598748012532 -3.83556678620372 41.1260641518725 -0.00210261288645702 -0.706307295510135 -0.0530460234741504 0.705911965277391
1610017632.68982 32.9185156817962 -3.83436134541303 41.1259821975179 -0.00185440423856881 -0.706442601269549 -0.0528154586759997 0.705794544907566
1610017632.75582 32.8772761655888 -3.83313510463745 41.1258624593315 -0.00180615103275872 -0.706619900011164 -0.05276825404135 0.705620695623425
1610017632.82182 32.8359284778182 -3.83188616900634 41.1257376500178 -0.00214547312046864 -0.706819635201945 -0.0527382527776484 0.70542191412802
1610017632.88782 32.794999916932 -3.83071041772676 41.1256226809889 -0.00230779270885983 -0.707072015581164 -0.0524630549752652 0.705188958178916
1610017632.95382 32.7266246522414 -3.82496891743441 41.1329109239584 -0.00344774227388184 -0.707067663020576 -0.0524187531870758 0.705191964856482
1610017633.05282 32.6940138943705 -3.82794669633177 41.1246587853528 -0.00277688121025987 -0.7076030733297 -0.0528948878918757 0.704622104663211
1610017633.11882 32.6541502083459 -3.82685559612641 41.124178713289 -0.0032078867815884 -0.70787529708246 -0.0528880512885557 0.704347305861047
1610017633.18482 32.6144308863681 -3.82578140360082 41.1236500169691 -0.00358531645279347 -0.708201396914571 -0.0530505758792318 0.704005371650718
1610017633.25082 32.574955996834 -3.82472015541915 41.1230337322594 -0.00373753826655349 -0.708568362211711 -0.0530555907434531 0.703634856421414
1610017633.34982 32.5163129564524 -3.82313767735281 41.1221254321519 -0.0038964489820012 -0.709153663405179 -0.0526003097041795 0.703078307717831
1610017633.44882 32.4572743855233 -3.82142381972442 41.1213235139763 -0.00382499645246903 -0.709804347349256 -0.0526421464541437 0.702418651733378
1610017633.54782 32.3995475570078 -3.81981317729745 41.120088833452 -0.00389938807592166 -0.710457219656444 -0.0531008034903288 0.701723334712015
1610017633.64682 32.342154006878 -3.81816156508482 41.1187600568974 -0.00479816173146702 -0.711156592630474 -0.0538920363066213 0.700948590714711
1610017633.71282 32.3030233735582 -3.8168697824791 41.1182503095451 -0.0054390583660397 -0.711791106736642 -0.0544502109209775 0.700256389864011
1610017633.81182 32.2467026081567 -3.81515951167402 41.1165798781309 -0.00600726094954507 -0.713075718962753 -0.0549403153161995 0.698905210736473
1610017633.91082 32.1911169187619 -3.81341884265937 41.1146401825168 -0.00585104115144064 -0.715025158026927 -0.0546828900649556 0.696932256564551
1610017634.04282 32.1179767957949 -3.81097751498907 41.1114191882375 -0.0055600029577999 -0.718646370300822 -0.053532319278019 0.693289817906826
1610017634.17482 32.0439817335298 -3.80840003454886 41.1076413496934 -0.00595885581495503 -0.723341864953109 -0.0532133543404347 0.688410762091482
1610017634.27382 31.9906056623757 -3.80670537147311 41.1036254675224 -0.00621037842363187 -0.727490164385307 -0.0537998323407994 0.683977389949826
1610017634.37282 31.9377707563051 -3.80500150236122 41.0989193364724 -0.00682940984446478 -0.732307057502989 -0.0538810164442721 0.678805250981032
1610017634.50482 31.8684455968548 -3.802408050129 41.0914690998174 -0.00807380684572639 -0.739607551260055 -0.0537432044419802 0.67084063065562
1610017634.63682 31.7978420735091 -3.79963848548886 41.08274341322 -0.00854836218255656 -0.74753273135419 -0.0543646614959643 0.661941254673381
1610017634.76882 31.6795524833671 -3.79028245335609 41.0819260590577 -0.00942047152417763 -0.7558543959084 -0.054389498432244 0.652408744088014
1610017634.90082 31.6540439702081 -3.79309133863534 41.0611938235101 -0.00850250763428217 -0.765086416219917 -0.0534008603998034 0.641653201650435
1610017635.03282 31.5829735681792 -3.78941499308103 41.0479043527114 -0.00922454626034968 -0.774500750182279 -0.0523889710859194 0.630332365837211
1610017635.16482 31.5182881564015 -3.78687259661187 41.0313209374136 -0.0100093126748293 -0.784245921440249 -0.0528193610787764 0.618116706989337
1610017635.29682 31.4554025928886 -3.78403141925296 41.012734171873 -0.0103117753300173 -0.794243667131856 -0.053380983098225 0.605162073459624
1610017635.42882 31.3939533377423 -3.78113306806608 40.9922719072263 -0.0103028908973188 -0.80444533209889 -0.0532459336804333 0.591545795902535
1610017635.59382 31.2712182542392 -3.7703955269328 40.9855877706575 -0.0118670723785579 -0.817201781792105 -0.0531141720272274 0.573776354652955
1610017635.75883 31.2463748439205 -3.77330020829532 40.9326043197546 -0.0110222762620312 -0.829853093588987 -0.0541863033424502 0.555235262764237
1610017635.92383 31.1758371908696 -3.76912119024486 40.8977155749137 -0.0111964069500776 -0.843162554813043 -0.0540559588702272 0.534817258456729
1610017636.08883 31.0569571806697 -3.75733129267394 40.8825107371117 -0.0126011395687555 -0.856910879189959 -0.0530730262656866 0.512570200353534
1610017636.25383 31.0295184097661 -3.75951669163097 40.8184131693241 -0.0124455875192096 -0.870348524806473 -0.0545026163276581 0.489252508968466
1610017636.38583 30.9734157661928 -3.75511803876937 40.7829776238061 -0.0123172629706528 -0.881381819282748 -0.0551580061727797 0.469011692845487
1610017636.51783 30.9203871841573 -3.75068574893981 40.7454270416559 -0.0126392368170246 -0.89227119362263 -0.0553702947625602 0.447913492966932
1610017636.64983 30.8697524742787 -3.7460141337137 40.7056489802504 -0.0130021159366195 -0.902741672504687 -0.0563111475292938 0.426283324056367
1610017636.78183 30.8216713766057 -3.74131659784853 40.6637473045432 -0.0127600898018269 -0.912572683821942 -0.0575007264049264 0.404650396408027
1610017636.88083 30.7694095638783 -3.73464545544664 40.6520337368221 -0.0134692764772896 -0.919669736913458 -0.0580587591747123 0.388143445236168
1610017637.01283 30.7441194528808 -3.73322363450476 40.5864345826673 -0.0136605502268075 -0.92866932501076 -0.0578694656597562 0.366111730344461
1610017637.11183 30.7129034705958 -3.72954963746533 40.5519749611516 -0.0145410704364175 -0.935100849390392 -0.0575873001413983 0.349368947679033
1610017637.24383 30.6743900240178 -3.72483395612844 40.5040087716334 -0.0155346169771526 -0.943062091549936 -0.0581591637691907 0.327123950248988
1610017637.34283 30.6383083275907 -3.71970340348758 40.4833234196923 -0.015822985361174 -0.948726006620871 -0.0587624896162585 0.310186342880491
1610017637.44183 30.6210227390926 -3.71788203555241 40.4290981395732 -0.0154445881754746 -0.954028522949295 -0.0588955709098847 0.293466103361999
1610017637.54083 30.5978342696165 -3.71438469329022 40.3892934567922 -0.0152327957886162 -0.95900738902173 -0.0586140911507081 0.27683420679671
1610017637.63983 30.5747394159266 -3.71070540275904 40.3499558769827 -0.0148147594362566 -0.963539305624539 -0.0583568556402564 0.260704826996373
1610017637.73883 30.5527846123433 -3.70704586494517 40.3099251180032 -0.0143026592455931 -0.967489041376193 -0.0589466133630471 0.24553143490907
1610017637.83783 30.5321233354318 -3.70341940112721 40.2691963147675 -0.0134560616724363 -0.970979198083865 -0.059734824630456 0.231192737816417
1610017637.93683 30.5124502039337 -3.69980308129434 40.2282680495773 -0.013122299043804 -0.974092907284785 -0.0601400802696991 0.217609705643924
1610017638.03583 30.4935679890826 -3.69602097384935 40.1867119051056 -0.0131200580379851 -0.976821549850502 -0.0600377093578469 0.205043891105798
1610017638.13483 30.4748023612006 -3.69189141759393 40.1469143970697 -0.0129116184896662 -0.979203271050228 -0.0595250434804652 0.193522642786727
1610017638.23383 30.4587808596554 -3.68847939899995 40.1014585250904 -0.0130809339692717 -0.981290615871392 -0.0594702077096694 0.18264969412568
1610017638.36583 30.4383897842541 -3.68367265350488 40.0405539962833 -0.013567003145966 -0.983795552515766 -0.0592775857019989 0.168666579704394
1610017638.46483 30.4213723376525 -3.6796950228811 40.0035805518093 -0.0142437400079305 -0.985508531354885 -0.0593104508160135 0.15827924981287
1610017638.56383 30.4105983572233 -3.67644146041162 39.9472921847874 -0.015056223247297 -0.987107797703343 -0.0593977318234884 0.147862825987495
1610017638.66283 30.3982231172433 -3.67275818601631 39.8998874797465 -0.0148680111969447 -0.988650220095503 -0.0587264755149616 0.137480491786111
1610017638.76183 30.3867721121693 -3.66916016318352 39.851862528954 -0.0146118407152246 -0.990026690857917 -0.0580290462223736 0.127539308820286
1610017638.86083 30.37595668739 -3.66542618919063 39.8029934227581 -0.014366013123679 -0.991235931319558 -0.0575105746892942 0.118057104516785
1610017638.95983 30.3652990604699 -3.66139621800601 39.7536364813587 -0.0143243125134963 -0.992285478113707 -0.0572794762763373 0.109011034272575
1610017639.05883 30.3563874501444 -3.65809820925556 39.7034435987279 -0.014153346787935 -0.993129855881264 -0.0575267861169493 0.100913036873414
1610017639.15783 30.3475488320414 -3.65460374775496 39.6528304231168 -0.0137808476583139 -0.99381270243335 -0.0575966904641952 0.0939628754749015
1610017639.25683 30.3391182232255 -3.65100647607415 39.6018793129333 -0.0133904647397709 -0.994375540602301 -0.0567851927476584 0.0883935607979779
1610017639.35583 30.3308787881362 -3.64729528890523 39.5502235191872 -0.0136317378585509 -0.994803425616159 -0.0559721847651807 0.0839490002199123
1610017639.48783 30.3104188626522 -3.642845596217 39.5185215808958 -0.0149678133621622 -0.995246993577221 -0.0554886364167964 0.0786155046238566
1610017639.61983 30.3094894451921 -3.63763084808549 39.4101263366855 -0.0170254109136563 -0.995558486768451 -0.0554913016427755 0.0741225353622219
1610017639.75183 30.2995723753597 -3.63290770736396 39.3386415230492 -0.0183997687737207 -0.995924852547895 -0.05460963579972 0.06937524244533
1610017639.88383 30.2905188725963 -3.62769934096131 39.265699456117 -0.0182859680282841 -0.996210706013816 -0.0548508430015718 0.0649710521597162
1610017639.98284 30.2839536871591 -3.62379251796075 39.2103347629115 -0.0186231836109358 -0.996248653078792 -0.0569329030138402 0.062453525323256
1610017640.08184 30.2750516311218 -3.62020864776969 39.1629486981239 -0.0195985081071062 -0.996212898079392 -0.0593271999029585 0.0604652258071482
1610017640.18084 30.2707884541033 -3.61615590682318 39.0980077465214 -0.0208421322854106 -0.996162503973323 -0.0612377161226356 0.0589560287288748
1610017640.27984 30.2643670880011 -3.61196957651699 39.0421348941377 -0.0222678178355791 -0.996262695389003 -0.0605375093847927 0.0574455918462462
1610017640.37884 30.248174481139 -3.60882384666277 39.0281922423019 -0.0228286245043928 -0.996419334409524 -0.0592423842423112 0.0558364023501179
1610017640.47784 30.2513384176104 -3.60401840665217 38.9355464503978 -0.0231926917033521 -0.996535675345759 -0.0579736918421648 0.0549344870633599
1610017640.57684 30.2455658963893 -3.60019348183315 38.8798089247519 -0.0230421080689711 -0.996583031209843 -0.0578292638926141 0.0542871936830187
1610017640.67584 30.2398730955517 -3.59648475235914 38.8241090995366 -0.0228346442592243 -0.996599511212349 -0.0579610613157701 0.0539305909851845
1610017640.77484 30.2329449832131 -3.59287813201469 38.7726350239631 -0.023280337764681 -0.996572939978405 -0.0584065876123834 0.0537500855798218
1610017640.87384 30.2262161694628 -3.58914372358018 38.7204109781822 -0.0238417164495396 -0.996543894580135 -0.0587691524462706 0.0536472315459459
1610017640.97284 30.2205365202603 -3.58513376318583 38.6643499264099 -0.0238359430114995 -0.996559522705762 -0.0585084582824029 0.0536444389907624
1610017641.07184 30.214747592145 -3.58109852664503 38.6082597196451 -0.0236098176925829 -0.996548218697826 -0.0584068499024432 0.0540635200776552
1610017641.17084 30.2066020876593 -3.57722206577009 38.5585160023296 -0.0237180369335619 -0.996511821257165 -0.0584686862535364 0.054617374035486
1610017641.26984 30.202624014868 -3.57297564437217 38.4950242567168 -0.0240142358429162 -0.996493883901812 -0.0582304403786767 0.0550678820771897
1610017641.33584 30.1984660184744 -3.57026729697759 38.4569435515261 -0.0241862500794984 -0.99648501481738 -0.0580683001547684 0.0553237116310371
1610017641.43484 30.1921489403895 -3.56621332134515 38.3995725358495 -0.0245598098449477 -0.996485715642488 -0.0574492766183294 0.0557908135528544
1610017641.53384 30.1703679992751 -3.56394681268801 38.4040897656173 -0.0248514871279576 -0.996481067312804 -0.0571387821283873 0.0560628723091286
1610017641.63284 30.1792586990836 -3.5578167935722 38.2831567842668 -0.0251158766521312 -0.996423118752379 -0.0575579611863218 0.0565441620315607
1610017641.73184 30.1728350940222 -3.55366923972106 38.2244288102541 -0.025159208575187 -0.996410227425365 -0.0575910318282848 0.0567181272518438
1610017641.83084 30.1663053101979 -3.54947469596289 38.1652626244946 -0.0250875203084149 -0.996427538257746 -0.0573205868000097 0.0567197289775391
1610017641.92984 30.1597330764501 -3.54522699693383 38.1058559483781 -0.0252650643204121 -0.99642171528547 -0.0572073077068349 0.0568574162039023
1610017642.02884 30.1530749204758 -3.54097743589914 38.046058075156 -0.0256945700029595 -0.996425392397195 -0.0567755606476953 0.0570329919572726
1610017642.12784 30.1445186190022 -3.53696775793198 37.9923168789699 -0.0255563124287238 -0.996429682631991 -0.0566977255315885 0.0570975514755132
1610017642.22684 30.124634671643 -3.5347801622415 37.9866905715738 -0.0250169463450872 -0.996442682791005 -0.0566799145209376 0.0571272229128123
1610017642.32584 30.1311656670171 -3.52850276685786 37.8704599167308 -0.0251210970056066 -0.996434488491788 -0.056595928632207 0.0573074296370185
1610017642.42484 30.1243209825389 -3.52420082651707 37.8088886184842 -0.025228179744158 -0.996421947349572 -0.0566812233846138 0.0573940824694278
1610017642.52384 30.1174144846221 -3.51995086960209 37.747026541715 -0.0252200511529145 -0.996408484930285 -0.0567437423915214 0.0575693310555452
1610017642.62284 30.1105332533391 -3.51565080020367 37.6847538049104 -0.0250252265750039 -0.996413532169153 -0.0565430786844035 0.0577640995597774
1610017642.72184 30.103626774383 -3.51131379011204 37.6221335129556 -0.0247811559228858 -0.99641184953761 -0.0564906842837842 0.0579493140711307
1610017642.82084 30.0954064740525 -3.50713257612174 37.5642927809425 -0.0247996148112918 -0.996441045653676 -0.0559310041854592 0.0579822767113134
1610017642.91984 30.0883465003891 -3.5028005315485 37.5010467790648 -0.0248768510302497 -0.996435572028652 -0.0558801946498505 0.058092141677217
1610017643.01884 30.080240032356 -3.49847596023221 37.4405089419443 -0.0250761122996811 -0.996386671445229 -0.0564564045985346 0.0582877683398405
1610017643.11784 30.0729594382114 -3.4940534922794 37.3764769010389 -0.0251578550296808 -0.99636359982725 -0.0566946800458027 0.0584155161245164
1610017643.21684 30.064896350182 -3.48955144372985 37.3144418939047 -0.0252582366126412 -0.996312045810384 -0.0573693432461263 0.0585925533822801
1610017643.28284 30.0594652878539 -3.4865029573663 37.2739243615676 -0.0250829795771724 -0.996316437189777 -0.0572577974370824 0.0587021784404491
1610017643.34884 30.0540319828588 -3.48345948561385 37.2335684875706 -0.0250168622908312 -0.99631392478132 -0.0572402076772598 0.0587901225804895
1610017643.41484 30.0391859910573 -3.48211540350988 37.2279127191935 -0.0251826855477003 -0.996300084297337 -0.0573566796406589 0.058840340569409
1610017643.48084 30.0431954590515 -3.47738989538863 37.151402385935 -0.0253785933803425 -0.996285098381542 -0.0573262190840765 0.0590392610594097
1610017643.54684 30.0376454592041 -3.47435456003338 37.1102051258622 -0.0255295010230982 -0.996285773747821 -0.0572230845117372 0.0590628496110653
1610017643.61284 30.0317341342154 -3.47143531147614 37.0695740605327 -0.0257510909326575 -0.996284340526983 -0.0572076013443873 0.0590058004344788
1610017643.67884 30.0271531545478 -3.46833505292551 37.0244967418827 -0.0258365688864343 -0.996291387630161 -0.057085787847642 0.0589674102191969
1610017643.74484 30.0065940041166 -3.4697900136993 37.0468481856554 -0.0259603756467935 -0.996299243140994 -0.0571600333924409 0.0587078154553211
1610017643.84384 30.0138821342278 -3.4608720232512 36.9181550105666 -0.025981734689112 -0.996312371014735 -0.0569130220934004 0.0587155579189874
1610017643.90984 30.0084453288039 -3.45797221783846 36.8761148292532 -0.0262337484844483 -0.996318305987689 -0.0568328825265 0.0585802616758072
1610017643.97584 30.0029676610054 -3.45511567438336 36.8345370866626 -0.0264215613529258 -0.99632976841787 -0.0567771638308586 0.0583544970622723
1610017644.04185 29.9973044782258 -3.4523033271142 36.7935579169779 -0.0264866670210366 -0.996352834907279 -0.0566825901181074 0.0580221407727023
1610017644.10785 29.9917330794452 -3.44949277596537 36.7525212334669 -0.0265639806104118 -0.996360581848683 -0.0567548743320504 0.0577826108084071
1610017644.17385 29.9862822639906 -3.4466119180365 36.7107764001592 -0.026740749308772 -0.996345476315069 -0.0571517819505793 0.0575699398364975
1610017644.23985 29.980869759841 -3.4436606902211 36.6686396258869 -0.0268134273701571 -0.996328069318172 -0.057678022284293 0.0573119895550909
1610017644.30585 29.975530921318 -3.44065307987482 36.6260665819396 -0.026858653708636 -0.996303936220728 -0.0583594792233019 0.0570197384843834
1610017644.37185 29.9701387702442 -3.43762413037103 36.5831660124411 -0.0271971352719791 -0.996279547656727 -0.0588741158884264 0.0567557682730307
1610017644.43785 29.964650741096 -3.43451340884821 36.5405678077941 -0.0273867995505424 -0.996271485535578 -0.0591624266944758 0.056505730565424
1610017644.50385 29.9597889064664 -3.43136404792672 36.4964483862534 -0.0274000155115612 -0.996298359506595 -0.0589788341571661 0.0562166800504521
1610017644.56985 29.9539423180929 -3.42832948213908 36.4559096156157 -0.0275414557065556 -0.996328938101465 -0.0586247154607273 0.0559755130063019
1610017644.63585 29.9102549075784 -3.44110536475091 36.6175579719192 -0.0277686169554001 -0.996353924145301 -0.0586378349314007 0.0554018597810844
1610017644.73485 29.9409535032721 -3.42062522250137 36.3493289006885 -0.0274616385393782 -0.996411704422112 -0.0578588242946226 0.055334710179041
1610017644.83385 29.9338157619347 -3.41602967961516 36.2829740829486 -0.0276007083695157 -0.996424528376669 -0.0578963268824991 0.0549943222555639
1610017644.93285 29.9245293285256 -3.41200562425486 36.2245755013569 -0.0278710935668761 -0.9964364974222 -0.0579203245355809 0.0546145104716476
1610017645.03185 29.9187474958059 -3.40710019170273 36.15399817002 -0.0283120877473241 -0.996421839977934 -0.058258202449426 0.0542947911842249
1610017645.13085 29.9116101566575 -3.40253853730521 36.0877588037157 -0.0296590816231224 -0.996402536914283 -0.0581374556524928 0.0540588527283665
1610017645.22985 29.9002130541474 -3.39958124468998 36.0439144231275 -0.0290384410092242 -0.996518001363603 -0.0569344804786471 0.0535453717390316
1610017645.32885 29.897702151403 -3.39343944777105 35.9553809934744 -0.030326153444279 -0.996522102882039 -0.0563270322728503 0.0533974561207332
1610017645.42785 29.8895588705306 -3.3890229840819 35.892888681212 -0.0308079441526319 -0.996430692666465 -0.0580839070733111 0.0529434134564148
1610017645.52685 29.8449468239875 -3.39910371032158 36.0214048642625 -0.0305794329800773 -0.996270673495188 -0.0612965177528464 0.052463132992964
1610017645.62585 29.8759868483538 -3.37969006154732 35.7596522395088 -0.0309432249081422 -0.996222573835345 -0.0618090338339274 0.0525618069483965
1610017645.72485 29.8694389029366 -3.37473299617256 35.6937492068831 -0.0302013595371761 -0.996403343588948 -0.0594938973100491 0.052237256338096
1610017645.82385 29.8607044491695 -3.37081763510276 35.6415391235687 -0.0300833630165068 -0.99653649393466 -0.0574767418452926 0.0520233762157245
1610017645.92285 29.8541114166444 -3.36616145441329 35.5753251665714 -0.0296755340838113 -0.996624257217518 -0.056443759873178 0.0517064268137929
1610017646.02185 29.8389994168944 -3.36499975926254 35.5492468173994 -0.0295270618901073 -0.996587406125363 -0.057430811106555 0.0514139718763536
1610017646.12085 29.8392392658097 -3.35785172596371 35.4500509063851 -0.0293345987431999 -0.996578673415162 -0.0579173163964606 0.0511469791100553
1610017646.21985 29.83005180897 -3.35429544585245 35.3965956996397 -0.0290638267012879 -0.996546702862025 -0.0588900720176351 0.0508126205785772
1610017646.31885 29.8049356706922 -3.35688780217181 35.4234352172057 -0.0292820257411333 -0.996582233801127 -0.0585024806452943 0.0504368317680421
1610017646.41785 29.8157826609341 -3.34559708035741 35.2708424488947 -0.0290552478802477 -0.996648839070536 -0.0576221242330443 0.0502650469893454
1610017646.51685 29.8086112530616 -3.34138624655918 35.2084364591823 -0.029184282272866 -0.996706967031328 -0.0567411217104072 0.0500394309167731
1610017646.61585 29.8012455142181 -3.33707463357727 35.1455475175684 -0.0294366180650615 -0.9966742390099 -0.0574830617956794 0.0496955170767209
1610017646.71485 29.7664771006453 -3.34247730202587 35.2193448293723 -0.0301776203860535 -0.996584379286709 -0.0590773293987366 0.0491808432285746
1610017646.81385 29.786049202943 -3.32899837794396 35.0233244493222 -0.0301876217934597 -0.996553727590762 -0.0596219567494492 0.0491385570481921
1610017646.87985 29.781104106789 -3.32618405591623 34.9825725436051 -0.0300812951296251 -0.996596684433362 -0.059128613274341 0.0489282265364984
1610017646.94585 29.7761447236961 -3.32336521846013 34.9427601666549 -0.0301742188427549 -0.99665629071969 -0.0582187236095422 0.0487476656607661
1610017647.01185 29.7708935909632 -3.3206215092713 34.9034755611668 -0.0303914607122012 -0.996702333746629 -0.0574905789615666 0.04853504249988
1610017647.07785 29.7658000399776 -3.31787625527786 34.863822719351 -0.0302962888533686 -0.99673512361787 -0.0571203655558009 0.0483579576383661
1610017647.14385 29.7606569282963 -3.31521271880099 34.8246762794439 -0.0303133429236583 -0.996732445245631 -0.0572877894382268 0.0482041804902722
1610017647.20985 29.7551075143869 -3.3127849936453 34.7878781425148 -0.0303485114601354 -0.996705405792954 -0.0578544650843864 0.0480641528070136
1610017647.30885 29.7474052681172 -3.30876561365139 34.7293074621774 -0.0305547756028926 -0.996624288754691 -0.0593880217581687 0.0477440637536649
1610017647.40785 29.7398223190987 -3.30467721521191 34.670649790563 -0.0309107754767456 -0.996594316050608 -0.0599421729566674 0.0474471187352862
1610017647.50685 29.7321830864112 -3.30044498854002 34.6124647120787 -0.0314207983837092 -0.996609140839859 -0.0596257403840788 0.0471987807789345
1610017647.60585 29.7248629093204 -3.29607423379547 34.5530195956119 -0.0312316661546214 -0.996737734462818 -0.0577234015161135 0.0469731907000745
1610017647.70485 29.7053385471133 -3.29536569110312 34.5540586507367 -0.0309211850847146 -0.996853570495499 -0.0560562645602142 0.046739004128119
1610017647.83685 29.7101909381783 -3.28572808369994 34.4031820536301 -0.0302391850858956 -0.99688529863952 -0.0560644040911878 0.0464981250765731
1610017647.93585 29.7043657082261 -3.28134868872922 34.3364336724582 -0.0295690836499169 -0.996809528471831 -0.057767310746658 0.0464690332261198
1610017648.03485 29.6972210603421 -3.27720984758058 34.2739120343413 -0.0289868364850218 -0.996816764203819 -0.05792968216501 0.0464785309264295
1610017648.13386 29.6901212726463 -3.27273677350134 34.2110280368623 -0.0287262865381941 -0.996822114689385 -0.0579624710545649 0.0464846649676825
1610017648.23286 29.6842085907824 -3.26808235748461 34.1444818488473 -0.0286754203630424 -0.996875656913441 -0.0570621758309013 0.0464817492123626
1610017648.33186 29.6765247075815 -3.26415444832452 34.0878288538963 -0.0287211699406433 -0.996812118881552 -0.0581221988512983 0.0465027316273088
1610017648.43086 29.6677230378534 -3.2607644714527 34.0384529593727 -0.0287727135450535 -0.996786032946991 -0.0585074511332666 0.0465468971999501
1610017648.52986 29.656680586794 -3.25773673176007 33.9975418795245 -0.0289232117849523 -0.996744661502605 -0.0591703333100495 0.0465016047258398
1610017648.66186 29.6509465548801 -3.25106073204777 33.9004773834042 -0.0289376191104829 -0.996780747080985 -0.0585671517712832 0.0464827406925434
1610017648.76086 29.6449496368907 -3.24631060346222 33.8336146200941 -0.0287910839102764 -0.996834993232526 -0.0576980795019881 0.0464973265485704
1610017648.89286 29.6370224041282 -3.24017142935497 33.744743811981 -0.028313333574645 -0.996899223412513 -0.0568344492771392 0.0464772942067834
1610017649.02486 29.6278753034474 -3.23454642597607 33.6620192775879 -0.0279436271937169 -0.99694027017957 -0.0563431824791031 0.0464187158554668
1610017649.12386 29.621928575387 -3.23011514221619 33.5948895646623 -0.0277948379951928 -0.996940499104276 -0.0564115134171414 0.0464201398158826
1610017649.22286 29.6160567802375 -3.22572536436539 33.5277857666607 -0.0272034097824384 -0.996937730967246 -0.0567800304329095 0.0463806340418562
1610017649.32186 29.6102257516346 -3.22124211162822 33.4605727327727 -0.0264611846569315 -0.996946161663587 -0.0568553369581307 0.0465362988447699
1610017649.42086 29.6042069109581 -3.21669291939605 33.3933888977141 -0.0259814919796828 -0.99694910981727 -0.0567002413988683 0.0469309826700009
1610017649.51986 29.5981420671752 -3.21213180690123 33.3262216132257 -0.0256513593549461 -0.996906651733164 -0.0571815421896797 0.0474279108355502
1610017649.61886 29.5920256517499 -3.20763461294647 33.259030834678 -0.0252068827181447 -0.996903616462653 -0.0570579823499047 0.0478767082982419
1610017649.68486 29.5878983821324 -3.20459261577049 33.2141864526353 -0.024879190800749 -0.996899501416958 -0.0570622569684606 0.0481280455595883
1610017649.75086 29.5837165758181 -3.20155228833057 33.1693263493828 -0.0246311125932063 -0.996902101443156 -0.0568956210692992 0.0483983133361064
1610017649.81686 29.579493977086 -3.19849071701317 33.124468657117 -0.0244037155085965 -0.996903740433944 -0.0567478326495641 0.0486525895278405
1610017649.88286 29.5753614552027 -3.19533288055398 33.0798778254984 -0.024166438246444 -0.996889950369914 -0.0567582709382398 0.0490398694334782
1610017649.94886 29.5710353610663 -3.19235493581643 33.0344505593914 -0.0242433039719784 -0.996869694817252 -0.0568752997360659 0.0492775207109124
1610017650.04786 29.5648183838333 -3.18781064043259 32.9669362501267 -0.0234288283577703 -0.996805110798685 -0.0578779215195623 0.0498077030988023
1610017650.14686 29.5567869232547 -3.18465755393389 32.9077845425966 -0.0235482334984901 -0.996819268104334 -0.0571993449368319 0.050249998744651
1610017650.24586 29.5515791595272 -3.17859600114947 32.8317395613115 -0.0240216165317094 -0.99676894506551 -0.0575098799443206 0.0506679958256182
1610017650.34486 29.5449317608146 -3.17400760524828 32.7639673087746 -0.0241764423779017 -0.996752425459622 -0.0572880697672189 0.0511681447450947
1610017650.44386 29.5380196381635 -3.16936631275182 32.696152189404 -0.0251644001361367 -0.996672502850709 -0.0578580994581071 0.0516053810584509
1610017650.54286 29.5310951001446 -3.16454416520669 32.628168323229 -0.025836245283982 -0.996572191438462 -0.0588979909219154 0.0520325123987856
1610017650.64186 29.5241008425396 -3.15972669270924 32.5601803946412 -0.026292331601585 -0.996484716382489 -0.0598152030646822 0.0524315248432966
1610017650.74086 29.5157002976505 -3.15637337276567 32.5003451466322 -0.0264290357429527 -0.996439290959115 -0.0602148494028584 0.0527675791939026
1610017650.83986 29.510123333367 -3.14989361149248 32.4246313530903 -0.026387001751594 -0.99648480694477 -0.0590542839196161 0.0532385876742265
1610017650.93886 29.5032184333995 -3.14498286008312 32.3572283975004 -0.026145040517931 -0.996556162505934 -0.05762279553755 0.0535897869206443
1610017651.00486 29.4984835995078 -3.14183715255388 32.3120200392216 -0.0260525321924652 -0.996566044788038 -0.057203236139322 0.0538996634226545
1610017651.07086 29.4937989351342 -3.13874438402105 32.2669206808364 -0.0259680114290015 -0.99654393738844 -0.0574077797002697 0.0541312300493265
1610017651.13686 29.4890579327932 -3.13573135316113 32.2218074303076 -0.0259809900469327 -0.996504503632475 -0.0579815423813157 0.0542393135968627
1610017651.20286 29.4844773674904 -3.13267333013316 32.1769470963698 -0.0262351451188211 -0.99645685361179 -0.0586505661539316 0.0542730793350505
1610017651.26886 29.4795882619096 -3.12970895178058 32.1317264038442 -0.0264438412283227 -0.996422458179858 -0.0591966703775795 0.0542103524440601
1610017651.33486 29.4748326784435 -3.12658938423353 32.0868094881469 -0.0265928885167889 -0.996418342912699 -0.0592952935281157 0.0541051970965814
1610017651.40086 29.4694826097316 -3.12412690128597 32.0453687855733 -0.0263882643190797 -0.99643071561572 -0.0592379053767144 0.0540403465047123
1610017651.46686 29.4656832353789 -3.12039745881868 31.9973408316461 -0.0257457781610652 -0.996481314681424 -0.058638563864649 0.054070909235498
1610017651.53286 29.4612091553492 -3.11731540290948 31.95281749307 -0.0251842641183052 -0.996534006827424 -0.0580316886702745 0.0540189706249087
1610017651.59886 29.4566921199959 -3.11427809602859 31.9083695493131 -0.0250540324192989 -0.996568773321794 -0.0576103193406619 0.0538890211907276
1610017651.66486 29.4520336549446 -3.11131419550887 31.8639988043419 -0.0256786529771512 -0.996576643979374 -0.0573877858419469 0.053686511269081
1610017651.73086 29.4448828995097 -3.11033431102821 31.8299678067856 -0.0263380952307673 -0.996553171171638 -0.0578100751710659 0.05334863612204
1610017651.79686 29.44277532375 -3.10534689624204 31.7750338806821 -0.0264004983513199 -0.996512077269619 -0.0586952717915452 0.0531183453423293
1610017651.86286 29.4383121310087 -3.10240227914738 31.7306099873502 -0.0264828271147814 -0.99643136836551 -0.0601577058700342 0.0529550604730104
1610017651.92886 29.4337701756474 -3.09939733122822 31.6864941039802 -0.0266411386382761 -0.996426117736898 -0.0604028341617795 0.0526947743998877
1610017652.02786 29.4271619263016 -3.09488137283468 31.6207096783988 -0.0263214884662709 -0.996561374054114 -0.0587408819701477 0.0521738993527017
1610017652.12686 29.4204077979075 -3.09020505737905 31.5549718002524 -0.0271850341354859 -0.996578431674301 -0.058316631777399 0.0518803806730579
1610017652.22587 29.4137506277105 -3.08553163132978 31.4891344211639 -0.0276659693994009 -0.996584275942316 -0.0581994108095096 0.0516449771337631
1610017652.32487 29.4026661164112 -3.08526891977503 31.4472819485395 -0.0278613085667343 -0.996485897490973 -0.0599191274305999 0.051471368298457
1610017652.42387 29.4003166081295 -3.07738089865643 31.3607462907264 -0.027007758437922 -0.996539251011664 -0.0594584651604709 0.0514275519350562
1610017652.52287 29.3939164258345 -3.07302949132851 31.296027028926 -0.0264300240528246 -0.996745374252212 -0.0563438189728542 0.051239504280776
1610017652.58887 29.3890747991882 -3.07090023150195 31.2566828857205 -0.0262293441589233 -0.996829289797965 -0.0549546011344542 0.0512189449328136
1610017652.68787 29.3822644966934 -3.06683087127156 31.1943485234504 -0.0252327638687393 -0.9967986686713 -0.0558511616328909 0.0513455889724166
1610017652.78687 29.3763474437358 -3.06196458822596 31.1261944526112 -0.0258813145398583 -0.996462470881217 -0.0611649255995223 0.0514932379967866
1610017652.88587 29.3700033510261 -3.05743851027542 31.061280579779 -0.0257133498243389 -0.996137302813015 -0.066281867198143 0.0515365080884517
1610017652.98487 29.3629635372751 -3.0529489226716 31.0004207376701 -0.0249776522666435 -0.99624618335361 -0.0648107444689646 0.0516645569224212
1610017653.08387 29.3569969611948 -3.0477218259886 30.9360042764113 -0.0247830567404925 -0.996569254212941 -0.0597970761478814 0.0515735527205953
1610017653.18287 29.3506484878153 -3.04302953501251 30.8726726569933 -0.0246525454790392 -0.996750331659713 -0.0567746361104095 0.0515525851164222
1610017653.28187 29.3442459514748 -3.03886369136771 30.8090082503426 -0.0245872674858813 -0.99677886063361 -0.0562970359873371 0.051555921198052
1610017653.34787 29.3337354114101 -3.04119264122084 30.8091047492927 -0.024882395012257 -0.996716684214261 -0.0571718591171255 0.0516536189678464
1610017653.44687 29.333700080181 -3.03218893384721 30.7028298584375 -0.0249047751129996 -0.996567612128918 -0.0596906564277926 0.0516698380823475
1610017653.54587 29.3272329905175 -3.02776610620092 30.639339600145 -0.0252715748265501 -0.996526929918614 -0.0602286134747468 0.0516521013287704
1610017653.64487 29.3208821627526 -3.02319351400704 30.576282309261 -0.0256875927789239 -0.996455872518417 -0.0611471888197178 0.0517384093322341
1610017653.74387 29.314420796258 -3.01867731172239 30.5136346862066 -0.0265025569675026 -0.996552743488108 -0.0592583136102403 0.0516594249733844
1610017653.84287 29.3080416491125 -3.01421859845914 30.4511220107807 -0.026813887209251 -0.996620511630779 -0.0581487006043326 0.0514519180163573
1610017653.94187 29.3017183910244 -3.00994546978709 30.3896625464271 -0.0269078140986263 -0.9967228113163 -0.0565493129049466 0.0512033412205125
1610017654.04087 29.295831731293 -3.00586993753636 30.3263718109295 -0.0268164037639989 -0.996710659006425 -0.0570456961550183 0.050936541523086
1610017654.13987 29.2897603889669 -3.00179995929792 30.2639835363752 -0.0269583820345199 -0.996644905977928 -0.0584070931366847 0.0506042339893694
1610017654.23887 29.2837454182608 -2.99766447311436 30.2018299207733 -0.0271075631892908 -0.996650322350102 -0.0587108188662619 0.0500635069230068
1610017654.33787 29.2778833008061 -2.99351002963579 30.1400657021166 -0.0268911153184906 -0.996720730636083 -0.0581688741720173 0.0494068326728196
1610017654.43687 29.265543955431 -2.99324553592817 30.1142312427215 -0.0269505857087601 -0.996826185348973 -0.0568735893553485 0.04875055862663
1610017654.56887 29.2645212037518 -2.9835107104969 29.9962358781376 -0.0276677739025613 -0.996845750227804 -0.0571984232724626 0.0475540210201852
1610017654.70087 29.257359018139 -2.97802470493309 29.9138587616548 -0.0279467666325782 -0.996762743339196 -0.0602877409408782 0.0452592533958464
1610017654.83287 29.2507301499596 -2.97234890540953 29.8316792843195 -0.0282836517343103 -0.99680936736888 -0.0613931175172466 0.0424500328826669
1610017654.93187 29.2462287794891 -2.96785004499996 29.7705120358313 -0.0278948939076077 -0.996971532675018 -0.0603414519216401 0.0403552612368833
1610017655.06387 29.226513397195 -2.96752428148814 29.7439920734699 -0.0269847767056193 -0.997281939936683 -0.0574517076403424 0.037414641405246
1610017655.19587 29.2358311520595 -2.95687473728815 29.6086175204066 -0.0259834028756186 -0.997594318446747 -0.0541915518909315 0.0345501704977767
1610017655.32787 29.2307077097315 -2.9518360029 29.527582282799 -0.0282481260950931 -0.997677127560921 -0.0537063674445842 0.0309518757075163
1610017655.42687 29.2272885803766 -2.9481483368365 29.4661501952249 -0.0291697640280786 -0.99760833637602 -0.0560456408034191 0.0280288816500116
1610017655.55887 29.2224538628905 -2.9440145301933 29.3887475064056 -0.0311927927394462 -0.997555982702279 -0.0576982691575432 0.0240827903746494
1610017655.69087 29.219304197764 -2.93867218852371 29.3076142763974 -0.0332116823087419 -0.997621997606587 -0.0571719880055189 0.0194601602553143
1610017655.82287 29.2169988804557 -2.93317901029762 29.2265410929942 -0.0349254929118225 -0.997706379139517 -0.0560948039818558 0.0146820957433863
1610017655.92187 29.2150732855845 -2.92987597000001 29.1690257976981 -0.0353080691970595 -0.997664142454086 -0.0574439976752082 0.0109446901289639
1610017656.02087 29.2147059618557 -2.925893051786 29.1081239180897 -0.0351856320489293 -0.99770789491493 -0.0573602426952142 0.00712251919490675
1610017656.11987 29.214930936899 -2.92186877638649 29.0470132163529 -0.0349668042445125 -0.997677396631277 -0.0583816368958079 0.00295285037366042
1610017656.21888 29.1965099280136 -2.92070330359894 29.0435200691068 -0.0357456463957973 -0.997623202329445 -0.0588717470343214 -0.00207661715716377
1610017656.31788 29.2170119832215 -2.91380139051355 28.9248683601997 -0.035725449756398 -0.99760569195 -0.0587217650397239 -0.007637403962356
1610017656.41688 29.2191429462813 -2.9097346400318 28.8637631322513 -0.0363749298678229 -0.997539766582733 -0.0583738915448054 -0.0135560816275756
1610017656.51588 29.2207550797061 -2.90624535908188 28.8084829334738 -0.0363476795623238 -0.997412497188028 -0.0588876569504757 -0.0194782058326585
1610017656.64788 29.2259044851875 -2.90093626791234 28.7267450162248 -0.0360239930023725 -0.997201810619292 -0.0594623602382233 -0.0274781466017961
1610017656.74688 29.2305346325933 -2.89681787348593 28.6653242446491 -0.0362880177616507 -0.996979758944112 -0.0597613394379291 -0.0338100921509406
1610017656.87888 29.2360795727864 -2.89213555127255 28.5904642687916 -0.0372670131072068 -0.996651751149983 -0.0593921487776478 -0.0420598303291084
1610017657.01088 29.2449387027385 -2.88688908137816 28.5087463969264 -0.0377225326076642 -0.996365270769386 -0.0576747280398465 -0.0500687875211946
1610017657.14288 29.246790553475 -2.88314938794803 28.4495687492436 -0.0381019583644569 -0.995965707604467 -0.0566128180894014 -0.0582712525410449
1610017657.27488 29.2655385835911 -2.87713364785942 28.3487983631497 -0.036848596210218 -0.99547788706992 -0.0569812931307169 -0.0664762329355032
1610017657.40688 29.2785044488293 -2.87229664228409 28.2661750952152 -0.0365797066909032 -0.994895757243102 -0.0574122091899136 -0.0744862102272287
1610017657.67088 29.3097445695604 -2.86217137490114 28.1013461528075 -0.0317701446597781 -0.993788812585363 -0.0578421607347671 -0.0896032272298504
1610017657.76988 29.3223551192322 -2.85825604172142 28.038981857297 -0.0310864086998126 -0.993168797482093 -0.0602657435437703 -0.0949600708573793
1610017657.86888 29.3339397326075 -2.85485862794329 27.9818168429659 -0.0305232318012765 -0.992666543394569 -0.0613430075508787 -0.0995916731965953
1610017657.96788 29.3475909591994 -2.85062624158221 27.9198906059926 -0.03095864375494 -0.992108561752743 -0.062194935312545 -0.104374106440381
1610017658.09988 29.3668245508311 -2.84492825231247 27.837512406434 -0.0310184053820394 -0.991458566376882 -0.0622223889760774 -0.110345566270526
1610017658.19888 29.380086008237 -2.84107474752803 27.7795720562495 -0.0314204369401936 -0.991061478218894 -0.0619892321582518 -0.113873779376545
1610017658.29788 29.394052008256 -2.83710864240825 27.7211552007596 -0.031752091622811 -0.990665479093574 -0.0626315366089413 -0.116837510380352
1610017658.39688 29.4084637009628 -2.83316777460277 27.6628400906065 -0.0323278290110554 -0.990363362613867 -0.0616149638632394 -0.119745219911773
1610017658.49588 29.4232565108162 -2.82906527697681 27.604436344454 -0.0325876319366401 -0.990014674973089 -0.0611314364881015 -0.12276781767056
1610017658.69388 29.4558545258035 -2.82135182319835 27.4832666857915 -0.0332008413413548 -0.989267754411752 -0.0605228844511809 -0.128778859573551
1610017658.79288 29.472710755299 -2.81753385350143 27.4226225343695 -0.0335227611587535 -0.988850139742923 -0.0609110638077462 -0.131687007409629
1610017658.89188 29.4821414997173 -2.81254471819008 27.3786523681884 -0.0339484395201384 -0.988418713810849 -0.0613822742764927 -0.134566585924216
1610017658.99088 29.5067139502503 -2.80971029616382 27.3031136460668 -0.0342682819000782 -0.987968717132516 -0.0620639856024578 -0.137446573308635
1610017659.08988 29.5245269157815 -2.80570932208589 27.2427436642109 -0.0339986565295609 -0.987571864874929 -0.0628727300780635 -0.139974722268598
1610017659.18888 29.5417202455644 -2.80168615549684 27.1848989213764 -0.0330597777298704 -0.987311742713389 -0.0631574252089244 -0.141893317100142
1610017659.25488 29.5528830019091 -2.79898715390888 27.1471128838492 -0.0330885982291708 -0.987203680919976 -0.0623096260674534 -0.14300890722124
1610017659.32088 29.5638872489196 -2.79626738705323 27.1098286932073 -0.0336107461475369 -0.987123269974894 -0.0608422494733113 -0.144070081198374
1610017659.41988 29.5809100502778 -2.79239362262952 27.0532126080447 -0.0339748535420031 -0.987007412929709 -0.0588019230013412 -0.145617341000128
1610017659.51888 29.5928911928515 -2.78817920854051 27.0069091839656 -0.0341056790925081 -0.986822737199696 -0.0590317736986875 -0.146741056604226
1610017659.65088 29.6213023437846 -2.78447359896807 26.9212181835483 -0.0331780497186745 -0.986472508662932 -0.0618255743909977 -0.14815129098442
1610017659.74988 29.6396411530679 -2.7813409945945 26.8639139240636 -0.0323496325478679 -0.9862708873383 -0.062734603183736 -0.149290346728511
1610017659.98088 29.6803865286319 -2.77357503435617 26.7359387325293 -0.0319512612758782 -0.986130554441648 -0.0602102646404528 -0.151328683769519
1610017660.11288 29.7031257126536 -2.76937509170609 26.6648738652921 -0.0307254326359328 -0.986108269632192 -0.0603211498575638 -0.15168318045255
1610017660.24488 29.7261924242762 -2.76554660818715 26.5936994491889 -0.0301169731397607 -0.986044763952894 -0.0609772768944912 -0.15195546424039
1610017660.34389 29.7420254765241 -2.76244901897189 26.5427010842854 -0.0303478862254468 -0.985987462938789 -0.0612761057515467 -0.152160992350547
1610017660.60789 29.7847659703042 -2.75437039781998 26.4084889416503 -0.0306321028665063 -0.985866723684061 -0.0624034634986342 -0.152427967085458
1610017660.73989 29.8054404001884 -2.75041076359744 26.3440084745511 -0.0306084328716752 -0.98583159779658 -0.0626775270251265 -0.152547409774786
1610017660.87189 29.8255657969308 -2.74644291444927 26.2811085827221 -0.0304087409365314 -0.985839381701166 -0.0621603588930077 -0.152748524523187
1610017661.00389 29.8446642734804 -2.74226223281756 26.2205139734442 -0.0306954788099287 -0.985850213920852 -0.0614995412840562 -0.152888684063568
1610017661.13589 29.8633037267447 -2.73810498850661 26.1607455064612 -0.0309493824681005 -0.985793531375171 -0.0619212960852495 -0.153032683812432
