1585067802.930906 -0.000000179 -0.000000390 -0.000000142 -0.000000000 -0.000000002 -0.000000001 1.000000000
1585067802.963907 0.000620118 -0.019617168 -0.005172948 -0.000143260 -0.000005937 0.000401625 -0.999999940
1585067802.996907 0.001897250 -0.044759210 0.000804553 -0.000833481 -0.000196215 0.000870779 -0.999999285
1585067803.029907 0.003679497 -0.062805124 -0.001205563 -0.001044273 -0.000452222 0.001411792 -0.999998450
1585067803.062907 0.002682346 -0.090232559 0.000334249 -0.001286358 -0.000172110 0.001867888 -0.999997437
1585067803.095907 0.002177441 -0.112967290 -0.002004057 -0.001531452 -0.000364772 0.002281757 -0.999996185
1585067803.128907 0.002238249 -0.136399075 0.005177234 -0.002012640 -0.000724203 0.002568749 -0.999994397
1585067803.161907 0.005559331 -0.158993870 0.000910551 -0.001982748 -0.001356471 0.002706194 -0.999993443
1585067803.194907 0.003555459 -0.180303186 0.003252864 0.002072096 0.001720671 -0.002635601 0.999992967
1585067803.227907 -0.002730311 -0.193216518 0.004518819 0.002080500 0.001967711 -0.002512951 0.999992728
1585067803.260907 0.003188188 -0.216863513 -0.003441592 0.001501769 0.002380519 -0.002818308 0.999992132
1585067803.293907 0.005835372 -0.240929991 0.008403555 -0.001468718 -0.002604621 0.003282592 -0.999990225
1585067803.326907 0.005195630 -0.260127246 0.004482253 -0.000922620 -0.002630563 0.003831566 -0.999988854
1585067803.359907 0.000593529 -0.277863562 0.014500335 -0.000738621 -0.002613995 0.004428326 -0.999986529
1585067803.392908 0.000163973 -0.296930134 0.016490245 -0.000295073 -0.002588519 0.005203236 -0.999983072
1585067803.425908 0.001410495 -0.316432208 0.020495499 0.000064045 -0.002472740 0.006072009 -0.999978542
1585067803.458908 -0.000840043 -0.335560948 0.015961785 -0.000815392 0.002170335 -0.006758290 0.999974489
1585067803.491908 -0.000899174 -0.341848791 0.013842382 -0.001489222 0.002064082 -0.007528348 0.999968469
1585067803.524908 -0.010439197 -0.372645557 0.021549305 -0.001653522 0.001645990 -0.007734501 0.999967396
1585067803.557908 -0.011625203 -0.386621445 0.025455544 -0.002001315 0.001304034 -0.008209147 0.999963522
1585067803.590908 -0.009501765 -0.409125805 0.020799290 -0.002354413 0.000915632 -0.008735119 0.999958694
1585067803.623908 -0.013757736 -0.425958842 0.021693878 -0.002517044 0.000676026 -0.009205827 0.999954224
1585067803.656908 -0.015875809 -0.447227418 0.023803413 -0.002811134 0.000548434 -0.009913789 0.999946833
1585067803.689908 -0.015411933 -0.464500278 0.025668303 -0.002913594 0.000758874 -0.010854211 0.999936581
1585067803.722908 -0.019205594 -0.492820382 0.023950256 -0.003209203 0.000676343 -0.011774623 0.999925375
1585067803.755908 -0.023247901 -0.506898642 0.020309603 -0.003664464 0.000936516 -0.012877887 0.999909997
1585067803.788908 -0.013204663 -0.543200016 0.030686527 -0.003390968 0.001267744 -0.014309387 0.999891102
1585067803.821908 -0.018662076 -0.563889027 0.031758130 -0.003585368 0.001402640 -0.015369945 0.999874473
1585067803.854909 -0.020995019 -0.586339116 0.037006728 -0.003565013 0.001457847 -0.016467549 0.999857068
1585067803.887909 -0.021584962 -0.605238497 0.037153807 -0.003767222 0.001594793 -0.017710296 0.999834836
1585067803.920909 -0.021562975 -0.630222380 0.038872324 -0.004012644 0.001570244 -0.018854668 0.999813020
1585067803.953909 -0.028601509 -0.648176193 0.040656511 -0.004259616 0.001480616 -0.019873336 0.999792337
1585067803.986909 -0.039089870 -0.667741239 0.034723386 -0.004533530 0.000971646 -0.020889925 0.999771059
1585067804.019909 -0.042825192 -0.691530526 0.027973404 -0.005084574 0.000932049 -0.022320541 0.999737501
1585067804.052909 -0.045045260 -0.716582119 0.039574780 -0.004989117 0.000850997 -0.023888169 0.999701917
1585067804.085909 -0.051170506 -0.737265527 0.040521789 -0.005320996 0.000641890 -0.025497960 0.999660492
1585067804.118909 -0.054511011 -0.760660350 0.039795849 -0.005684823 0.000575515 -0.027255742 0.999612212
1585067804.151909 -0.060500067 -0.783283174 0.034998994 -0.006226748 0.000279739 -0.029007426 0.999559820
1585067804.184909 -0.065823607 -0.812706470 0.046561044 -0.006101102 0.000250727 -0.030826859 0.999506176
1585067804.217910 -0.071402162 -0.840530932 0.046745893 -0.006456286 0.000221946 -0.032681748 0.999444962
1585067804.250909 -0.077114791 -0.856002450 0.046634849 -0.006658971 -0.000153030 -0.034386296 0.999386430
1585067804.283910 -0.073904753 -0.866514802 0.043284368 -0.007107227 -0.000173379 -0.036468651 0.999309540
1585067804.316910 -0.083605237 -0.906569839 0.051836006 -0.006960332 -0.000335567 -0.038089197 0.999250054
1585067804.349910 -0.094397575 -0.925464988 0.054997288 -0.006832063 -0.000860443 -0.039689034 0.999188423
1585067804.382910 -0.097252160 -0.953467548 0.058462188 -0.006656170 -0.001525434 -0.041527011 0.999114096
1585067804.415910 -0.117753334 -0.971159995 0.065305196 -0.006189018 -0.002753991 -0.042706534 0.999064684
1585067804.448910 -0.120864123 -0.999431074 0.066933751 -0.005978018 -0.003348108 -0.044650290 0.998979270
1585067804.481910 -0.132014096 -1.020814538 0.069043927 -0.005725980 -0.004789719 -0.046424668 0.998893917
1585067804.514910 -0.139538243 -1.044776678 0.070978723 -0.005628377 -0.005529464 -0.048472565 0.998793364
1585067804.547910 -0.137442648 -1.054531455 0.068921834 -0.005817115 -0.005794588 -0.050892796 0.998670399
1585067804.580910 -0.160077184 -1.096849442 0.079935990 -0.005756438 -0.006210450 -0.052591883 0.998580217
1585067804.613910 -0.165862173 -1.116574526 0.080688596 -0.006262571 -0.006022993 -0.054910012 0.998453498
1585067804.646910 -0.172357008 -1.144131064 0.085402839 -0.006765485 -0.005849721 -0.056944676 0.998337328
1585067804.679911 -0.177510977 -1.162194371 0.083965793 -0.007462620 -0.005532628 -0.059094153 0.998209178
1585067804.712911 -0.183906674 -1.182550907 0.087721176 -0.008157997 -0.005258989 -0.060926966 0.998095036
1585067804.745911 -0.187471837 -1.210113883 0.085604891 -0.008779317 -0.005305185 -0.063188203 0.997948945
1585067804.778911 -0.191941276 -1.227009416 0.084434204 -0.009118110 -0.005547855 -0.065139115 0.997819185
1585067804.811911 -0.196938768 -1.239783645 0.079778835 -0.009821743 -0.005387752 -0.067303494 0.997669697
1585067804.844911 -0.196891755 -1.273679852 0.087717690 -0.009782434 -0.005273907 -0.069842681 0.997496188
1585067804.877911 -0.202413931 -1.302599192 0.088063642 -0.010201424 -0.004708908 -0.072360873 0.997315288
1585067804.910911 -0.208375216 -1.328878164 0.090047106 -0.010708362 -0.003790148 -0.075050205 0.997115076
1585067804.943911 -0.213172361 -1.351038456 0.092818283 -0.011206299 -0.003055494 -0.077865355 0.996896267
1585067804.976911 -0.218529642 -1.374040246 0.093187489 -0.011984438 -0.002216388 -0.080812395 0.996654868
1585067805.009911 -0.224971414 -1.401844978 0.094456203 -0.012835383 -0.001257357 -0.083551735 0.996420026
1585067805.042912 -0.239624068 -1.422420621 0.093353473 -0.013450503 -0.000621716 -0.085980073 0.996205866
1585067805.075912 -0.250581563 -1.446043968 0.097413048 -0.014210224 -0.000080733 -0.088335596 0.995989442
1585067805.108912 -0.259410441 -1.469628096 0.105074883 -0.014541596 0.000235090 -0.090786085 0.995764256
1585067805.141912 -0.268383741 -1.498308539 0.106289051 -0.015030175 0.000426517 -0.093288571 0.995525599
1585067805.174912 -0.285990804 -1.525892854 0.108987145 -0.015106916 -0.000127978 -0.095640272 0.995301366
1585067805.207912 -0.295043051 -1.555515170 0.112122141 -0.015035242 -0.000698794 -0.098345369 0.995038569
1585067805.240912 -0.309716254 -1.572956204 0.115083769 -0.014796049 -0.001850486 -0.101023585 0.994772315
1585067805.273912 -0.321873695 -1.602079511 0.120560572 -0.014260322 -0.002636667 -0.103808217 0.994491577
1585067805.306912 -0.328747332 -1.631225109 0.112596639 -0.014458835 -0.003357868 -0.107008845 0.994147241
1585067805.339912 -0.341903567 -1.652381539 0.115284093 -0.014262439 -0.003885014 -0.109936394 0.993828714
1585067805.372912 -0.353365153 -1.679866433 0.118381910 -0.014270544 -0.004159916 -0.112811737 0.993505180
1585067805.405912 -0.365129828 -1.703780651 0.120362036 -0.014499158 -0.004220472 -0.115597203 0.993181407
1585067805.438913 -0.376708955 -1.727457881 0.121670298 -0.015026957 -0.004126780 -0.118308887 0.992854595
1585067805.471912 -0.388235211 -1.751015663 0.122353524 -0.015755117 -0.003964162 -0.120964840 0.992523909
1585067805.504913 -0.398634702 -1.775161386 0.125133947 -0.016603621 -0.003738115 -0.123643026 0.992180824
1585067805.537913 -0.409886777 -1.798812866 0.125282675 -0.017461717 -0.003394120 -0.126377702 0.991822720
1585067805.570913 -0.421127766 -1.822511673 0.125381380 -0.018305868 -0.002958115 -0.129227787 0.991441607
1585067805.603913 -0.433607787 -1.846509695 0.123905912 -0.018915504 -0.002538374 -0.132153928 0.991045475
1585067805.636913 -0.444821537 -1.872442126 0.128021747 -0.019604743 -0.002281626 -0.135274231 0.990611672
1585067805.669913 -0.457786679 -1.896508694 0.129198730 -0.020093948 -0.002232403 -0.138451681 0.990162849
1585067805.702913 -0.471607894 -1.920900941 0.131307036 -0.020357281 -0.002407555 -0.141707689 0.989696324
1585067805.735913 -0.487078458 -1.944437146 0.132409573 -0.020461025 -0.002734095 -0.144910231 0.989229500
1585067805.768913 -0.502284110 -1.968845248 0.135004476 -0.020618856 -0.003132261 -0.148158044 0.988743782
1585067805.801913 -0.518831968 -2.003193140 0.140363961 -0.020823509 -0.003551536 -0.151445597 0.988239884
1585067805.834913 -0.535017431 -2.027631044 0.143254578 -0.020980239 -0.004005961 -0.154533103 0.987756729
1585067805.867913 -0.551503122 -2.052606821 0.146343514 -0.021087974 -0.004470075 -0.157567769 0.987272918
1585067805.900913 -0.568137705 -2.077310324 0.149190649 -0.021292686 -0.004917219 -0.160572052 0.986782193
1585067805.933914 -0.584770620 -2.101999283 0.151856109 -0.021577895 -0.005321852 -0.163637012 0.986270249
1585067805.966913 -0.601223648 -2.126709700 0.154277548 -0.021912128 -0.005643657 -0.166773319 0.985735655
1585067805.999914 -0.615688026 -2.142946482 0.155362397 -0.022179931 -0.005858555 -0.169897109 0.985194802
1585067806.032914 -0.629912376 -2.170519352 0.158485919 -0.022644520 -0.005699782 -0.173359349 0.984581828
1585067806.065914 -0.645205200 -2.195561409 0.160105959 -0.023078233 -0.005451353 -0.176844940 0.983952999
1585067806.098914 -0.660323918 -2.220507383 0.161581054 -0.023487329 -0.005094751 -0.180397809 0.983300090
1585067806.131914 -0.675680518 -2.245509863 0.162984297 -0.023940114 -0.004706498 -0.183972687 0.982628524
1585067806.164914 -0.691306889 -2.270429611 0.164313540 -0.024437815 -0.004279206 -0.187527001 0.981946111
1585067806.197914 -0.707865238 -2.300413847 0.166862488 -0.024925292 -0.003792663 -0.191139966 0.981238961
1585067806.230914 -0.723759532 -2.325512409 0.167858139 -0.025494665 -0.003194223 -0.194754362 0.980515480
1585067806.263914 -0.739796221 -2.350620270 0.169011444 -0.026029821 -0.002585002 -0.198463708 0.979759097
1585067806.296914 -0.756368637 -2.375769854 0.170110017 -0.026651025 -0.002008176 -0.202174693 0.978984714
1585067806.329914 -0.775566638 -2.406679630 0.171679482 -0.027243882 -0.001577736 -0.205858931 0.978201151
1585067806.362915 -0.794072092 -2.431357384 0.173481449 -0.027662782 -0.001385029 -0.209460512 0.977424800
1585067806.395915 -0.814368010 -2.455943584 0.176049918 -0.027799394 -0.001614718 -0.212994784 0.976656437
1585067806.428915 -0.835787594 -2.480016708 0.179102018 -0.027896402 -0.002214252 -0.216481149 0.975885689
1585067806.461915 -0.856857121 -2.498419046 0.182817623 -0.027802046 -0.002953644 -0.219903588 0.975120902
1585067806.494915 -0.881369174 -2.527411699 0.186787665 -0.027795343 -0.004026395 -0.223380983 0.974326551
1585067806.527915 -0.905010283 -2.557981730 0.190917805 -0.027635397 -0.004981556 -0.226900384 0.973513126
1585067806.560915 -0.928495288 -2.581300497 0.195197389 -0.027480543 -0.005907994 -0.230356470 0.972700238
1585067806.593915 -0.951936841 -2.604538441 0.199208543 -0.027391076 -0.006710643 -0.233836830 0.971866846
1585067806.626915 -0.975187600 -2.627676010 0.203013778 -0.027357906 -0.007429037 -0.237332031 0.971014857
1585067806.659915 -0.998376489 -2.656211138 0.207069635 -0.027481526 -0.008010408 -0.240850657 0.970139980
1585067806.692915 -1.021170855 -2.679095507 0.210125923 -0.027711004 -0.008461382 -0.244370639 0.969249010
1585067806.725915 -1.043862462 -2.703001022 0.212881148 -0.027973384 -0.008759891 -0.247956783 0.968327522
1585067806.758916 -1.066464901 -2.726245165 0.215297982 -0.028298825 -0.008945607 -0.251575112 0.967382610
1585067806.791915 -1.089117527 -2.746004105 0.216812447 -0.028622627 -0.009066280 -0.255196065 0.966423094
1585067806.824916 -1.112298965 -2.772341490 0.219290346 -0.029064626 -0.009184592 -0.258892775 0.965425014
1585067806.857916 -1.136799693 -2.802330732 0.221164852 -0.029608488 -0.009372435 -0.262603015 0.964404106
1585067806.890916 -1.161306858 -2.824640751 0.222557470 -0.030128002 -0.009702331 -0.266242206 0.963386416
1585067806.923916 -1.186764479 -2.846938133 0.224091411 -0.030691087 -0.010221714 -0.269871473 0.962352872
1585067806.956916 -1.213340878 -2.868460655 0.225232497 -0.031419244 -0.010878913 -0.273426145 0.961318135
1585067806.989916 -1.240635395 -2.889659882 0.226494968 -0.032124992 -0.011620191 -0.277028978 0.960254073
1585067807.022916 -1.269713163 -2.916814566 0.227639422 -0.032786220 -0.012437852 -0.280737042 0.959143996
1585067807.055916 -1.297995210 -2.937496185 0.229494631 -0.033321586 -0.013359245 -0.284510821 0.958000422
1585067807.088916 -1.326487899 -2.958292723 0.231830791 -0.033695400 -0.014277226 -0.288450480 0.956795275
1585067807.121917 -1.354844451 -2.979168653 0.234817415 -0.033959389 -0.015203328 -0.292495698 0.955542803
1585067807.154916 -1.383008242 -3.000327349 0.238380760 -0.034109529 -0.016049022 -0.296624035 0.954250038
1585067807.187917 -1.410873771 -3.021929741 0.242479563 -0.034124702 -0.016737649 -0.300744176 0.952947259
1585067807.220917 -1.438362837 -3.044064045 0.247043401 -0.034061786 -0.017184177 -0.304817468 0.951646388
1585067807.253917 -1.465513706 -3.066762447 0.251921773 -0.033912718 -0.017352808 -0.308785975 0.950368404
1585067807.286917 -1.492480278 -3.089913845 0.256958961 -0.033653170 -0.017315840 -0.312636435 0.949118674
1585067807.319917 -1.522035599 -3.127342224 0.261871874 -0.033378780 -0.017054636 -0.316532373 0.947840810
1585067807.352917 -1.549031973 -3.150884390 0.266673476 -0.033083115 -0.016718496 -0.320288748 0.946594536
1585067807.385917 -1.576566458 -3.174939632 0.271598756 -0.032813609 -0.016383439 -0.324079692 0.945318580
1585067807.418917 -1.604338050 -3.198236942 0.276063561 -0.032601416 -0.016136009 -0.327935934 0.943999469
1585067807.451917 -1.632597327 -3.220874310 0.280246198 -0.032457411 -0.016004730 -0.331916571 0.942614377
1585067807.484917 -1.662600040 -3.250898123 0.283652276 -0.032332718 -0.016004529 -0.336032867 0.941159070
1585067807.517917 -1.691972971 -3.271983385 0.287375838 -0.032255530 -0.016125411 -0.340155602 0.939677477
1585067807.550917 -1.721843719 -3.293065548 0.290771753 -0.032247335 -0.016353037 -0.344361365 0.938140750
1585067807.583918 -1.753683925 -3.317297697 0.293904066 -0.032389522 -0.016675297 -0.348576665 0.936572134
1585067807.616918 -1.785089850 -3.336412430 0.296966642 -0.032549351 -0.017118244 -0.352748513 0.934995234
1585067807.649918 -1.817019701 -3.355199099 0.300039083 -0.032771289 -0.017674863 -0.356853276 0.933418155
1585067807.682918 -1.849636793 -3.373467207 0.302918077 -0.033032924 -0.018319532 -0.360931933 0.931826949
1585067807.715918 -1.882676125 -3.391493320 0.305761755 -0.033341438 -0.019007664 -0.364968479 0.930228591
1585067807.748918 -1.915960908 -3.409426689 0.308664232 -0.033661962 -0.019670382 -0.368975937 0.928620934
1585067807.781918 -1.949321032 -3.427469730 0.311706483 -0.033940256 -0.020248080 -0.373043895 0.926971674
1585067807.814918 -1.982661009 -3.449164867 0.313038498 -0.034203112 -0.020628005 -0.377112329 0.925305843
1585067807.847918 -2.015866041 -3.467719078 0.316493571 -0.034305036 -0.020898161 -0.381248683 0.923599482
1585067807.880918 -2.048860073 -3.486635208 0.319661528 -0.034242127 -0.021049218 -0.385496855 0.921833336
1585067807.913918 -2.083127737 -3.509859562 0.322636455 -0.034191400 -0.021103183 -0.389821172 0.920013607
1585067807.946918 -2.116700888 -3.528631449 0.326268673 -0.034110431 -0.021195242 -0.394130379 0.918176770
1585067807.979918 -2.150634527 -3.547176361 0.329907000 -0.034040511 -0.021286737 -0.398446620 0.916312456
1585067808.012918 -2.196764231 -3.582765579 0.341130823 -0.033909261 -0.021332949 -0.402882576 0.914374530
1585067808.045918 -2.232032776 -3.600846767 0.344757348 -0.033866525 -0.021416003 -0.407176882 0.912469983
1585067808.078919 -2.267224789 -3.618808746 0.348154902 -0.033804175 -0.021495538 -0.411487281 0.910534739
1585067808.111919 -2.303261518 -3.636122942 0.351532310 -0.033838749 -0.021593902 -0.415766954 0.908584952
1585067808.144919 -2.339889050 -3.652965546 0.354803771 -0.033813417 -0.021780755 -0.420068324 0.906600714
1585067808.177919 -2.365205526 -3.649923325 0.350584269 -0.033861276 -0.022132957 -0.424233347 0.904648900
1585067808.210919 -2.415598869 -3.690333843 0.362117887 -0.034059614 -0.022272982 -0.428798407 0.902483165
1585067808.243919 -2.453817129 -3.705560207 0.364817470 -0.034195539 -0.022529570 -0.433209747 0.900362372
1585067808.276919 -2.492137909 -3.722194433 0.368161172 -0.034151997 -0.022773007 -0.437716246 0.898175657
1585067808.309919 -2.530997992 -3.737824678 0.371170968 -0.034186363 -0.022954509 -0.442227721 0.895957112
1585067808.342919 -2.570912600 -3.755387306 0.375062168 -0.034195036 -0.023140078 -0.446774453 0.893693388
1585067808.375919 -2.610870838 -3.770520210 0.378080010 -0.034292340 -0.023315636 -0.451344371 0.891385913
1585067808.408920 -2.652126312 -3.785433769 0.381228298 -0.034269124 -0.023553131 -0.455926567 0.889045477
1585067808.441920 -2.693767309 -3.800002098 0.384366751 -0.034211636 -0.023870617 -0.460483968 0.886687279
1585067808.474920 -2.736024857 -3.814242601 0.387543976 -0.034142405 -0.024176363 -0.465031743 0.884305000
1585067808.507920 -2.799273491 -3.862346649 0.401513755 -0.033926606 -0.024355996 -0.469900489 0.881730914
1585067808.540920 -2.842658043 -3.875792265 0.404660195 -0.033965886 -0.024578495 -0.474508762 0.879251838
1585067808.573920 -2.886270523 -3.889335155 0.407923639 -0.033886999 -0.024852008 -0.479199767 0.876699328
1585067808.606920 -2.930747986 -3.901981115 0.411014616 -0.033858657 -0.025185823 -0.483892500 0.874109507
1585067808.639920 -2.975895166 -3.913989067 0.414002031 -0.033888131 -0.025605673 -0.488635272 0.871453702
1585067808.672920 -3.021638870 -3.925392151 0.416902900 -0.034062739 -0.026003679 -0.493418813 0.868735552
1585067808.705920 -3.063431263 -3.945831537 0.411386847 -0.034964412 -0.026451744 -0.498444736 0.865812182
1585067808.738920 -3.110455990 -3.956352472 0.414240420 -0.035126239 -0.026850525 -0.503220975 0.863026023
1585067808.771920 -3.158388615 -3.966876984 0.417294294 -0.035201043 -0.027287971 -0.508034348 0.860184491
1585067808.804920 -3.206933975 -3.976705313 0.420230329 -0.035328865 -0.027784320 -0.512782276 0.857341409
1585067808.837920 -3.256148815 -3.986161947 0.423171073 -0.035500761 -0.028289745 -0.517494500 0.854481578
1585067808.870920 -3.305975199 -3.995404243 0.426147282 -0.035681486 -0.028735306 -0.522210836 0.851585031
1585067808.903921 -3.356362343 -4.004537582 0.429209828 -0.035820574 -0.029073548 -0.526892006 0.848679245
1585067808.936921 -3.417312622 -4.037020683 0.434597522 -0.035792589 -0.029397490 -0.531716704 0.845654845
1585067808.969921 -3.468915939 -4.045971394 0.437876254 -0.035836399 -0.029667113 -0.536312342 0.842736483
1585067809.002921 -3.521278381 -4.055400848 0.441407621 -0.035752773 -0.029945448 -0.540945768 0.839763522
1585067809.035921 -3.574332714 -4.064262390 0.444862783 -0.035696086 -0.030202158 -0.545492530 0.836810350
1585067809.068921 -3.628086090 -4.072896004 0.448296577 -0.035558701 -0.030454757 -0.550002217 0.833849967
1585067809.101921 -3.690915585 -4.099614620 0.452824265 -0.035428558 -0.030625852 -0.554581344 0.830810726
1585067809.134921 -3.745949745 -4.107678413 0.456100434 -0.035261665 -0.030759554 -0.559015334 0.827835977
1585067809.167921 -3.800054550 -4.115866661 0.458952129 -0.035094619 -0.030909393 -0.563488603 0.824799120
1585067809.200921 -3.855603695 -4.123063564 0.461937159 -0.035005633 -0.031117093 -0.567890763 0.821770370
1585067809.233922 -3.922702074 -4.145158768 0.466544867 -0.034927189 -0.031392992 -0.572311521 0.818690479
1585067809.266922 -3.980199099 -4.151264191 0.469772637 -0.034890238 -0.031668972 -0.576644242 0.815635502
1585067809.299922 -4.038300991 -4.156696320 0.472972810 -0.034914315 -0.031934496 -0.580934167 0.812574148
1585067809.332922 -4.097917080 -4.165660381 0.476305217 -0.034927189 -0.032193143 -0.585207820 0.809490860
1585067809.365922 -4.157258034 -4.169806480 0.479366422 -0.035001934 -0.032474965 -0.589414537 0.806418419
1585067809.398922 -4.217328072 -4.174498081 0.482533365 -0.035086602 -0.032801833 -0.593617558 0.803312600
1585067809.431922 -4.278016090 -4.178074837 0.485561609 -0.035194993 -0.033155162 -0.597786903 0.800195515
1585067809.464922 -4.339316368 -4.181254864 0.488597214 -0.035245094 -0.033476517 -0.601936877 0.797062874
1585067809.497922 -4.402829647 -4.188940048 0.492957115 -0.035286456 -0.033725418 -0.606059551 0.793920219
1585067809.530922 -4.465369225 -4.191400528 0.496029317 -0.035262614 -0.033979654 -0.610117435 0.790796280
1585067809.563922 -4.529142380 -4.193235874 0.499668777 -0.035211891 -0.034295194 -0.614172280 0.787639856
1585067809.596922 -4.618030071 -4.230364323 0.501237690 -0.035433948 -0.034502767 -0.618435979 0.784277320
1585067809.629922 -4.682905674 -4.231817245 0.504355371 -0.035418574 -0.034837008 -0.622367322 0.781147182
1585067809.662922 -4.748346329 -4.232655048 0.507504165 -0.035429593 -0.035107348 -0.626232088 0.778039575
1585067809.728923 -4.891788960 -4.248401642 0.513668537 -0.035421703 -0.035702150 -0.633933365 0.771750748
1585067809.761923 -4.959003925 -4.247294426 0.516616762 -0.035499871 -0.035984430 -0.637676895 0.768643737
1585067809.794923 -5.026813507 -4.245566845 0.519464254 -0.035574555 -0.036252778 -0.641376376 0.765543342
1585067809.827923 -5.104045868 -4.256634712 0.522137105 -0.035573602 -0.036525726 -0.645184517 0.762323618
1585067809.860923 -5.173032761 -4.254028320 0.525065124 -0.035573006 -0.036773149 -0.648804784 0.759232998
1585067809.893923 -5.242605209 -4.250979424 0.527943909 -0.035610110 -0.036944605 -0.652369857 0.756161809
1585067809.926923 -5.313826561 -4.249326706 0.530878365 -0.035601914 -0.037119925 -0.655962944 0.753038704
1585067809.959923 -5.385234833 -4.245584011 0.533569038 -0.035714626 -0.037410922 -0.659380674 0.750028074
1585067809.992923 -5.457509995 -4.240962029 0.536249518 -0.035837084 -0.037857417 -0.662687778 0.747079253
1585067810.025923 -5.530612946 -4.235676765 0.539019823 -0.035916243 -0.038366612 -0.665901899 0.744185984
1585067810.058923 -5.625256538 -4.259774685 0.539206505 -0.035920113 -0.038832031 -0.669239044 0.741161823
1585067810.091923 -5.699631214 -4.253607750 0.542040527 -0.035936922 -0.039190702 -0.672273099 0.738391161
1585067810.124924 -5.774535179 -4.246935368 0.544857442 -0.035992384 -0.039523546 -0.675214887 0.735681534
1585067810.157924 -5.850723743 -4.241929054 0.546801507 -0.036076635 -0.039805599 -0.678145528 0.732961535
1585067810.190924 -5.939501762 -4.251905441 0.548657238 -0.036226783 -0.040093943 -0.681057930 0.730232954
1585067810.223924 -6.016329765 -4.244858742 0.551169932 -0.036330763 -0.040314298 -0.683853209 0.727598608
1585067810.256924 -6.093767166 -4.237586975 0.553704619 -0.036385119 -0.040428124 -0.686577618 0.725019276
1585067810.289924 -6.173151493 -4.231601715 0.556751549 -0.036332965 -0.040482577 -0.689293385 0.722437382
1585067810.322924 -6.264359474 -4.240848541 0.558121860 -0.036304239 -0.040521774 -0.691999614 0.719844878
1585067810.355924 -6.344317436 -4.233122349 0.560942411 -0.036206663 -0.040549647 -0.694529653 0.717407465
1585067810.388924 -6.424973965 -4.224885464 0.563752532 -0.036157548 -0.040592838 -0.696988583 0.715018749
1585067810.421924 -6.496944427 -4.202607155 0.567047775 -0.036075745 -0.040660974 -0.699418128 0.712642670
1585067810.454924 -6.579702377 -4.209084034 0.568333864 -0.036091689 -0.040773772 -0.701716125 0.710372746
1585067810.487925 -6.662918568 -4.199315548 0.570796430 -0.036121700 -0.040974878 -0.703884184 0.708211362
1585067810.520924 -6.746805191 -4.190104961 0.573642433 -0.036186606 -0.041228510 -0.706038535 0.706045628
1585067810.553925 -6.831413746 -4.179687977 0.576254189 -0.036305279 -0.041519389 -0.708009601 0.704045773
1585067810.586925 -6.916728497 -4.168822765 0.578968644 -0.036434237 -0.041817419 -0.709882438 0.702133060
1585067810.619925 -7.009387970 -4.168615818 0.581023812 0.036486417 0.042163569 0.711696744 -0.700270534
1585067810.652925 -7.096157074 -4.156994343 0.583929420 0.036605090 0.042580239 0.713294268 -0.698611736
1585067810.685925 -7.183629990 -4.145130157 0.586895049 0.036775198 0.042994667 0.714768648 -0.697068810
1585067810.718925 -7.313934326 -4.170911789 0.585574567 0.037044168 0.043449823 0.716369152 -0.695381284
1585067810.751925 -7.403074265 -4.159825325 0.588437676 0.037140366 0.043793473 0.717613518 -0.694070280
1585067810.784925 -7.492877483 -4.148983479 0.591307521 0.037192222 0.043990470 0.718735218 -0.692893445
1585067810.817925 -7.582964420 -4.141071320 0.593190670 -0.037205812 -0.044079438 -0.719818830 0.691761315
1585067810.850925 -7.673998833 -4.131477833 0.595631599 -0.037216183 -0.044169471 -0.720721662 0.690814257
1585067810.883925 -7.784362316 -4.137063026 0.597508550 0.037233561 0.044345070 0.721573532 -0.689912200
1585067810.916925 -7.876846790 -4.127422333 0.599812627 0.037220057 0.044511855 0.722225785 -0.689219296
1585067810.949926 -7.971065521 -4.118457794 0.602504015 -0.037276596 -0.044498973 -0.722847342 0.688565254
1585067810.982926 -8.065450668 -4.109601974 0.605185509 -0.037197292 -0.044440031 -0.723343849 0.688051701
1585067811.015926 -8.174436569 -4.113362312 0.606866360 0.036996309 0.044488881 0.723795950 -0.687583864
1585067811.048926 -8.270172119 -4.104451180 0.609638870 0.036933392 0.044466127 0.724112630 -0.687255204
1585067811.081926 -8.366463661 -4.095403671 0.612363279 0.036934823 0.044449735 0.724337697 -0.687018931
1585067811.114926 -8.462762833 -4.087034225 0.614839852 -0.036967844 -0.044394117 -0.724584103 0.686760902
1585067811.147926 -8.575772285 -4.090905190 0.616657853 0.036969990 0.044413984 0.724763513 -0.686570168
1585067811.180926 -8.673706055 -4.082178116 0.619409621 0.036914404 0.044333395 0.724836171 -0.686501563
1585067811.213926 -8.772230148 -4.073519707 0.622248948 0.036898013 0.044169188 0.724901617 -0.686443985
1585067811.246926 -8.872330666 -4.066830635 0.624217808 -0.036868598 -0.043918263 -0.725067794 0.686286151
1585067811.279926 -8.972602844 -4.058853149 0.626793087 -0.036721166 -0.043857653 -0.725122750 0.686239839
1585067811.312927 -9.080404282 -4.058387756 0.628744185 0.036639426 0.043767683 0.725243568 -0.686122298
1585067811.345926 -9.181934357 -4.049963951 0.631413341 0.036558747 0.043757387 0.725327194 -0.686038792
1585067811.378927 -9.284168243 -4.041427612 0.634183288 0.036468476 0.043733824 0.725424647 -0.685942054
1585067811.411927 -9.389856339 -4.034720421 0.636859179 -0.036300898 -0.043616783 -0.725614548 0.685757518
1585067811.444927 -9.496490479 -4.030505180 0.639196038 0.036131177 0.043616917 0.725750983 -0.685622156
1585067811.477927 -9.601543427 -4.022067070 0.641840458 0.035973161 0.043656461 0.725870132 -0.685501695
1585067811.510927 -9.706665993 -4.014522552 0.644491553 -0.035852820 -0.043569371 -0.726028323 0.685346007
1585067811.543927 -9.812601089 -4.006500244 0.647163391 -0.035743359 -0.043493286 -0.726173401 0.685202897
1585067811.576927 -9.958262444 -4.018780708 0.652455151 0.035609454 0.043662176 0.726397872 -0.684961081
1585067811.609927 -10.065855026 -4.010494232 0.654601693 -0.035666406 -0.043738879 -0.726521373 0.684822321
1585067811.642927 -10.174004555 -4.001849174 0.656671941 -0.035738613 -0.043886583 -0.726621568 0.684702694
1585067811.675927 -10.293077469 -3.997987747 0.660181582 0.035771552 0.044048008 0.726714790 -0.684591711
1585067811.708927 -10.402282715 -3.989053726 0.662289917 0.035872966 0.044100966 0.726814747 -0.684476852
1585067811.741927 -10.511979103 -3.979915619 0.664393187 0.036031663 0.044137783 0.726910412 -0.684364557
1585067811.774928 -10.623126030 -3.970483780 0.666860819 -0.036199331 -0.044173807 -0.727048457 0.684206724
1585067811.807928 -10.735374451 -3.964296341 0.669493437 0.036335707 0.044236038 0.727195740 -0.684038877
1585067811.840928 -10.847141266 -3.955178261 0.671688080 0.036376715 0.044289675 0.727350175 -0.683869064
1585067811.873928 -10.959557533 -3.946266174 0.673885107 0.036339283 0.044283140 0.727491677 -0.683721066
1585067811.906928 -11.095350266 -3.947271347 0.678487062 0.036261324 0.044249266 0.727669299 -0.683538258
1585067811.939928 -11.209091187 -3.938558578 0.680618644 0.036192268 0.044270854 0.727798462 -0.683403015
1585067811.972928 -11.323493958 -3.929698944 0.682771921 0.036152840 0.044313356 0.727907062 -0.683286667
1585067812.005928 -11.449518204 -3.926206589 0.686385870 0.036043793 0.044327356 0.728012562 -0.683179140
1585067812.038928 -11.565273285 -3.917341232 0.688575685 0.035920914 0.044344500 0.728099883 -0.683091462
1585067812.071928 -11.681608200 -3.908404350 0.690843701 0.035842683 0.044337582 0.728176832 -0.683013976
1585067812.104928 -11.809186935 -3.904576302 0.695209563 0.035690397 0.044366978 0.728296876 -0.682891965
1585067812.137928 -11.927202225 -3.896400452 0.697861075 -0.035669353 -0.044250559 -0.728400588 0.682789981
1585067812.170928 -12.045754433 -3.888045311 0.700430393 -0.035644978 -0.044235762 -0.728492260 0.682694435
1585067812.203928 -12.164776802 -3.879592896 0.702884495 -0.035720319 -0.044199891 -0.728557229 0.682623565
1585067812.236928 -12.285893440 -3.872209549 0.703707755 0.035817154 0.044157859 0.728618145 -0.682556152
1585067812.269929 -12.406105042 -3.863620758 0.705950081 0.035845876 0.044116616 0.728638351 -0.682535648
1585067812.302929 -12.526868820 -3.854979515 0.708210886 0.035874669 0.044092819 0.728626668 -0.682548225
1585067812.335929 -12.668170929 -3.851785660 0.715293646 0.035885036 0.044135980 0.728629768 -0.682541609
1585067812.368929 -12.789614677 -3.842987061 0.717511654 0.035982728 0.044102039 0.728599191 -0.682571292
1585067812.401929 -12.911550522 -3.834130287 0.719789743 0.036084235 0.044103272 0.728554368 -0.682613730
1585067812.434929 -13.044806480 -3.828172684 0.724365771 0.036181066 0.044085942 0.728540123 -0.682624876
1585067812.467929 -13.168035507 -3.819639206 0.726350963 0.036228154 0.044076186 0.728494346 -0.682671845
1585067812.500929 -13.291883469 -3.811220169 0.728276610 0.036263317 0.044032149 0.728466034 -0.682703078
1585067812.533929 -13.417888641 -3.803284645 0.730365813 -0.036107365 -0.043998066 -0.728498876 0.682678461
1585067812.566929 -13.555740356 -3.798362732 0.736521602 0.035880450 0.043903116 0.728526294 -0.682667315
1585067812.599929 -13.681600571 -3.790689468 0.738376677 0.035778672 0.043738756 0.728523850 -0.682685792
1585067812.632930 -13.807934761 -3.782603264 0.740158558 0.035830140 0.043696895 0.728508592 -0.682702065
1585067812.665930 -13.944752693 -3.776525497 0.745302200 0.035760403 0.043728460 0.728523314 -0.682687879
1585067812.698930 -14.071430206 -3.769205093 0.747126222 0.035617057 0.043661468 0.728507340 -0.682716787
1585067812.731930 -14.198751450 -3.762115479 0.749004543 0.035439223 0.043486942 0.728487492 -0.682758331
1585067812.764930 -14.327035904 -3.754225731 0.750784874 -0.035139594 -0.043442763 -0.728455365 0.682810962
1585067812.797930 -14.455562592 -3.746558189 0.752646029 -0.034999967 -0.043471858 -0.728420615 0.682853281
1585067812.830930 -14.606163025 -3.739833832 0.759889424 0.034827355 0.043728996 0.728356659 -0.682913959
1585067812.863930 -14.735521317 -3.731473923 0.761834204 0.034877151 0.043996058 0.728277624 -0.682978511
1585067812.896930 -14.865178108 -3.722825050 0.763850510 0.035017494 0.044237360 0.728187621 -0.683051765
1585067812.929930 -15.008880615 -3.714903831 0.769488573 0.035088506 0.044479307 0.728044093 -0.683185399
1585067812.962930 -15.139432907 -3.706778526 0.771677017 0.035218444 0.044525161 0.727921546 -0.683306277
1585067812.995930 -15.270334244 -3.698889732 0.773866296 0.035245236 0.044572975 0.727764368 -0.683469236
1585067813.028931 -15.403884888 -3.691192627 0.777277708 0.035315003 0.044571657 0.727567852 -0.683674812
1585067813.061930 -15.534715652 -3.683326721 0.779785812 0.035511103 0.044602495 0.727409303 -0.683831394
1585067813.094931 -15.665985107 -3.675834656 0.782327056 0.035639077 0.044595893 0.727295041 -0.683946729
1585067813.127931 -15.825055122 -3.668426514 0.790571809 0.035577327 0.044597656 0.727122784 -0.684132874
1585067813.160931 -15.958011627 -3.661554337 0.793075144 0.035529792 0.044450082 0.726992369 -0.684283614
1585067813.193931 -16.091423035 -3.654823303 0.795451760 0.035453226 0.044339780 0.726862490 -0.684432566
1585067813.226931 -16.239713669 -3.649091721 0.801029384 0.035237223 0.044209503 0.726718664 -0.684604883
1585067813.259931 -16.374355316 -3.643451691 0.803323746 0.035038855 0.043992084 0.726625264 -0.684728205
1585067813.292931 -16.509410858 -3.637659073 0.805618942 0.034884416 0.043893188 0.726507723 -0.684867144
1585067813.325931 -16.647144318 -3.631994247 0.808924675 0.034758601 0.043790042 0.726332843 -0.685065567
1585067813.358931 -16.783235550 -3.626178741 0.811113179 0.034661353 0.043685008 0.726197004 -0.685221255
1585067813.391931 -16.919630051 -3.620290756 0.813105941 0.034598112 0.043542512 0.726047397 -0.685392022
1585067813.424931 -17.081809998 -3.611927032 0.820881784 0.034462065 0.043655839 0.725886106 -0.685562491
1585067813.457932 -17.218523026 -3.605474472 0.822716117 0.034647908 0.043619070 0.725724161 -0.685726941
1585067813.490932 -17.355442047 -3.598876953 0.824642479 0.034803804 0.043668922 0.725544810 -0.685905635
1585067813.523932 -17.507240295 -3.590600967 0.830019057 0.034942329 0.043768357 0.725341737 -0.686107039
1585067813.556932 -17.645298004 -3.584026337 0.832394719 0.035111900 0.043889515 0.725188971 -0.686251998
1585067813.589932 -17.783718109 -3.577579498 0.834917307 0.035186943 0.044063725 0.725016236 -0.686419547
1585067813.622932 -17.924430847 -3.568937302 0.838548422 0.035293400 0.044115797 0.724803448 -0.686635375
1585067813.655932 -18.063117981 -3.562625885 0.841052055 0.035434723 0.044171546 0.724654138 -0.686782181
1585067813.688932 -18.202083588 -3.556367874 0.843707144 0.035579890 0.044314917 0.724486649 -0.686942101
1585067813.721932 -18.367433548 -3.548368454 0.852036834 0.035510898 0.044669244 0.724224687 -0.687198877
1585067813.754932 -18.506998062 -3.542608261 0.855227828 0.035547346 0.044772856 0.724036157 -0.687388897
1585067813.787932 -18.646793365 -3.537343979 0.858438730 0.035481360 0.044745371 0.723834276 -0.687606633
1585067813.820932 -18.801731110 -3.530639648 0.864190400 0.035304841 0.044714093 0.723580897 -0.687884390
1585067813.853933 -18.942419052 -3.525886536 0.867173493 0.035222378 0.044568799 0.723355353 -0.688135266
1585067813.886932 -19.083320618 -3.521343231 0.870002389 0.035167545 0.044435143 0.723117471 -0.688396692
1585067813.919933 -19.227542877 -3.516765594 0.873244107 0.035057753 0.044420801 0.722835064 -0.688699722
1585067813.952933 -19.369281769 -3.511760712 0.875852585 0.035049494 0.044483613 0.722574651 -0.688969314
1585067813.985933 -19.511146545 -3.506931305 0.878514528 0.035063982 0.044404343 0.722314596 -0.689246356
1585067814.018933 -19.678853989 -3.500404358 0.886028409 0.034945011 0.044344585 0.722030699 -0.689553618
1585067814.051933 -19.819746017 -3.496349335 0.888845444 0.034881022 0.044203218 0.721833169 -0.689772666
1585067814.084933 -19.960739136 -3.492200851 0.891790748 0.034922626 0.043984342 0.721689284 -0.689935088
1585067814.117933 -20.120803833 -3.485483170 0.897517562 0.034923285 0.043849576 0.721548796 -0.690090537
1585067814.150933 -20.262847900 -3.480886459 0.900919080 0.034945365 0.043681063 0.721513510 -0.690136969
1585067814.183933 -20.405216217 -3.476232529 0.904325843 0.034951206 0.043540079 0.721511304 -0.690147936
1585067814.216933 -20.565818787 -3.470142365 0.909640074 0.034941465 0.043473948 0.721472263 -0.690193415
1585067814.249933 -20.710096359 -3.464466095 0.912735939 0.035044998 0.043405756 0.721515059 -0.690147758
1585067814.282933 -20.854766846 -3.458635330 0.915930510 0.035089340 0.043341052 0.721570432 -0.690091670
1585067814.315933 -21.014192581 -3.453214645 0.921935439 0.034997106 0.043224417 0.721607685 -0.690064669
1585067814.348934 -21.159543991 -3.448371887 0.925319791 0.034833372 0.043100659 0.721717775 -0.689965606
1585067814.381934 -21.305238724 -3.443382263 0.928611994 0.034630086 0.043042623 0.721860111 -0.689830482
1585067814.414934 -21.443897247 -3.436613083 0.931705594 0.034575794 0.042950366 0.721963465 -0.689730823
1585067814.447934 -21.589687347 -3.430311203 0.934755564 0.034598593 0.043048412 0.722113669 -0.689566314
1585067814.480934 -21.735584259 -3.423711777 0.937732458 0.034748200 0.043135706 0.722260892 -0.689399183
1585067814.513934 -21.921390533 -3.415912628 0.945749879 0.034847919 0.043340255 0.722361267 -0.689276099
1585067814.546934 -22.068241119 -3.408960342 0.948723078 0.035055757 0.043402161 0.722491682 -0.689124882
1585067814.579934 -22.215326309 -3.401939392 0.951735020 0.035281956 0.043371923 0.722612739 -0.688988328
1585067814.612934 -22.378726959 -3.394363403 0.956808209 0.035396099 0.043360256 0.722705007 -0.688886523
1585067814.645934 -22.526523590 -3.387674332 0.960015893 0.035538103 0.043252673 0.722838163 -0.688746154
1585067814.678934 -22.674743652 -3.381053925 0.963325977 0.035620362 0.043243177 0.722963452 -0.688611031
1585067814.711935 -22.823551178 -3.375093460 0.966915131 0.035793006 0.043224819 0.723107040 -0.688452363
1585067814.744935 -22.973440170 -3.368091583 0.970587134 0.035877287 0.043337490 0.723242998 -0.688298106
1585067814.777935 -23.123744965 -3.361455917 0.974469185 0.035820693 0.043328989 0.723383605 -0.688153863
1585067814.810935 -23.305377960 -3.352109909 0.981819987 0.035623968 0.043389205 0.723486543 -0.688052118
1585067814.843935 -23.456165314 -3.345737457 0.985673547 0.035438444 0.043319710 0.723633587 -0.687911332
1585067814.876935 -23.607194901 -3.339302063 0.989448428 0.035273939 0.043297876 0.723790288 -0.687756300
1585067814.909935 -23.774354935 -3.331453323 0.995453358 0.035260230 0.043299280 0.723942935 -0.687596262
1585067814.942935 -23.927001953 -3.324470520 0.999041915 0.035259724 0.043381900 0.724103868 -0.687421560
1585067814.975935 -24.079870224 -3.317579269 1.002558947 0.035216626 0.043349907 0.724247158 -0.687274814
1585067815.008935 -24.232955933 -3.310758591 1.005968332 0.035157382 0.043251969 0.724387050 -0.687136650
1585067815.041935 -24.404439926 -3.301588058 1.012318015 0.035087943 0.043233760 0.724509239 -0.687012494
1585067815.074935 -24.558137894 -3.294420242 1.015565157 0.035044461 0.043251291 0.724635541 -0.686880350
1585067815.107935 -24.712139130 -3.287101746 1.018814802 0.035006519 0.043306548 0.724780202 -0.686726153
1585067815.140935 -24.868700027 -3.280044556 1.022921801 -0.034985416 -0.043276384 -0.724913180 0.686588705
1585067815.173936 -25.040008545 -3.269842148 1.028048038 0.034959435 0.043338422 0.725042582 -0.686449528
1585067815.206936 -25.195373535 -3.262365341 1.031736612 0.034964856 0.043447919 0.725184798 -0.686292112
1585067815.239936 -25.350875854 -3.254705429 1.035566926 0.035028130 0.043501966 0.725314558 -0.686148345
1585067815.272936 -25.519264221 -3.244197845 1.040697217 0.035128895 0.043754727 0.725391388 -0.686045825
1585067815.305936 -25.675457001 -3.235973358 1.044812083 0.035191778 0.043868873 0.725516617 -0.685902894
1585067815.338936 -25.831846237 -3.228105545 1.049037337 0.035172526 0.043808468 0.725669324 -0.685746193
1585067815.371936 -26.001031876 -3.217870712 1.054257870 0.035105441 0.043762784 0.725829840 -0.685582638
1585067815.404936 -26.157567978 -3.209344864 1.058034539 0.035224885 0.043866128 0.725972593 -0.685418665
1585067815.437936 -26.314374924 -3.200603485 1.061779022 0.035398278 0.043993607 0.726100624 -0.685265958
1585067815.470936 -26.476619720 -3.191858292 1.066120505 0.035418097 0.044201195 0.726235628 -0.685108483
1585067815.503936 -26.634983063 -3.183019638 1.070215464 0.035469115 0.044310424 0.726371527 -0.684954762
1585067815.536937 -26.793500900 -3.174545288 1.074303746 0.035475791 0.044233084 0.726510882 -0.684811592
1585067815.569937 -26.953235626 -3.165723801 1.078441858 0.035461191 0.044019680 0.726644933 -0.684683859
1585067815.602937 -27.111879349 -3.157581329 1.082278490 0.035392821 0.043848779 0.726813436 -0.684519529
1585067815.635937 -27.270746231 -3.149419785 1.085957766 0.035415318 0.043685973 0.726996720 -0.684334040
1585067815.668937 -27.464096069 -3.134380341 1.092174649 0.035326961 0.043643203 0.727114141 -0.684216619
1585067815.701937 -27.623950958 -3.125839233 1.095675230 0.035350680 0.043505486 0.727274537 -0.684053659
1585067815.734937 -27.784210205 -3.117433548 1.099441767 0.035276055 0.043329634 0.727439046 -0.683893740
1585067815.767937 -27.958103180 -3.107091904 1.104635715 0.035103947 0.043048862 0.727596998 -0.683752298
1585067815.800937 -28.118976593 -3.098197937 1.108949065 0.034949929 0.042946093 0.727727890 -0.683627367
1585067815.833937 -28.280221939 -3.088811874 1.113369465 0.034871250 0.042971663 0.727885544 -0.683461964
1585067815.866937 -28.447036743 -3.079933167 1.117482066 0.034837812 0.043058634 0.727996349 -0.683340132
1585067815.899937 -28.609123230 -3.070350647 1.121914148 0.034810003 0.043176793 0.728111982 -0.683210790
1585067815.932937 -28.771482468 -3.060348511 1.126295209 0.034854650 0.043330193 0.728226423 -0.683076859
1585067815.965937 -28.958213806 -3.045261383 1.131906867 0.034911636 0.043615788 0.728320718 -0.682955205
1585067815.998938 -29.121194839 -3.034938812 1.135650754 0.035062045 0.043784577 0.728433847 -0.682816088
1585067816.031938 -29.284370422 -3.024623871 1.139218688 0.035214368 0.043905836 0.728573263 -0.682651639
1585067816.064938 -29.463256836 -3.011417389 1.144072294 0.035210431 0.044033166 0.728675246 -0.682534814
1585067816.097938 -29.627180099 -3.001676559 1.147593498 0.035264816 0.044071529 0.728867829 -0.682323873
1585067816.130938 -29.791240692 -2.991825104 1.151141405 0.035399344 0.044121370 0.729030430 -0.682139933
1585067816.163938 -29.959049225 -2.979581833 1.155194879 0.035517130 0.044037592 0.729175031 -0.681984603
1585067816.196938 -30.123380661 -2.969667435 1.159060001 0.035526548 0.043979809 0.729335010 -0.681816816
1585067816.229938 -30.288110733 -2.959941864 1.163070202 0.035424918 0.043844525 0.729509711 -0.681643844
1585067816.262938 -30.484226227 -2.946495056 1.169278860 0.035189394 0.043844357 0.729631484 -0.681525707
1585067816.295938 -30.650985718 -2.936206818 1.173234463 0.035083085 0.043886445 0.729782701 -0.681366563
1585067816.328938 -30.818061829 -2.925483704 1.177238941 0.035033468 0.044032201 0.729934692 -0.681196928
1585067816.361938 -31.001050949 -2.912582397 1.182254195 0.034981936 0.044184715 0.730015934 -0.681102633
1585067816.394938 -31.169275284 -2.901996613 1.186389208 0.034938574 0.044253685 0.730174422 -0.680930495
1585067816.427938 -31.337726593 -2.891269684 1.190423369 0.034924895 0.044277105 0.730318308 -0.680775285
1585067816.460939 -31.521133423 -2.877376556 1.195097446 0.034983575 0.044462662 0.730413020 -0.680658579
1585067816.493939 -31.689949036 -2.865726471 1.198688745 0.035046816 0.044585124 0.730506182 -0.680547357
1585067816.526939 -31.859130859 -2.853862762 1.202076912 0.035175115 0.044726882 0.730594456 -0.680436671
1585067816.559939 -32.044643402 -2.840568542 1.206459999 0.035465091 0.044947319 0.730591297 -0.680410385
1585067816.592939 -32.215282440 -2.828350067 1.210066795 0.035667896 0.045069754 0.730595946 -0.680386782
1585067816.625939 -32.386341095 -2.816375732 1.213833332 0.035768360 0.045164131 0.730574965 -0.680397689
1585067816.658939 -32.572105408 -2.803993225 1.218304753 0.035740554 0.045283809 0.730502963 -0.680468500
1585067816.691939 -32.744186401 -2.792461395 1.222261667 0.035719786 0.045276556 0.730478585 -0.680496275
1585067816.724939 -32.916641235 -2.780784607 1.226204991 0.035759006 0.045367151 0.730450749 -0.680518150
1585067816.757939 -33.103801727 -2.768230438 1.231184721 0.035884708 0.045667797 0.730449200 -0.680493116
1585067816.790939 -33.277187347 -2.756782532 1.235233665 0.036011096 0.045761209 0.730418622 -0.680512846
1585067816.823940 -33.450721741 -2.745391846 1.239312649 0.036148667 0.045749832 0.730415344 -0.680509925
1585067816.856940 -33.638401031 -2.732109070 1.244275689 0.036144853 0.045758769 0.730377793 -0.680549741
1585067816.889940 -33.812591553 -2.720623016 1.248014331 0.036266774 0.045572672 0.730369747 -0.680564404
1585067816.922940 -33.987064362 -2.709182739 1.251656175 0.036409378 0.045412313 0.730377793 -0.680558920
1585067816.955940 -34.167343140 -2.697559357 1.256882429 0.036611676 0.045370858 0.730353713 -0.680576682
1585067816.988940 -34.342956543 -2.685585022 1.260655999 0.036940902 0.045441419 0.730305314 -0.680606067
1585067817.021940 -34.518894196 -2.673976898 1.264507174 0.037217289 0.045393284 0.730250120 -0.680653453
1585067817.054940 -34.699047089 -2.663398743 1.268089652 0.037359804 0.045145106 0.730208278 -0.680706978
1585067817.087940 -34.875648499 -2.652984619 1.272220254 0.037395626 0.044874158 0.730107903 -0.680830598
1585067817.120940 -35.052772522 -2.642505646 1.276339054 0.037438631 0.044735368 0.729977906 -0.680976808
1585067817.153940 -35.263458252 -2.625530243 1.283230305 0.037439555 0.044996891 0.729775012 -0.681176901
1585067817.186940 -35.442630768 -2.614177704 1.287345409 0.037612259 0.045229532 0.729561687 -0.681380510
1585067817.219940 -35.622081757 -2.602916718 1.291529417 0.037786871 0.045418859 0.729298592 -0.681639791
1585067817.252941 -35.814228058 -2.589824677 1.296404839 0.037919197 0.045539681 0.729029417 -0.681912303
1585067817.285940 -35.994895935 -2.578758240 1.300710440 0.038009528 0.045715097 0.728733242 -0.682212055
1585067817.318941 -36.175914764 -2.567852020 1.305046082 0.038096786 0.045875840 0.728471220 -0.682476163
1585067817.351941 -36.369346619 -2.555099487 1.309706688 0.038088176 0.046039637 0.728162467 -0.682795048
1585067817.384941 -36.550979614 -2.544651031 1.314000130 0.038164437 0.046305276 0.727928460 -0.683022261
1585067817.417941 -36.732681274 -2.534454346 1.318515778 0.038359020 0.046383813 0.727697372 -0.683252335
1585067817.450941 -36.927486420 -2.521888733 1.324360847 0.038443238 0.046407148 0.727433085 -0.683527350
1585067817.483941 -37.108669281 -2.512855530 1.329211235 0.038534787 0.046252806 0.727228165 -0.683750689
1585067817.516941 -37.289997101 -2.504257202 1.334306717 0.038514256 0.046078786 0.727023840 -0.683980823
1585067817.549941 -37.487739563 -2.491878510 1.341775894 0.038618743 0.045912303 0.726797640 -0.684226513
1585067817.582941 -37.669956207 -2.482803345 1.347054005 0.038885769 0.045795750 0.726569057 -0.684461892
1585067817.615941 -37.852161407 -2.473445892 1.352304935 0.039358553 0.045649514 0.726325452 -0.684703171
1585067817.648942 -38.049484253 -2.460617065 1.359591007 0.040016264 0.045608170 0.726051211 -0.684958637
1585067817.681942 -38.232299805 -2.451248169 1.364470482 0.040663213 0.045482084 0.725768089 -0.685228944
1585067817.714942 -38.415168762 -2.442161560 1.369378805 0.041298833 0.045247387 0.725477695 -0.685513914
1585067817.747942 -38.612487793 -2.428474426 1.376724005 0.042082250 0.045055415 0.725053132 -0.685927868
1585067817.780942 -38.795665741 -2.419399261 1.381360054 0.043010503 0.044821918 0.724674225 -0.686286032
1585067817.813942 -38.978885651 -2.410491943 1.386090755 0.044070601 0.044502124 0.724287391 -0.686647773
1585067817.846942 -39.177051544 -2.397323608 1.394019365 0.044824928 0.044269800 0.723874569 -0.687049150
1585067817.879942 -39.361190796 -2.390060425 1.399316788 0.045321763 0.043649271 0.723499656 -0.687451124
1585067817.912942 -39.546009064 -2.383853912 1.404970407 0.045488413 0.043013711 0.723144948 -0.687853277
1585067817.945942 -39.746028900 -2.374832153 1.414452314 0.045500636 0.042395823 0.722864866 -0.688185096
1585067817.978942 -39.933166504 -2.369728088 1.421170235 0.045243770 0.041994642 0.722519696 -0.688588977
1585067818.011942 -40.120975494 -2.365192413 1.428085566 0.044764485 0.041699022 0.722234249 -0.688937604
1585067818.044942 -40.308746338 -2.361404419 1.435282230 -0.044089314 -0.041359793 -0.721962988 0.689285815
1585067818.077943 -40.497322083 -2.357822418 1.442536831 -0.043255448 -0.041084632 -0.721686125 0.689644933
1585067818.110942 -40.686191559 -2.353935242 1.449791908 -0.042530119 -0.040923331 -0.721419275 0.689978838
1585067818.143943 -40.875061035 -2.349864960 1.457127810 -0.041905701 -0.040746536 -0.721176684 0.690281034
1585067818.176943 -41.064029694 -2.345191956 1.464517593 -0.041453600 -0.040698409 -0.720941305 0.690557003
1585067818.209943 -41.240158081 -2.342781067 1.469796896 -0.041237261 -0.040937010 -0.720705628 0.690801799
1585067818.242943 -41.416625977 -2.339580536 1.476500511 -0.041098893 -0.041065663 -0.720564127 0.690949917
1585067818.275943 -41.631683350 -2.327369690 1.487566471 -0.040958699 -0.041423969 -0.720389307 0.691119134
1585067818.308943 -41.783672333 -2.328617096 1.491055012 -0.040895816 -0.041620914 -0.720346868 0.691155374
1585067818.341943 -41.985103607 -2.319702148 1.500293493 -0.040900677 -0.042142902 -0.720104814 0.691375554
1585067818.374943 -42.174690247 -2.312877655 1.508310556 -0.040971845 -0.042542893 -0.719960988 0.691496611
1585067818.407943 -42.352233887 -2.308231354 1.514973640 -0.041039135 -0.042709969 -0.719921291 0.691523731
1585067818.440943 -42.553157806 -2.300384521 1.523615360 -0.041208092 -0.042767920 -0.719740927 0.691697836
1585067818.473943 -42.851242065 -2.265438080 1.545328617 0.041073889 0.042693663 0.719596863 -0.691860318
1585067818.506943 -43.040081024 -2.261363983 1.552126408 0.041178968 0.042058565 0.719597518 -0.691892207
1585067818.539944 -43.107673645 -2.289585114 1.543702126 -0.041442778 -0.040918846 -0.719757378 0.691778481
1585067818.572944 -43.308528900 -2.284465790 1.551974297 -0.041618347 -0.040173475 -0.719680548 0.691891551
1585067818.605944 -43.485771179 -2.283390045 1.558471441 -0.041565713 -0.039188012 -0.719790161 0.691837251
1585067818.638944 -43.700042725 -2.276855469 1.567342043 -0.041292995 -0.038629532 -0.719697058 0.691981792
1585067818.671944 -43.877239227 -2.276878357 1.575135231 -0.041074634 -0.037652880 -0.719771385 0.691971302
1585067818.704944 -44.080753326 -2.271575928 1.583121538 -0.040627833 -0.037230629 -0.719758630 0.692033827
1585067818.737944 -44.236015320 -2.273811340 1.589137077 -0.040487856 -0.036547527 -0.719931126 0.691899061
1585067818.770944 -44.427307129 -2.268924713 1.596932888 -0.040360834 -0.036591031 -0.719909608 0.691926599
1585067818.803944 -44.641685486 -2.260078430 1.606656313 -0.040292174 -0.036990497 -0.719769418 0.692055106
1585067818.836944 -44.800556183 -2.259292603 1.612229347 -0.040255547 -0.037015770 -0.719849944 0.691972136
1585067818.869944 -45.025337219 -2.247245789 1.622632980 -0.040248368 -0.037565924 -0.719690859 0.692108393
1585067818.902945 -45.217193604 -2.240535736 1.630603552 -0.040195763 -0.037949901 -0.719648480 0.692134500
1585067818.935945 -45.408996582 -2.233772278 1.638820171 -0.040257305 -0.038318992 -0.719630122 0.692129731
1585067818.968945 -45.578086853 -2.230182648 1.645670176 -0.040291514 -0.038545087 -0.719708920 0.692033231
1585067819.001945 -45.999412537 -2.168388367 1.675575256 0.040222168 0.039416820 0.719482780 -0.692223191
1585067819.034945 -46.198242188 -2.161045074 1.684694529 0.040055543 0.039621770 0.719463348 -0.692241490
1585067819.067945 -46.390632629 -2.155979156 1.693642139 0.039796829 0.039664403 0.719511747 -0.692203641
1585067819.100945 -46.583168030 -2.151039124 1.702552319 0.039552808 0.039684832 0.719574928 -0.692150772
1585067819.133945 -46.781730652 -2.142467499 1.710380554 -0.039323300 -0.039671753 -0.719616294 0.692121625
1585067819.166945 -46.994785309 -2.135108948 1.721173286 0.039148420 0.039533943 0.719655454 -0.692098677
1585067819.199945 -47.189094543 -2.129264832 1.728910923 0.039098855 0.039302703 0.719701588 -0.692066610
1585067819.232945 -47.383346558 -2.123458862 1.736278534 0.039077844 0.038982347 0.719754815 -0.692030609
1585067819.265945 -47.592651367 -2.116600037 1.745612621 0.039072338 0.038512595 0.719821990 -0.691987336
1585067819.298945 -47.787361145 -2.111331940 1.752750874 0.039036307 0.038130481 0.719902515 -0.691926777
1585067819.331945 -47.982219696 -2.105724335 1.759765148 0.039086223 0.037846871 0.719955623 -0.691884279
1585067819.364946 -48.192409515 -2.097457886 1.768495798 0.039210945 0.037657749 0.720011950 -0.691828966
1585067819.397946 -48.388137817 -2.091583252 1.775789261 0.039251681 0.037456501 0.720078409 -0.691768348
1585067819.430946 -48.584300995 -2.085601807 1.783209801 0.039193206 0.037323210 0.720154405 -0.691699743
1585067819.463946 -48.785289764 -2.079059601 1.790847540 0.039085448 0.037388328 0.720213771 -0.691640496
1585067819.496946 -48.982460022 -2.072273254 1.798589706 0.038963735 0.037659623 0.720243990 -0.691601217
1585067819.529946 -49.179962158 -2.065273285 1.806504011 0.038843483 0.037975758 0.720296860 -0.691535592
1585067819.562946 -49.403976440 -2.052520752 1.816280127 0.038673043 0.038331944 0.720301986 -0.691520214
1585067819.595946 -49.602287292 -2.045211792 1.824114561 0.038443085 0.038632575 0.720351160 -0.691465080
1585067819.628946 -49.800666809 -2.037963867 1.831900597 0.038263977 0.038876541 0.720413327 -0.691396594
1585067819.661946 -50.014209747 -2.028182983 1.840826988 0.038018912 0.039172105 0.720495522 -0.691307724
1585067819.694946 -50.213291168 -2.020687103 1.848382711 0.037934478 0.039504897 0.720593274 -0.691191494
1585067819.727946 -50.412361145 -2.013278961 1.855925798 0.037936803 0.039695416 0.720731556 -0.691036284
1585067819.760947 -50.602661133 -2.006160736 1.862948895 0.037835389 0.039773755 0.720840216 -0.690923929
1585067819.793947 -50.802314758 -1.999408722 1.870542049 0.037577357 0.039756443 0.720963359 -0.690810561
1585067819.826946 -51.002170563 -1.992622375 1.878046513 0.037252367 0.039841134 0.721086383 -0.690694869
1585067819.859947 -51.238494873 -1.980476379 1.888684511 0.037014306 0.039926413 0.721228421 -0.690554380
1585067819.892947 -51.438560486 -1.973434448 1.895905495 0.037003785 0.039915569 0.721362948 -0.690415144
1585067819.925947 -51.638534546 -1.966106415 1.902940512 0.037150536 0.039853327 0.721477926 -0.690290749
1585067819.958947 -51.851581573 -1.955436707 1.911141872 0.037219822 0.039817262 0.721584916 -0.690177202
1585067819.991947 -52.051445007 -1.947917938 1.917739630 0.037296470 0.039646734 0.721724391 -0.690036952
1585067820.024947 -52.251522064 -1.940471649 1.924210548 0.037346121 0.039411303 0.721899450 -0.689864695
1585067820.057947 -52.465621948 -1.929683685 1.931994915 0.037504498 0.039310344 0.721980214 -0.689777315
1585067820.090947 -52.666538239 -1.921024323 1.938346386 0.037660033 0.039270181 0.722136080 -0.689607978
1585067820.123947 -52.867626190 -1.912166595 1.944814920 0.037884653 0.039252341 0.722342730 -0.689380288
1585067820.156947 -53.082054138 -1.901679993 1.952656984 0.037784547 0.039249584 0.722568393 -0.689149320
1585067820.189947 -53.283699036 -1.893188477 1.959268570 0.037624147 0.039207794 0.722833455 -0.688882411
1585067820.222948 -53.485500336 -1.884399414 1.966022491 0.037580132 0.039154463 0.723097324 -0.688610911
1585067820.255948 -53.690273285 -1.874134064 1.973844051 0.037525654 0.039258707 0.723392129 -0.688298225
1585067820.288948 -53.892635345 -1.864448547 1.980831623 0.037654728 0.039320841 0.723664701 -0.688001156
1585067820.321948 -54.095264435 -1.854598999 1.987905979 0.037643757 0.039494641 0.723913610 -0.687729776
1585067820.354948 -54.322978973 -1.840770721 1.996946096 0.037550420 0.039631441 0.724165320 -0.687462032
1585067820.387948 -54.526473999 -1.830627441 2.004085064 0.037454389 0.039783470 0.724388301 -0.687223434
1585067820.420948 -54.730136871 -1.820251465 2.011140823 0.037425037 0.039956283 0.724603534 -0.686988056
1585067820.453948 -54.946773529 -1.807361603 2.018959522 0.037494212 0.040081352 0.724801540 -0.686768055
1585067820.486948 -55.150615692 -1.796421051 2.026018858 0.037590861 0.040176965 0.725013912 -0.686533093
1585067820.519948 -55.354457855 -1.785598755 2.033042431 0.037696332 0.040176280 0.725265503 -0.686261535
1585067820.552948 -55.571502686 -1.772930145 2.040584087 0.037840605 0.040262938 0.725435853 -0.686068416
1585067820.585948 -55.775749207 -1.761516571 2.047564030 0.037979241 0.040403884 0.725647926 -0.685828149
1585067820.618949 -55.980113983 -1.750061035 2.054572582 0.038173586 0.040446777 0.725862741 -0.685587525
1585067820.651948 -56.187316895 -1.738128662 2.062184334 0.038357615 0.040431987 0.726064742 -0.685364187
1585067820.684949 -56.392299652 -1.726467133 2.069288731 0.038497146 0.040392615 0.726238370 -0.685174644
1585067820.717949 -56.597438812 -1.714992523 2.076329231 0.038576897 0.040266741 0.726390958 -0.685015857
1585067820.750949 -56.826026917 -1.700988770 2.083643913 0.038530380 0.040254500 0.726549864 -0.684850633
1585067820.783949 -57.031829834 -1.689620972 2.090627909 0.038513362 0.040170938 0.726706088 -0.684690714
1585067820.816949 -57.237758636 -1.677749634 2.097521067 0.038666427 0.040106811 0.726852775 -0.684530199
1585067820.849949 -57.445518494 -1.666416168 2.104265451 0.038681418 0.039976891 0.727054238 -0.684322834
1585067820.882949 -57.652107239 -1.655052185 2.111496687 0.038621515 0.039730810 0.727212548 -0.684172392
1585067820.915949 -57.858985901 -1.643280029 2.118852615 0.038549598 0.039688732 0.727367043 -0.684014559
1585067820.948949 -58.066825867 -1.631072998 2.126023054 -0.038599163 -0.039895371 -0.727431536 0.683931231
1585067820.981949 -58.299514771 -1.614860535 2.133793354 0.038791090 0.040048037 0.727537751 -0.683798432
1585067821.014950 -58.507118225 -1.601551056 2.141455650 0.039061245 0.040370081 0.727522075 -0.683780849
1585067821.047950 -58.714801788 -1.588191986 2.149130106 0.039398342 0.040594324 0.727459311 -0.683815002
1585067821.080950 -58.933822632 -1.573707581 2.156549215 0.039666682 0.040701184 0.727361321 -0.683897257
1585067821.113950 -59.141761780 -1.561103821 2.163990974 0.039858311 0.040743459 0.727254987 -0.683996677
1585067821.146950 -59.350036621 -1.548538208 2.171164274 0.040049519 0.040965732 0.727098048 -0.684139073
1585067821.179950 -59.559123993 -1.535976410 2.178419828 -0.040224403 -0.041139554 -0.726978064 0.684245944
1585067821.212950 -59.783290863 -1.522071838 2.185484648 0.040161073 0.041229736 0.726899505 -0.684327722
1585067821.245950 -59.992691040 -1.511157990 2.192602396 0.039993644 0.041184131 0.726834774 -0.684409022
1585067821.278950 -60.202461243 -1.500576019 2.199729681 0.039757457 0.041109510 0.726809084 -0.684454501
1585067821.311950 -60.423988342 -1.488353729 2.206941605 0.039449394 0.041132670 0.726767421 -0.684515119
1585067821.344950 -60.634315491 -1.478187561 2.214272976 0.039159775 0.041087374 0.726758838 -0.684543669
1585067821.377950 -60.844581604 -1.467964172 2.221780062 0.038986266 0.040984325 0.726738811 -0.684581041
1585067821.410950 -61.066055298 -1.454956055 2.229532957 0.038885564 0.040957056 0.726652622 -0.684679866
1585067821.443951 -61.276550293 -1.444282532 2.237409592 0.038855311 0.040847417 0.726590216 -0.684754312
1585067821.476951 -61.486972809 -1.433273315 2.245510817 0.038968261 0.040759314 0.726515889 -0.684831977
1585067821.509951 -61.698112488 -1.421630859 2.254603386 -0.039156433 -0.040695153 -0.726408899 0.684938610
1585067821.542951 -61.922634125 -1.407081604 2.261780739 0.039359689 0.040739290 0.726252079 -0.685090542
1585067821.575951 -62.133499146 -1.395729065 2.270065308 0.039566666 0.040590666 0.726173759 -0.685170591
1585067821.608951 -62.344417572 -1.384407043 2.278180838 0.039854258 0.040396675 0.726092339 -0.685251594
1585067821.641951 -62.565944672 -1.370147705 2.285012960 0.040233616 0.040328082 0.726050317 -0.685277998
1585067821.674951 -62.777297974 -1.358314514 2.292889357 0.040628314 0.040277172 0.725985289 -0.685326576
1585067821.707951 -62.988800049 -1.346511841 2.300599337 0.041047841 0.040226068 0.725901842 -0.685392976
1585067821.740951 -63.201202393 -1.334419250 2.307802677 -0.041482389 -0.040114403 -0.725835085 0.685443997
1585067821.773951 -63.426757812 -1.320571899 2.314062357 0.041709065 0.040012471 0.725759029 -0.685516715
1585067821.806952 -63.639533997 -1.309104919 2.321844578 0.041849792 0.039938536 0.725666404 -0.685610533
1585067821.839951 -63.852645874 -1.297836304 2.329907179 0.041966047 0.039921459 0.725561678 -0.685715258
1585067821.872952 -64.076370239 -1.284530640 2.337164640 0.041910324 0.040005874 0.725437820 -0.685844779
1585067821.905952 -64.290725708 -1.273101807 2.345780373 0.041815132 0.040283084 0.725311756 -0.685967684
1585067821.938952 -64.505538940 -1.262123108 2.354704618 0.041551530 0.040495135 0.725204587 -0.686084509
1585067821.971952 -64.730453491 -1.249526978 2.362415075 0.041211579 0.040707782 0.725131750 -0.686169446
1585067822.004952 -64.946372986 -1.238983154 2.371323109 0.040880978 0.041008677 0.725048661 -0.686259031
1585067822.037952 -65.162513733 -1.228775024 2.380179405 0.040422738 0.041212585 0.724958897 -0.686368823
1585067822.070952 -65.387290955 -1.215904236 2.388190269 0.040147334 0.041410048 0.724807322 -0.686533213
1585067822.103952 -65.604141235 -1.205780029 2.396628857 0.039848000 0.041611858 0.724709630 -0.686641574
1585067822.136952 -65.820999146 -1.195785522 2.404930830 0.039631303 0.041759137 0.724635243 -0.686723650
1585067822.169952 -66.035919189 -1.187789917 2.412918806 0.039439891 0.041736100 0.724622667 -0.686749279
1585067822.202952 -66.253059387 -1.177795410 2.420760870 0.039348215 0.041798044 0.724534452 -0.686843872
1585067822.235952 -66.470069885 -1.167701721 2.428745508 0.039411038 0.041724645 0.724442363 -0.686941803
1585067822.268953 -66.687149048 -1.157936096 2.436831474 0.039453059 0.041522659 0.724395037 -0.687001586
1585067822.301953 -66.906234741 -1.143989563 2.445400953 0.039679263 0.041246485 0.724287391 -0.687118709
1585067822.334953 -67.123870850 -1.133613586 2.453185320 0.039842725 0.041175608 0.724194765 -0.687211156
1585067822.367953 -67.341712952 -1.123146057 2.460944176 0.040056437 0.041071013 0.724086463 -0.687319040
1585067822.400953 -67.582092285 -1.105606079 2.467202663 0.040357411 0.041068368 0.723932743 -0.687463522
1585067822.433953 -67.800918579 -1.095375061 2.474668026 0.040511906 0.040984198 0.723840475 -0.687556624
1585067822.466953 -68.020042419 -1.085525513 2.482062101 0.040557321 0.040863037 0.723744929 -0.687661707
1585067822.499953 -68.239807129 -1.075752258 2.489435434 -0.040652335 -0.040767621 -0.723704040 0.687704802
1585067822.532953 -68.466430664 -1.062629700 2.496761322 0.040846352 0.040678442 0.723595321 -0.687812984
1585067822.565953 -68.686279297 -1.053291321 2.504400015 0.040948004 0.040477991 0.723566055 -0.687849522
1585067822.598953 -68.906356812 -1.044700623 2.512516499 0.040832639 0.040078640 0.723576128 -0.687869132
1585067822.631953 -69.126754761 -1.035140991 2.521121025 -0.040557832 -0.039583057 -0.723610520 0.687877953
1585067822.664953 -69.355186462 -1.024589539 2.529729605 0.040224973 0.039354149 0.723671019 -0.687847078
1585067822.697953 -69.576385498 -1.015754700 2.538910389 0.039882895 0.039105020 0.723744750 -0.687803566
1585067822.730953 -69.797882080 -1.006347656 2.548113346 0.039625436 0.038969714 0.723883986 -0.687679648
1585067822.763954 -70.025306702 -0.995468140 2.557222366 0.039444175 0.038975887 0.723999321 -0.687568247
1585067822.796954 -70.247184753 -0.985450745 2.566127300 0.039325859 0.038889971 0.724143803 -0.687427700
1585067822.829954 -70.469207764 -0.974983215 2.574670553 0.039299157 0.038814552 0.724299610 -0.687269330
1585067822.862954 -70.696884155 -0.962448120 2.582733631 0.039455116 0.038876835 0.724383712 -0.687168241
1585067822.895954 -70.919448853 -0.950813293 2.590587616 0.039736092 0.038854156 0.724470496 -0.687061906
1585067822.928954 -71.142471313 -0.938903809 2.598414421 0.039910764 0.039004244 0.724530816 -0.686979651
1585067822.961954 -71.370750427 -0.925773621 2.606433392 0.039943963 0.039083511 0.724630058 -0.686868429
1585067822.994954 -71.594917297 -0.914070129 2.614161491 0.039871395 0.039281521 0.724713802 -0.686773062
1585067823.027954 -71.819442749 -0.902420044 2.622065544 0.039754570 0.039511554 0.724802613 -0.686672866
1585067823.060954 -72.044578552 -0.890151978 2.630142689 -0.039730906 -0.039778933 -0.724897861 0.686558247
1585067823.093954 -72.275306702 -0.876754761 2.639145851 0.039557666 0.039975110 0.724975467 -0.686474979
1585067823.126955 -72.500816345 -0.865447998 2.647415638 0.039278507 0.040035080 0.725085258 -0.686371565
1585067823.159955 -72.726570129 -0.854316711 2.655723810 0.038902134 0.040068932 0.725203514 -0.686266065
1585067823.192955 -72.953002930 -0.843132019 2.663482904 -0.038649350 -0.040159654 -0.725326180 0.686145365
1585067823.225955 -73.184265137 -0.830184937 2.673448563 0.038287312 0.040236402 0.725418329 -0.686063647
1585067823.258955 -73.410919189 -0.819282532 2.681431770 0.037843853 0.040252380 0.725527525 -0.685971856
1585067823.291955 -73.637840271 -0.808654785 2.689357758 0.037370116 0.040134054 0.725638628 -0.685887218
1585067823.324955 -73.865753174 -0.796516418 2.697293758 -0.037075605 -0.040058229 -0.725718439 0.685823202
1585067823.357955 -74.094749451 -0.785690308 2.705630302 0.037036657 0.039985344 0.725847721 -0.685692728
1585067823.390955 -74.321701050 -0.773437500 2.713398457 0.037072897 0.039942678 0.725926638 -0.685609818
1585067823.423955 -74.548423767 -0.760467529 2.721008301 0.037398875 0.039910480 0.726010084 -0.685505569
1585067823.456955 -74.780006409 -0.745223999 2.731276512 0.037906915 0.039911754 0.726039648 -0.685446262
1585067823.489955 -75.006835938 -0.731956482 2.738899708 0.038552374 0.039861295 0.726085007 -0.685365200
1585067823.522955 -75.233772278 -0.718551636 2.746490955 0.039320741 0.039755493 0.726096094 -0.685315907
1585067823.555955 -75.462310791 -0.703361511 2.754003525 -0.040092975 -0.039731704 -0.726045072 0.685326636
1585067823.588956 -75.692733765 -0.688301086 2.763548374 0.040504310 0.039906804 0.725960791 -0.685381532
1585067823.621956 -75.921470642 -0.675331116 2.771271229 0.040775687 0.039877631 0.725824714 -0.685511231
1585067823.654956 -76.150558472 -0.662811279 2.778953075 0.040952653 0.039834119 0.725681186 -0.685655117
1585067823.687956 -76.379966736 -0.651397705 2.786968708 -0.041148722 -0.039571255 -0.725560725 0.685786128
1585067823.720956 -76.611999512 -0.638351440 2.796935081 0.041267812 0.039401386 0.725458562 -0.685896754
1585067823.753956 -76.842117310 -0.627616882 2.805382252 0.041216046 0.039156400 0.725337148 -0.686042309
1585067823.786956 -77.072814941 -0.617576599 2.814390182 0.040801167 0.038994782 0.725242734 -0.686176181
1585067823.819956 -77.303756714 -0.608009338 2.823526382 -0.040500879 -0.038866006 -0.725158095 0.686290741
1585067823.852956 -77.538017273 -0.594940186 2.834964275 0.040315598 0.039018791 0.725040317 -0.686417341
1585067823.885956 -77.769493103 -0.584114075 2.844303131 0.040186193 0.039150227 0.724932611 -0.686531246
1585067823.918956 -78.001220703 -0.573242188 2.853817463 0.040062513 0.039271090 0.724827290 -0.686642706
1585067823.951957 -78.235717773 -0.560012817 2.864887714 0.039908972 0.039415658 0.724688590 -0.686789691
1585067823.984957 -78.467514038 -0.548477173 2.874129772 0.039956510 0.039499108 0.724576592 -0.686900437
1585067824.017956 -78.699172974 -0.536956787 2.883204937 0.040055659 0.039571155 0.724484026 -0.686988056
1585067824.050957 -78.930458069 -0.525360107 2.892062187 -0.040325761 -0.039611619 -0.724372983 0.687087059
1585067824.083957 -79.166687012 -0.511146545 2.902899265 0.040678799 0.039744876 0.724251032 -0.687187076
1585067824.116957 -79.398475647 -0.499923706 2.911484718 0.040940821 0.039674029 0.724161267 -0.687270224
1585067824.149957 -79.630485535 -0.489158630 2.919930935 0.041182246 0.039436910 0.724089324 -0.687345207
1585067824.182957 -79.867164612 -0.476562500 2.930041313 0.041228741 0.039326075 0.723936319 -0.687509894
1585067824.215957 -80.100006104 -0.466682434 2.938475609 0.041155428 0.039170124 0.723865390 -0.687597871
1585067824.248957 -80.333381653 -0.457221985 2.946990490 0.040923327 0.039076980 0.723782420 -0.687704444
1585067824.281957 -80.567184448 -0.447761536 2.956076622 -0.040659305 -0.039153002 -0.723726928 0.687774062
1585067824.314957 -80.807876587 -0.434242249 2.966647148 0.040399224 0.039243940 0.723625422 -0.687891066
1585067824.347958 -81.042503357 -0.424293518 2.975470543 0.040207118 0.039446663 0.723543286 -0.687977195
1585067824.380957 -81.277427673 -0.414245605 2.984386444 0.039983660 0.039769147 0.723474503 -0.688043892
1585067824.413958 -81.518035889 -0.401008606 2.994853497 0.039720718 0.040001828 0.723286748 -0.688242972
1585067824.446958 -81.753250122 -0.390998840 3.004079342 0.039452825 0.040360976 0.723184288 -0.688345134
1585067824.479958 -81.988487244 -0.380821228 3.013294697 0.039297018 0.040682696 0.723072767 -0.688452303
1585067824.512958 -82.229553223 -0.366844177 3.023692131 0.039226118 0.040859599 0.722907841 -0.688618958
1585067824.545958 -82.464576721 -0.357101440 3.032701492 0.039183769 0.040854085 0.722827137 -0.688706458
1585067824.578958 -82.699554443 -0.347732544 3.041697025 0.039167468 0.040640898 0.722782791 -0.688766539
1585067824.611958 -82.935371399 -0.338050842 3.050977230 -0.039192319 -0.040461082 -0.722730696 0.688830376
1585067824.644958 -83.178161621 -0.324714661 3.062088490 0.039044082 0.040299121 0.722638309 -0.688945174
1585067824.677958 -83.413475037 -0.315444946 3.070535660 0.039162487 0.040112916 0.722578585 -0.689011931
1585067824.710958 -83.648857117 -0.306175232 3.078712940 0.039272454 0.039924741 0.722479165 -0.689120948
1585067824.743958 -83.884033203 -0.295845032 3.087168217 -0.039545715 -0.039639175 -0.722399294 0.689205527
1585067824.776958 -84.128120422 -0.282684326 3.097028255 0.039635599 0.039536204 0.722248077 -0.689364731
1585067824.809958 -84.363502502 -0.272552490 3.105094433 0.039972093 0.039444648 0.722143710 -0.689459860
1585067824.842959 -84.599075317 -0.262390137 3.113421440 0.040202640 0.039446138 0.722019315 -0.689576566
1585067824.875959 -84.835052490 -0.252525330 3.121820927 -0.040245082 -0.039379839 -0.721911728 0.689690530
1585067824.908959 -85.081367493 -0.239341736 3.132986546 0.040025115 0.039483413 0.721827686 -0.689785361
1585067824.941959 -85.317733765 -0.229660034 3.142143726 0.039984316 0.039601654 0.721741080 -0.689871669
1585067824.974959 -85.554138184 -0.219764709 3.151486874 0.040045321 0.039804466 0.721675634 -0.689924836
1585067825.007959 -85.790451050 -0.210136414 3.161007404 -0.039915591 -0.040133480 -0.721605182 0.689987004
1585067825.040959 -86.038681030 -0.196884155 3.172681332 0.039740741 0.040241968 0.721509218 -0.690091133
1585067825.073959 -86.274826050 -0.187934875 3.182030201 0.039510693 0.040305141 0.721440136 -0.690172851
1585067825.106959 -86.510566711 -0.179153442 3.191350460 0.039468914 0.040247768 0.721377075 -0.690244555
1585067825.139959 -86.746078491 -0.170295715 3.200516701 0.039539516 0.040166099 0.721271396 -0.690355659
1585067825.172960 -86.995101929 -0.157379150 3.212063789 0.039386541 0.040054638 0.721129537 -0.690519094
1585067825.205959 -87.230537415 -0.149154663 3.221210480 0.039300442 0.039964974 0.721057057 -0.690604925
1585067825.238960 -87.465751648 -0.141021729 3.230200768 0.039250668 0.039857678 0.721025527 -0.690646768
1585067825.271960 -87.700973511 -0.132713318 3.239304543 -0.039249655 -0.039815091 -0.720973015 0.690704167
1585067825.304960 -87.950355530 -0.118347168 3.250078678 0.039212558 0.039902262 0.720939577 -0.690736115
1585067825.337960 -88.185028076 -0.109649658 3.258687973 0.039290939 0.039981980 0.720913470 -0.690754294
1585067825.370960 -88.419425964 -0.101058960 3.267314434 0.039333969 0.040000644 0.720886171 -0.690779209
1585067825.403960 -88.654075623 -0.092369080 3.276368141 -0.039393727 -0.039926119 -0.720855594 0.690812051
1585067825.436960 -88.903579712 -0.077919006 3.286785126 0.039353166 0.039907768 0.720810354 -0.690862596
1585067825.469960 -89.137466431 -0.069549561 3.295744419 0.039380793 0.039961439 0.720798016 -0.690870821
1585067825.502960 -89.371261597 -0.061454773 3.304951191 0.039263640 0.040018849 0.720794141 -0.690878212
1585067825.535960 -89.605003357 -0.053680420 3.314237118 0.038936079 0.040190924 0.720794976 -0.690885901
1585067825.568960 -89.855361938 -0.039749146 3.324872971 0.038715392 0.040373731 0.720686197 -0.691001058
1585067825.601960 -90.088653564 -0.031845093 3.334359169 0.038503945 0.040500998 0.720668554 -0.691023827
1585067825.634960 -90.321472168 -0.023941040 3.343745232 0.038353294 0.040604714 0.720665693 -0.691029131
1585067825.667961 -90.553840637 -0.016159058 3.352993965 0.038158327 0.040676340 0.720621943 -0.691081345
1585067825.700960 -90.803047180 -0.002319336 3.362503052 0.037922502 0.040822670 0.720563471 -0.691146672
1585067825.733961 -91.034187317 0.006019592 3.371404171 0.037918776 0.040970135 0.720497668 -0.691206813
1585067825.766961 -91.264617920 0.014549255 3.380265236 0.038080927 0.041052807 0.720437348 -0.691255867
1585067825.799961 -91.494392395 0.022727966 3.389275551 0.038313746 0.040960863 0.720406413 -0.691280663
1585067825.832961 -91.742156982 0.035568237 3.398941040 0.038453106 0.040883873 0.720343888 -0.691342652
1585067825.865961 -91.971260071 0.043212891 3.407845497 0.038514525 0.040717125 0.720275342 -0.691420436
1585067825.898961 -92.200004578 0.050910950 3.416725636 0.038589273 0.040659036 0.720199049 -0.691499174
1585067825.931961 -92.428405762 0.058631897 3.425629139 -0.038652688 -0.040715072 -0.720104754 0.691590428
1585067825.964961 -92.658714294 0.066551208 3.434389591 0.038820837 0.040714178 0.720001280 -0.691688836
1585067825.997961 -92.886413574 0.073738098 3.442810535 0.038923625 0.040538933 0.719924450 -0.691773355
1585067826.030962 -93.113937378 0.080383301 3.451171875 0.038777143 0.040368143 0.719837606 -0.691881895
1585067826.063962 -93.341094971 0.086830139 3.459447861 0.038687110 0.040205095 0.719764113 -0.691972971
1585067826.096961 -93.603828430 0.102355957 3.468735695 0.038473755 0.040379394 0.719529033 -0.692219079
1585067826.129962 -93.830497742 0.108879089 3.477190495 0.038247824 0.040523738 0.719443798 -0.692311764
1585067826.162962 -94.056900024 0.115303040 3.485952377 0.038000882 0.040611416 0.719353795 -0.692413747
1585067826.195962 -94.283416748 0.122245789 3.495693684 -0.037778407 -0.040732939 -0.719240069 0.692536950
1585067826.228962 -94.528251648 0.133384705 3.505103111 0.037485570 0.040967226 0.719122410 -0.692661107
1585067826.261962 -94.753417969 0.140190125 3.514611721 0.037322938 0.041158807 0.719040215 -0.692743897
1585067826.294962 -94.977981567 0.147270203 3.523952007 0.037246019 0.041478384 0.718921781 -0.692851961
1585067826.327962 -95.202919006 0.153976440 3.532774925 -0.037313763 -0.041720629 -0.718781412 0.692979395
1585067826.360962 -95.444786072 0.166404724 3.542024136 0.037353337 0.041913301 0.718612790 -0.693140507
1585067826.393962 -95.667266846 0.173248291 3.550563335 0.037754085 0.041830532 0.718515515 -0.693224609
1585067826.426962 -95.888977051 0.179679871 3.558933258 0.038115405 0.041559268 0.718420088 -0.693319976
1585067826.459962 -96.109550476 0.185501099 3.566969872 -0.038367748 -0.041229647 -0.718334794 0.693414211
1585067826.492963 -96.330078125 0.190925598 3.575153828 -0.038538333 -0.040865485 -0.718293309 0.693469226
1585067826.525963 -96.575172424 0.203628540 3.584545135 0.038684521 0.040577404 0.718178809 -0.693596661
1585067826.558963 -96.794898987 0.208786011 3.592750549 0.038951606 0.040254317 0.718131065 -0.693649888
1585067826.591963 -97.014343262 0.213821411 3.601098061 0.039181560 0.039947625 0.718099713 -0.693687201
1585067826.624963 -97.234092712 0.219284058 3.609593391 -0.039309114 -0.039695852 -0.718011737 0.693785429
1585067826.657963 -97.472976685 0.229606628 3.619165897 0.039184336 0.039557762 0.717866123 -0.693951070
1585067826.690963 -97.691894531 0.234115601 3.627999306 -0.039127946 -0.039263073 -0.717776060 0.694064140
1585067826.723963 -97.910324097 0.239120483 3.636876106 -0.039315999 -0.039052293 -0.717660666 0.694184661
1585067826.756963 -98.128547668 0.244544983 3.645745754 -0.039479852 -0.039108325 -0.717541695 0.694295228
1585067826.789963 -98.366004944 0.255744934 3.655824661 0.039569348 0.039301068 0.717365026 -0.694461823
1585067826.822963 -98.584083557 0.260826111 3.665011406 0.039519995 0.039430022 0.717255950 -0.694569945
1585067826.855963 -98.802085876 0.265769958 3.674278736 0.039379120 0.039569002 0.717179775 -0.694648743
1585067826.888963 -99.019958496 0.271430969 3.683299065 -0.039326962 -0.039698038 -0.717099845 0.694726765
1585067826.921963 -99.257438660 0.281822205 3.694183350 0.039316718 0.039938286 0.716978252 -0.694839120
1585067826.954964 -99.474418640 0.286865234 3.703165531 0.039291378 0.040083513 0.716893196 -0.694919884
1585067826.987964 -99.691001892 0.291770935 3.712071896 0.039286733 0.040115535 0.716829419 -0.694984078
1585067827.020964 -99.907600403 0.296760559 3.720992565 -0.039313644 -0.040069569 -0.716755331 0.695061684
1585067827.053964 -100.144744873 0.306221008 3.731158733 0.039318562 0.040010717 0.716616631 -0.695207715
1585067827.086964 -100.360687256 0.310691833 3.739868164 0.039340917 0.039958842 0.716563404 -0.695264399
1585067827.119964 -100.576492310 0.314964294 3.748730659 0.039308161 0.039927885 0.716549397 -0.695282400
1585067827.152964 -100.808967590 0.322952271 3.758843899 0.039166570 0.039913375 0.716585398 -0.695254147
1585067827.185964 -101.024826050 0.326766968 3.767719746 0.038974728 0.039804142 0.716593206 -0.695263088
1585067827.218964 -101.240478516 0.330856323 3.776512146 0.038957503 0.039659891 0.716605365 -0.695259869
1585067827.251964 -101.456344604 0.335723877 3.785320282 -0.038802650 -0.039644752 -0.716588020 0.695287228
1585067827.284964 -101.674552917 0.341575623 3.793617249 0.038720518 0.039515287 0.716657043 -0.695227981
1585067827.317965 -101.889839172 0.346092224 3.802204132 0.038655430 0.039360970 0.716728330 -0.695166945
1585067827.350965 -102.104972839 0.350662231 3.810668945 0.038489014 0.039314944 0.716867208 -0.695035577
1585067827.383965 -102.319984436 0.355697632 3.819110870 0.038491990 0.039363932 0.717055202 -0.694838583
1585067827.416965 -102.576225281 0.368644714 3.830378056 0.038611650 0.039473619 0.717279434 -0.694594383
1585067827.449965 -102.791168213 0.374290466 3.838784218 0.038664244 0.039534699 0.717513144 -0.694346428
1585067827.482965 -103.005958557 0.380081177 3.847210407 0.038758092 0.039487224 0.717733383 -0.694116235
1585067827.515965 -103.220916748 0.387268066 3.855924606 -0.038759764 -0.039554562 -0.717965305 0.693872511
1585067827.548965 -103.457214355 0.396873474 3.866064548 0.038719207 0.039589155 0.718176842 -0.693653822
1585067827.581965 -103.671508789 0.403678894 3.875021935 0.038794097 0.039614152 0.718397439 -0.693419755
1585067827.614965 -103.885528564 0.410697937 3.883922577 0.039032307 0.039571092 0.718611300 -0.693187177
1585067827.647965 -104.100013733 0.417823792 3.892501831 -0.039262798 -0.039383467 -0.718811691 0.692977071
1585067827.680965 -104.335342407 0.427368164 3.903235435 0.039432913 0.039272182 0.718976378 -0.692802787
1585067827.713965 -104.548942566 0.434333801 3.911898136 0.039607972 0.039099403 0.719194889 -0.692575812
1585067827.746965 -104.762321472 0.441406250 3.920422554 0.039887518 0.038848788 0.719431698 -0.692327797
1585067827.779966 -104.975936890 0.448623657 3.928671837 -0.040228069 -0.038593791 -0.719637454 0.692108572
1585067827.812966 -105.211425781 0.458778381 3.939335823 0.040402476 0.038531791 0.719853222 -0.691877425
1585067827.845966 -105.425148010 0.466186523 3.947489262 0.040545315 0.038420387 0.720084906 -0.691634119
1585067827.878966 -105.639068604 0.473716736 3.955625534 0.040601790 0.038384344 0.720305920 -0.691402614
1585067827.911966 -105.853706360 0.481521606 3.964734077 -0.040625900 -0.038483113 -0.720518470 0.691174269
1585067827.944966 -106.090461731 0.492713928 3.974473000 0.040537655 0.038789790 0.720670402 -0.691003740
1585067827.977966 -106.305198669 0.500999451 3.983134747 0.040409356 0.039066307 0.720872283 -0.690785110
1585067828.010966 -106.520080566 0.509361267 3.991826534 0.040222555 0.039342925 0.721084952 -0.690558314
1585067828.043966 -106.736061096 0.518341064 4.000925064 -0.039962705 -0.039610479 -0.721285343 0.690348804
1585067828.076966 -106.973075867 0.529167175 4.010815144 0.039668292 0.039978992 0.721484065 -0.690136790
1585067828.109966 -107.188407898 0.538017273 4.019931793 0.039390177 0.040374435 0.721688747 -0.689915776
1585067828.142967 -107.403656006 0.546897888 4.029172897 0.039111767 0.040737513 0.721897185 -0.689692140
1585067828.175967 -107.619560242 0.556152344 4.038326263 -0.038833618 -0.040957674 -0.722079873 0.689503551
1585067828.208967 -107.856781006 0.566810608 4.048438072 0.038474496 0.041237213 0.722224891 -0.689355075
1585067828.241966 -108.071823120 0.576087952 4.057387829 0.038318183 0.041451443 0.722407401 -0.689159691
1585067828.274967 -108.286643982 0.585861206 4.066109180 0.038304448 0.041735187 0.722575545 -0.688967109
1585067828.307967 -108.518211365 0.597373962 4.075215340 0.038394161 0.042007387 0.722643495 -0.688874304
1585067828.340967 -108.732894897 0.607917786 4.082901955 0.038768113 0.042131286 0.722805381 -0.688675761
1585067828.373967 -108.947952271 0.619758606 4.089796066 0.039386511 0.042613387 0.722912669 -0.688498497
1585067828.406967 -109.164993286 0.633926392 4.095297813 -0.040340155 -0.043965437 -0.722963035 0.688305259
1585067828.439967 -109.400344849 0.648628235 4.102731705 0.041013535 0.045050267 0.723037541 -0.688117087
1585067828.472967 -109.616142273 0.660873413 4.108722687 0.041245036 0.045566767 0.723099828 -0.688003719
1585067828.505967 -109.831787109 0.672874451 4.114958286 0.041729834 0.045911014 0.723203003 -0.687843263
1585067828.538967 -110.048339844 0.683380127 4.121726036 -0.041727211 -0.045602739 -0.723239958 0.687825024
1585067828.571968 -110.283691406 0.696365356 4.130243778 0.041914254 0.046310145 0.723285139 -0.687718868
1585067828.604967 -110.499366760 0.707901001 4.137291908 0.042112648 0.046953186 0.723405480 -0.687536597
1585067828.637968 -110.714294434 0.716331482 4.145817757 0.041862782 0.046307314 0.723590434 -0.687400997
1585067828.670968 -110.944053650 0.724571228 4.156475544 0.041431457 0.045280274 0.723746419 -0.687331319
1585067828.703968 -111.158966064 0.730606079 4.165871143 0.040955093 0.043901581 0.723915756 -0.687270939
1585067828.736968 -111.373863220 0.736549377 4.175409794 0.040419873 0.042718086 0.724054396 -0.687231183
1585067828.769968 -111.589134216 0.744216919 4.184455395 -0.040418591 -0.041864067 -0.724195898 0.687134683
1585067828.802968 -111.821632385 0.755210876 4.194795132 0.041209310 0.041511890 0.724125266 -0.687183499
1585067828.835968 -112.035430908 0.765579224 4.201462269 0.042319030 0.040655691 0.724102497 -0.687191248
1585067828.868968 -112.249565125 0.774971008 4.208999157 0.042735934 0.039692972 0.724121094 -0.687202156
1585067828.901968 -112.465332031 0.785797119 4.216685295 -0.043494668 -0.038753010 -0.724115312 0.687214255
1585067828.934968 -112.698661804 0.796791077 4.226757526 0.043745395 0.038617816 0.724137366 -0.687182724
1585067828.967968 -112.914466858 0.809074402 4.234238625 0.044358637 0.039001007 0.724033654 -0.687231123
1585067829.000968 -113.130332947 0.823333740 4.240944862 0.045354724 0.039581906 0.723809600 -0.687368870
1585067829.033969 -113.347412109 0.836708069 4.249576092 -0.046186447 -0.039819490 -0.723763943 0.687347889
1585067829.066969 -113.583885193 0.847747803 4.260713577 0.045857936 0.040681031 0.723579884 -0.687513053
1585067829.099969 -113.802368164 0.858512878 4.270961285 0.045241982 0.041240811 0.723581076 -0.687519312
1585067829.132969 -114.020812988 0.867492676 4.281911850 0.044424236 0.041378926 0.723602414 -0.687541842
1585067829.165969 -114.239494324 0.875190735 4.293824196 -0.043479055 -0.041339744 -0.723594785 0.687612772
1585067829.198969 -114.476890564 0.880920410 4.305716515 0.042511880 0.041084245 0.723628163 -0.687653303
1585067829.231969 -114.694877625 0.886856079 4.317277431 0.041376442 0.040660955 0.723605514 -0.687771678
1585067829.264969 -114.912315369 0.892837524 4.328673363 0.040615741 0.039957169 0.723586023 -0.687878788
1585067829.297969 -115.130264282 0.899703979 4.339926720 -0.039904386 -0.039275382 -0.723572731 0.687973619
1585067829.330969 -115.349662781 0.906616211 4.351095200 0.039385106 0.038775723 0.723523676 -0.688083410
1585067829.363969 -115.566673279 0.914466858 4.360753059 0.039167877 0.038306758 0.723459661 -0.688189447
1585067829.396970 -115.783493042 0.923103333 4.369773388 0.039188262 0.037959173 0.723398864 -0.688271463
1585067829.429969 -116.032073975 0.929191589 4.377135754 0.039788723 0.037818771 0.723205030 -0.688448310
1585067829.462970 -116.248786926 0.940422058 4.384748459 0.040463861 0.037839700 0.723005235 -0.688617647
1585067829.495970 -116.465721130 0.952217102 4.392179012 0.041240927 0.037963185 0.722794950 -0.688785493
1585067829.528970 -116.683929443 0.963966370 4.400142670 -0.041772392 -0.038211938 -0.722567737 0.688978076
1585067829.561970 -116.920967102 0.971893311 4.407782555 0.041954666 0.038800362 0.722283304 -0.689232349
1585067829.594970 -117.139587402 0.982635498 4.416680813 0.042046752 0.039290432 0.722069442 -0.689423025
1585067829.627970 -117.358604431 0.992607117 4.426296711 0.041961338 0.039727021 0.721847177 -0.689635932
1585067829.660970 -117.578132629 1.001342773 4.436782837 -0.041783895 -0.040066887 -0.721656621 0.689826488
1585067829.693970 -117.816925049 1.006576538 4.445863724 0.041338596 0.040407814 0.721406162 -0.690095365
1585067829.726970 -118.036628723 1.013801575 4.456559181 0.040657673 0.040598135 0.721174955 -0.690366209
1585067829.759970 -118.256233215 1.020599365 4.467203140 0.040033937 0.040700294 0.720923603 -0.690659106
1585067829.792970 -118.476371765 1.027137756 4.477542400 -0.039548252 -0.040663287 -0.720655143 0.690969408
1585067829.825970 -118.714775085 1.030021667 4.486140728 0.039127622 0.040613271 0.720384419 -0.691278517
1585067829.858971 -118.934173584 1.035881042 4.496111393 0.038768079 0.040374245 0.720132291 -0.691575348
1585067829.891971 -119.153388977 1.041870117 4.505694389 0.038562626 0.040156495 0.719877720 -0.691864491
1585067829.924971 -119.374771118 1.047752380 4.514410973 0.038501088 0.039957836 0.719641745 -0.692124903
1585067829.957971 -119.594009399 1.054443359 4.523081303 0.038666844 0.039775908 0.719354451 -0.692424774
1585067829.990971 -119.813262939 1.061264038 4.531645775 0.038852096 0.039696954 0.719060123 -0.692724466
1585067830.023971 -120.032775879 1.068313599 4.539806366 -0.039104905 -0.039517909 -0.718809187 0.692980945
1585067830.056971 -120.284759521 1.069679260 4.546278954 0.039202631 0.039568253 0.718446314 -0.693348765
1585067830.089971 -120.504524231 1.076431274 4.554583549 0.039398845 0.039491169 0.718149006 -0.693649948
1585067830.122971 -120.724571228 1.082908630 4.563009262 0.039579511 0.039396614 0.717869282 -0.693934560
1585067830.155971 -120.945755005 1.088867188 4.571991920 -0.039805703 -0.039350286 -0.717645764 0.694155335
1585067830.188971 -121.185989380 1.092529297 4.579497337 0.039811257 0.039428558 0.717389286 -0.694415689
1585067830.221972 -121.407157898 1.098197937 4.588728428 0.039773379 0.039490718 0.717164636 -0.694646299
1585067830.254972 -121.628562927 1.103446960 4.598279953 0.039626151 0.039451618 0.716990411 -0.694836736
1585067830.287971 -121.851135254 1.108352661 4.607937813 -0.039434854 -0.039368067 -0.716875017 0.694971442
1585067830.320971 -122.091415405 1.111473083 4.616820335 0.039361898 0.039347332 0.716802895 -0.695051134
1585067830.353972 -122.313598633 1.116424561 4.626539230 0.039318684 0.039245747 0.716729820 -0.695134699
1585067830.386972 -122.535903931 1.121391296 4.636126518 0.039179862 0.039143667 0.716703773 -0.695175111
1585067830.419972 -122.759246826 1.126533508 4.645714283 -0.038950235 -0.039052933 -0.716714025 0.695182562
1585067830.452972 -122.999404907 1.129432678 4.653737068 0.038870066 0.039047133 0.716761947 -0.695137978
1585067830.485972 -123.222434998 1.134750366 4.662865639 0.038844910 0.038933735 0.716793001 -0.695113719
1585067830.518972 -123.445678711 1.139801025 4.672032833 0.038654890 0.038804699 0.716858089 -0.695064366
1585067830.551972 -123.669387817 1.144660950 4.680668831 -0.038583782 -0.038436789 -0.716909170 0.695036113
1585067830.584972 -123.892738342 1.150047302 4.689798832 -0.038580623 -0.038330778 -0.716925263 0.695025504
1585067830.617972 -124.137306213 1.153205872 4.698321342 0.038669918 0.038318262 0.716950357 -0.694995344
1585067830.650972 -124.360366821 1.159034729 4.708117485 0.038839668 0.038124990 0.716931522 -0.695015907
1585067830.683972 -124.583274841 1.165130615 4.718121052 0.039243195 0.037805602 0.716907799 -0.695035279
1585067830.716972 -124.807846069 1.170997620 4.728526115 -0.039847821 -0.037391119 -0.716976881 0.694952011
1585067830.749973 -125.046485901 1.176574707 4.737735748 0.040501360 0.037223600 0.716966689 -0.694933712
1585067830.782972 -125.270469666 1.183059692 4.747805119 0.040944368 0.037019692 0.716984451 -0.694900274
1585067830.815973 -125.494911194 1.189300537 4.757802963 0.041234970 0.036841132 0.717046618 -0.694828391
1585067830.848973 -125.720024109 1.195480347 4.767497540 0.041316960 0.036824603 0.717104256 -0.694765031
1585067830.881973 -125.961067200 1.200866699 4.775806427 0.041383300 0.036776684 0.717122018 -0.694745243
1585067830.914973 -126.187332153 1.206375122 4.784663200 0.041390717 0.036631610 0.717229247 -0.694641709
1585067830.947973 -126.414123535 1.211730957 4.793576717 0.041285127 0.036531840 0.717326224 -0.694553137
1585067830.980973 -126.641426086 1.217178345 4.802731037 0.040998995 0.036707345 0.717411757 -0.694472492
1585067831.013973 -126.884193420 1.222579956 4.812624454 0.040398151 0.036897432 0.717538238 -0.694366992
1585067831.046973 -127.112731934 1.226989746 4.823005676 0.039609820 0.037111733 0.717619181 -0.694317341
1585067831.079973 -127.341506958 1.231704712 4.833909988 0.038913663 0.037312806 0.717668235 -0.694295228
1585067831.112973 -127.570404053 1.236831665 4.845120907 0.038476404 0.037445646 0.717700303 -0.694279253
1585067831.145973 -127.813606262 1.244705200 4.856467247 0.038055751 0.037612908 0.717724383 -0.694268525
1585067831.178973 -128.042724609 1.250305176 4.867424488 0.037579086 0.037935331 0.717751861 -0.694248497
1585067831.211974 -128.271743774 1.256027222 4.877946854 0.037189033 0.038202018 0.717778981 -0.694226861
1585067831.244974 -128.500488281 1.262039185 4.887930393 0.037080050 0.038268305 0.717813849 -0.694193065
1585067831.277974 -128.742843628 1.271026611 4.898056507 0.037364785 0.038236979 0.717814982 -0.694178343
1585067831.310974 -128.971420288 1.277709961 4.906620979 0.037858065 0.038184620 0.717857957 -0.694109976
1585067831.343974 -129.199981689 1.284530640 4.914587975 0.038328230 0.038105182 0.717900634 -0.694044471
1585067831.376974 -129.428863525 1.291488647 4.922202110 0.038763702 0.038119212 0.717938602 -0.693980217
1585067831.409974 -129.672088623 1.302062988 4.930785656 0.038995177 0.038098741 0.718020082 -0.693884015
1585067831.442974 -129.902160645 1.308547974 4.938122272 0.039119363 0.038164988 0.718083620 -0.693807662
1585067831.475974 -130.132858276 1.314727783 4.945624828 0.039093941 0.038213447 0.718179762 -0.693706930
1585067831.508974 -130.364120483 1.320587158 4.953567028 0.038851678 0.038303927 0.718277931 -0.693613887
1585067831.541974 -130.610488892 1.330459595 4.963746548 0.038497124 0.038565252 0.718378544 -0.693515003
1585067831.574975 -130.842666626 1.336135864 4.972531319 0.038063467 0.038862292 0.718477190 -0.693420172
1585067831.607974 -131.075119019 1.341873169 4.981695652 0.037605286 0.039150454 0.718589544 -0.693312526
1585067831.640975 -131.307785034 1.347549438 4.990990639 0.037126273 0.039431226 0.718682945 -0.693225622
1585067831.673975 -131.554962158 1.357696533 5.002163410 0.036675483 0.039639462 0.718693495 -0.693226695
1585067831.706975 -131.787796021 1.364257812 5.011265755 0.036406577 0.039853591 0.718730927 -0.693189859
1585067831.739975 -132.020446777 1.371231079 5.019977093 0.036379959 0.040029697 0.718746006 -0.693165421
1585067831.772975 -132.252899170 1.378906250 5.028367519 0.036535054 0.040257577 0.718736112 -0.693154454
1585067831.805975 -132.498931885 1.389572144 5.038907051 0.036756903 0.040270522 0.718768120 -0.693108737
1585067831.838975 -132.731094360 1.397232056 5.046658993 0.037149306 0.040029012 0.718787372 -0.693081737
1585067831.871975 -132.963165283 1.404769897 5.054266930 0.037576824 0.039662186 0.718860865 -0.693003654
1585067831.904975 -133.195281982 1.412384033 5.061752319 0.038126498 0.039274365 0.718944192 -0.692909241
1585067831.937975 -133.440704346 1.422485352 5.071651936 0.038690925 0.039080642 0.718951404 -0.692881465
1585067831.970975 -133.673400879 1.430557251 5.079461575 0.039241102 0.038889784 0.719009817 -0.692800522
1585067832.003975 -133.906631470 1.438674927 5.087376595 0.039578915 0.038835704 0.719065070 -0.692727089
1585067832.036975 -134.140029907 1.446472168 5.095415115 0.039880276 0.038644530 0.719135880 -0.692646980
1585067832.069976 -134.386932373 1.456161499 5.105548382 0.039968938 0.038469274 0.719161987 -0.692624450
1585067832.102976 -134.621307373 1.464172363 5.113779068 0.040111274 0.038415715 0.719258726 -0.692518830
1585067832.135976 -134.856109619 1.471847534 5.122267246 0.040045943 0.038481288 0.719336271 -0.692438364
1585067832.168976 -135.091323853 1.479217529 5.131215572 0.039722528 0.038540471 0.719418645 -0.692368090
1585067832.201976 -135.339965820 1.487747192 5.143476009 0.039126068 0.038412459 0.719514549 -0.692309499
1585067832.234976 -135.575500488 1.494720459 5.153085709 0.038752466 0.038305424 0.719601035 -0.692246616
1585067832.267976 -135.812332153 1.502349854 5.162811279 -0.038500786 -0.038420826 -0.719686508 0.692165375
1585067832.300976 -136.058364868 1.511947632 5.173874378 0.038198445 0.039063610 0.719756782 -0.692073047
1585067832.333976 -136.295501709 1.519699097 5.182579041 0.037788272 0.039208330 0.719817638 -0.692024112
1585067832.366976 -136.533279419 1.528442383 5.190587521 0.037147790 0.040210959 0.719838142 -0.691979885
1585067832.399976 -136.779907227 1.537719727 5.200829029 0.036896292 0.040372655 0.719848692 -0.691973031
1585067832.432976 -137.017852783 1.545806885 5.208587646 0.036235601 0.040793367 0.719788909 -0.692045331
1585067832.465976 -137.255477905 1.554306030 5.216214180 0.036152244 0.040827148 0.719885170 -0.691947639
1585067832.498976 -137.501129150 1.563156128 5.225773335 0.035792232 0.040924378 0.719845176 -0.692002177
1585067832.531977 -137.738723755 1.570999146 5.233519554 0.035513815 0.041090619 0.719927251 -0.691921294
1585067832.564977 -137.976455688 1.578521729 5.241406918 0.035219546 0.041102380 0.720027745 -0.691831052
1585067832.597977 -138.214416504 1.586013794 5.249639034 0.034926709 0.041149791 0.720182836 -0.691681683
1585067832.630977 -138.462951660 1.595642090 5.260220528 0.034611583 0.041194130 0.720268786 -0.691605330
1585067832.663977 -138.700988770 1.604156494 5.267752647 0.034588695 0.041354433 0.720417917 -0.691441596
1585067832.696977 -138.938415527 1.612258911 5.274098396 0.034563005 0.041035194 0.720526516 -0.691348791
1585067832.729977 -139.175842285 1.620193481 5.280365944 0.034715295 0.040727515 0.720712543 -0.691165447
1585067832.762977 -139.424163818 1.629760742 5.288543224 0.034488618 0.040396392 0.720724583 -0.691183567
1585067832.795977 -139.662277222 1.637680054 5.294974327 0.034405380 0.040010389 0.720937312 -0.690988302
1585067832.828977 -139.900970459 1.646575928 5.301635742 0.034329385 0.039758708 0.721046925 -0.690892339
1585067832.861977 -140.139785767 1.655319214 5.308899403 0.034088373 0.039688841 0.721253037 -0.690693140
1585067832.894978 -140.390075684 1.663391113 5.318862915 0.033835918 0.039716229 0.721384406 -0.690566659
1585067832.927978 -140.629852295 1.671997070 5.326736450 0.033371266 0.039854664 0.721534610 -0.690424383
1585067832.960978 -140.869735718 1.680862427 5.334465027 0.033033341 0.039792132 0.721669018 -0.690303802
1585067832.993978 -141.109786987 1.690063477 5.341993332 0.032771051 0.039785117 0.721772194 -0.690208793
1585067833.026978 -141.361221313 1.699539185 5.351430416 0.032618973 0.039682567 0.721800983 -0.690191805
1585067833.059978 -141.601684570 1.709411621 5.358390808 0.032474075 0.039760750 0.721890152 -0.690100849
1585067833.092978 -141.842346191 1.719406128 5.365074635 0.032270074 0.039874393 0.721972108 -0.690018117
1585067833.125978 -142.083648682 1.729415894 5.371797085 -0.032090101 -0.039951883 -0.722097754 0.689890563
1585067833.158978 -142.335662842 1.738983154 5.379787445 0.031881303 0.039855409 0.722189307 -0.689809978
1585067833.191978 -142.576431274 1.749069214 5.386322975 0.031937718 0.039685972 0.722307205 -0.689693689
1585067833.224978 -142.817245483 1.759078979 5.392939091 0.031999469 0.039487019 0.722433567 -0.689569831
1585067833.257978 -143.058151245 1.769027710 5.399781704 0.032025218 0.039181404 0.722550273 -0.689463913
1585067833.290979 -143.311584473 1.778274536 5.408666134 0.031889737 0.038958821 0.722635567 -0.689393282
1585067833.323978 -143.553222656 1.788024902 5.415673733 0.031741500 0.038587194 0.722749233 -0.689301968
1585067833.356979 -143.794921875 1.797439575 5.422952175 0.031508416 0.038131572 0.722875953 -0.689205110
1585067833.389979 -144.036911011 1.806884766 5.430190563 0.031281054 0.037670963 0.723003983 -0.689106464
1585067833.422979 -144.291061401 1.814697266 5.439690590 0.031090140 0.037190512 0.723151684 -0.688986182
1585067833.455979 -144.533126831 1.824539185 5.446869373 0.031026985 0.036697783 0.723255098 -0.688906848
1585067833.488979 -144.775405884 1.834762573 5.454066753 0.031013250 0.036264557 0.723349273 -0.688831627
1585067833.521979 -145.017837524 1.844879150 5.461321354 0.030883696 0.035898399 0.723425984 -0.688776016
1585067833.554979 -145.273941040 1.852920532 5.470414162 0.030743837 0.035520878 0.723530531 -0.688692033
1585067833.587979 -145.517211914 1.863388062 5.477852345 0.030515399 0.035252705 0.723605871 -0.688636780
1585067833.620979 -145.761032104 1.873977661 5.485381603 0.030265182 0.035068434 0.723673940 -0.688585758
1585067833.653979 -146.005371094 1.884689331 5.492726326 0.029949900 0.035003748 0.723747849 -0.688525140
1585067833.686979 -146.264556885 1.892745972 5.501369953 0.029323252 0.034893010 0.723823011 -0.688478708
1585067833.719980 -146.509857178 1.902923584 5.508919716 0.028618813 0.034917571 0.723872662 -0.688454866
1585067833.752980 -146.755371094 1.912963867 5.516645432 0.028013319 0.034808133 0.723934710 -0.688420057
1585067833.785980 -147.000762939 1.921951294 5.524646282 -0.027495354 -0.034793377 -0.723989725 0.688383877
1585067833.818980 -147.261337280 1.931228638 5.532906532 0.026945382 0.034843631 0.723970354 -0.688423455
1585067833.851980 -147.507354736 1.941513062 5.540525913 0.026550349 0.034917835 0.723964512 -0.688441157
1585067833.884980 -147.753723145 1.951660156 5.548050404 0.026055805 0.034931678 0.723933697 -0.688491762
1585067833.917980 -148.000320435 1.961471558 5.555618763 0.025428858 0.034904756 0.723894060 -0.688558280
1585067833.950980 -148.262664795 1.970184326 5.563307762 0.024782807 0.035006959 0.723814487 -0.688660264
1585067833.983980 -148.509841919 1.979980469 5.569893360 0.024171114 0.034905218 0.723789334 -0.688713670
1585067834.016980 -148.757095337 1.989379883 5.576108456 0.023570329 0.034698576 0.723805547 -0.688727856
1585067834.049980 -149.004470825 1.998245239 5.582052708 0.022960722 0.034326375 0.723816633 -0.688755453
1585067834.082980 -149.267913818 2.004882812 5.588697910 0.022267342 0.033949345 0.723829806 -0.688783050
1585067834.115981 -149.515853882 2.013824463 5.594694614 0.021625308 0.033641875 0.723838866 -0.688809037
1585067834.148980 -149.763977051 2.023239136 5.600722790 0.021186022 0.033442605 0.723843038 -0.688828051
1585067834.181981 -150.012191772 2.033187866 5.606843472 0.020914642 0.033276219 0.723826528 -0.688861728
1585067834.214981 -150.276779175 2.040985107 5.613691330 0.020717144 0.033126894 0.723813057 -0.688889027
1585067834.247981 -150.525039673 2.052230835 5.620030880 0.020730227 0.033063106 0.723762989 -0.688944340
1585067834.280981 -150.773391724 2.063735962 5.626441002 0.020775318 0.032966986 0.723709345 -0.689003944
1585067834.313981 -151.021835327 2.075546265 5.632713318 0.020938605 0.032885123 0.723661900 -0.689052761
1585067834.346981 -151.287536621 2.083801270 5.638817310 0.021040142 0.032698713 0.723634005 -0.689087808
1585067834.379981 -151.536911011 2.094696045 5.644460678 0.021006105 0.032449238 0.723603368 -0.689132750
1585067834.412981 -151.786575317 2.104660034 5.650212288 0.020678459 0.032103155 0.723595560 -0.689167082
1585067834.445981 -152.036346436 2.112777710 5.656122684 -0.020124702 -0.031626713 -0.723556578 0.689246476
1585067834.478981 -152.303161621 2.119277954 5.662723064 0.019505652 0.031066360 0.723470747 -0.689379871
1585067834.511981 -152.553131104 2.127548218 5.668590546 0.019094110 0.030713059 0.723396897 -0.689484596
1585067834.544981 -152.803222656 2.135910034 5.674630642 0.018702239 0.030394861 0.723324776 -0.689585209
1585067834.577981 -153.053192139 2.144409180 5.680950642 0.018273920 0.030189831 0.723220468 -0.689715087
1585067834.610982 -153.321029663 2.151855469 5.688334465 0.017773718 0.030021375 0.723121405 -0.689839363
1585067834.643981 -153.571273804 2.161254883 5.694943428 0.017461656 0.030129801 0.723004043 -0.689965606
1585067834.676982 -153.821273804 2.171157837 5.701725483 0.017310081 0.030230070 0.722872436 -0.690102875
1585067834.709982 -154.071029663 2.181213379 5.708528042 0.017191857 0.030301176 0.722739935 -0.690241575
1585067834.742982 -154.337905884 2.190368652 5.716159344 0.017164379 0.030223889 0.722517490 -0.690478325
1585067834.775982 -154.587036133 2.200073242 5.722261429 0.017252743 0.030030634 0.722436190 -0.690569699
1585067834.808982 -154.835830688 2.209442139 5.728224277 0.017371058 0.029815340 0.722378850 -0.690636039
1585067834.841982 -155.084304810 2.218841553 5.733973980 0.017643034 0.029602127 0.722325325 -0.690694332
1585067834.874982 -155.349746704 2.227020264 5.741676331 0.017994523 0.029376175 0.722228289 -0.690796375
1585067834.907982 -155.598037720 2.236297607 5.747483253 0.018301070 0.029168300 0.722149074 -0.690879941
1585067834.940982 -155.846191406 2.245605469 5.753406048 0.018608360 0.028961899 0.722047865 -0.690986216
1585067834.973983 -156.094482422 2.254943848 5.759828091 -0.018965391 -0.028795609 -0.721938610 0.691097498
1585067835.006983 -156.359710693 2.263504028 5.768403530 0.019214930 0.028720830 0.721681952 -0.691361845
1585067835.039983 -156.608001709 2.272659302 5.774821758 0.019371092 0.028569989 0.721514821 -0.691538155
1585067835.072983 -156.856399536 2.281631470 5.781274796 0.019431232 0.028480681 0.721352994 -0.691708863
1585067835.105983 -157.105010986 2.290435791 5.787702560 0.019455520 0.028534735 0.721192241 -0.691873610
1585067835.138983 -157.371704102 2.298110962 5.796484470 0.019391896 0.028764755 0.721011162 -0.692054570
1585067835.171983 -157.620697021 2.306701660 5.803126335 0.019385755 0.028975742 0.720845819 -0.692218125
1585067835.204983 -157.869934082 2.315170288 5.809780121 0.019316318 0.029268995 0.720690906 -0.692369044
1585067835.237983 -158.119094849 2.323577881 5.816603661 0.019241691 0.029494282 0.720534444 -0.692524433
1585067835.270983 -158.386489868 2.331237793 5.825213432 0.019016715 0.029724279 0.720421731 -0.692637980
1585067835.303983 -158.635726929 2.339721680 5.832386971 0.018909633 0.030057106 0.720239043 -0.692816615
1585067835.336983 -158.884796143 2.348236084 5.839637756 0.018894017 0.030392950 0.720033646 -0.693015814
1585067835.369983 -159.134170532 2.356399536 5.846675396 -0.019011825 -0.030574249 -0.719863534 0.693181276
1585067835.402983 -159.400268555 2.364074707 5.855164528 0.019128650 0.030557223 0.719683647 -0.693365514
1585067835.435984 -159.648727417 2.371643066 5.861990929 0.019381940 0.030433785 0.719528556 -0.693524897
1585067835.468984 -159.897155762 2.378952026 5.868591785 0.019589841 0.030315936 0.719395638 -0.693662107
1585067835.501984 -160.145507812 2.385742188 5.874973297 0.019730123 0.030096786 0.719271958 -0.693795979
1585067835.534984 -160.412414551 2.392013550 5.882827759 0.019869270 0.029871060 0.719170988 -0.693906426
1585067835.567984 -160.660919189 2.398254395 5.889132023 0.020086616 0.029480720 0.719056726 -0.694035292
1585067835.600984 -160.909393311 2.404296875 5.895616531 0.020274907 0.029020764 0.718959689 -0.694149613
1585067835.633984 -161.157974243 2.410079956 5.902301311 0.020405320 0.028519951 0.718905032 -0.694223225
1585067835.666984 -161.425476074 2.416519165 5.910993576 0.020537943 0.028182413 0.718893528 -0.694244981
1585067835.699984 -161.674484253 2.422912598 5.918261051 0.020716010 0.028029701 0.718836844 -0.694304526
1585067835.732984 -161.923660278 2.429565430 5.925860882 0.020950554 0.027854880 0.718821824 -0.694320142
1585067835.765984 -162.173049927 2.436248779 5.933713436 0.021149633 0.027674550 0.718843877 -0.694298387
1585067835.798985 -162.442092896 2.443069458 5.942683697 0.021241277 0.027643381 0.718896389 -0.694242477
1585067835.831985 -162.692260742 2.449966431 5.950419903 0.021361768 0.027520590 0.718933940 -0.694204807
1585067835.864985 -162.942703247 2.456649780 5.958180904 0.021198124 0.027534261 0.719012380 -0.694128036
1585067835.897985 -163.194168091 2.463928223 5.965992451 -0.021181941 -0.027535910 -0.719123244 0.694013596
1585067835.930985 -163.464523315 2.470703125 5.975410461 0.021079242 0.027594224 0.719165802 -0.693970323
1585067835.963985 -163.716049194 2.477798462 5.982894421 0.020998893 0.027614236 0.719252288 -0.693882346
1585067835.996985 -163.967849731 2.484985352 5.990449429 0.020925699 0.027682278 0.719358027 -0.693772256
1585067836.029985 -164.235076904 2.492279053 5.999722481 0.020888925 0.027873497 0.719375312 -0.693747759
1585067836.062985 -164.487655640 2.499740601 6.007714272 0.020764556 0.027981736 0.719443202 -0.693676710
1585067836.095985 -164.740386963 2.507339478 6.015775204 0.020496128 0.028207606 0.719504535 -0.693611979
1585067836.128985 -165.008483887 2.514907837 6.024960041 0.020328850 0.028390739 0.719581008 -0.693530023
1585067836.161985 -165.261947632 2.522979736 6.032923222 0.020266650 0.028532848 0.719641805 -0.693462908
1585067836.194985 -165.515441895 2.531051636 6.040857315 0.020256341 0.028519530 0.719739020 -0.693362892
1585067836.227985 -165.770095825 2.538482666 6.048274517 -0.020134328 -0.028414551 -0.719826400 0.693280160
1585067836.260986 -166.042114258 2.545578003 6.058002472 0.019938765 0.028257793 0.720001280 -0.693110466
1585067836.293986 -166.296157837 2.552871704 6.065284729 0.019826738 0.027940691 0.720147610 -0.692974508
1585067836.326986 -166.550308228 2.560058594 6.072434902 0.019724965 0.027590122 0.720334768 -0.692796886
1585067836.359986 -166.818817139 2.566650391 6.081316948 0.019835891 0.027159780 0.720635712 -0.692497790
1585067836.392986 -167.074005127 2.574264526 6.088466644 0.019780099 0.026798146 0.720908999 -0.692228913
1585067836.425986 -167.329452515 2.582122803 6.095784664 0.019693971 0.026508357 0.721210420 -0.691928506
1585067836.458986 -167.586364746 2.590164185 6.103736877 -0.019650578 -0.026316872 -0.721530199 0.691603661
1585067836.491986 -167.859161377 2.598236084 6.112668514 0.019530537 0.026240723 0.721841991 -0.691284418
1585067836.524986 -168.115890503 2.607742310 6.120378494 0.019643843 0.026137048 0.722133994 -0.690980077
1585067836.557986 -168.372848511 2.617919922 6.128370762 0.019843966 0.026058173 0.722430468 -0.690667450
1585067836.590986 -168.630645752 2.628417969 6.136713505 -0.019986063 -0.026001118 -0.722714007 0.690368772
1585067836.623986 -168.888442993 2.639053345 6.144954681 -0.020000817 -0.026008999 -0.723005831 0.690062463
1585067836.656987 -169.167480469 2.648620605 6.154325962 0.019897938 0.025879949 0.723302364 -0.689759374
1585067836.689986 -169.426300049 2.659286499 6.162530422 0.019701809 0.025792286 0.723628759 -0.689425945
1585067836.722986 -169.685440063 2.670013428 6.170707226 0.019485563 0.025669103 0.723985434 -0.689062119
1585067836.755987 -169.957885742 2.680770874 6.179555893 0.019513013 0.025617307 0.724491835 -0.688530743
1585067836.788987 -170.217864990 2.692489624 6.187709332 0.019315690 0.025561323 0.724924922 -0.688082337
1585067836.821987 -170.478057861 2.704467773 6.195808887 0.019039065 0.025516566 0.725414932 -0.687575221
1585067836.854987 -170.738967896 2.717147827 6.204234123 -0.018895835 -0.025424587 -0.725960314 0.687006712
1585067836.887987 -171.016372681 2.728775024 6.213087559 0.018866628 0.025371123 0.726505041 -0.686433434
1585067836.920987 -171.277511597 2.742675781 6.221302986 0.018758863 0.025333788 0.727104247 -0.685803056
1585067836.953987 -171.538925171 2.757232666 6.229534626 0.018694429 0.025310481 0.727710009 -0.685162842
1585067836.986987 -171.813674927 2.771118164 6.238130569 0.018716514 0.025472460 0.728362679 -0.684462309
1585067837.019987 -172.075897217 2.786804199 6.246129513 0.018719165 0.025451209 0.728975952 -0.683809876
1585067837.052987 -172.338409424 2.803070068 6.253968716 0.018633364 0.025529778 0.729583919 -0.683160603
1585067837.085988 -172.614273071 2.818588257 6.262275219 0.018569557 0.025608618 0.730198920 -0.682501972
1585067837.118988 -172.877624512 2.836334229 6.269851208 0.018623054 0.025666034 0.730756998 -0.681900859
1585067837.151988 -173.141326904 2.854461670 6.277450085 0.018693088 0.025693394 0.731325090 -0.681288600
1585067837.184988 -173.417816162 2.871139526 6.285857677 0.018889816 0.025742998 0.731969774 -0.680588543
1585067837.217988 -173.682327271 2.890182495 6.293477058 0.018951030 0.025737075 0.732527077 -0.679987252
1585067837.250988 -173.947204590 2.909820557 6.301209450 0.018963009 0.025794046 0.733106017 -0.679360509
1585067837.283988 -174.212997437 2.929534912 6.309544563 -0.018898251 -0.025923444 -0.733684242 0.678732932
1585067837.349988 -174.765533447 2.968658447 6.325945377 0.019007891 0.026136640 0.734910488 -0.677393734
1585067837.382988 -175.031814575 2.990127563 6.333755493 0.019063262 0.026186861 0.735505879 -0.676743686
1585067837.415988 -175.298370361 3.012100220 6.341433048 0.019124864 0.026203651 0.736107647 -0.676086724
1585067837.448988 -175.565856934 3.033737183 6.349341869 -0.019183695 -0.026209772 -0.736672580 0.675469279
1585067837.481989 -175.833206177 3.056365967 6.356997013 -0.019222558 -0.026200842 -0.737265885 0.674820781
1585067837.514989 -176.121643066 3.078048706 6.364883900 0.019402627 0.026249837 0.737830281 -0.674196601
1585067837.547989 -176.389678955 3.101715088 6.372675896 0.019450277 0.026317593 0.738416433 -0.673550487
1585067837.580989 -176.658035278 3.126083374 6.380535126 0.019605458 0.026379092 0.738965034 -0.672941685
1585067837.613989 -176.926818848 3.151214600 6.388307095 0.019784898 0.026626101 0.739473701 -0.672367692
1585067837.646989 -177.212966919 3.175811768 6.396003246 0.019993544 0.026955305 0.739921331 -0.671855688
1585067837.679989 -177.482116699 3.201507568 6.403872013 0.020194499 0.027034240 0.740404665 -0.671313882
1585067837.712989 -177.751617432 3.227340698 6.411793232 0.020304559 0.027085513 0.740846813 -0.670820534
1585067837.745989 -178.021759033 3.252761841 6.419815063 -0.020355284 -0.027109876 -0.741274238 0.670345664
1585067837.778989 -178.309219360 3.280349731 6.427435398 0.020455716 0.027290760 0.741744399 -0.669814944
1585067837.811989 -178.579513550 3.306579590 6.435612202 0.020557938 0.027252620 0.742173135 -0.669338286
1585067837.844990 -178.850067139 3.333023071 6.443840504 0.020651070 0.027189516 0.742545128 -0.668925345
1585067837.877989 -179.120803833 3.359741211 6.452193260 0.020756394 0.027240563 0.742917538 -0.668506384
1585067837.910990 -179.410125732 3.387695312 6.460268974 0.020690590 0.027298065 0.743250847 -0.668135405
1585067837.943990 -179.681289673 3.414611816 6.468486309 0.020640045 0.027353529 0.743509531 -0.667846918
1585067837.976990 -179.952484131 3.441909790 6.476655960 0.020843416 0.027304254 0.743742943 -0.667582631
1585067838.009990 -180.223464966 3.469207764 6.484814167 0.020988911 0.027306380 0.743904293 -0.667398155
1585067838.042990 -180.513122559 3.498474121 6.493279934 0.021185400 0.027373161 0.744121969 -0.667146504
1585067838.075990 -180.784530640 3.526382446 6.501603603 0.021323532 0.027579505 0.744229138 -0.667014062
1585067838.108990 -181.055786133 3.554306030 6.510027885 0.021490516 0.027797529 0.744288087 -0.666933835
1585067838.141990 -181.327316284 3.583084106 6.518086433 -0.021545947 -0.028063821 -0.744301975 0.666905463
1585067838.174990 -181.617782593 3.611526489 6.527045727 0.021586359 0.028248139 0.744218051 -0.666990042
1585067838.207990 -181.889160156 3.639389038 6.535285950 0.021789817 0.028433779 0.744101822 -0.667105138
1585067838.240990 -182.160568237 3.667205811 6.543438911 0.021991309 0.028660821 0.743955970 -0.667251468
1585067838.273990 -182.432006836 3.694580078 6.551504612 0.022035180 0.028965315 0.743769586 -0.667444646
1585067838.306990 -182.723388672 3.722869873 6.560169697 0.022075087 0.029276105 0.743511796 -0.667716861
1585067838.339991 -182.995422363 3.749313354 6.568280697 0.022001890 0.029490774 0.743246734 -0.668004870
1585067838.372991 -183.267517090 3.775421143 6.576473713 0.021891505 0.029699549 0.742980242 -0.668295741
1585067838.405991 -183.539642334 3.801147461 6.584763527 0.021811754 0.029868156 0.742683649 -0.668620408
1585067838.438991 -183.831207275 3.828475952 6.593194962 0.021713825 0.030123537 0.742408216 -0.668917954
1585067838.471991 -184.103469849 3.853317261 6.600975513 0.021560131 0.030432794 0.742130458 -0.669217050
1585067838.504991 -184.375488281 3.877899170 6.608731270 0.021490782 0.030661717 0.741875648 -0.669491291
1585067838.537991 -184.647399902 3.902282715 6.616507053 0.021451829 0.030822521 0.741618991 -0.669769466
1585067838.570991 -184.938308716 3.929992676 6.624963284 0.021468192 0.030973043 0.741393447 -0.670011640
1585067838.603991 -185.210174561 3.954238892 6.632451057 0.021618603 0.031104811 0.741137445 -0.670283854
1585067838.636991 -185.482040405 3.978530884 6.639949799 0.021751016 0.031410005 0.740883827 -0.670545697
1585067838.669991 -185.767654419 4.005218506 6.647798538 0.021818221 0.031791408 0.740630746 -0.670805097
1585067838.702991 -186.039413452 4.029296875 6.655055046 0.021878688 0.032063011 0.740386546 -0.671059668
1585067838.735991 -186.310897827 4.052902222 6.662341118 0.022038728 0.032212060 0.740137339 -0.671322227
1585067838.768991 -186.582031250 4.076553345 6.669476509 0.022275297 0.032380067 0.739863634 -0.671607912
1585067838.801992 -186.871795654 4.102630615 6.677518845 0.022666067 0.032490324 0.739576280 -0.671905994
1585067838.834992 -187.142639160 4.125289917 6.684754372 0.022808282 0.032529000 0.739323735 -0.672177136
1585067838.867992 -187.413223267 4.147460938 6.692068100 0.022946414 0.032398719 0.739089608 -0.672436118
1585067838.900992 -187.686935425 4.171234131 6.700549126 0.023191689 0.032617670 0.738794148 -0.672741711
1585067838.933992 -187.957977295 4.194869995 6.707334518 0.023714002 0.033391498 0.738545716 -0.672958314
1585067838.966992 -188.228713989 4.218429565 6.714183807 0.024295773 0.033875965 0.738265634 -0.673220694
1585067838.999992 -188.501129150 4.243225098 6.721060753 -0.024654623 -0.034561299 -0.738001168 0.673462689
1585067839.032992 -188.799255371 4.268478394 6.729071617 0.024777504 0.034565933 0.737749457 -0.673733652
1585067839.065992 -189.069915771 4.289764404 6.736441612 0.024607064 0.034441456 0.737456918 -0.674066484
1585067839.098992 -189.340209961 4.310897827 6.743807793 0.024622381 0.034430884 0.737255156 -0.674287200
1585067839.131992 -189.610153198 4.331726074 6.751529694 0.024541469 0.034461845 0.736980855 -0.674588263
1585067839.164993 -189.897140503 4.354095459 6.760384560 0.024670959 0.034648418 0.736845493 -0.674721837
1585067839.197993 -190.167083740 4.374145508 6.769033432 0.024634328 0.034530252 0.736684084 -0.674905539
1585067839.230993 -190.436584473 4.394439697 6.777375221 0.024917569 0.034515720 0.736524284 -0.675070226
1585067839.263993 -190.706085205 4.415374756 6.784691811 -0.025411692 -0.034649923 -0.736249626 0.675344527
1585067839.296993 -190.991592407 4.437850952 6.791873932 0.025750428 0.034819692 0.735975623 -0.675621450
1585067839.329993 -191.259948730 4.459197998 6.798935890 0.026227653 0.034742754 0.735657454 -0.675953627
1585067839.362993 -191.528518677 4.479248047 6.806579590 0.026370849 0.034403879 0.735419691 -0.676223993
1585067839.395993 -191.797378540 4.499191284 6.814575195 0.026514590 0.034382544 0.735184908 -0.676474690
1585067839.428993 -192.083557129 4.521179199 6.822397232 0.026618123 0.034578018 0.734894514 -0.676776111
1585067839.461993 -192.352630615 4.540740967 6.830609322 0.026622087 0.034896668 0.734712839 -0.676956832
1585067839.494993 -192.621795654 4.560028076 6.838825226 0.026500463 0.035195969 0.734494746 -0.677182794
1585067839.527993 -192.891021729 4.579132080 6.847024918 0.026466608 0.035239406 0.734346867 -0.677342236
1585067839.560993 -193.178741455 4.599380493 6.855280876 0.026256653 0.035348792 0.734168470 -0.677538037
1585067839.593993 -193.447891235 4.617599487 6.863265038 0.026062816 0.035432074 0.734028816 -0.677692413
1585067839.626994 -193.716918945 4.635681152 6.871170998 0.025794744 0.035596304 0.733905911 -0.677827120
1585067839.659994 -193.999938965 4.656311035 6.879193306 0.025581628 0.035594530 0.733883381 -0.677859724
1585067839.692994 -194.268814087 4.674774170 6.886795998 0.025527358 0.035563953 0.733888566 -0.677857816
1585067839.725994 -194.537521362 4.693618774 6.894325256 0.025467098 0.035658609 0.733940005 -0.677799463
1585067839.758994 -194.806182861 4.712615967 6.901718140 0.025478121 0.035716064 0.734035909 -0.677692115
1585067839.791994 -195.094146729 4.733901978 6.909174919 0.025391312 0.035810344 0.734216988 -0.677494168
1585067839.824994 -195.362991333 4.753494263 6.916196823 0.025337666 0.035942025 0.734343231 -0.677352369
1585067839.857994 -195.631652832 4.773681641 6.923092842 0.025511682 0.036080927 0.734440565 -0.677232862
1585067839.890994 -195.900177002 4.794006348 6.929942131 0.025690973 0.036166497 0.734538794 -0.677115083
1585067839.923994 -196.187591553 4.816116333 6.937205315 0.025958687 0.036139823 0.734623611 -0.677014232
1585067839.956994 -196.456329346 4.836837769 6.943882942 0.026267111 0.036264729 0.734678626 -0.676936030
1585067839.989995 -196.724990845 4.857467651 6.950830460 0.026524659 0.036393076 0.734739304 -0.676853120
1585067840.022995 -196.993606567 4.878097534 6.957870483 0.026750740 0.036485616 0.734817863 -0.676753938
1585067840.055995 -197.281143188 4.901428223 6.966066360 0.026958466 0.036566246 0.734963179 -0.676583588
1585067840.088995 -197.549957275 4.922348022 6.973278046 0.027217653 0.036617048 0.735048532 -0.676477730
1585067840.121995 -197.818527222 4.943115234 6.980621338 0.027484890 0.036585499 0.735163867 -0.676343262
1585067840.154995 -198.087188721 4.963867188 6.987901688 0.027817190 0.036509342 0.735286117 -0.676200986
1585067840.187995 -198.375976562 4.986358643 6.996220589 0.028017135 0.036392454 0.735311925 -0.676170886
1585067840.220995 -198.644866943 5.006881714 7.003595352 0.028130531 0.036300272 0.735429049 -0.676043689
1585067840.253995 -198.913970947 5.027481079 7.011178970 0.028192431 0.036127683 0.735539794 -0.675929904
1585067840.286995 -199.183135986 5.048492432 7.018888474 0.028323114 0.036120564 0.735657275 -0.675796986
1585067840.319995 -199.472900391 5.070663452 7.027114868 0.028616190 0.036097609 0.735744834 -0.675690532
1585067840.352995 -199.742691040 5.092041016 7.035162926 0.028698266 0.036101721 0.735823572 -0.675601125
1585067840.385995 -200.012634277 5.113479614 7.043148041 0.028732389 0.036172748 0.735904098 -0.675508142
1585067840.418995 -200.282546997 5.135940552 7.051391602 -0.028909381 -0.036350835 -0.736009061 0.675376594
1585067840.451996 -200.573013306 5.158035278 7.059675217 0.029066861 0.036653720 0.736055374 -0.675302982
1585067840.484996 -200.842956543 5.180496216 7.067750931 0.029246062 0.036794916 0.736104131 -0.675234497
1585067840.517996 -201.112823486 5.203186035 7.075930595 0.029469430 0.036923118 0.736164808 -0.675151646
1585067840.550996 -201.383026123 5.226364136 7.083693504 -0.029859304 -0.037010908 -0.736228883 0.675059795
1585067840.583996 -201.674209595 5.248901367 7.092907906 0.030113552 0.037227187 0.736322939 -0.674933970
1585067840.616996 -201.944305420 5.272415161 7.101100922 0.030348212 0.037527561 0.736376643 -0.674848318
1585067840.649996 -202.214294434 5.295562744 7.109423637 0.030515641 0.037745953 0.736415446 -0.674786210
1585067840.682996 -202.484268188 5.318649292 7.117633820 0.030841263 0.037694614 0.736489594 -0.674693346
1585067840.715996 -202.776748657 5.340652466 7.126933098 0.031036671 0.037516609 0.736596286 -0.674577773
1585067840.748996 -203.047012329 5.363327026 7.135022163 0.031207591 0.037389953 0.736691594 -0.674472928
1585067840.781996 -203.317535400 5.385833740 7.143049240 0.031218048 0.037302781 0.736754775 -0.674408138
1585067840.814996 -203.588165283 5.408233643 7.151226997 0.031173911 0.037227195 0.736842215 -0.674318850
1585067840.847996 -203.881729126 5.429336548 7.161017418 0.031246811 0.037288506 0.736859083 -0.674293637
1585067840.880997 -204.152526855 5.452163696 7.169365883 0.031470180 0.037192654 0.736903369 -0.674240112
1585067840.913996 -204.423568726 5.475311279 7.177721977 0.031690121 0.037311222 0.736837745 -0.674295008
1585067840.946997 -204.695327759 5.498565674 7.185944557 -0.031987756 -0.037495211 -0.736706257 0.674414396
1585067840.979997 -204.989349365 5.520629883 7.196163177 0.032271747 0.037945323 0.736442864 -0.674663365
1585067841.012997 -205.260955811 5.543502808 7.204586983 0.032409877 0.038086448 0.736182332 -0.674933076
1585067841.045997 -205.532470703 5.565948486 7.213081360 0.032526135 0.038115088 0.735878706 -0.675256848
1585067841.078997 -205.804306030 5.588195801 7.221627235 0.032651603 0.038137242 0.735584497 -0.675570130
1585067841.111997 -206.099700928 5.608352661 7.232131958 0.032764733 0.038200803 0.735319793 -0.675849080
1585067841.144997 -206.372604370 5.629989624 7.240753174 -0.032833844 -0.038601074 -0.735082924 0.676080585
1585067841.177997 -206.646286011 5.649917603 7.249308586 -0.032405373 -0.038692705 -0.734871984 0.676325321
1585067841.210997 -206.936264038 5.667709351 7.258547783 0.031992942 0.038064450 0.734698594 -0.676568985
1585067841.243997 -207.210098267 5.686859131 7.267008781 0.031409979 0.038244821 0.734476447 -0.676827312
1585067841.276998 -207.483276367 5.706939697 7.275652885 0.031211406 0.038779594 0.734230042 -0.677073359
1585067841.309998 -207.755966187 5.726257324 7.284619331 0.031294137 0.038661923 0.734029531 -0.677293658
1585067841.342998 -208.051254272 5.744445801 7.294286728 0.031404767 0.038523901 0.733894348 -0.677442849
1585067841.375998 -208.324111938 5.763244629 7.303685188 0.031653583 0.038034264 0.733688176 -0.677682161
1585067841.408998 -208.597122192 5.782363892 7.313218117 0.031793177 0.037809789 0.733430624 -0.677966952
1585067841.441998 -208.870285034 5.802230835 7.322699547 0.031977650 0.038160440 0.733165264 -0.678225577
1585067841.474998 -209.165252686 5.822326660 7.331207275 0.032548819 0.038588349 0.732827723 -0.678538978
1585067841.507998 -209.438125610 5.841079712 7.339589119 0.032876220 0.038257662 0.732566833 -0.678823531
1585067841.540998 -209.710906982 5.858963013 7.347875595 0.033323705 0.037643258 0.732379913 -0.679037750
1585067841.573998 -209.983871460 5.877517700 7.356277466 0.034269750 0.037088271 0.732170224 -0.679247320
1585067841.606998 -210.278961182 5.897323608 7.365118027 0.034525845 0.037620027 0.731851101 -0.679548919
1585067841.639998 -210.554000854 5.915924072 7.375286102 0.034439955 0.037927631 0.731593192 -0.679813862
1585067841.672998 -210.829528809 5.934707642 7.385552406 0.034364942 0.038447913 0.731298566 -0.680105388
1585067841.705999 -211.105194092 5.953414917 7.396018982 0.034425978 0.038725477 0.731069565 -0.680332720
1585067841.738998 -211.401077271 5.971328735 7.406986237 0.034363687 0.039169770 0.730804920 -0.680594683
1585067841.771999 -211.676727295 5.989471436 7.417252541 0.034521818 0.039548174 0.730519772 -0.680870891
1585067841.804999 -211.952239990 6.007247925 7.427274704 0.034730077 0.039739478 0.730231524 -0.681158304
1585067841.837999 -212.227783203 6.024215698 7.437281609 0.034705069 0.039885119 0.729974687 -0.681426227
1585067841.870999 -212.524200439 6.041320801 7.447369576 0.034715503 0.039906587 0.729745388 -0.681670070
1585067841.903999 -212.799850464 6.057357788 7.457303047 0.034616288 0.039912324 0.729523361 -0.681912363
1585067841.936999 -213.075286865 6.073043823 7.467289925 0.034664154 0.039639428 0.729333758 -0.682128668
1585067841.969999 -213.350631714 6.088424683 7.477067947 0.034725279 0.039431203 0.729161203 -0.682322085
1585067842.002999 -213.647720337 6.104354858 7.486110687 0.034903739 0.039309014 0.728913426 -0.682584643
1585067842.035999 -213.923233032 6.119567871 7.495452881 0.035061508 0.039001700 0.728760302 -0.682757616
1585067842.069000 -214.198837280 6.134887695 7.504811287 0.035155717 0.038752213 0.728643775 -0.682891428
1585067842.101999 -214.475097656 6.150329590 7.514621735 -0.035131335 -0.038709730 -0.728541791 0.683003783
1585067842.135000 -214.771972656 6.166885376 7.524353981 0.035148565 0.038594019 0.728484571 -0.683070600
1585067842.168000 -215.047668457 6.182601929 7.534259796 0.035388529 0.038432978 0.728450954 -0.683103085
1585067842.201000 -215.323272705 6.198379517 7.544401169 0.035604566 0.038335770 0.728404880 -0.683146417
1585067842.234000 -215.598968506 6.214202881 7.554851532 0.035729378 0.038384523 0.728347540 -0.683198333
1585067842.267000 -215.896850586 6.231384277 7.565441132 0.035797954 0.038521644 0.728273034 -0.683266401
1585067842.300000 -216.172653198 6.247360229 7.575925827 0.035847962 0.038665276 0.728196383 -0.683337390
1585067842.333000 -216.458953857 6.263748169 7.586719513 0.035821170 0.038737360 0.728129208 -0.683406353
1585067842.366000 -216.734313965 6.279373169 7.597338676 0.035928186 0.038630061 0.728045166 -0.683496296
1585067842.399000 -217.020324707 6.295364380 7.607960701 0.036012504 0.038679514 0.727907598 -0.683635533
1585067842.432000 -217.295486450 6.311035156 7.618698120 0.036126554 0.038718622 0.727828622 -0.683711410
1585067842.465000 -217.581115723 6.327026367 7.629078865 0.036093861 0.038856979 0.727736712 -0.683803141
1585067842.498000 -217.855957031 6.342269897 7.639927864 0.036189795 0.038893577 0.727670193 -0.683866858
1585067842.531001 -218.141021729 6.358398438 7.650376320 0.036234915 0.038993958 0.727552891 -0.683983445
1585067842.564001 -218.415420532 6.373641968 7.661139488 0.036380198 0.038958363 0.727486789 -0.684048057
1585067842.597001 -218.689346313 6.388839722 7.671851158 0.036585268 0.038844094 0.727424026 -0.684110343
1585067842.630001 -218.963058472 6.403701782 7.682581902 0.036502033 0.038856175 0.727344036 -0.684199154
1585067842.663001 -219.257476807 6.419494629 7.693164825 0.036532369 0.038889896 0.727265298 -0.684279263
1585067842.696001 -219.530822754 6.434051514 7.703682899 0.036491394 0.038932092 0.727193832 -0.684355140
1585067842.729001 -219.803710938 6.448318481 7.714372635 0.036523752 0.038869962 0.727119327 -0.684435964
1585067842.762001 -220.076187134 6.462677002 7.724970818 0.036611971 0.038846012 0.727058947 -0.684496760
1585067842.795001 -220.370437622 6.479461670 7.736070633 0.036720127 0.038946498 0.726983786 -0.684565187
1585067842.828001 -220.642562866 6.493743896 7.746717453 0.036732908 0.039043434 0.726891279 -0.684657156
1585067842.861001 -220.914215088 6.507843018 7.757455826 0.036720749 0.039100975 0.726817250 -0.684733093
1585067842.894001 -221.185501099 6.521820068 7.768269539 0.036685135 0.039073545 0.726733387 -0.684825599
1585067842.927001 -221.459640503 6.535964966 7.779297829 0.036644131 0.038996648 0.726673007 -0.684896231
1585067842.960001 -221.730255127 6.549407959 7.790035248 0.036673486 0.038895197 0.726616800 -0.684960127
1585067842.993001 -222.000564575 6.562683105 7.800846100 0.036608100 0.038846187 0.726581812 -0.685003519
1585067843.026002 -222.270462036 6.575973511 7.811556816 0.036514398 0.038909163 0.726552308 -0.685036242
1585067843.059002 -222.582199097 6.595397949 7.823153496 0.036431164 0.039197322 0.726415873 -0.685168862
1585067843.092002 -222.851287842 6.608642578 7.833627701 0.036499824 0.039188940 0.726364791 -0.685219824
1585067843.125002 -223.119888306 6.621932983 7.844110489 0.036513358 0.039175756 0.726314425 -0.685273290
1585067843.158002 -223.388031006 6.635147095 7.854716301 0.036570188 0.039069161 0.726255655 -0.685338676
1585067843.191002 -223.679611206 6.651916504 7.866077423 0.036635935 0.038962279 0.726089358 -0.685517311
1585067843.224002 -223.947296143 6.664779663 7.876716614 0.036596388 0.038975522 0.726029396 -0.685582280
1585067843.257002 -224.214523315 6.677642822 7.887396812 0.036574688 0.039044909 0.725988448 -0.685622871
1585067843.290002 -224.481658936 6.690505981 7.897944450 -0.036551893 -0.038949788 -0.725936413 0.685684502
1585067843.323002 -224.771682739 6.706573486 7.909491539 0.036508117 0.038847383 0.725893199 -0.685738444
1585067843.356002 -225.037841797 6.718551636 7.919936180 0.036447614 0.038652141 0.725870728 -0.685776472
1585067843.389003 -225.303405762 6.730941772 7.930316925 0.036501918 0.038591005 0.725818872 -0.685831845
1585067843.422003 -225.568634033 6.743270874 7.940550804 0.036600024 0.038515929 0.725781798 -0.685870051
1585067843.455003 -225.858489990 6.759735107 7.952067375 0.036469996 0.038453281 0.725682139 -0.685986042
1585067843.488003 -226.122985840 6.771728516 7.962311745 0.036222454 0.038426068 0.725675464 -0.686007679
1585067843.521003 -226.387222290 6.783996582 7.972661018 0.036121309 0.038327735 0.725688219 -0.686005116
1585067843.554003 -226.650909424 6.796142578 7.983084679 0.036025763 0.038242742 0.725744367 -0.685955405
1585067843.587003 -226.941040039 6.813201904 7.994651794 0.036036581 0.038235486 0.725755811 -0.685943127
1585067843.620003 -227.204254150 6.825744629 8.004985809 0.035883453 0.038337283 0.725851595 -0.685844123
1585067843.653003 -227.467819214 6.838562012 8.015381813 -0.035748184 -0.038361859 -0.725962162 0.685732841
1585067843.686003 -227.749710083 6.854797363 8.026896477 0.035543624 0.038362894 0.726064801 -0.685634673
1585067843.719003 -228.011550903 6.867401123 8.037158012 0.035508424 0.038121950 0.726233780 -0.685470939
1585067843.752003 -228.272918701 6.879745483 8.047393799 0.035422146 0.037855994 0.726412714 -0.685300589
1585067843.785003 -228.533660889 6.892486572 8.057563782 0.035471320 0.037566844 0.726608455 -0.685106397
1585067843.818003 -228.821350098 6.910964966 8.069522858 0.035603225 0.037461855 0.726772904 -0.684930801
1585067843.851004 -229.081649780 6.924377441 8.079622269 0.035757478 0.037291486 0.726952255 -0.684741735
1585067843.884004 -229.341354370 6.938140869 8.089721680 0.035931911 0.037238121 0.727131784 -0.684544861
1585067843.917004 -229.600708008 6.952194214 8.099851608 0.036130339 0.037172712 0.727270365 -0.684390783
1585067843.950004 -229.886840820 6.972229004 8.111594200 0.036453996 0.037226856 0.727373898 -0.684260547
1585067843.983004 -230.145462036 6.986984253 8.121690750 0.036655810 0.037231751 0.727506220 -0.684108794
1585067844.016004 -230.403564453 7.001800537 8.131883621 0.036854208 0.037138358 0.727627695 -0.683974028
1585067844.049004 -230.661270142 7.016326904 8.142046928 0.036838442 0.037214585 0.727772117 -0.683817029
1585067844.082004 -230.946914673 7.035675049 8.153895378 0.036742657 0.037375253 0.727908373 -0.683668375
1585067844.115004 -231.203689575 7.050323486 8.164604187 0.036549747 0.037525799 0.728091300 -0.683475733
1585067844.148004 -231.459625244 7.065017700 8.175456047 0.036319435 0.037731078 0.728275657 -0.683280230
1585067844.181005 -231.714599609 7.079803467 8.186382294 0.036079109 0.037978049 0.728459120 -0.683083653
1585067844.214005 -231.997924805 7.098175049 8.198623657 0.035822272 0.038351990 0.728596151 -0.682930171
1585067844.247005 -232.250503540 7.112869263 8.209278107 0.035564151 0.038560167 0.728730619 -0.682788432
1585067844.280005 -232.501724243 7.127502441 8.219855309 0.035295870 0.038769428 0.728855669 -0.682657063
1585067844.313005 -232.751434326 7.141998291 8.230134964 0.035114884 0.038793802 0.729001284 -0.682509542
1585067844.346005 -233.031250000 7.161087036 8.242204666 0.034972455 0.039010938 0.729072273 -0.682428539
1585067844.379005 -233.278198242 7.176055908 8.252040863 0.034821298 0.039178822 0.729182005 -0.682309449
1585067844.412005 -233.523468018 7.190780640 8.261802673 0.034810871 0.039150059 0.729348838 -0.682133317
1585067844.445005 -233.767196655 7.205535889 8.271366119 0.034796830 0.039084058 0.729508460 -0.681967080
1585067844.478005 -234.042984009 7.224472046 8.283282280 0.034870595 0.039090045 0.729638457 -0.681823850
1585067844.511005 -234.284179688 7.239410400 8.292696953 0.035016686 0.038959708 0.729774714 -0.681677938
1585067844.544005 -234.524078369 7.254608154 8.302050591 0.035263538 0.038863566 0.729919910 -0.681515276
1585067844.577005 -234.763031006 7.270034790 8.311439514 0.035598278 0.038760677 0.730070770 -0.681342125
1585067844.610006 -235.036193848 7.289794922 8.323200226 0.035813008 0.038635314 0.730146766 -0.681256592
1585067844.643005 -235.273529053 7.305252075 8.332282066 0.036030356 0.038527582 0.730280817 -0.681107521
1585067844.676006 -235.510223389 7.320938110 8.341362953 0.036298007 0.038479012 0.730422854 -0.680943668
1585067844.709006 -235.746017456 7.336853027 8.350568771 0.036471423 0.038532328 0.730589569 -0.680752575
1585067844.742006 -236.017547607 7.356811523 8.363108635 0.036459476 0.038712956 0.730691195 -0.680633783
1585067844.775006 -236.251861572 7.372848511 8.372347832 0.036506653 0.038855147 0.730826259 -0.680478215
1585067844.808006 -236.485366821 7.388870239 8.381711006 0.036461830 0.039060585 0.730957508 -0.680327892
1585067844.841006 -236.717773438 7.404739380 8.391042709 0.036359280 0.039299831 0.731079698 -0.680188239
1585067844.874006 -236.986373901 7.424850464 8.403642654 0.036365509 0.039467443 0.731231332 -0.680015206
1585067844.907006 -237.216964722 7.440444946 8.412790298 0.036196828 0.039589062 0.731346488 -0.679893315
1585067844.940006 -237.446319580 7.456069946 8.421673775 0.036161572 0.039635271 0.731465578 -0.679764271
1585067844.973006 -237.674682617 7.472442627 8.430444717 0.036257416 0.039865013 0.731570840 -0.679632604
1585067845.006006 -237.938537598 7.493499756 8.442482948 0.036417309 0.040186800 0.731671333 -0.679496825
1585067845.039006 -238.164657593 7.510116577 8.450835228 0.036617279 0.040354714 0.731780052 -0.679359019
1585067845.072006 -238.389694214 7.526718140 8.459096909 0.036820501 0.040441960 0.731896639 -0.679217219
1585067845.105007 -238.613540649 7.543289185 8.467054367 0.036922786 0.040643465 0.731982648 -0.679106951
1585067845.138006 -238.872741699 7.564346313 8.478785515 0.037140638 0.040814400 0.732067645 -0.678993225
1585067845.171007 -239.094573975 7.581207275 8.486659050 0.037417501 0.040985640 0.732101560 -0.678931177
1585067845.204007 -239.315231323 7.597930908 8.494427681 0.037712481 0.041178159 0.732105434 -0.678898990
1585067845.237007 -239.534637451 7.614028931 8.502325058 0.037874606 0.041122291 0.732119501 -0.678878188
1585067845.270007 -239.789398193 7.633560181 8.514117241 0.037786637 0.041122913 0.732133210 -0.678868234
1585067845.303007 -240.007186890 7.648422241 8.522266388 0.037643526 0.041102301 0.732118726 -0.678893089
1585067845.336007 -240.223785400 7.663146973 8.530486107 0.037491500 0.041101996 0.732115149 -0.678905368
1585067845.369007 -240.439178467 7.677841187 8.538670540 0.037360609 0.041190751 0.732120037 -0.678901970
1585067845.402007 -240.689590454 7.697250366 8.550477028 0.037210856 0.041355241 0.732085168 -0.678937733
1585067845.435007 -240.902969360 7.711776733 8.558421135 0.036881536 0.041600719 0.732067049 -0.678960264
1585067845.468007 -241.114639282 7.726242065 8.566172600 0.036597192 0.041758526 0.732025146 -0.679011106
1585067845.501008 -241.324783325 7.740554810 8.573894501 0.036418919 0.041910861 0.732003868 -0.679034293
1585067845.534008 -241.569000244 7.760055542 8.585214615 0.036453404 0.042090047 0.732031345 -0.678991795
1585067845.567008 -241.775955200 7.774566650 8.592529297 0.036287189 0.042349722 0.731994569 -0.679024100
1585067845.600008 -241.981170654 7.788833618 8.599954605 0.036166608 0.042489339 0.731979847 -0.679037690
1585067845.633008 -242.184799194 7.802810669 8.607226372 0.035967615 0.042631581 0.731983006 -0.679035962
1585067845.666008 -242.422714233 7.822006226 8.618226051 0.035855353 0.042709917 0.731992722 -0.679026544
1585067845.699008 -242.623123169 7.835556030 8.625554085 0.035666585 0.042851247 0.731993854 -0.679026365
1585067845.732008 -242.821823120 7.848602295 8.632769585 0.035358220 0.042894684 0.732015371 -0.679016531
1585067845.765008 -243.018478394 7.861221313 8.639863014 0.035113361 0.042824484 0.732035041 -0.679012418
1585067845.798008 -243.248855591 7.879394531 8.650656700 0.034991592 0.042723037 0.732043326 -0.679016173
1585067845.831008 -243.442123413 7.892059326 8.657438278 0.034958359 0.042613536 0.732034266 -0.679034531
1585067845.864008 -243.633285522 7.904525757 8.664207458 0.035011351 0.042443100 0.732005000 -0.679074049
1585067845.897008 -243.822631836 7.917037964 8.670697212 0.035091400 0.042329896 0.731994867 -0.679087937
1585067845.930009 -244.044677734 7.935531616 8.680788040 0.035117030 0.042194288 0.731950760 -0.679142475
1585067845.963008 -244.230697632 7.947692871 8.687270164 0.035187211 0.041982792 0.731942356 -0.679161012
1585067845.996009 -244.415100098 7.959655762 8.693794250 0.035143796 0.041859638 0.731935441 -0.679178417
1585067846.029009 -244.597656250 7.971572876 8.700134277 0.035170432 0.041784126 0.731925547 -0.679192245
1585067846.062009 -244.779357910 7.983901978 8.707201004 -0.035148025 -0.041842937 -0.731928110 0.679187179
1585067846.095009 -244.999862671 8.003463745 8.717767715 0.035165910 0.041919824 0.731837213 -0.679279387
1585067846.128009 -245.176925659 8.015411377 8.724250793 0.035161495 0.042040423 0.731797576 -0.679314852
1585067846.161009 -245.351989746 8.026840210 8.730760574 0.035132736 0.042078037 0.731734157 -0.679382324
1585067846.194009 -245.525100708 8.037796021 8.737148285 0.034989778 0.042021863 0.731665909 -0.679466665
1585067846.227009 -245.705490112 8.050567627 8.745419502 0.034788013 0.041893758 0.731654346 -0.679497361
1585067846.260009 -245.875030518 8.060821533 8.751961708 0.034624249 0.041805740 0.731591821 -0.679578543
1585067846.293010 -246.042434692 8.071075439 8.758345604 0.034562439 0.041787349 0.731521547 -0.679658413
1585067846.326009 -246.207534790 8.081024170 8.764626503 0.034516718 0.041729983 0.731452286 -0.679738820
1585067846.359010 -246.427627563 8.101409912 8.774806023 0.034393728 0.041674998 0.731339931 -0.679869235
1585067846.392010 -246.588790894 8.110748291 8.780860901 0.034302622 0.041435063 0.731281817 -0.679951131
1585067846.425010 -246.747695923 8.119750977 8.786825180 0.034145620 0.041243866 0.731216729 -0.680040538
1585067846.458010 -246.904525757 8.128967285 8.792762756 0.034099635 0.041123990 0.731125176 -0.680148602
1585067846.491010 -247.065551758 8.139831543 8.799498558 0.034004901 0.041181985 0.731073201 -0.680205643
1585067846.524010 -247.218597412 8.148925781 8.805554390 0.033904225 0.041185770 0.730976701 -0.680314183
1585067846.557010 -247.369262695 8.157592773 8.811636925 0.033755008 0.041159377 0.730874002 -0.680433512
1585067846.590010 -247.517654419 8.166229248 8.817501068 0.033646226 0.041081171 0.730747998 -0.680578947
1585067846.623010 -247.666778564 8.175415039 8.823616028 -0.033699241 -0.040967312 -0.730633736 0.680705786
1585067846.656010 -247.869964600 8.194427490 8.833700180 0.033718411 0.041157816 0.730466068 -0.680873334
1585067846.689010 -248.012344360 8.202850342 8.839330673 0.033629749 0.041168876 0.730298817 -0.681056440
1585067846.722010 -248.152420044 8.210968018 8.844882965 0.033559591 0.041192438 0.730158567 -0.681208789
1585067846.755011 -248.290084839 8.218963623 8.850236893 0.033566866 0.041191589 0.730016708 -0.681360543
1585067846.788011 -248.453033447 8.231719971 8.857222557 0.033531010 0.041106891 0.729885817 -0.681507647
1585067846.821011 -248.585784912 8.238769531 8.862280846 0.033450752 0.040880796 0.729811907 -0.681604385
1585067846.854011 -248.716232300 8.245361328 8.867429733 0.033280846 0.040705279 0.729742348 -0.681697667
1585067846.887011 -248.844345093 8.251831055 8.872656822 0.033202499 0.040587064 0.729686379 -0.681768358
1585067846.920011 -249.000076294 8.263641357 8.880554199 0.033085708 0.040610243 0.729599178 -0.681865990
1585067846.953011 -249.124511719 8.270111084 8.885475159 0.032994241 0.040616199 0.729513586 -0.681961656
1585067846.986011 -249.246673584 8.276428223 8.890515327 0.032883350 0.040655356 0.729411900 -0.682073414
1585067847.019011 -249.366516113 8.282745361 8.895387650 0.032835007 0.040626667 0.729292631 -0.682205081
1585067847.052011 -249.483306885 8.289703369 8.901397705 -0.032799903 -0.040582433 -0.729222596 0.682284176
1585067847.085011 -249.633087158 8.302276611 8.909288406 0.032636672 0.040537111 0.729069471 -0.682458341
1585067847.118011 -249.745254517 8.308227539 8.914000511 0.032642245 0.040445670 0.728971839 -0.682567835
1585067847.151011 -249.854965210 8.313812256 8.918509483 0.032684151 0.040329311 0.728902876 -0.682646334
1585067847.184011 -249.962341309 8.319213867 8.922839165 0.032860752 0.040110838 0.728836000 -0.682722032
1585067847.217012 -250.067230225 8.324584961 8.927142143 0.033063829 0.039948732 0.728750646 -0.682812870
1585067847.250012 -250.172058105 8.329315186 8.930850029 -0.033235133 -0.039792269 -0.728677988 0.682891250
1585067847.283012 -250.273086548 8.334014893 8.934862137 -0.033139881 -0.039687999 -0.728596866 0.682988465
1585067847.316012 -250.420089722 8.348602295 8.943707466 0.033007681 0.039462321 0.728474081 -0.683138967
1585067847.349012 -250.516525269 8.352630615 8.947617531 0.032886650 0.039303795 0.728387177 -0.683246553
1585067847.382012 -250.610565186 8.356689453 8.951487541 0.032914698 0.039120737 0.728308856 -0.683339238
1585067847.415012 -250.702224731 8.360321045 8.955180168 0.032993585 0.038875367 0.728239894 -0.683422923
1585067847.448012 -250.791442871 8.363800049 8.958924294 0.032965776 0.038669318 0.728192747 -0.683486164
1585067847.481012 -250.882705688 8.367218018 8.963494301 -0.032931473 -0.038519878 -0.728129506 0.683563650
1585067847.514012 -250.968261719 8.370391846 8.967416763 -0.032781985 -0.038337506 -0.728070915 0.683643520
1585067847.547012 -251.051223755 8.373077393 8.971318245 -0.032692458 -0.038069379 -0.728044510 0.683690846
1585067847.580013 -251.131790161 8.375823975 8.975062370 -0.032616194 -0.037810341 -0.727994621 0.683761954
1585067847.613013 -251.267395020 8.392639160 8.982863426 0.032541092 0.037662216 0.727950394 -0.683820784
1585067847.646013 -251.343048096 8.395050049 8.986304283 0.032458212 0.037490301 0.727902591 -0.683885157
1585067847.679013 -251.416183472 8.397369385 8.989734650 0.032372802 0.037363593 0.727839112 -0.683963656
1585067847.712013 -251.486999512 8.399780273 8.992833138 0.032271411 0.037317824 0.727747917 -0.684067965
1585067847.745013 -251.556320190 8.403198242 8.996296883 -0.032288224 -0.037199318 -0.727660894 0.684166193
1585067847.778013 -251.622360229 8.405822754 8.999310493 -0.032297999 -0.037122015 -0.727547526 0.684290528
1585067847.811013 -251.685775757 8.408386230 9.002161026 -0.032359868 -0.037032153 -0.727440238 0.684406519
1585067847.844013 -251.746597290 8.410888672 9.004890442 -0.032459017 -0.036972135 -0.727355957 0.684494555
1585067847.877013 -251.805023193 8.413299561 9.007579803 -0.032522585 -0.036963325 -0.727287829 0.684564412
1585067847.910013 -251.919555664 8.428314209 9.012373924 0.032640491 0.036882333 0.727206767 -0.684649348
1585067847.943013 -251.973098755 8.430236816 9.014809608 0.032744110 0.036799766 0.727146149 -0.684713125
1585067847.976013 -252.024444580 8.432159424 9.017081261 0.032823592 0.036754984 0.727116466 -0.684743285
1585067848.009013 -252.073638916 8.433898926 9.019273758 0.032937318 0.036708478 0.727072477 -0.684787035
1585067848.042013 -252.122802734 8.436553955 9.021352768 -0.033170789 -0.036573302 -0.727025747 0.684832573
1585067848.075014 -252.168334961 8.438385010 9.023377419 -0.033236176 -0.036550991 -0.726933360 0.684928656
1585067848.108014 -252.211944580 8.440124512 9.025245667 -0.033345670 -0.036495768 -0.726845980 0.685019016
1585067848.141014 -252.253631592 8.441711426 9.027039528 -0.033423990 -0.036457811 -0.726764560 0.685103595
1585067848.174014 -252.293548584 8.443145752 9.028793335 -0.033549368 -0.036372844 -0.726694584 0.685176194
1585067848.207014 -252.388580322 8.455291748 9.032143593 0.033579264 0.036196806 0.726658940 -0.685221970
1585067848.240014 -252.425048828 8.456451416 9.033758163 0.033668399 0.036095571 0.726601779 -0.685283422
1585067848.273014 -252.460021973 8.457489014 9.035334587 0.033727139 0.036012266 0.726552963 -0.685336769
1585067848.306014 -252.493301392 8.458221436 9.036902428 0.033785552 0.035915501 0.726494730 -0.685400605
1585067848.339014 -252.529769897 8.458312988 9.037908554 -0.033921394 -0.035748798 -0.726484954 0.685413063
1585067848.372014 -252.561157227 8.458770752 9.039228439 -0.033969015 -0.035667773 -0.726440430 0.685462117
1585067848.405015 -252.591033936 8.459197998 9.040395737 -0.034057766 -0.035544343 -0.726397932 0.685509145
1585067848.438015 -252.619369507 8.459381104 9.041547775 -0.034094483 -0.035405748 -0.726367474 0.685546696
1585067848.471015 -252.646148682 8.459564209 9.042584419 -0.034117728 -0.035312105 -0.726365209 0.685552776
1585067848.504014 -252.671493530 8.459686279 9.043647766 -0.034104735 -0.035281654 -0.726350963 0.685570121
1585067848.537015 -252.695251465 8.459899902 9.044557571 -0.034153879 -0.035226472 -0.726325989 0.685596943
1585067848.570015 -252.778182983 8.474395752 9.049136162 0.034202009 0.035179771 0.726248264 -0.685679317
1585067848.603015 -252.799133301 8.474609375 9.049742699 0.034296568 0.035085890 0.726211309 -0.685718536
1585067848.636015 -252.818817139 8.474822998 9.050339699 0.034412380 0.035001799 0.726158679 -0.685772836
1585067848.669015 -252.837051392 8.474884033 9.050972939 0.034467574 0.034992047 0.726101995 -0.685830474
1585067848.702015 -252.854003906 8.475128174 9.051564217 0.034526467 0.035010379 0.726063728 -0.685867190
1585067848.735015 -252.876449585 8.477691650 9.051869392 -0.034700360 -0.035031017 -0.726083994 0.685835779
1585067848.768015 -252.891983032 8.478088379 9.052325249 -0.034760058 -0.035014376 -0.726088166 0.685829282
1585067848.801015 -252.906158447 8.478240967 9.052717209 -0.034819692 -0.034954712 -0.726093531 0.685823619
1585067848.834015 -252.919113159 8.478424072 9.053153038 -0.034839239 -0.034881141 -0.726106465 0.685812652
1585067848.867015 -252.930847168 8.478485107 9.053528786 -0.034806788 -0.034840446 -0.726113260 0.685809255
1585067848.900016 -252.941314697 8.478302002 9.053930283 -0.034790780 -0.034799788 -0.726093709 0.685832739
1585067848.933016 -252.950637817 8.478210449 9.054327011 -0.034793641 -0.034721829 -0.726070821 0.685860813
1585067848.966016 -252.958831787 8.478088379 9.054688454 -0.034804132 -0.034634508 -0.726042449 0.685894728
1585067848.999016 -252.965972900 8.477844238 9.054980278 -0.034835719 -0.034528054 -0.726000905 0.685942411
1585067849.032016 -252.972213745 8.477691650 9.055256844 -0.034810752 -0.034446705 -0.725957394 0.685993910
1585067849.065016 -252.977523804 8.477569580 9.055568695 -0.034807649 -0.034376048 -0.725919962 0.686037123
1585067849.098016 -253.048339844 8.485473633 9.060545921 0.034950227 0.034386996 0.725918531 -0.686030805
1585067849.131016 -253.051742554 8.485412598 9.060633659 0.034958899 0.034323841 0.725905180 -0.686047673
1585067849.164016 -253.054336548 8.485595703 9.060437202 0.035013404 0.034239329 0.725917280 -0.686036348
1585067849.197016 -253.055923462 8.485656738 9.060191154 0.035107195 0.034155522 0.725937724 -0.686014175
1585067849.230016 -253.056701660 8.485717773 9.059661865 0.035195500 0.034066994 0.725936174 -0.686015725
1585067849.263016 -253.062652588 8.486114502 9.060446739 -0.035368264 -0.033933841 -0.725968242 0.685979366
1585067849.296017 -253.063583374 8.486389160 9.060214996 -0.035462346 -0.033844188 -0.725928128 0.686021388
1585067849.329017 -253.064025879 8.486694336 9.059903145 -0.035596699 -0.033759918 -0.725887179 0.686061978
1585067849.362017 -253.063934326 8.486999512 9.059624672 -0.035765316 -0.033623658 -0.725849092 0.686100125
1585067849.395017 -253.063629150 8.487213135 9.059250832 -0.035916388 -0.033489160 -0.725851297 0.686096549
1585067849.428017 -253.062988281 8.487365723 9.058895111 -0.036057055 -0.033350978 -0.725854516 0.686092496
1585067849.461017 -253.062332153 8.487396240 9.058627129 -0.036173876 -0.033236369 -0.725879073 0.686065853
1585067849.494017 -253.061538696 8.487487793 9.058124542 -0.036228828 -0.033120770 -0.725928664 0.686016083
1585067849.527017 -253.060623169 8.487731934 9.057870865 -0.036311299 -0.033011224 -0.725947857 0.685996771
1585067849.560017 -253.059692383 8.487792969 9.057339668 -0.036361396 -0.032887880 -0.725958705 0.685988486
1585067849.593017 -253.058944702 8.488037109 9.056870461 -0.036412861 -0.032775640 -0.725945294 0.686005354
1585067849.626017 -253.100387573 8.485809326 9.060702324 0.036520064 0.032614350 0.726016164 -0.685932398
1585067849.659018 -253.100540161 8.486022949 9.060115814 -0.036549177 -0.032587256 -0.725997388 0.685952008
1585067849.692017 -253.100479126 8.486297607 9.059567451 -0.036586609 -0.032538936 -0.725955546 0.685996532
1585067849.725018 -253.100662231 8.486602783 9.059062958 -0.036616676 -0.032504346 -0.725928068 0.686025620
1585067849.758018 -253.100967407 8.486938477 9.058497429 -0.036671575 -0.032452356 -0.725910604 0.686043680
1585067849.791018 -253.101440430 8.487243652 9.057847977 -0.036705967 -0.032421201 -0.725911319 0.686042547
1585067849.824018 -253.101806641 8.487823486 9.057308197 -0.036707640 -0.032414496 -0.725908518 0.686045825
1585067849.857018 -253.102462769 8.488128662 9.056768417 -0.036727540 -0.032409810 -0.725919843 0.686032891
1585067849.890018 -253.103134155 8.488586426 9.056203842 -0.036723521 -0.032424487 -0.725910604 0.686042190
1585067849.923018 -253.103958130 8.489105225 9.055733681 -0.036768496 -0.032414000 -0.725908041 0.686043024
1585067849.956018 -253.104965210 8.489624023 9.055276871 -0.036803242 -0.032421358 -0.725886405 0.686063707
1585067849.989018 -253.105957031 8.490356445 9.054719925 -0.036817461 -0.032414339 -0.725866258 0.686084628
1585067850.022018 -253.107040405 8.490997314 9.054335594 -0.036832329 -0.032409918 -0.725842178 0.686109483
1585067850.055018 -253.108123779 8.491455078 9.053880692 -0.036834564 -0.032412272 -0.725814641 0.686138332
1585067850.088018 -253.109390259 8.492126465 9.053499222 -0.036838349 -0.032417797 -0.725803316 0.686149895
1585067850.121018 -253.110641479 8.492767334 9.053270340 -0.036843203 -0.032447539 -0.725809813 0.686141253
1585067850.154019 -253.141616821 8.486053467 9.061292648 0.036626697 0.032426368 0.725955725 -0.685999513
1585067850.187019 -253.142547607 8.486511230 9.061182022 0.036581427 0.032431901 0.725950718 -0.686007023
1585067850.220019 -253.143615723 8.486999512 9.060905457 0.036528081 0.032467935 0.725964785 -0.685993195
1585067850.253019 -253.144348145 8.487335205 9.060849190 0.036468834 0.032504801 0.725951254 -0.686008930
1585067850.286019 -253.144607544 8.487792969 9.060812950 0.036427289 0.032540940 0.725934505 -0.686027169
1585067850.319019 -253.144302368 8.488922119 9.058878899 -0.036444727 -0.032525882 -0.725946128 0.686014712
1585067850.352019 -253.143905640 8.489562988 9.058307648 -0.036446720 -0.032514133 -0.725899518 0.686064482
1585067850.385019 -253.143035889 8.490112305 9.057779312 -0.036466330 -0.032498356 -0.725859761 0.686106205
1585067850.418019 -253.141876221 8.490692139 9.057232857 -0.036498874 -0.032474894 -0.725828648 0.686138451
1585067850.451019 -253.140380859 8.491363525 9.056688309 -0.036505762 -0.032465558 -0.725803077 0.686165690
1585067850.484019 -253.138565063 8.491851807 9.056141853 -0.036519468 -0.032483112 -0.725788474 0.686179519
1585067850.517020 -253.136474609 8.492401123 9.055661201 -0.036535829 -0.032451019 -0.725782394 0.686186552
1585067850.550019 -253.134353638 8.492889404 9.055307388 -0.036581725 -0.032427538 -0.725793481 0.686173558
1585067850.583019 -253.132263184 8.493286133 9.054953575 -0.036666453 -0.032365471 -0.725796580 0.686168671
1585067850.616019 -253.130401611 8.493804932 9.054897308 -0.036730051 -0.032299142 -0.725780010 0.686185896
1585067850.649020 -253.128845215 8.494201660 9.054760933 -0.036759406 -0.032276396 -0.725756109 0.686210632
1585067850.682019 -253.153198242 8.487060547 9.062746048 0.036745369 0.032455735 0.725910068 -0.686040163
1585067850.715020 -253.152359009 8.487365723 9.062779427 0.036777433 0.032443803 0.725889504 -0.686060727
1585067850.748020 -253.151626587 8.487579346 9.063047409 0.036768287 0.032474875 0.725883961 -0.686065674
1585067850.781020 -253.151000977 8.487426758 9.063311577 0.036735378 0.032512095 0.725881577 -0.686068058
1585067850.814020 -253.149444580 8.488616943 9.060910225 -0.036733862 -0.032477092 -0.725887299 0.686063826
1585067850.847020 -253.148315430 8.489013672 9.060344696 -0.036684453 -0.032492898 -0.725880206 0.686073244
1585067850.880020 -253.147171021 8.489410400 9.059749603 -0.036696196 -0.032490179 -0.725866795 0.686087012
1585067850.913020 -253.145965576 8.489807129 9.059264183 -0.036743578 -0.032480787 -0.725849330 0.686103284
1585067850.946020 -253.144790649 8.490356445 9.058753967 -0.036809947 -0.032436546 -0.725832880 0.686119199
1585067850.979020 -253.143692017 8.490753174 9.058376312 -0.036864992 -0.032395646 -0.725805700 0.686146915
1585067851.012021 -253.142700195 8.491180420 9.058098793 -0.036888033 -0.032399759 -0.725790739 0.686161339
1585067851.045020 -253.141738892 8.491699219 9.057691574 -0.036885198 -0.032426290 -0.725786626 0.686164618
1585067851.078021 -253.140930176 8.492126465 9.057500839 -0.036860760 -0.032472499 -0.725781560 0.686169088
1585067851.111021 -253.140228271 8.492492676 9.057340622 -0.036829140 -0.032502517 -0.725777805 0.686173379
1585067851.144021 -253.139648438 8.492736816 9.057226181 -0.036822166 -0.032516401 -0.725759208 0.686192751
1585067851.177021 -253.138992310 8.492950439 9.057352066 -0.036860641 -0.032508578 -0.725764692 0.686185181
1585067851.210021 -253.152526855 8.487274170 9.062611580 0.036718726 0.032473084 0.725907087 -0.686043859
1585067851.243021 -253.152328491 8.487365723 9.062791824 0.036748737 0.032457858 0.725898862 -0.686051726
1585067851.276021 -253.152130127 8.487365723 9.063095093 0.036751390 0.032480508 0.725879729 -0.686070740
1585067851.309021 -253.152008057 8.487396240 9.063370705 0.036722600 0.032510545 0.725872517 -0.686078489
1585067851.342021 -253.152114868 8.487518311 9.063573837 0.036709577 0.032517504 0.725867033 -0.686084688
1585067851.375021 -253.149536133 8.489105225 9.060947418 -0.036747187 -0.032439347 -0.725853562 0.686100602
1585067851.408021 -253.149063110 8.489379883 9.060626984 -0.036773559 -0.032438129 -0.725845158 0.686108172
1585067851.441021 -253.148574829 8.489685059 9.060335159 -0.036797971 -0.032454733 -0.725827694 0.686124563
1585067851.474022 -253.148117065 8.490051270 9.060039520 -0.036786705 -0.032481760 -0.725821733 0.686130166
1585067851.507022 -253.147705078 8.490478516 9.059801102 -0.036782444 -0.032544434 -0.725806773 0.686143279
1585067851.540022 -253.147232056 8.490783691 9.059666634 -0.036773112 -0.032582656 -0.725791395 0.686158180
1585067851.573022 -253.146850586 8.491058350 9.059551239 -0.036825266 -0.032581370 -0.725789785 0.686157107
1585067851.606022 -253.146453857 8.491241455 9.059577942 -0.036869731 -0.032564431 -0.725788891 0.686156452
1585067851.639022 -253.146072388 8.491333008 9.059580803 -0.036912527 -0.032559123 -0.725784123 0.686159432
1585067851.672022 -253.145843506 8.491363525 9.059753418 -0.036902390 -0.032586664 -0.725785494 0.686157227
1585067851.705022 -253.145858765 8.491333008 9.060076714 -0.036905825 -0.032615568 -0.725790203 0.686150789
1585067851.738022 -253.151458740 8.487945557 9.062464714 0.036731303 0.032512970 0.725887060 -0.686062515
1585067851.771022 -253.151580811 8.487762451 9.062828064 0.036735769 0.032518674 0.725889683 -0.686059177
1585067851.804022 -253.151794434 8.487640381 9.063361168 0.036750138 0.032507546 0.725893021 -0.686055481
1585067851.837023 -253.152191162 8.487518311 9.063994408 0.036753625 0.032505851 0.725897193 -0.686050951
1585067851.870022 -253.152709961 8.487060547 9.064713478 0.036737889 0.032514002 0.725900233 -0.686048210
1585067851.903023 -253.151596069 8.488311768 9.062149048 -0.036739942 -0.032518569 -0.725882947 0.686066151
1585067851.936023 -253.151672363 8.488311768 9.062152863 -0.036723912 -0.032565620 -0.725874901 0.686073303
1585067851.969023 -253.151748657 8.488372803 9.062082291 -0.036739077 -0.032564376 -0.725870311 0.686077356
1585067852.002023 -253.151809692 8.488433838 9.062076569 -0.036773589 -0.032554418 -0.725880682 0.686065018
1585067852.035023 -253.151885986 8.488464355 9.062129021 -0.036798086 -0.032547437 -0.725883782 0.686060786
1585067852.068023 -253.151977539 8.488494873 9.062207222 -0.036783487 -0.032572590 -0.725874424 0.686070263
1585067852.101023 -253.152145386 8.488555908 9.062211990 -0.036743905 -0.032631587 -0.725872874 0.686071217
1585067852.134023 -253.152359009 8.488525391 9.062369347 -0.036721434 -0.032668151 -0.725869417 0.686074317
1585067852.167023 -253.152481079 8.488494873 9.062590599 -0.036751535 -0.032657739 -0.725870073 0.686072469
1585067852.200023 -253.152633667 8.488555908 9.062730789 -0.036774632 -0.032642752 -0.725875974 0.686065733
1585067852.233023 -253.152877808 8.488433838 9.062988281 -0.036800742 -0.032642003 -0.725869536 0.686071277
1585067852.266023 -253.151443481 8.487976074 9.062360764 0.036774728 0.032563496 0.725884378 -0.686060667
1585067852.299024 -253.151596069 8.487945557 9.062573433 0.036758009 0.032594342 0.725903332 -0.686039984
1585067852.332024 -253.151550293 8.488128662 9.062535286 -0.036732290 -0.032611515 -0.725890577 0.686054051
1585067852.365024 -253.151535034 8.488159180 9.062602997 -0.036759261 -0.032602426 -0.725882828 0.686061263
1585067852.398024 -253.151657104 8.488189697 9.062682152 -0.036775474 -0.032589566 -0.725873291 0.686071098
1585067852.431024 -253.151748657 8.488250732 9.062768936 -0.036803838 -0.032585658 -0.725879729 0.686062872
1585067852.464024 -253.151809692 8.488250732 9.062811852 -0.036775231 -0.032619156 -0.725873113 0.686069846
1585067852.497024 -253.152038574 8.488372803 9.062910080 -0.036759257 -0.032657731 -0.725867033 0.686075330
1585067852.530024 -253.152069092 8.488342285 9.063026428 -0.036751568 -0.032679047 -0.725864291 0.686077595
1585067852.563024 -253.152236938 8.488403320 9.063018799 -0.036770254 -0.032681119 -0.725868106 0.686072528
1585067852.596024 -253.152252197 8.488433838 9.063195229 -0.036799941 -0.032668214 -0.725873888 0.686065376
1585067852.629024 -253.152435303 8.488342285 9.063239098 -0.036796272 -0.032679170 -0.725871801 0.686067224
1585067852.662024 -253.152603149 8.488403320 9.063316345 -0.036788672 -0.032680362 -0.725871205 0.686068296
1585067852.695024 -253.152786255 8.488342285 9.063334465 -0.036754429 -0.032715783 -0.725878775 0.686060369
1585067852.728024 -253.152893066 8.488403320 9.063336372 -0.036774278 -0.032705210 -0.725884438 0.686053872
1585067852.761024 -253.153045654 8.488220215 9.063344955 -0.036790371 -0.032695144 -0.725876212 0.686062098
1585067852.794025 -253.151321411 8.487854004 9.062375069 0.036842380 0.032586433 0.725868881 -0.686072290
1585067852.827025 -253.151397705 8.487823486 9.062339783 0.036826108 0.032605298 0.725864470 -0.686076880
1585067852.860025 -253.151718140 8.487945557 9.062437057 -0.036815319 -0.032612193 -0.725865066 0.686076581
1585067852.893025 -253.151977539 8.488006592 9.062400818 -0.036781520 -0.032629874 -0.725870967 0.686071217
1585067852.926025 -253.152160645 8.488037109 9.062432289 -0.036780268 -0.032651264 -0.725859761 0.686082125
1585067852.959025 -253.152328491 8.487976074 9.062447548 -0.036797464 -0.032649469 -0.725870371 0.686070085
1585067852.992025 -253.152648926 8.488067627 9.062386513 -0.036796808 -0.032665424 -0.725865841 0.686074257
1585067853.025025 -253.152786255 8.488006592 9.062491417 -0.036789984 -0.032688666 -0.725864351 0.686074972
1585067853.058025 -253.153015137 8.488128662 9.062439919 -0.036773622 -0.032718912 -0.725860178 0.686078906
1585067853.091025 -253.153076172 8.488220215 9.062506676 -0.036789451 -0.032714460 -0.725859165 0.686079383
1585067853.124025 -253.153289795 8.488189697 9.062496185 -0.036797468 -0.032723162 -0.725860178 0.686077416
1585067853.157026 -253.153411865 8.488098145 9.062551498 -0.036806911 -0.032708220 -0.725862622 0.686074972
1585067853.190026 -253.153594971 8.488098145 9.062541008 -0.036778271 -0.032724790 -0.725866079 0.686072052
1585067853.223026 -253.153762817 8.488098145 9.062548637 -0.036757052 -0.032760605 -0.725859165 0.686078906
1585067853.256026 -253.153762817 8.488006592 9.062588692 -0.036774371 -0.032772694 -0.725853264 0.686083615
1585067853.289026 -253.153778076 8.488128662 9.062604904 -0.036789242 -0.032772344 -0.725860000 0.686075628
1585067853.322026 -253.151565552 8.487884521 9.062163353 0.036871344 0.032612376 0.725868046 -0.686070323
1585067853.355026 -253.151672363 8.487945557 9.062100410 0.036858231 0.032612149 0.725865245 -0.686074018
1585067853.388026 -253.154022217 8.488342285 9.061870575 -0.036911905 -0.032515131 -0.725870252 0.686070442
1585067853.421026 -253.152130127 8.488037109 9.062070847 -0.036837310 -0.032623775 -0.725866377 0.686073422
1585067853.454026 -253.154373169 8.488403320 9.061896324 -0.036854863 -0.032569367 -0.725867987 0.686073363
1585067853.487026 -253.152465820 8.488128662 9.062105179 -0.036812901 -0.032667436 -0.725862622 0.686076701
1585067853.520026 -253.154632568 8.488464355 9.061853409 -0.036868993 -0.032568861 -0.725862741 0.686078191
1585067853.553027 -253.154876709 8.488464355 9.061915398 -0.036877666 -0.032585084 -0.725865543 0.686074018
1585067853.586026 -253.154922485 8.488555908 9.061866760 -0.036862765 -0.032575123 -0.725868940 0.686071694
1585067853.619027 -253.155090332 8.488555908 9.061798096 -0.036848575 -0.032596916 -0.725858808 0.686082125
1585067853.652027 -253.153152466 8.488189697 9.062170982 -0.036768049 -0.032726660 -0.725862384 0.686076462
1585067853.685027 -253.155410767 8.488525391 9.061809540 -0.036820114 -0.032639541 -0.725860953 0.686079323
1585067853.718027 -253.155349731 8.488433838 9.061946869 -0.036826611 -0.032635715 -0.725852728 0.686087847
1585067853.751027 -253.153442383 8.488220215 9.062236786 -0.036810730 -0.032711443 -0.725849569 0.686088502
1585067853.784027 -253.155410767 8.488403320 9.061964989 -0.036858980 -0.032625917 -0.725858510 0.686080515
1585067853.817027 -253.155349731 8.488525391 9.062011719 -0.036846489 -0.032639075 -0.725858569 0.686080456
1585067853.850027 -253.152252197 8.487579346 9.063611984 0.036688600 0.032588486 0.725908577 -0.686038435
1585067853.883027 -253.152328491 8.487579346 9.063559532 0.036692142 0.032594882 0.725903630 -0.686043262
1585067853.916027 -253.152160645 8.487670898 9.063620567 0.036686067 0.032582194 0.725894988 -0.686053276
1585067853.949027 -253.152114868 8.487609863 9.063673019 0.036718428 0.032575939 0.725901961 -0.686044335
1585067853.982028 -253.152008057 8.487670898 9.063745499 0.036721021 0.032585081 0.725901246 -0.686044574
1585067854.015028 -253.154220581 8.489074707 9.061344147 -0.036884163 -0.032512479 -0.725860417 0.686082542
1585067854.048028 -253.153015137 8.487854004 9.063344002 -0.036714971 -0.032611545 -0.725884318 0.686061621
1585067854.081028 -253.155731201 8.489349365 9.061057091 -0.036884550 -0.032540679 -0.725858986 0.686082661
1585067854.114028 -253.153289795 8.487792969 9.063303947 -0.036716048 -0.032645464 -0.725883424 0.686060846
1585067854.147028 -253.154708862 8.488922119 9.061245918 -0.036891341 -0.032575060 -0.725854099 0.686085820
1585067854.180028 -253.156051636 8.489074707 9.061021805 -0.036903296 -0.032545827 -0.725859702 0.686080635
1585067854.213028 -253.154754639 8.488739014 9.061263084 -0.036885504 -0.032609940 -0.725850523 0.686088324
1585067854.246028 -253.156173706 8.488952637 9.061058998 -0.036904067 -0.032589234 -0.725868821 0.686068892
1585067854.279028 -253.156188965 8.488769531 9.061037064 -0.036875516 -0.032605786 -0.725871444 0.686066866
1585067854.312028 -253.155075073 8.488403320 9.061339378 -0.036852062 -0.032648899 -0.725864410 0.686073482
1585067854.345028 -253.155059814 8.488464355 9.061390877 -0.036874294 -0.032634780 -0.725857854 0.686080039
1585067854.378029 -253.152374268 8.487030029 9.062017441 0.036775291 0.032449670 0.725901067 -0.686048269
1585067854.411028 -253.152282715 8.486907959 9.062032700 0.036785483 0.032461412 0.725905657 -0.686042309
1585067854.444029 -253.152221680 8.486816406 9.062077522 0.036794454 0.032479648 0.725904346 -0.686042428
1585067854.477029 -253.151947021 8.486816406 9.062239647 0.036769122 0.032485738 0.725900888 -0.686047196
1585067854.510029 -253.151733398 8.486663818 9.062340736 0.036776692 0.032466941 0.725895703 -0.686053157
1585067854.543029 -253.153533936 8.488037109 9.061296463 -0.036951754 -0.032483809 -0.725873530 0.686066389
1585067854.576029 -253.152496338 8.487060547 9.061688423 -0.036776062 -0.032471944 -0.725889742 0.686059177
1585067854.609029 -253.152542114 8.487030029 9.061679840 -0.036774304 -0.032491863 -0.725885987 0.686062336
1585067854.642029 -253.153533936 8.487945557 9.061202049 -0.036884516 -0.032543372 -0.725870967 0.686069787
1585067854.675029 -253.153549194 8.488006592 9.061197281 -0.036865592 -0.032568328 -0.725866199 0.686074734
1585067854.708029 -253.153503418 8.488006592 9.061175346 -0.036872987 -0.032575864 -0.725868165 0.686071873
1585067854.741029 -253.152542114 8.487091064 9.061712265 -0.036730770 -0.032547355 -0.725897968 0.686049402
1585067854.774029 -253.153488159 8.488067627 9.061251640 -0.036886219 -0.032586779 -0.725863159 0.686075985
1585067854.807029 -253.153457642 8.488067627 9.061311722 -0.036897302 -0.032582346 -0.725865483 0.686073065
1585067854.840029 -253.153411865 8.487976074 9.061369896 -0.036888931 -0.032601506 -0.725862443 0.686075866
1585067854.873030 -253.152359009 8.487091064 9.061926842 -0.036737412 -0.032574486 -0.725888371 0.686057925
1585067854.906029 -253.152389526 8.487823486 9.063363075 0.036773711 0.032601040 0.725876749 -0.686066866
1585067854.939030 -253.152359009 8.487854004 9.063418388 0.036781669 0.032611303 0.725871921 -0.686071157
1585067854.972030 -253.152236938 8.487854004 9.063502312 0.036780715 0.032609321 0.725876629 -0.686066270
1585067855.005030 -253.152160645 8.487854004 9.063600540 0.036786616 0.032598548 0.725877762 -0.686065257
1585067855.038030 -253.152145386 8.487823486 9.063651085 0.036765665 0.032614976 0.725874543 -0.686069012
1585067855.071030 -253.152328491 8.487487793 9.061312675 -0.036930412 -0.032487635 -0.725853443 0.686088562
1585067855.104030 -253.152282715 8.487579346 9.061327934 -0.036923651 -0.032509450 -0.725852132 0.686089337
1585067855.137030 -253.152267456 8.487457275 9.061258316 -0.036919087 -0.032530986 -0.725851834 0.686088800
1585067855.170030 -253.152328491 8.487487793 9.061174393 -0.036918730 -0.032537490 -0.725852609 0.686087728
1585067855.203030 -253.152252197 8.487487793 9.061162949 -0.036924932 -0.032548159 -0.725854933 0.686084449
1585067855.236031 -253.152221680 8.487518311 9.061214447 -0.036919117 -0.032578062 -0.725842953 0.686095953
1585067855.269030 -253.152191162 8.487640381 9.061226845 -0.036910355 -0.032579254 -0.725847781 0.686091304
1585067855.302031 -253.152130127 8.487701416 9.061259270 -0.036910746 -0.032592986 -0.725856543 0.686081350
1585067855.335031 -253.152114868 8.487762451 9.061252594 -0.036907762 -0.032596707 -0.725849628 0.686088622
1585067855.368031 -253.152114868 8.487823486 9.061345100 -0.036898527 -0.032584552 -0.725859225 0.686079621
1585067855.401031 -253.152191162 8.487945557 9.061458588 -0.036888778 -0.032560740 -0.725851059 0.686089873
1585067855.434031 -253.152755737 8.487945557 9.063462257 0.036797732 0.032590877 0.725871444 -0.686071813
1585067855.467031 -253.152862549 8.488037109 9.063509941 0.036801334 0.032598406 0.725869358 -0.686073422
1585067855.500031 -253.152969360 8.488098145 9.063565254 0.036789324 0.032606907 0.725876510 -0.686066151
1585067855.533031 -253.152984619 8.488189697 9.063717842 0.036787778 0.032615516 0.725872278 -0.686070323
1585067855.566031 -253.152938843 8.488037109 9.063795090 0.036803037 0.032611147 0.725873291 -0.686068654
1585067855.599031 -253.152938843 8.488006592 9.063444138 -0.036819398 -0.032583456 -0.725861251 0.686081767
1585067855.632031 -253.153457642 8.488433838 9.062217712 -0.036914025 -0.032559343 -0.725866497 0.686072290
1585067855.665031 -253.152893066 8.488098145 9.063335419 -0.036787089 -0.032645382 -0.725862741 0.686078966
1585067855.698032 -253.153182983 8.487579346 9.061876297 -0.036838412 -0.032448854 -0.725866258 0.686081886
1585067855.731032 -253.153106689 8.487609863 9.061855316 -0.036819015 -0.032461140 -0.725868165 0.686080277
1585067855.764032 -253.152999878 8.488128662 9.063310623 -0.036759995 -0.032656893 -0.725866437 0.686075926
1585067855.797032 -253.153167725 8.488494873 9.061981201 -0.036859483 -0.032622598 -0.725844979 0.686094880
1585067855.830032 -253.153167725 8.488555908 9.062060356 -0.036863778 -0.032619767 -0.725850761 0.686088741
1585067855.863032 -253.153198242 8.488555908 9.062073708 -0.036852125 -0.032632370 -0.725849986 0.686089635
1585067855.896032 -253.152816772 8.488311768 9.063413620 -0.036715657 -0.032693330 -0.725859642 0.686083853
1585067855.929032 -253.152847290 8.488220215 9.063395500 -0.036710344 -0.032689195 -0.725860476 0.686083317
1585067855.962032 -253.152603149 8.487548828 9.062716484 0.036800954 0.032612111 0.725882232 -0.686059177
1585067855.995032 -253.152572632 8.487548828 9.062725067 0.036798686 0.032611620 0.725880027 -0.686061621
1585067856.028032 -253.152496338 8.487518311 9.062788963 0.036799967 0.032609850 0.725884259 -0.686057210
1585067856.061033 -253.152511597 8.487518311 9.062798500 0.036800895 0.032613732 0.725892603 -0.686048150
1585067856.094032 -253.152465820 8.487426758 9.062836647 0.036781758 0.032622751 0.725886106 -0.686055601
1585067856.127033 -253.152542114 8.487640381 9.062727928 -0.036769185 -0.032601357 -0.725882471 0.686061144
1585067856.160033 -253.152481079 8.487701416 9.062707901 -0.036766708 -0.032636277 -0.725879967 0.686062217
1585067856.193033 -253.152496338 8.487670898 9.062668800 -0.036765873 -0.032651223 -0.725881696 0.686059713
1585067856.226033 -253.152359009 8.487762451 9.062662125 -0.036760986 -0.032653503 -0.725882411 0.686059117
1585067856.259033 -253.152328491 8.487762451 9.062708855 -0.036766320 -0.032674327 -0.725878477 0.686061978
1585067856.292033 -253.152465820 8.487762451 9.062673569 -0.036758542 -0.032698855 -0.725869179 0.686071157
1585067856.325033 -253.152343750 8.487701416 9.062693596 -0.036761910 -0.032695878 -0.725870013 0.686070144
1585067856.358033 -253.152435303 8.487823486 9.062691689 -0.036742032 -0.032704912 -0.725874066 0.686066628
1585067856.391033 -253.152313232 8.487701416 9.062738419 -0.036758304 -0.032692272 -0.725870192 0.686070323
1585067856.424033 -253.152297974 8.487792969 9.062819481 -0.036761884 -0.032678772 -0.725882113 0.686058223
1585067856.457033 -253.152343750 8.487670898 9.062814713 -0.036760036 -0.032693584 -0.725879848 0.686060011
1585067856.490033 -253.150512695 8.486541748 9.062837601 0.036763523 0.032622922 0.725905120 -0.686036527
1585067856.523034 -253.150543213 8.486419678 9.062776566 -0.036773980 -0.032616578 -0.725901186 0.686040401
1585067856.556034 -253.150421143 8.486389160 9.062795639 -0.036765605 -0.032620382 -0.725902200 0.686039567
1585067856.589034 -253.150390625 8.486358643 9.062765121 -0.036771357 -0.032621965 -0.725901783 0.686039567
1585067856.622034 -253.150299072 8.486297607 9.062735558 -0.036787659 -0.032630727 -0.725900531 0.686039627
1585067856.655034 -253.150375366 8.486267090 9.062664986 -0.036774606 -0.032637775 -0.725896478 0.686044335
1585067856.688034 -253.150360107 8.486206055 9.062663078 -0.036765516 -0.032637462 -0.725906849 0.686033845
1585067856.721034 -253.150222778 8.486206055 9.062684059 -0.036767542 -0.032647610 -0.725906014 0.686034083
1585067856.754034 -253.150222778 8.486145020 9.062617302 -0.036776185 -0.032652210 -0.725907803 0.686031580
1585067856.787034 -253.150283813 8.486206055 9.062634468 -0.036779761 -0.032627344 -0.725900292 0.686040521
1585067856.820034 -253.150070190 8.486236572 9.062681198 -0.036788616 -0.032618281 -0.725901186 0.686039567
1585067856.853034 -253.150070190 8.486206055 9.062671661 -0.036778003 -0.032628186 -0.725905240 0.686035335
1585067856.886034 -253.151779175 8.487335205 9.061917305 -0.036850214 -0.032566600 -0.725884318 0.686056495
1585067856.919034 -253.150085449 8.486480713 9.062778473 -0.036771238 -0.032650612 -0.725905299 0.686034560
1585067856.952034 -253.149963379 8.486572266 9.062895775 -0.036761403 -0.032657851 -0.725905716 0.686034203
1585067856.985035 -253.150070190 8.486755371 9.062874794 -0.036789060 -0.032651979 -0.725894213 0.686045229
1585067857.018035 -253.150405884 8.486419678 9.062720299 0.036802620 0.032635517 0.725896597 -0.686042726
1585067857.051035 -253.150619507 8.486694336 9.062555313 0.036802471 0.032636385 0.725886822 -0.686053097
1585067857.084035 -253.150680542 8.486877441 9.062636375 0.036813527 0.032627493 0.725892782 -0.686046600
1585067857.117035 -253.150711060 8.486968994 9.062576294 0.036825418 0.032654680 0.725898445 -0.686038673
1585067857.150035 -253.150894165 8.487121582 9.062591553 0.036816448 0.032660458 0.725897014 -0.686040401
1585067857.183035 -253.149948120 8.486297607 9.062353134 -0.036837012 -0.032605592 -0.725908637 0.686029553
1585067857.216035 -253.149963379 8.486297607 9.062296867 -0.036808819 -0.032632284 -0.725909114 0.686029315
1585067857.249035 -253.149795532 8.486206055 9.062246323 -0.036792129 -0.032628760 -0.725906968 0.686032653
1585067857.282035 -253.149688721 8.486267090 9.062244415 -0.036798805 -0.032631945 -0.725906789 0.686032355
1585067857.315035 -253.149765015 8.486206055 9.062197685 -0.036781073 -0.032632321 -0.725900948 0.686039448
1585067857.348035 -253.149749756 8.486114502 9.062289238 -0.036771059 -0.032645978 -0.725895107 0.686045527
1585067857.381036 -253.149703979 8.486145020 9.062316895 -0.036783129 -0.032649692 -0.725895047 0.686044753
1585067857.414036 -253.149581909 8.486236572 9.062405586 -0.036778007 -0.032665025 -0.725898921 0.686040282
1585067857.447036 -253.150939941 8.487274170 9.061361313 -0.036879811 -0.032585856 -0.725858867 0.686080933
1585067857.480036 -253.149642944 8.486236572 9.062721252 -0.036795709 -0.032675382 -0.725893915 0.686044097
1585067857.513036 -253.150909424 8.487365723 9.061736107 -0.036897779 -0.032614216 -0.725842655 0.686095715
1585067857.546036 -253.151611328 8.486602783 9.062365532 0.036861807 0.032538943 0.725895107 -0.686045766
1585067857.579036 -253.151687622 8.486724854 9.062534332 0.036858022 0.032546673 0.725898266 -0.686042309
1585067857.612036 -253.151748657 8.486602783 9.062735558 0.036846668 0.032543201 0.725889206 -0.686052680
1585067857.645036 -253.151870728 8.486755371 9.062811852 0.036851704 0.032535557 0.725897074 -0.686044455
1585067857.678036 -253.152206421 8.486785889 9.062853813 0.036840077 0.032535572 0.725893795 -0.686048448
1585067857.711036 -253.151763916 8.486541748 9.062167168 -0.036871552 -0.032502409 -0.725882292 0.686060548
1585067857.744036 -253.151748657 8.486541748 9.062089920 -0.036882639 -0.032503076 -0.725884080 0.686058044
1585067857.777036 -253.151733398 8.486511230 9.062099457 -0.036865681 -0.032521747 -0.725891173 0.686050534
1585067857.810036 -253.151748657 8.486511230 9.062077522 -0.036849018 -0.032523409 -0.725892663 0.686049759
1585067857.843037 -253.151794434 8.486541748 9.062133789 -0.036849469 -0.032517560 -0.725894272 0.686048388
1585067857.876037 -253.151748657 8.486541748 9.062127113 -0.036834147 -0.032529090 -0.725895643 0.686047137
1585067857.909037 -253.151748657 8.486572266 9.062231064 -0.036833644 -0.032533906 -0.725887299 0.686055779
1585067857.942037 -253.151840210 8.486480713 9.062483788 0.036860708 0.032534577 0.725892544 -0.686048746
1585067857.975037 -253.151809692 8.486480713 9.062481880 0.036854476 0.032545928 0.725900233 -0.686040401
1585067858.008037 -253.151748657 8.486480713 9.062537193 0.036853611 0.032543905 0.725893974 -0.686047077
1585067858.041037 -253.151626587 8.486572266 9.062591553 0.036852751 0.032535803 0.725891173 -0.686050475
1585067858.074037 -253.151748657 8.486511230 9.062585831 0.036833256 0.032543108 0.725898147 -0.686043859
1585067858.107037 -253.150329590 8.483947754 9.063204765 -0.036792193 -0.032565113 -0.725901067 0.686041892
1585067858.140037 -253.150299072 8.482879639 9.062895775 -0.036743581 -0.032393344 -0.725943685 0.686007619
1585067858.173037 -253.150222778 8.483642578 9.063217163 -0.036766946 -0.032555167 -0.725927651 0.686015606
1585067858.206038 -253.150146484 8.483489990 9.063331604 -0.036760718 -0.032546639 -0.725945950 0.685996950
1585067858.239038 -253.150039673 8.482513428 9.063055038 -0.036714491 -0.032368496 -0.725979388 0.685972512
1585067858.272038 -253.149932861 8.483428955 9.063446999 -0.036726240 -0.032553717 -0.725955069 0.685988903
1585067858.305038 -253.149551392 8.483520508 9.063586235 -0.036726836 -0.032548472 -0.725961685 0.685982049
1585067858.338038 -253.149536133 8.483642578 9.063677788 -0.036729101 -0.032546714 -0.725963771 0.685979784
1585067858.371038 -253.149368286 8.483764648 9.063714027 -0.036738545 -0.032537449 -0.725958824 0.685984969
1585067858.404038 -253.149169922 8.484191895 9.063728333 -0.036738846 -0.032560740 -0.725944459 0.685999095
1585067858.437038 -253.149215698 8.484405518 9.063757896 -0.036743581 -0.032580055 -0.725946903 0.685995281
1585067858.470038 -253.151763916 8.487152100 9.062059402 0.036837995 0.032498438 0.725903749 -0.686039865
1585067858.503038 -253.151702881 8.487548828 9.062039375 0.036831822 0.032491222 0.725903809 -0.686040461
1585067858.536038 -253.151657104 8.487976074 9.062068939 0.036843449 0.032476261 0.725890994 -0.686054051
1585067858.569038 -253.151733398 8.488372803 9.062108040 0.036833704 0.032482944 0.725881338 -0.686064541
1585067858.602039 -253.151718140 8.488555908 9.062042236 0.036832713 0.032492779 0.725874424 -0.686071336
1585067858.635038 -253.151947021 8.488952637 9.061942101 0.036839809 0.032502159 0.725869715 -0.686075509
1585067858.668039 -253.150802612 8.486999512 9.062852859 -0.036811382 -0.032575157 -0.725888371 0.686053813
1585067858.701039 -253.150650024 8.486907959 9.062881470 -0.036808278 -0.032566756 -0.725892365 0.686050117
1585067858.734039 -253.150588989 8.486938477 9.062915802 -0.036815763 -0.032570660 -0.725891471 0.686050534
1585067858.767039 -253.150817871 8.486907959 9.063118935 -0.036814336 -0.032541189 -0.725898802 0.686044276
1585067858.800039 -253.150817871 8.486999512 9.063032150 -0.036825240 -0.032548118 -0.725894988 0.686047435
1585067858.833039 -253.150405884 8.486968994 9.062960625 -0.036830340 -0.032578580 -0.725894272 0.686046481
1585067858.866039 -253.150375366 8.487060547 9.062936783 -0.036828522 -0.032599848 -0.725892544 0.686047375
1585067858.899039 -253.150421143 8.487030029 9.062947273 -0.036815707 -0.032626342 -0.725880682 0.686059356
1585067858.932039 -253.150375366 8.487060547 9.063055038 -0.036816716 -0.032629337 -0.725887299 0.686052084
1585067858.965039 -253.150436401 8.487182617 9.062938690 -0.036803633 -0.032633614 -0.725884914 0.686055124
1585067858.998039 -253.152267456 8.487365723 9.062698364 0.036808312 0.032658655 0.725888252 -0.686050236
1585067859.031039 -253.152297974 8.487426758 9.062707901 0.036829021 0.032655519 0.725880265 -0.686057746
1585067859.064039 -253.152374268 8.487548828 9.062691689 0.036834147 0.032666158 0.725877047 -0.686060309
1585067859.097040 -253.152526855 8.487670898 9.062709808 0.036834743 0.032665018 0.725876868 -0.686060488
1585067859.130040 -253.152648926 8.487792969 9.062806129 0.036844581 0.032654148 0.725875735 -0.686061740
1585067859.163040 -253.151535034 8.487182617 9.061582565 -0.036866724 -0.032614142 -0.725889444 0.686047852
1585067859.196040 -253.151611328 8.487182617 9.061594963 -0.036867410 -0.032618631 -0.725887239 0.686049998
1585067859.229040 -253.151550293 8.487030029 9.061586380 -0.036856685 -0.032611299 -0.725883901 0.686054409
1585067859.262040 -253.151565552 8.487121582 9.061523438 -0.036849558 -0.032614246 -0.725883007 0.686055601
1585067859.295040 -253.151458740 8.487121582 9.061562538 -0.036851052 -0.032611307 -0.725886166 0.686052382
1585067859.328040 -253.151489258 8.487091064 9.061607361 -0.036839783 -0.032611042 -0.725889266 0.686049640
1585067859.361040 -253.151535034 8.487152100 9.061601639 -0.036831591 -0.032595024 -0.725891709 0.686048329
1585067859.394040 -253.151443481 8.487213135 9.061638832 -0.036835015 -0.032604039 -0.725888729 0.686050832
1585067859.427041 -253.151443481 8.487304688 9.061680794 -0.036825035 -0.032588579 -0.725884259 0.686056912
1585067859.460040 -253.151794434 8.487365723 9.061944008 -0.036812905 -0.032561183 -0.725892961 0.686049640
1585067859.493041 -253.151428223 8.487487793 9.061804771 -0.036826197 -0.032599490 -0.725884020 0.686056554
1585067859.526041 -253.152008057 8.487426758 9.062340736 0.036838416 0.032504059 0.725906909 -0.686036170
1585067859.559041 -253.152038574 8.487609863 9.062425613 0.036834661 0.032519974 0.725900233 -0.686042726
1585067859.592041 -253.152221680 8.487609863 9.062461853 0.036823988 0.032515336 0.725899637 -0.686044097
1585067859.625041 -253.151916504 8.487915039 9.062356949 -0.036804829 -0.032581281 -0.725880444 0.686062396
1585067859.658041 -253.152008057 8.488037109 9.062508583 -0.036806494 -0.032588150 -0.725881100 0.686061263
1585067859.691041 -253.151641846 8.487915039 9.062507629 -0.036821812 -0.032603689 -0.725877345 0.686063588
1585067859.724041 -253.152374268 8.488769531 9.062025070 -0.036888331 -0.032547202 -0.725874484 0.686065733
1585067859.757041 -253.152023315 8.488708496 9.061810493 -0.036915898 -0.032563142 -0.725864112 0.686074495
1585067859.790041 -253.151931763 8.488708496 9.061876297 -0.036907617 -0.032559738 -0.725859463 0.686080039
1585067859.823041 -253.151962280 8.488739014 9.061840057 -0.036906336 -0.032579951 -0.725860119 0.686078489
1585067859.856041 -253.151885986 8.488708496 9.061822891 -0.036893431 -0.032587048 -0.725861371 0.686077416
1585067859.889041 -253.151901245 8.488647461 9.061850548 -0.036870454 -0.032597423 -0.725859940 0.686079681
1585067859.922042 -253.152008057 8.488555908 9.061849594 -0.036863148 -0.032619655 -0.725856543 0.686082602
1585067859.955042 -253.152023315 8.488555908 9.061805725 -0.036851376 -0.032600004 -0.725862801 0.686077595
1585067859.988042 -253.152069092 8.488555908 9.061817169 -0.036878556 -0.032586813 -0.725856781 0.686083198
1585067860.021042 -253.152084351 8.488586426 9.061793327 -0.036877457 -0.032593064 -0.725849330 0.686090827
1585067860.054042 -253.151306152 8.487670898 9.062554359 0.036863748 0.032505527 0.725883543 -0.686059415
1585067860.087042 -253.151397705 8.487487793 9.062619209 0.036848277 0.032535691 0.725878716 -0.686064005
1585067860.120042 -253.151382446 8.487426758 9.062658310 0.036825925 0.032543629 0.725885868 -0.686057210
1585067860.153042 -253.151351929 8.487274170 9.062634468 0.036838233 0.032511480 0.725890040 -0.686053634
1585067860.186042 -253.151306152 8.487243652 9.062912941 0.036856923 0.032490790 0.725896120 -0.686047256
1585067860.219042 -253.152145386 8.488159180 9.062159538 -0.036886990 -0.032557447 -0.725867152 0.686073065
1585067860.252042 -253.153060913 8.489593506 9.060660362 -0.036961947 -0.032523490 -0.725854933 0.686083615
1585067860.285043 -253.153045654 8.489593506 9.060618401 -0.036940817 -0.032574158 -0.725846946 0.686090767
1585067860.318042 -253.152969360 8.489776611 9.060576439 -0.036923945 -0.032619413 -0.725837350 0.686099648
1585067860.351043 -253.153381348 8.488891602 9.060304642 -0.036919326 -0.032429088 -0.725864172 0.686080635
1585067860.384043 -253.152954102 8.489837646 9.060572624 -0.036955718 -0.032573678 -0.725841463 0.686095774
1585067860.417043 -253.152969360 8.489807129 9.060565948 -0.036967460 -0.032537621 -0.725850523 0.686087310
1585067860.450043 -253.153060913 8.489837646 9.060588837 -0.036931727 -0.032570172 -0.725849450 0.686088860
1585067860.483043 -253.153060913 8.489746094 9.060618401 -0.036921829 -0.032587685 -0.725852072 0.686085761
1585067860.516043 -253.153060913 8.489562988 9.060729980 -0.036904778 -0.032601792 -0.725844145 0.686094344
1585067860.549043 -253.152984619 8.489532471 9.060768127 -0.036930025 -0.032588098 -0.725844026 0.686093748
1585067860.582043 -253.151794434 8.487792969 9.062594414 0.036860853 0.032516878 0.725891829 -0.686050296
1585067860.615043 -253.151794434 8.487670898 9.062729836 0.036868453 0.032523729 0.725887120 -0.686054587
1585067860.648043 -253.151870728 8.487487793 9.062747955 0.036860585 0.032538906 0.725892901 -0.686048210
1585067860.681043 -253.151763916 8.487335205 9.062996864 0.036835462 0.032557260 0.725887775 -0.686054111
1585067860.714043 -253.151763916 8.487182617 9.063179016 0.036834300 0.032545846 0.725887597 -0.686054826
1585067860.747044 -253.151687622 8.486999512 9.063324928 0.036839217 0.032523107 0.725897431 -0.686045289
1585067860.780044 -253.148529053 8.489746094 9.060430527 -0.036970824 -0.032501619 -0.725840628 0.686099291
1585067860.813044 -253.148452759 8.489715576 9.060508728 -0.036967844 -0.032524161 -0.725827754 0.686111987
1585067860.846044 -253.148452759 8.489685059 9.060548782 -0.036955509 -0.032544971 -0.725834548 0.686104536
1585067860.879044 -253.148193359 8.489593506 9.060597420 -0.036928713 -0.032550424 -0.725834131 0.686106086
1585067860.912044 -253.148101807 8.489593506 9.060741425 -0.036944516 -0.032551147 -0.725844383 0.686094403
1585067860.945044 -253.148147583 8.489349365 9.060840607 -0.036952138 -0.032545213 -0.725843668 0.686094999
1585067860.978044 -253.148300171 8.489074707 9.061064720 -0.036947820 -0.032561641 -0.725847661 0.686090231
1585067861.011044 -253.148468018 8.488830566 9.061288834 -0.036924422 -0.032568157 -0.725850344 0.686088324
1585067861.044044 -253.148696899 8.488677979 9.061521530 -0.036902819 -0.032601908 -0.725854218 0.686083853
1585067861.077044 -253.148834229 8.488616943 9.061809540 -0.036921300 -0.032588504 -0.725845575 0.686092675
1585067861.110044 -253.152236938 8.487670898 9.062335968 0.036863510 0.032491963 0.725890458 -0.686052859
1585067861.143045 -253.152496338 8.487457275 9.062580109 0.036865473 0.032495294 0.725892663 -0.686050177
1585067861.176044 -253.150894165 8.487182617 9.061871529 -0.036895216 -0.032552078 -0.725895226 0.686043203
1585067861.209045 -253.152023315 8.487365723 9.062296867 -0.036864072 -0.032505598 -0.725881338 0.686061740
1585067861.242045 -253.151977539 8.487335205 9.062317848 -0.036846790 -0.032513957 -0.725879967 0.686063766
1585067861.275045 -253.150726318 8.486999512 9.061844826 -0.036909819 -0.032547202 -0.725886047 0.686052322
1585067861.308045 -253.150741577 8.486938477 9.061847687 -0.036896825 -0.032556169 -0.725885034 0.686053753
1585067861.341045 -253.150558472 8.486846924 9.061814308 -0.036880318 -0.032576829 -0.725891411 0.686046898
1585067861.374045 -253.150497437 8.486755371 9.061916351 -0.036882672 -0.032578237 -0.725885928 0.686052442
1585067861.407045 -253.150512695 8.486694336 9.061876297 -0.036877871 -0.032591615 -0.725880325 0.686058044
1585067861.440045 -253.150375366 8.486785889 9.061991692 -0.036902819 -0.032551400 -0.725885212 0.686053455
1585067861.473045 -253.150299072 8.486663818 9.062042236 -0.036890510 -0.032555021 -0.725888073 0.686050892
1585067861.506045 -253.150314331 8.486816406 9.062150955 -0.036871795 -0.032583728 -0.725877345 0.686061919
1585067861.539045 -253.150192261 8.486816406 9.062185287 -0.036840558 -0.032626644 -0.725875556 0.686063349
1585067861.572046 -253.150299072 8.486846924 9.062154770 -0.036857516 -0.032620728 -0.725871921 0.686066687
1585067861.605046 -253.150222778 8.486877441 9.062270164 -0.036869437 -0.032602087 -0.725877941 0.686060429
1585067861.638046 -253.152145386 8.487548828 9.062553406 0.036822259 0.032579489 0.725888968 -0.686052442
1585067861.671046 -253.152114868 8.487701416 9.062654495 0.036830064 0.032576751 0.725883663 -0.686057746
1585067861.704046 -253.152328491 8.487609863 9.062657356 0.036805123 0.032606062 0.725882530 -0.686058879
1585067861.737046 -253.152526855 8.487762451 9.062762260 0.036785901 0.032638282 0.725884199 -0.686056674
1585067861.770046 -253.152694702 8.487762451 9.062805176 0.036788046 0.032650955 0.725880861 -0.686059475
1585067861.803046 -253.152755737 8.487884521 9.062706947 0.036824759 0.032617874 0.725883543 -0.686056197
1585067861.836046 -253.153213501 8.488250732 9.060827255 -0.036985695 -0.032565769 -0.725885987 0.686047435
1585067861.869046 -253.153198242 8.488220215 9.060789108 -0.036980215 -0.032574296 -0.725875378 0.686058581
1585067861.902046 -253.153182983 8.488250732 9.060694695 -0.036935691 -0.032610793 -0.725869000 0.686065972
1585067861.935046 -253.153289795 8.488159180 9.060698509 -0.036924545 -0.032651283 -0.725854993 0.686079502
1585067861.968047 -253.153244019 8.488067627 9.060700417 -0.036926568 -0.032641742 -0.725851893 0.686083078
1585067862.001046 -253.153320312 8.488037109 9.060709000 -0.036947642 -0.032625217 -0.725849569 0.686085284
1585067862.034047 -253.153244019 8.487945557 9.060764313 -0.036970109 -0.032605827 -0.725857973 0.686076045
1585067862.067047 -253.153182983 8.487823486 9.060833931 -0.036950648 -0.032623816 -0.725863814 0.686069965
1585067862.100047 -253.153549194 8.487030029 9.060727119 -0.036893725 -0.032467160 -0.725895405 0.686047137
1585067862.133047 -253.152221680 8.486968994 9.061629295 -0.036865115 -0.032568000 -0.725894570 0.686044812
1585067862.166047 -253.151763916 8.487426758 9.062789917 0.036825571 0.032577429 0.725893497 -0.686047614
1585067862.199047 -253.151626587 8.487182617 9.062947273 0.036840886 0.032547023 0.725896835 -0.686044574
1585067862.232047 -253.151580811 8.487365723 9.063092232 0.036859393 0.032516126 0.725901365 -0.686040342
1585067862.265047 -253.151489258 8.487426758 9.063241005 0.036831021 0.032536794 0.725901484 -0.686040759
1585067862.298047 -253.151397705 8.487548828 9.063313484 0.036829982 0.032555725 0.725887477 -0.686054766
1585067862.331048 -253.149841309 8.485382080 9.062843323 -0.036897182 -0.032583687 -0.725900054 0.686036468
1585067862.364047 -253.149658203 8.485260010 9.062842369 -0.036906689 -0.032601904 -0.725894451 0.686040998
1585067862.397048 -253.149551392 8.485260010 9.062923431 -0.036925942 -0.032574188 -0.725903392 0.686031818
1585067862.430048 -253.149414062 8.485137939 9.062949181 -0.036920696 -0.032573070 -0.725897908 0.686037958
1585067862.463048 -253.149322510 8.485107422 9.062981606 -0.036897629 -0.032594107 -0.725903809 0.686031938
1585067862.496048 -253.149383545 8.485076904 9.062964439 -0.036847565 -0.032620452 -0.725902736 0.686034620
1585067862.529048 -253.149230957 8.485137939 9.063076019 -0.036861811 -0.032639977 -0.725900114 0.686035693
1585067862.562048 -253.149078369 8.485168457 9.063103676 -0.036869615 -0.032617345 -0.725915313 0.686020255
1585067862.595048 -253.149093628 8.485473633 9.063112259 -0.036911160 -0.032591581 -0.725914240 0.686020374
1585067862.628048 -253.149169922 8.485778809 9.063133240 -0.036897544 -0.032594256 -0.725904882 0.686030924
1585067862.661048 -253.149032593 8.485839844 9.063085556 -0.036883742 -0.032627229 -0.725896120 0.686039269
1585067862.694048 -253.151962280 8.487365723 9.062215805 0.036858112 0.032585889 0.725878239 -0.686061621
1585067862.727048 -253.152191162 8.487670898 9.062204361 0.036858555 0.032601804 0.725869060 -0.686070502
1585067862.760048 -253.152297974 8.487915039 9.062207222 0.036890235 0.032554802 0.725875437 -0.686064303
1585067862.793049 -253.152359009 8.488006592 9.062238693 0.036888894 0.032538060 0.725869596 -0.686071336
1585067862.826049 -253.152572632 8.488281250 9.062136650 0.036898758 0.032550018 0.725869000 -0.686070859
1585067862.859049 -253.152908325 8.488464355 9.062058449 0.036855932 0.032586724 0.725865602 -0.686075032
1585067862.892049 -253.152954102 8.488616943 9.062049866 0.036857180 0.032593481 0.725871325 -0.686068535
1585067862.925049 -253.152053833 8.487213135 9.062025070 -0.036876854 -0.032573279 -0.725865781 0.686074376
1585067862.958049 -253.151977539 8.487792969 9.061533928 -0.036986142 -0.032604203 -0.725878954 0.686053097
1585067862.991049 -253.151855469 8.487731934 9.061573029 -0.036999796 -0.032604624 -0.725867867 0.686064065
1585067863.024049 -253.151855469 8.487670898 9.061536789 -0.036965761 -0.032619666 -0.725870728 0.686062098
1585067863.057049 -253.151885986 8.487762451 9.061583519 -0.036962990 -0.032629501 -0.725868404 0.686064303
1585067863.090049 -253.151962280 8.487762451 9.061559677 -0.036944419 -0.032638226 -0.725864351 0.686069131
1585067863.123049 -253.151931763 8.487548828 9.061867714 -0.036965910 -0.032613214 -0.725873232 0.686059773
1585067863.156049 -253.151992798 8.487731934 9.061764717 -0.036962900 -0.032602347 -0.725875854 0.686057746
1585067863.189049 -253.151794434 8.487701416 9.061792374 -0.036963914 -0.032591656 -0.725871861 0.686062276
1585067863.222049 -253.151855469 8.487396240 9.062579155 0.036871552 0.032582179 0.725876689 -0.686062694
1585067863.255049 -253.151931763 8.487487793 9.062530518 0.036870450 0.032593563 0.725871682 -0.686067581
1585067863.288050 -253.151901245 8.487487793 9.062596321 0.036877424 0.032597467 0.725875735 -0.686062694
1585067863.321050 -253.151947021 8.487548828 9.062728882 0.036892559 0.032575231 0.725879669 -0.686058760
1585067863.354050 -253.151931763 8.487609863 9.062774658 0.036888719 0.032582145 0.725877881 -0.686060548
1585067863.387050 -253.151840210 8.487518311 9.062793732 0.036882192 0.032603633 0.725875616 -0.686062217
1585067863.420050 -253.152114868 8.487487793 9.062383652 -0.036890686 -0.032603711 -0.725867808 0.686070085
1585067863.453050 -253.152008057 8.487518311 9.062333107 -0.036868721 -0.032629233 -0.725867152 0.686070681
1585067863.486050 -253.152038574 8.487487793 9.062231064 -0.036887407 -0.032629643 -0.725878239 0.686057985
1585067863.519050 -253.153213501 8.488128662 9.060854912 -0.036985934 -0.032603867 -0.725860536 0.686072588
1585067863.552050 -253.153320312 8.488128662 9.060851097 -0.036991060 -0.032602221 -0.725857735 0.686075330
1585067863.585050 -253.153152466 8.488128662 9.060908318 -0.036961082 -0.032616112 -0.725854337 0.686079860
1585067863.618050 -253.152114868 8.487609863 9.062259674 -0.036818054 -0.032621723 -0.725877106 0.686063230
1585067863.651051 -253.152069092 8.487670898 9.062333107 -0.036811143 -0.032607336 -0.725872874 0.686068833
1585067863.684051 -253.152099609 8.487762451 9.062378883 -0.036822081 -0.032590959 -0.725873113 0.686068714
1585067863.717051 -253.153274536 8.488311768 9.060954094 -0.036931217 -0.032577291 -0.725854993 0.686082602
1585067863.750051 -253.151657104 8.487579346 9.062537193 0.036876887 0.032570027 0.725871325 -0.686068594
1585067863.783051 -253.151626587 8.487792969 9.062437057 0.036870390 0.032575846 0.725875854 -0.686064005
1585067863.816051 -253.151611328 8.487823486 9.062538147 0.036849823 0.032588083 0.725869834 -0.686070859
1585067863.849051 -253.151565552 8.487884521 9.062544823 0.036882397 0.032577652 0.725874245 -0.686064899
1585067863.882051 -253.151428223 8.487945557 9.062601089 0.036882278 0.032575589 0.725871027 -0.686068356
1585067863.915051 -253.151428223 8.487945557 9.062644005 0.036898971 0.032578599 0.725870013 -0.686068475
1585067863.948051 -253.152832031 8.488952637 9.060501099 -0.037022203 -0.032579582 -0.725823462 0.686110914
1585067863.981051 -253.153442383 8.488189697 9.060139656 -0.036959738 -0.032406334 -0.725858748 0.686085224
1585067864.014051 -253.153518677 8.488189697 9.060090065 -0.036946978 -0.032410588 -0.725858271 0.686086237
1585067864.047051 -253.152862549 8.489044189 9.060359955 -0.037031054 -0.032574572 -0.725832105 0.686101556
1585067864.080051 -253.153518677 8.488189697 9.060102463 -0.036973625 -0.032407485 -0.725870132 0.686072409
1585067864.113052 -253.153488159 8.488220215 9.060085297 -0.036939800 -0.032424465 -0.725875616 0.686067641
1585067864.146052 -253.153610229 8.488128662 9.060070992 -0.036920577 -0.032432396 -0.725875914 0.686067998
1585067864.179052 -253.152969360 8.489044189 9.060367584 -0.036958724 -0.032622676 -0.725835443 0.686099589
1585067864.212052 -253.152954102 8.488922119 9.060544968 -0.037002746 -0.032614969 -0.725836813 0.686096251
1585067864.245052 -253.153060913 8.488952637 9.060563087 -0.036978275 -0.032621216 -0.725839138 0.686094761
1585067864.278052 -253.152404785 8.487335205 9.063007355 0.036844373 0.032613501 0.725889683 -0.686048865
1585067864.311052 -253.152603149 8.487518311 9.062968254 -0.036804914 -0.032653589 -0.725892246 0.686046481
1585067864.344052 -253.152587891 8.487609863 9.062947273 -0.036813885 -0.032628115 -0.725889504 0.686050057
1585067864.377052 -253.152648926 8.487609863 9.062837601 -0.036802851 -0.032634977 -0.725881457 0.686058760
1585067864.410052 -253.152603149 8.487731934 9.062887192 -0.036832631 -0.032613456 -0.725884557 0.686054945
1585067864.443052 -253.154800415 8.489624023 9.060948372 -0.036938787 -0.032461986 -0.725850105 0.686092854
1585067864.476053 -253.154891968 8.489654541 9.060903549 -0.036895003 -0.032492720 -0.725848854 0.686095119
1585067864.509053 -253.154968262 8.489593506 9.060955048 -0.036884811 -0.032510713 -0.725841463 0.686102569
1585067864.542053 -253.154983521 8.489593506 9.060969353 -0.036885083 -0.032521576 -0.725841105 0.686102390
1585067864.575053 -253.154647827 8.490020752 9.061552048 -0.036933567 -0.032581735 -0.725836873 0.686101496
1585067864.608053 -253.155075073 8.489471436 9.060949326 -0.036931396 -0.032476030 -0.725838065 0.686105371
1585067864.641053 -253.155151367 8.489318848 9.060930252 -0.036930829 -0.032473247 -0.725834727 0.686109066
1585067864.674053 -253.154037476 8.489532471 9.062141418 -0.036869973 -0.032594670 -0.725827217 0.686114550
1585067864.707053 -253.155120850 8.488983154 9.061015129 -0.036893547 -0.032520380 -0.725838602 0.686104774
1585067864.740053 -253.154541016 8.489105225 9.061659813 -0.036910325 -0.032609247 -0.725840449 0.686097622
1585067864.773053 -253.154586792 8.488952637 9.061527252 -0.036934197 -0.032561876 -0.725841999 0.686097026
1585067864.806053 -253.151931763 8.487518311 9.062885284 0.036866132 0.032551441 0.725886583 -0.686053991
1585067864.839053 -253.151855469 8.487365723 9.062787056 0.036834866 0.032585651 0.725894451 -0.686045706
1585067864.872054 -253.151840210 8.487243652 9.063014984 0.036806528 0.032608043 0.725892484 -0.686048210
1585067864.905053 -253.151657104 8.487121582 9.062935829 0.036781225 0.032627780 0.725897849 -0.686042964
1585067864.971054 -253.151519775 8.486816406 9.062981606 0.036820088 0.032542262 0.725909293 -0.686032832
1585067865.004054 -253.151367188 8.487945557 9.062054634 -0.036904782 -0.032487098 -0.725875974 0.686066151
1585067865.037054 -253.149948120 8.487121582 9.061887741 -0.036878824 -0.032571089 -0.725872636 0.686067104
1585067865.070054 -253.151336670 8.488067627 9.061941147 -0.036874294 -0.032561690 -0.725873113 0.686067343
1585067865.103054 -253.151397705 8.488159180 9.061939240 -0.036852207 -0.032570977 -0.725874484 0.686066568
1585067865.136054 -253.149978638 8.487243652 9.061867714 -0.036855962 -0.032594789 -0.725875556 0.686064065
1585067865.169054 -253.152297974 8.488494873 9.062422752 -0.036856532 -0.032587368 -0.725873947 0.686066151
1585067865.202054 -253.150024414 8.487304688 9.061982155 -0.036883086 -0.032586262 -0.725863218 0.686076164
1585067865.235054 -253.152359009 8.487976074 9.061068535 -0.036883112 -0.032485567 -0.725869715 0.686074018
1585067865.268054 -253.152481079 8.488037109 9.061169624 -0.036855847 -0.032531261 -0.725863755 0.686079681
1585067865.301054 -253.152420044 8.487854004 9.061224937 -0.036867168 -0.032524113 -0.725864351 0.686078727
1585067865.334054 -253.153182983 8.486999512 9.062996864 0.036865536 0.032588635 0.725884259 -0.686054707
1585067865.367055 -253.153121948 8.486968994 9.063013077 0.036882821 0.032563411 0.725888073 -0.686050951
1585067865.400055 -253.153091431 8.486877441 9.063034058 0.036865830 0.032570221 0.725890875 -0.686048508
1585067865.433055 -253.153289795 8.486877441 9.063123703 0.036832992 0.032601010 0.725898385 -0.686040938
1585067865.466055 -253.153198242 8.486816406 9.063116074 0.036828671 0.032627713 0.725896895 -0.686041415
1585067865.499055 -253.153778076 8.485717773 9.062623024 -0.036787748 -0.032633003 -0.725902319 0.686037600
1585067865.532055 -253.153213501 8.486755371 9.062873840 -0.036886487 -0.032582562 -0.725901306 0.686035812
1585067865.565055 -253.152221680 8.485717773 9.061961174 -0.036865409 -0.032529246 -0.725892484 0.686048806
1585067865.598055 -253.152297974 8.485778809 9.061938286 -0.036861867 -0.032540891 -0.725895047 0.686045766
1585067865.631055 -253.153472900 8.485778809 9.060914993 -0.036833972 -0.032496553 -0.725894988 0.686049342
1585067865.664055 -253.153747559 8.485809326 9.062685966 -0.036792491 -0.032646876 -0.725899160 0.686040103
1585067865.697055 -253.153579712 8.485778809 9.060949326 -0.036855426 -0.032470483 -0.725892246 0.686052382
1585067865.730055 -253.153457642 8.485900879 9.061024666 -0.036877811 -0.032439124 -0.725905418 0.686038733
1585067865.763056 -253.153503418 8.485900879 9.061026573 -0.036859781 -0.032461315 -0.725902438 0.686041832
1585067865.796056 -253.152435303 8.486053467 9.062026978 -0.036872983 -0.032554261 -0.725878716 0.686061740
1585067865.829056 -253.152404785 8.486236572 9.062031746 -0.036869019 -0.032572262 -0.725883722 0.686055779
1585067865.862056 -253.152526855 8.486877441 9.062622070 0.036795586 0.032642651 0.725882471 -0.686057687
1585067865.895056 -253.152572632 8.487121582 9.062671661 0.036824230 0.032611247 0.725881994 -0.686058223
1585067865.928056 -253.152511597 8.487243652 9.062744141 0.036812335 0.032619238 0.725880325 -0.686060190
1585067865.961056 -253.152450562 8.487426758 9.062755585 0.036808044 0.032612413 0.725883245 -0.686057687
1585067865.994056 -253.152465820 8.487609863 9.062806129 0.036778484 0.032642853 0.725880325 -0.686060965
1585067866.027056 -253.152481079 8.487640381 9.062824249 0.036787450 0.032638349 0.725881934 -0.686058998
1585067866.060056 -253.152236938 8.487731934 9.062968254 0.036787424 0.032619014 0.725878775 -0.686063230
1585067866.093056 -253.157180786 8.487396240 9.061254501 -0.036858022 -0.032411892 -0.725873470 0.686074913
1585067866.126056 -253.154983521 8.486694336 9.062128067 -0.036804289 -0.032568447 -0.725864232 0.686080158
1585067866.159056 -253.156723022 8.487609863 9.062237740 -0.036796421 -0.032528251 -0.725878179 0.686067700
1585067866.192057 -253.156692505 8.487670898 9.062281609 -0.036792424 -0.032548010 -0.725873768 0.686071575
1585067866.225056 -253.156616211 8.487731934 9.062211037 -0.036813825 -0.032534737 -0.725878358 0.686066270
1585067866.258057 -253.154953003 8.486877441 9.062179565 -0.036819663 -0.032573793 -0.725875676 0.686066866
1585067866.291057 -253.154876709 8.486877441 9.062172890 -0.036821064 -0.032586187 -0.725876629 0.686065257
1585067866.324057 -253.156295776 8.487792969 9.062235832 -0.036830753 -0.032560509 -0.725872397 0.686070442
1585067866.357057 -253.155487061 8.487884521 9.062689781 -0.036815941 -0.032594640 -0.725867510 0.686074793
1585067866.390057 -253.152267456 8.487548828 9.062519073 0.036843866 0.032606985 0.725876033 -0.686063647
1585067866.423057 -253.152084351 8.487609863 9.062598228 0.036858141 0.032599017 0.725878477 -0.686060667
1585067866.456057 -253.151718140 8.487609863 9.062506676 0.036866248 0.032593668 0.725885689 -0.686052918
1585067866.489057 -253.151535034 8.487579346 9.062440872 0.036842734 0.032616191 0.725886226 -0.686052561
1585067866.522057 -253.151168823 8.487640381 9.062502861 0.036829349 0.032601625 0.725892186 -0.686047554
1585067866.555058 -253.151397705 8.486328125 9.062795639 -0.036843747 -0.032548688 -0.725884676 0.686057329
1585067866.588058 -253.151336670 8.486236572 9.062806129 -0.036848839 -0.032541439 -0.725884318 0.686057746
1585067866.621058 -253.151184082 8.486206055 9.062846184 -0.036864132 -0.032533742 -0.725891352 0.686049819
1585067866.654058 -253.151092529 8.486145020 9.062845230 -0.036829174 -0.032553822 -0.725896716 0.686045170
1585067866.687058 -253.151062012 8.486206055 9.062908173 -0.036809295 -0.032545764 -0.725903273 0.686039567
1585067866.720058 -253.150985718 8.486114502 9.062852859 -0.036793679 -0.032554608 -0.725894928 0.686048865
1585067866.753058 -253.150848389 8.486175537 9.062960625 -0.036809862 -0.032538332 -0.725897670 0.686045885
1585067866.786058 -253.150726318 8.486297607 9.062989235 -0.036806013 -0.032519195 -0.725897849 0.686046779
1585067866.819058 -253.150680542 8.486267090 9.062981606 -0.036805779 -0.032506995 -0.725901008 0.686044037
1585067866.852058 -253.150650024 8.486389160 9.063017845 -0.036797311 -0.032512493 -0.725898087 0.686047375
1585067866.885058 -253.150604248 8.486450195 9.063096046 -0.036783662 -0.032532588 -0.725899160 0.686045945
1585067866.918058 -253.151565552 8.487701416 9.062800407 0.036812842 0.032629609 0.725885808 -0.686053872
1585067866.951058 -253.151718140 8.487762451 9.062778473 0.036823452 0.032610517 0.725886226 -0.686053872
1585067866.984058 -253.151672363 8.487884521 9.062851906 0.036838263 0.032612070 0.725884497 -0.686054826
1585067867.017059 -253.151687622 8.487884521 9.062733650 0.036818411 0.032628175 0.725879073 -0.686060786
1585067867.050059 -253.151809692 8.487976074 9.062649727 0.036812454 0.032644998 0.725873113 -0.686066628
1585067867.083059 -253.151809692 8.487976074 9.062653542 0.036786463 0.032667242 0.725869060 -0.686071217
1585067867.116059 -253.150878906 8.487609863 9.062621117 -0.036823835 -0.032595929 -0.725895703 0.686044455
1585067867.149059 -253.148895264 8.488067627 9.062349319 -0.036863830 -0.032506086 -0.725876629 0.686066747
1585067867.182059 -253.150680542 8.487518311 9.062596321 -0.036797788 -0.032596186 -0.725889742 0.686052144
1585067867.215059 -253.150527954 8.487579346 9.062613487 -0.036771536 -0.032626707 -0.725878775 0.686063766
1585067867.248059 -253.150466919 8.487548828 9.062717438 -0.036766678 -0.032639086 -0.725889742 0.686051846
1585067867.281059 -253.150421143 8.487548828 9.062722206 -0.036770612 -0.032638390 -0.725895822 0.686045170
1585067867.314059 -253.150344849 8.487457275 9.062807083 -0.036787033 -0.032627344 -0.725898921 0.686041594
1585067867.347059 -253.150405884 8.487335205 9.062964439 -0.036789119 -0.032618321 -0.725897074 0.686043859
1585067867.380059 -253.150543213 8.487457275 9.062999725 -0.036772400 -0.032637894 -0.725887537 0.686053932
1585067867.413059 -253.150665283 8.487426758 9.063077927 -0.036789477 -0.032638680 -0.725888491 0.686051965
1585067867.446059 -253.151535034 8.487670898 9.062722206 0.036769003 0.032597151 0.725870609 -0.686073899
1585067867.479060 -253.151794434 8.487426758 9.062727928 0.036796656 0.032585230 0.725876987 -0.686066210
1585067867.512060 -253.151916504 8.487365723 9.062923431 0.036806490 0.032588802 0.725871861 -0.686070979
1585067867.545060 -253.152038574 8.487396240 9.063046455 0.036789805 0.032585770 0.725889206 -0.686053693
1585067867.578060 -253.152023315 8.487243652 9.063075066 0.036763903 0.032606125 0.725884795 -0.686058700
1585067867.611060 -253.152297974 8.487243652 9.063015938 0.036778808 0.032601919 0.725884795 -0.686058164
1585067867.644060 -253.151840210 8.487152100 9.063022614 -0.036773205 -0.032575089 -0.725878835 0.686066031
1585067867.677060 -253.153610229 8.486145020 9.064020157 -0.036794871 -0.032524079 -0.725893140 0.686052203
1585067867.710060 -253.153701782 8.486053467 9.063990593 -0.036810752 -0.032528393 -0.725889146 0.686055243
1585067867.743060 -253.153610229 8.485870361 9.064122200 -0.036762685 -0.032556146 -0.725900710 0.686044335
1585067867.776060 -253.154266357 8.485992432 9.064023972 -0.036755770 -0.032668978 -0.725896716 0.686043501
1585067867.809060 -253.154235840 8.485961914 9.063988686 -0.036748026 -0.032672450 -0.725898325 0.686042130
1585067867.842061 -253.153549194 8.486022949 9.063926697 -0.036766585 -0.032579083 -0.725914478 0.686028421
1585067867.875061 -253.154022217 8.486114502 9.063697815 -0.036780182 -0.032664537 -0.725910127 0.686028302
1585067867.908061 -253.153594971 8.486267090 9.063203812 -0.036826368 -0.032577168 -0.725915492 0.686024249
1585067867.941061 -253.153808594 8.486541748 9.063323975 -0.036790401 -0.032653525 -0.725913286 0.686024904
1585067867.974061 -253.151748657 8.487731934 9.062843323 0.036777377 0.032573804 0.725886047 -0.686058283
1585067868.007061 -253.151718140 8.487854004 9.062662125 0.036769003 0.032585569 0.725883424 -0.686060905
1585067868.040061 -253.151504517 8.487854004 9.062523842 0.036783215 0.032579105 0.725885928 -0.686057746
1585067868.073061 -253.151290894 8.487976074 9.062348366 0.036822081 0.032556213 0.725884318 -0.686058521
1585067868.106061 -253.151046753 8.488128662 9.062220573 0.036843117 0.032545019 0.725871146 -0.686071754
1585067868.139061 -253.150863647 8.488220215 9.062174797 0.036841150 0.032559860 0.725874960 -0.686067164
1585067868.172061 -253.151168823 8.487426758 9.062618256 -0.036820769 -0.032558158 -0.725905061 0.686036587
1585067868.205061 -253.150985718 8.487304688 9.062605858 -0.036810037 -0.032555308 -0.725894511 0.686048388
1585067868.238061 -253.150909424 8.487304688 9.062596321 -0.036837786 -0.032557078 -0.725893497 0.686047912
1585067868.271061 -253.150863647 8.487426758 9.062608719 -0.036840677 -0.032556485 -0.725890160 0.686051369
1585067868.304061 -253.150833130 8.487426758 9.062648773 -0.036814481 -0.032564528 -0.725895405 0.686046839
1585067868.337062 -253.150802612 8.487426758 9.062630653 -0.036775351 -0.032604881 -0.725883484 0.686059594
1585067868.370062 -253.151062012 8.486999512 9.062445641 -0.036783576 -0.032678246 -0.725893021 0.686045527
1585067868.403062 -253.151062012 8.487030029 9.062476158 -0.036793888 -0.032671981 -0.725897491 0.686040521
1585067868.436062 -253.151046753 8.486999512 9.062580109 -0.036814988 -0.032630607 -0.725896835 0.686042070
1585067868.469062 -253.151046753 8.487091064 9.062659264 -0.036848187 -0.032613255 -0.725894094 0.686044037
1585067868.502062 -253.151702881 8.487487793 9.062676430 0.036847595 0.032542512 0.725895464 -0.686046004
1585067868.535062 -253.151687622 8.487640381 9.062649727 0.036823809 0.032554038 0.725887716 -0.686054826
1585067868.568062 -253.151626587 8.487609863 9.062762260 0.036796153 0.032568149 0.725889623 -0.686053634
1585067868.601062 -253.151626587 8.487609863 9.062812805 0.036777884 0.032587558 0.725894213 -0.686048865
1585067868.634062 -253.151824951 8.487640381 9.062788963 0.036784708 0.032588154 0.725890160 -0.686052799
1585067868.667063 -253.152069092 8.487640381 9.062885284 0.036785305 0.032587051 0.725891113 -0.686051786
1585067868.700063 -253.151199341 8.487426758 9.062500000 -0.036799014 -0.032572862 -0.725889385 0.686053574
1585067868.733063 -253.151016235 8.487426758 9.062584877 -0.036780804 -0.032586876 -0.725891829 0.686051250
1585067868.766062 -253.150909424 8.487548828 9.062572479 -0.036766831 -0.032590695 -0.725889027 0.686054885
1585067868.799063 -253.150772095 8.487487793 9.062586784 -0.036771059 -0.032601483 -0.725889921 0.686053157
1585067868.832063 -253.150604248 8.487426758 9.062688828 -0.036769155 -0.032592952 -0.725899577 0.686043441
1585067868.865063 -253.150466919 8.487335205 9.062675476 -0.036785841 -0.032577313 -0.725899696 0.686043143
1585067868.898063 -253.150512695 8.487487793 9.062764168 -0.036778808 -0.032557543 -0.725906610 0.686037183
1585067868.931063 -253.150451660 8.487365723 9.062790871 -0.036758125 -0.032550376 -0.725909472 0.686035514
1585067868.964063 -253.150604248 8.487426758 9.062870979 -0.036742628 -0.032564051 -0.725908220 0.686037064
1585067868.997063 -253.149337769 8.486846924 9.061725616 -0.036864996 -0.032501906 -0.725903392 0.686038554
1585067869.030063 -253.152069092 8.487457275 9.062970161 0.036812726 0.032570556 0.725896835 -0.686045110
1585067869.063063 -253.152130127 8.487426758 9.062993050 0.036813438 0.032567356 0.725898683 -0.686043143
1585067869.096063 -253.152374268 8.487396240 9.063020706 0.036814157 0.032564189 0.725898802 -0.686043203
1585067869.129063 -253.152435303 8.487487793 9.063060760 0.036804974 0.032561108 0.725897908 -0.686044812
1585067869.162064 -253.152801514 8.487396240 9.063074112 0.036817014 0.032567959 0.725903511 -0.686037958
1585067869.195064 -253.152923584 8.487365723 9.063168526 0.036818210 0.032569695 0.725900173 -0.686041296
1585067869.228064 -253.151992798 8.487701416 9.062883377 -0.036837671 -0.032539345 -0.725894928 0.686047256
1585067869.261064 -253.151916504 8.487792969 9.062796593 -0.036827236 -0.032546230 -0.725890100 0.686052501
1585067869.294064 -253.152008057 8.487854004 9.062788010 -0.036814243 -0.032553174 -0.725882947 0.686060429
1585067869.327064 -253.152038574 8.487762451 9.062741280 -0.036791563 -0.032572333 -0.725871086 0.686073303
1585067869.360064 -253.152160645 8.487823486 9.062860489 -0.036789212 -0.032572422 -0.725876629 0.686067641
1585067869.393064 -253.152023315 8.487823486 9.062795639 -0.036781073 -0.032579407 -0.725871801 0.686072826
1585067869.426064 -253.152099609 8.487701416 9.062881470 -0.036771536 -0.032576699 -0.725881755 0.686062932
1585067869.459064 -253.152038574 8.487701416 9.062869072 -0.036777735 -0.032578748 -0.725882173 0.686061978
1585067869.492064 -253.152053833 8.488006592 9.062585831 -0.036887407 -0.032576755 -0.725879133 0.686059535
1585067869.525064 -253.152023315 8.488006592 9.062514305 -0.036876440 -0.032583766 -0.725881815 0.686056972
1585067869.558065 -253.152786255 8.487030029 9.062962532 0.036828849 0.032614045 0.725902617 -0.686036050
1585067869.591065 -253.152847290 8.487030029 9.063028336 0.036833290 0.032611553 0.725898206 -0.686040580
1585067869.624065 -253.152832031 8.486938477 9.062968254 0.036825299 0.032609969 0.725891829 -0.686047792
1585067869.657065 -253.152786255 8.487030029 9.063072205 0.036814958 0.032608934 0.725897193 -0.686042726
1585067869.690065 -253.152908325 8.486999512 9.063112259 0.036804557 0.032607619 0.725901127 -0.686039209
1585067869.723065 -253.152908325 8.486907959 9.063064575 0.036799014 0.032604508 0.725908816 -0.686031520
1585067869.756065 -253.152801514 8.487182617 9.062845230 -0.036830097 -0.032615729 -0.725906253 0.686032057
1585067869.789065 -253.152267456 8.487274170 9.062499046 -0.036909372 -0.032540213 -0.725889564 0.686048985
1585067869.822065 -253.152908325 8.487182617 9.062817574 -0.036798090 -0.032631189 -0.725903034 0.686036468
1585067869.855065 -253.152862549 8.487182617 9.062822342 -0.036794301 -0.032638174 -0.725901544 0.686037838
1585067869.888065 -253.152816772 8.487152100 9.062812805 -0.036788139 -0.032641776 -0.725902557 0.686036944
1585067869.921066 -253.152755737 8.487213135 9.062845230 -0.036786620 -0.032654591 -0.725896418 0.686042905
1585067869.954065 -253.152740479 8.487213135 9.062836647 -0.036777407 -0.032659478 -0.725893974 0.686045706
1585067869.987066 -253.152770996 8.487243652 9.062822342 -0.036776811 -0.032655731 -0.725898862 0.686040759
1585067870.020066 -253.151901245 8.487365723 9.062365532 -0.036864191 -0.032563999 -0.725887895 0.686052084
1585067870.053066 -253.151809692 8.487335205 9.062433243 -0.036859360 -0.032579593 -0.725884974 0.686054647
1585067870.086066 -253.151947021 8.487426758 9.062849998 0.036833525 0.032596413 0.725882590 -0.686057806
1585067870.119066 -253.151947021 8.487426758 9.062809944 0.036826517 0.032593053 0.725882649 -0.686058223
1585067870.152066 -253.151977539 8.487457275 9.062817574 0.036817163 0.032586291 0.725888968 -0.686052442
1585067870.185066 -253.151855469 8.487457275 9.062801361 0.036815375 0.032579459 0.725888968 -0.686052799
1585067870.218066 -253.152130127 8.487365723 9.062989235 0.036826190 0.032577485 0.725887954 -0.686053455
1585067870.251066 -253.152114868 8.487396240 9.063043594 0.036828518 0.032577939 0.725893497 -0.686047435
1585067870.284066 -253.152175903 8.487579346 9.062595367 -0.036829557 -0.032573227 -0.725877821 0.686064124
1585067870.317066 -253.152084351 8.488586426 9.061614990 -0.036849499 -0.032550596 -0.725874186 0.686068058
1585067870.350066 -253.152084351 8.488433838 9.061525345 -0.036851104 -0.032563396 -0.725873053 0.686068475
1585067870.383066 -253.152053833 8.488464355 9.061518669 -0.036847916 -0.032576762 -0.725869238 0.686072052
1585067870.416067 -253.152236938 8.488494873 9.061568260 -0.036840081 -0.032591268 -0.725876689 0.686064005
1585067870.449066 -253.153579712 8.487762451 9.060903549 -0.036875222 -0.032524046 -0.725884616 0.686056852
1585067870.482067 -253.152664185 8.488403320 9.061700821 -0.036847647 -0.032543629 -0.725876033 0.686066449
1585067870.515067 -253.152770996 8.488372803 9.061791420 -0.036846787 -0.032548886 -0.725877225 0.686065078
1585067870.548067 -253.152618408 8.488433838 9.061934471 -0.036836743 -0.032544725 -0.725872755 0.686070442
1585067870.581067 -253.152832031 8.487976074 9.062098503 -0.036882579 -0.032556061 -0.725870132 0.686070263
1585067870.614067 -253.151611328 8.487487793 9.062817574 0.036833700 0.032576773 0.725888073 -0.686052859
1585067870.647067 -253.151580811 8.487487793 9.062856674 0.036820680 0.032570112 0.725892723 -0.686049044
1585067870.680067 -253.151489258 8.487304688 9.062971115 0.036822885 0.032569744 0.725903273 -0.686037779
1585067870.713067 -253.151260376 8.487243652 9.063136101 0.036810756 0.032561760 0.725902438 -0.686039627
1585067870.746068 -253.151031494 8.487152100 9.063264847 0.036808845 0.032561414 0.725898385 -0.686044037
1585067870.779067 -253.150909424 8.487182617 9.063361168 0.036800232 0.032579374 0.725892484 -0.686049879
1585067870.812068 -253.150024414 8.489318848 9.061770439 -0.036822647 -0.032453761 -0.725855589 0.686093688
1585067870.845068 -253.149932861 8.489227295 9.061754227 -0.036811978 -0.032466870 -0.725864530 0.686084270
1585067870.878068 -253.149871826 8.489166260 9.061712265 -0.036822524 -0.032474387 -0.725861430 0.686086595
1585067870.911068 -253.149826050 8.489135742 9.061702728 -0.036822136 -0.032482732 -0.725862205 0.686085403
1585067870.944068 -253.149780273 8.489013672 9.061831474 -0.036825120 -0.032490388 -0.725867391 0.686079383
1585067870.977068 -253.149749756 8.488922119 9.061835289 -0.036821183 -0.032497857 -0.725871265 0.686075032
1585067871.010068 -253.149703979 8.488800049 9.061935425 -0.036824014 -0.032503836 -0.725876331 0.686069310
1585067871.043068 -253.149719238 8.488647461 9.062102318 -0.036826551 -0.032504145 -0.725870192 0.686075687
1585067871.076068 -253.149810791 8.488494873 9.062203407 -0.036825269 -0.032511212 -0.725881338 0.686063647
1585067871.109068 -253.150482178 8.488281250 9.062499046 -0.036843091 -0.032533523 -0.725880623 0.686062336
1585067871.142068 -253.151794434 8.487548828 9.062865257 0.036823481 0.032575388 0.725893855 -0.686047435
1585067871.175068 -253.151855469 8.487304688 9.063016891 0.036819544 0.032581072 0.725892246 -0.686049044
1585067871.208068 -253.151977539 8.487243652 9.063138008 0.036811262 0.032576289 0.725892961 -0.686049044
1585067871.241069 -253.151931763 8.487243652 9.063218117 0.036791950 0.032570034 0.725896776 -0.686046302
1585067871.274069 -253.152023315 8.487182617 9.063229561 0.036791742 0.032575157 0.725895822 -0.686047077
1585067871.307069 -253.152175903 8.487091064 9.063347816 0.036795463 0.032585654 0.725898504 -0.686043501
1585067871.340069 -253.151443481 8.487609863 9.062918663 -0.036801070 -0.032565482 -0.725906551 0.686035633
1585067871.373069 -253.151443481 8.487518311 9.062934875 -0.036801666 -0.032578196 -0.725914240 0.686026871
1585067871.406069 -253.151397705 8.487518311 9.062939644 -0.036808938 -0.032583158 -0.725914598 0.686025918
1585067871.439069 -253.151336670 8.487487793 9.062995911 -0.036795884 -0.032584857 -0.725916386 0.686024666
1585067871.472069 -253.151351929 8.487457275 9.063034058 -0.036786288 -0.032573957 -0.725915134 0.686026990
1585067871.505069 -253.150146484 8.487609863 9.062879562 -0.036809921 -0.032524355 -0.725899339 0.686044693
1585067871.538069 -253.151412964 8.487304688 9.063110352 -0.036768135 -0.032587875 -0.725914061 0.686028361
1585067871.571069 -253.151412964 8.487335205 9.063102722 -0.036770821 -0.032599632 -0.725909829 0.686032176
1585067871.604069 -253.151336670 8.487365723 9.063154221 -0.036779907 -0.032599974 -0.725902736 0.686039150
1585067871.637069 -253.151489258 8.487365723 9.063190460 -0.036798295 -0.032610822 -0.725900590 0.686039984
1585067871.670069 -253.151596069 8.487579346 9.062828064 0.036809832 0.032584272 0.725880146 -0.686062157
1585067871.703070 -253.151657104 8.487548828 9.062786102 0.036814213 0.032590978 0.725881040 -0.686060667
1585067871.736070 -253.151901245 8.487640381 9.062786102 0.036813706 0.032586601 0.725883961 -0.686057925
1585067871.769070 -253.152053833 8.487579346 9.062809944 0.036815081 0.032591298 0.725883245 -0.686058402
1585067871.802070 -253.152206421 8.487457275 9.062790871 0.036821067 0.032593377 0.725882053 -0.686059177
1585067871.835070 -253.152481079 8.487609863 9.062816620 0.036808193 0.032581855 0.725887477 -0.686054707
1585067871.868070 -253.152465820 8.487487793 9.062859535 0.036809176 0.032577887 0.725888014 -0.686054230
1585067871.901070 -253.151809692 8.487518311 9.062846184 -0.036813378 -0.032580793 -0.725875437 0.686067224
1585067871.934070 -253.151824951 8.487426758 9.062809944 -0.036803603 -0.032586787 -0.725876153 0.686066747
1585067871.967070 -253.151809692 8.487396240 9.062862396 -0.036808282 -0.032595672 -0.725880086 0.686061859
1585067872.000070 -253.151702881 8.487396240 9.062904358 -0.036802173 -0.032594785 -0.725884795 0.686057210
1585067872.033070 -253.151809692 8.487457275 9.062852859 -0.036806107 -0.032597139 -0.725878000 0.686064124
1585067872.066071 -253.151763916 8.487335205 9.062829971 -0.036805600 -0.032595050 -0.725877762 0.686064541
1585067872.099071 -253.151824951 8.487426758 9.062808037 -0.036807090 -0.032602530 -0.725875378 0.686066628
1585067872.132071 -253.151687622 8.487396240 9.062803268 -0.036809977 -0.032599282 -0.725877345 0.686064422
1585067872.165071 -253.151748657 8.487579346 9.062883377 -0.036818389 -0.032618027 -0.725871384 0.686069429
1585067872.198071 -253.151550293 8.487640381 9.062794685 0.036874861 0.032633252 0.725873411 -0.686063528
1585067872.231071 -253.151504517 8.487670898 9.062792778 0.036869913 0.032646507 0.725868762 -0.686068118
1585067872.264071 -253.151473999 8.487609863 9.062705040 0.036865350 0.032627549 0.725870073 -0.686067820
1585067872.297071 -253.151473999 8.487579346 9.062754631 0.036853787 0.032625850 0.725876451 -0.686061740
1585067872.330071 -253.151428223 8.487579346 9.062724113 0.036850598 0.032622926 0.725884199 -0.686053872
1585067872.363071 -253.151412964 8.487579346 9.062762260 0.036850568 0.032621570 0.725871146 -0.686067760
1585067872.396071 -253.151519775 8.487609863 9.062849045 -0.036843952 -0.032626498 -0.725871027 0.686067998
1585067872.429071 -253.151535034 8.487579346 9.062797546 -0.036829527 -0.032630596 -0.725868642 0.686071098
1585067872.462071 -253.151550293 8.487670898 9.062798500 -0.036832865 -0.032635860 -0.725864470 0.686075151
1585067872.495071 -253.151565552 8.487640381 9.062814713 -0.036821391 -0.032648526 -0.725871861 0.686067283
1585067872.528072 -253.151473999 8.487701416 9.062829018 -0.036812693 -0.032652464 -0.725874305 0.686065078
1585067872.561072 -253.151519775 8.487640381 9.062816620 -0.036814477 -0.032660920 -0.725867867 0.686071336
1585067872.594072 -253.151504517 8.487670898 9.062924385 -0.036816359 -0.032660507 -0.725873411 0.686065376
1585067872.627072 -253.151473999 8.487579346 9.062913895 -0.036816567 -0.032651275 -0.725880504 0.686058283
1585067872.660072 -253.151657104 8.487609863 9.063017845 -0.036811560 -0.032609843 -0.725899458 0.686040521
1585067872.693072 -253.151397705 8.487701416 9.062879562 -0.036825061 -0.032677066 -0.725878596 0.686058700
1585067872.726072 -253.151611328 8.487762451 9.062877655 0.036859605 0.032647725 0.725895345 -0.686040461
1585067872.759072 -253.151397705 8.487518311 9.063018799 -0.036813553 -0.032662075 -0.725886762 0.686051309
1585067872.792072 -253.151672363 8.487701416 9.062891006 0.036845747 0.032656614 0.725898921 -0.686037004
1585067872.825072 -253.151535034 8.487609863 9.062830925 0.036849886 0.032641746 0.725898147 -0.686038256
1585067872.858072 -253.151611328 8.487670898 9.062850952 -0.036843125 -0.032646786 -0.725895762 0.686040938
1585067872.891073 -253.151702881 8.487670898 9.062860489 -0.036857788 -0.032639153 -0.725895166 0.686041176
1585067872.924073 -253.151657104 8.487731934 9.062831879 -0.036850840 -0.032650538 -0.725887358 0.686049283
1585067872.957073 -253.151763916 8.487731934 9.062792778 -0.036859419 -0.032642137 -0.725888431 0.686047971
1585067872.990072 -253.151687622 8.487792969 9.062825203 -0.036848668 -0.032650214 -0.725889385 0.686047256
1585067873.023073 -253.151657104 8.487731934 9.062721252 -0.036852837 -0.032655787 -0.725890040 0.686046004
1585067873.056073 -253.151702881 8.487823486 9.062702179 -0.036843598 -0.032659430 -0.725888848 0.686047614
1585067873.089073 -253.151641846 8.487792969 9.062685013 -0.036834035 -0.032660767 -0.725887954 0.686049044
1585067873.122073 -253.151718140 8.487854004 9.062679291 -0.036827445 -0.032659948 -0.725885749 0.686051726
1585067873.155073 -253.151718140 8.487823486 9.062667847 -0.036827385 -0.032659754 -0.725882649 0.686055005
1585067873.188073 -253.151779175 8.487731934 9.062671661 -0.036824021 -0.032660715 -0.725891769 0.686045587
1585067873.221073 -253.151855469 8.487640381 9.062663078 -0.036825567 -0.032659955 -0.725893974 0.686043084
1585067873.254073 -253.151763916 8.487518311 9.062860489 0.036869496 0.032653619 0.725888133 -0.686047316
1585067873.287073 -253.151824951 8.487487793 9.062845230 0.036865532 0.032661214 0.725898504 -0.686036229
1585067873.320073 -253.151779175 8.487487793 9.062727928 0.036873635 0.032660980 0.725885808 -0.686049163
1585067873.353073 -253.150802612 8.488250732 9.062513351 -0.036899924 -0.032671236 -0.725890636 0.686042190
1585067873.386074 -253.150604248 8.488311768 9.062488556 -0.036901686 -0.032669317 -0.725889266 0.686043561
1585067873.419074 -253.150619507 8.488281250 9.062554359 -0.036895812 -0.032678206 -0.725888371 0.686044335
1585067873.452074 -253.150588989 8.488372803 9.062531471 -0.036912799 -0.032683000 -0.725876391 0.686055958
1585067873.485074 -253.150466919 8.488464355 9.062555313 -0.036904339 -0.032680437 -0.725873232 0.686059892
1585067873.518074 -253.151306152 8.487792969 9.062849998 -0.036882460 -0.032675665 -0.725870788 0.686063886
1585067873.551074 -253.151199341 8.487823486 9.062897682 -0.036870927 -0.032672752 -0.725872517 0.686062753
1585067873.584074 -253.151351929 8.487762451 9.062829018 -0.036871731 -0.032671671 -0.725871325 0.686064124
1585067873.617074 -253.151321411 8.487701416 9.062910080 -0.036855996 -0.032679051 -0.725872099 0.686063766
1585067873.650074 -253.150421143 8.488250732 9.062679291 -0.036859635 -0.032666910 -0.725879729 0.686056077
1585067873.683074 -253.150512695 8.488067627 9.062720299 -0.036844671 -0.032662340 -0.725880742 0.686056018
1585067873.716074 -253.151351929 8.487548828 9.063034058 -0.036831614 -0.032659337 -0.725870550 0.686067641
1585067873.749074 -253.151412964 8.487365723 9.063109398 -0.036829174 -0.032665968 -0.725868881 0.686069250
1585067873.782075 -253.151855469 8.487579346 9.062890053 0.036873013 0.032644894 0.725884438 -0.686051369
1585067873.815074 -253.152038574 8.487518311 9.062883377 0.036865111 0.032641884 0.725887060 -0.686049163
1585067873.848075 -253.152069092 8.487457275 9.062941551 0.036853850 0.032648489 0.725889087 -0.686047375
1585067873.881075 -253.152191162 8.487487793 9.062900543 0.036857430 0.032652002 0.725893915 -0.686041951
1585067873.914075 -253.152130127 8.487457275 9.062955856 0.036847174 0.032642812 0.725896001 -0.686040640
1585067873.947075 -253.152328491 8.487396240 9.062897682 0.036854472 0.032648776 0.725896120 -0.686039805
1585067873.980075 -253.151870728 8.487731934 9.062795639 -0.036863212 -0.032656368 -0.725894928 0.686040342
1585067874.013075 -253.151885986 8.487609863 9.062767029 -0.036862165 -0.032654632 -0.725893378 0.686042011
1585067874.046075 -253.151840210 8.487640381 9.062756538 -0.036855638 -0.032658875 -0.725895166 0.686040342
1585067874.079075 -253.151901245 8.487609863 9.062847137 -0.036849260 -0.032654308 -0.725885868 0.686050773
1585067874.112075 -253.151809692 8.487640381 9.062823296 -0.036853075 -0.032658692 -0.725887120 0.686048985
1585067874.145076 -253.151931763 8.487640381 9.062770844 -0.036848813 -0.032658707 -0.725889444 0.686046779
1585067874.178075 -253.151535034 8.487701416 9.062793732 -0.036869645 -0.032687858 -0.725862980 0.686072230
1585067874.211076 -253.151855469 8.487609863 9.062788010 -0.036860466 -0.032660075 -0.725882173 0.686053753
1585067874.244076 -253.151611328 8.487670898 9.062718391 -0.036871105 -0.032660954 -0.725867152 0.686069012
1585067874.277076 -253.151840210 8.487518311 9.062734604 -0.036835555 -0.032638986 -0.725884378 0.686053813
1585067874.310076 -253.151763916 8.487365723 9.062708855 0.036885142 0.032658726 0.725888371 -0.686045885
1585067874.343076 -253.151916504 8.487579346 9.062642097 0.036884069 0.032655623 0.725890279 -0.686044216
1585067874.376076 -253.151855469 8.487426758 9.062687874 0.036873758 0.032653961 0.725887060 -0.686048150
1585067874.409076 -253.151779175 8.487457275 9.062720299 0.036867473 0.032647062 0.725879133 -0.686057270
1585067874.442076 -253.151794434 8.487365723 9.062746048 0.036879387 0.032637250 0.725871980 -0.686064541
1585067874.475076 -253.151748657 8.487396240 9.062689781 0.036868479 0.032636825 0.725878179 -0.686058640
1585067874.508076 -253.152053833 8.487548828 9.062696457 -0.036876079 -0.032640442 -0.725884736 0.686051130
1585067874.541076 -253.151992798 8.487518311 9.062714577 -0.036877811 -0.032640871 -0.725886941 0.686048687
1585067874.574076 -253.152633667 8.488006592 9.062825203 -0.036884546 -0.032646839 -0.725873053 0.686062694
1585067874.607077 -253.152175903 8.487487793 9.062713623 -0.036863744 -0.032639764 -0.725890875 0.686045408
1585067874.640077 -253.152664185 8.487915039 9.062803268 -0.036871403 -0.032639351 -0.725869417 0.686067581
1585067874.673077 -253.152236938 8.487335205 9.062654495 -0.036853727 -0.032640994 -0.725882828 0.686054289
1585067874.706077 -253.152145386 8.487304688 9.062737465 -0.036860973 -0.032640934 -0.725882292 0.686054468
1585067874.739077 -253.152282715 8.487274170 9.062723160 -0.036860403 -0.032650895 -0.725889742 0.686046183
1585067874.772077 -253.152816772 8.487823486 9.062738419 -0.036877926 -0.032655504 -0.725871623 0.686064184
1585067874.805077 -253.152175903 8.487030029 9.062648773 -0.036849111 -0.032632373 -0.725895166 0.686041951
1585067874.838077 -253.152099609 8.486206055 9.062517166 0.036881834 0.032664873 0.725895107 -0.686038733
1585067874.871077 -253.151962280 8.486022949 9.062444687 0.036872029 0.032660883 0.725901425 -0.686032712
1585067874.904077 -253.151977539 8.486114502 9.062458038 0.036860257 0.032657608 0.725897133 -0.686038077
1585067874.937077 -253.151763916 8.485931396 9.062411308 0.036861625 0.032661051 0.725904882 -0.686029613
1585067874.970078 -253.151824951 8.485961914 9.062455177 0.036851138 0.032655846 0.725905180 -0.686030149
1585067875.003077 -253.151733398 8.485900879 9.062426567 0.036853310 0.032670811 0.725898802 -0.686036050
1585067875.036077 -253.151992798 8.485748291 9.062514305 -0.036843747 -0.032652974 -0.725917578 0.686017573
1585067875.069077 -253.152008057 8.485778809 9.062477112 -0.036854323 -0.032657117 -0.725918472 0.686015844
1585067875.102078 -253.152053833 8.485900879 9.062547684 -0.036857367 -0.032656737 -0.725919247 0.686014891
1585067875.135078 -253.152038574 8.485992432 9.062541962 -0.036843449 -0.032652400 -0.725929260 0.686005235
1585067875.168078 -253.152114868 8.486206055 9.062571526 -0.036834475 -0.032643523 -0.725925267 0.686010301
1585067875.201078 -253.152236938 8.486480713 9.062602043 -0.036834147 -0.032650977 -0.725922287 0.686013162
1585067875.234078 -253.152252197 8.486572266 9.062645912 -0.036829710 -0.032645162 -0.725926220 0.686009526
1585067875.267078 -253.152267456 8.486816406 9.062717438 -0.036823660 -0.032645151 -0.725927591 0.686008334
1585067875.300078 -253.152435303 8.486938477 9.062696457 -0.036839422 -0.032644272 -0.725932777 0.686002076
1585067875.333078 -253.152420044 8.487152100 9.062796593 -0.036845710 -0.032654908 -0.725921690 0.686012924
1585067875.366078 -253.152008057 8.487091064 9.062697411 0.036826555 0.032641843 0.725906312 -0.686030924
1585067875.399078 -253.152084351 8.487182617 9.062639236 0.036835071 0.032635458 0.725903392 -0.686033785
1585067875.432078 -253.152496338 8.487426758 9.062784195 -0.036842253 -0.032654162 -0.725918293 0.686016738
1585067875.465079 -253.152069092 8.487304688 9.062638283 0.036816325 0.032641269 0.725889742 -0.686048925
1585067875.498078 -253.152191162 8.487274170 9.062764168 0.036803871 0.032646667 0.725894451 -0.686044395
1585067875.531079 -253.152236938 8.487182617 9.062727928 0.036821697 0.032643534 0.725888073 -0.686050355
1585067875.564079 -253.152648926 8.486694336 9.062857628 -0.036826249 -0.032633357 -0.725904167 0.686033547
1585067875.597079 -253.152130127 8.487243652 9.062848091 -0.036822889 -0.032628018 -0.725893557 0.686045229
1585067875.630079 -253.152206421 8.487304688 9.062821388 -0.036817372 -0.032646820 -0.725888968 0.686049581
1585067875.663079 -253.152694702 8.486785889 9.062890053 -0.036842465 -0.032627679 -0.725903213 0.686033964
1585067875.696079 -253.152221680 8.487243652 9.062800407 -0.036830667 -0.032661721 -0.725888669 0.686048448
1585067875.729079 -253.152664185 8.486755371 9.062831879 -0.036852207 -0.032652017 -0.725899756 0.686035931
1585067875.762079 -253.152770996 8.486816406 9.062774658 -0.036849618 -0.032663774 -0.725895524 0.686040044
1585067875.795079 -253.152755737 8.486877441 9.062816620 -0.036851972 -0.032661077 -0.725896657 0.686038852
1585067875.828079 -253.152801514 8.486755371 9.062730789 -0.036861774 -0.032661214 -0.725903094 0.686031461
1585067875.861079 -253.152709961 8.486846924 9.062723160 -0.036860257 -0.032655478 -0.725898743 0.686036468
1585067875.894079 -253.151748657 8.487335205 9.062750816 0.036837101 0.032648128 0.725910425 -0.686025620
1585067875.927080 -253.151687622 8.487365723 9.062653542 0.036829051 0.032647736 0.725903392 -0.686033547
1585067875.960080 -253.151687622 8.487426758 9.062711716 0.036843300 0.032643937 0.725911617 -0.686024308
1585067875.993080 -253.151535034 8.487426758 9.062662125 0.036839481 0.032661073 0.725897610 -0.686038494
1585067876.026080 -253.151504517 8.487365723 9.062644005 0.036841657 0.032653976 0.725894511 -0.686042011
1585067876.059080 -253.151412964 8.487457275 9.062700272 0.036840767 0.032658920 0.725895405 -0.686040878
1585067876.092080 -253.151763916 8.487854004 9.062786102 -0.036848456 -0.032644760 -0.725896537 0.686039925
1585067876.125080 -253.151870728 8.487762451 9.062774658 -0.036850035 -0.032648154 -0.725893497 0.686042964
1585067876.158080 -253.151718140 8.487670898 9.062773705 -0.036852866 -0.032653213 -0.725895405 0.686040461
1585067876.191080 -253.151779175 8.487640381 9.062754631 -0.036843777 -0.032654151 -0.725899816 0.686036229
1585067876.224080 -253.151748657 8.487518311 9.062735558 -0.036848392 -0.032654632 -0.725896418 0.686039567
1585067876.257080 -253.151901245 8.487365723 9.062697411 -0.036843028 -0.032653879 -0.725894630 0.686041772
1585067876.290081 -253.151809692 8.487243652 9.062761307 -0.036857124 -0.032661494 -0.725895584 0.686039627
1585067876.323081 -253.151794434 8.487030029 9.062721252 -0.036856171 -0.032664098 -0.725898325 0.686036706
1585067876.356081 -253.152114868 8.487121582 9.062561035 -0.036846131 -0.032646544 -0.725888729 0.686048269
1585067876.389081 -253.151519775 8.487854004 9.062738419 -0.036836449 -0.032645065 -0.725870967 0.686067641
1585067876.422081 -253.151641846 8.487518311 9.063069344 0.036831647 0.032625414 0.725917935 -0.686019123
1585067876.455081 -253.151641846 8.487426758 9.063043594 0.036829706 0.032626379 0.725917757 -0.686019361
1585067876.488081 -253.151641846 8.487304688 9.063131332 0.036837310 0.032636862 0.725925446 -0.686010361
1585067876.521081 -253.151672363 8.487304688 9.063110352 0.036828633 0.032638185 0.725929916 -0.686005950
1585067876.554081 -253.151733398 8.487182617 9.063155174 0.036827594 0.032643672 0.725927353 -0.686008513
1585067876.587081 -253.151855469 8.487182617 9.063134193 0.036832925 0.032634873 0.725930631 -0.686005175
1585067876.620081 -253.149703979 8.488220215 9.062859535 -0.036852900 -0.032598309 -0.725874364 0.686065376
1585067876.653081 -253.151138306 8.487457275 9.063101768 -0.036831345 -0.032658603 -0.725904047 0.686032236
1585067876.686082 -253.151031494 8.487426758 9.063053131 -0.036829587 -0.032644428 -0.725907028 0.686029851
1585067876.719081 -253.149444580 8.488128662 9.062810898 -0.036841303 -0.032598153 -0.725880861 0.686059117
1585067876.752082 -253.150299072 8.487152100 9.062758446 -0.036845118 -0.032612916 -0.725893259 0.686045110
1585067876.785082 -253.150436401 8.487304688 9.062839508 -0.036833640 -0.032629870 -0.725898445 0.686039388
1585067876.818082 -253.149627686 8.487884521 9.062807083 -0.036860045 -0.032629568 -0.725868225 0.686070025
1585067876.851082 -253.149703979 8.487823486 9.062853813 -0.036859158 -0.032641668 -0.725862801 0.686075211
1585067876.884082 -253.150451660 8.486816406 9.062732697 -0.036864039 -0.032631263 -0.725901723 0.686034203
1585067876.917082 -253.150207520 8.487640381 9.062901497 -0.036865383 -0.032621127 -0.725876749 0.686061144
1585067876.950082 -253.151748657 8.487426758 9.062723160 0.036821369 0.032619990 0.725910604 -0.686027706
1585067876.983082 -253.151077271 8.487060547 9.062879562 -0.036859035 -0.032637291 -0.725906610 0.686029077
1585067877.016082 -253.151962280 8.487365723 9.062771797 0.036821093 0.032612901 0.725919247 -0.686018884
1585067877.049082 -253.152130127 8.487426758 9.062785149 0.036826074 0.032613304 0.725916326 -0.686021686
1585067877.082082 -253.152343750 8.487335205 9.062751770 0.036833763 0.032611880 0.725912929 -0.686024904
1585067877.115083 -253.152465820 8.487365723 9.062750816 0.036841448 0.032620393 0.725908041 -0.686029255
1585067877.148082 -253.151824951 8.487823486 9.062920570 -0.036875274 -0.032629535 -0.725928485 0.686005414
1585067877.181083 -253.152114868 8.487884521 9.062640190 -0.036857873 -0.032628950 -0.725910246 0.686025679
1585067877.214082 -253.151870728 8.487915039 9.062753677 -0.036867347 -0.032621723 -0.725900352 0.686035931
1585067877.247083 -253.151855469 8.487884521 9.062786102 -0.036858201 -0.032626025 -0.725898504 0.686038256
1585067877.280083 -253.151840210 8.487884521 9.062690735 -0.036869884 -0.032628797 -0.725894809 0.686041355
1585067877.313083 -253.151885986 8.487762451 9.062669754 -0.036864731 -0.032611940 -0.725903273 0.686033547
1585067877.346083 -253.152160645 8.487487793 9.062595367 -0.036845561 -0.032605872 -0.725913107 0.686024368
1585067877.379083 -253.152160645 8.487487793 9.062611580 -0.036847711 -0.032611858 -0.725912809 0.686024308
1585067877.412083 -253.151763916 8.487548828 9.062708855 -0.036860526 -0.032609664 -0.725894034 0.686043561
1585067877.445083 -253.152130127 8.487365723 9.062599182 -0.036846783 -0.032608613 -0.725905180 0.686032593
1585067877.478083 -253.151763916 8.487579346 9.062862396 0.036828574 0.032621540 0.725920260 -0.686016977
1585067877.511083 -253.151687622 8.487548828 9.062858582 0.036832508 0.032634575 0.725914419 -0.686022282
1585067877.544083 -253.151687622 8.487640381 9.062829018 0.036831409 0.032645233 0.725918353 -0.686017811
1585067877.577083 -253.151672363 8.487579346 9.062805176 0.036846694 0.032659285 0.725912154 -0.686022758
1585067877.610084 -253.151550293 8.487670898 9.062836647 0.036855157 0.032654461 0.725905776 -0.686029315
1585067877.643084 -253.151657104 8.487609863 9.062820435 0.036848843 0.032655925 0.725907683 -0.686027646
1585067877.676084 -253.151794434 8.487579346 9.062892914 -0.036853462 -0.032652628 -0.725899220 0.686036527
1585067877.709084 -253.152008057 8.487457275 9.062886238 -0.036873367 -0.032642096 -0.725909173 0.686025321
1585067877.742084 -253.151947021 8.487304688 9.062870026 -0.036862046 -0.032632485 -0.725898147 0.686038017
1585067877.775084 -253.152328491 8.486755371 9.062906265 -0.036861151 -0.032630712 -0.725903571 0.686032474
1585067877.808084 -253.152069092 8.487274170 9.062849998 -0.036853343 -0.032624818 -0.725899816 0.686037183
1585067877.841084 -253.151992798 8.487274170 9.062824249 -0.036849022 -0.032629166 -0.725902438 0.686034441
1585067877.874084 -253.152084351 8.487243652 9.062859535 -0.036855280 -0.032635830 -0.725903034 0.686033130
1585067877.907084 -253.152099609 8.487304688 9.062822342 -0.036868896 -0.032648232 -0.725899041 0.686036050
1585067877.940084 -253.151718140 8.487487793 9.062802315 -0.036835399 -0.032662693 -0.725879848 0.686057389
1585067877.973084 -253.152038574 8.487335205 9.062852859 -0.036869347 -0.032653466 -0.725899100 0.686035752
1585067878.006085 -253.151458740 8.487670898 9.062973022 0.036854152 0.032653835 0.725911915 -0.686022937
1585067878.039084 -253.151428223 8.487670898 9.063012123 0.036845893 0.032656539 0.725911617 -0.686023593
1585067878.072085 -253.151443481 8.487609863 9.062917709 0.036849678 0.032642901 0.725911856 -0.686023712
1585067878.105085 -253.151351929 8.487457275 9.062895775 0.036844254 0.032630466 0.725914478 -0.686021805
1585067878.138085 -253.151443481 8.487457275 9.062964439 0.036848277 0.032640491 0.725912094 -0.686023712
1585067878.171085 -253.151412964 8.487426758 9.062940598 0.036843121 0.032637022 0.725906789 -0.686029732
1585067878.204085 -253.151779175 8.487091064 9.062826157 -0.036858048 -0.032624811 -0.725902736 0.686033785
1585067878.237085 -253.151580811 8.487457275 9.062731743 -0.036876678 -0.032631129 -0.725886583 0.686049581
1585067878.270085 -253.151824951 8.487152100 9.062817574 -0.036876891 -0.032642789 -0.725897610 0.686037421
1585067878.303085 -253.151626587 8.487365723 9.062772751 -0.036890596 -0.032641150 -0.725884318 0.686050773
1585067878.336085 -253.151779175 8.487213135 9.062751770 -0.036885470 -0.032651961 -0.725896716 0.686037421
1585067878.369086 -253.151672363 8.487335205 9.062751770 -0.036894262 -0.032647934 -0.725898087 0.686035633
1585067878.402085 -253.151580811 8.487640381 9.062650681 -0.036902070 -0.032644000 -0.725890219 0.686043799
1585067878.435086 -253.151535034 8.487670898 9.062617302 -0.036901355 -0.032630563 -0.725890875 0.686043739
1585067878.468086 -253.151641846 8.487243652 9.062602997 -0.036896288 -0.032630850 -0.725897789 0.686036706
1585067878.501086 -253.151702881 8.487274170 9.062587738 -0.036899086 -0.032630887 -0.725892365 0.686042249
1585067878.534086 -253.151428223 8.487640381 9.063237190 0.036857128 0.032669481 0.725907922 -0.686026216
1585067878.567086 -253.151428223 8.487579346 9.063221931 0.036853909 0.032654341 0.725909114 -0.686025858
1585067878.600086 -253.151443481 8.487731934 9.063266754 0.036844164 0.032650661 0.725914001 -0.686021447
1585067878.633086 -253.151489258 8.487701416 9.063232422 0.036849201 0.032654688 0.725911736 -0.686023355
1585067878.666086 -253.151397705 8.487762451 9.063292503 0.036854055 0.032656420 0.725907207 -0.686027765
1585067878.699086 -253.151367188 8.487762451 9.063267708 0.036857449 0.032654092 0.725903749 -0.686031342
1585067878.732086 -253.151412964 8.487854004 9.063343048 0.036850121 0.032651991 0.725901902 -0.686033845
1585067878.765086 -253.150527954 8.488800049 9.062341690 -0.036898434 -0.032594480 -0.725877881 0.686059415
1585067878.798086 -253.150482178 8.488983154 9.062479019 -0.036914144 -0.032615244 -0.725871205 0.686064601
1585067878.831087 -253.150421143 8.488769531 9.062440872 -0.036916614 -0.032604910 -0.725872874 0.686063170
1585067878.864087 -253.150436401 8.488616943 9.062478065 -0.036913693 -0.032607894 -0.725875974 0.686059952
1585067878.897087 -253.150451660 8.488616943 9.062534332 -0.036908269 -0.032598060 -0.725871086 0.686065793
1585067878.930087 -253.150497437 8.488372803 9.062520027 -0.036900312 -0.032591768 -0.725874543 0.686062932
1585067878.963087 -253.150390625 8.488250732 9.062563896 -0.036896378 -0.032596074 -0.725865364 0.686072707
1585067878.996087 -253.150512695 8.487487793 9.062701225 -0.036898673 -0.032614764 -0.725880265 0.686055839
1585067879.029087 -253.150405884 8.487884521 9.062569618 -0.036898073 -0.032602165 -0.725879133 0.686057746
1585067879.062087 -253.151321411 8.487670898 9.063977242 0.036823869 0.032617860 0.725908041 -0.686030388
1585067879.095087 -253.151397705 8.487701416 9.063999176 0.036833171 0.032629646 0.725902259 -0.686035454
1585067879.128087 -253.151473999 8.487640381 9.064000130 0.036827564 0.032627977 0.725901544 -0.686036587
1585067879.161087 -253.151458740 8.487426758 9.064049721 0.036835607 0.032635704 0.725906551 -0.686030447
1585067879.194088 -253.151397705 8.487396240 9.064049721 0.036842734 0.032648474 0.725907087 -0.686028957
1585067879.227087 -253.151367188 8.487365723 9.064051628 0.036836531 0.032644991 0.725903094 -0.686033547
1585067879.260087 -253.151458740 8.487365723 9.064056396 0.036837280 0.032641221 0.725905776 -0.686030984
1585067879.293087 -253.151077271 8.488037109 9.064426422 -0.036847558 -0.032657422 -0.725892365 0.686043799
1585067879.326088 -253.150924683 8.488067627 9.064454079 -0.036832184 -0.032664698 -0.725893855 0.686042666
1585067879.359088 -253.151046753 8.488006592 9.064451218 -0.036827173 -0.032674931 -0.725891232 0.686045229
1585067879.392088 -253.150924683 8.487945557 9.064498901 -0.036826402 -0.032677840 -0.725900292 0.686035573
1585067879.425088 -253.150894165 8.487884521 9.064514160 -0.036826521 -0.032670859 -0.725903928 0.686032057
1585067879.458088 -253.150878906 8.487915039 9.064511299 -0.036827084 -0.032683026 -0.725894809 0.686041057
1585067879.491088 -253.150878906 8.487854004 9.064426422 -0.036819309 -0.032694042 -0.725887001 0.686049283
1585067879.524088 -253.150863647 8.487823486 9.064435005 -0.036826219 -0.032706171 -0.725889146 0.686046004
1585067879.557088 -253.150833130 8.487792969 9.064455986 -0.036825746 -0.032705657 -0.725899696 0.686034918
1585067879.590088 -253.151367188 8.487609863 9.064019203 0.036870930 0.032673687 0.725903928 -0.686029553
1585067879.623088 -253.151367188 8.487548828 9.063990593 0.036874387 0.032673150 0.725896537 -0.686037183
1585067879.656089 -253.151504517 8.487609863 9.063959122 0.036877546 0.032675765 0.725897729 -0.686035693
1585067879.689089 -253.151382446 8.487579346 9.063964844 0.036884699 0.032670315 0.725895464 -0.686037958
1585067879.722089 -253.151580811 8.487457275 9.063880920 0.036881387 0.032666370 0.725900173 -0.686033249
1585067879.755089 -253.151641846 8.487487793 9.063903809 0.036868159 0.032661229 0.725908816 -0.686025143
1585067879.788089 -253.151245117 8.487548828 9.064220428 -0.036881328 -0.032659799 -0.725893080 0.686041057
1585067879.821089 -253.151214600 8.487579346 9.064210892 -0.036869794 -0.032652203 -0.725889325 0.686046004
1585067879.854089 -253.150863647 8.488006592 9.064609528 -0.036881983 -0.032679562 -0.725894332 0.686038733
1585067879.887089 -253.150955200 8.488006592 9.064487457 -0.036874443 -0.032678761 -0.725897014 0.686036468
1585067879.920089 -253.151229858 8.487609863 9.064098358 -0.036861990 -0.032660183 -0.725892127 0.686043143
1585067879.953089 -253.151214600 8.487609863 9.064050674 -0.036861777 -0.032656766 -0.725887835 0.686047852
1585067879.986089 -253.150863647 8.487976074 9.064351082 -0.036863234 -0.032680087 -0.725887716 0.686046779
1585067880.019089 -253.151153564 8.487518311 9.064006805 -0.036835343 -0.032645077 -0.725897193 0.686039865
1585067880.052089 -253.151260376 8.487518311 9.063940048 -0.036826640 -0.032636866 -0.725887775 0.686050773
1585067880.085089 -253.151336670 8.487609863 9.063965797 -0.036833916 -0.032630350 -0.725885034 0.686053574
1585067880.118089 -253.151275635 8.487823486 9.064369202 0.036853075 0.032665972 0.725891948 -0.686043501
1585067880.151090 -253.151321411 8.487762451 9.064339638 0.036852986 0.032666821 0.725894630 -0.686040640
1585067880.184090 -253.151519775 8.487731934 9.063990593 0.036871701 0.032675590 0.725887477 -0.686046839
1585067880.217090 -253.151214600 8.487792969 9.064041138 -0.036840916 -0.032647830 -0.725899100 0.686037421
1585067880.250090 -253.151550293 8.487762451 9.064112663 0.036851466 0.032663617 0.725899637 -0.686035633
1585067880.283090 -253.151626587 8.487731934 9.064104080 0.036849141 0.032660440 0.725897551 -0.686038136
1585067880.316090 -253.151657104 8.487579346 9.064128876 -0.036863148 -0.032632887 -0.725905061 0.686030746
1585067880.349090 -253.151596069 8.487823486 9.064345360 -0.036854323 -0.032654732 -0.725915015 0.686019540
1585067880.382090 -253.151611328 8.487792969 9.064319611 -0.036850959 -0.032665234 -0.725898981 0.686036229
1585067880.415090 -253.151580811 8.487823486 9.064277649 -0.036843773 -0.032659370 -0.725894392 0.686041772
1585067880.448090 -253.151626587 8.487854004 9.064258575 -0.036839187 -0.032659054 -0.725888252 0.686048567
1585067880.481091 -253.151580811 8.487670898 9.064043999 -0.036832426 -0.032636166 -0.725886881 0.686051488
1585067880.514091 -253.151611328 8.487640381 9.063910484 -0.036833972 -0.032642409 -0.725887120 0.686050773
1585067880.547091 -253.151596069 8.487792969 9.064129829 -0.036831111 -0.032645680 -0.725896239 0.686041176
1585067880.580091 -253.151580811 8.487579346 9.063934326 -0.036808282 -0.032618411 -0.725890398 0.686049819
1585067880.613091 -253.151565552 8.487579346 9.064027786 -0.036819134 -0.032617360 -0.725886524 0.686053455
1585067880.646091 -253.151351929 8.487854004 9.064355850 0.036819458 0.032646038 0.725878358 -0.686060667
1585067880.679091 -253.151397705 8.487792969 9.064311028 0.036819007 0.032644443 0.725878239 -0.686060905
1585067880.712091 -253.151367188 8.487915039 9.064368248 0.036821004 0.032643799 0.725877106 -0.686062038
1585067880.745091 -253.151245117 8.487823486 9.064437866 0.036822468 0.032650337 0.725871086 -0.686067998
1585067880.778091 -253.151214600 8.488006592 9.064397812 0.036821451 0.032661196 0.725875318 -0.686063051
1585067880.811091 -253.151168823 8.488067627 9.064398766 0.036837693 0.032671805 0.725878000 -0.686058879
1585067880.844091 -253.150863647 8.488220215 9.064148903 -0.036878258 -0.032681540 -0.725889683 0.686043859
1585067880.877092 -253.150772095 8.488189697 9.064066887 -0.036883324 -0.032676607 -0.725883961 0.686049819
1585067880.910092 -253.150787354 8.488128662 9.064052582 -0.036880281 -0.032676283 -0.725878775 0.686055481
1585067880.943092 -253.150741577 8.488159180 9.064077377 -0.036880169 -0.032673325 -0.725873709 0.686061084
1585067880.976092 -253.150802612 8.488159180 9.064083099 -0.036876798 -0.032683030 -0.725870252 0.686064482
1585067881.009092 -253.150817871 8.488037109 9.064020157 -0.036868006 -0.032675978 -0.725872755 0.686062634
1585067881.042092 -253.150802612 8.487976074 9.064079285 -0.036861893 -0.032681424 -0.725870788 0.686064661
1585067881.075092 -253.150817871 8.487762451 9.063862801 -0.036858533 -0.032655936 -0.725875020 0.686061621
1585067881.108092 -253.150848389 8.487945557 9.064018250 -0.036866307 -0.032682613 -0.725875854 0.686059117
1585067881.141092 -253.150772095 8.488006592 9.064051628 -0.036866128 -0.032683827 -0.725873709 0.686061323
1585067881.174092 -253.151397705 8.487640381 9.064160347 0.036851734 0.032690767 0.725873351 -0.686062038
1585067881.207092 -253.151519775 8.487701416 9.064154625 0.036848072 0.032682624 0.725885808 -0.686049521
1585067881.240093 -253.151596069 8.487640381 9.064157486 0.036842883 0.032682054 0.725889027 -0.686046362
1585067881.273092 -253.151657104 8.487670898 9.064161301 0.036839396 0.032683518 0.725884199 -0.686051607
1585067881.306093 -253.151657104 8.487701416 9.064224243 0.036834810 0.032683555 0.725890160 -0.686045587
1585067881.339092 -253.151657104 8.487609863 9.064097404 0.036829919 0.032673247 0.725888669 -0.686047912
1585067881.372093 -253.151657104 8.487579346 9.064030647 0.036818389 0.032676652 0.725891769 -0.686045110
1585067881.405093 -253.151184082 8.488098145 9.064245224 -0.036864758 -0.032677326 -0.725899220 0.686034679
1585067881.438093 -253.151428223 8.487762451 9.064119339 -0.036835700 -0.032664012 -0.725881815 0.686055243
1585067881.471093 -253.151138306 8.487976074 9.064226151 -0.036855996 -0.032673489 -0.725893259 0.686041594
1585067881.504093 -253.151580811 8.487701416 9.064094543 -0.036828909 -0.032649990 -0.725874960 0.686063588
1585067881.537093 -253.151412964 8.487670898 9.064083099 -0.036848873 -0.032648887 -0.725872040 0.686065555
1585067881.570093 -253.151412964 8.487854004 9.064351082 -0.036863085 -0.032660998 -0.725867510 0.686069071
1585067881.603093 -253.151443481 8.487731934 9.064107895 -0.036848158 -0.032649208 -0.725871921 0.686065793
1585067881.636093 -253.151107788 8.487884521 9.064162254 -0.036868479 -0.032668509 -0.725890458 0.686044157
1585067881.669093 -253.151336670 8.487548828 9.064099312 -0.036844909 -0.032668181 -0.725874305 0.686062455
1585067881.702093 -253.151199341 8.487640381 9.064148903 0.036839902 0.032689527 0.725871861 -0.686064363
1585067881.735094 -253.151031494 8.487884521 9.064149857 -0.036873490 -0.032691509 -0.725890756 0.686042547
1585067881.768093 -253.151184082 8.487640381 9.064166069 0.036843717 0.032686040 0.725879788 -0.686055899
1585067881.801094 -253.151184082 8.487640381 9.064211845 0.036844879 0.032677218 0.725870728 -0.686065853
1585067881.834094 -253.151397705 8.487579346 9.064045906 -0.036850780 -0.032671515 -0.725877643 0.686058581
1585067881.867094 -253.151382446 8.487609863 9.064188004 0.036834504 0.032690827 0.725875795 -0.686060429
1585067881.900094 -253.151428223 8.487609863 9.064147949 0.036834478 0.032700647 0.725877166 -0.686058581
1585067881.933094 -253.151351929 8.487548828 9.064117432 -0.036848452 -0.032675181 -0.725886166 0.686049402
1585067881.966094 -253.151199341 8.487518311 9.064112663 -0.036823060 -0.032708827 -0.725853980 0.686083257
1585067881.999094 -253.151290894 8.487518311 9.064068794 -0.036829233 -0.032706685 -0.725851178 0.686086059
1585067882.032094 -253.151275635 8.487670898 9.064065933 -0.036818624 -0.032710630 -0.725858212 0.686079025
1585067882.065094 -253.151321411 8.487670898 9.064157486 -0.036830992 -0.032670032 -0.725883603 0.686053276
1585067882.098094 -253.151245117 8.487609863 9.064095497 -0.036823478 -0.032714304 -0.725858867 0.686077774
1585067882.131094 -253.151199341 8.487731934 9.064076424 -0.036824882 -0.032717090 -0.725860238 0.686076164
1585067882.164094 -253.150802612 8.488098145 9.064056396 -0.036851376 -0.032680500 -0.725867510 0.686068773
1585067882.197095 -253.151214600 8.487884521 9.064345360 -0.036840379 -0.032689132 -0.725875735 0.686060250
1585067882.230095 -253.151214600 8.487945557 9.064134598 0.036850844 0.032726396 0.725869238 -0.686064780
1585067882.263095 -253.151062012 8.487762451 9.064058304 -0.036828194 -0.032669123 -0.725896537 0.686039865
1585067882.296095 -253.151123047 8.487915039 9.064180374 0.036847979 0.032717001 0.725864887 -0.686069906
1585067882.329095 -253.151260376 8.488006592 9.064170837 0.036831290 0.032711800 0.725860953 -0.686075330
1585067882.362095 -253.151123047 8.488037109 9.064207077 0.036835168 0.032715760 0.725861311 -0.686074555
1585067882.395095 -253.151092529 8.488067627 9.064170837 0.036829028 0.032725397 0.725850642 -0.686085761
1585067882.428095 -253.151184082 8.488006592 9.064109802 0.036828667 0.032712471 0.725862145 -0.686074138
1585067882.461095 -253.151153564 8.487915039 9.064149857 -0.036829118 -0.032702688 -0.725872219 0.686063945
1585067882.494095 -253.151153564 8.487976074 9.064180374 -0.036834151 -0.032707851 -0.725875437 0.686060011
1585067882.527095 -253.151214600 8.487976074 9.064146042 -0.036834631 -0.032721937 -0.725874245 0.686060607
1585067882.560096 -253.151184082 8.488037109 9.064199448 -0.036839668 -0.032712441 -0.725878775 0.686055958
1585067882.593096 -253.151092529 8.488037109 9.064162254 -0.036827862 -0.032721687 -0.725880980 0.686053753
1585067882.626096 -253.150863647 8.488159180 9.064016342 -0.036849707 -0.032668885 -0.725881577 0.686054587
1585067882.659096 -253.151168823 8.487762451 9.063896179 -0.036840141 -0.032665394 -0.725901127 0.686034560
1585067882.692096 -253.151199341 8.487579346 9.064174652 -0.036827743 -0.032691821 -0.725898981 0.686036229
1585067882.725096 -253.151214600 8.487701416 9.063942909 -0.036827203 -0.032678913 -0.725903094 0.686032474
1585067882.758096 -253.150985718 8.487762451 9.064159393 0.036780745 0.032599311 0.725900054 -0.686041951
1585067882.791096 -253.151046753 8.487792969 9.064106941 -0.036787361 -0.032592587 -0.725900352 0.686041653
1585067882.824096 -253.151062012 8.487792969 9.064140320 -0.036795288 -0.032601096 -0.725901783 0.686039329
1585067882.857096 -253.151077271 8.487854004 9.064062119 -0.036798567 -0.032592088 -0.725907624 0.686033368
1585067882.890096 -253.151092529 8.487762451 9.064065933 -0.036796600 -0.032607134 -0.725902200 0.686038435
1585067882.923096 -253.151107788 8.487884521 9.064122200 -0.036808878 -0.032613300 -0.725907385 0.686032057
1585067882.956096 -253.151107788 8.487792969 9.064129829 -0.036815852 -0.032626066 -0.725906312 0.686032176
1585067882.989096 -253.151168823 8.487854004 9.064093590 -0.036806971 -0.032613661 -0.725908279 0.686031163
1585067883.022097 -253.151184082 8.487854004 9.064141273 -0.036803752 -0.032615609 -0.725907743 0.686031878
1585067883.055097 -253.151199341 8.487823486 9.064084053 -0.036822170 -0.032607291 -0.725901961 0.686037302
1585067883.088097 -253.151367188 8.487823486 9.064117432 -0.036807090 -0.032588731 -0.725909114 0.686031461
1585067883.121097 -253.151855469 8.487396240 9.063856125 -0.036867950 -0.032642484 -0.725887060 0.686049044
1585067883.154097 -253.151626587 8.487731934 9.064072609 -0.036800027 -0.032578949 -0.725907981 0.686033607
1585067883.187097 -253.151702881 8.487701416 9.064108849 -0.036829740 -0.032531951 -0.725914478 0.686027348
1585067883.220097 -253.151901245 8.487915039 9.063843727 -0.036917839 -0.032563824 -0.725871861 0.686066210
1585067883.253097 -253.151824951 8.487762451 9.063933372 -0.036918044 -0.032433141 -0.725895941 0.686046839
1585067883.286097 -253.150756836 8.487884521 9.063733101 0.037089169 0.032415517 0.725862682 -0.686073661
1585067883.319097 -253.151519775 8.487945557 9.063458443 0.037196219 0.032334242 0.725873351 -0.686060429
1585067883.352097 -253.152832031 8.487976074 9.063370705 -0.037298083 -0.032186117 -0.725884318 0.686050236
1585067883.385098 -253.154556274 8.488006592 9.063228607 -0.037414130 -0.032064553 -0.725897133 0.686036050
1585067883.418097 -253.156677246 8.488006592 9.063060760 -0.037524611 -0.031931683 -0.725920677 0.686011314
1585067883.451097 -253.161636353 8.486938477 9.063059807 -0.037645906 -0.031883486 -0.725927472 0.685999632
1585067883.484097 -253.165115356 8.487121582 9.063096046 -0.037712872 -0.031810641 -0.725924611 0.686002493
1585067883.517098 -253.169128418 8.488128662 9.063371658 -0.037747741 -0.031751204 -0.725910187 0.686018586
1585067883.550098 -253.173965454 8.488098145 9.063647270 -0.037747890 -0.031729456 -0.725918114 0.686011136
1585067883.583098 -253.179397583 8.487976074 9.063900948 -0.037721127 -0.031720571 -0.725914359 0.686017036
1585067883.616098 -253.185043335 8.489166260 9.064467430 -0.037680864 -0.031721555 -0.725872755 0.686063290
1585067883.649098 -253.189666748 8.489868164 9.064721107 -0.037605431 -0.031701863 -0.725873172 0.686067760
1585067883.682098 -253.198562622 8.488983154 9.064946175 -0.037604362 -0.031784452 -0.725855827 0.686082482
1585067883.715098 -253.205642700 8.489349365 9.065216064 -0.037592169 -0.031800106 -0.725852311 0.686085999
1585067883.748098 -253.213363647 8.489776611 9.065372467 -0.037612557 -0.031791601 -0.725865006 0.686071932
1585067883.781098 -253.221343994 8.490051270 9.065494537 -0.037630051 -0.031783491 -0.725873113 0.686062753
1585067883.814098 -253.225280762 8.489959717 9.064458847 0.037727058 0.031612471 0.725884974 -0.686052680
1585067883.847099 -253.233932495 8.490234375 9.064601898 0.037748635 0.031609304 0.725871086 -0.686066389
1585067883.880099 -253.243118286 8.490936279 9.064523697 0.037810951 0.031595040 0.725848317 -0.686087728
1585067883.913099 -253.252517700 8.491424561 9.064451218 0.037873834 0.031558283 0.725826919 -0.686108589
1585067883.946099 -253.262420654 8.491699219 9.064440727 0.037891094 0.031534616 0.725799978 -0.686137259
1585067883.979099 -253.272735596 8.492065430 9.064690590 0.037932392 0.031513784 0.725763738 -0.686174214
1585067884.012099 -253.283782959 8.492523193 9.065243721 0.037985563 0.031460047 0.725729823 -0.686209679
1585067884.045099 -253.296569824 8.495422363 9.065995216 -0.038066417 -0.031364847 -0.725681782 0.686260343
1585067884.078099 -253.309143066 8.496307373 9.066374779 -0.038063075 -0.031388771 -0.725647748 0.686295390
1585067884.111099 -253.317092896 8.501403809 9.065007210 -0.038191527 -0.031517264 -0.725551188 0.686384439
1585067884.144099 -253.331359863 8.502075195 9.065417290 -0.038311601 -0.031424336 -0.725524783 0.686409891
1585067884.177099 -253.345840454 8.503204346 9.066021919 -0.038364321 -0.031348038 -0.725489378 0.686447859
1585067884.210099 -253.361312866 8.504028320 9.066617966 -0.038360801 -0.031347465 -0.725439966 0.686500251
1585067884.243099 -253.387039185 8.497619629 9.073286057 0.038158476 0.031227378 0.725496650 -0.686457157
1585067884.276100 -253.403854370 8.498626709 9.074050903 0.038194269 0.031214671 0.725447059 -0.686508179
1585067884.309099 -253.421173096 8.499114990 9.074315071 -0.038241591 -0.031183427 -0.725388408 0.686568916
1585067884.342100 -253.439590454 8.499908447 9.074752808 -0.038339254 -0.031118792 -0.725336134 0.686621606
1585067884.375100 -253.458786011 8.500885010 9.075201035 -0.038444187 -0.031036604 -0.725281656 0.686677039
1585067884.408100 -253.478805542 8.501617432 9.075792313 -0.038464006 -0.030999629 -0.725214779 0.686748207
1585067884.441100 -253.499938965 8.502502441 9.076430321 -0.038488951 -0.030979158 -0.725158870 0.686806738
1585067884.474100 -253.521926880 8.503570557 9.077078819 -0.038578060 -0.030886501 -0.725092232 0.686876357
1585067884.507100 -253.549484253 8.506774902 9.076033592 0.038650397 0.030794833 0.724992692 -0.686981380
1585067884.540100 -253.573486328 8.507843018 9.076837540 0.038722098 0.030796386 0.724900901 -0.687074065
1585067884.573100 -253.598648071 8.508850098 9.077800751 0.038723085 0.030869719 0.724796355 -0.687181175
1585067884.606100 -253.624526978 8.509948730 9.078873634 0.038698021 0.030928195 0.724681079 -0.687301517
1585067884.639100 -253.651412964 8.510986328 9.080018997 0.038664911 0.030928485 0.724557459 -0.687433660
1585067884.672100 -253.679153442 8.512176514 9.081136703 0.038649797 0.030920729 0.724447012 -0.687551200
1585067884.705101 -253.707534790 8.513366699 9.082345963 0.038697749 0.030964419 0.724326968 -0.687672973
1585067884.738101 -253.739456177 8.512908936 9.085524559 -0.038745254 -0.031099703 -0.724273086 0.687721014
1585067884.771101 -253.769897461 8.513946533 9.087086678 -0.038780723 -0.031180851 -0.724181473 0.687811792
1585067884.804101 -253.801025391 8.514953613 9.088686943 -0.038815532 -0.031198250 -0.724067330 0.687929213
1585067884.837101 -253.832962036 8.515838623 9.090302467 -0.038836718 -0.031170037 -0.723961353 0.688040733
1585067884.870101 -253.870086670 8.520019531 9.098690033 0.038741056 0.031210618 0.723776102 -0.688239276
1585067884.903101 -253.903701782 8.520965576 9.100335121 0.038778156 0.031167977 0.723634601 -0.688387871
1585067884.936101 -253.938018799 8.521789551 9.102026939 0.038861156 0.031125179 0.723472953 -0.688555002
1585067884.969101 -253.973068237 8.522827148 9.103775978 0.038965166 0.031060435 0.723315775 -0.688717127
1585067885.002101 -254.009216309 8.523803711 9.105538368 0.039014254 0.031015012 0.723157465 -0.688882649
1585067885.035101 -254.046249390 8.524749756 9.107307434 0.039082915 0.030934786 0.722996712 -0.689051092
1585067885.068101 -254.084243774 8.525665283 9.109235764 0.039126098 0.030869184 0.722832084 -0.689224243
1585067885.101102 -254.122039795 8.527923584 9.110692978 -0.039221972 -0.030838149 -0.722731829 0.689325333
1585067885.134101 -254.161834717 8.529266357 9.112558365 -0.039314389 -0.030758724 -0.722594976 0.689467132
1585067885.167102 -254.202560425 8.530456543 9.114457130 -0.039436758 -0.030652562 -0.722449064 0.689617753
1585067885.200102 -254.244186401 8.531707764 9.116551399 -0.039574381 -0.030556096 -0.722298086 0.689772189
1585067885.233102 -254.279403687 8.531738281 9.111536026 -0.039811496 -0.030358655 -0.722140491 0.689932287
1585067885.266102 -254.330154419 8.534149170 9.121083260 -0.039853748 -0.030246763 -0.721949399 0.690134704
1585067885.299102 -254.384078979 8.536804199 9.124812126 0.039926887 0.030099418 0.721755385 -0.690339804
1585067885.332102 -254.429367065 8.537902832 9.127442360 0.040094882 0.029900093 0.721555471 -0.690547764
1585067885.365102 -254.475769043 8.539184570 9.130234718 0.040262014 0.029754924 0.721342802 -0.690766454
1585067885.398102 -254.523239136 8.540313721 9.133044243 0.040384054 0.029603709 0.721120238 -0.690998137
1585067885.431102 -254.571823120 8.541412354 9.135936737 0.040484700 0.029484019 0.720896065 -0.691231191
1585067885.464103 -254.622024536 8.542633057 9.138672829 0.040569756 0.029386105 0.720690191 -0.691445053
1585067885.497102 -254.673095703 8.543823242 9.141476631 0.040698558 0.029288977 0.720481932 -0.691658556
1585067885.530102 -254.727142334 8.545471191 9.144608498 -0.040844087 -0.029234204 -0.720311701 0.691829622
1585067885.563102 -254.780883789 8.546966553 9.146966934 -0.040968448 -0.029280167 -0.720100164 0.692040563
1585067885.596103 -254.835830688 8.548583984 9.149328232 -0.041130304 -0.029310929 -0.719863236 0.692276001
1585067885.629103 -254.892028809 8.550537109 9.151694298 -0.041344255 -0.029416502 -0.719633102 0.692498088
1585067885.662103 -254.957427979 8.554809570 9.157124519 0.041485786 0.029596744 0.719309151 -0.692818463
1585067885.695103 -255.015899658 8.556884766 9.159440041 0.041645613 0.029830169 0.719034970 -0.693083405
1585067885.728103 -255.075485229 8.559173584 9.162123680 0.041814536 0.030072138 0.718751907 -0.693356395
1585067885.761103 -255.135955811 8.561309814 9.164769173 0.042014267 0.030259889 0.718485415 -0.693612278
1585067885.794103 -255.197418213 8.563476562 9.167687416 0.042295456 0.030334553 0.718234301 -0.693851948
1585067885.827103 -255.259719849 8.565429688 9.170662880 0.042604264 0.030387999 0.717979968 -0.694093823
1585067885.860103 -255.323028564 8.567428589 9.173909187 0.042852458 0.030443765 0.717741668 -0.694322526
1585067885.893103 -255.388015747 8.569366455 9.176619530 -0.042979565 -0.030458376 -0.717479944 0.694584548
1585067885.926104 -255.453460693 8.570648193 9.180149078 -0.043042243 -0.030428788 -0.717238545 0.694831252
1585067885.959104 -255.519805908 8.571487427 9.183667183 -0.043046683 -0.030282339 -0.717018664 0.695064306
1585067885.992104 -255.587036133 8.571990967 9.187489510 -0.043075681 -0.030016361 -0.716794610 0.695305049
1585067886.025104 -255.663909912 8.574493408 9.196243286 0.042977277 0.029781079 0.716577113 -0.695545375
1585067886.058104 -255.732818604 8.574783325 9.200304985 0.042930122 0.029500157 0.716363311 -0.695780456
1585067886.091104 -255.802536011 8.574920654 9.204646111 0.042878956 0.029235344 0.716126204 -0.696038842
1585067886.124104 -255.872955322 8.575180054 9.208928108 0.042855140 0.028928693 0.715920568 -0.696264565
1585067886.157104 -255.944290161 8.575561523 9.213438034 0.042845394 0.028655577 0.715729058 -0.696473300
1585067886.190104 -256.016632080 8.576309204 9.217861176 0.042883664 0.028443739 0.715551674 -0.696661949
1585067886.223104 -256.089996338 8.577514648 9.222313881 0.042975903 0.028337307 0.715416908 -0.696799040
1585067886.256104 -256.165771484 8.576782227 9.226627350 -0.043103930 -0.028285807 -0.715333521 0.696878731
1585067886.289104 -256.240997314 8.578369141 9.230869293 -0.043249816 -0.028325619 -0.715246797 0.696957111
1585067886.322104 -256.317169189 8.580047607 9.235112190 -0.043423891 -0.028350903 -0.715193629 0.696999788
1585067886.355104 -256.399475098 8.588012695 9.243732452 0.043607354 0.028430758 0.715148091 -0.697031856
1585067886.388104 -256.477233887 8.590301514 9.247810364 0.043825414 0.028607810 0.715079248 -0.697081506
1585067886.421105 -256.555694580 8.592819214 9.251985550 0.044141557 0.028824992 0.715021670 -0.697111726
1585067886.454105 -256.634918213 8.595367432 9.256202698 0.044533160 0.028980045 0.714940250 -0.697163880
1585067886.487105 -256.714904785 8.597839355 9.260530472 0.044879790 0.029065862 0.714877546 -0.697202384
1585067886.520105 -256.795745850 8.600128174 9.264946938 0.045133796 0.029159131 0.714826584 -0.697234333
1585067886.553105 -256.877593994 8.602172852 9.269544601 0.045324713 0.029247196 0.714770436 -0.697275817
1585067886.586105 -256.957275391 8.607452393 9.274443626 -0.045452744 -0.029354090 -0.714747310 0.697286725
1585067886.619105 -257.040283203 8.609695435 9.279363632 -0.045541670 -0.029396104 -0.714723408 0.697303593
1585067886.652105 -257.124206543 8.611755371 9.284702301 -0.045508444 -0.029528487 -0.714720368 0.697303295
1585067886.685105 -257.208984375 8.613601685 9.290402412 -0.045438796 -0.029661909 -0.714747071 0.697274804
1585067886.718105 -257.294647217 8.615570068 9.296359062 -0.045323458 -0.029793272 -0.714769661 0.697253644
1585067886.751105 -257.380981445 8.617507935 9.302430153 -0.045216739 -0.029955950 -0.714811683 0.697210491
1585067886.784106 -257.467926025 8.619567871 9.308309555 -0.045177426 -0.030065846 -0.714841187 0.697178066
1585067886.817105 -257.555328369 8.621917725 9.313956261 -0.045232471 -0.030163720 -0.714859188 0.697151721
1585067886.850106 -257.643218994 8.624511719 9.319067955 -0.045415308 -0.030163899 -0.714857936 0.697141111
1585067886.883106 -257.748413086 8.630584717 9.329482079 0.045570169 0.030200934 0.714862525 -0.697124779
1585067886.916106 -257.837432861 8.633392334 9.333593369 0.045979649 0.030090228 0.714834988 -0.697130799
1585067886.949106 -257.927215576 8.636199951 9.337426186 0.046418454 0.029988557 0.714805067 -0.697136819
1585067886.982106 -258.017822266 8.639404297 9.341472626 0.046818852 0.030016625 0.714802861 -0.697111070
1585067887.015106 -258.109191895 8.642669678 9.345441818 0.047174186 0.030120105 0.714807630 -0.697077811
1585067887.048106 -258.201354980 8.645782471 9.349766731 0.047448993 0.030332459 0.714818418 -0.697038949
1585067887.081106 -258.294586182 8.648651123 9.354432106 0.047627449 0.030615745 0.714839578 -0.696992636
1585067887.114106 -258.391265869 8.652282715 9.360305786 -0.047686517 -0.030952141 -0.714918613 0.696892619
1585067887.147106 -258.486297607 8.655181885 9.366100311 -0.047523770 -0.031398650 -0.714981377 0.696819484
1585067887.180106 -258.581787109 8.657684326 9.372446060 -0.047189385 -0.031836409 -0.715052426 0.696749330
1585067887.213106 -258.677642822 8.659912109 9.379095078 -0.046751499 -0.032285593 -0.715114594 0.696694374
1585067887.246107 -258.773742676 8.662139893 9.386075020 -0.046273470 -0.032714926 -0.715165615 0.696653903
1585067887.279107 -258.869995117 8.664337158 9.393161774 -0.045844052 -0.033121176 -0.715198219 0.696629703
1585067887.312107 -258.974334717 8.670074463 9.403841972 0.045447648 0.033476062 0.715240717 -0.696595013
1585067887.345107 -259.070587158 8.672088623 9.410217285 0.045097142 0.033760980 0.715233803 -0.696611226
1585067887.378107 -259.166748047 8.674194336 9.416473389 0.044845164 0.033911280 0.715259314 -0.696594000
1585067887.411107 -259.262786865 8.676208496 9.422294617 0.044677641 0.034005933 0.715271115 -0.696587980
1585067887.444107 -259.358795166 8.678680420 9.427832603 0.044722944 0.034148600 0.715272009 -0.696577191
1585067887.477107 -259.454833984 8.681579590 9.433046341 0.044912752 0.034322243 0.715279758 -0.696548522
1585067887.510107 -259.550811768 8.684722900 9.438109398 0.045190241 0.034501005 0.715302050 -0.696498811
1585067887.543107 -259.647827148 8.688690186 9.442919731 -0.045361102 -0.034627385 -0.715298414 0.696485162
1585067887.576107 -259.744293213 8.691528320 9.447954178 -0.045533985 -0.034620229 -0.715335786 0.696435869
1585067887.609107 -259.840850830 8.694366455 9.453116417 -0.045651197 -0.034664366 -0.715376735 0.696383953
1585067887.642107 -259.942871094 8.699005127 9.461011887 0.045854088 0.034680922 0.715392411 -0.696353614
1585067887.675107 -260.039825439 8.701934814 9.466396332 0.046079367 0.034838464 0.715391517 -0.696331859
1585067887.708107 -260.137023926 8.704772949 9.471988678 0.046286847 0.034973320 0.715347946 -0.696356118
1585067887.741108 -260.234985352 8.706665039 9.478537560 -0.046346154 -0.035061598 -0.715257108 0.696440995
1585067887.774108 -260.332733154 8.708435059 9.484837532 -0.046265628 -0.035102319 -0.715151131 0.696553051
1585067887.807108 -260.431060791 8.710052490 9.491235733 -0.046153575 -0.035106786 -0.715017915 0.696697116
1585067887.840108 -260.529296875 8.711608887 9.497727394 -0.046133548 -0.035129510 -0.714850664 0.696868896
1585067887.873108 -260.627655029 8.713043213 9.504186630 -0.046083387 -0.035206351 -0.714679360 0.697043955
1585067887.906108 -260.726318359 8.714355469 9.510487556 -0.046069708 -0.035252281 -0.714495599 0.697230875
1585067887.939108 -260.828247070 8.718261719 9.515478134 0.045980725 0.035210874 0.714290679 -0.697448790
1585067887.972108 -260.927032471 8.719146729 9.521493912 0.045956165 0.035147656 0.714074492 -0.697674990
1585067888.005109 -261.025817871 8.720031738 9.527426720 0.046019074 0.035030935 0.713849962 -0.697906375
1585067888.038108 -261.124511719 8.720947266 9.533218384 0.046221200 0.034892090 0.713556647 -0.698199928
1585067888.071109 -261.223266602 8.721862793 9.538772583 0.046473086 0.034778256 0.713234007 -0.698518395
1585067888.104109 -261.322418213 8.722839355 9.544216156 0.046842963 0.034669925 0.712867379 -0.698873281
1585067888.137109 -261.421722412 8.723724365 9.549533844 0.047194690 0.034621820 0.712437630 -0.699290037
1585067888.170109 -261.520416260 8.723937988 9.554742813 -0.047439817 -0.034535915 -0.712006152 0.699717104
1585067888.203109 -261.620300293 8.723876953 9.560452461 -0.047538403 -0.034406628 -0.711483419 0.700248301
1585067888.236109 -261.720397949 8.723083496 9.566311836 -0.047548681 -0.034213558 -0.710916936 0.700832129
1585067888.269109 -261.825866699 8.725616455 9.569016457 -0.047416449 -0.033997379 -0.710235119 0.701542497
1585067888.302109 -261.926452637 8.723602295 9.574967384 -0.047439426 -0.033788543 -0.709550738 0.702243268
1585067888.335109 -262.027252197 8.721343994 9.581174850 -0.047532503 -0.033616945 -0.708789885 0.703013241
1585067888.368109 -262.128112793 8.718627930 9.587388039 -0.047621638 -0.033454530 -0.707970381 0.703840137
1585067888.401109 -262.229339600 8.715225220 9.593768120 -0.047655039 -0.033177175 -0.707075834 0.704749644
1585067888.434109 -262.330749512 8.711166382 9.600337982 -0.047520012 -0.032813914 -0.706127048 0.705726385
1585067888.467109 -262.432617188 8.706558228 9.606954575 -0.047308508 -0.032391150 -0.705129266 0.706757069
1585067888.500110 -262.540466309 8.703552246 9.613765717 -0.047071878 -0.031978119 -0.704114974 0.707802117
1585067888.533109 -262.643829346 8.698577881 9.620485306 -0.046961397 -0.031735353 -0.703012705 0.708915114
1585067888.566110 -262.747741699 8.693496704 9.627272606 -0.046943069 -0.031654444 -0.701866508 0.710054755
1585067888.599110 -262.849212646 8.689880371 9.627555847 -0.046723697 -0.031596772 -0.700730383 0.711193025
1585067888.632110 -262.954010010 8.683746338 9.634452820 -0.046549533 -0.031486437 -0.699504673 0.712414920
1585067888.665110 -263.059112549 8.677001953 9.641553879 -0.046230707 -0.031311911 -0.698173940 0.713747561
1585067888.698110 -263.164428711 8.669769287 9.648926735 -0.045999199 -0.031139515 -0.696782410 0.715128422
1585067888.731110 -263.270111084 8.662048340 9.656315804 -0.045903504 -0.031032884 -0.695245922 0.716633081
1585067888.764110 -263.376037598 8.654052734 9.663946152 -0.045849621 -0.031019609 -0.693621159 0.718209863
1585067888.797110 -263.482147217 8.645111084 9.671749115 -0.045789778 -0.030997079 -0.691905022 0.719868064
1585067888.830110 -263.587036133 8.634292603 9.677467346 -0.045791298 -0.030739943 -0.690092564 0.721616566
1585067888.863110 -263.692626953 8.625076294 9.679803848 -0.045528829 -0.030718423 -0.688146472 0.723490119
1585067888.896110 -263.799682617 8.613464355 9.687134743 -0.045470174 -0.030557344 -0.686149418 0.725394905
1585067888.929111 -263.907043457 8.600997925 9.694587708 -0.045386672 -0.030452844 -0.684077621 0.727358639
1585067888.962111 -264.014923096 8.587814331 9.702031136 -0.045284510 -0.030364096 -0.681947887 0.729365826
1585067888.995111 -264.123046875 8.573562622 9.709426880 -0.045168251 -0.030258024 -0.679703236 0.731469631
1585067889.028111 -264.231628418 8.558212280 9.717029572 -0.045038640 -0.030069087 -0.677389145 0.733628869
1585067889.061111 -264.340606689 8.541687012 9.724800110 -0.044800337 -0.029816156 -0.675002873 0.735849917
1585067889.094111 -264.448852539 8.522521973 9.732055664 -0.044593334 -0.029464087 -0.672650337 0.738027692
1585067889.127111 -264.564727783 8.503173828 9.735947609 -0.044186503 -0.029094744 -0.670109034 0.740374863
1585067889.160111 -264.674743652 8.482269287 9.743776321 -0.043658167 -0.028741641 -0.667509556 0.742764354
1585067889.193111 -264.785125732 8.460067749 9.751702309 -0.043130875 -0.028366059 -0.664842784 0.745197415
1585067889.226111 -264.895812988 8.436645508 9.759754181 -0.042582303 -0.027984679 -0.662092209 0.747688174
1585067889.259111 -265.007049561 8.412216187 9.767945290 -0.042079061 -0.027556222 -0.659235835 0.750252128
1585067889.292111 -265.118499756 8.386703491 9.776201248 -0.041489720 -0.027161656 -0.656309843 0.752860069
1585067889.325112 -265.230377197 8.360107422 9.784525871 -0.040880326 -0.026700202 -0.653329849 0.755497277
1585067889.358111 -265.333801270 8.341629028 9.788230896 -0.040245742 -0.026270140 -0.650191188 0.758249044
1585067889.391112 -265.446655273 8.313552856 9.796278000 -0.039786726 -0.025975863 -0.647071838 0.760947049
1585067889.424112 -265.559783936 8.284729004 9.804471970 -0.039505482 -0.025716344 -0.643972933 0.763594747
1585067889.457112 -265.673492432 8.255004883 9.812738419 -0.039295942 -0.025395669 -0.640856624 0.766233504
1585067889.490112 -265.787475586 8.224136353 9.821129799 -0.038990825 -0.025053941 -0.637773275 0.768828571
1585067889.523112 -265.901794434 8.192352295 9.829561234 -0.038806766 -0.024694590 -0.634689748 0.771396935
1585067889.556112 -266.016418457 8.159973145 9.838056564 -0.038769510 -0.024405636 -0.631611645 0.773930311
1585067889.589112 -266.133270264 8.127990723 9.845410347 -0.039039966 -0.023893721 -0.628507912 0.776455283
1585067889.622112 -266.239471436 8.097106934 9.849990845 -0.038910329 -0.023869371 -0.625306487 0.779043078
1585067889.655112 -266.355712891 8.061782837 9.858551979 -0.038896825 -0.023668502 -0.622068524 0.781637728
1585067889.688112 -266.472595215 8.025329590 9.867151260 -0.038865507 -0.023477156 -0.618774056 0.784255743
1585067889.721112 -266.589904785 7.987701416 9.875625610 -0.038769752 -0.023352334 -0.615420818 0.786898315
1585067889.754112 -266.707641602 7.948928833 9.884119987 -0.038699299 -0.023233335 -0.612041473 0.789536536
1585067889.787113 -266.825805664 7.908584595 9.892704010 -0.038621128 -0.023064883 -0.608610153 0.792193294
1585067889.820113 -266.944702148 7.863800049 9.900629044 -0.038668185 -0.022666862 -0.605234623 0.794784307
1585067889.853113 -267.053985596 7.827545166 9.905273438 -0.038306594 -0.022606455 -0.601739407 0.797452986
1585067889.886113 -267.173339844 7.782089233 9.913685799 -0.038016260 -0.022402832 -0.598251879 0.800092220
1585067889.919113 -267.292846680 7.735031128 9.922145844 -0.037751168 -0.022145724 -0.594692945 0.802760720
1585067889.952113 -267.412658691 7.686416626 9.930570602 -0.037488163 -0.021788020 -0.591076434 0.805449367
1585067889.985113 -267.532745361 7.636230469 9.939077377 -0.037178546 -0.021561539 -0.587410927 0.808146834
1585067890.018113 -267.653228760 7.584793091 9.947933197 -0.036828041 -0.021460304 -0.583655715 0.810881734
1585067890.051113 -267.774108887 7.532135010 9.956898689 -0.036548346 -0.021423038 -0.579812288 0.813647985
1585067890.084113 -267.884735107 7.487686157 9.961608887 -0.036324054 -0.021345930 -0.575903058 0.816431701
1585067890.117113 -268.006225586 7.431701660 9.970788956 -0.035964992 -0.021238362 -0.571908772 0.819253206
1585067890.150114 -268.127868652 7.374221802 9.979778290 -0.035603669 -0.021145049 -0.567896307 0.822057843
1585067890.183114 -268.249694824 7.315399170 9.988706589 -0.035386682 -0.021073015 -0.563891292 0.824821472
1585067890.216114 -268.371398926 7.255081177 9.997572899 -0.035166830 -0.021016439 -0.559871376 0.827566147
1585067890.249114 -268.493133545 7.193191528 10.006772041 -0.034927458 -0.020863840 -0.555844188 0.830290377
1585067890.282114 -268.604858398 7.141815186 10.011976242 -0.034798179 -0.020759301 -0.551772058 0.833010077
1585067890.315114 -268.726165771 7.076950073 10.021461487 -0.034514487 -0.020509230 -0.547639847 0.835750401
1585067890.348114 -268.847351074 7.010177612 10.031406403 -0.034128934 -0.020190520 -0.543521583 0.838458061
1585067890.381114 -268.968597412 6.941528320 10.041563034 -0.033643812 -0.019925956 -0.539355993 0.841169596
1585067890.414114 -269.090026855 6.871337891 10.051761627 -0.033162441 -0.019752977 -0.535149872 0.843874812
1585067890.447114 -269.211334229 6.799636841 10.061870575 -0.032723010 -0.019633366 -0.530928195 0.846557200
1585067890.480114 -269.333068848 6.726516724 10.072330475 -0.032611668 -0.019196715 -0.526677847 0.849222243
1585067890.513114 -269.444641113 6.665519714 10.078375816 -0.032207489 -0.019306855 -0.522281289 0.851946115
1585067890.546114 -269.565673828 6.588737488 10.088207245 -0.031790197 -0.019096669 -0.517916679 0.854626834
1585067890.579114 -269.686370850 6.510467529 10.097983360 -0.031456918 -0.018912008 -0.513548076 0.857275486
1585067890.612114 -269.806976318 6.430870056 10.107713699 -0.031198353 -0.018758321 -0.509105682 0.859933853
1585067890.645114 -269.927429199 6.349876404 10.117467880 -0.031112969 -0.018644268 -0.504616737 0.862581253
1585067890.678115 -270.047698975 6.267723083 10.127227783 -0.031137347 -0.018599655 -0.500091732 0.865212619
1585067890.711115 -270.167510986 6.184104919 10.137027740 -0.031294912 -0.018500112 -0.495500147 0.867846787
1585067890.744115 -270.277526855 6.117263794 10.143213272 -0.031583726 -0.018325510 -0.490793467 0.870510519
1585067890.777115 -270.396423340 6.030342102 10.152639389 -0.031672060 -0.018195171 -0.486125857 0.873125196
1585067890.810115 -270.515014648 5.941490173 10.162126541 -0.031763107 -0.018079391 -0.481476218 0.875696838
1585067890.843115 -270.632965088 5.850662231 10.171849251 -0.031815317 -0.017911652 -0.476844549 0.878229022
1585067890.876115 -270.750091553 5.757568359 10.181961060 -0.031761166 -0.017616857 -0.472197950 0.880743980
1585067890.909115 -270.866455078 5.662292480 10.192279816 -0.031631704 -0.017098555 -0.467557520 0.883231044
1585067890.942115 -270.980102539 5.568618774 10.203207016 -0.031593919 -0.016264949 -0.462823212 0.885738134
1585067890.975115 -271.089172363 5.487327576 10.214094162 -0.031244487 -0.015748346 -0.457984030 0.888271570
1585067891.008115 -271.203277588 5.386398315 10.224612236 -0.030855386 -0.015098837 -0.453162342 0.890765905
1585067891.041115 -271.316680908 5.283538818 10.235112190 -0.030485272 -0.014481490 -0.448269129 0.893261313
1585067891.074116 -271.429870605 5.178955078 10.245336533 -0.030127525 -0.013886442 -0.443316460 0.895751178
1585067891.107116 -271.542663574 5.072975159 10.255452156 -0.029846517 -0.013418890 -0.438351691 0.898207664
1585067891.140116 -271.655303955 4.965843201 10.265446663 -0.029713778 -0.013153708 -0.433323950 0.900652230
1585067891.173116 -271.769775391 4.859664917 10.275878906 -0.029711543 -0.013035469 -0.428207427 0.903097868
1585067891.206116 -271.876007080 4.769309998 10.286539078 -0.029523730 -0.013309112 -0.422976375 0.905561805
1585067891.239116 -271.988586426 4.658859253 10.296876907 -0.029619783 -0.013575440 -0.417811602 0.907949269
1585067891.272116 -272.100433350 4.546920776 10.307390213 -0.029806733 -0.013878276 -0.412625253 0.910307288
1585067891.305116 -272.211212158 4.432655334 10.318338394 -0.029785275 -0.013937768 -0.407403201 0.912656188
1585067891.338116 -272.320800781 4.316017151 10.329517365 -0.029606402 -0.013823971 -0.402214468 0.914962292
1585067891.371116 -272.429595947 4.197269440 10.340724945 -0.029527426 -0.013640146 -0.396931112 0.917271972
1585067891.404116 -272.532806396 4.096138000 10.353893280 -0.029077590 -0.013957426 -0.391498536 0.919613361
1585067891.437116 -272.640014648 3.973743439 10.365638733 -0.028898831 -0.014175090 -0.386234522 0.921838820
1585067891.470116 -272.746429443 3.849491119 10.377645493 -0.028613178 -0.014430494 -0.380971164 0.924031436
1585067891.503117 -272.851867676 3.723152161 10.389989853 -0.028175501 -0.014598265 -0.375715047 0.926191866
1585067891.536116 -272.955841064 3.594692230 10.402453423 -0.027618021 -0.014546208 -0.370472014 0.928319037
1585067891.569117 -273.060821533 3.464496613 10.414658546 -0.027310580 -0.014017081 -0.365244299 0.930405498
1585067891.602117 -273.154937744 3.354175568 10.429656029 -0.026678177 -0.013414988 -0.359932274 0.932500482
1585067891.635117 -273.254882812 3.220046997 10.440843582 -0.026437014 -0.012707717 -0.354731679 0.934507966
1585067891.668117 -273.353881836 3.084590912 10.451420784 -0.026376545 -0.012178783 -0.349495709 0.936487436
1585067891.701117 -273.452178955 2.947902679 10.461642265 -0.026547521 -0.011829477 -0.344221294 0.938438654
1585067891.734117 -273.544921875 2.825973511 10.475049973 -0.026434869 -0.011637632 -0.338764608 0.940427780
1585067891.767117 -273.641998291 2.686351776 10.485239029 -0.026486872 -0.011489515 -0.333391637 0.942346275
1585067891.800117 -273.738464355 2.545162201 10.495609283 -0.026407748 -0.011428167 -0.327990562 0.944242716
1585067891.833117 -273.834381104 2.402221680 10.506165504 -0.026271041 -0.011481358 -0.322572082 0.946110606
1585067891.866117 -273.929718018 2.257835388 10.517021179 -0.026170192 -0.011772533 -0.317163408 0.947936714
1585067891.899117 -274.019409180 2.132909775 10.532290459 -0.025753081 -0.012231791 -0.311617970 0.949779749
1585067891.932117 -274.113006592 1.984975815 10.543932915 -0.025446560 -0.012753577 -0.306259423 0.951522470
1585067891.965118 -274.204895020 1.835290909 10.555685043 -0.025151998 -0.013176514 -0.300948679 0.953217626
1585067891.998118 -274.295654297 1.684061050 10.567491531 -0.025013801 -0.013567705 -0.295630246 0.954878569
1585067892.031118 -274.385192871 1.531431198 10.579568863 -0.024882790 -0.014002275 -0.290327430 0.956501305
1585067892.064118 -274.470092773 1.401638031 10.596529961 -0.024673581 -0.014367821 -0.284905374 0.958130360
1585067892.097118 -274.557617188 1.246414185 10.608507156 -0.024643570 -0.014934298 -0.279594898 0.959685624
1585067892.130118 -274.643737793 1.089706421 10.620481491 -0.024770822 -0.015533361 -0.274342805 0.961187363
1585067892.163118 -274.728332520 0.931371689 10.632479668 -0.024884552 -0.016036658 -0.269137889 0.962646604
1585067892.196118 -274.810913086 0.771150589 10.644668579 -0.024996370 -0.016262766 -0.263941526 0.964077592
1585067892.229118 -274.889221191 0.635608673 10.663438797 -0.024896681 -0.016261559 -0.258657992 0.965511143
1585067892.262118 -274.968627930 0.472307205 10.675100327 -0.024955420 -0.016295530 -0.253493428 0.966877878
1585067892.295118 -275.046539307 0.307376862 10.686368942 -0.025155395 -0.016328584 -0.248340011 0.968208551
1585067892.328119 -275.122924805 0.140756607 10.697322845 -0.025213180 -0.016322175 -0.243191704 0.969513118
1585067892.361119 -275.196685791 -0.026871681 10.708386421 -0.025477618 -0.016181668 -0.238042504 0.970785737
1585067892.394119 -275.268646240 -0.169907570 10.726719856 -0.025196224 -0.016018549 -0.232757002 0.972076535
1585067892.427119 -275.340087891 -0.341464043 10.737614632 -0.025158226 -0.015856111 -0.227626368 0.973294377
1585067892.460119 -275.410064697 -0.514651299 10.748590469 -0.025070578 -0.015721597 -0.222509444 0.974481344
1585067892.493119 -275.478881836 -0.689310074 10.759681702 -0.024926424 -0.015516629 -0.217456043 0.975628495
1585067892.526119 -275.546142578 -0.865657806 10.770921707 -0.024666278 -0.015258213 -0.212444246 0.976742685
1585067892.592119 -275.677978516 -1.187143326 10.804325104 -0.024025857 -0.015120138 -0.202492326 0.978872299
1585067892.625119 -275.743041992 -1.367128372 10.816540718 -0.023597596 -0.015386635 -0.197719499 0.979853809
1585067892.658119 -275.807250977 -1.548306465 10.829192162 -0.023118705 -0.015879223 -0.193025097 0.980792940
1585067892.691119 -275.870758057 -1.730759144 10.842263222 -0.022675842 -0.016435791 -0.188455358 0.981682420
1585067892.724120 -275.934570312 -1.914511681 10.856225967 -0.022267967 -0.016987782 -0.183951586 0.982536197
1585067892.757119 -275.995819092 -2.069543362 10.876734734 -0.021470189 -0.017429320 -0.179463729 0.983375847
1585067892.790120 -276.055755615 -2.255972862 10.890025139 -0.020927876 -0.017805994 -0.175213695 0.984146953
1585067892.823120 -276.114257812 -2.443512440 10.903142929 -0.020501971 -0.018223874 -0.171047047 0.984880924
1585067892.856120 -276.171142578 -2.632292271 10.915933609 -0.020137370 -0.018592086 -0.166990757 0.985577464
1585067892.889120 -276.226196289 -2.822216034 10.928474426 -0.019892275 -0.018807391 -0.163036928 0.986240149
1585067892.922120 -276.281250000 -2.980627060 10.948619843 -0.019617081 -0.018965140 -0.159073204 0.986889720
1585067892.955120 -276.333160400 -3.172420502 10.960800171 -0.019508243 -0.018722979 -0.155291766 0.987498581
1585067892.988120 -276.383300781 -3.365494728 10.972743034 -0.019456714 -0.018301100 -0.151578039 0.988084376
1585067893.021120 -276.432373047 -3.559832811 10.984538078 -0.019349873 -0.017857982 -0.147957921 0.988643169
1585067893.054120 -276.479888916 -3.755453110 10.996337891 -0.019212723 -0.017442649 -0.144478083 0.989167750
1585067893.087120 -276.527343750 -3.919577837 11.015340805 -0.019029558 -0.017030738 -0.140982464 0.989682734
1585067893.120120 -276.572540283 -4.117629528 11.027301788 -0.018910019 -0.016372761 -0.137672663 0.990161896
1585067893.153121 -276.616699219 -4.316880226 11.039427757 -0.018806368 -0.015787525 -0.134464875 0.990614116
1585067893.186121 -276.660339355 -4.517255783 11.051731110 -0.018635364 -0.015355593 -0.131292552 0.991049588
1585067893.219121 -276.703704834 -4.718498230 11.064182281 -0.018548906 -0.015068730 -0.128187880 0.991461992
1585067893.252121 -276.747772217 -4.885336399 11.083491325 -0.018202990 -0.014898895 -0.125151694 0.991858721
1585067893.285121 -276.790069580 -5.088700294 11.096325874 -0.017856687 -0.014776953 -0.122138083 0.992242455
1585067893.318121 -276.831848145 -5.293076992 11.109296799 -0.017587721 -0.014751271 -0.119174600 0.992607951
1585067893.351121 -276.872985840 -5.498466969 11.122301102 -0.017410368 -0.014799569 -0.116231129 0.992959321
1585067893.384121 -276.913543701 -5.705022812 11.135293961 -0.017216116 -0.014956612 -0.113279253 0.993301451
1585067893.417121 -276.954925537 -5.875895500 11.154355049 -0.016877294 -0.015276549 -0.110353708 0.993631721
1585067893.450121 -276.993804932 -6.084239006 11.167284966 -0.016644595 -0.015549269 -0.107476473 0.993946671
1585067893.483121 -277.031463623 -6.293578148 11.180189133 -0.016514689 -0.015684653 -0.104597852 0.994253814
1585067893.516121 -277.067352295 -6.504159927 11.193220139 -0.016389636 -0.015571781 -0.101754516 0.994552612
1585067893.549122 -277.101531982 -6.715972424 11.206319809 -0.016356705 -0.015242514 -0.099019408 0.994834304
1585067893.582121 -277.137237549 -6.890744209 11.225027084 -0.016300619 -0.014996910 -0.096218929 0.995113730
1585067893.615122 -277.169281006 -7.104317665 11.238308907 -0.016232580 -0.014746485 -0.093511641 0.995376706
1585067893.648122 -277.200042725 -7.318908215 11.251618385 -0.016157657 -0.014377501 -0.090811461 0.995633245
1585067893.681122 -277.229736328 -7.534430027 11.265074730 -0.016303629 -0.013934376 -0.088149726 0.995876372
1585067893.714122 -277.258209229 -7.750993252 11.278517723 -0.016405700 -0.013449023 -0.085500605 0.996112227
1585067893.747122 -277.288238525 -7.929125786 11.296778679 -0.016506940 -0.013092624 -0.082835302 0.996340573
1585067893.780122 -277.315399170 -8.147761345 11.310569763 -0.016585112 -0.012765601 -0.080265000 0.996553898
1585067893.813122 -277.342468262 -8.367400169 11.324394226 -0.016665190 -0.012632525 -0.077689856 0.996758342
1585067893.846122 -277.368621826 -8.588153839 11.338245392 -0.016711116 -0.012500686 -0.075118944 0.996956229
1585067893.879122 -277.393798828 -8.810216904 11.352079391 -0.016656935 -0.012411091 -0.072534829 0.997149587
1585067893.912122 -277.419799805 -8.991747856 11.369438171 -0.016448677 -0.012485908 -0.069940373 0.997337461
1585067893.945122 -277.443450928 -9.216066360 11.383409500 -0.016274273 -0.012546941 -0.067326576 0.997519374
1585067893.978122 -277.466674805 -9.441610336 11.397309303 -0.016051829 -0.012750131 -0.064726889 0.997692466
1585067894.011122 -277.488922119 -9.668471336 11.411071777 -0.015687048 -0.013033411 -0.062115051 0.997860670
1585067894.044123 -277.510589600 -9.894685745 11.425489426 -0.015245674 -0.013130888 -0.059597690 0.998019695
1585067894.077123 -277.532257080 -10.083038330 11.442060471 -0.014608502 -0.013256853 -0.057156712 0.998170376
1585067894.110123 -277.551513672 -10.313027382 11.456097603 -0.013948470 -0.013376996 -0.054783158 0.998311281
1585067894.143123 -277.570281982 -10.543901443 11.470215797 -0.013457894 -0.013574434 -0.052462593 0.998440027
1585067894.176123 -277.587921143 -10.775698662 11.484593391 -0.013043015 -0.013807624 -0.050285239 0.998554289
1585067894.209123 -277.604888916 -11.007795334 11.499379158 -0.012619404 -0.013913882 -0.048197743 0.998661160
1585067894.242123 -277.623138428 -11.199468613 11.516439438 -0.012134761 -0.013966639 -0.046172455 0.998762131
1585067894.275123 -277.637847900 -11.433506966 11.531258583 -0.011708081 -0.013877105 -0.044310000 0.998852849
1585067894.308123 -277.651794434 -11.667984009 11.546125412 -0.011674076 -0.013738401 -0.042528361 0.998932600
1585067894.341123 -277.664764404 -11.903020859 11.561007500 -0.011814445 -0.013528228 -0.040810946 0.999005437
1585067894.374124 -277.677215576 -12.138626099 11.575817108 -0.012049764 -0.013271544 -0.039200500 0.999070585
1585067894.407124 -277.692321777 -12.331273079 11.593033791 -0.012628794 -0.013059445 -0.037658375 0.999125540
1585067894.440124 -277.703521729 -12.567495346 11.608015060 -0.013311655 -0.012702840 -0.036195751 0.999175370
1585067894.473124 -277.714233398 -12.804235458 11.623051643 -0.014204770 -0.012421920 -0.034864806 0.999213934
1585067894.506124 -277.724975586 -13.041686058 11.638108253 -0.015122890 -0.012223475 -0.033607248 0.999246001
1585067894.539124 -277.735260010 -13.279945374 11.653295517 -0.016145349 -0.012012074 -0.032473054 0.999270082
1585067894.572124 -277.748321533 -13.475114822 11.669168472 -0.017242968 -0.011857668 -0.031478193 0.999285340
1585067894.605124 -277.758544922 -13.715242386 11.684631348 -0.018014580 -0.011774842 -0.030559486 0.999301314
1585067894.638124 -277.768829346 -13.956702232 11.700413704 -0.018577516 -0.011828287 -0.029704619 0.999316096
1585067894.671124 -277.778961182 -14.199353218 11.716496468 -0.018969148 -0.011873978 -0.028953027 0.999330282
1585067894.704124 -277.789062500 -14.439658165 11.732532501 -0.019209178 -0.011793369 -0.028333627 0.999344409
1585067894.737124 -277.803131104 -14.678510666 11.751661301 -0.019372465 -0.011740115 -0.027797310 0.999356925
1585067894.770124 -277.811981201 -14.923804283 11.769030571 -0.019260347 -0.011489447 -0.027340252 0.999374628
1585067894.803124 -277.820495605 -15.170075417 11.787095070 -0.019064218 -0.011173638 -0.027030021 0.999390423
1585067894.836124 -277.828643799 -15.417399406 11.805867195 -0.018723488 -0.010819262 -0.026788566 0.999407232
1585067894.869125 -277.837707520 -15.664320946 11.825903893 -0.018289655 -0.010338409 -0.026579227 0.999425888
1585067894.902125 -277.848785400 -15.909517288 11.846899033 -0.017962873 -0.009807470 -0.026459424 0.999440432
1585067894.935125 -277.856536865 -16.158977509 11.866693497 -0.017523468 -0.009221232 -0.026343392 0.999456882
1585067894.968125 -277.864410400 -16.409004211 11.886294365 -0.017201543 -0.008693605 -0.026206739 0.999470770
1585067895.001125 -277.872344971 -16.659498215 11.905537605 -0.017082959 -0.008220091 -0.026118534 0.999479055
1585067895.034125 -277.882232666 -16.908758163 11.924677849 -0.017058909 -0.007782906 -0.025997741 0.999486208
1585067895.067125 -277.891174316 -17.058177948 11.937659264 -0.017307460 -0.007522317 -0.025884811 0.999486804
1585067895.100125 -277.900787354 -17.309776306 11.956031799 -0.017471554 -0.007402575 -0.025821108 0.999486506
1585067895.133125 -277.910705566 -17.562057495 11.974414825 -0.017655522 -0.007315795 -0.025794063 0.999484599
1585067895.166125 -277.920654297 -17.814975739 11.992941856 -0.017956404 -0.007111838 -0.025777727 0.999481082
1585067895.199125 -277.931060791 -18.068914413 12.012620926 -0.018252879 -0.006816125 -0.025770908 0.999477983
1585067895.232126 -277.940887451 -18.287321091 12.029691696 -0.018692076 -0.006645599 -0.025747230 0.999471664
1585067895.265126 -277.950775146 -18.542757034 12.049256325 -0.018785566 -0.006402062 -0.025688415 0.999472976
1585067895.298126 -277.960479736 -18.798889160 12.069063187 -0.018998146 -0.006099616 -0.025619302 0.999472678
1585067895.331126 -277.969573975 -19.055849075 12.089114189 -0.019049734 -0.005682324 -0.025587101 0.999474943
1585067895.364126 -277.978759766 -19.312309265 12.109264374 -0.019265652 -0.005111796 -0.025562627 0.999474525
1585067895.397126 -277.986602783 -19.534820557 12.127454758 -0.019568801 -0.004678692 -0.025540980 0.999471307
1585067895.430126 -277.995391846 -19.793674469 12.148203850 -0.019666074 -0.004218268 -0.025539488 0.999471426
1585067895.463126 -278.004394531 -20.053462982 12.169002533 -0.019629896 -0.003823641 -0.025535487 0.999473929
1585067895.496126 -278.013549805 -20.314134598 12.189695358 -0.019539148 -0.003486159 -0.025522722 0.999477208
1585067895.529126 -278.024932861 -20.574254990 12.210861206 -0.019531995 -0.003141383 -0.025507759 0.999478877
1585067895.562126 -278.034667969 -20.836761475 12.231831551 -0.019328833 -0.002876498 -0.025498809 0.999483883
1585067895.595126 -278.044036865 -21.100074768 12.252734184 -0.019090533 -0.002525781 -0.025473684 0.999490023
1585067895.628126 -278.054229736 -21.364089966 12.273566246 -0.018713744 -0.002274224 -0.025499361 0.999497116
1585067895.661126 -278.060913086 -21.571611404 12.288414955 -0.018409759 -0.002070227 -0.025488038 0.999503493
1585067895.694127 -278.071044922 -21.836650848 12.309327126 -0.018231569 -0.001809043 -0.025510442 0.999506652
1585067895.727127 -278.080993652 -22.102426529 12.330548286 -0.017888844 -0.001463647 -0.025538197 0.999512792
1585067895.760127 -278.090667725 -22.368871689 12.351919174 -0.017668873 -0.001114071 -0.025568884 0.999516308
1585067895.793127 -278.098999023 -22.607032776 12.370023727 -0.017373443 -0.000720054 -0.025542732 0.999522507
1585067895.826127 -278.109130859 -22.874504089 12.391306877 -0.017101228 -0.000458523 -0.025507312 0.999528289
1585067895.859127 -278.119995117 -23.142578125 12.412203789 -0.016892672 -0.000394517 -0.025405135 0.999534488
1585067895.892127 -278.131134033 -23.411308289 12.432680130 -0.016802637 -0.000431733 -0.025277838 0.999539137
1585067895.925127 -278.140197754 -23.652074814 12.449410439 -0.016717315 -0.000472663 -0.025148550 0.999543846
1585067895.958127 -278.151885986 -23.922565460 12.469313622 -0.016507745 -0.000597045 -0.025012497 0.999550700
1585067895.991127 -278.163970947 -24.193851471 12.489144325 -0.016244650 -0.000827979 -0.024812466 0.999559820
1585067896.024127 -278.175872803 -24.465837479 12.509004593 -0.015926778 -0.001049640 -0.024700865 0.999567509
1585067896.057127 -278.184814453 -24.709207535 12.525111198 -0.015539796 -0.001344388 -0.024527295 0.999577522
1585067896.090127 -278.196594238 -24.982566833 12.545230865 -0.015260577 -0.001575315 -0.024412766 0.999584258
1585067896.123127 -278.208160400 -25.256662369 12.565606117 -0.015073000 -0.001780165 -0.024305856 0.999589384
1585067896.156128 -278.219543457 -25.531431198 12.586242676 -0.014882952 -0.001946595 -0.024204602 0.999594331
1585067896.189128 -278.228515625 -25.777074814 12.603124619 -0.014654994 -0.002034965 -0.024114497 0.999599755
1585067896.222128 -278.240051270 -26.052577972 12.623713493 -0.014417857 -0.002101500 -0.023985185 0.999606133
1585067896.255128 -278.251831055 -26.328268051 12.644118309 -0.014466852 -0.002204908 -0.023838479 0.999608755
1585067896.288128 -278.263244629 -26.604345322 12.664319992 -0.014644622 -0.002364881 -0.023715910 0.999608696
1585067896.321128 -278.271240234 -26.852342606 12.680228233 -0.014978379 -0.002393359 -0.023606708 0.999606252
1585067896.354128 -278.282928467 -27.129138947 12.700090408 -0.015212685 -0.002506651 -0.023411674 0.999607086
1585067896.387128 -278.295013428 -27.406482697 12.720005989 -0.015507668 -0.002818236 -0.023209203 0.999606371
1585067896.420128 -278.307556152 -27.684671402 12.740005493 -0.015566766 -0.003164316 -0.022985045 0.999609649
1585067896.453128 -278.315521240 -27.935855865 12.755801201 -0.015646279 -0.003586476 -0.022848465 0.999610066
1585067896.486128 -278.327514648 -28.215501785 12.775850296 -0.015637906 -0.003766916 -0.022686535 0.999613225
1585067896.519129 -278.338897705 -28.495805740 12.796072006 -0.015373856 -0.003765726 -0.022517296 0.999621153
1585067896.552129 -278.350646973 -28.776582718 12.816554070 -0.015203714 -0.003860231 -0.022388747 0.999626279
1585067896.585129 -278.357635498 -29.029609680 12.833042145 -0.015154988 -0.004200345 -0.022347093 0.999626637
1585067896.618129 -278.368957520 -29.311372757 12.854035378 -0.014972477 -0.004364545 -0.022288200 0.999629974
1585067896.651129 -278.379730225 -29.593578339 12.875157356 -0.014663219 -0.004372231 -0.022199586 0.999636531
1585067896.684129 -278.390808105 -29.876251221 12.896364212 -0.014252752 -0.004502720 -0.022088788 0.999644339
1585067896.717129 -278.397216797 -30.131254196 12.913174629 -0.014102370 -0.004707856 -0.021883113 0.999650002
1585067896.750129 -278.408203125 -30.414527893 12.934041977 -0.014098734 -0.004787651 -0.021608990 0.999655664
1585067896.783129 -278.418975830 -30.698028564 12.954648972 -0.014290929 -0.004854535 -0.021252744 0.999660254
1585067896.816129 -278.429779053 -30.981924057 12.975060463 -0.014433146 -0.004974713 -0.020851724 0.999666035
1585067896.849129 -278.433959961 -31.237943649 12.990725517 -0.014473677 -0.004974211 -0.020474976 0.999673247
1585067896.882129 -278.443420410 -31.522365570 13.011066437 -0.014477670 -0.004919334 -0.020028053 0.999682546
1585067896.915129 -278.452941895 -31.807233810 13.031357765 -0.014594404 -0.004964151 -0.019526010 0.999690533
1585067896.948130 -278.462463379 -32.092586517 13.051645279 -0.014853863 -0.005147951 -0.019007243 0.999695778
1585067896.981129 -278.466613770 -32.351684570 13.067790031 -0.014882922 -0.005389905 -0.018513184 0.999703348
1585067897.014130 -278.475830078 -32.637775421 13.088269234 -0.014760464 -0.005631499 -0.017984614 0.999713480
1585067897.047130 -278.484802246 -32.924186707 13.109035492 -0.014811397 -0.005822643 -0.017439079 0.999721289
1585067897.080130 -278.493835449 -33.211067200 13.129889488 -0.014852613 -0.006044084 -0.016891859 0.999728799
1585067897.113130 -278.496856689 -33.472759247 13.146733284 -0.015032411 -0.006115322 -0.016473955 0.999732614
1585067897.146130 -278.504791260 -33.759929657 13.168011665 -0.015208721 -0.006140138 -0.015912088 0.999738932
1585067897.179130 -278.512390137 -34.047573090 13.189489365 -0.015235810 -0.006217243 -0.015396453 0.999746084
1585067897.212130 -278.519561768 -34.335742950 13.210993767 -0.015060633 -0.006310984 -0.014810376 0.999757051
1585067897.245130 -278.520385742 -34.599502563 13.228043556 -0.015287101 -0.006382156 -0.014312888 0.999760389
1585067897.278130 -278.526977539 -34.887763977 13.249286652 -0.015752463 -0.006396910 -0.013752334 0.999760866
1585067897.311130 -278.533416748 -35.176506042 13.270472527 -0.016017018 -0.006423948 -0.013206687 0.999763906
1585067897.344131 -278.539459229 -35.465648651 13.291744232 -0.016265541 -0.006405019 -0.012632067 0.999767482
1585067897.377131 -278.538879395 -35.732177734 13.309401512 -0.016288847 -0.006444711 -0.012019804 0.999774337
1585067897.410131 -278.544189453 -36.021903992 13.330996513 -0.016401440 -0.006475550 -0.011452685 0.999778926
1585067897.443131 -278.548553467 -36.312103271 13.352682114 -0.016528159 -0.006320991 -0.010918241 0.999783814
1585067897.476131 -278.552825928 -36.602935791 13.374821663 -0.016687810 -0.006169518 -0.010374888 0.999787927
1585067897.509131 -278.551666260 -36.872478485 13.393464088 -0.016768130 -0.005933927 -0.009868518 0.999793112
1585067897.542131 -278.555694580 -37.164085388 13.415696144 -0.016488848 -0.005999445 -0.009351327 0.999802291
1585067897.575131 -278.559204102 -37.456203461 13.438019753 -0.016244799 -0.005954390 -0.008839250 0.999811292
1585067897.608131 -278.562988281 -37.748752594 13.460317612 -0.015981913 -0.006105039 -0.008317261 0.999819040
1585067897.641131 -278.561004639 -38.021152496 13.478721619 -0.016065150 -0.006151481 -0.007890046 0.999820948
1585067897.674131 -278.563568115 -38.313720703 13.501287460 -0.016042739 -0.006097770 -0.007412434 0.999825299
1585067897.707131 -278.565826416 -38.606388092 13.523969650 -0.016059667 -0.006178758 -0.006920971 0.999828041
1585067897.740131 -278.567901611 -38.899230957 13.546863556 -0.016052188 -0.006193045 -0.006409924 0.999831498
1585067897.773132 -278.564544678 -39.173049927 13.566378593 -0.016368123 -0.005898720 -0.005878647 0.999831378
1585067897.806131 -278.565338135 -39.465450287 13.589550018 -0.016858548 -0.005560298 -0.005386655 0.999827921
1585067897.839132 -278.565521240 -39.758007050 13.612604141 -0.017489851 -0.005319164 -0.004882368 0.999820948
1585067897.872132 -278.565460205 -40.050628662 13.635567665 -0.018256843 -0.005157080 -0.004369588 0.999810517
1585067897.905132 -278.560760498 -40.325206757 13.655398369 -0.018997967 -0.004890770 -0.003912889 0.999799907
1585067897.938132 -278.560607910 -40.618492126 13.678311348 -0.019519538 -0.004646787 -0.003314780 0.999793172
1585067897.971132 -278.560028076 -40.912464142 13.701433182 -0.019896092 -0.004420563 -0.002771936 0.999788463
1585067898.004132 -278.559722900 -41.207267761 13.724707603 -0.020261316 -0.004372007 -0.002181199 0.999782801
1585067898.037132 -278.554046631 -41.485233307 13.745235443 -0.020421775 -0.004251722 -0.001638748 0.999781072
1585067898.070132 -278.553009033 -41.781723022 13.768940926 -0.020208212 -0.004137586 -0.001048799 0.999786675
1585067898.103132 -278.551269531 -42.079181671 13.793128014 -0.019663960 -0.003866264 -0.000497424 0.999799073
1585067898.136132 -278.549316406 -42.377464294 13.817745209 -0.018824605 -0.003611252 -0.000016712 0.999816298
1585067898.169132 -278.541625977 -42.659004211 13.839445114 -0.018030168 -0.003331020 0.000429289 0.999831855
1585067898.202132 -278.538299561 -42.958103180 13.864182472 -0.017064512 -0.003246299 0.000917316 0.999848783
1585067898.235133 -278.534698486 -43.257408142 13.888715744 -0.016280890 -0.003172261 0.001385662 0.999861479
1585067898.268133 -278.531097412 -43.556842804 13.913067818 -0.015649825 -0.003060483 0.001886432 0.999871075
1585067898.301133 -278.524139404 -43.839870453 13.934329033 -0.015103966 -0.002868454 0.002321315 0.999879122
1585067898.334133 -278.520355225 -44.139045715 13.957715034 -0.014605790 -0.002835331 0.002849825 0.999885261
1585067898.367133 -278.516418457 -44.438182831 13.980520248 -0.014349818 -0.002885125 0.003417551 0.999887109
1585067898.400133 -278.512695312 -44.737190247 14.002769470 -0.014413297 -0.003050125 0.003955011 0.999883652
1585067898.433133 -278.505065918 -45.021007538 14.022323608 -0.014531881 -0.003099233 0.004367106 0.999880075
1585067898.466133 -278.500732422 -45.320075989 14.043902397 -0.014743626 -0.003203999 0.004854422 0.999874473
1585067898.499133 -278.495941162 -45.619400024 14.065363884 -0.015093923 -0.003366481 0.005351726 0.999866128
1585067898.532133 -278.491088867 -45.919467926 14.086670876 -0.015274912 -0.003507970 0.005871750 0.999859989
1585067898.565133 -278.482757568 -46.206092834 14.106277466 -0.015316010 -0.003613627 0.006356392 0.999855995
1585067898.598134 -278.476745605 -46.507099152 14.127663612 -0.015239567 -0.003569819 0.006834582 0.999854147
1585067898.631134 -278.470581055 -46.808765411 14.149131775 -0.015117079 -0.003571158 0.007345193 0.999852419
1585067898.664134 -278.464111328 -47.111091614 14.170885086 -0.014813156 -0.003598091 0.007766094 0.999853671
1585067898.697134 -278.454528809 -47.400844574 14.191909790 -0.014631987 -0.003630862 0.008129757 0.999853313
1585067898.730134 -278.447692871 -47.703857422 14.213949203 -0.014259845 -0.003694203 0.008416338 0.999856114
1585067898.763134 -278.440856934 -48.007179260 14.236193657 -0.013967186 -0.003708960 0.008610301 0.999858499
1585067898.796134 -278.433959961 -48.311008453 14.258485794 -0.013537645 -0.003715779 0.008755260 0.999863207
1585067898.829134 -278.424407959 -48.603061676 14.280758858 -0.013362230 -0.003621564 0.008809119 0.999865413
1585067898.862134 -278.417419434 -48.906661987 14.302347183 -0.013257444 -0.003587810 0.008759547 0.999867320
1585067898.895134 -278.410858154 -49.210632324 14.323638916 -0.013228625 -0.003704728 0.008626368 0.999868512
1585067898.928134 -278.404357910 -49.514865875 14.344702721 -0.013277262 -0.003888599 0.008417457 0.999868929
1585067898.961134 -278.396118164 -49.809631348 14.365995407 -0.013429672 -0.004125459 0.008142934 0.999868155
1585067898.994134 -278.390350342 -50.114051819 14.386787415 -0.013752220 -0.004346238 0.007954397 0.999864340
1585067899.027134 -278.384674072 -50.418914795 14.407773972 -0.013982236 -0.004488604 0.007859688 0.999861360
1585067899.060135 -278.379394531 -50.724273682 14.428980827 -0.014111012 -0.004652789 0.007785417 0.999859393
1585067899.093135 -278.371398926 -51.021682739 14.450986862 -0.014371723 -0.004719835 0.007688517 0.999856055
1585067899.126135 -278.366485596 -51.327602386 14.472608566 -0.014704823 -0.004949978 0.007591735 0.999850869
1585067899.159135 -278.361999512 -51.634155273 14.494360924 -0.014892280 -0.005301738 0.007432267 0.999847472
1585067899.192135 -278.358154297 -51.941368103 14.516285896 -0.014978886 -0.005701827 0.007197043 0.999845743
1585067899.225135 -278.351440430 -52.241825104 14.538350105 -0.015090734 -0.005915628 0.006887480 0.999844909
1585067899.258135 -278.347961426 -52.549961090 14.560519218 -0.015280874 -0.006191855 0.006471081 0.999843180
1585067899.291135 -278.344238281 -52.858909607 14.582803726 -0.015248239 -0.006279915 0.005995652 0.999846101
1585067899.324135 -278.340820312 -53.168502808 14.605246544 -0.014943689 -0.006214491 0.005307689 0.999854982
1585067899.357135 -278.333587646 -53.472045898 14.627757072 -0.014891565 -0.005979413 0.004617479 0.999860644
1585067899.390135 -278.330230713 -53.782459259 14.650704384 -0.014887063 -0.005867756 0.003913914 0.999864340
1585067899.423136 -278.327056885 -54.093269348 14.673887253 -0.014811754 -0.005767687 0.003214241 0.999868512
1585067899.456136 -278.324310303 -54.404441833 14.697099686 -0.014635473 -0.005590188 0.002574464 0.999873996
1585067899.489136 -278.318084717 -54.709339142 14.720222473 -0.014718771 -0.005297929 0.001866598 0.999875903
1585067899.522135 -278.316741943 -55.020679474 14.743851662 -0.015157462 -0.005221831 0.001367553 0.999870598
1585067899.555136 -278.316101074 -55.332427979 14.767337799 -0.015561372 -0.005228228 0.000848034 0.999864936
1585067899.588136 -278.315765381 -55.644165039 14.790748596 -0.016221166 -0.005270146 0.000342847 0.999854505
1585067899.621136 -278.312347412 -55.950004578 14.813022614 -0.016754746 -0.005428229 -0.000250515 0.999844909
1585067899.654136 -278.312805176 -56.262348175 14.836617470 -0.017374992 -0.005565366 -0.000846319 0.999833286
1585067899.687136 -278.313171387 -56.575183868 14.860478401 -0.017945141 -0.005531996 -0.001464684 0.999822617
1585067899.720136 -278.313232422 -56.888755798 14.884619713 -0.018500803 -0.005306788 -0.002088058 0.999812603
1585067899.753136 -278.309844971 -57.197040558 14.908507347 -0.019018712 -0.004748161 -0.002883579 0.999803722
1585067899.786136 -278.309692383 -57.512393951 14.933407784 -0.019131931 -0.004180039 -0.003557430 0.999801934
1585067899.819136 -278.309692383 -57.828891754 14.958559036 -0.018972280 -0.003671316 -0.004262784 0.999804199
1585067899.852136 -278.310729980 -58.146213531 14.983824730 -0.018741071 -0.003334564 -0.004954525 0.999806523
1585067899.885136 -278.308380127 -58.458091736 15.008057594 -0.018264383 -0.003185678 -0.005746126 0.999811649
1585067899.918137 -278.311157227 -58.776905060 15.033741951 -0.017774908 -0.003057817 -0.006351603 0.999817193
1585067899.951137 -278.314300537 -59.096450806 15.059594154 -0.017084628 -0.002911735 -0.006937101 0.999825776
1585067899.984137 -278.317962646 -59.416500092 15.085621834 -0.016417531 -0.002739276 -0.007530802 0.999833107
1585067900.017137 -278.318267822 -59.731048584 15.109242439 -0.015919030 -0.002692795 -0.008174425 0.999836326
1585067900.050137 -278.323333740 -60.051330566 15.134897232 -0.015387325 -0.002777344 -0.008755852 0.999839425
1585067900.083137 -278.329254150 -60.371585846 15.160212517 -0.015249372 -0.003023932 -0.009302751 0.999835968
1585067900.116137 -278.336181641 -60.691772461 15.184766769 -0.015078813 -0.003468310 -0.009886610 0.999831438
1585067900.149137 -278.338348389 -61.007339478 15.207056999 -0.015360028 -0.003884654 -0.010442054 0.999819934
1585067900.182137 -278.345886230 -61.327995300 15.231173515 -0.015694618 -0.004138162 -0.010854236 0.999809384
1585067900.215137 -278.353332520 -61.648986816 15.255209923 -0.016055644 -0.004376736 -0.011207012 0.999798775
1585067900.248137 -278.361145020 -61.970245361 15.279299736 -0.016303003 -0.004574958 -0.011537480 0.999790072
1585067900.281137 -278.363372803 -62.287342072 15.300686836 -0.016641974 -0.004770745 -0.011817522 0.999780297
1585067900.314138 -278.371032715 -62.609622955 15.325097084 -0.017002255 -0.004915242 -0.012035867 0.999770999
1585067900.347137 -278.376281738 -62.930454254 15.348644257 -0.017316401 -0.005110702 -0.012235763 0.999762118
1585067900.380138 -278.384124756 -63.254268646 15.373917580 -0.017323405 -0.005250602 -0.012448606 0.999758661
1585067900.413138 -278.392181396 -63.578742981 15.399204254 -0.017350078 -0.005419594 -0.012625668 0.999755144
1585067900.446138 -278.400543213 -63.904148102 15.424646378 -0.017084390 -0.005605283 -0.012847020 0.999755859
1585067900.479138 -278.403686523 -64.225868225 15.447464943 -0.016732275 -0.005828519 -0.013187589 0.999756098
1585067900.512138 -278.412567139 -64.552444458 15.473114967 -0.016481668 -0.005959160 -0.013410025 0.999756515
1585067900.545138 -278.421569824 -64.879501343 15.498845100 -0.016243635 -0.006112595 -0.013683885 0.999755740
1585067900.578138 -278.429534912 -65.206550598 15.524423599 -0.016039461 -0.006148699 -0.014033465 0.999754012
1585067900.611138 -278.432983398 -65.530471802 15.548053741 -0.015713960 -0.006163769 -0.014286220 0.999755502
1585067900.644138 -278.441833496 -65.858444214 15.573873520 -0.015511749 -0.006091332 -0.014560178 0.999755144
1585067900.677138 -278.450927734 -66.186927795 15.599557877 -0.015368521 -0.006161304 -0.014820375 0.999753118
1585067900.710138 -278.460235596 -66.515396118 15.625019073 -0.015391289 -0.006415944 -0.015047572 0.999747753
1585067900.743139 -278.465454102 -66.840766907 15.647175789 -0.015607089 -0.006838345 -0.015327806 0.999737382
1585067900.776139 -278.476196289 -67.170433044 15.671782494 -0.015584288 -0.007170332 -0.015525812 0.999732316
1585067900.809139 -278.487548828 -67.500617981 15.696287155 -0.015602738 -0.007589596 -0.015713323 0.999726057
1585067900.842139 -278.499084473 -67.831268311 15.720732689 -0.015534399 -0.007857245 -0.015945850 0.999721289
1585067900.875139 -278.504089355 -68.158493042 15.743117332 -0.015613049 -0.008242600 -0.016138408 0.999713898
1585067900.908139 -278.515686035 -68.489845276 15.768506050 -0.015679806 -0.008546090 -0.016371120 0.999706566
1585067900.941139 -278.527435303 -68.821647644 15.794166565 -0.015777886 -0.008853368 -0.016614122 0.999698341
1585067900.974139 -278.538635254 -69.153846741 15.819932938 -0.015792221 -0.008867959 -0.016857902 0.999693871
1585067901.007139 -278.543090820 -69.482795715 15.842963219 -0.015901476 -0.008861225 -0.017142214 0.999687374
1585067901.040139 -278.554199219 -69.816024780 15.868841171 -0.015976906 -0.008791637 -0.017361548 0.999683022
1585067901.073139 -278.565734863 -70.149597168 15.894359589 -0.016180575 -0.008910289 -0.017577749 0.999674916
1585067901.106139 -278.576751709 -70.483161926 15.919011116 -0.016345948 -0.008961806 -0.017849192 0.999666929
1585067901.139140 -278.582519531 -70.815681458 15.941713333 -0.016251476 -0.008988111 -0.018123666 0.999663293
1585067901.172139 -278.594787598 -71.151634216 15.967174530 -0.015769660 -0.009092513 -0.018328048 0.999666333
1585067901.205140 -278.604248047 -71.486595154 15.991588593 -0.015419692 -0.009373909 -0.018547893 0.999665141
1585067901.238140 -278.616394043 -71.822753906 16.017438889 -0.015123604 -0.009440989 -0.018786609 0.999664545
1585067901.271140 -278.627960205 -72.159034729 16.043731689 -0.014989704 -0.009306435 -0.019058065 0.999662757
1585067901.304140 -278.639038086 -72.495109558 16.070131302 -0.015222222 -0.008916695 -0.019354044 0.999657094
1585067901.337140 -278.645568848 -72.829055786 16.094463348 -0.015536189 -0.008650351 -0.019725155 0.999647379
1585067901.370140 -278.657012939 -73.164993286 16.121034622 -0.015832156 -0.008382577 -0.019962344 0.999640286
1585067901.403140 -278.668426514 -73.501052856 16.147233963 -0.016256005 -0.008135205 -0.020249087 0.999629736
1585067901.436140 -278.680084229 -73.836456299 16.172302246 -0.017046928 -0.008002214 -0.020621456 0.999610066
1585067901.469140 -278.689575195 -74.171615601 16.195266724 -0.017773183 -0.008028085 -0.020934334 0.999590635
1585067901.502141 -278.702514648 -74.508720398 16.221115112 -0.018238515 -0.008010121 -0.021215905 0.999576449
1585067901.535140 -278.715606689 -74.846817017 16.247432709 -0.018231809 -0.007939897 -0.021533713 0.999570370
1585067901.568141 -278.728515625 -75.185638428 16.274576187 -0.018168360 -0.007821159 -0.021939339 0.999563634
1585067901.601140 -278.739318848 -75.524055481 16.298833847 -0.017790556 -0.007795616 -0.022268785 0.999563396
1585067901.634141 -278.753265381 -75.864273071 16.326671600 -0.017276106 -0.007948163 -0.022508111 0.999565780
1585067901.667141 -278.767608643 -76.204826355 16.354684830 -0.016664295 -0.008210263 -0.022664046 0.999570549
1585067901.700141 -278.782836914 -76.545341492 16.382757187 -0.016339032 -0.008599511 -0.022678742 0.999572277
1585067901.733141 -278.794769287 -76.885360718 16.407125473 -0.016090991 -0.009037382 -0.022585472 0.999574602
1585067901.766141 -278.809539795 -77.226303101 16.434688568 -0.015899569 -0.009406016 -0.022326231 0.999580145
1585067901.799141 -278.824249268 -77.567260742 16.461858749 -0.015845269 -0.009723540 -0.022006502 0.999584973
1585067901.832141 -278.838592529 -77.907844543 16.488748550 -0.015857724 -0.009933098 -0.021656325 0.999590397
1585067901.865141 -278.848876953 -78.247871399 16.511701584 -0.016193213 -0.010117103 -0.021221852 0.999592483
1585067901.898141 -278.861480713 -78.588745117 16.538469315 -0.016518801 -0.010071181 -0.020884672 0.999594748
1585067901.931141 -278.873229980 -78.929786682 16.565282822 -0.017016709 -0.009877675 -0.020574145 0.999594688
1585067901.964141 -278.884613037 -79.271339417 16.592170715 -0.017368138 -0.009632088 -0.020307571 0.999596477
1585067901.997142 -278.892395020 -79.612602234 16.615076065 -0.017731667 -0.009253561 -0.020210754 0.999595642
1585067902.030141 -278.902832031 -79.955215454 16.642236710 -0.017858326 -0.008847743 -0.020037893 0.999600649
1585067902.063142 -278.913085938 -80.298309326 16.669601440 -0.017970830 -0.008360434 -0.019890226 0.999605715
1585067902.096142 -278.922943115 -80.641899109 16.697340012 -0.017972976 -0.007860771 -0.019763988 0.999612212
1585067902.129142 -278.930053711 -80.985099792 16.721033096 -0.017894806 -0.007479560 -0.019725783 0.999617279
1585067902.162142 -278.939575195 -81.329383850 16.749286652 -0.017513782 -0.007065821 -0.019566465 0.999630213
1585067902.195142 -278.949462891 -81.673858643 16.777734756 -0.017250896 -0.006721791 -0.019454267 0.999639392
1585067902.228142 -278.959808350 -82.018524170 16.805995941 -0.017165482 -0.006426897 -0.019262172 0.999646485
1585067902.261142 -278.967834473 -82.362983704 16.831384659 -0.017043859 -0.006175735 -0.019048676 0.999654233
1585067902.294142 -278.978332520 -82.707489014 16.859632492 -0.017189533 -0.006007157 -0.018837998 0.999656796
1585067902.327142 -278.988861084 -83.052040100 16.887733459 -0.017260283 -0.005901560 -0.018642310 0.999659896
1585067902.360142 -278.999572754 -83.396682739 16.915643692 -0.017510444 -0.005982266 -0.018457321 0.999658465
1585067902.393142 -279.008789062 -83.741508484 16.940479279 -0.017699748 -0.006195969 -0.018160067 0.999659240
1585067902.426142 -279.020446777 -84.087471008 16.967590332 -0.017637104 -0.006811171 -0.017981753 0.999659538
1585067902.459143 -279.032592773 -84.433822632 16.994499207 -0.017555952 -0.007553646 -0.017831381 0.999658406
1585067902.492143 -279.042327881 -84.780517578 17.021171570 -0.017531425 -0.007394852 -0.017645890 0.999663293
1585067902.525143 -279.052246094 -85.126647949 17.046976089 -0.017000021 -0.007025733 -0.017527739 0.999677181
1585067902.558143 -279.060577393 -85.473594666 17.074756622 -0.016833395 -0.006429041 -0.017344382 0.999687195
1585067902.591143 -279.068725586 -85.820602417 17.102941513 -0.016783981 -0.005968164 -0.017238149 0.999692678
1585067902.624143 -279.078216553 -86.168106079 17.130985260 -0.016769379 -0.006292310 -0.017159130 0.999692321
1585067902.657143 -279.090026855 -86.514297485 17.157096863 -0.016688734 -0.007003015 -0.017136106 0.999689341
1585067902.690143 -279.100555420 -86.860961914 17.184114456 -0.016966166 -0.007515504 -0.016949357 0.999684155
1585067902.723143 -279.111358643 -87.207481384 17.210414886 -0.017499536 -0.007882871 -0.016757155 0.999675393
1585067902.756143 -279.120422363 -87.554618835 17.237585068 -0.017327458 -0.007759983 -0.016597286 0.999682069
1585067902.789143 -279.131561279 -87.901062012 17.263940811 -0.018150717 -0.007456758 -0.016484251 0.999671578
1585067902.822144 -279.139404297 -88.248451233 17.292446136 -0.018450646 -0.007077802 -0.016540898 0.999667883
1585067902.855143 -279.147399902 -88.596229553 17.321199417 -0.018773258 -0.006964223 -0.016539387 0.999662757
1585067902.888144 -279.156219482 -88.944351196 17.349452972 -0.018668979 -0.007227769 -0.016465027 0.999664068
1585067902.921144 -279.167877197 -89.291877747 17.375600815 -0.019024789 -0.007340645 -0.016352378 0.999658346
1585067902.954144 -279.175354004 -89.640602112 17.404718399 -0.019010216 -0.006978368 -0.016217705 0.999663413
1585067902.987144 -279.183471680 -89.989685059 17.433746338 -0.018902926 -0.006760478 -0.016062722 0.999669433
1585067903.020144 -279.191650391 -90.338966370 17.462841034 -0.018886356 -0.006724477 -0.015924858 0.999672174
1585067903.053144 -279.202606201 -90.688499451 17.489862442 -0.018733175 -0.006717139 -0.015868124 0.999676049
1585067903.086144 -279.210693359 -91.038475037 17.519369125 -0.018433511 -0.006652561 -0.015787046 0.999683321
1585067903.119144 -279.218780518 -91.388946533 17.548751831 -0.017933043 -0.006615548 -0.015670149 0.999694526
1585067903.152144 -279.226593018 -91.739463806 17.577875137 -0.017690182 -0.006512797 -0.015592493 0.999700725
1585067903.185144 -279.236602783 -92.090179443 17.604223251 -0.017621847 -0.006405852 -0.015535261 0.999703526
1585067903.218144 -279.244018555 -92.440834045 17.632711411 -0.017590642 -0.006237555 -0.015485271 0.999705970
1585067903.251144 -279.251312256 -92.791877747 17.661039352 -0.017375261 -0.006143746 -0.015393787 0.999711692
1585067903.284145 -279.258697510 -93.143096924 17.689178467 -0.017168462 -0.006054487 -0.015332593 0.999716759
1585067903.317145 -279.268676758 -93.495086670 17.714744568 -0.016807765 -0.005901437 -0.015317081 0.999724030
1585067903.350145 -279.276306152 -93.846611023 17.742733002 -0.016730072 -0.005899514 -0.015226078 0.999726713
1585067903.383145 -279.283996582 -94.198265076 17.770689011 -0.016670020 -0.005879964 -0.015147584 0.999729037
1585067903.416145 -279.291473389 -94.549896240 17.798740387 -0.016701013 -0.005865708 -0.015041754 0.999730229
1585067903.449145 -279.300994873 -94.902839661 17.824148178 -0.016675293 -0.005780686 -0.014928200 0.999732792
1585067903.482145 -279.308441162 -95.254562378 17.852218628 -0.016707271 -0.005775638 -0.014851963 0.999733448
1585067903.515145 -279.315917969 -95.606208801 17.880250931 -0.017003208 -0.005771433 -0.014726558 0.999730349
1585067903.548145 -279.323211670 -95.957931519 17.908338547 -0.017281324 -0.005683097 -0.014618678 0.999727726
1585067903.581145 -279.332550049 -96.311210632 17.934587479 -0.017645717 -0.005513804 -0.014488638 0.999724150
1585067903.614145 -279.339782715 -96.663452148 17.962509155 -0.017860323 -0.005445037 -0.014397488 0.999722064
1585067903.647146 -279.346984863 -97.015930176 17.990449905 -0.018124491 -0.005350941 -0.014331758 0.999718726
1585067903.680146 -279.353942871 -97.368705750 18.018739700 -0.018299341 -0.005234641 -0.014288964 0.999716818
1585067903.713145 -279.362792969 -97.723220825 18.045831680 -0.018429220 -0.004984691 -0.014323018 0.999715149
1585067903.746145 -279.369812012 -98.077041626 18.074831009 -0.018265784 -0.004772075 -0.014423885 0.999717772
1585067903.779146 -279.376586914 -98.431304932 18.103935242 -0.018056244 -0.004448348 -0.014597654 0.999720573
1585067903.812146 -279.383026123 -98.785598755 18.133197784 -0.017993629 -0.004022904 -0.014857257 0.999719679
1585067903.845146 -279.392395020 -99.141029358 18.160209656 -0.018014641 -0.003821235 -0.015184086 0.999715149
1585067903.878146 -279.400054932 -99.495918274 18.189092636 -0.017690152 -0.003711111 -0.015522664 0.999716163
1585067903.911146 -279.407745361 -99.850807190 18.218019485 -0.017555477 -0.003629602 -0.015884135 0.999713123
1585067903.944146 -279.416015625 -100.205696106 18.246883392 -0.017479690 -0.003513577 -0.016187338 0.999710023
1585067903.977146 -279.427001953 -100.561447144 18.274141312 -0.017683536 -0.003408132 -0.016417187 0.999703050
1585067904.010146 -279.435882568 -100.916358948 18.302894592 -0.017904997 -0.003258123 -0.016610038 0.999696434
1585067904.043146 -279.445404053 -101.271575928 18.331302643 -0.018004805 -0.003285975 -0.016829127 0.999690890
1585067904.076146 -279.455810547 -101.627311707 18.359546661 -0.017900405 -0.003545024 -0.017019948 0.999688625
1585067904.109146 -279.468505859 -101.984779358 18.385494232 -0.017900676 -0.004082501 -0.017233964 0.999682963
1585067904.142147 -279.479919434 -102.341163635 18.413412094 -0.017892359 -0.004528861 -0.017477302 0.999676883
1585067904.175147 -279.491119385 -102.697845459 18.441648483 -0.017845899 -0.004748105 -0.017649557 0.999673724
1585067904.208147 -279.501922607 -103.054801941 18.470315933 -0.017731756 -0.004733243 -0.017858094 0.999672115
1585067904.241147 -279.513549805 -103.412841797 18.497198105 -0.017688155 -0.004581559 -0.018095989 0.999669313
1585067904.274147 -279.524261475 -103.769752502 18.526687622 -0.017717868 -0.004491237 -0.018383630 0.999664009
1585067904.307147 -279.535430908 -104.126670837 18.556041718 -0.017879218 -0.004552519 -0.018622350 0.999656379
1585067904.340147 -279.546447754 -104.483497620 18.585117340 -0.018230319 -0.004621098 -0.018874170 0.999644995
1585067904.373147 -279.558410645 -104.841491699 18.611345291 -0.018561721 -0.004518859 -0.019179065 0.999633610
1585067904.406147 -279.569641113 -105.198806763 18.640272141 -0.018843532 -0.004432157 -0.019393355 0.999624550
1585067904.439147 -279.580841064 -105.556564331 18.669364929 -0.019143969 -0.004223565 -0.019626534 0.999615252
1585067904.472147 -279.592376709 -105.914901733 18.698513031 -0.019277660 -0.004109878 -0.019866802 0.999608338
1585067904.505147 -279.605438232 -106.273941040 18.728017807 -0.019133179 -0.004053694 -0.020057611 0.999607503
1585067904.538148 -279.617858887 -106.634506226 18.753856659 -0.018959820 -0.004013686 -0.020323562 0.999605656
1585067904.571147 -279.630584717 -106.994468689 18.783922195 -0.018622069 -0.004077674 -0.020532196 0.999607444
1585067904.604148 -279.643432617 -107.354675293 18.814037323 -0.018208385 -0.004232433 -0.020649061 0.999612033
1585067904.637148 -279.656585693 -107.714874268 18.844043732 -0.018024415 -0.004349400 -0.020692857 0.999614000
1585067904.670148 -279.669464111 -108.075744629 18.870662689 -0.017909708 -0.004421972 -0.020675464 0.999616086
1585067904.703148 -279.683044434 -108.435859680 18.900283813 -0.017926157 -0.004625757 -0.020654209 0.999615312
1585067904.736148 -279.696441650 -108.795860291 18.929740906 -0.018041730 -0.004838766 -0.020588361 0.999613583
1585067904.769148 -279.709686279 -109.155883789 18.959218979 -0.018258303 -0.004978376 -0.020512259 0.999610484
1585067904.802148 -279.722473145 -109.517105103 18.986011505 -0.018556863 -0.005052560 -0.020426609 0.999606371
1585067904.835148 -279.735687256 -109.877182007 19.015335083 -0.018817633 -0.005078099 -0.020334678 0.999603271
1585067904.868148 -279.748565674 -110.237388611 19.044805527 -0.019249737 -0.005023990 -0.020285822 0.999596357
1585067904.901148 -279.761291504 -110.598037720 19.074260712 -0.019573838 -0.004945222 -0.020301305 0.999590039
1585067904.934148 -279.772583008 -110.960830688 19.101039886 -0.019697607 -0.004881821 -0.020356558 0.999586821
1585067904.967149 -279.785095215 -111.322250366 19.130683899 -0.019807100 -0.004766835 -0.020408297 0.999584198
1585067905.000149 -279.797332764 -111.684165955 19.160587311 -0.019686284 -0.004634854 -0.020482279 0.999585688
1585067905.033149 -279.809875488 -112.046310425 19.190773010 -0.019594043 -0.004567917 -0.020555586 0.999586284
1585067905.066149 -279.821624756 -112.410224915 19.219320297 -0.019579351 -0.004395952 -0.020597626 0.999586463
1585067905.099149 -279.834472656 -112.772789001 19.249700546 -0.019492000 -0.004407059 -0.020650880 0.999587059
1585067905.132149 -279.847259521 -113.135681152 19.280162811 -0.019280553 -0.004484370 -0.020695234 0.999589920
1585067905.165149 -279.860168457 -113.498550415 19.310647964 -0.019099474 -0.004518487 -0.020729588 0.999592483
1585067905.198149 -279.873504639 -113.862709045 19.339078903 -0.018976688 -0.004408130 -0.020744311 0.999595046
1585067905.231149 -279.886688232 -114.225288391 19.369861603 -0.019032389 -0.004342763 -0.020762362 0.999593854
1585067905.264149 -279.899780273 -114.587593079 19.400642395 -0.019285677 -0.004314412 -0.020742608 0.999589503
1585067905.297149 -279.913299561 -114.950141907 19.431320190 -0.019455314 -0.004433969 -0.020763846 0.999585271
1585067905.330149 -279.926025391 -115.313903809 19.459016800 -0.019405516 -0.004621603 -0.020853013 0.999583542
1585067905.363150 -279.939331055 -115.676742554 19.489057541 -0.019349307 -0.004712371 -0.020883415 0.999583602
1585067905.396149 -279.952484131 -116.039558411 19.518960953 -0.019223988 -0.004694717 -0.020924293 0.999585271
1585067905.429150 -279.965362549 -116.402519226 19.548942566 -0.019161820 -0.004591745 -0.020962702 0.999586105
1585067905.462150 -279.978088379 -116.766891479 19.576803207 -0.018844632 -0.004352785 -0.021149704 0.999589205
1585067905.495150 -279.990447998 -117.130340576 19.607250214 -0.018311292 -0.004215181 -0.021239877 0.999597847
1585067905.528150 -280.003387451 -117.493774414 19.637681961 -0.017856596 -0.004284753 -0.021271689 0.999605060
1585067905.561150 -280.016754150 -117.857025146 19.667833328 -0.017450482 -0.004459765 -0.021340223 0.999610066
1585067905.594150 -280.030883789 -118.220695496 19.695541382 -0.017211586 -0.004591511 -0.021540420 0.999609232
1585067905.627150 -280.044250488 -118.583412170 19.724792480 -0.016877979 -0.004684886 -0.021585654 0.999613583
1585067905.660150 -280.057464600 -118.945854187 19.753988266 -0.016690075 -0.004602258 -0.021641195 0.999615967
1585067905.693150 -280.070312500 -119.307975769 19.783132553 -0.016632587 -0.004473626 -0.021705089 0.999616086
1585067905.726151 -280.084381104 -119.670242310 19.810506821 -0.016772002 -0.004410282 -0.021882966 0.999610186
1585067905.759150 -280.097747803 -120.031951904 19.839242935 -0.016781777 -0.004459752 -0.021950185 0.999608278
1585067905.792150 -280.111114502 -120.393318176 19.868041992 -0.016995251 -0.004521582 -0.021994708 0.999603450
1585067905.825150 -280.124603271 -120.754768372 19.896738052 -0.017073423 -0.004567923 -0.022076141 0.999600112
1585067905.858151 -280.139068604 -121.115798950 19.923582077 -0.017313870 -0.004574260 -0.022180052 0.999593616
1585067905.891151 -280.152801514 -121.476821899 19.952095032 -0.017580688 -0.004570574 -0.022219650 0.999588132
1585067905.924151 -280.166290283 -121.837768555 19.980720520 -0.017786115 -0.004560058 -0.022281237 0.999583125
1585067905.957151 -280.180175781 -122.199012756 20.009489059 -0.017689407 -0.004637602 -0.022332113 0.999583364
1585067905.990151 -280.194519043 -122.560401917 20.036546707 -0.017649144 -0.004620490 -0.022323666 0.999584377
1585067906.023151 -280.207611084 -122.921646118 20.065422058 -0.017606854 -0.004522349 -0.022421692 0.999583364
1585067906.056151 -280.220733643 -123.283241272 20.094520569 -0.017185986 -0.004319499 -0.022466131 0.999590576
1585067906.089151 -280.233917236 -123.644630432 20.123384476 -0.017010091 -0.004151735 -0.022550229 0.999592364
1585067906.122151 -280.246978760 -124.006530762 20.151830673 -0.016890405 -0.003955800 -0.022637140 0.999593198
1585067906.155151 -280.260894775 -124.368171692 20.178216934 -0.016270041 -0.003727473 -0.022691458 0.999603152
1585067906.188152 -280.273284912 -124.729629517 20.206975937 -0.015776128 -0.003337377 -0.022760652 0.999610901
1585067906.221152 -280.286193848 -125.091117859 20.235431671 -0.015239508 -0.003126043 -0.022867223 0.999617517
1585067906.254152 -280.299652100 -125.452674866 20.263229370 -0.014618069 -0.003190470 -0.022920255 0.999625325
1585067906.287152 -280.314300537 -125.811866760 20.289350510 -0.015193850 -0.003114700 -0.022956565 0.999616146
1585067906.320152 -280.328643799 -126.171905518 20.317209244 -0.015547932 -0.003358490 -0.023088511 0.999606907
1585067906.353152 -280.343383789 -126.531776428 20.344924927 -0.015669525 -0.003740434 -0.023089875 0.999603629
1585067906.386152 -280.357910156 -126.890502930 20.371829987 -0.016067326 -0.003930531 -0.023083150 0.999596715
1585067906.419152 -280.373260498 -127.249252319 20.399301529 -0.016961724 -0.004034043 -0.023176843 0.999579370
1585067906.452152 -280.386871338 -127.606529236 20.425848007 -0.017082544 -0.004387141 -0.023069102 0.999578297
1585067906.485152 -280.401977539 -127.965690613 20.453788757 -0.018014878 -0.004731300 -0.022983562 0.999562383
1585067906.518152 -280.417022705 -128.324905396 20.481674194 -0.018976450 -0.005068329 -0.022810239 0.999546885
1585067906.551152 -280.432373047 -128.685516357 20.510740280 -0.018831939 -0.005518632 -0.022538511 0.999553442
1585067906.584152 -280.446533203 -129.043884277 20.538026810 -0.018162727 -0.005936024 -0.022284830 0.999569058
1585067906.617152 -280.461181641 -129.405593872 20.567972183 -0.017425627 -0.006076895 -0.022012727 0.999587357
1585067906.650152 -280.475006104 -129.767242432 20.598245621 -0.017102480 -0.006161251 -0.021777175 0.999597609
1585067906.683153 -280.488189697 -130.129577637 20.628047943 -0.016469358 -0.006300739 -0.021593383 0.999611318
1585067906.716153 -280.501098633 -130.486892700 20.655086517 -0.016329199 -0.006654793 -0.021426495 0.999614954
1585067906.749153 -280.513885498 -130.848571777 20.684383392 -0.015930206 -0.006775561 -0.021298097 0.999623299
1585067906.782153 -280.526550293 -131.209930420 20.713104248 -0.015486002 -0.006820295 -0.021188546 0.999632359
1585067906.815153 -280.538787842 -131.570816040 20.741403580 -0.015366256 -0.006817810 -0.021082617 0.999636412
1585067906.848153 -280.550354004 -131.930908203 20.769809723 -0.015720010 -0.006558294 -0.020994276 0.999634504
1585067906.881153 -280.559661865 -132.284866333 20.793531418 -0.016204506 -0.006257245 -0.020889711 0.999630868
1585067906.914153 -280.570465088 -132.644851685 20.821485519 -0.016692998 -0.005869281 -0.020773554 0.999627650
1585067906.947153 -280.581298828 -133.004730225 20.849306107 -0.017286927 -0.005563564 -0.020650327 0.999621868
1585067906.980153 -280.592407227 -133.364608765 20.877231598 -0.017717391 -0.005428149 -0.020505624 0.999618053
1585067907.013154 -280.602081299 -133.719085693 20.901792526 -0.018046977 -0.005444610 -0.020318255 0.999615908
1585067907.046154 -280.613647461 -134.079437256 20.930322647 -0.018399803 -0.005474406 -0.020153048 0.999612570
1585067907.079154 -280.625366211 -134.440032959 20.959325790 -0.018692315 -0.005555717 -0.019930011 0.999611199
1585067907.112154 -280.637176514 -134.801101685 20.988695145 -0.018933265 -0.005642684 -0.019689994 0.999610901
1585067907.145154 -280.647735596 -135.156127930 21.014787674 -0.018952936 -0.005786532 -0.019463271 0.999614239
1585067907.178154 -280.659454346 -135.517684937 21.044727325 -0.018717170 -0.005990188 -0.019275073 0.999621153
1585067907.211154 -280.671081543 -135.879623413 21.074872971 -0.018403500 -0.006200475 -0.019127142 0.999628484
1585067907.244154 -280.682312012 -136.241699219 21.105125427 -0.018165825 -0.006303024 -0.018962326 0.999635279
1585067907.277154 -280.692077637 -136.597976685 21.131595612 -0.017854333 -0.006391225 -0.018802816 0.999643445
1585067907.310154 -280.702972412 -136.960327148 21.161691666 -0.017631767 -0.006399055 -0.018644631 0.999650240
1585067907.343154 -280.713287354 -137.322509766 21.191644669 -0.017430602 -0.006386178 -0.018504148 0.999656439
1585067907.376154 -280.722595215 -137.679962158 21.218524933 -0.017261237 -0.006446427 -0.018378012 0.999661326
1585067907.409154 -280.733032227 -138.042037964 21.248104095 -0.017229080 -0.006478940 -0.018193262 0.999665082
1585067907.442154 -280.743133545 -138.404052734 21.277498245 -0.017304361 -0.006549798 -0.018026600 0.999666333
1585067907.475154 -280.753051758 -138.766021729 21.306638718 -0.017495036 -0.006539491 -0.017864719 0.999665976
1585067907.508155 -280.761627197 -139.121658325 21.332244873 -0.017744064 -0.006635904 -0.017720472 0.999663472
1585067907.541155 -280.771179199 -139.483566284 21.361337662 -0.018043250 -0.006541846 -0.017600968 0.999660909
1585067907.574155 -280.780853271 -139.845733643 21.390493393 -0.018198192 -0.006464142 -0.017490270 0.999660552
1585067907.607155 -280.790466309 -140.208190918 21.419715881 -0.018380644 -0.006348880 -0.017436961 0.999658883
1585067907.640155 -280.797912598 -140.564498901 21.445520401 -0.018427225 -0.006357808 -0.017479083 0.999657214
1585067907.673155 -280.807281494 -140.927383423 21.475194931 -0.018510252 -0.006127643 -0.017500250 0.999656796
1585067907.706155 -280.817199707 -141.290435791 21.504949570 -0.018593431 -0.006035282 -0.017642150 0.999653339
1585067907.739155 -280.826782227 -141.653610229 21.534954071 -0.018570423 -0.005900777 -0.017778246 0.999652088
1585067907.772155 -280.834930420 -142.011291504 21.561162949 -0.018375458 -0.005919924 -0.018040383 0.999650896
1585067907.805155 -280.845031738 -142.374816895 21.591295242 -0.018241674 -0.005903625 -0.018197544 0.999650598
1585067907.838155 -280.855834961 -142.738449097 21.621412277 -0.018134564 -0.005990670 -0.018322095 0.999649763
1585067907.871156 -280.866455078 -143.101974487 21.651565552 -0.018270701 -0.006048657 -0.018462436 0.999644339
1585067907.904155 -280.876220703 -143.460296631 21.678268433 -0.018223673 -0.006179371 -0.018649261 0.999640942
1585067907.937155 -280.887237549 -143.824081421 21.707908630 -0.018127052 -0.006299184 -0.018773010 0.999639571
1585067907.970156 -280.898681641 -144.187667847 21.737550735 -0.018030522 -0.006423092 -0.018909914 0.999637961
1585067908.003156 -280.909881592 -144.551391602 21.767147064 -0.018213062 -0.006518647 -0.019040111 0.999631584
1585067908.036156 -280.920989990 -144.910095215 21.794860840 -0.018419566 -0.006702540 -0.019171072 0.999624074
1585067908.069156 -280.932800293 -145.274093628 21.824394226 -0.018518865 -0.006834426 -0.019346900 0.999617994
1585067908.102156 -280.944458008 -145.638229370 21.853996277 -0.018553495 -0.006883256 -0.019485340 0.999614358
1585067908.135156 -280.956146240 -146.002670288 21.883552551 -0.018542884 -0.006944808 -0.019640513 0.999611020
1585067908.168156 -280.967010498 -146.362060547 21.911506653 -0.018592596 -0.006833023 -0.019792337 0.999607921
1585067908.201156 -280.978546143 -146.726776123 21.941167831 -0.018704861 -0.006840087 -0.019966297 0.999602318
1585067908.234156 -280.990234375 -147.091598511 21.971084595 -0.018730372 -0.006850804 -0.020109765 0.999598861
1585067908.267156 -281.002197266 -147.456710815 22.001146317 -0.018569050 -0.006927660 -0.020278098 0.999597907
1585067908.300156 -281.013763428 -147.820541382 22.029014587 -0.018549800 -0.007032925 -0.020466181 0.999593735
1585067908.333157 -281.026000977 -148.185562134 22.058618546 -0.018541932 -0.007107688 -0.020628404 0.999590039
1585067908.366157 -281.038146973 -148.550506592 22.088291168 -0.018640399 -0.007081084 -0.020746164 0.999585986
1585067908.399157 -281.050506592 -148.915496826 22.117834091 -0.018731145 -0.007015576 -0.020906070 0.999581337
1585067908.432157 -281.062805176 -149.280242920 22.148794174 -0.018863888 -0.007016197 -0.021016045 0.999576569
1585067908.465157 -281.075408936 -149.645233154 22.178625107 -0.018987894 -0.007074949 -0.021168837 0.999570608
1585067908.498157 -281.087921143 -150.010223389 22.208473206 -0.019139262 -0.007120738 -0.021338988 0.999563754
1585067908.531157 -281.100921631 -150.375503540 22.238349915 -0.019270392 -0.007227849 -0.021486292 0.999557316
1585067908.564157 -281.116424561 -150.728668213 22.267042160 -0.019426137 -0.007170297 -0.021666501 0.999550819
1585067908.597157 -281.129211426 -151.094161987 22.296972275 -0.019575715 -0.007160845 -0.021836482 0.999544263
1585067908.630157 -281.141998291 -151.459960938 22.327041626 -0.019666163 -0.007134678 -0.021947833 0.999540210
1585067908.663157 -281.154815674 -151.825805664 22.357242584 -0.019742487 -0.007154513 -0.022096941 0.999535322
1585067908.696157 -281.169372559 -152.187805176 22.387838364 -0.019810617 -0.007273520 -0.022194404 0.999530911
1585067908.729157 -281.182586670 -152.553985596 22.418083191 -0.019782960 -0.007393692 -0.022222463 0.999530017
1585067908.762158 -281.196289062 -152.920333862 22.448209763 -0.019791186 -0.007614804 -0.022219244 0.999528229
1585067908.795157 -281.209777832 -153.287002563 22.478250504 -0.019671379 -0.007763190 -0.022164598 0.999530673
1585067908.828158 -281.224151611 -153.650405884 22.508855820 -0.019567996 -0.008027170 -0.022144243 0.999531031
1585067908.861158 -281.237640381 -154.017761230 22.539131165 -0.019234568 -0.008174648 -0.022037232 0.999538660
1585067908.894158 -281.250732422 -154.385375977 22.569185257 -0.018932313 -0.008238966 -0.021965437 0.999545574
1585067908.927158 -281.263885498 -154.753417969 22.599229813 -0.018401207 -0.008311302 -0.021891991 0.999556482
1585067908.960158 -281.277404785 -155.117950439 22.629053116 -0.017947644 -0.008356640 -0.021846719 0.999565363
1585067908.993158 -281.290588379 -155.486511230 22.658885956 -0.017551780 -0.008372504 -0.021791916 0.999573469
1585067909.026158 -281.303558350 -155.855117798 22.688354492 -0.017316669 -0.008428261 -0.021760337 0.999577761
1585067909.059158 -281.316497803 -156.223709106 22.717796326 -0.017015666 -0.008443835 -0.021754257 0.999582887
1585067909.092158 -281.328521729 -156.587326050 22.746728897 -0.016858608 -0.008433037 -0.021693563 0.999586940
1585067909.125158 -281.340576172 -156.955780029 22.775405884 -0.016662508 -0.008375644 -0.021673186 0.999591231
1585067909.158159 -281.352508545 -157.324142456 22.803941727 -0.016654851 -0.008194112 -0.021571217 0.999595046
1585067909.191159 -281.364379883 -157.692367554 22.832132339 -0.016849043 -0.007965323 -0.021519078 0.999594748
1585067909.224159 -281.377349854 -158.056060791 22.860774994 -0.017200828 -0.007761856 -0.021541495 0.999589860
1585067909.257159 -281.389373779 -158.424346924 22.888713837 -0.017351208 -0.007667249 -0.021478536 0.999589324
1585067909.290159 -281.400878906 -158.792739868 22.916740417 -0.017418295 -0.007556458 -0.021452349 0.999589562
1585067909.323159 -281.412597656 -159.161300659 22.944932938 -0.017624795 -0.007397243 -0.021422900 0.999587774
1585067909.356159 -281.425659180 -159.526184082 22.974597931 -0.017896116 -0.007192908 -0.021338854 0.999586225
1585067909.389159 -281.437347412 -159.894683838 23.003480911 -0.018256962 -0.006953170 -0.021281112 0.999582648
1585067909.422159 -281.448822021 -160.263168335 23.032638550 -0.018663319 -0.006740991 -0.021248084 0.999577343
1585067909.455159 -281.460601807 -160.631851196 23.062107086 -0.018929424 -0.006692548 -0.021211946 0.999573410
1585067909.488159 -281.473754883 -160.997406006 23.092359543 -0.019171834 -0.006622903 -0.021184565 0.999569893
1585067909.521159 -281.485595703 -161.366119385 23.122222900 -0.019437520 -0.006615120 -0.021190386 0.999564648
1585067909.554159 -281.496978760 -161.734939575 23.152379990 -0.019815980 -0.006481165 -0.021157155 0.999558747
1585067909.587160 -281.508209229 -162.103897095 23.182765961 -0.020276425 -0.006221509 -0.021095008 0.999552488
1585067909.620159 -281.521453857 -162.470108032 23.213850021 -0.020575494 -0.005978886 -0.020972904 0.999550462
1585067909.653160 -281.532073975 -162.839447021 23.244886398 -0.020744262 -0.005702789 -0.020926377 0.999549508
1585067909.686160 -281.542816162 -163.209289551 23.276121140 -0.020801097 -0.005465324 -0.020922387 0.999549806
1585067909.719160 -281.553588867 -163.579345703 23.307371140 -0.020751923 -0.005309947 -0.020878904 0.999552548
1585067909.752160 -281.567840576 -163.946945190 23.338680267 -0.020681443 -0.005153530 -0.020845609 0.999555528
1585067909.785160 -281.578491211 -164.317520142 23.370225906 -0.020623952 -0.004863608 -0.020758469 0.999559999
1585067909.818160 -281.589111328 -164.688400269 23.401672363 -0.020441890 -0.004550593 -0.020722061 0.999565959
1585067909.851160 -281.599304199 -165.059646606 23.433032990 -0.020111114 -0.004204188 -0.020682286 0.999575019
1585067909.884160 -281.612854004 -165.428878784 23.463661194 -0.019587606 -0.003851832 -0.020723768 0.999585927
1585067909.917161 -281.622802734 -165.800460815 23.494459152 -0.019031376 -0.003498028 -0.020740226 0.999597669
1585067909.950160 -281.633087158 -166.172424316 23.524915695 -0.018538235 -0.003269276 -0.020810014 0.999606252
1585067909.983160 -281.643371582 -166.544342041 23.555105209 -0.018160610 -0.002997649 -0.020873290 0.999612689
1585067910.016160 -281.657012939 -166.915603638 23.584959030 -0.017634511 -0.002676899 -0.020920610 0.999622047
1585067910.049161 -281.667572021 -167.287384033 23.614820480 -0.017231314 -0.002310599 -0.020987272 0.999628603
1585067910.082161 -281.677764893 -167.658981323 23.644744873 -0.016887844 -0.001900340 -0.021032585 0.999634385
1585067910.115161 -281.688110352 -168.030105591 23.674530029 -0.016819149 -0.001556346 -0.021069162 0.999635398
1585067910.148161 -281.701110840 -168.401412964 23.703025818 -0.016975373 -0.001348521 -0.021037109 0.999633670
1585067910.181161 -281.712493896 -168.772094727 23.732198715 -0.017329603 -0.001298370 -0.021016976 0.999628127
1585067910.214161 -281.724395752 -169.142944336 23.761199951 -0.017623752 -0.001378388 -0.021010995 0.999623001
1585067910.247161 -281.736663818 -169.514282227 23.789762497 -0.017723113 -0.001575509 -0.020990346 0.999621391
1585067910.280161 -281.749633789 -169.885421753 23.817779541 -0.017621845 -0.001792477 -0.020994522 0.999622762
1585067910.313161 -281.763641357 -170.260208130 23.844871521 -0.017479032 -0.001792526 -0.020915125 0.999626875
1585067910.346161 -281.775726318 -170.633361816 23.873729706 -0.016843824 -0.001744197 -0.020875713 0.999638677
1585067910.379161 -281.788787842 -171.006881714 23.902990341 -0.016445398 -0.002040227 -0.020856487 0.999645174
1585067910.412162 -281.801574707 -171.381027222 23.932064056 -0.015579849 -0.002324162 -0.020886110 0.999657810
1585067910.445162 -281.816650391 -171.757492065 23.959726334 -0.014742643 -0.002612290 -0.020912467 0.999669194
1585067910.478162 -281.830200195 -172.131927490 23.988142014 -0.013922185 -0.002959217 -0.020924706 0.999679804
1585067910.511162 -281.843048096 -172.506134033 24.015834808 -0.013213813 -0.003102766 -0.020893466 0.999689579
1585067910.544162 -281.855987549 -172.879989624 24.042884827 -0.013005286 -0.003222763 -0.020869169 0.999692440
1585067910.577162 -281.869598389 -173.256347656 24.069305420 -0.013015121 -0.003171430 -0.020947739 0.999690890
1585067910.610162 -281.882720947 -173.628997803 24.096307755 -0.013200758 -0.003403415 -0.020956920 0.999687433
1585067910.643162 -281.895690918 -174.001113892 24.123472214 -0.013618616 -0.003556903 -0.020908903 0.999682307
1585067910.676162 -281.908081055 -174.372650146 24.150432587 -0.014320165 -0.003591597 -0.020888289 0.999672890
1585067910.709162 -281.921813965 -174.747497559 24.176731110 -0.015421420 -0.003560095 -0.020800391 0.999658346
1585067910.742162 -281.934265137 -175.119247437 24.203342438 -0.016525360 -0.003508880 -0.020817518 0.999640584
1585067910.775162 -281.946685791 -175.491561890 24.230041504 -0.017252000 -0.003529530 -0.020793667 0.999628723
1585067910.808162 -281.959228516 -175.864822388 24.256784439 -0.017675551 -0.003602466 -0.020803934 0.999620855
1585067910.841162 -281.972381592 -176.238922119 24.284782410 -0.017764719 -0.003551339 -0.020846270 0.999618590
1585067910.874163 -281.985473633 -176.619232178 24.313020706 -0.017208606 -0.003566863 -0.020856295 0.999628067
1585067910.907163 -281.997955322 -176.996322632 24.342363358 -0.016210228 -0.003575142 -0.020865705 0.999644518
1585067910.940163 -282.010986328 -177.374374390 24.371509552 -0.014834254 -0.003783343 -0.020855343 0.999665320
1585067910.973163 -282.024719238 -177.753189087 24.400152206 -0.013172446 -0.004180978 -0.020822579 0.999687672
1585067911.006163 -282.038787842 -178.135421753 24.427331924 -0.011636556 -0.004510223 -0.020877415 0.999704182
1585067911.039163 -282.052459717 -178.514175415 24.454288483 -0.010391413 -0.004741723 -0.020845124 0.999717474
1585067911.072163 -282.065917969 -178.892639160 24.480358124 -0.009284943 -0.004974804 -0.020772489 0.999728799
1585067911.105163 -282.079010010 -179.270706177 24.505502701 -0.008604020 -0.005098247 -0.020723794 0.999735236
1585067911.138163 -282.092681885 -179.651031494 24.529130936 -0.008319646 -0.005176343 -0.020760437 0.999736488
1585067911.171163 -282.106506348 -180.028228760 24.552486420 -0.008106381 -0.005440311 -0.020690255 0.999738336
1585067911.204163 -282.120452881 -180.404922485 24.574874878 -0.008248240 -0.005747412 -0.020612959 0.999737024
1585067911.237164 -282.133972168 -180.781265259 24.596839905 -0.008654445 -0.005922464 -0.020547211 0.999733925
1585067911.270164 -282.148162842 -181.158554077 24.618354797 -0.009215683 -0.006037802 -0.020462614 0.999729991
1585067911.303164 -282.159698486 -181.536605835 24.640829086 -0.010028332 -0.005928749 -0.020404678 0.999723971
1585067911.336164 -282.172821045 -181.913055420 24.663619995 -0.010641336 -0.005927378 -0.020326193 0.999719262
1585067911.369164 -282.186157227 -182.289627075 24.687053680 -0.011091827 -0.005972067 -0.020270074 0.999715209
1585067911.402164 -282.199157715 -182.666351318 24.711088181 -0.011478961 -0.006032668 -0.020206323 0.999711812
1585067911.435164 -282.210723877 -183.043884277 24.735588074 -0.012000531 -0.006069613 -0.020122463 0.999707162
1585067911.468164 -282.223388672 -183.420639038 24.761083603 -0.012483507 -0.006126543 -0.019982891 0.999703646
1585067911.501164 -282.235900879 -183.797592163 24.787208557 -0.012840450 -0.006088741 -0.019859839 0.999701858
1585067911.534164 -282.248229980 -184.174530029 24.813739777 -0.013061255 -0.006033275 -0.019766014 0.999701142
1585067911.567164 -282.259490967 -184.552185059 24.839668274 -0.013052285 -0.005943851 -0.019653410 0.999704063
1585067911.600164 -282.271667480 -184.929199219 24.867212296 -0.013081132 -0.005902804 -0.019516312 0.999706566
1585067911.633165 -282.283843994 -185.306182861 24.894756317 -0.013099907 -0.005909842 -0.019399934 0.999708533
1585067911.666164 -282.296173096 -185.683151245 24.922472000 -0.013150064 -0.005947917 -0.019283684 0.999709904
1585067911.699165 -282.307647705 -186.060287476 24.948637009 -0.013180525 -0.005905316 -0.019215027 0.999711096
1585067911.732165 -282.319732666 -186.437179565 24.976293564 -0.013191491 -0.005937950 -0.019102359 0.999712944
1585067911.765165 -282.331634521 -186.813964844 25.003963470 -0.013009907 -0.005978215 -0.018963564 0.999717653
1585067911.798165 -282.343627930 -187.190383911 25.031425476 -0.012893856 -0.006068078 -0.018838651 0.999721050
1585067911.831165 -282.355163574 -187.565994263 25.057111740 -0.012797177 -0.006115587 -0.018699141 0.999724627
1585067911.864165 -282.366912842 -187.941925049 25.084445953 -0.012798399 -0.006195761 -0.018571630 0.999726415
1585067911.897165 -282.378295898 -188.317596436 25.111513138 -0.012710482 -0.006208107 -0.018432600 0.999730051
1585067911.930165 -282.389587402 -188.693161011 25.138526917 -0.012521772 -0.006205251 -0.018326605 0.999734402
1585067911.963165 -282.400817871 -189.067855835 25.163768768 -0.012409478 -0.006072576 -0.018305494 0.999737024
1585067911.996165 -282.411560059 -189.442916870 25.190301895 -0.012287259 -0.006052150 -0.018228680 0.999740064
1585067912.029165 -282.422180176 -189.817611694 25.216800690 -0.012189029 -0.006001413 -0.018111305 0.999743700
1585067912.062165 -282.432464600 -190.192062378 25.243349075 -0.012053370 -0.005920367 -0.017993171 0.999747992
1585067912.095165 -282.443847656 -190.565460205 25.269117355 -0.012071461 -0.005746609 -0.018036475 0.999747932
1585067912.128166 -282.454315186 -190.939376831 25.295511246 -0.012004644 -0.005731795 -0.017939411 0.999750614
1585067912.161165 -282.464843750 -191.312774658 25.321910858 -0.012186319 -0.005673588 -0.017822836 0.999750793
1585067912.194166 -282.475341797 -191.686035156 25.348394394 -0.012108684 -0.005647780 -0.017729862 0.999753594
1585067912.227166 -282.485168457 -192.057739258 25.374401093 -0.012085855 -0.005590804 -0.017602790 0.999756455
1585067912.260166 -282.495361328 -192.430358887 25.400709152 -0.012059629 -0.005458948 -0.017505486 0.999759197
1585067912.293166 -282.505462646 -192.802688599 25.427055359 -0.012085438 -0.005274198 -0.017415531 0.999761403
1585067912.326166 -282.515502930 -193.174591064 25.453327179 -0.012153029 -0.005179299 -0.017375275 0.999761820
1585067912.359166 -282.524536133 -193.545272827 25.479286194 -0.012202084 -0.005087167 -0.017421328 0.999760866
1585067912.392166 -282.534851074 -193.916580200 25.505861282 -0.012162356 -0.005014393 -0.017481562 0.999760628
1585067912.425166 -282.545257568 -194.287353516 25.532611847 -0.012215227 -0.004956787 -0.017568842 0.999758780
1585067912.458166 -282.555572510 -194.657821655 25.559175491 -0.012228072 -0.004952876 -0.017686497 0.999756575
1585067912.491166 -282.564544678 -195.027221680 25.584714890 -0.012498230 -0.004745607 -0.017762246 0.999752879
1585067912.524167 -282.574981689 -195.396896362 25.611089706 -0.012755184 -0.004655400 -0.017861692 0.999748290
1585067912.557167 -282.585937500 -195.766250610 25.637474060 -0.012823313 -0.004637127 -0.017903594 0.999746799
1585067912.590167 -282.597259521 -196.135147095 25.663837433 -0.012835860 -0.004776211 -0.017920386 0.999745607
1585067912.623167 -282.606414795 -196.503906250 25.689743042 -0.012936115 -0.004896061 -0.017927296 0.999743640
1585067912.656167 -282.618652344 -196.872299194 25.716192245 -0.012955606 -0.005147818 -0.017925762 0.999742150
1585067912.689167 -282.630371094 -197.240295410 25.743097305 -0.013030081 -0.005194432 -0.017915577 0.999741137
1585067912.722167 -282.642272949 -197.607894897 25.769786835 -0.012947559 -0.005218048 -0.017925210 0.999741912
1585067912.755167 -282.650207520 -197.975051880 25.796344757 -0.013057470 -0.005160173 -0.017881991 0.999741554
1585067912.788167 -282.661682129 -198.341522217 25.823238373 -0.013209730 -0.005122627 -0.017876370 0.999739885
1585067912.821167 -282.673004150 -198.707946777 25.850082397 -0.013365894 -0.005185741 -0.017830450 0.999738276
1585067912.854167 -282.684509277 -199.074295044 25.876754761 -0.013448507 -0.005251363 -0.017784016 0.999737680
1585067912.887167 -282.692687988 -199.441329956 25.903165817 -0.013887465 -0.005353999 -0.017672926 0.999733031
1585067912.920167 -282.703582764 -199.807785034 25.929574966 -0.013465940 -0.005386758 -0.017593505 0.999740064
1585067912.953168 -282.714263916 -200.174285889 25.955963135 -0.013424605 -0.005359496 -0.017438803 0.999743462
1585067912.986168 -282.724639893 -200.540634155 25.982334137 -0.013197452 -0.005346238 -0.017255880 0.999749780
1585067913.019168 -282.731811523 -200.907638550 26.009651184 -0.013080478 -0.005191611 -0.017093465 0.999754906
1585067913.052168 -282.742095947 -201.273910522 26.036058426 -0.012904942 -0.005150805 -0.016928550 0.999760151
1585067913.085168 -282.752288818 -201.640121460 26.062257767 -0.012584627 -0.005147987 -0.016751051 0.999767303
1585067913.118168 -282.762451172 -202.006134033 26.088184357 -0.012330621 -0.005100443 -0.016571801 0.999773681
1585067913.151168 -282.768798828 -202.372009277 26.114585876 -0.012164742 -0.005137150 -0.016369976 0.999778867
1585067913.184168 -282.778381348 -202.737258911 26.140224457 -0.012315482 -0.005126422 -0.016222140 0.999779463
1585067913.217168 -282.788024902 -203.102081299 26.165649414 -0.012509584 -0.005095831 -0.016043995 0.999780059
1585067913.250168 -282.797607422 -203.466598511 26.191120148 -0.012675880 -0.005097698 -0.015884208 0.999780476
1585067913.283168 -282.804168701 -203.831420898 26.216651917 -0.012805135 -0.005145242 -0.015722765 0.999781191
1585067913.316169 -282.813751221 -204.195800781 26.242156982 -0.012906192 -0.005262849 -0.015556844 0.999781847
1585067913.349169 -282.823028564 -204.560028076 26.267770767 -0.013009727 -0.005287845 -0.015400735 0.999782801
1585067913.382169 -282.832336426 -204.924179077 26.293395996 -0.013275355 -0.005310235 -0.015231449 0.999781847
1585067913.415169 -282.838165283 -205.288696289 26.319202423 -0.013496846 -0.005314664 -0.014963705 0.999782860
1585067913.448169 -282.847290039 -205.652877808 26.345302582 -0.013571142 -0.005245104 -0.014815038 0.999784410
1585067913.481169 -282.856323242 -206.017166138 26.371694565 -0.013551384 -0.005203756 -0.014649578 0.999787331
1585067913.514169 -282.864715576 -206.381530762 26.398080826 -0.013515441 -0.005143347 -0.014566535 0.999789357
1585067913.547169 -282.869750977 -206.745574951 26.423990250 -0.013722330 -0.005055602 -0.014571774 0.999786854
1585067913.580169 -282.878356934 -207.109634399 26.450643539 -0.013762146 -0.004994089 -0.014458843 0.999788284
1585067913.613169 -282.887207031 -207.473693848 26.477289200 -0.013839573 -0.004948181 -0.014374142 0.999788702
1585067913.646169 -282.895874023 -207.837799072 26.503797531 -0.013763577 -0.004909563 -0.014281584 0.999791265
1585067913.679169 -282.900756836 -208.202087402 26.529581070 -0.013807148 -0.004977833 -0.014251249 0.999790788
1585067913.712169 -282.909576416 -208.566299438 26.556270599 -0.013780383 -0.005053787 -0.014227768 0.999791086
1585067913.745169 -282.918334961 -208.930374146 26.582849503 -0.013799310 -0.005075734 -0.014199488 0.999791145
1585067913.778170 -282.927246094 -209.294555664 26.609415054 -0.013780445 -0.005137531 -0.014178162 0.999791384
1585067913.811170 -282.931915283 -209.659042358 26.634361267 -0.013709247 -0.005097355 -0.014136609 0.999793112
1585067913.844170 -282.940673828 -210.023132324 26.660812378 -0.013612092 -0.005100849 -0.014116726 0.999794722
1585067913.877170 -282.949523926 -210.387420654 26.686954498 -0.013439683 -0.005115896 -0.014070062 0.999797583
1585067913.910170 -282.958068848 -210.751586914 26.713148117 -0.013243347 -0.005148590 -0.014034171 0.999800563
1585067913.943170 -282.963958740 -211.114730835 26.739164352 -0.013009132 -0.005274486 -0.013965505 0.999803960
1585067913.976170 -282.972534180 -211.478958130 26.765201569 -0.012783140 -0.005464575 -0.013923733 0.999806464
1585067914.009170 -282.981201172 -211.843048096 26.791137695 -0.012589931 -0.005599477 -0.013855192 0.999809086
1585067914.042170 -282.989624023 -212.206863403 26.817049026 -0.012487710 -0.005667910 -0.013786863 0.999810934
1585067914.075170 -282.993286133 -212.574737549 26.839687347 -0.012510866 -0.005871831 -0.013695969 0.999810696
1585067914.108170 -283.001556396 -212.938430786 26.865558624 -0.012439877 -0.005962643 -0.013660789 0.999811530
1585067914.141171 -283.009643555 -213.301895142 26.891286850 -0.012445746 -0.005942151 -0.013620335 0.999812126
1585067914.174170 -283.017425537 -213.665084839 26.916957855 -0.012616307 -0.005934974 -0.013557166 0.999810934
1585067914.207170 -283.022186279 -214.030273438 26.940267563 -0.012828469 -0.006037397 -0.013541820 0.999807835
1585067914.240171 -283.029754639 -214.393142700 26.965696335 -0.013000309 -0.006006466 -0.013493517 0.999806404
1585067914.273171 -283.037414551 -214.755783081 26.991287231 -0.013164937 -0.005921425 -0.013421798 0.999805748
1585067914.306171 -283.044311523 -215.118377686 27.017190933 -0.013261884 -0.005867401 -0.013413044 0.999804914
1585067914.339171 -283.049346924 -215.484237671 27.041229248 -0.013501287 -0.005927762 -0.013351356 0.999802113
1585067914.372171 -283.057006836 -215.847061157 27.067148209 -0.013652742 -0.006007134 -0.013337938 0.999799788
1585067914.405171 -283.064727783 -216.210144043 27.093111038 -0.013627470 -0.006089348 -0.013278311 0.999800503
1585067914.438171 -283.072204590 -216.573318481 27.119295120 -0.013555826 -0.006123958 -0.013222086 0.999801934
1585067914.471171 -283.077087402 -216.939743042 27.143476486 -0.013338208 -0.006136118 -0.013181947 0.999805331
1585067914.504171 -283.084564209 -217.303192139 27.169857025 -0.013162194 -0.006116898 -0.013161177 0.999808013
1585067914.537171 -283.091888428 -217.666687012 27.196283340 -0.012951015 -0.006135955 -0.013110662 0.999811351
1585067914.570171 -283.099304199 -218.029998779 27.222850800 -0.012804237 -0.006119989 -0.013101797 0.999813437
1585067914.603172 -283.103454590 -218.396087646 27.247240067 -0.012845904 -0.006021043 -0.013025437 0.999814510
1585067914.636172 -283.110595703 -218.758346558 27.273714066 -0.012922078 -0.006174631 -0.012965302 0.999813437
1585067914.669172 -283.117706299 -219.120422363 27.300088882 -0.013101308 -0.006175408 -0.012899071 0.999811888
1585067914.702172 -283.125000000 -219.482254028 27.326318741 -0.013303936 -0.006315689 -0.012851460 0.999809027
1585067914.735172 -283.130981445 -219.848648071 27.349864960 -0.013431847 -0.006597429 -0.012794333 0.999806166
1585067914.768172 -283.138183594 -220.210098267 27.375881195 -0.013583392 -0.006676086 -0.012705601 0.999804735
1585067914.801172 -283.145446777 -220.571380615 27.402029037 -0.013727665 -0.006756254 -0.012638953 0.999803126
1585067914.834172 -283.152404785 -220.932373047 27.428424835 -0.013813347 -0.006789330 -0.012549805 0.999802828
1585067914.867172 -283.157592773 -221.299423218 27.453098297 -0.014213861 -0.006833868 -0.012526927 0.999797165
1585067914.900172 -283.164581299 -221.660202026 27.479869843 -0.014312358 -0.006899995 -0.012417805 0.999796629
1585067914.933172 -283.171386719 -222.020996094 27.506732941 -0.014185069 -0.006906386 -0.012370007 0.999799013
1585067914.966172 -283.178131104 -222.381362915 27.533552170 -0.014038531 -0.006968416 -0.012366578 0.999800682
1585067914.999172 -283.182647705 -222.748687744 27.559017181 -0.014101326 -0.006881908 -0.012377990 0.999800324
1585067915.032172 -283.189331055 -223.108734131 27.585779190 -0.014136074 -0.006878475 -0.012343651 0.999800265
1585067915.065172 -283.195434570 -223.468353271 27.612550735 -0.014087914 -0.006756643 -0.012297221 0.999802291
1585067915.098173 -283.200164795 -223.833724976 27.638191223 -0.013860134 -0.006597403 -0.012251044 0.999807119
1585067915.131173 -283.205902100 -224.192703247 27.665307999 -0.013638645 -0.006516829 -0.012194199 0.999811411
1585067915.164173 -283.211456299 -224.551300049 27.692457199 -0.013422102 -0.006396635 -0.012170023 0.999815464
1585067915.197173 -283.217956543 -224.909194946 27.719533920 -0.013454495 -0.006310029 -0.012223251 0.999814868
1585067915.230173 -283.222534180 -225.276260376 27.744909286 -0.013564616 -0.006258116 -0.012228686 0.999813676
1585067915.263173 -283.228515625 -225.633407593 27.771608353 -0.013630033 -0.006182677 -0.012201167 0.999813557
1585067915.296173 -283.234771729 -225.990432739 27.798038483 -0.013621718 -0.006208743 -0.012154425 0.999814034
1585067915.329173 -283.239929199 -226.355056763 27.823591232 -0.013691604 -0.006070121 -0.012121532 0.999814391
1585067915.362173 -283.245635986 -226.711395264 27.849790573 -0.013786137 -0.006029023 -0.012105338 0.999813557
1585067915.395173 -283.251312256 -227.067535400 27.876188278 -0.013621271 -0.006011066 -0.012052183 0.999816597
1585067915.428174 -283.256744385 -227.423233032 27.902093887 -0.013588070 -0.006011211 -0.012001096 0.999817610
1585067915.461174 -283.263824463 -227.790817261 27.928443909 -0.013503611 -0.006099619 -0.012000760 0.999818206
1585067915.494174 -283.269927979 -228.146133423 27.954494476 -0.013395190 -0.006190051 -0.011966526 0.999819517
1585067915.527174 -283.275421143 -228.501098633 27.980501175 -0.013149500 -0.006211270 -0.011902748 0.999823451
1585067915.560174 -283.281829834 -228.856323242 28.006639481 -0.012932926 -0.006270076 -0.011913304 0.999825716
1585067915.593174 -283.287902832 -229.223617554 28.032606125 -0.012648582 -0.006394187 -0.011894932 0.999828815
1585067915.626174 -283.293579102 -229.577835083 28.058351517 -0.012481242 -0.006365732 -0.011878079 0.999831319
1585067915.659174 -283.299255371 -229.931518555 28.084054947 -0.012450606 -0.006295366 -0.011896828 0.999831915
1585067915.692174 -283.303771973 -230.284713745 28.108690262 -0.012249470 -0.006258010 -0.011945721 0.999834120
1585067915.725174 -283.310455322 -230.651809692 28.135610580 -0.012336701 -0.006335937 -0.012003895 0.999831796
1585067915.758174 -283.315887451 -231.004150391 28.160535812 -0.012296585 -0.006244591 -0.012037162 0.999832511
1585067915.791174 -283.320983887 -231.356124878 28.185560226 -0.012252776 -0.006151057 -0.012090916 0.999832928
1585067915.824174 -283.326873779 -231.719604492 28.212059021 -0.012248814 -0.006173857 -0.012103660 0.999832690
1585067915.857175 -283.332031250 -232.070938110 28.236940384 -0.012402743 -0.006119264 -0.012158180 0.999830484
1585067915.890174 -283.336944580 -232.421829224 28.261974335 -0.012563975 -0.005971310 -0.012216752 0.999828637
1585067915.923175 -283.341949463 -232.772338867 28.287021637 -0.012692392 -0.005751181 -0.012280329 0.999827564
1585067915.956175 -283.349060059 -233.138519287 28.314252853 -0.012829304 -0.005667031 -0.012467884 0.999823928
1585067915.989175 -283.354278564 -233.488235474 28.339273453 -0.012992203 -0.005561588 -0.012578277 0.999821067
1585067916.022175 -283.359832764 -233.837753296 28.364528656 -0.013184488 -0.005540443 -0.012697475 0.999817133
1585067916.055175 -283.365539551 -234.186706543 28.389459610 -0.013338000 -0.005600719 -0.012817645 0.999813199
1585067916.088175 -283.374176025 -234.552993774 28.417993546 -0.013506293 -0.005703103 -0.012925943 0.999809027
1585067916.121175 -283.380340576 -234.901672363 28.443061829 -0.013564525 -0.005765470 -0.013045076 0.999806285
1585067916.154175 -283.386444092 -235.250030518 28.468149185 -0.013551681 -0.005835437 -0.013187923 0.999804199
1585067916.187175 -283.394927979 -235.612594604 28.495986938 -0.013398528 -0.005763670 -0.013390701 0.999804020
1585067916.220175 -283.401458740 -235.960601807 28.521486282 -0.013245910 -0.005839131 -0.013539337 0.999803603
1585067916.253175 -283.408142090 -236.308334351 28.547040939 -0.013011336 -0.005896636 -0.013679139 0.999804378
1585067916.286175 -283.414398193 -236.655609131 28.572303772 -0.012786537 -0.005932968 -0.013808005 0.999805331
1585067916.319175 -283.423919678 -237.023345947 28.600580215 -0.012520432 -0.005736729 -0.014014622 0.999806941
1585067916.352176 -283.430572510 -237.370529175 28.625413895 -0.012211649 -0.005609853 -0.014153107 0.999809504
1585067916.385176 -283.437438965 -237.717330933 28.649902344 -0.011905343 -0.005623087 -0.014356366 0.999810278
1585067916.418176 -283.445098877 -238.063949585 28.674833298 -0.011447580 -0.005711670 -0.014608409 0.999811471
1585067916.451176 -283.454956055 -238.431961060 28.701297760 -0.011070223 -0.005554893 -0.014848262 0.999813020
1585067916.484176 -283.462524414 -238.777603149 28.725542068 -0.010783553 -0.005516953 -0.015163651 0.999811649
1585067916.517176 -283.470458984 -239.122711182 28.749616623 -0.010532379 -0.005477043 -0.015516723 0.999809206
1585067916.550176 -283.480499268 -239.484405518 28.776180267 -0.010417849 -0.005317941 -0.015839145 0.999806166
1585067916.583176 -283.488525391 -239.827911377 28.800037384 -0.010531514 -0.005249507 -0.016245415 0.999798775
1585067916.616176 -283.496612549 -240.170669556 28.823671341 -0.010929822 -0.005165605 -0.016734956 0.999786854
1585067916.649176 -283.508361816 -240.531433105 28.850582123 -0.011196673 -0.004972703 -0.017218970 0.999776661
1585067916.682177 -283.517486572 -240.873138428 28.874189377 -0.011643827 -0.004961765 -0.017712748 0.999763012
1585067916.715176 -283.527191162 -241.214248657 28.897659302 -0.012251914 -0.004909358 -0.018253068 0.999746323
1585067916.748177 -283.536682129 -241.555374146 28.921699524 -0.012772114 -0.004761868 -0.018810349 0.999730170
1585067916.781177 -283.551361084 -241.921005249 28.949956894 -0.013365686 -0.004558380 -0.019333707 0.999713421
1585067916.814177 -283.562316895 -242.261718750 28.974641800 -0.013621299 -0.004594107 -0.019898551 0.999698639
1585067916.847177 -283.573699951 -242.602188110 28.999710083 -0.013825445 -0.004659753 -0.020500412 0.999683380
1585067916.880177 -283.585815430 -242.942825317 29.024110794 -0.013917414 -0.004778899 -0.021128094 0.999668479
1585067916.913177 -283.602996826 -243.308334351 29.055358887 -0.014176846 -0.004696536 -0.021794526 0.999650955
1585067916.946177 -283.615966797 -243.647567749 29.081218719 -0.014525473 -0.004623771 -0.022556841 0.999629378
1585067916.979177 -283.629364014 -243.986526489 29.107137680 -0.014612138 -0.004501817 -0.023485817 0.999607265
1585067917.012177 -283.643707275 -244.325225830 29.133235931 -0.014742522 -0.004363385 -0.024588283 0.999579430
1585067917.045177 -283.663574219 -244.690902710 29.164943695 -0.014857441 -0.004210194 -0.025907533 0.999545097
1585067917.078177 -283.679199219 -245.028701782 29.190601349 -0.014942439 -0.003956963 -0.027356900 0.999506235
1585067917.111177 -283.696075439 -245.365921021 29.216180801 -0.015104204 -0.003707279 -0.028945398 0.999460042
1585067917.144177 -283.714782715 -245.703475952 29.241853714 -0.015154600 -0.003594049 -0.030625835 0.999409556
1585067917.177178 -283.738464355 -246.068298340 29.273794174 -0.015260369 -0.003284364 -0.032504626 0.999349713
1585067917.210177 -283.759765625 -246.404586792 29.299839020 -0.015155584 -0.003229373 -0.034373857 0.999288917
1585067917.243178 -283.782867432 -246.740295410 29.326026917 -0.015237957 -0.003243134 -0.036260437 0.999220967
1585067917.276178 -283.807800293 -247.075393677 29.351942062 -0.015197784 -0.003456973 -0.038177148 0.999149442
1585067917.309178 -283.835357666 -247.410507202 29.378385544 -0.015090346 -0.003795627 -0.040055685 0.999076366
1585067917.342178 -283.864532471 -247.747085571 29.405162811 -0.014996290 -0.004127712 -0.041993402 0.998996854
1585067917.375178 -283.894775391 -248.081344604 29.430671692 -0.014813870 -0.004580063 -0.043937586 0.998914003
1585067917.408178 -283.926574707 -248.415466309 29.455757141 -0.014513373 -0.005014298 -0.045876205 0.998829126
1585067917.441178 -283.959991455 -248.748962402 29.480476379 -0.014253556 -0.005507644 -0.047899287 0.998735309
1585067917.474178 -283.995330811 -249.082550049 29.505638123 -0.013884783 -0.005951378 -0.049902853 0.998639882
1585067917.507179 -284.037658691 -249.488479614 29.543785095 -0.013757825 -0.005989810 -0.052186240 0.998524666
1585067917.540179 -284.074401855 -249.820693970 29.569347382 -0.013294935 -0.006073726 -0.054334380 0.998415828
1585067917.573179 -284.111663818 -250.151641846 29.595096588 -0.013273269 -0.005843516 -0.056571305 0.998293221
1585067917.606179 -284.149780273 -250.482101440 29.620388031 -0.013325870 -0.005400828 -0.058837071 0.998164058
1585067917.639179 -284.191589355 -250.844039917 29.651012421 -0.013516426 -0.004796395 -0.061265044 0.998018503
1585067917.672179 -284.232940674 -251.172866821 29.675613403 -0.013838409 -0.004428439 -0.063694187 0.997863710
1585067917.705179 -284.275299072 -251.501159668 29.700233459 -0.014194280 -0.003824561 -0.066254452 0.997694492
1585067917.738179 -284.319335938 -251.829055786 29.724344254 -0.014281451 -0.003189130 -0.068868205 0.997518480
1585067917.771179 -284.365600586 -252.157150269 29.749301910 -0.014176904 -0.002817876 -0.071577020 0.997330368
1585067917.804179 -284.416290283 -252.524505615 29.780242920 -0.014490843 -0.002418504 -0.074501276 0.997112751
1585067917.837179 -284.467193604 -252.851013184 29.805324554 -0.014480172 -0.002163804 -0.077452578 0.996888518
1585067917.870179 -284.520324707 -253.177413940 29.830747604 -0.014038324 -0.001921217 -0.080484122 0.996655226
1585067917.903179 -284.575958252 -253.502639771 29.855733871 -0.013899802 -0.001887470 -0.083566278 0.996403515
1585067917.936179 -284.631683350 -253.825988770 29.880847931 -0.013665050 -0.001977344 -0.086659297 0.996142387
1585067917.969179 -284.695343018 -254.192977905 29.913375854 -0.013420343 -0.001841214 -0.089822091 0.995865703
1585067918.002180 -284.757446289 -254.515365601 29.938802719 -0.013349861 -0.002025472 -0.092999220 0.995574594
1585067918.035180 -284.822357178 -254.836410522 29.964141846 -0.013536393 -0.002351022 -0.096203871 0.995266855
1585067918.068180 -284.889801025 -255.155960083 29.989208221 -0.013839660 -0.002756855 -0.099435285 0.994943976
1585067918.101180 -284.962036133 -255.509994507 30.019943237 -0.014335006 -0.003080192 -0.102814138 0.994592547
1585067918.134180 -285.033660889 -255.827285767 30.045518875 -0.014885872 -0.003279606 -0.106133454 0.994235098
1585067918.167180 -285.107147217 -256.143676758 30.071285248 -0.015436172 -0.003294025 -0.109580010 0.993852675
1585067918.200180 -285.183227539 -256.458984375 30.097173691 -0.016091257 -0.003441753 -0.113122463 0.993444860
1585067918.233180 -285.263183594 -256.808593750 30.127626419 -0.016965659 -0.003686192 -0.116906993 0.992991149
1585067918.266180 -285.344085693 -257.121398926 30.154081345 -0.017950773 -0.003959259 -0.120613322 0.992529392
1585067918.299180 -285.427368164 -257.433288574 30.180976868 -0.018714517 -0.004140928 -0.124395929 0.992047548
1585067918.332180 -285.512603760 -257.743927002 30.208715439 -0.019484699 -0.004144190 -0.128188074 0.991549850
1585067918.365180 -285.601318359 -258.088867188 30.240964890 -0.020368459 -0.003951944 -0.132160917 0.991011083
1585067918.398180 -285.690460205 -258.397033691 30.270299911 -0.021276355 -0.003651700 -0.136010975 0.990472138
1585067918.431180 -285.782470703 -258.703948975 30.300149918 -0.022119999 -0.003640312 -0.139913335 0.989910007
1585067918.464181 -285.877166748 -259.009246826 30.330284119 -0.023066074 -0.003781240 -0.143775806 0.989334226
1585067918.497181 -285.976348877 -259.349884033 30.364192963 -0.024048597 -0.003908477 -0.147755757 0.988723755
1585067918.530181 -286.075286865 -259.653045654 30.394924164 -0.024934111 -0.003968382 -0.151563644 0.988125026
1585067918.563181 -286.176940918 -259.955535889 30.425886154 -0.025494993 -0.004063269 -0.155403733 0.987513661
1585067918.596181 -286.280822754 -260.257019043 30.457050323 -0.026019963 -0.004018606 -0.159267187 0.986884415
1585067918.629181 -286.390014648 -260.594024658 30.491958618 -0.026417553 -0.003703123 -0.163305342 0.986214876
1585067918.662181 -286.498748779 -260.894317627 30.524267197 -0.026188519 -0.003828088 -0.167237803 0.985561252
1585067918.695181 -286.610473633 -261.193511963 30.557008743 -0.026001453 -0.004073408 -0.171164334 0.984890938
1585067918.728181 -286.722381592 -261.492736816 30.588714600 -0.025581777 -0.004352448 -0.175142363 0.984201133
1585067918.761181 -286.844146729 -261.823638916 30.624778748 -0.025467008 -0.004238707 -0.179283395 0.983458698
1585067918.794181 -286.962371826 -262.119384766 30.657279968 -0.025094986 -0.004443335 -0.183257282 0.982734680
1585067918.827182 -287.082916260 -262.413726807 30.689344406 -0.024707884 -0.004712100 -0.187264010 0.981987596
1585067918.860182 -287.205810547 -262.706359863 30.721336365 -0.024554219 -0.004892223 -0.191320032 0.981208324
1585067918.893182 -287.336730957 -263.031066895 30.756446838 -0.024647504 -0.004834994 -0.195589989 0.980364084
1585067918.926182 -287.464660645 -263.320404053 30.787975311 -0.024800953 -0.005243081 -0.199609339 0.979547620
1585067918.959182 -287.594665527 -263.608123779 30.818948746 -0.025072813 -0.005554998 -0.203628302 0.978711486
1585067918.992182 -287.727233887 -263.895904541 30.849435806 -0.025489686 -0.005806964 -0.207584783 0.977867663
1585067919.025182 -287.867065430 -264.211914062 30.882789612 -0.026040763 -0.005856966 -0.211536527 0.977005541
1585067919.058182 -288.004058838 -264.495422363 30.913393021 -0.026538908 -0.006265466 -0.215271339 0.976173520
1585067919.091182 -288.143676758 -264.777770996 30.943796158 -0.026975574 -0.006692206 -0.218929142 0.975344896
1585067919.124182 -288.285430908 -265.058715820 30.974681854 -0.027438760 -0.007258278 -0.222469926 0.974526346
1585067919.157182 -288.434783936 -265.370239258 31.008531570 -0.027766436 -0.007479875 -0.226092115 0.973681450
1585067919.190182 -288.581115723 -265.649841309 31.039831161 -0.027922243 -0.007961422 -0.229467869 0.972883105
1585067919.223182 -288.729248047 -265.928314209 31.071079254 -0.028113574 -0.008451931 -0.232823104 0.972075939
1585067919.256182 -288.879486084 -266.206207275 31.102455139 -0.027868982 -0.008874785 -0.236186743 0.971267402
1585067919.289183 -289.035522461 -266.512908936 31.136480331 -0.027814507 -0.008883985 -0.239757925 0.970393538
1585067919.322183 -289.189086914 -266.789123535 31.168344498 -0.027472435 -0.009130260 -0.243185088 0.969547808
1585067919.355183 -289.343963623 -267.063964844 31.200551987 -0.027125003 -0.009221852 -0.246660978 0.968678296
1585067919.388183 -289.501068115 -267.337646484 31.232269287 -0.026812939 -0.009329868 -0.250238240 0.967768013
1585067919.421183 -289.663330078 -267.638793945 31.265487671 -0.026717633 -0.009182789 -0.254072160 0.966772556
1585067919.454183 -289.823760986 -267.909729004 31.297019958 -0.026691228 -0.009151044 -0.257783115 0.965790749
1585067919.487183 -289.986083984 -268.179260254 31.328332901 -0.026630878 -0.009138319 -0.261505604 0.964791298
1585067919.520183 -290.150573730 -268.447296143 31.359146118 -0.026679693 -0.009159724 -0.265213132 0.963777125
1585067919.553183 -290.321044922 -268.741363525 31.391151428 -0.026913881 -0.009004819 -0.269034266 0.962712407
1585067919.586183 -290.490478516 -269.006530762 31.421524048 -0.027163148 -0.009329046 -0.272634089 0.961689115
1585067919.619183 -290.662322998 -269.269866943 31.451698303 -0.027493536 -0.009778833 -0.276106536 0.960684061
1585067919.652184 -290.836212158 -269.531768799 31.481668472 -0.027740538 -0.010263629 -0.279520214 0.959684134
1585067919.685184 -291.015472412 -269.819488525 31.512641907 -0.027976155 -0.010822328 -0.282984167 0.958655477
1585067919.718184 -291.193634033 -270.078948975 31.542995453 -0.028189298 -0.011392350 -0.286145836 0.957703590
1585067919.751184 -291.373413086 -270.337493896 31.573747635 -0.028189778 -0.011895975 -0.289260596 0.956761360
1585067919.784184 -291.554962158 -270.594848633 31.604578018 -0.028252538 -0.012337168 -0.292342156 0.955816746
1585067919.817184 -291.740295410 -270.876983643 31.636075974 -0.028575988 -0.012462394 -0.295611054 0.954799592
1585067919.850184 -291.925323486 -271.132049561 31.667762756 -0.028716832 -0.012964118 -0.298617542 0.953852654
1585067919.883184 -292.111633301 -271.385589600 31.699317932 -0.029033005 -0.013371161 -0.301623762 0.952891111
1585067919.916184 -292.299285889 -271.638214111 31.730821609 -0.029259264 -0.013694875 -0.304618776 0.951926351
1585067919.949184 -292.488952637 -271.915252686 31.760126114 -0.029598415 -0.013641335 -0.307717979 0.950919330
1585067919.982184 -292.678710938 -272.166046143 31.791690826 -0.029672593 -0.013657013 -0.310659647 0.949959874
1585067920.015184 -292.870117188 -272.415588379 31.823291779 -0.030000472 -0.013584116 -0.313587248 0.948988140
1585067920.048184 -293.063079834 -272.663696289 31.855178833 -0.030316502 -0.013538425 -0.316545188 0.947996259
1585067920.081185 -293.258422852 -272.935241699 31.884944916 -0.030713798 -0.013156158 -0.319647312 0.946947336
1585067920.114185 -293.454315186 -273.181762695 31.916996002 -0.030810326 -0.013036849 -0.322625667 0.945935309
1585067920.147185 -293.652099609 -273.426696777 31.948938370 -0.030931860 -0.013096102 -0.325632334 0.944899619
1585067920.213185 -294.053741455 -273.935974121 32.010185242 -0.031448334 -0.013105800 -0.331811190 0.942730367
1585067920.246185 -294.256408691 -274.177398682 32.042423248 -0.031613976 -0.013075418 -0.334813297 0.941663265
1585067920.279185 -294.460540771 -274.417419434 32.075141907 -0.031663064 -0.013141601 -0.337740153 0.940614939
1585067920.312185 -294.666290283 -274.656829834 32.107421875 -0.031660229 -0.013330748 -0.340713322 0.939539433
1585067920.345185 -294.875122070 -274.915405273 32.136722565 -0.031910866 -0.013633397 -0.343681991 0.938444734
1585067920.378185 -295.084747314 -275.151428223 32.169189453 -0.032016277 -0.013952982 -0.346517503 0.937393188
1585067920.411185 -295.295928955 -275.386108398 32.201362610 -0.032090932 -0.014306291 -0.349273980 0.936361670
1585067920.444185 -295.508300781 -275.620605469 32.234088898 -0.032068223 -0.014622313 -0.352031648 0.935324311
1585067920.477185 -295.723205566 -275.873352051 32.261089325 -0.032348901 -0.014852930 -0.354805648 0.934262276
1585067920.510185 -295.938995361 -276.104919434 32.293365479 -0.032404836 -0.015263962 -0.357414305 0.933258772
1585067920.543185 -296.156280518 -276.335510254 32.325466156 -0.032231927 -0.015688457 -0.360011339 0.932259023
1585067920.576185 -296.374847412 -276.566162109 32.357563019 -0.032057013 -0.016048800 -0.362669438 0.931228042
1585067920.609185 -296.594329834 -276.813781738 32.383567810 -0.032063931 -0.016431896 -0.365266949 0.930205345
1585067920.642186 -296.815551758 -277.041351318 32.415752411 -0.032124102 -0.016680755 -0.367748797 0.929220498
1585067920.675186 -297.037750244 -277.267517090 32.448162079 -0.032278389 -0.016929492 -0.370144427 0.928259015
1585067920.708186 -297.260437012 -277.506561279 32.474834442 -0.032613397 -0.017249256 -0.372546852 0.927279711
1585067920.741186 -297.484893799 -277.730163574 32.506988525 -0.032997310 -0.017685415 -0.374806285 0.926347017
1585067920.774186 -297.710479736 -277.952484131 32.538974762 -0.033486217 -0.018122736 -0.376968294 0.925443292
1585067920.807186 -297.937255859 -278.175292969 32.570770264 -0.034033865 -0.018490627 -0.379075646 0.924554825
1585067920.840186 -298.163726807 -278.411468506 32.595291138 -0.035040230 -0.018759839 -0.381067961 0.923692346
1585067920.873186 -298.392089844 -278.631286621 32.627407074 -0.035859376 -0.019037537 -0.382920295 0.922888875
1585067920.906186 -298.621734619 -278.850524902 32.659580231 -0.036462758 -0.019259095 -0.384685069 0.922126353
1585067920.939186 -298.851440430 -279.081146240 32.685649872 -0.037217144 -0.019538088 -0.386366218 0.921387196
1585067920.972186 -299.082427979 -279.299377441 32.718521118 -0.037566155 -0.019822916 -0.387939870 0.920705438
1585067921.005187 -299.314117432 -279.517120361 32.751731873 -0.037867427 -0.019991301 -0.389484406 0.920037150
1585067921.038187 -299.546783447 -279.734619141 32.785377502 -0.038073391 -0.020220937 -0.390991718 0.919384062
1585067921.071187 -299.780731201 -279.967651367 32.810146332 -0.038379580 -0.020457795 -0.392645061 0.918661237
1585067921.104187 -300.014892578 -280.184570312 32.844261169 -0.038263381 -0.020652609 -0.394181997 0.918003261
1585067921.137187 -300.250274658 -280.408996582 32.873691559 -0.038063943 -0.020732468 -0.395757079 0.917331815
1585067921.170187 -300.486175537 -280.624969482 32.907985687 -0.037750304 -0.020959351 -0.397265673 0.916687310
1585067921.203187 -300.723175049 -280.840179443 32.942028046 -0.037440389 -0.021342104 -0.398769557 0.916038036
1585067921.236187 -300.961578369 -281.066833496 32.968177795 -0.037306964 -0.021516152 -0.400305331 0.915369272
1585067921.269187 -301.200225830 -281.280944824 33.001892090 -0.036962241 -0.021872425 -0.401675552 0.914774477
1585067921.302187 -301.439086914 -281.494354248 33.035602570 -0.036645889 -0.022270763 -0.402959049 0.914212823
1585067921.335187 -301.679199219 -281.707031250 33.069107056 -0.036478400 -0.022695515 -0.404118061 0.913697362
1585067921.368187 -301.919982910 -281.934387207 33.091964722 -0.036418352 -0.022860641 -0.405250400 0.913194001
1585067921.401187 -302.160278320 -282.145782471 33.125320435 -0.036531746 -0.023168771 -0.406192243 0.912763119
1585067921.434187 -302.401123047 -282.356506348 33.158550262 -0.036879003 -0.023361707 -0.407056540 0.912359118
1585067921.467187 -302.641998291 -282.567382812 33.190589905 -0.037182450 -0.023448743 -0.407927692 0.911955416
1585067921.500188 -302.884155273 -282.791290283 33.212745667 -0.037666768 -0.023620324 -0.408752024 0.911561906
1585067921.533188 -303.125427246 -283.001098633 33.245323181 -0.038137525 -0.023535348 -0.409494936 0.911211014
1585067921.566188 -303.366546631 -283.211395264 33.278072357 -0.038501769 -0.023224851 -0.410217255 0.910878718
1585067921.599188 -303.608551025 -283.421691895 33.310516357 -0.038980007 -0.022695418 -0.410981983 0.910526991
1585067921.632188 -303.850524902 -283.645690918 33.333171844 -0.039269149 -0.022473929 -0.411744088 0.910175681
1585067921.665188 -304.093872070 -283.855499268 33.366291046 -0.039500054 -0.022450764 -0.412441403 0.909850478
1585067921.698188 -304.338073730 -284.065246582 33.399742126 -0.039388061 -0.022596052 -0.413153827 0.909528494
1585067921.731188 -304.582397461 -284.286376953 33.425216675 -0.039141208 -0.022595279 -0.414026737 0.909142137
1585067921.764188 -304.827728271 -284.496520996 33.459297180 -0.038661774 -0.022642864 -0.414736211 0.908837974
1585067921.797188 -305.073791504 -284.706115723 33.493225098 -0.038099825 -0.022745933 -0.415442288 0.908536673
1585067921.830189 -305.319732666 -284.916015625 33.526416779 -0.037502822 -0.022863122 -0.416187465 0.908217371
1585067921.863189 -305.567321777 -285.141082764 33.549507141 -0.036940485 -0.023065796 -0.416932285 0.907893658
1585067921.896189 -305.815307617 -285.350006104 33.582862854 -0.036249518 -0.023498822 -0.417630047 0.907589674
1585067921.929188 -306.063690186 -285.558349609 33.616027832 -0.035724908 -0.023924626 -0.418300748 0.907290399
1585067921.962189 -306.312713623 -285.778045654 33.640151978 -0.035542965 -0.024135299 -0.419028103 0.906956255
1585067921.995189 -306.561218262 -285.985351562 33.671909332 -0.035314977 -0.024336023 -0.419647336 0.906673491
1585067922.028189 -306.809387207 -286.192108154 33.703765869 -0.035393715 -0.024240322 -0.420212775 0.906411052
1585067922.061189 -307.055969238 -286.399719238 33.734973907 -0.035624713 -0.023876864 -0.420809656 0.906134725
1585067922.094189 -307.307556152 -286.621520996 33.756599426 -0.036172304 -0.023677070 -0.421390057 0.905848503
1585067922.127189 -307.555572510 -286.827667236 33.787929535 -0.036518216 -0.023515953 -0.421847165 0.905625939
1585067922.160189 -307.803985596 -287.033416748 33.818920135 -0.037102401 -0.023368195 -0.422299773 0.905395150
1585067922.193189 -308.052429199 -287.240020752 33.849231720 -0.037656277 -0.023287086 -0.422724962 0.905175865
1585067922.226189 -308.305847168 -287.460540771 33.871181488 -0.038323998 -0.023126543 -0.423085600 0.904983461
1585067922.259190 -308.555053711 -287.666931152 33.902751923 -0.038796093 -0.022805901 -0.423408508 0.904820442
1585067922.292189 -308.804504395 -287.873596191 33.935020447 -0.039162397 -0.022448085 -0.423706293 0.904674292
1585067922.325190 -309.054138184 -288.080993652 33.967987061 -0.039083511 -0.022280121 -0.424036890 0.904526889
1585067922.358190 -309.310302734 -288.303588867 33.991668701 -0.038887352 -0.022297855 -0.424349695 0.904388189
1585067922.391190 -309.561340332 -288.511962891 34.025119781 -0.038428124 -0.022174595 -0.424637288 0.904275775
1585067922.424190 -309.812744141 -288.720092773 34.058761597 -0.038072288 -0.022098785 -0.424923599 0.904158235
1585067922.457190 -310.064392090 -288.929138184 34.092086792 -0.037613004 -0.022203900 -0.425222993 0.904034197
1585067922.490190 -310.322937012 -289.151611328 34.115482330 -0.037296176 -0.022273190 -0.425516486 0.903907418
1585067922.523190 -310.575561523 -289.359741211 34.148849487 -0.036826789 -0.022384413 -0.425762236 0.903808296
1585067922.556190 -310.828552246 -289.567687988 34.182075500 -0.036415335 -0.022565985 -0.425978482 0.903718472
1585067922.589190 -311.081329346 -289.776062012 34.215896606 -0.036174621 -0.022815237 -0.426214278 0.903610706
1585067922.622190 -311.342102051 -289.996795654 34.237300873 -0.036172662 -0.023063565 -0.426398426 0.903517604
1585067922.655190 -311.595733643 -290.203704834 34.269664764 -0.036328673 -0.023313198 -0.426629901 0.903395653
1585067922.688190 -311.849578857 -290.410614014 34.301727295 -0.036625594 -0.023563467 -0.426814675 0.903289914
1585067922.721191 -312.109466553 -290.627807617 34.324909210 -0.037065685 -0.023839971 -0.426894367 0.903226972
1585067922.754191 -312.363861084 -290.834716797 34.356437683 -0.037381262 -0.024047796 -0.426932216 0.903190613
1585067922.787191 -312.618255615 -291.041748047 34.388259888 -0.037746221 -0.024295647 -0.426853120 0.903206229
1585067922.820191 -312.872833252 -291.249114990 34.420196533 -0.038056016 -0.024492001 -0.426688313 0.903265774
1585067922.853191 -313.135253906 -291.470611572 34.441795349 -0.038425863 -0.024796661 -0.426534057 0.903314590
1585067922.886191 -313.389648438 -291.678985596 34.474075317 -0.038727939 -0.024882251 -0.426330239 0.903395653
1585067922.919191 -313.643676758 -291.888000488 34.506748199 -0.038823780 -0.024896961 -0.426127613 0.903486609
1585067922.952191 -313.898071289 -292.097412109 34.539485931 -0.038752377 -0.024872351 -0.425937831 0.903579950
1585067922.985191 -314.161712646 -292.321624756 34.562332153 -0.038796514 -0.024676088 -0.425909281 0.903596818
1585067923.018191 -314.415527344 -292.532653809 34.595279694 -0.038595941 -0.024485793 -0.425821483 0.903651953
1585067923.051191 -314.669433594 -292.744201660 34.628353119 -0.038189527 -0.024310865 -0.425835490 0.903667331
1585067923.084192 -314.921264648 -292.957275391 34.660888672 -0.037921578 -0.024089070 -0.425923586 0.903643072
1585067923.117191 -315.188781738 -293.182006836 34.685020447 -0.037704024 -0.023805158 -0.425951391 0.903646648
1585067923.150192 -315.442382812 -293.394592285 34.717994690 -0.037460804 -0.023683894 -0.426013708 0.903630495
1585067923.183192 -315.696380615 -293.606689453 34.750827789 -0.037209392 -0.023674343 -0.426048934 0.903624594
1585067923.216192 -315.950042725 -293.818664551 34.782592773 -0.036946714 -0.023643294 -0.425996035 0.903661132
1585067923.249192 -316.220123291 -294.044128418 34.807464600 -0.036768500 -0.023499768 -0.425943583 0.903696835
1585067923.282192 -316.474212646 -294.256591797 34.839817047 -0.036688779 -0.023273122 -0.425865829 0.903742611
1585067923.315192 -316.728698730 -294.468566895 34.871940613 -0.036725521 -0.023270465 -0.425755084 0.903793335
1585067923.348192 -316.983642578 -294.679321289 34.904109955 -0.036998540 -0.023342552 -0.425664514 0.903823018
1585067923.381192 -317.254577637 -294.905456543 34.928375244 -0.037463699 -0.023451408 -0.425591558 0.903835356
1585067923.414192 -317.510192871 -295.116394043 34.960414886 -0.037750334 -0.023893911 -0.425505579 0.903852344
1585067923.447192 -317.765686035 -295.327423096 34.992855072 -0.038150698 -0.024119606 -0.425426751 0.903866649
1585067923.480192 -318.019897461 -295.539550781 35.024177551 -0.038571626 -0.023910819 -0.425357282 0.903887033
1585067923.513192 -318.292144775 -295.767028809 35.049949646 -0.039074454 -0.023696873 -0.425351053 0.903873980
1585067923.546193 -318.546722412 -295.980194092 35.082519531 -0.039217442 -0.023477020 -0.425339043 0.903879225
1585067923.579193 -318.802062988 -296.193023682 35.114997864 -0.039376706 -0.023664381 -0.425293386 0.903888822
1585067923.612193 -319.058898926 -296.405578613 35.147319794 -0.039246321 -0.024423327 -0.425238103 0.903900325
1585067923.645193 -319.333892822 -296.634643555 35.173629761 -0.039312631 -0.024697468 -0.425150454 0.903931260
1585067923.678193 -319.590454102 -296.847961426 35.206150055 -0.039460063 -0.024778388 -0.425020009 0.903983951
1585067923.711193 -319.846649170 -297.062072754 35.239151001 -0.039038479 -0.024765791 -0.424870670 0.904072821
1585067923.744193 -320.102722168 -297.276489258 35.272567749 -0.038662881 -0.024629321 -0.424727619 0.904159904
1585067923.777193 -320.378173828 -297.507934570 35.300914764 -0.038340032 -0.024786577 -0.424652576 0.904204607
1585067923.810193 -320.634490967 -297.722503662 35.334342957 -0.038111415 -0.025087962 -0.424638391 0.904212534
1585067923.843193 -320.890930176 -297.936401367 35.366847992 -0.038198497 -0.025468877 -0.424589097 0.904221356
1585067923.876193 -321.147247314 -298.149658203 35.398529053 -0.038782150 -0.025674822 -0.424467713 0.904247761
1585067923.909194 -321.388397217 -298.348236084 35.428306580 -0.039081484 -0.025498025 -0.424387336 0.904277563
1585067923.942194 -321.644378662 -298.563171387 35.459960938 -0.038949400 -0.025218759 -0.424296856 0.904333591
1585067923.975194 -321.900207520 -298.778137207 35.491912842 -0.038710803 -0.025010999 -0.424264610 0.904364705
1585067924.008193 -322.156738281 -298.992614746 35.522998810 -0.038680434 -0.024883922 -0.424260378 0.904371500
1585067924.041194 -322.468139648 -299.258697510 35.551132202 -0.038716737 -0.025039947 -0.424061656 0.904458821
1585067924.074194 -322.724945068 -299.473449707 35.582489014 -0.038731724 -0.025222834 -0.423983186 0.904489875
1585067924.107194 -322.981567383 -299.688415527 35.614208221 -0.038526267 -0.025368653 -0.423859954 0.904552341
1585067924.140194 -323.238189697 -299.903869629 35.645824432 -0.038199276 -0.025378197 -0.423759818 0.904612899
1585067924.173194 -323.515747070 -300.138153076 35.675796509 -0.037833989 -0.025369845 -0.423708200 0.904652596
1585067924.206194 -323.772644043 -300.353454590 35.707489014 -0.037512183 -0.025530528 -0.423643827 0.904691696
1585067924.239194 -324.029296875 -300.568603516 35.739128113 -0.037394643 -0.025704812 -0.423567832 0.904727161
1585067924.272194 -324.286041260 -300.783355713 35.770668030 -0.037383411 -0.025911983 -0.423483938 0.904761016
1585067924.305194 -324.563262939 -301.015930176 35.799999237 -0.037619561 -0.026174560 -0.423285902 0.904836297
1585067924.338194 -324.819915771 -301.230255127 35.831050873 -0.037771374 -0.026422169 -0.423172653 0.904875755
1585067924.371194 -325.075836182 -301.444946289 35.861984253 -0.037888858 -0.026437156 -0.423072666 0.904917181
1585067924.404195 -325.331695557 -301.660583496 35.893051147 -0.038033456 -0.026402291 -0.423011959 0.904940486
1585067924.437195 -325.609008789 -301.893920898 35.921966553 -0.037989825 -0.026376124 -0.422990561 0.904953122
1585067924.470195 -325.863861084 -302.109375000 35.953025818 -0.038125217 -0.026106255 -0.422922522 0.904987037
1585067924.503195 -326.118774414 -302.324279785 35.984401703 -0.038105458 -0.026136592 -0.422835141 0.905027807
1585067924.536195 -326.373992920 -302.538848877 36.015815735 -0.038539767 -0.026295951 -0.422752678 0.905043364
1585067924.569195 -326.652069092 -302.771942139 36.045700073 -0.038684309 -0.026615545 -0.422684580 0.905059576
1585067924.602195 -326.906982422 -302.986999512 36.077514648 -0.038863420 -0.026496183 -0.422601432 0.905094266
1585067924.635195 -327.161560059 -303.201904297 36.109447479 -0.039036900 -0.026393441 -0.422544599 0.905116320
1585067924.668195 -327.416015625 -303.416992188 36.141258240 -0.039152563 -0.026371349 -0.422446370 0.905157804
1585067924.701195 -327.692932129 -303.650695801 36.170917511 -0.039771736 -0.026091559 -0.422409266 0.905156255
1585067924.734195 -327.946502686 -303.866027832 36.203529358 -0.040098190 -0.025753291 -0.422413886 0.905149460
1585067924.767195 -328.200439453 -304.081420898 36.236808777 -0.039876908 -0.025829686 -0.422327787 0.905197203
1585067924.800196 -328.454528809 -304.296630859 36.269992828 -0.039800406 -0.025941487 -0.422237754 0.905239344
1585067924.833195 -328.731353760 -304.529846191 36.301349640 -0.040660650 -0.025648484 -0.422184706 0.905234218
1585067924.866196 -328.985168457 -304.744628906 36.333839417 -0.040926788 -0.025554700 -0.422128528 0.905251086
1585067924.899196 -329.239257812 -304.959411621 36.366600037 -0.040973246 -0.025516108 -0.422019958 0.905300677
1585067924.932196 -329.493530273 -305.174316406 36.399349213 -0.040988058 -0.025486037 -0.421937585 0.905339301
1585067924.965196 -329.770904541 -305.409179688 36.431915283 -0.041194383 -0.025764281 -0.421921641 0.905329466
1585067924.998196 -330.025421143 -305.624328613 36.464984894 -0.041106377 -0.025904562 -0.421823829 0.905375063
1585067925.031196 -330.279815674 -305.839904785 36.497970581 -0.040968716 -0.026040381 -0.421716899 0.905427158
1585067925.064196 -330.534576416 -306.056457520 36.531120300 -0.040669590 -0.026170151 -0.421686798 0.905451000
1585067925.097196 -330.812774658 -306.291229248 36.563701630 -0.040265054 -0.026562341 -0.421721458 0.905441403
1585067925.130196 -331.067230225 -306.507202148 36.596397400 -0.039978594 -0.026658352 -0.421627402 0.905495167
1585067925.163196 -331.321380615 -306.723175049 36.628871918 -0.039765328 -0.026799941 -0.421546221 0.905538142
1585067925.196196 -331.575775146 -306.938934326 36.661300659 -0.039618134 -0.026964245 -0.421488404 0.905566692
1585067925.229197 -331.854095459 -307.174987793 36.693271637 -0.039258245 -0.026983159 -0.421471655 0.905589521
1585067925.262197 -332.108001709 -307.391387939 36.725463867 -0.039079666 -0.026937844 -0.421414256 0.905625284
1585067925.295197 -332.361877441 -307.607452393 36.757171631 -0.038856000 -0.026924791 -0.421362221 0.905659556
1585067925.328197 -332.616516113 -307.823791504 36.788299561 -0.038662672 -0.026951969 -0.421357989 0.905668974
1585067925.361197 -332.893463135 -308.060119629 36.819286346 -0.038638353 -0.026890252 -0.421346813 0.905677080
1585067925.394197 -333.146972656 -308.276336670 36.850357056 -0.038510974 -0.026777975 -0.421365470 0.905677080
1585067925.427197 -333.400817871 -308.492645264 36.881637573 -0.038329866 -0.026690256 -0.421392888 0.905674577
1585067925.460197 -333.654785156 -308.708465576 36.912715912 -0.038228601 -0.026720772 -0.421419233 0.905665755
1585067925.493197 -333.933074951 -308.945312500 36.943698883 -0.038225323 -0.026761411 -0.421489298 0.905632138
1585067925.526197 -334.187377930 -309.160705566 36.974925995 -0.038157552 -0.026866168 -0.421550393 0.905603409
1585067925.559197 -334.441986084 -309.375732422 37.005924225 -0.038315117 -0.027038543 -0.421603501 0.905566931
1585067925.592197 -334.696533203 -309.591247559 37.037090302 -0.038395822 -0.027296349 -0.421535462 0.905587435
1585067925.625198 -334.975036621 -309.827697754 37.067832947 -0.038640738 -0.027548831 -0.421514809 0.905578971
1585067925.658197 -335.229553223 -310.043029785 37.098804474 -0.038705736 -0.027636845 -0.421422601 0.905616462
1585067925.691198 -335.483520508 -310.258422852 37.129993439 -0.038848132 -0.027529610 -0.421357155 0.905644059
1585067925.724198 -335.737487793 -310.473693848 37.161167145 -0.038971245 -0.027536755 -0.421286911 0.905671239
1585067925.757198 -336.016235352 -310.711364746 37.192283630 -0.039107978 -0.027616313 -0.421209037 0.905699134
1585067925.790198 -336.270263672 -310.927032471 37.223617554 -0.039188892 -0.027542306 -0.421110362 0.905743778
1585067925.823198 -336.524383545 -311.142578125 37.255001068 -0.039267421 -0.027538888 -0.421031713 0.905777097
1585067925.856198 -336.778381348 -311.358093262 37.286613464 -0.039392412 -0.027473668 -0.420965672 0.905804276
1585067925.889198 -337.056854248 -311.597259521 37.318149567 -0.039530277 -0.027526580 -0.420863688 0.905844033
1585067925.922198 -337.310760498 -311.813232422 37.349689484 -0.039623111 -0.027438655 -0.420853257 0.905847490
1585067925.955198 -337.564575195 -312.029541016 37.381553650 -0.039588898 -0.027301565 -0.420824230 0.905866683
1585067925.988199 -337.819580078 -312.246643066 37.413253784 -0.039464027 -0.027176866 -0.420784652 0.905894220
1585067926.021198 -338.096282959 -312.485626221 37.445182800 -0.039419711 -0.027048428 -0.420727670 0.905926406
1585067926.054199 -338.350494385 -312.702453613 37.477027893 -0.039336413 -0.026922844 -0.420704305 0.905944645
1585067926.087198 -338.604644775 -312.919281006 37.508819580 -0.039251089 -0.026859893 -0.420680761 0.905961156
1585067926.120199 -338.858703613 -313.135986328 37.540767670 -0.039110720 -0.026848923 -0.420634747 0.905988932
1585067926.153198 -339.136474609 -313.375793457 37.572929382 -0.039068136 -0.026891172 -0.420540661 0.906033218
1585067926.186199 -339.390411377 -313.592590332 37.605007172 -0.039061248 -0.026824694 -0.420477271 0.906064868
1585067926.219199 -339.644256592 -313.809448242 37.636882782 -0.039059043 -0.026702048 -0.420357525 0.906124175
1585067926.252199 -339.897857666 -314.026000977 37.668807983 -0.039104968 -0.026646933 -0.420228124 0.906183839
1585067926.285199 -340.175933838 -314.265808105 37.700653076 -0.039247543 -0.026706185 -0.420045346 0.906260610
1585067926.318199 -340.430175781 -314.482727051 37.732120514 -0.039290071 -0.026795285 -0.419834644 0.906353831
1585067926.351199 -340.684082031 -314.699462891 37.763607025 -0.039389610 -0.026838025 -0.419611812 0.906451464
1585067926.384199 -340.938140869 -314.917602539 37.794914246 -0.039419085 -0.026890215 -0.419387996 0.906552136
1585067926.417199 -341.215850830 -315.157409668 37.827041626 -0.039347921 -0.026970534 -0.419159323 0.906658649
1585067926.450199 -341.469482422 -315.375274658 37.858665466 -0.039363563 -0.026954934 -0.418889940 0.906782866
1585067926.483200 -341.723144531 -315.593322754 37.890464783 -0.039240867 -0.027042620 -0.418648273 0.906897187
1585067926.516200 -341.976470947 -315.812164307 37.922359467 -0.039219826 -0.027060714 -0.418363303 0.907029033
1585067926.549200 -342.254364014 -316.052246094 37.955127716 -0.039111137 -0.027177513 -0.418073177 0.907163978
1585067926.582200 -342.507232666 -316.271087646 37.986949921 -0.039214998 -0.027100297 -0.417844206 0.907267392
1585067926.615200 -342.759857178 -316.489715576 38.018585205 -0.039282113 -0.027084947 -0.417627275 0.907364726
1585067926.648200 -343.012695312 -316.709777832 38.049644470 -0.039261341 -0.027137963 -0.417341471 0.907495558
1585067926.681200 -343.290588379 -316.949737549 38.082515717 -0.039339751 -0.027111599 -0.417065561 0.907619834
1585067926.714200 -343.542816162 -317.169158936 38.113834381 -0.039345622 -0.027082983 -0.416817904 0.907734215
1585067926.747200 -343.795715332 -317.389099121 38.145153046 -0.039313462 -0.027064305 -0.416535944 0.907865524
1585067926.780200 -344.047821045 -317.609283447 38.176685333 -0.039348837 -0.026948219 -0.416296273 0.907977343
1585067926.813200 -344.324554443 -317.850006104 38.210136414 -0.039328907 -0.026871124 -0.415962100 0.908133686
1585067926.846200 -344.576354980 -318.070373535 38.241470337 -0.039237201 -0.026901843 -0.415719956 0.908247590
1585067926.879200 -344.828277588 -318.290832520 38.273117065 -0.039179567 -0.026929583 -0.415451467 0.908372104
1585067926.912200 -345.080383301 -318.513275146 38.304817200 -0.039158825 -0.026891200 -0.415229082 0.908475816
1585067926.945201 -345.356994629 -318.753295898 38.337966919 -0.039005995 -0.026681375 -0.414931864 0.908624411
1585067926.978201 -345.608489990 -318.975097656 38.369480133 -0.038930714 -0.026677445 -0.414650768 0.908756018
1585067927.011201 -345.859680176 -319.196838379 38.400878906 -0.038899153 -0.026694180 -0.414415658 0.908864141
1585067927.044201 -346.110534668 -319.418701172 38.432403564 -0.038894203 -0.026673052 -0.414122611 0.908998489
1585067927.077201 -346.387573242 -319.659240723 38.465599060 -0.038746566 -0.026660312 -0.413812041 0.909146607
1585067927.110201 -346.638885498 -319.881286621 38.497200012 -0.038863868 -0.026684213 -0.413504630 0.909280777
1585067927.143201 -346.889770508 -320.103393555 38.528827667 -0.038885113 -0.026747756 -0.413159549 0.909434795
1585067927.176201 -347.159240723 -320.340332031 38.561206818 -0.038990736 -0.026755696 -0.412769675 0.909607172
1585067927.209201 -347.410034180 -320.563476562 38.593116760 -0.038928598 -0.026650107 -0.412428468 0.909767628
1585067927.242201 -347.660552979 -320.786407471 38.624794006 -0.038880225 -0.026609030 -0.412055492 0.909939885
1585067927.275201 -347.911346436 -321.011108398 38.656177521 -0.038989007 -0.026609583 -0.411666602 0.910111248
1585067927.308202 -348.184783936 -321.252136230 38.688694000 -0.038962245 -0.026638879 -0.411264479 0.910293281
1585067927.341201 -348.434967041 -321.476501465 38.720512390 -0.039022416 -0.026546950 -0.410807610 0.910499692
1585067927.374202 -348.684783936 -321.701110840 38.752407074 -0.038880616 -0.026498385 -0.410314202 0.910729647
1585067927.407202 -348.951751709 -321.939575195 38.785320282 -0.038968533 -0.026305625 -0.409847021 0.910941780
1585067927.440202 -349.201080322 -322.164855957 38.817211151 -0.038867086 -0.026256418 -0.409345984 0.911172807
1585067927.473202 -349.450988770 -322.390289307 38.848632812 -0.038766176 -0.026538566 -0.408869922 0.911382675
1585067927.506202 -349.701019287 -322.616180420 38.879840851 -0.038468178 -0.026873780 -0.408364475 0.911611974
1585067927.539202 -349.974487305 -322.860717773 38.912063599 -0.038244456 -0.027249724 -0.407932788 0.911803544
1585067927.572202 -350.224090576 -323.088073730 38.943260193 -0.037830502 -0.027335664 -0.407444000 0.912036777
1585067927.605202 -350.472747803 -323.315429688 38.974784851 -0.037277311 -0.027274143 -0.406923592 0.912293673
1585067927.638202 -350.720520020 -323.543090820 39.006626129 -0.037034359 -0.027085859 -0.406460702 0.912515461
1585067927.671202 -350.991424561 -323.788665771 39.039604187 -0.037046134 -0.026895575 -0.405853122 0.912791014
1585067927.704202 -351.238464355 -324.015899658 39.071842194 -0.037194163 -0.026842451 -0.405334234 0.913017154
1585067927.737202 -351.484863281 -324.242706299 39.103469849 -0.037723746 -0.026713127 -0.404736042 0.913264513
1585067927.770203 -351.731079102 -324.469848633 39.134441376 -0.038621005 -0.026378514 -0.404169738 0.913487494
1585067927.803203 -351.999847412 -324.715454102 39.166126251 -0.039545834 -0.025767647 -0.403577089 0.913727343
1585067927.836203 -352.244628906 -324.943298340 39.197303772 -0.040316552 -0.025205126 -0.402979344 0.913973153
1585067927.869203 -352.489288330 -325.171997070 39.229225159 -0.040774286 -0.024735689 -0.402400494 0.914220691
1585067927.902203 -352.733795166 -325.401519775 39.261734009 -0.040911049 -0.024345694 -0.401827157 0.914477229
1585067927.935203 -353.003875732 -325.651275635 39.295757294 -0.040732026 -0.024065508 -0.401342005 0.914705634
1585067927.968203 -353.248931885 -325.882324219 39.329311371 -0.040349215 -0.023994131 -0.400785476 0.914968491
1585067928.001203 -353.494140625 -326.113830566 39.363311768 -0.039724350 -0.024025306 -0.400230974 0.915237725
1585067928.034203 -353.739074707 -326.345703125 39.397480011 -0.039021969 -0.024070874 -0.399686843 0.915504456
1585067928.067203 -354.009826660 -326.598815918 39.432830811 -0.038224462 -0.024136761 -0.399246305 0.915728569
1585067928.100203 -354.254791260 -326.831115723 39.466884613 -0.037667155 -0.024244582 -0.398765326 0.915958285
1585067928.133204 -354.499542236 -327.063354492 39.500308990 -0.037101626 -0.024435692 -0.398296148 0.916180491
1585067928.166203 -354.743499756 -327.295593262 39.533584595 -0.036759585 -0.024521410 -0.397793829 0.916410148
1585067928.199203 -355.013397217 -327.549255371 39.566635132 -0.036503702 -0.024616338 -0.397257864 0.916650295
1585067928.232204 -355.257507324 -327.781524658 39.598426819 -0.036420792 -0.024672931 -0.396764964 0.916865528
1585067928.265204 -355.500854492 -328.013793945 39.629863739 -0.036432263 -0.024690334 -0.396243393 0.917090058
1585067928.298204 -355.743621826 -328.246215820 39.661148071 -0.036551919 -0.024589879 -0.395755351 0.917298734
1585067928.331204 -356.011505127 -328.501831055 39.693508148 -0.036688656 -0.024409952 -0.395346701 0.917474329
1585067928.364204 -356.254180908 -328.734741211 39.724880219 -0.036765128 -0.024453569 -0.394807756 0.917702198
1585067928.397204 -356.496154785 -328.967590332 39.756088257 -0.037110504 -0.024420198 -0.394303262 0.917905986
1585067928.430204 -356.738189697 -329.200592041 39.787765503 -0.037234396 -0.024461806 -0.393779188 0.918124855
1585067928.463204 -357.005798340 -329.457092285 39.820617676 -0.037399113 -0.024409443 -0.393218398 0.918359876
1585067928.496204 -357.247406006 -329.691345215 39.852458954 -0.037438091 -0.024389766 -0.392675459 0.918591022
1585067928.529204 -357.488372803 -329.925384521 39.884510040 -0.037643045 -0.024292218 -0.392184645 0.918794990
1585067928.562204 -357.729156494 -330.159973145 39.916843414 -0.037598968 -0.024297092 -0.391695827 0.919005156
1585067928.595205 -357.994995117 -330.417541504 39.950839996 -0.037462506 -0.024232568 -0.391225666 0.919212639
1585067928.628205 -358.235656738 -330.652679443 39.983425140 -0.037295610 -0.024259470 -0.390765369 0.919414520
1585067928.661205 -358.475311279 -330.887817383 40.016105652 -0.037148833 -0.024070224 -0.390336663 0.919607520
1585067928.694205 -358.714447021 -331.123077393 40.048698425 -0.036797792 -0.023864528 -0.389992297 0.919773042
1585067928.727205 -358.977874756 -331.382598877 40.083984375 -0.036515743 -0.023660928 -0.389800310 0.919870973
1585067928.760205 -359.216278076 -331.618133545 40.116291046 -0.036320239 -0.023458738 -0.389614731 0.919962466
1585067928.793205 -359.454315186 -331.853271484 40.148757935 -0.036175519 -0.023333974 -0.389436513 0.920046806
1585067928.826205 -359.692382812 -332.088134766 40.181045532 -0.036032885 -0.023276372 -0.389353603 0.920089006
1585067928.859205 -359.955902100 -332.346496582 40.216033936 -0.035827875 -0.023238782 -0.389185727 0.920168996
1585067928.892205 -360.193359375 -332.580932617 40.247920990 -0.035696443 -0.023120413 -0.389049113 0.920234740
1585067928.925205 -360.430541992 -332.814788818 40.279708862 -0.035535693 -0.023046061 -0.388968110 0.920277178
1585067928.958205 -360.667480469 -333.048583984 40.311397552 -0.035380900 -0.022943137 -0.388838679 0.920340359
1585067928.991205 -360.929962158 -333.306701660 40.346313477 -0.035479307 -0.023115136 -0.388700724 0.920390487
1585067929.024206 -361.166687012 -333.539794922 40.377658844 -0.035452485 -0.023137195 -0.388525009 0.920465231
1585067929.057205 -361.403259277 -333.772705078 40.409034729 -0.035311788 -0.023225892 -0.388411909 0.920516133
1585067929.090206 -361.639404297 -334.005249023 40.440357208 -0.035243124 -0.023326574 -0.388253927 0.920582891
1585067929.123206 -361.900665283 -334.263061523 40.475242615 -0.034992103 -0.023264917 -0.388157934 0.920634449
1585067929.156206 -362.136108398 -334.495849609 40.506095886 -0.034781724 -0.023172934 -0.388076216 0.920679212
1585067929.189206 -362.371215820 -334.728179932 40.536811829 -0.034621507 -0.023056442 -0.388028562 0.920708179
1585067929.222206 -362.605590820 -334.960845947 40.567752838 -0.034262359 -0.022931602 -0.387991995 0.920740247
1585067929.255206 -362.864379883 -335.219024658 40.603260040 -0.033992678 -0.022567747 -0.387902707 0.920796812
1585067929.288206 -363.098052979 -335.450988770 40.633998871 -0.033833891 -0.022326879 -0.387891889 0.920813084
1585067929.321206 -363.331451416 -335.682647705 40.664566040 -0.033747673 -0.022108108 -0.387866557 0.920832157
1585067929.354206 -363.565582275 -335.913970947 40.694709778 -0.033557981 -0.021864695 -0.387907952 0.920827508
1585067929.387206 -363.821899414 -336.170959473 40.730693817 -0.033379585 -0.021399597 -0.387884736 0.920854688
1585067929.420206 -364.054199219 -336.401489258 40.760951996 -0.033303495 -0.021023294 -0.387910068 0.920855403
1585067929.453207 -364.286071777 -336.631286621 40.790992737 -0.033282101 -0.020652685 -0.387945503 0.920849741
1585067929.486207 -364.517395020 -336.860717773 40.821342468 -0.033462495 -0.020187140 -0.388018012 0.920822918
1585067929.519207 -364.773376465 -337.116455078 40.857933044 -0.033522964 -0.019635897 -0.388157398 0.920773864
1585067929.552207 -365.004333496 -337.345214844 40.888492584 -0.033754379 -0.019322526 -0.388244092 0.920735478
1585067929.585207 -365.235076904 -337.573333740 40.918758392 -0.033856839 -0.019106859 -0.388352156 0.920690656
1585067929.618207 -365.465637207 -337.800994873 40.949256897 -0.034033149 -0.018867133 -0.388452500 0.920646787
1585067929.651207 -365.722442627 -338.055145264 40.986450195 -0.034083217 -0.018570561 -0.388565749 0.920603156
1585067929.684207 -365.953063965 -338.281982422 41.017009735 -0.034241706 -0.018486552 -0.388641238 0.920567095
1585067929.717207 -366.183471680 -338.508880615 41.047817230 -0.034231782 -0.018322460 -0.388793021 0.920506716
1585067929.750207 -366.413452148 -338.735534668 41.078582764 -0.034130245 -0.018036932 -0.388938487 0.920454621
1585067929.783207 -366.670135498 -338.989624023 41.117301941 -0.033725351 -0.017712228 -0.389184564 0.920371830
1585067929.816207 -366.899841309 -339.215454102 41.148372650 -0.033487231 -0.017639855 -0.389442980 0.920272589
1585067929.849208 -367.129699707 -339.440887451 41.179508209 -0.033255100 -0.017674664 -0.389730752 0.920158505
1585067929.882207 -367.359344482 -339.665527344 41.210262299 -0.033158392 -0.017620506 -0.390062809 0.920022368
1585067929.915208 -367.615844727 -339.917602539 41.249015808 -0.033187658 -0.017414749 -0.390472084 0.919851542
1585067929.948208 -367.844970703 -340.141052246 41.279552460 -0.033286303 -0.017250970 -0.390781939 0.919719517
1585067929.981208 -368.073699951 -340.363525391 41.310401917 -0.033470064 -0.017105328 -0.391149521 0.919559300
1585067930.014208 -368.302093506 -340.585510254 41.340770721 -0.033545047 -0.016895590 -0.391577393 0.919378281
1585067930.047208 -368.558135986 -340.835113525 41.379817963 -0.033658627 -0.016556690 -0.392094940 0.919159710
1585067930.080208 -368.786773682 -341.056396484 41.409652710 -0.033776492 -0.016350076 -0.392575383 0.918954015
1585067930.113208 -369.015106201 -341.276733398 41.439472198 -0.033863693 -0.016145729 -0.393101245 0.918729544
1585067930.146208 -369.243499756 -341.496582031 41.469497681 -0.033936203 -0.015907608 -0.393692076 0.918478012
1585067930.179208 -369.499786377 -341.744628906 41.509326935 -0.033819918 -0.015423719 -0.394557834 0.918119013
1585067930.212208 -369.728302002 -341.963745117 41.539230347 -0.033501569 -0.015138407 -0.395284802 0.917822659
1585067930.245208 -369.956939697 -342.182861328 41.569408417 -0.033024434 -0.014900272 -0.396114916 0.917485893
1585067930.278208 -370.185852051 -342.400939941 41.599605560 -0.032571796 -0.014689018 -0.397027612 0.917110920
1585067930.311209 -370.443511963 -342.647796631 41.640342712 -0.032052100 -0.014443263 -0.398043394 0.916692734
1585067930.344209 -370.673004150 -342.864624023 41.670211792 -0.031614304 -0.014297022 -0.399039119 0.916277230
1585067930.377209 -370.902435303 -343.080535889 41.699935913 -0.031286865 -0.014001004 -0.400061846 0.915847003
1585067930.410209 -371.131561279 -343.295410156 41.729576111 -0.031146884 -0.013529805 -0.401167393 0.915375113
1585067930.443209 -371.389648438 -343.538879395 41.769779205 -0.030761570 -0.012911528 -0.402303904 0.914898157
1585067930.476209 -371.618652344 -343.752441406 41.799449921 -0.030586779 -0.011993605 -0.403482616 0.914397359
1585067930.509209 -371.847351074 -343.964965820 41.829013824 -0.030585408 -0.010866873 -0.404675066 0.913884401
1585067930.542209 -372.077239990 -344.175659180 41.858085632 -0.030859884 -0.010355755 -0.405933619 0.913322687
1585067930.575209 -372.336395264 -344.415588379 41.897411346 -0.031334400 -0.010151594 -0.407100916 0.912789106
1585067930.608209 -372.569000244 -344.623229980 41.926227570 -0.031907052 -0.010323253 -0.408343911 0.912212014
1585067930.641209 -372.802612305 -344.829895020 41.954914093 -0.032340795 -0.010467311 -0.409564018 0.911647916
1585067930.674210 -373.037780762 -345.035522461 41.983367920 -0.032584991 -0.010934494 -0.410744429 0.911102414
1585067930.707210 -373.277343750 -345.244506836 42.014015198 -0.032595966 -0.011597462 -0.411952257 0.910548389
1585067930.740210 -373.514068604 -345.449584961 42.043220520 -0.032288641 -0.011881454 -0.413188815 0.909995198
1585067930.773210 -373.750732422 -345.655334473 42.073070526 -0.031625181 -0.011866076 -0.414517343 0.909414351
1585067930.806210 -373.987945557 -345.860900879 42.103103638 -0.030637415 -0.011883264 -0.415821940 0.908852160
1585067930.839210 -374.278259277 -346.126525879 42.149215698 -0.029418498 -0.011719559 -0.417162150 0.908280253
1585067930.872210 -374.516784668 -346.330230713 42.178756714 -0.028742459 -0.011876681 -0.418415308 0.907723188
1585067930.905210 -374.755767822 -346.532104492 42.208076477 -0.028413892 -0.012070268 -0.419651717 0.907160163
1585067930.938210 -374.995269775 -346.732116699 42.236972809 -0.028465601 -0.012430805 -0.420904815 0.906572878
1585067930.971210 -375.261932373 -346.963989258 42.274387360 -0.028999895 -0.012860019 -0.422146916 0.905972242
1585067931.004210 -375.502471924 -347.160736084 42.301719666 -0.029654380 -0.013232319 -0.423415303 0.905353546
1585067931.037210 -375.742279053 -347.357849121 42.329097748 -0.030285802 -0.012724257 -0.424705207 0.904735506
1585067931.070210 -375.982116699 -347.554473877 42.356239319 -0.030641135 -0.012030192 -0.426075399 0.904088557
1585067931.103210 -376.249206543 -347.785461426 42.392353058 -0.030775666 -0.011459664 -0.427701503 0.903323293
1585067931.136211 -376.489624023 -347.982055664 42.419471741 -0.031129897 -0.010738526 -0.429213315 0.902602673
1585067931.169211 -376.731353760 -348.177764893 42.447296143 -0.031091720 -0.010251270 -0.430777788 0.901864052
1585067931.202211 -376.974456787 -348.373107910 42.475765228 -0.030702230 -0.010177964 -0.432367653 0.901117086
1585067931.235211 -377.247161865 -348.601104736 42.513862610 -0.030345889 -0.010061192 -0.433976978 0.900356591
1585067931.268211 -377.493804932 -348.793518066 42.542659760 -0.029904783 -0.010687900 -0.435514629 0.899621367
1585067931.301211 -377.741271973 -348.984680176 42.570838928 -0.029418917 -0.011260276 -0.437099904 0.898861229
1585067931.334211 -377.988647461 -349.176330566 42.599151611 -0.028351815 -0.011316988 -0.438792914 0.898069561
1585067931.367211 -378.267089844 -349.401733398 42.636615753 -0.027065784 -0.011242661 -0.440578640 0.897235513
1585067931.400211 -378.516906738 -349.590362549 42.664077759 -0.026533900 -0.011624654 -0.442274451 0.896411836
1585067931.433211 -378.766937256 -349.776733398 42.691371918 -0.026535450 -0.012056872 -0.444065094 0.895520389
1585067931.466211 -379.018402100 -349.960815430 42.718463898 -0.026771724 -0.012897045 -0.445900053 0.894589365
1585067931.499212 -379.300170898 -350.179504395 42.753128052 -0.026762247 -0.013657000 -0.447793096 0.893632293
1585067931.532212 -379.552856445 -350.362060547 42.779502869 -0.026998192 -0.014098099 -0.449557036 0.892732263
1585067931.565212 -379.805694580 -350.542846680 42.805095673 -0.027538566 -0.014474331 -0.451174051 0.891893566
1585067931.598212 -380.058715820 -350.722503662 42.830059052 -0.027960867 -0.014642391 -0.452738434 0.891084552
1585067931.631212 -380.342041016 -350.936523438 42.863071442 -0.028518438 -0.014690409 -0.454371929 0.890234292
1585067931.664212 -380.596374512 -351.114685059 42.888023376 -0.029406754 -0.014861439 -0.456057727 0.889340103
1585067931.697212 -380.851226807 -351.291717529 42.913654327 -0.030285031 -0.015004756 -0.457713217 0.888457298
1585067931.730212 -381.132171631 -351.492401123 42.946533203 -0.030606061 -0.015642237 -0.459332705 0.887599051
1585067931.763212 -381.390319824 -351.667968750 42.972728729 -0.030678719 -0.016335614 -0.460921645 0.886759996
1585067931.796212 -381.648284912 -351.843292236 42.998970032 -0.030611306 -0.016573645 -0.462478161 0.885947168
1585067931.829212 -381.906799316 -352.017883301 43.025798798 -0.030595720 -0.016718820 -0.464111298 0.885090470
1585067931.862212 -382.198791504 -352.226165771 43.061172485 -0.030439558 -0.016623968 -0.465820491 0.884199321
1585067931.895213 -382.458953857 -352.399780273 43.088104248 -0.030572684 -0.016749322 -0.467490524 0.883310497
1585067931.928212 -382.720062256 -352.571960449 43.114540100 -0.030908762 -0.017017612 -0.469145507 0.882415771
1585067931.961213 -382.981018066 -352.743286133 43.141265869 -0.030296685 -0.017273393 -0.470734328 0.881585479
1585067931.994213 -383.275787354 -352.947448730 43.176269531 -0.029906632 -0.017775973 -0.472242802 0.880781710
1585067932.027213 -383.538879395 -353.115570068 43.202541351 -0.030736893 -0.017997008 -0.473747790 0.879940033
1585067932.060213 -383.801361084 -353.283203125 43.228694916 -0.031572133 -0.017813679 -0.475144386 0.879160881
1585067932.093213 -384.064697266 -353.450164795 43.254878998 -0.032149643 -0.017766263 -0.476572812 0.878367305
1585067932.126213 -384.361999512 -353.650268555 43.289245605 -0.032365412 -0.017774114 -0.478072822 0.877543688
1585067932.159213 -384.627410889 -353.816162109 43.314910889 -0.032468706 -0.018130815 -0.479408681 0.876803517
1585067932.192213 -384.894195557 -353.981170654 43.340473175 -0.032523662 -0.018595865 -0.480796844 0.876031339
1585067932.225213 -385.159484863 -354.146911621 43.366249084 -0.032522500 -0.018040393 -0.482304752 0.875213742
1585067932.258213 -385.458679199 -354.346923828 43.400684357 -0.032137871 -0.016681455 -0.483736306 0.874464452
1585067932.291213 -385.725982666 -354.513671875 43.428073883 -0.030950129 -0.016137049 -0.485146761 0.873735905
1585067932.324214 -385.993286133 -354.679443359 43.455738068 -0.029713005 -0.015901830 -0.486603975 0.872972429
1585067932.357213 -386.261840820 -354.843719482 43.483333588 -0.028904796 -0.015739501 -0.488189906 0.872116685
1585067932.390214 -386.567504883 -355.039154053 43.517311096 -0.028271556 -0.015622297 -0.489900649 0.871179700
1585067932.423214 -386.837951660 -355.200866699 43.543487549 -0.028012870 -0.015464186 -0.491606712 0.870229304
1585067932.456214 -387.109008789 -355.360626221 43.568912506 -0.027834445 -0.015444662 -0.493347108 0.869249940
1585067932.489214 -387.381317139 -355.517242432 43.594047546 -0.027909007 -0.015849803 -0.495086461 0.868250668
1585067932.522214 -387.690612793 -355.705047607 43.626754761 -0.027571708 -0.016529575 -0.497043908 0.867129683
1585067932.555214 -387.964447021 -355.859100342 43.651924133 -0.028138191 -0.017130658 -0.499114007 0.865909934
1585067932.588214 -388.238830566 -356.011291504 43.677276611 -0.029202521 -0.017492911 -0.501200318 0.864661515
1585067932.621214 -388.514160156 -356.161376953 43.702552795 -0.030120371 -0.017929647 -0.503218949 0.863447785
1585067932.654214 -388.827423096 -356.341156006 43.733776093 -0.030674696 -0.018288212 -0.505249381 0.862234116
1585067932.687214 -389.104248047 -356.489501953 43.758735657 -0.031187503 -0.018563459 -0.507172048 0.861080348
1585067932.720215 -389.381530762 -356.636566162 43.783611298 -0.031751335 -0.018571384 -0.509115577 0.859911859
1585067932.753214 -389.660369873 -356.781921387 43.808830261 -0.032464981 -0.018978786 -0.510994077 0.858761311
1585067932.786215 -389.979370117 -356.955810547 43.840915680 -0.033161789 -0.019575914 -0.512966692 0.857544303
1585067932.819215 -390.261108398 -357.097595215 43.866481781 -0.034013212 -0.020501787 -0.514794350 0.856393337
1585067932.852215 -390.544036865 -357.237945557 43.892620087 -0.034388721 -0.021491328 -0.516600370 0.855265856
1585067932.885215 -390.827331543 -357.377288818 43.919437408 -0.034487396 -0.022134528 -0.518484235 0.854104638
1585067932.918215 -391.150238037 -357.546661377 43.953704834 -0.034563929 -0.022327814 -0.520439267 0.852906704
1585067932.951215 -391.434692383 -357.684722900 43.980667114 -0.034774512 -0.022594679 -0.522542477 0.851604223
1585067932.984215 -391.719879150 -357.821533203 44.007076263 -0.035209477 -0.022944445 -0.524803638 0.850185335
1585067933.017215 -392.005279541 -357.957031250 44.033042908 -0.035487175 -0.023084132 -0.527204573 0.848683238
1585067933.050215 -392.331817627 -358.120971680 44.065971375 -0.035703804 -0.023142252 -0.529641092 0.847154021
1585067933.083215 -392.619628906 -358.254821777 44.091526031 -0.035660412 -0.023340138 -0.532196701 0.845547318
1585067933.116215 -392.907836914 -358.387695312 44.116851807 -0.035356969 -0.023279114 -0.534799755 0.843917847
1585067933.149215 -393.197418213 -358.519439697 44.142070770 -0.034898341 -0.023176953 -0.537398458 0.842287362
1585067933.182215 -393.529144287 -358.677459717 44.174236298 -0.034269840 -0.022964403 -0.539974689 0.840669751
1585067933.215216 -393.821899414 -358.805999756 44.198902130 -0.033660259 -0.023466257 -0.542479575 0.839066267
1585067933.248215 -394.115905762 -358.932250977 44.223247528 -0.033080131 -0.024192259 -0.544911981 0.837491155
1585067933.281216 -394.411193848 -359.056152344 44.247245789 -0.032513048 -0.024919711 -0.547299922 0.835933447
1585067933.314216 -394.749176025 -359.203948975 44.278835297 -0.031945527 -0.025586616 -0.549754620 0.834322870
1585067933.347216 -395.046691895 -359.323028564 44.302490234 -0.031862527 -0.026459634 -0.552023292 0.832799554
1585067933.380216 -395.344360352 -359.439849854 44.325824738 -0.032001883 -0.027143072 -0.554339468 0.831232131
1585067933.413216 -395.642425537 -359.555297852 44.348686218 -0.032219172 -0.027597263 -0.556645513 0.829666257
1585067933.446216 -395.981719971 -359.695281982 44.377723694 -0.032423437 -0.027632464 -0.559192300 0.827942729
1585067933.479216 -396.279693604 -359.807739258 44.399826050 -0.032927249 -0.027451841 -0.561648309 0.826264799
1585067933.512216 -396.577819824 -359.918121338 44.421848297 -0.033678412 -0.026960783 -0.564166188 0.824533522
1585067933.545216 -396.876342773 -360.027343750 44.444271088 -0.034398466 -0.026314482 -0.566719174 0.822771966
1585067933.578217 -397.216735840 -360.161987305 44.473220825 -0.035060495 -0.025368001 -0.569360852 0.820947945
1585067933.611216 -397.516845703 -360.268035889 44.496307373 -0.035893112 -0.024674870 -0.571903765 0.819163620
1585067933.644217 -397.818115234 -360.372192383 44.519729614 -0.036537945 -0.024142323 -0.574456275 0.817362964
1585067933.677217 -398.120880127 -360.474792480 44.543338776 -0.037007779 -0.023754500 -0.576999903 0.815559506
1585067933.710217 -398.466125488 -360.601806641 44.572052002 -0.037105292 -0.023264777 -0.579726636 0.813633204
1585067933.743217 -398.772583008 -360.701538086 44.596698761 -0.036865443 -0.023164185 -0.582313061 0.811797976
1585067933.776217 -399.079956055 -360.799255371 44.621856689 -0.036520630 -0.023132326 -0.584897161 0.809954643
1585067933.809217 -399.388641357 -360.895965576 44.647293091 -0.035848677 -0.023050904 -0.587476134 0.808118463
1585067933.842217 -399.738555908 -361.016296387 44.677249908 -0.035108004 -0.023062853 -0.590197384 0.806165397
1585067933.875217 -400.049072266 -361.108825684 44.703418732 -0.034288853 -0.023291143 -0.592787325 0.804291606
1585067933.908217 -400.360382080 -361.198913574 44.729141235 -0.033647358 -0.023539079 -0.595353365 0.802414000
1585067933.941217 -400.672729492 -361.286529541 44.753982544 -0.033146650 -0.023924641 -0.597960770 0.800482273
1585067933.974217 -401.026428223 -361.396881104 44.781841278 -0.032894582 -0.024051243 -0.600659847 0.798465610
1585067934.007217 -401.340545654 -361.479217529 44.805133820 -0.032989260 -0.024464982 -0.603247106 0.796496153
1585067934.040218 -401.655517578 -361.559051514 44.827632904 -0.033148702 -0.024873087 -0.605791152 0.794543624
1585067934.073218 -401.970886230 -361.636779785 44.849704742 -0.033325821 -0.025102258 -0.608335376 0.792582750
1585067934.106218 -402.325805664 -361.737670898 44.873607635 -0.033483952 -0.025474355 -0.610998213 0.790513158
1585067934.139218 -402.643371582 -361.811309814 44.895450592 -0.033743981 -0.025870167 -0.613511622 0.788540184
1585067934.172218 -402.961608887 -361.883148193 44.917545319 -0.033730984 -0.026283780 -0.616057217 0.786539912
1585067934.205218 -403.280395508 -361.952911377 44.939533234 -0.033778548 -0.026424561 -0.618609428 0.784527421
1585067934.238218 -403.636596680 -362.046325684 44.963684082 -0.034032941 -0.026290536 -0.621376514 0.782331049
1585067934.271218 -403.956115723 -362.112152100 44.986026764 -0.034252550 -0.026246585 -0.623911917 0.780302346
1585067934.304218 -404.276306152 -362.175598145 45.008499146 -0.034604818 -0.026160434 -0.626457453 0.778247595
1585067934.337218 -404.597229004 -362.236968994 45.030635834 -0.035036653 -0.026197711 -0.629012823 0.776163042
1585067934.370218 -404.955261230 -362.320983887 45.053184509 -0.035753880 -0.026205478 -0.631728590 0.773921192
1585067934.403219 -405.278076172 -362.376739502 45.074920654 -0.036505878 -0.026349416 -0.634255648 0.771811426
1585067934.436219 -405.601989746 -362.429962158 45.096591949 -0.037272155 -0.026733905 -0.636754632 0.769701004
1585067934.469218 -405.927001953 -362.480499268 45.118228912 -0.037804723 -0.027469806 -0.639237821 0.767587960
1585067934.502218 -406.289398193 -362.553863525 45.139289856 -0.038365986 -0.028252486 -0.641906559 0.765301108
1585067934.535219 -406.616943359 -362.600830078 45.161247253 -0.038532879 -0.029036911 -0.644354641 0.763203263
1585067934.568219 -406.945678711 -362.645812988 45.183628082 -0.038438171 -0.029728638 -0.646834195 0.761081040
1585067934.601219 -407.275329590 -362.689208984 45.205783844 -0.038225085 -0.030386206 -0.649285078 0.758975983
1585067934.634219 -407.640167236 -362.754974365 45.227054596 -0.037997782 -0.030852467 -0.651958466 0.756673336
1585067934.667219 -407.970733643 -362.794982910 45.249187469 -0.037809815 -0.031172711 -0.654462934 0.754504442
1585067934.700219 -408.301605225 -362.832702637 45.270755768 -0.037676007 -0.031725124 -0.656935036 0.752336681
1585067934.733219 -408.632873535 -362.867523193 45.291568756 -0.037945718 -0.032211903 -0.659348607 0.750188053
1585067934.766219 -408.997772217 -362.922424316 45.310485840 -0.038390011 -0.032512162 -0.661892235 0.747909009
1585067934.799219 -409.329864502 -362.953826904 45.330371857 -0.038756665 -0.032330979 -0.664287269 0.745771527
1585067934.832219 -409.662536621 -362.982971191 45.350028992 -0.038839962 -0.032253634 -0.666623533 0.743682921
1585067934.865220 -409.995819092 -363.009735107 45.369411469 -0.039213892 -0.032195982 -0.668964326 0.741560817
1585067934.898220 -410.361114502 -363.056732178 45.386371613 -0.040004525 -0.032114595 -0.671411932 0.739306748
1585067934.931220 -410.695953369 -363.078491211 45.406265259 -0.040661722 -0.032540154 -0.673674464 0.737190962
1585067934.964220 -411.031524658 -363.098693848 45.426822662 -0.041158348 -0.032827403 -0.675852060 0.735154629
1585067934.997220 -411.367614746 -363.117095947 45.447372437 -0.041832242 -0.032536667 -0.677976191 0.733171046
1585067935.030220 -411.733642578 -363.155242920 45.464084625 -0.042574704 -0.032367744 -0.680202723 0.731070518
1585067935.063220 -412.072174072 -363.171295166 45.485290527 -0.042481631 -0.032403439 -0.682181239 0.729228497
1585067935.096220 -412.411010742 -363.185485840 45.506599426 -0.042531278 -0.032592632 -0.684131205 0.727388024
1585067935.129220 -412.750579834 -363.197509766 45.528228760 -0.043068435 -0.032638125 -0.686005712 0.725586712
1585067935.162220 -413.117004395 -363.226837158 45.545703888 -0.043745577 -0.032906614 -0.687847137 0.723788500
1585067935.195220 -413.457275391 -363.235076904 45.568298340 -0.044759363 -0.032851391 -0.689438999 0.722212791
1585067935.228220 -413.798583984 -363.242370605 45.591407776 -0.045348048 -0.032802291 -0.690961182 0.720722079
1585067935.261220 -414.140594482 -363.248046875 45.614849091 -0.045795891 -0.032903209 -0.692364752 0.719340861
1585067935.294220 -414.508758545 -363.270843506 45.631370544 -0.046460185 -0.033126164 -0.693798721 0.717904985
1585067935.327220 -414.853363037 -363.274078369 45.653270721 -0.047254652 -0.033410113 -0.695060492 0.716618299
1585067935.360221 -415.199127197 -363.275848389 45.675167084 -0.047812849 -0.033966299 -0.696176291 0.715471029
1585067935.393221 -415.546203613 -363.277221680 45.697219849 -0.048069656 -0.034536421 -0.697245300 0.714384735
1585067935.426221 -415.916473389 -363.295806885 45.713039398 -0.047849365 -0.035177059 -0.698315024 0.713322580
1585067935.459221 -416.266601562 -363.296600342 45.735778809 -0.047415763 -0.035997782 -0.699227571 0.712416172
1585067935.492221 -416.617340088 -363.297241211 45.758781433 -0.046677142 -0.036764916 -0.700102448 0.711565971
1585067935.525221 -416.968872070 -363.296997070 45.781661987 -0.046069652 -0.037419286 -0.700976551 0.710710466
1585067935.558221 -417.341247559 -363.312713623 45.797912598 -0.045574754 -0.038229231 -0.701870203 0.709816694
1585067935.591221 -417.693908691 -363.310699463 45.818778992 -0.045393497 -0.038800407 -0.702642083 0.709033251
1585067935.624221 -418.046325684 -363.308685303 45.839447021 -0.045149982 -0.038877681 -0.703420162 0.708272696
1585067935.657221 -418.398712158 -363.306640625 45.859741211 -0.044784158 -0.038624454 -0.704197586 0.707536817
1585067935.690222 -418.768157959 -363.321807861 45.873245239 -0.044568390 -0.038341254 -0.705000758 0.706765532
1585067935.723222 -419.121520996 -363.319091797 45.893028259 -0.044625461 -0.037807696 -0.705767214 0.706025362
1585067935.756222 -419.475006104 -363.315399170 45.912982941 -0.044770896 -0.037306495 -0.706547201 0.705262303
1585067935.789222 -419.829132080 -363.310943604 45.933166504 -0.044899881 -0.036980528 -0.707261860 0.704554558
1585067935.822222 -420.189880371 -363.312194824 45.951389313 -0.045256853 -0.036536369 -0.707968533 0.703844786
1585067935.855222 -420.545379639 -363.306182861 45.971141815 -0.045573890 -0.036101129 -0.708540261 0.703271270
1585067935.888222 -420.901855469 -363.299468994 45.991550446 -0.045853317 -0.035823956 -0.709060550 0.702742696
1585067935.921222 -421.259033203 -363.292205811 46.012336731 -0.045931932 -0.035734396 -0.709494114 0.702304423
1585067935.954222 -421.636474609 -363.309295654 46.022415161 -0.046125889 -0.035729725 -0.709981382 0.701799273
1585067935.987222 -421.996246338 -363.301300049 46.043952942 -0.046071440 -0.035968915 -0.710300386 0.701467872
1585067936.020222 -422.356597900 -363.292907715 46.065765381 -0.046073586 -0.036238972 -0.710571289 0.701179385
1585067936.053222 -422.717590332 -363.284790039 46.087715149 -0.045776512 -0.036502678 -0.710830867 0.700921953
1585067936.086222 -423.088989258 -363.289672852 46.103652954 -0.045551360 -0.036863115 -0.711168349 0.700575352
1585067936.119223 -423.451538086 -363.281066895 46.125579834 -0.045311660 -0.037279136 -0.711353540 0.700380862
1585067936.152222 -423.814636230 -363.272369385 46.147041321 -0.045139939 -0.037697755 -0.711538434 0.700181723
1585067936.185223 -424.177978516 -363.263092041 46.168357849 -0.045173917 -0.038007032 -0.711710572 0.699987829
1585067936.218223 -424.550079346 -363.266479492 46.183448792 0.045269463 0.038225085 0.711851835 -0.699826062
1585067936.251223 -424.914672852 -363.257873535 46.203727722 0.045216441 0.038280591 0.711990714 -0.699685156
1585067936.284223 -425.280242920 -363.249267578 46.223495483 0.044987712 0.038527831 0.712118566 -0.699556231
1585067936.317223 -425.645660400 -363.241027832 46.242996216 -0.044903427 -0.038511235 -0.712267458 0.699410915
1585067936.350223 -426.013122559 -363.235443115 46.261333466 0.045013130 0.038493339 0.712463975 -0.699204743
1585067936.383223 -426.379943848 -363.226470947 46.280860901 0.045074403 0.038559418 0.712604284 -0.699054122
1585067936.416223 -426.746765137 -363.217041016 46.300415039 0.045198496 0.038663350 0.712753236 -0.698888481
1585067936.449224 -427.114196777 -363.207611084 46.320213318 0.045246840 0.038647611 0.712924063 -0.698711991
1585067936.482223 -427.493377686 -363.215881348 46.331844330 0.045252711 0.038621720 0.713115335 -0.698517799
1585067936.515224 -427.862060547 -363.206451416 46.351451874 0.045430362 0.038563859 0.713221788 -0.698400855
1585067936.548223 -428.231079102 -363.196807861 46.371006012 0.045716792 0.038438536 0.713365793 -0.698241949
1585067936.581224 -428.600372314 -363.187683105 46.390884399 -0.045952320 -0.038411576 -0.713441253 0.698150814
1585067936.614224 -428.975708008 -363.185516357 46.407218933 0.046024088 0.038554277 0.713505447 -0.698072612
1585067936.647224 -429.346038818 -363.175628662 46.427444458 0.046198167 0.038546320 0.713576853 -0.697988629
1585067936.680224 -429.717071533 -363.166412354 46.447845459 0.046094272 0.038576905 0.713657856 -0.697910964
1585067936.713224 -430.088073730 -363.156768799 46.468391418 0.046049774 0.038624331 0.713733792 -0.697833538
1585067936.746224 -430.464721680 -363.154541016 46.485210419 0.046128988 0.038804401 0.713837028 -0.697712660
1585067936.779224 -430.836883545 -363.144775391 46.505805969 0.046062887 0.039159603 0.713933766 -0.697598219
1585067936.812224 -431.209259033 -363.135040283 46.526199341 0.045882940 0.039507728 0.714044094 -0.697477579
1585067936.845224 -431.582031250 -363.125030518 46.546859741 0.045579825 0.039764002 0.714157403 -0.697366893
1585067936.878224 -431.958953857 -363.122344971 46.564029694 0.045287997 0.039739642 0.714359879 -0.697179854
1585067936.911224 -432.331298828 -363.112945557 46.584022522 0.044988751 0.039777894 0.714545190 -0.697007179
1585067936.944225 -432.703704834 -363.103759766 46.604045868 0.044610411 0.039763868 0.714754641 -0.696817517
1585067936.977224 -433.075836182 -363.094512939 46.623794556 0.044501659 0.039810970 0.714975893 -0.696594775
1585067937.010225 -433.452026367 -363.088989258 46.641242981 0.044453144 0.039940078 0.715226412 -0.696333230
1585067937.043225 -433.823852539 -363.078887939 46.660217285 0.044458240 0.039820172 0.715480089 -0.696079135
1585067937.076225 -434.195770264 -363.068908691 46.678745270 0.044227894 0.039740156 0.715784371 -0.695785463
1585067937.109225 -434.567413330 -363.058959961 46.696990967 -0.044170648 -0.039612144 -0.716104746 0.695466697
1585067937.142225 -434.944824219 -363.051483154 46.714462280 0.043987993 0.039628357 0.716490984 -0.695079386
1585067937.175225 -435.316833496 -363.040466309 46.732780457 0.043872148 0.039644580 0.716902137 -0.694661736
1585067937.208225 -435.688903809 -363.028076172 46.750885010 0.043851767 0.039881095 0.717312515 -0.694225729
1585067937.241225 -436.061035156 -363.015350342 46.769340515 -0.043882906 -0.040161841 -0.717734575 0.693771124
1585067937.274225 -436.437927246 -363.004608154 46.786453247 0.044043068 0.040218946 0.718150377 -0.693327248
1585067937.307225 -436.809570312 -362.990722656 46.804691315 0.044194132 0.040351313 0.718538523 -0.692907691
1585067937.340225 -437.181335449 -362.976409912 46.822818756 0.044319693 0.040405046 0.718926072 -0.692494512
1585067937.373225 -437.552551270 -362.961608887 46.841285706 0.044567317 0.040434975 0.719285727 -0.692103148
1585067937.406226 -437.929138184 -362.948455811 46.858146667 0.044910133 0.040420529 0.719593287 -0.691762090
1585067937.439226 -438.300140381 -362.933166504 46.876403809 0.045317944 0.040255331 0.719907463 -0.691418111
1585067937.472226 -438.671356201 -362.917602539 46.894260406 0.045721050 0.039983403 0.720217168 -0.691084802
1585067937.505226 -439.042449951 -362.902282715 46.912780762 0.046033621 0.039619006 0.720537424 -0.690751195
1585067937.538226 -439.419250488 -362.888244629 46.930877686 0.046149850 0.039412681 0.720857263 -0.690421343
1585067937.571226 -439.790649414 -362.872863770 46.949737549 0.046236604 0.039126240 0.721200109 -0.690073729
1585067937.604226 -440.162292480 -362.857330322 46.969047546 0.046312895 0.038959496 0.721510112 -0.689753950
1585067937.637226 -440.533416748 -362.841369629 46.987960815 -0.046317723 -0.038817879 -0.721817791 0.689439595
1585067937.670226 -440.912170410 -362.825286865 47.007324219 0.046253178 0.038760822 0.722118080 -0.689132631
1585067937.703226 -441.284515381 -362.808685303 47.026580811 0.046088129 0.038821567 0.722383797 -0.688861668
1585067937.736226 -441.656921387 -362.791931152 47.046245575 0.045927349 0.038838010 0.722620845 -0.688622892
1585067937.769227 -442.029449463 -362.775299072 47.065853119 0.045604978 0.039089039 0.722823024 -0.688417912
1585067937.802227 -442.409637451 -362.758117676 47.085220337 0.045411680 0.039377268 0.722893178 -0.688340604
1585067937.835227 -442.781799316 -362.740966797 47.104251862 0.045324564 0.039556317 0.722962976 -0.688262641
1585067937.868227 -443.154174805 -362.724121094 47.122955322 0.045249045 0.039728995 0.722991228 -0.688228011
1585067937.901227 -443.526397705 -362.706726074 47.141410828 0.045194447 0.040017303 0.722962320 -0.688245296
1585067937.934227 -443.907958984 -362.688354492 47.160247803 0.045166228 0.040370911 0.722873449 -0.688319862
1585067937.967227 -444.280242920 -362.671112061 47.178443909 0.045272831 0.040505797 0.722770631 -0.688412964
1585067938.000227 -444.652709961 -362.653625488 47.196235657 0.045394570 0.040815216 0.722640455 -0.688523293
1585067938.033227 -445.024841309 -362.636016846 47.214153290 -0.045602322 -0.040949896 -0.722529411 0.688618124
1585067938.066227 -445.405883789 -362.618591309 47.231796265 0.045696884 0.041021466 0.722424090 -0.688718081
1585067938.099227 -445.778259277 -362.601806641 47.249366760 0.045738816 0.041300941 0.722322583 -0.688804984
1585067938.132227 -446.150695801 -362.584960938 47.266784668 0.045577850 0.041730739 0.722231746 -0.688885033
1585067938.165227 -446.522918701 -362.568542480 47.284362793 0.045560956 0.041921463 0.722171068 -0.688938200
1585067938.198227 -446.904907227 -362.551849365 47.302352905 0.045519773 0.042165074 0.722128212 -0.688970923
1585067938.231227 -447.276550293 -362.535827637 47.320129395 0.045564983 0.042186957 0.722095430 -0.689001024
1585067938.264228 -447.647918701 -362.519989014 47.337760925 0.045586977 0.042144630 0.722060204 -0.689039052
1585067938.297228 -448.019012451 -362.504089355 47.355537415 0.045610189 0.042194679 0.722037673 -0.689058006
1585067938.330228 -448.400482178 -362.486968994 47.373458862 0.045686722 0.042257737 0.721975088 -0.689114690
1585067938.363228 -448.770568848 -362.471099854 47.391113281 0.045867592 0.042233624 0.721954823 -0.689125419
1585067938.396228 -449.140106201 -362.454986572 47.409030914 0.046204090 0.042023543 0.721920133 -0.689152122
1585067938.429228 -449.509063721 -362.439208984 47.427097321 0.046434611 0.041693464 0.721891284 -0.689186811
1585067938.462228 -449.890594482 -362.422760010 47.445381165 0.046587143 0.041313268 0.721853673 -0.689238846
1585067938.495228 -450.259552002 -362.407409668 47.463989258 0.046767265 0.040954813 0.721836984 -0.689265549
1585067938.528228 -450.627593994 -362.392059326 47.482795715 0.047017634 0.040565014 0.721827507 -0.689281404
1585067938.561228 -450.996063232 -362.376647949 47.501609802 0.047208011 0.040352710 0.721805334 -0.689304113
1585067938.594228 -451.377471924 -362.360321045 47.521217346 0.047514327 0.040065523 0.721757233 -0.689350188
1585067938.627228 -451.745788574 -362.345123291 47.540664673 0.047547996 0.039908580 0.721713185 -0.689403057
1585067938.660228 -452.114196777 -362.330017090 47.560462952 0.047430336 0.039877743 0.721684575 -0.689442933
1585067938.693228 -452.482391357 -362.314758301 47.580429077 0.047208369 0.040092818 0.721664548 -0.689466715
1585067938.726229 -452.865661621 -362.298645020 47.600109100 0.047028933 0.040294677 0.721653938 -0.689478278
1585067938.759229 -453.234039307 -362.283386230 47.620292664 0.046623562 0.040604725 0.721650481 -0.689491212
1585067938.792229 -453.602691650 -362.268066406 47.640235901 0.046255440 0.040954806 0.721642375 -0.689503789
1585067938.825229 -453.970642090 -362.252502441 47.659893036 0.045892775 0.041329514 0.721607029 -0.689542651
1585067938.858229 -454.354858398 -362.237121582 47.678489685 0.045516729 0.041686792 0.721553564 -0.689602017
1585067938.891229 -454.722381592 -362.221405029 47.697391510 0.045240313 0.042216387 0.721478403 -0.689666629
1585067938.924229 -455.089324951 -362.205261230 47.715843201 0.045056131 0.042726751 0.721391380 -0.689738274
1585067938.957229 -455.456481934 -362.189178467 47.734050751 0.044920798 0.043231726 0.721317470 -0.689792931
1585067938.990229 -455.840362549 -362.173736572 47.750495911 0.044969261 0.043643408 0.721190214 -0.689896941
1585067939.023229 -456.206024170 -362.158111572 47.767307281 0.045131892 0.043741040 0.721095443 -0.689979196
1585067939.056229 -456.570739746 -362.142944336 47.784049988 0.045334544 0.043706130 0.721012294 -0.690054953
1585067939.089230 -456.934906006 -362.127716064 47.801200867 0.045625415 0.043655876 0.720957458 -0.690096319
1585067939.122230 -457.316436768 -362.111999512 47.818710327 0.045861989 0.043433174 0.720904648 -0.690149784
1585067939.155230 -457.679290771 -362.097412109 47.836013794 0.046273313 0.043125328 0.720879495 -0.690167904
1585067939.188230 -458.041992188 -362.083190918 47.853599548 0.046786040 0.042661466 0.720842063 -0.690201283
1585067939.221230 -458.403778076 -362.069366455 47.870868683 0.047360443 0.041975547 0.720814645 -0.690232813
1585067939.254230 -458.785156250 -362.054565430 47.888648987 0.047567338 0.041415542 0.720717132 -0.690354168
1585067939.287230 -459.147155762 -362.041473389 47.907196045 0.047721926 0.040905748 0.720650256 -0.690443814
1585067939.320230 -459.509216309 -362.028442383 47.926296234 0.047691230 0.040699404 0.720526874 -0.690586865
1585067939.353230 -459.871429443 -362.015136719 47.945762634 0.047729552 0.040497683 0.720397592 -0.690730929
1585067939.386230 -460.254241943 -362.000457764 47.965904236 0.047809631 0.040629730 0.720222235 -0.690900445
1585067939.419230 -460.617340088 -361.987060547 47.985847473 0.047645532 0.040802792 0.720007718 -0.691125095
1585067939.452230 -460.980377197 -361.974487305 48.005584717 0.047319137 0.041019522 0.719813645 -0.691336870
1585067939.485231 -461.343353271 -361.962036133 48.025527954 0.046784755 0.041283868 0.719624579 -0.691554248
1585067939.518230 -461.725952148 -361.948730469 48.044937134 0.046186779 0.041517224 0.719431937 -0.691780984
1585067939.551231 -462.088317871 -361.937133789 48.064704895 0.045731068 0.041583870 0.719312251 -0.691931605
1585067939.584231 -462.450775146 -361.925292969 48.084281921 0.045215666 0.041767608 0.719188929 -0.692082644
1585067939.617231 -462.812103271 -361.913604736 48.103435516 0.045088619 0.041839346 0.719060779 -0.692219734
1585067939.650231 -463.193511963 -361.901885986 48.121551514 0.045046777 0.041819133 0.718843639 -0.692449152
1585067939.683231 -463.553924561 -361.890106201 48.139442444 0.045141306 0.041682675 0.718697727 -0.692602634
1585067939.716231 -463.924285889 -361.878448486 48.157485962 0.045317952 0.041501656 0.718550801 -0.692754447
1585067939.749231 -464.284210205 -361.867034912 48.175148010 0.045524571 0.041198339 0.718424380 -0.692890108
1585067939.782231 -464.644042969 -361.855651855 48.192863464 0.045740344 0.040880434 0.718313932 -0.693009257
1585067939.815231 -465.003967285 -361.844665527 48.210819244 0.045893610 0.040646244 0.718196273 -0.693134785
1585067939.848231 -465.383361816 -361.833435059 48.228767395 0.046102140 0.040324450 0.718036115 -0.693305671
1585067939.881231 -465.743499756 -361.822875977 48.247024536 0.046109885 0.040253736 0.717939734 -0.693409085
1585067939.914232 -466.103515625 -361.812194824 48.265411377 0.046080653 0.040215641 0.717861712 -0.693494022
1585067939.947232 -466.463958740 -361.801086426 48.284271240 0.045903239 0.040338114 0.717765510 -0.693598211
1585067939.980232 -466.844879150 -361.790100098 48.303833008 0.045690298 0.040416688 0.717698812 -0.693676710
1585067940.013232 -467.204833984 -361.779571533 48.322883606 0.045530945 0.040417217 0.717630148 -0.693758130
1585067940.046232 -467.564941406 -361.769256592 48.342048645 0.045301583 0.040471245 0.717590511 -0.693810999
1585067940.079232 -467.925018311 -361.759033203 48.361122131 0.045048922 0.040478878 0.717581272 -0.693836689
1585067940.112232 -468.305633545 -361.747528076 48.380577087 0.044918630 0.040429585 0.717555940 -0.693874180
1585067940.145232 -468.664855957 -361.737121582 48.399593353 0.044798166 0.040431764 0.717610896 -0.693824887
1585067940.178232 -469.023956299 -361.725891113 48.418205261 0.044876929 0.040418983 0.717697918 -0.693730533
1585067940.211232 -469.382751465 -361.714813232 48.436622620 0.045115650 0.040260568 0.717779279 -0.693640113
1585067940.244232 -469.742736816 -361.704833984 48.454700470 -0.045123577 -0.040120691 -0.717853427 0.693570971
1585067940.277232 -470.128936768 -361.691436768 48.473331451 0.045250952 0.040047687 0.717932343 -0.693485200
1585067940.310233 -470.487976074 -361.679870605 48.491424561 0.045472503 0.040195808 0.717974484 -0.693418562
1585067940.343232 -470.846801758 -361.667968750 48.509319305 0.045673694 0.040325921 0.718035936 -0.693334043
1585067940.376233 -471.206268311 -361.656524658 48.527465820 0.045740243 0.040465929 0.718082130 -0.693273723
1585067940.409233 -471.588653564 -361.641906738 48.545703888 0.045909941 0.040537849 0.718176603 -0.693160474
1585067940.442233 -471.947967529 -361.629943848 48.563980103 0.046027925 0.040636864 0.718210042 -0.693112195
1585067940.475233 -472.307434082 -361.618347168 48.582405090 0.045905527 0.040691886 0.718244612 -0.693081200
1585067940.508233 -472.666717529 -361.606445312 48.600872040 0.045852482 0.040904786 0.718290031 -0.693025231
1585067940.541233 -473.049468994 -361.591186523 48.619476318 0.045868486 0.041095868 0.718338490 -0.692962527
1585067940.574233 -473.408477783 -361.579040527 48.638313293 0.046089772 0.041019071 0.718398094 -0.692890644
1585067940.607233 -473.766937256 -361.566833496 48.657020569 0.046304673 0.040793262 0.718442917 -0.692843139
1585067940.640233 -474.125061035 -361.554901123 48.675842285 0.046628594 0.040435690 0.718485355 -0.692798316
1585067940.673234 -474.507659912 -361.540954590 48.694061279 0.046641797 0.040170796 0.718555987 -0.692739606
1585067940.706233 -474.866363525 -361.529357910 48.712829590 0.046701189 0.040004469 0.718593657 -0.692706168
1585067940.739233 -475.225250244 -361.517669678 48.731819153 0.046871185 0.039759930 0.718623996 -0.692677379
1585067940.772233 -475.583496094 -361.505798340 48.751155853 0.047059268 0.039555948 0.718627214 -0.692672849
1585067940.805234 -475.943328857 -361.494232178 48.770614624 -0.047250390 -0.039321803 -0.718629122 0.692671299
1585067940.838234 -476.331695557 -361.479064941 48.789047241 0.047274917 0.039029207 0.718609929 -0.692705989
1585067940.871234 -476.691436768 -361.468444824 48.809143066 0.046969108 0.038888372 0.718511939 -0.692836404
1585067940.904234 -477.051544189 -361.457336426 48.829406738 0.046623405 0.038853817 0.718413770 -0.692963481
1585067940.937234 -477.411712646 -361.446563721 48.849311829 0.046269413 0.038887687 0.718301296 -0.693101823
1585067940.970234 -477.771820068 -361.435699463 48.869190216 0.046135213 0.038904469 0.718201518 -0.693213224
1585067941.003234 -478.163452148 -361.421600342 48.887550354 0.045758456 0.039143175 0.718128324 -0.693300545
1585067941.036234 -478.524108887 -361.410522461 48.907585144 0.045459658 0.039324936 0.718057990 -0.693382800
1585067941.069234 -478.885223389 -361.399902344 48.927444458 0.044947803 0.039387852 0.718017876 -0.693454146
1585067941.102234 -479.245849609 -361.389648438 48.947299957 0.044444203 0.039473753 0.718005657 -0.693494380
1585067941.135234 -479.607391357 -361.378662109 48.966335297 -0.044089466 -0.039511636 -0.718021214 0.693498731
1585067941.168235 -479.999023438 -361.366577148 48.983539581 0.043803602 0.039430346 0.718148947 -0.693389297
1585067941.201235 -480.359527588 -361.355499268 49.002227783 0.043798178 0.039351854 0.718203366 -0.693337739
1585067941.234235 -480.719818115 -361.343963623 49.020973206 0.043811798 0.039494462 0.718196273 -0.693336070
1585067941.267235 -481.080169678 -361.332519531 49.039093018 0.044020053 0.039332796 0.718189895 -0.693338633
1585067941.300235 -481.440551758 -361.320770264 49.057281494 0.043982893 0.039313737 0.718184650 -0.693347573
1585067941.333235 -481.833709717 -361.308685303 49.073554993 0.044235021 0.039134141 0.718186259 -0.693340063
1585067941.366235 -482.194335938 -361.296752930 49.091751099 0.044184651 0.039170329 0.718173802 -0.693354130
1585067941.399235 -482.555145264 -361.284454346 49.110065460 0.044388503 0.039121956 0.718177617 -0.693339825
1585067941.432235 -482.915710449 -361.272186279 49.128463745 0.044489887 0.039086293 0.718193948 -0.693318427
1585067941.465235 -483.276489258 -361.259979248 49.147258759 0.044604179 0.038987540 0.718201220 -0.693309069
1585067941.498235 -483.671051025 -361.249542236 49.164722443 0.044563681 0.038886681 0.718259931 -0.693256497
1585067941.531235 -484.031829834 -361.237945557 49.183837891 0.044587042 0.038600512 0.718270242 -0.693260312
1585067941.564235 -484.392791748 -361.226531982 49.203033447 0.044490457 0.038277384 0.718308330 -0.693245053
1585067941.597235 -484.753723145 -361.215179443 49.222576141 0.044503327 0.038016591 0.718334734 -0.693231165
1585067941.630236 -485.116333008 -361.202056885 49.241420746 -0.044809014 -0.037827764 -0.718363166 0.693192363
1585067941.663236 -485.510467529 -361.193084717 49.260345459 0.044968460 0.037718911 0.718382657 -0.693167746
1585067941.696236 -485.872131348 -361.180908203 49.279605865 0.045055330 0.037428603 0.718400717 -0.693159103
1585067941.729236 -486.233978271 -361.169067383 49.299095154 0.044943452 0.037208252 0.718398213 -0.693180799
1585067941.762236 -486.596221924 -361.157684326 49.318794250 0.044550240 0.037057236 0.718419313 -0.693192422
1585067941.795236 -486.959594727 -361.146240234 49.338104248 -0.044186864 -0.036916330 -0.718488276 0.693151772
1585067941.828236 -487.355102539 -361.138763428 49.358512878 0.044072215 0.036816318 0.718557715 -0.693092406
1585067941.861236 -487.717834473 -361.126861572 49.378379822 0.044014096 0.036625143 0.718575358 -0.693087816
1585067941.894236 -488.080841064 -361.114746094 49.398044586 0.043822318 0.036690760 0.718571961 -0.693100095
1585067941.927236 -488.443847656 -361.102478027 49.417465210 0.043687075 0.036642469 0.718573809 -0.693109274
1585067941.960236 -488.776123047 -361.085540771 49.436031342 -0.043305635 -0.036756355 -0.718525887 0.693176866
1585067941.993237 -489.204589844 -361.083496094 49.456825256 0.043072402 0.036844566 0.718582273 -0.693128347
1585067942.026237 -489.568237305 -361.070983887 49.475990295 0.043001082 0.036851425 0.718604267 -0.693109512
1585067942.059237 -489.932098389 -361.058502197 49.495010376 0.042846974 0.036884721 0.718601525 -0.693120182
1585067942.092237 -490.296112061 -361.046142578 49.514022827 0.042543676 0.037025988 0.718597651 -0.693135321
1585067942.125237 -490.687316895 -361.038360596 49.532875061 0.042310808 0.037250508 0.718613803 -0.693120837
1585067942.158237 -491.051605225 -361.025939941 49.551803589 0.042097569 0.037575401 0.718626738 -0.693102837
1585067942.191237 -491.416137695 -361.013061523 49.570335388 0.042024195 0.037640758 0.718660831 -0.693068385
1585067942.224237 -491.780487061 -361.000427246 49.588787079 0.041987568 0.037677281 0.718662977 -0.693066478
1585067942.257237 -492.146423340 -360.986114502 49.606868744 -0.041943371 -0.037726115 -0.718720973 0.693006277
1585067942.290237 -492.543365479 -360.980346680 49.624980927 0.041747600 0.037955955 0.718726993 -0.692999363
1585067942.323237 -492.908325195 -360.966979980 49.642646790 0.041768458 0.038098998 0.718805552 -0.692908704
1585067942.356237 -493.273406982 -360.953063965 49.660308838 0.041854378 0.038157340 0.718892932 -0.692809641
1585067942.389237 -493.638641357 -360.939025879 49.678009033 0.041821837 0.038322367 0.718956888 -0.692736208
1585067942.422237 -494.030578613 -360.930938721 49.695476532 0.041936070 0.038602643 0.719009101 -0.692659497
1585067942.455238 -494.396759033 -360.916076660 49.712776184 0.041920032 0.039080683 0.719081104 -0.692558885
1585067942.488238 -494.763031006 -360.901214600 49.730056763 0.042002767 0.039424926 0.719149828 -0.692463040
1585067942.521238 -495.128631592 -360.885681152 49.747318268 0.042133898 0.039745584 0.719236970 -0.692346215
1585067942.554238 -495.494964600 -360.870971680 49.765144348 -0.042418417 -0.039797552 -0.719302654 0.692257583
1585067942.587238 -495.891723633 -360.863861084 49.782554626 0.042712331 0.039567322 0.719380975 -0.692171395
1585067942.620238 -496.256408691 -360.849395752 49.801372528 0.042950928 0.039166816 0.719442606 -0.692115307
1585067942.653238 -496.620758057 -360.835357666 49.819908142 0.043300208 0.038561672 0.719545186 -0.692020833
1585067942.686238 -496.984680176 -360.821014404 49.838203430 0.043947875 0.037765052 0.719638944 -0.691926479
1585067942.719238 -497.350189209 -360.808532715 49.856880188 -0.044692483 -0.036987264 -0.719804704 0.691748381
1585067942.752238 -497.745941162 -360.799560547 49.874744415 0.045299858 0.036274929 0.719900489 -0.691646934
1585067942.785238 -498.111145020 -360.785766602 49.894470215 0.045543045 0.035733446 0.719990969 -0.691564858
1585067942.818238 -498.477630615 -360.771545410 49.914833069 0.045505937 0.035569228 0.720052302 -0.691511929
1585067942.851238 -498.844604492 -360.757476807 49.935714722 0.045375824 0.035504721 0.720138669 -0.691433907
1585067942.884238 -499.237304688 -360.747894287 49.956100464 0.045099646 0.035442431 0.720264316 -0.691324294
1585067942.917238 -499.606109619 -360.734771729 49.977569580 0.044432160 0.035715234 0.720368922 -0.691244483
1585067942.950239 -499.974670410 -360.720947266 49.998992920 0.043749005 0.036037274 0.720484018 -0.691151381
1585067942.983239 -500.343536377 -360.707916260 50.020481110 0.042978819 0.036328580 0.720603168 -0.691060185
1585067943.016239 -500.737091064 -360.695831299 50.041175842 0.042331841 0.036752392 0.720687091 -0.690990150
1585067943.049239 -501.105895996 -360.681121826 50.061752319 0.042065740 0.036933955 0.720760167 -0.690920532
1585067943.082239 -501.474670410 -360.666625977 50.081531525 0.041872557 0.037051756 0.720805585 -0.690878570
1585067943.115239 -501.842987061 -360.651214600 50.100837708 0.041771561 0.037247468 0.720860362 -0.690816998
1585067943.148239 -502.235534668 -360.639282227 50.118476868 0.041897833 0.037420105 0.720976770 -0.690678596
1585067943.181239 -502.603942871 -360.623687744 50.136802673 0.041977227 0.037538968 0.721011221 -0.690631390
1585067943.214240 -502.972106934 -360.608154297 50.155029297 0.042212393 0.037521519 0.721054137 -0.690573096
1585067943.247239 -503.340423584 -360.592681885 50.173091888 0.042458352 0.037396424 0.721084654 -0.690532982
1585067943.280240 -503.711090088 -360.576385498 50.191783905 -0.042681213 -0.037357107 -0.721082389 0.690523684
1585067943.313240 -504.106872559 -360.565917969 50.207923889 0.042911652 0.037463408 0.721126258 -0.690457880
1585067943.346240 -504.476135254 -360.549774170 50.226413727 0.043015003 0.037594371 0.721115351 -0.690455616
1585067943.379240 -504.845977783 -360.534088135 50.245113373 0.043020070 0.037691228 0.721132398 -0.690432250
1585067943.412240 -505.215911865 -360.518066406 50.264015198 0.043084290 0.037711099 0.721142709 -0.690416396
1585067943.445240 -505.586914062 -360.502624512 50.282310486 -0.043048594 -0.037686203 -0.721135020 0.690428078
1585067943.478240 -505.983428955 -360.493530273 50.300243378 0.043037418 0.037556171 0.721198618 -0.690369427
1585067943.511240 -506.353637695 -360.478149414 50.319625854 0.042852461 0.037638996 0.721210659 -0.690363765
1585067943.544240 -506.724090576 -360.462341309 50.338722229 0.042883903 0.037643537 0.721228838 -0.690342665
1585067943.577240 -507.094116211 -360.446472168 50.358177185 0.042797267 0.037638158 0.721244633 -0.690331817
1585067943.610240 -507.465393066 -360.430664062 50.377376556 -0.042897403 -0.037401691 -0.721274257 0.690307558
1585067943.643240 -507.860778809 -360.421936035 50.395835876 0.043121133 0.037219375 0.721304953 -0.690271318
1585067943.676240 -508.231109619 -360.406311035 50.415069580 0.043160766 0.037057504 0.721299410 -0.690283418
1585067943.709241 -508.601379395 -360.390380859 50.434490204 0.043107927 0.036966208 0.721315026 -0.690275192
1585067943.742240 -508.971954346 -360.374572754 50.453742981 0.043001022 0.036981307 0.721321285 -0.690274477
1585067943.775241 -509.363708496 -360.364501953 50.472255707 0.043019533 0.036928397 0.721385002 -0.690209687
1585067943.808241 -509.734558105 -360.347961426 50.491867065 0.042907383 0.037086312 0.721389830 -0.690203130
1585067943.841241 -510.105285645 -360.331298828 50.511531830 0.043017894 0.037115104 0.721418440 -0.690164804
1585067943.874241 -510.476196289 -360.314697266 50.530982971 0.042906698 0.037351921 0.721403003 -0.690175056
1585067943.907241 -510.847900391 -360.297302246 50.550476074 -0.042774554 -0.037643906 -0.721377134 0.690194428
1585067943.940241 -511.243652344 -360.289550781 50.568412781 0.042798340 0.037822891 0.721421182 -0.690137148
1585067943.973241 -511.614196777 -360.272399902 50.587825775 0.042818248 0.037984874 0.721436620 -0.690110922
1585067944.006241 -511.984771729 -360.255493164 50.606994629 0.042904645 0.038141444 0.721418321 -0.690116048
1585067944.039242 -512.354980469 -360.238403320 50.626220703 0.043075919 0.038144074 0.721422553 -0.690100789
1585067944.072241 -512.727661133 -360.222290039 50.645050049 -0.043181837 -0.038360834 -0.721419036 0.690085888
1585067944.105242 -513.120605469 -360.212951660 50.662357330 0.043375164 0.038359590 0.721420527 -0.690072119
1585067944.138242 -513.491271973 -360.196166992 50.681331635 0.043479741 0.038448669 0.721417904 -0.690063357
1585067944.171242 -513.861572266 -360.179565430 50.700515747 0.043556303 0.038494103 0.721430182 -0.690043211
1585067944.204242 -514.231567383 -360.162963867 50.719841003 0.043723639 0.038443699 0.721432269 -0.690033197
1585067944.237242 -514.619934082 -360.151733398 50.738018036 0.043944597 0.038228523 0.721455932 -0.690006435
1585067944.270242 -514.989501953 -360.135681152 50.757377625 0.044119712 0.037989724 0.721443951 -0.690021038
1585067944.303242 -515.358459473 -360.118957520 50.777004242 0.044338193 0.037783645 0.721448362 -0.690013707
1585067944.336242 -515.727783203 -360.102539062 50.796566010 0.044456866 0.037586529 0.721461952 -0.690002501
1585067944.369242 -516.116821289 -360.091796875 50.815299988 0.044578016 0.037521515 0.721501589 -0.689956784
1585067944.402242 -516.486083984 -360.075683594 50.835334778 0.044687625 0.037399109 0.721496999 -0.689961195
1585067944.435242 -516.855224609 -360.059570312 50.855911255 0.044701308 0.037291128 0.721498251 -0.689964890
1585067944.468242 -517.224243164 -360.043579102 50.876518250 0.044614971 0.037246082 0.721512556 -0.689957976
1585067944.501242 -517.614379883 -360.032165527 50.894691467 0.044581383 0.037253480 0.721514225 -0.689957857
1585067944.534243 -517.984008789 -360.016906738 50.915603638 0.044355098 0.037313506 0.721485317 -0.689999521
1585067944.567242 -518.353271484 -360.001770020 50.936447144 0.044109702 0.037357263 0.721413970 -0.690087438
1585067944.600243 -518.722534180 -359.986572266 50.956893921 0.044030428 0.037503019 0.721300840 -0.690202892
1585067944.633243 -519.111572266 -359.973571777 50.975570679 0.044204414 0.037419219 0.721240997 -0.690258861
1585067944.666243 -519.480834961 -359.958374023 50.995578766 0.044316109 0.037613656 0.721014917 -0.690477252
1585067944.699243 -519.849487305 -359.943176270 51.015640259 0.044503625 0.037783392 0.720724881 -0.690758646
1585067944.732243 -520.218139648 -359.928588867 51.035881042 0.044574112 0.037999120 0.720406532 -0.691074312
1585067944.765243 -520.607299805 -359.915222168 51.053550720 0.044409543 0.038102165 0.720040679 -0.691460431
1585067944.798243 -520.976379395 -359.901123047 51.073501587 0.044353034 0.038312893 0.719687104 -0.691820383
1585067944.831243 -521.344848633 -359.888183594 51.093395233 0.044226464 0.038418207 0.719342530 -0.692180932
1585067944.864243 -521.713439941 -359.875610352 51.113357544 0.044052869 0.038433135 0.719041824 -0.692503572
1585067944.897243 -522.102172852 -359.864562988 51.131290436 0.043682009 0.038361490 0.718846679 -0.692733526
1585067944.930243 -522.470703125 -359.853820801 51.151626587 0.043317374 0.038167924 0.718659341 -0.692961454
1585067944.963243 -522.839050293 -359.843017578 51.171798706 0.042960376 0.038066294 0.718508899 -0.693145275
1585067944.996244 -523.206848145 -359.832824707 51.191818237 0.042736650 0.037811637 0.718421578 -0.693263590
1585067945.029244 -523.593139648 -359.822509766 51.208679199 0.042452667 0.037598770 0.718294799 -0.693423927
1585067945.062244 -523.960937500 -359.812561035 51.228141785 0.042106483 0.037548851 0.718230665 -0.693514228
1585067945.095244 -524.328002930 -359.802612305 51.247707367 0.041759159 0.037442662 0.718189895 -0.693583071
1585067945.128244 -524.695312500 -359.792419434 51.267242432 0.041405082 0.037395883 0.718158603 -0.693639338
1585067945.161244 -525.081665039 -359.782409668 51.283203125 0.040876508 0.037612647 0.718121588 -0.693697214
1585067945.194244 -525.449096680 -359.771850586 51.302101135 0.040479362 0.037837993 0.718104005 -0.693726540
1585067945.227244 -525.815673828 -359.761108398 51.321079254 0.040098608 0.038028486 0.718150020 -0.693690538
1585067945.260244 -526.182006836 -359.750366211 51.339668274 0.039725631 0.038199406 0.718225241 -0.693624675
1585067945.293244 -526.566650391 -359.739135742 51.355506897 0.039353579 0.038318370 0.718380094 -0.693479002
1585067945.326244 -526.931640625 -359.728393555 51.373710632 0.039274037 0.038127907 0.718540370 -0.693327963
1585067945.359245 -527.296020508 -359.717407227 51.391883850 0.039123982 0.038044136 0.718679905 -0.693196356
1585067945.392245 -527.659301758 -359.705505371 51.409767151 0.039335519 0.037864652 0.718838096 -0.693030119
1585067945.425245 -528.041076660 -359.693176270 51.425437927 0.039659798 0.037653707 0.719061375 -0.692791462
1585067945.458245 -528.403320312 -359.680480957 51.443012238 0.040077563 0.037357312 0.719203234 -0.692636192
1585067945.491245 -528.764892578 -359.667968750 51.460494995 0.040507019 0.036872972 0.719372749 -0.692461133
1585067945.524245 -529.125732422 -359.655151367 51.478496552 0.040840179 0.036378093 0.719549298 -0.692284226
1585067945.557245 -529.506225586 -359.642639160 51.495025635 0.041099790 0.036090020 0.719655454 -0.692173719
1585067945.590245 -529.867309570 -359.630249023 51.513916016 0.041270405 0.035819519 0.719817996 -0.692008495
1585067945.623245 -530.228149414 -359.617553711 51.533317566 0.041329715 0.035505440 0.719984949 -0.691847503
1585067945.656245 -530.589111328 -359.605041504 51.552879333 0.041200012 0.035364330 0.720144272 -0.691696644
1585067945.689245 -530.951721191 -359.590942383 51.571376801 0.040972356 0.035217945 0.720321655 -0.691532910
1585067945.722245 -531.312194824 -359.578674316 51.591358185 0.040594015 0.035052758 0.720483422 -0.691395104
1585067945.755245 -531.672058105 -359.566284180 51.611396790 0.040300727 0.034820862 0.720678389 -0.691220641
1585067945.788245 -532.031799316 -359.553527832 51.631496429 0.040068656 0.034759898 0.720833540 -0.691075444
1585067945.821245 -532.429077148 -359.539855957 51.649318695 0.039956331 0.034694489 0.720932722 -0.690981865
1585067945.854246 -532.787780762 -359.526611328 51.668834686 0.039852466 0.034468424 0.721126437 -0.690796971
1585067945.887246 -533.145996094 -359.513488770 51.688339233 0.039798200 0.034130830 0.721296310 -0.690639496
1585067945.920246 -533.503845215 -359.500183105 51.707565308 0.039649811 0.033821661 0.721467912 -0.690483987
1585067945.953246 -533.882568359 -359.485839844 51.725944519 0.039665580 0.033382680 0.721541524 -0.690427482
1585067945.986246 -534.239624023 -359.472473145 51.744930267 0.039610919 0.032988444 0.721671343 -0.690313876
1585067946.019246 -534.596435547 -359.458190918 51.763931274 0.039677706 0.032590631 0.721787095 -0.690207899
1585067946.052246 -534.953002930 -359.444335938 51.783306122 0.039633274 0.032221243 0.721878290 -0.690132499
1585067946.085246 -535.331542969 -359.430114746 51.801910400 0.039827317 0.031899795 0.721921504 -0.690091014
1585067946.118246 -535.687255859 -359.415527344 51.821666718 0.040027764 0.031561855 0.721958458 -0.690056264
1585067946.151246 -536.043334961 -359.400390625 51.841659546 0.040117886 0.031323273 0.721976697 -0.690042853
1585067946.184247 -536.399047852 -359.385375977 51.861373901 0.040352460 0.031128090 0.721956015 -0.690059602
1585067946.217247 -536.778442383 -359.370483398 51.879417419 0.040572707 0.031210324 0.721989810 -0.690007627
1585067946.250247 -537.134033203 -359.355468750 51.899848938 0.040686786 0.031068098 0.721897066 -0.690104365
1585067946.283247 -537.489624023 -359.341369629 51.920394897 0.040691584 0.030967286 0.721793294 -0.690217137
1585067946.316247 -537.844848633 -359.327270508 51.941238403 0.040635645 0.030789720 0.721657753 -0.690370083
1585067946.349247 -538.225097656 -359.313171387 51.960464478 0.040425748 0.030657906 0.721445143 -0.690610528
1585067946.382247 -538.580444336 -359.299743652 51.981758118 0.040286269 0.030409405 0.721230447 -0.690853834
1585067946.415247 -538.935791016 -359.286804199 52.003120422 0.040198144 0.030190414 0.720981300 -0.691128552
1585067946.448247 -539.290832520 -359.274169922 52.024284363 0.040081795 0.030085376 0.720678627 -0.691455483
1585067946.481247 -539.671020508 -359.261108398 52.042701721 0.040016383 0.030044565 0.720429301 -0.691720843
1585067946.514247 -540.025939941 -359.249572754 52.063613892 0.039945185 0.029818423 0.720135272 -0.692040861
1585067946.547247 -540.381042480 -359.238464355 52.084461212 0.039719701 0.029628677 0.719827354 -0.692382216
1585067946.580247 -540.735839844 -359.227905273 52.105636597 0.039470494 0.029446891 0.719502747 -0.692741513
1585067946.613247 -541.117797852 -359.215698242 52.124958038 0.039415125 0.029482510 0.719206512 -0.693050683
1585067946.646247 -541.472839355 -359.206054688 52.145927429 0.039205641 0.029456323 0.718813598 -0.693471193
1585067946.679248 -541.827758789 -359.196228027 52.166656494 0.038980246 0.029485883 0.718386233 -0.693925321
1585067946.712248 -542.182617188 -359.187072754 52.187606812 0.038798571 0.029493634 0.717907786 -0.694430172
1585067946.745248 -542.565795898 -359.176940918 52.206386566 0.038618356 0.029401256 0.717410207 -0.694958091
1585067946.778248 -542.920288086 -359.169616699 52.227134705 0.038380414 0.029223384 0.716846704 -0.695560038
1585067946.811248 -543.274536133 -359.162292480 52.247680664 0.038266804 0.029145598 0.716234803 -0.696199596
1585067946.844248 -543.628540039 -359.155578613 52.268302917 0.038178831 0.029154744 0.715565860 -0.696891665
1585067946.877248 -544.013061523 -359.147216797 52.287261963 0.038296759 0.029205356 0.714831352 -0.697636366
1585067946.910248 -544.367309570 -359.141418457 52.307853699 0.038366348 0.029165793 0.714102566 -0.698380291
1585067946.943248 -544.721069336 -359.136596680 52.328384399 0.038438614 0.029081630 0.713324964 -0.699173987
1585067946.976248 -545.074707031 -359.133056641 52.349029541 0.038491696 0.028904336 0.712526262 -0.699992418
1585067947.009248 -545.460327148 -359.128417969 52.368301392 0.038671643 0.028980134 0.711668134 -0.700851798
1585067947.042248 -545.813903809 -359.127197266 52.389289856 0.038717747 0.028725587 0.710794449 -0.701745808
1585067947.075249 -546.166625977 -359.126831055 52.410427094 0.038676526 0.028475905 0.709825397 -0.702738345
1585067947.108248 -546.519348145 -359.128295898 52.431640625 0.038751841 0.028030470 0.708907008 -0.703678608
1585067947.141249 -546.905761719 -359.127807617 52.451599121 0.038950507 0.027591938 0.707919776 -0.704678118
1585067947.174249 -547.258666992 -359.131958008 52.473152161 0.038717180 0.027184622 0.706956148 -0.705673516
1585067947.207249 -547.611999512 -359.136779785 52.494853973 0.038537681 0.026878871 0.705972672 -0.706678867
1585067947.240249 -547.964904785 -359.142822266 52.516654968 0.038297210 0.026702017 0.704971850 -0.707697034
1585067947.273249 -548.352783203 -359.147094727 52.536254883 -0.038216565 -0.026569594 -0.703930080 0.708742559
1585067947.306249 -548.706298828 -359.154846191 52.557964325 -0.037886113 -0.026530171 -0.702874422 0.709808648
1585067947.339249 -549.060241699 -359.163818359 52.579780579 -0.037613869 -0.026433188 -0.701825500 0.710863948
1585067947.372249 -549.413696289 -359.174133301 52.601676941 -0.037023548 -0.026355986 -0.700786293 0.711922228
1585067947.405249 -549.803466797 -359.183410645 52.622463226 -0.036397640 -0.026549840 -0.699712574 0.713002622
1585067947.438250 -550.157226562 -359.196533203 52.644493103 -0.036002275 -0.026368119 -0.698650599 0.714069963
1585067947.471249 -550.510131836 -359.210510254 52.666419983 -0.035706971 -0.026154703 -0.697557449 0.715160608
1585067947.504250 -550.862976074 -359.225585938 52.688102722 -0.035674691 -0.025788886 -0.696442723 0.716261029
1585067947.537250 -551.251525879 -359.238281250 52.708007812 -0.035675883 -0.025714075 -0.695264637 0.717407227
1585067947.570250 -551.603820801 -359.255371094 52.729347229 -0.035705209 -0.025377018 -0.694081485 0.718562484
1585067947.603250 -551.955566406 -359.273925781 52.750835419 -0.035702527 -0.025042772 -0.692860663 0.719751596
1585067947.636250 -552.307495117 -359.293884277 52.771865845 -0.035737246 -0.024712604 -0.691635370 0.720938802
1585067947.669250 -552.697998047 -359.311462402 52.791309357 -0.035540193 -0.024509395 -0.690421522 0.722117901
1585067947.702250 -553.050354004 -359.334045410 52.812892914 -0.035274923 -0.024353858 -0.689186752 0.723314762
1585067947.735250 -553.403381348 -359.357238770 52.834335327 -0.035113458 -0.024447493 -0.687964141 0.724482477
1585067947.768250 -553.785827637 -359.379089355 52.854499817 -0.034923226 -0.024935268 -0.686683834 0.725688577
1585067947.834250 -554.492858887 -359.431884766 52.898120880 -0.033954527 -0.025666425 -0.684240282 0.728013456
1585067947.867250 -554.846313477 -359.459838867 52.919464111 -0.033524394 -0.025984038 -0.682995677 0.729189992
1585067947.900251 -555.240051270 -359.486694336 52.938953400 -0.033177439 -0.026611624 -0.681537688 0.730546057
1585067947.933251 -555.593017578 -359.517272949 52.959335327 -0.032841504 -0.026943346 -0.680227041 0.731769562
1585067947.966251 -555.945556641 -359.548706055 52.979625702 -0.032753825 -0.027230801 -0.678879738 0.733012915
1585067947.999251 -556.297546387 -359.581848145 52.999687195 -0.032518297 -0.027587742 -0.677437067 0.734343529
1585067948.032251 -556.692077637 -359.614624023 53.019050598 -0.032748818 -0.027825333 -0.675842345 0.735792398
1585067948.065251 -557.043823242 -359.650329590 53.038684845 -0.032896426 -0.027969433 -0.674339175 0.737158239
1585067948.098251 -557.394775391 -359.687072754 53.058166504 -0.033288538 -0.027964866 -0.672860503 0.738490820
1585067948.131251 -557.745849609 -359.726745605 53.077323914 -0.033773955 -0.027824659 -0.671365559 0.739833355
1585067948.164251 -558.139648438 -359.763793945 53.096088409 -0.034113411 -0.027881144 -0.669737160 0.741290152
1585067948.197251 -558.490173340 -359.805847168 53.115543365 -0.034404963 -0.027748723 -0.668255448 0.742617667
1585067948.230251 -558.840087891 -359.849792480 53.135223389 -0.034617662 -0.027582148 -0.666787863 0.743931949
1585067948.263252 -559.190185547 -359.894836426 53.155685425 -0.034853611 -0.027321139 -0.665365219 0.745203316
1585067948.296251 -559.584960938 -359.937683105 53.176239014 -0.034971237 -0.027266968 -0.663916588 0.746490598
1585067948.329252 -559.934997559 -359.985412598 53.197547913 -0.035380870 -0.027094588 -0.662509441 0.747726798
1585067948.362252 -560.285034180 -360.034606934 53.219078064 -0.035781920 -0.027040845 -0.661062479 0.748989224
1585067948.395252 -560.635742188 -360.084655762 53.240119934 -0.036008388 -0.026999898 -0.659631491 0.750240445
1585067948.428252 -561.030761719 -360.133239746 53.262184143 -0.036051959 -0.026847258 -0.658218324 0.751483977
1585067948.461252 -561.380126953 -360.186706543 53.284156799 -0.036238935 -0.026625330 -0.656795204 0.752726912
1585067948.494252 -561.729675293 -360.242187500 53.306449890 -0.036373585 -0.026308415 -0.655360103 0.753981471
1585067948.527252 -562.079589844 -360.300476074 53.329643250 -0.036218014 -0.026079183 -0.653839886 0.755315483
1585067948.560252 -562.475402832 -360.353088379 53.352237701 -0.036284536 -0.026265841 -0.652305007 0.756631851
1585067948.593252 -562.836181641 -360.411071777 53.375579834 -0.036415786 -0.026317725 -0.650758386 0.757954419
1585067948.626252 -563.184692383 -360.472229004 53.399139404 -0.036921918 -0.025876723 -0.649258196 0.759230614
1585067948.659252 -563.532226562 -360.534790039 53.423221588 -0.037379324 -0.025305182 -0.647757173 0.760508537
1585067948.692252 -563.879394531 -360.599487305 53.447544098 -0.037409425 -0.024714600 -0.646252930 0.761805058
1585067948.725253 -564.274230957 -360.661499023 53.472015381 -0.037216991 -0.024211967 -0.644682705 0.763159871
1585067948.758253 -564.620544434 -360.729675293 53.496711731 -0.037416335 -0.023400133 -0.643290818 0.764348984
1585067948.791253 -564.966186523 -360.798461914 53.521701813 -0.038071841 -0.022660753 -0.641912818 0.765496612
1585067948.824253 -565.312011719 -360.868041992 53.546951294 -0.039055616 -0.021971576 -0.640515804 0.766636491
1585067948.857253 -565.707275391 -360.934997559 53.572879791 -0.039405555 -0.021750905 -0.638877034 0.767991066
1585067948.890253 -566.054199219 -361.008666992 53.598899841 -0.039136678 -0.021550447 -0.637403727 0.769233704
1585067948.923253 -566.401306152 -361.083862305 53.625316620 -0.038613439 -0.021466935 -0.635913610 0.770494759
1585067948.956253 -566.748291016 -361.160583496 53.651901245 -0.038255185 -0.021356342 -0.634364009 0.771791995
1585067948.989253 -567.145141602 -361.233673096 53.680366516 -0.038026962 -0.021494003 -0.632516325 0.773314416
1585067949.022253 -567.492797852 -361.312469482 53.707302094 -0.037720770 -0.021850828 -0.630815864 0.774707139
1585067949.055253 -567.840759277 -361.392272949 53.734268188 -0.037421256 -0.022506423 -0.629034162 0.776150286
1585067949.088253 -568.187988281 -361.473114014 53.760845184 -0.037007868 -0.023283485 -0.627176523 0.777648985
1585067949.121253 -568.584045410 -361.552734375 53.788768768 -0.036577314 -0.023902453 -0.625288904 0.779169202
1585067949.154253 -568.930664062 -361.637451172 53.814289093 -0.036576360 -0.024118375 -0.623470426 0.780618429
1585067949.187253 -569.276367188 -361.723815918 53.839447021 -0.036464989 -0.024319228 -0.621676505 0.782046914
1585067949.220254 -569.621093750 -361.812225342 53.864448547 -0.036496520 -0.024300709 -0.619883299 0.783468127
1585067949.253254 -570.014892578 -361.900299072 53.891323090 -0.036467969 -0.024259381 -0.618046999 0.784920096
1585067949.286254 -570.358520508 -361.993011475 53.915473938 -0.036326792 -0.024121687 -0.616246581 0.786345124
1585067949.319254 -570.701477051 -362.087768555 53.939731598 -0.036128636 -0.023839373 -0.614437997 0.787776828
1585067949.352254 -571.043823242 -362.183776855 53.964294434 -0.036228240 -0.023448821 -0.612625897 0.789194047
1585067949.385254 -571.437194824 -362.277923584 53.992389679 -0.036738157 -0.023337174 -0.610756457 0.790621519
1585067949.418254 -571.779174805 -362.375671387 54.017478943 -0.036967427 -0.023511102 -0.608861983 0.792065561
1585067949.451254 -572.119995117 -362.474731445 54.042877197 -0.037750244 -0.023437176 -0.607024550 0.793439925
1585067949.484254 -572.462707520 -362.574707031 54.068969727 -0.037938979 -0.023531865 -0.605063021 0.794924915
1585067949.517254 -572.853942871 -362.677307129 54.097640991 -0.038256291 -0.023431679 -0.603178799 0.796343446
1585067949.550255 -573.194396973 -362.781951904 54.124023438 -0.038410693 -0.023321727 -0.601238489 0.797805130
1585067949.583255 -573.534179688 -362.888641357 54.150527954 -0.038502991 -0.023274697 -0.599327683 0.799238503
1585067949.616255 -573.875671387 -362.996337891 54.178642273 -0.038546890 -0.023419740 -0.597299218 0.800749302
1585067949.649255 -574.265563965 -363.106597900 54.208171844 -0.038615111 -0.023656255 -0.595282733 0.802239239
1585067949.682255 -574.605041504 -363.218383789 54.235889435 -0.038676176 -0.023837464 -0.593275607 0.803716421
1585067949.715255 -574.944091797 -363.332794189 54.263595581 -0.038257301 -0.023974134 -0.591205478 0.805256367
1585067949.748255 -575.284057617 -363.448699951 54.290626526 -0.037907694 -0.023702327 -0.589198530 0.806750536
1585067949.781255 -575.671447754 -363.569305420 54.320854187 -0.037434105 -0.023724476 -0.587115109 0.808289409
1585067949.814255 -576.008544922 -363.690185547 54.348075867 -0.036965519 -0.023441559 -0.585124731 0.809761167
1585067949.847255 -576.345031738 -363.812713623 54.375247955 -0.036674291 -0.023153294 -0.583125472 0.811223507
1585067949.880255 -576.681579590 -363.937591553 54.402809143 -0.036483679 -0.022794977 -0.581150413 0.812658370
1585067949.913255 -577.066101074 -364.064178467 54.433021545 -0.036315534 -0.022740783 -0.579052389 0.814163625
1585067949.946255 -577.399902344 -364.192047119 54.460556030 -0.036268029 -0.022258783 -0.577070713 0.815584838
1585067949.979255 -577.732604980 -364.321777344 54.487800598 -0.036495030 -0.021581098 -0.575102627 0.816981852
1585067950.012255 -578.067016602 -364.451599121 54.515964508 -0.036760449 -0.021122435 -0.573091626 0.818393886
1585067950.045256 -578.447814941 -364.586181641 54.545600891 -0.036835968 -0.020639747 -0.570948422 0.819899440
1585067950.078256 -578.779357910 -364.720825195 54.573326111 -0.037097003 -0.020084647 -0.568910778 0.821316600
1585067950.111256 -579.110168457 -364.857055664 54.601547241 -0.037313130 -0.019585865 -0.566827238 0.822758138
1585067950.144256 -579.478942871 -364.996459961 54.631240845 -0.037159029 -0.019226147 -0.564574480 0.824321091
1585067950.177256 -579.809692383 -365.136474609 54.660083771 -0.036861777 -0.018955069 -0.562437415 0.825800300
1585067950.210256 -580.140258789 -365.278015137 54.689247131 -0.036476433 -0.019068260 -0.560361803 0.827224612
1585067950.243256 -580.509155273 -365.422241211 54.719787598 -0.035961211 -0.019857669 -0.558172822 0.828707218
1585067950.276256 -580.838989258 -365.566802979 54.749404907 -0.035394520 -0.019911287 -0.556127548 0.830104232
1585067950.309256 -581.168090820 -365.713256836 54.778892517 -0.034833815 -0.019955086 -0.554105580 0.831477821
1585067950.342256 -581.534362793 -365.865081787 54.809371948 -0.034222275 -0.020144718 -0.551973462 0.832915545
1585067950.375256 -581.861450195 -366.015228271 54.838390350 -0.033555001 -0.019863505 -0.550027370 0.834235847
1585067950.408257 -582.186645508 -366.167388916 54.867485046 -0.032980174 -0.019528642 -0.548137069 0.835509837
1585067950.441257 -582.513427734 -366.319458008 54.896614075 -0.032672107 -0.019281674 -0.546196401 0.836797595
1585067950.474257 -582.884338379 -366.479003906 54.926147461 -0.032944292 -0.018778164 -0.544161439 0.838123202
1585067950.507257 -583.206665039 -366.634185791 54.954246521 -0.033496708 -0.018078640 -0.542192578 0.839391708
1585067950.540257 -583.527954102 -366.790618896 54.982578278 -0.033686936 -0.017515510 -0.540232301 0.840659022
1585067950.573257 -583.885192871 -366.953247070 55.011718750 -0.033798128 -0.017126450 -0.538091063 0.842034698
1585067950.606257 -584.205322266 -367.113311768 55.039764404 -0.033882201 -0.016504724 -0.536171794 0.843267143
1585067950.639257 -584.524902344 -367.275543213 55.068649292 -0.033837259 -0.015894080 -0.534252048 0.844498277
1585067950.672257 -584.843383789 -367.438873291 55.097953796 -0.033745021 -0.015363378 -0.532367289 0.845701098
1585067950.705257 -585.208862305 -367.609283447 55.129356384 -0.033504814 -0.015126025 -0.530361116 0.846974432
1585067950.738257 -585.526977539 -367.775939941 55.159423828 -0.033030927 -0.014976995 -0.528517246 0.848147511
1585067950.771257 -585.844177246 -367.943511963 55.189456940 -0.032439921 -0.015122324 -0.526661515 0.849321306
1585067950.804258 -586.196411133 -368.116210938 55.221168518 -0.031984512 -0.015197917 -0.524695098 0.850553453
1585067950.837257 -586.511840820 -368.286529541 55.251335144 -0.031640798 -0.015128072 -0.522841334 0.851708293
1585067950.870258 -586.826171875 -368.458312988 55.281364441 -0.031193016 -0.014987666 -0.520982444 0.852865577
1585067950.903258 -587.174255371 -368.635101318 55.312187195 -0.030960470 -0.015038028 -0.518970966 0.854098618
1585067950.936258 -587.487060547 -368.808868408 55.341857910 -0.030742494 -0.014928113 -0.517083526 0.855252445
1585067950.969258 -587.798156738 -368.984069824 55.371379852 -0.030556023 -0.014707860 -0.515201271 0.856398106
1585067951.002258 -588.141113281 -369.165466309 55.401557922 -0.030600578 -0.014757549 -0.513178468 0.857609272
1585067951.035258 -588.450622559 -369.342132568 55.430419922 -0.030879645 -0.014571909 -0.511262715 0.858745992
1585067951.068258 -588.758361816 -369.519622803 55.459545135 -0.031108676 -0.014333318 -0.509290159 0.859913051
1585067951.101258 -589.098083496 -369.705932617 55.489200592 -0.031252325 -0.014450477 -0.507161617 0.861162961
1585067951.134258 -589.404907227 -369.886260986 55.518104553 -0.031480636 -0.014469660 -0.505203366 0.862304568
1585067951.167258 -589.710449219 -370.067443848 55.547195435 -0.031651136 -0.014523257 -0.503259301 0.863433480
1585067951.200258 -590.016967773 -370.250579834 55.577568054 -0.031790346 -0.014453879 -0.501270056 0.864585996
1585067951.233258 -590.361267090 -370.444946289 55.606922150 -0.031702161 -0.014408514 -0.499284863 0.865737915
1585067951.266259 -590.663513184 -370.631256104 55.637065887 -0.031726778 -0.014149387 -0.497407675 0.866821170
1585067951.299259 -590.964904785 -370.819244385 55.667247772 -0.031472296 -0.014012976 -0.495503038 0.867922783
1585067951.332259 -591.296813965 -371.015167236 55.697608948 -0.031476408 -0.013938473 -0.493586481 0.869015217
1585067951.365259 -591.596374512 -371.205261230 55.728046417 -0.031550944 -0.013809793 -0.491669208 0.870100796
1585067951.398259 -591.894775391 -371.396575928 55.758571625 -0.031688657 -0.013685581 -0.489697307 0.871208966
1585067951.431259 -592.221923828 -371.595245361 55.789073944 -0.032156646 -0.013710080 -0.487590194 0.872372508
1585067951.464259 -592.518432617 -371.788604736 55.819820404 -0.032253861 -0.013370428 -0.485625088 0.873469710
1585067951.497259 -592.813537598 -371.983001709 55.850616455 -0.032651305 -0.012953608 -0.483634770 0.874564826
1585067951.530259 -593.108947754 -372.178131104 55.881813049 -0.033178777 -0.012934275 -0.481665611 0.875631273
1585067951.563259 -593.440612793 -372.384704590 55.912727356 -0.033443898 -0.013028106 -0.479635715 0.876733422
1585067951.596259 -593.733520508 -372.582794189 55.943370819 -0.033640202 -0.013015072 -0.477713674 0.877774835
1585067951.629260 -594.025512695 -372.782531738 55.974670410 -0.033785488 -0.012972363 -0.475781679 0.878818572
1585067951.662259 -594.318786621 -372.983612061 56.005332947 -0.033676531 -0.012998354 -0.473736942 0.879926264
1585067951.695260 -594.645935059 -373.196685791 56.038200378 -0.033372909 -0.012966422 -0.471676946 0.881044328
1585067951.728260 -594.934814453 -373.401794434 56.070102692 -0.033068743 -0.012728349 -0.469716698 0.882105827
1585067951.761260 -595.222717285 -373.607208252 56.102081299 -0.032855570 -0.012679728 -0.467713088 0.883178532
1585067951.794260 -595.512207031 -373.812500000 56.133483887 -0.032728463 -0.012559691 -0.465611368 0.884294808
1585067951.827260 -595.833435059 -374.032379150 56.166664124 -0.032568786 -0.012475903 -0.463600904 0.885357499
1585067951.860260 -596.118469238 -374.241027832 56.197998047 -0.032602910 -0.012279065 -0.461545706 0.886432111
1585067951.893260 -596.401306152 -374.451141357 56.229297638 -0.032660693 -0.011887755 -0.459557891 0.887467444
1585067951.926260 -596.710937500 -374.671905518 56.261550903 -0.032823358 -0.011683917 -0.457451612 0.888551772
1585067951.959260 -596.992492676 -374.884857178 56.292495728 -0.032907367 -0.011300078 -0.455489874 0.889560819
1585067951.992260 -597.272766113 -375.099304199 56.323593140 -0.032802254 -0.010935554 -0.453510851 0.890579820
1585067952.025260 -597.578552246 -375.324798584 56.356204987 -0.032509629 -0.010927848 -0.451448172 0.891637981
1585067952.058260 -597.857727051 -375.542449951 56.387458801 -0.032317519 -0.010702852 -0.449462414 0.892650366
1585067952.091260 -598.135559082 -375.760986328 56.418441772 -0.032087475 -0.010484891 -0.447441578 0.893675923
1585067952.124261 -598.438293457 -375.990112305 56.451915741 -0.031718884 -0.010614301 -0.445459515 0.894677103
1585067952.157261 -598.714477539 -376.211700439 56.483261108 -0.031235248 -0.010366820 -0.443495303 0.895672321
1585067952.190261 -598.989929199 -376.434387207 56.514507294 -0.030836968 -0.010243734 -0.441525370 0.896660209
1585067952.223261 -599.289306641 -376.666931152 56.547943115 -0.030473918 -0.010458179 -0.439563900 0.897633314
1585067952.256261 -599.563232422 -376.891326904 56.579006195 -0.030324187 -0.010384002 -0.437658429 0.898569822
1585067952.289261 -599.835205078 -377.116180420 56.610122681 -0.030484883 -0.010212542 -0.435796112 0.899471045
1585067952.322261 -600.130554199 -377.351348877 56.643386841 -0.030652493 -0.010225412 -0.433812946 0.900423408
1585067952.355261 -600.401550293 -377.578399658 56.674308777 -0.031006156 -0.010170260 -0.431902856 0.901329696
1585067952.388261 -600.670898438 -377.806091309 56.705238342 -0.031334251 -0.010050169 -0.429996729 0.902230620
1585067952.421261 -600.940856934 -378.034942627 56.735778809 -0.031741440 -0.009974298 -0.428039551 0.903147459
1585067952.454262 -601.238525391 -378.275817871 56.769409180 -0.032081574 -0.010246295 -0.426020205 0.904086649
1585067952.487262 -601.505981445 -378.506835938 56.800048828 -0.032459911 -0.010554385 -0.424062252 0.904989600
1585067952.520262 -601.772399902 -378.738647461 56.831439972 -0.032777514 -0.010825346 -0.422111630 0.905886412
1585067952.553262 -602.061096191 -378.980010986 56.865600586 -0.033022970 -0.011154913 -0.420024425 0.906843185
1585067952.586262 -602.325805664 -379.214782715 56.897426605 -0.033231556 -0.011311000 -0.418076962 0.907733142
1585067952.619262 -602.589172363 -379.450988770 56.929885864 -0.033331182 -0.011336095 -0.416118354 0.908628702
1585067952.652262 -602.852905273 -379.688354492 56.962978363 -0.033345219 -0.011265558 -0.414159209 0.909523726
1585067952.685262 -603.141906738 -379.937194824 56.998577118 -0.033320218 -0.011420742 -0.412213951 0.910405993
1585067952.718262 -603.402160645 -380.177001953 57.031044006 -0.033448245 -0.011461355 -0.410298377 0.911265671
1585067952.751262 -603.661437988 -380.418457031 57.063747406 -0.033620860 -0.011337568 -0.408386111 0.912119448
1585067952.784262 -603.920410156 -380.661682129 57.096107483 -0.033706933 -0.011203861 -0.406429559 0.912991464
1585067952.817262 -604.205017090 -380.914367676 57.132362366 -0.033498466 -0.011159316 -0.404364318 0.913916230
1585067952.850262 -604.460571289 -381.159576416 57.165256500 -0.033354551 -0.011043780 -0.402427495 0.914777398
1585067952.883262 -604.715209961 -381.406158447 57.198127747 -0.033375978 -0.010839645 -0.400520444 0.915615618
1585067952.916262 -604.970092773 -381.653961182 57.230911255 -0.033365425 -0.010673332 -0.398564041 0.916471243
1585067952.949263 -605.250793457 -381.911254883 57.267631531 -0.033157855 -0.010474810 -0.396601021 0.917332292
1585067952.982263 -605.501831055 -382.161804199 57.300445557 -0.033075724 -0.010105768 -0.394687295 0.918164432
1585067953.015263 -605.752014160 -382.412963867 57.333259583 -0.032876760 -0.009761067 -0.392778367 0.918993473
1585067953.048263 -606.002563477 -382.664978027 57.366226196 -0.032800168 -0.009395106 -0.390845835 0.919823647
1585067953.081263 -606.279541016 -382.925933838 57.404533386 -0.032750219 -0.009137244 -0.388887465 0.920657694
1585067953.114263 -606.526428223 -383.179931641 57.437694550 -0.032900631 -0.008736241 -0.387027204 0.921439767
1585067953.147263 -606.772216797 -383.435363770 57.471229553 -0.032988906 -0.008343646 -0.385164559 0.922220349
1585067953.180263 -607.040039062 -383.696960449 57.508644104 -0.032962173 -0.007827748 -0.383333057 0.922988653
1585067953.213263 -607.284179688 -383.954040527 57.541908264 -0.033048928 -0.007381309 -0.381590307 0.923711121
1585067953.246263 -607.527221680 -384.212097168 57.575397491 -0.033113658 -0.007035848 -0.379860640 0.924424112
1585067953.279263 -607.791992188 -384.477996826 57.612846375 -0.032965451 -0.006849058 -0.378101289 0.925151825
1585067953.312263 -608.034179688 -384.738769531 57.646511078 -0.032850534 -0.006792928 -0.376464784 0.925823450
1585067953.345264 -608.276000977 -384.999694824 57.680244446 -0.032725003 -0.006897131 -0.374855518 0.926479816
1585067953.378263 -608.521667480 -385.261871338 57.713726044 -0.032586753 -0.007007235 -0.373224795 0.927142024
1585067953.411264 -608.762634277 -385.524719238 57.747993469 -0.032388866 -0.007140041 -0.371597081 0.927801549
1585067953.444264 -609.002685547 -385.788269043 57.782321930 -0.032190651 -0.007303201 -0.369962096 0.928460360
1585067953.477264 -609.278808594 -386.065002441 57.824417114 -0.031850636 -0.007531215 -0.368371308 0.929102540
1585067953.510264 -609.517639160 -386.329681396 57.857841492 -0.031780478 -0.007782142 -0.366765052 0.929738104
1585067953.543264 -609.755187988 -386.595184326 57.891216278 -0.031816542 -0.008030919 -0.365175188 0.930360377
1585067953.576264 -609.992126465 -386.861541748 57.923973083 -0.032000840 -0.008181002 -0.363557637 0.930985987
1585067953.609264 -610.253479004 -387.137268066 57.963890076 -0.032068431 -0.008062383 -0.362039626 0.931576073
1585067953.642264 -610.487915039 -387.404907227 57.997119904 -0.032286853 -0.007994859 -0.360570073 0.932138920
1585067953.675264 -610.721069336 -387.673950195 58.030158997 -0.032274932 -0.007829375 -0.359153152 0.932687581
1585067953.708264 -610.954162598 -387.944030762 58.063552856 -0.032525748 -0.007479535 -0.357782125 0.933208525
1585067953.741264 -611.210693359 -388.223449707 58.104362488 -0.032622341 -0.007143364 -0.356453061 0.933716238
1585067953.774265 -611.441345215 -388.494720459 58.137351990 -0.032808483 -0.006828784 -0.355238855 0.934174776
1585067953.807265 -611.670654297 -388.766723633 58.170883179 -0.032908499 -0.006406427 -0.354105175 0.934604526
1585067953.840265 -611.899719238 -389.039031982 58.205654144 -0.032902330 -0.006042496 -0.353008628 0.935021877
1585067953.873265 -612.155151367 -389.321960449 58.246582031 -0.032733236 -0.005772432 -0.351987571 0.935414374
1585067953.906265 -612.383056641 -389.595794678 58.280963898 -0.032580703 -0.005565365 -0.351094365 0.935756564
1585067953.939265 -612.610412598 -389.870483398 58.315528870 -0.032497942 -0.005207730 -0.350290686 0.936062634
1585067953.972265 -612.858520508 -390.152709961 58.355308533 -0.032263607 -0.004870533 -0.349402130 0.936404526
1585067954.005265 -613.085754395 -390.427856445 58.389873505 -0.032015085 -0.004576075 -0.348599851 0.936713517
1585067954.038265 -613.312255859 -390.703186035 58.424705505 -0.031776190 -0.004358949 -0.347810507 0.937016129
1585067954.071265 -613.543823242 -390.979705811 58.461071014 -0.031726450 -0.004169939 -0.346955121 0.937335730
1585067954.104265 -613.770507812 -391.255920410 58.495498657 -0.031674471 -0.004087972 -0.346106440 0.937651515
1585067954.137265 -613.996582031 -391.531738281 58.530124664 -0.031743821 -0.003979414 -0.345220298 0.937976241
1585067954.170266 -614.223632812 -391.808319092 58.563861847 -0.031790406 -0.004075719 -0.344332695 0.938300490
1585067954.203265 -614.486633301 -392.101989746 58.609569550 -0.031811897 -0.003971411 -0.343352109 0.938659489
1585067954.236266 -614.711425781 -392.379150391 58.643573761 -0.031939089 -0.003882458 -0.342525840 0.938957393
1585067954.269266 -614.936035156 -392.656860352 58.677253723 -0.032067567 -0.003850138 -0.341721833 0.939246058
1585067954.302266 -615.178283691 -392.943176270 58.717567444 -0.031889647 -0.003655105 -0.340847015 0.939570665
1585067954.335266 -615.402038574 -393.223144531 58.752117157 -0.031637132 -0.003404050 -0.340097070 0.939851880
1585067954.368266 -615.624694824 -393.503570557 58.785961151 -0.031083792 -0.003045905 -0.339411914 0.940119267
1585067954.401266 -615.864562988 -393.792266846 58.825538635 -0.030489922 -0.002588531 -0.338712931 0.940392137
1585067954.434266 -616.086791992 -394.073608398 58.860198975 -0.030042795 -0.002102197 -0.338040650 0.940649569
1585067954.467266 -616.307617188 -394.355590820 58.894886017 -0.029621001 -0.001575709 -0.337419182 0.940887034
1585067954.500266 -616.529052734 -394.637420654 58.930381775 -0.029130338 -0.001032561 -0.336772650 0.941134751
1585067954.533267 -616.771362305 -394.929870605 58.970554352 -0.028808028 -0.000478433 -0.336081266 0.941392183
1585067954.566266 -616.991149902 -395.211730957 59.005348206 -0.028801471 0.000137214 -0.335492879 0.941602349
1585067954.599267 -617.209899902 -395.493438721 59.039756775 -0.029011369 0.000891339 -0.334958285 0.941785872
1585067954.632267 -617.429443359 -395.775390625 59.074668884 -0.029354870 0.001814705 -0.334454596 0.941952825
1585067954.665267 -617.668029785 -396.068054199 59.113990784 -0.029838115 0.002769360 -0.333817363 0.942161322
1585067954.698267 -617.886108398 -396.350280762 59.148715973 -0.030181617 0.003566496 -0.333413541 0.942290783
1585067954.731267 -618.103698730 -396.632263184 59.183834076 -0.030486822 0.004242096 -0.333034456 0.942412138
1585067954.764267 -618.322509766 -396.915100098 59.219760895 -0.030731887 0.004663236 -0.332741797 0.942505598
1585067954.797267 -618.561645508 -397.207702637 59.259365082 -0.031023474 0.004914400 -0.332334429 0.942638457
1585067954.830267 -618.780151367 -397.490905762 59.295467377 -0.030993640 0.005172539 -0.331919193 0.942784369
1585067954.863267 -618.998291016 -397.773956299 59.332336426 -0.030727893 0.005396367 -0.331514001 0.942934394
1585067954.896267 -619.232971191 -398.065490723 59.372158051 -0.030333757 0.005438945 -0.331056952 0.943107486
1585067954.929267 -619.451293945 -398.348815918 59.409908295 -0.029871792 0.005265865 -0.330584317 0.943288922
1585067954.962267 -619.669677734 -398.631896973 59.447475433 -0.029427737 0.005007700 -0.330080509 0.943480730
1585067954.995267 -619.888305664 -398.915405273 59.484565735 -0.029156417 0.004632760 -0.329586208 0.943663836
1585067955.028268 -620.127014160 -399.206909180 59.524497986 -0.029125899 0.004225916 -0.329027921 0.943861485
1585067955.061268 -620.343933105 -399.489013672 59.560955048 -0.029239383 0.004048937 -0.328509361 0.944039345
1585067955.094268 -620.559509277 -399.771209717 59.597217560 -0.029191192 0.004052701 -0.327995211 0.944219589
1585067955.127268 -620.775634766 -400.053955078 59.633354187 -0.029085755 0.004014663 -0.327532589 0.944383621
1585067955.160268 -621.011535645 -400.345977783 59.672798157 -0.029089093 0.003754455 -0.327011704 0.944565058
1585067955.193268 -621.225891113 -400.627532959 59.708133698 -0.029202251 0.003618304 -0.326565981 0.944716275
1585067955.226268 -621.439331055 -400.909515381 59.743564606 -0.029331326 0.003597108 -0.326096475 0.944874525
1585067955.259268 -621.668823242 -401.199584961 59.782291412 -0.029394211 0.003649715 -0.325563401 0.945056200
1585067955.292268 -621.881958008 -401.481170654 59.818107605 -0.029286683 0.003587497 -0.325046241 0.945237756
1585067955.325268 -622.095214844 -401.762634277 59.853591919 -0.028939188 0.003273332 -0.324529529 0.945427120
1585067955.358268 -622.323303223 -402.053344727 59.892112732 -0.028921396 0.002999099 -0.324042022 0.945595801
1585067955.391268 -622.535644531 -402.333740234 59.927848816 -0.029054014 0.002650461 -0.323536992 0.945765674
1585067955.424268 -622.747802734 -402.613739014 59.963508606 -0.029148038 0.002168145 -0.323022753 0.945939720
1585067955.457268 -622.960144043 -402.893371582 59.999694824 -0.029368190 0.001800063 -0.322526574 0.946103036
1585067955.490269 -623.190795898 -403.187500000 60.038661957 -0.029506745 0.001506040 -0.321968287 0.946289361
1585067955.523269 -623.400817871 -403.466430664 60.074321747 -0.029615939 0.001218164 -0.321483135 0.946451306
1585067955.556269 -623.609619141 -403.745269775 60.109706879 -0.029725375 0.001009567 -0.321048945 0.946595490
1585067955.589269 -623.834228516 -404.035705566 60.147937775 -0.029802861 0.000841088 -0.320553631 0.946761072
1585067955.622269 -624.042358398 -404.313873291 60.183574677 -0.029702574 0.000412988 -0.320102036 0.946917295
1585067955.655269 -624.249877930 -404.591125488 60.219215393 -0.029542387 -0.000067689 -0.319618285 0.947085738
1585067955.688269 -624.473205566 -404.881530762 60.256904602 -0.029424848 -0.000489985 -0.319121927 0.947256684
1585067955.721269 -624.679199219 -405.158294678 60.292339325 -0.029100657 -0.000896359 -0.318656206 0.947423160
1585067955.754269 -624.884033203 -405.434753418 60.327789307 -0.028471738 -0.001307026 -0.318213105 0.947590709
1585067955.787269 -625.104980469 -405.724609375 60.365291595 -0.027912347 -0.001665977 -0.317780793 0.947751820
1585067955.820269 -625.307250977 -405.999633789 60.399948120 -0.027310310 -0.001850765 -0.317464590 0.947875023
1585067955.853270 -625.507873535 -406.273864746 60.434242249 -0.026786000 -0.001952064 -0.317160308 0.947991669
1585067955.886269 -625.725891113 -406.562805176 60.470951080 -0.026384296 -0.002042449 -0.316878796 0.948096812
1585067955.919270 -625.923889160 -406.835327148 60.504127502 -0.025927544 -0.001825808 -0.316702425 0.948168755
1585067955.952270 -626.120971680 -407.106933594 60.537433624 -0.025394559 -0.001643745 -0.316553563 0.948233247
1585067955.985270 -626.317138672 -407.378112793 60.570144653 -0.025062623 -0.001570772 -0.316448718 0.948277235
1585067956.018270 -626.538574219 -407.667144775 60.606071472 -0.025044410 -0.001640757 -0.316309124 0.948324144
1585067956.051270 -626.732788086 -407.935058594 60.637695312 -0.025110450 -0.001479523 -0.316311210 0.948321939
1585067956.084270 -626.926147461 -408.201538086 60.669235229 -0.024985164 -0.001223436 -0.316319585 0.948322892
1585067956.117270 -627.122802734 -408.466125488 60.701381683 -0.025008291 -0.000846138 -0.316316903 0.948323548
1585067956.150270 -627.337829590 -408.753540039 60.736591339 -0.025179088 -0.000650425 -0.316326201 0.948316038
1585067956.183270 -627.529968262 -409.016418457 60.768356323 -0.025311735 -0.000394231 -0.316394061 0.948289990
1585067956.216270 -627.721435547 -409.277832031 60.800434113 -0.025579631 -0.000216975 -0.316410422 0.948277473
1585067956.249270 -627.930114746 -409.556701660 60.834941864 -0.025840998 -0.000254400 -0.316283405 0.948312759
1585067956.282270 -628.119750977 -409.815856934 60.866436005 -0.026254918 -0.000425223 -0.316201210 0.948328674
1585067956.315271 -628.308288574 -410.073852539 60.898063660 -0.026551336 -0.000455132 -0.316066504 0.948365390
1585067956.348271 -628.495605469 -410.331237793 60.930587769 -0.026756730 -0.000407035 -0.315956116 0.948396325
1585067956.381271 -628.711547852 -410.611694336 60.965812683 -0.027015539 -0.000224316 -0.315759629 0.948454559
1585067956.414271 -628.896972656 -410.867431641 60.997947693 -0.027119547 -0.000141200 -0.315637410 0.948492289
1585067956.447271 -629.081176758 -411.121826172 61.030220032 -0.027250947 -0.000133568 -0.315524250 0.948526144
1585067956.480271 -629.265869141 -411.376434326 61.062473297 -0.027355462 -0.000153968 -0.315380991 0.948570788
1585067956.513271 -629.479309082 -411.654785156 61.097949982 -0.027305871 -0.000371518 -0.315161884 0.948644996
1585067956.546271 -629.661193848 -411.906738281 61.129749298 -0.027263699 -0.000412707 -0.314987242 0.948704183
1585067956.579271 -629.841613770 -412.158020020 61.161773682 -0.027181983 -0.000404736 -0.314731538 0.948791444
1585067956.612271 -630.022094727 -412.409118652 61.193611145 -0.027125057 -0.000316939 -0.314314753 0.948931217
1585067956.645271 -630.232482910 -412.686096191 61.228401184 -0.027108137 -0.000381692 -0.313799202 0.949102283
1585067956.678272 -630.409851074 -412.934844971 61.259819031 -0.026969194 -0.000366419 -0.313330770 0.949261010
1585067956.711272 -630.585937500 -413.182678223 61.291408539 -0.026878357 -0.000377188 -0.312800407 0.949438453
1585067956.744272 -630.786315918 -413.451416016 61.324935913 -0.026930958 -0.000572057 -0.312209725 0.949631274
1585067956.777272 -630.960021973 -413.697113037 61.355724335 -0.027001526 -0.000569426 -0.311584592 0.949834585
1585067956.810272 -631.132202148 -413.941680908 61.386489868 -0.027194053 -0.000516697 -0.310879886 0.950060010
1585067956.843272 -631.303161621 -414.184997559 61.417003632 -0.027628422 -0.000448677 -0.310133576 0.950291395
1585067956.876272 -631.507812500 -414.459472656 61.451343536 -0.027848512 -0.000458124 -0.309198052 0.950589776
1585067956.909272 -631.675903320 -414.701324463 61.481918335 -0.028028786 -0.000354282 -0.308315694 0.950871110
1585067956.942272 -631.842285156 -414.942810059 61.512287140 -0.028255522 -0.000155397 -0.307454109 0.951143384
1585067956.975272 -632.034179688 -415.208129883 61.545326233 -0.028436989 -0.000161359 -0.306464463 0.951457262
1585067957.008272 -632.197753906 -415.447814941 61.575260162 -0.028559800 0.000083213 -0.305553794 0.951746404
1585067957.041272 -632.359313965 -415.686584473 61.605327606 -0.028626919 0.000329147 -0.304626197 0.952041686
1585067957.074272 -632.520690918 -415.925415039 61.635768890 -0.028516559 0.000512411 -0.303633451 0.952362001
1585067957.107272 -632.716430664 -416.198059082 61.669879913 -0.028288633 0.000480002 -0.302602649 0.952696800
1585067957.140273 -632.874694824 -416.435363770 61.699890137 -0.027843416 0.000492300 -0.301679850 0.953002572
1585067957.173273 -633.031372070 -416.671447754 61.729919434 -0.027434140 0.000541364 -0.300722301 0.953316927
1585067957.206273 -633.187255859 -416.907012939 61.759597778 -0.027153224 0.000594451 -0.299729854 0.953637481
1585067957.239273 -633.378723145 -417.176971436 61.793239594 -0.026874842 0.000488849 -0.298538625 0.954019010
1585067957.272273 -633.531494141 -417.410186768 61.822792053 -0.026802868 0.000554130 -0.297557175 0.954327583
1585067957.305273 -633.681640625 -417.641723633 61.851928711 -0.026677400 0.000584776 -0.296559870 0.954641461
1585067957.338273 -633.831848145 -417.871154785 61.879703522 -0.026698645 0.000496100 -0.295422763 0.954993367
1585067957.371273 -634.018310547 -418.137939453 61.913448334 -0.026847603 0.000339146 -0.294239908 0.955354393
1585067957.404273 -634.164855957 -418.365905762 61.941467285 -0.027189076 0.000241894 -0.293003976 0.955724597
1585067957.437273 -634.309570312 -418.592346191 61.969085693 -0.027636740 0.000136451 -0.291678816 0.956117034
1585067957.470273 -634.454345703 -418.817504883 61.996006012 -0.028079003 0.000114882 -0.290310711 0.956520379
1585067957.503273 -634.635070801 -419.082733154 62.028724670 -0.028571099 0.000318519 -0.288749814 0.956978142
1585067957.536273 -634.775146484 -419.306915283 62.055580139 -0.028917339 0.000501276 -0.287337810 0.957392573
1585067957.569274 -634.913330078 -419.530517578 62.082366943 -0.029093474 0.000707103 -0.285928667 0.957808971
1585067957.602273 -635.080871582 -419.785766602 62.114471436 -0.029089483 0.000935637 -0.284525096 0.958226740
1585067957.635274 -635.216125488 -420.008789062 62.141574860 -0.028888496 0.001023527 -0.283178121 0.958631575
1585067957.668274 -635.350158691 -420.230804443 62.169052124 -0.028537216 0.001068760 -0.281847745 0.959034085
1585067957.701274 -635.482727051 -420.452453613 62.196147919 -0.028157651 0.001161678 -0.280561626 0.959422231
1585067957.734274 -635.655822754 -420.717010498 62.230873108 -0.027768016 0.001263015 -0.279122680 0.959853053
1585067957.767274 -635.785278320 -420.936767578 62.257949829 -0.027528405 0.001407598 -0.277824819 0.960236251
1585067957.800274 -635.913330078 -421.155670166 62.284591675 -0.027394708 0.001629208 -0.276593417 0.960595071
1585067957.833274 -636.041564941 -421.373596191 62.310916901 -0.027270909 0.001849480 -0.275206894 0.960996389
1585067957.866274 -636.208923340 -421.636779785 62.344932556 -0.027131796 0.002041790 -0.273883879 0.961377859
1585067957.899274 -636.333557129 -421.852905273 62.370346069 -0.027160611 0.002207402 -0.272685319 0.961717308
1585067957.932274 -636.456542969 -422.067810059 62.395896912 -0.027263699 0.002319619 -0.271524370 0.962042570
1585067957.965275 -636.611328125 -422.317871094 62.427455902 -0.027407082 0.002417660 -0.270206124 0.962409317
1585067957.998275 -636.732360840 -422.531158447 62.452293396 -0.027561784 0.002669319 -0.269091189 0.962716579
1585067958.031275 -636.852661133 -422.743408203 62.477169037 -0.027729511 0.002929745 -0.268001735 0.963014901
1585067958.064275 -636.973388672 -422.956298828 62.502254486 -0.027793676 0.003138774 -0.266894102 0.963319898
1585067958.097275 -637.131652832 -423.216033936 62.535179138 -0.027796090 0.003405601 -0.265839785 0.963610411
1585067958.130275 -637.249389648 -423.426544189 62.560310364 -0.027833581 0.003527014 -0.264814109 0.963891268
1585067958.163275 -637.365844727 -423.636138916 62.585231781 -0.027917530 0.003687726 -0.263806254 0.964164555
1585067958.196275 -637.511413574 -423.882385254 62.616172791 -0.028033286 0.003914444 -0.262788892 0.964438081
1585067958.229275 -637.625610352 -424.089843750 62.641246796 -0.028218418 0.003999644 -0.261831015 0.964692831
1585067958.262275 -637.739562988 -424.296417236 62.666507721 -0.028461397 0.003956260 -0.260855317 0.964950204
1585067958.295275 -637.852661133 -424.502197266 62.691806793 -0.028617796 0.003794120 -0.259896547 0.965204835
1585067958.328275 -638.006774902 -424.758422852 62.724971771 -0.028771728 0.003549287 -0.258709162 0.965520144
1585067958.361275 -638.118591309 -424.962951660 62.749626160 -0.029012173 0.003321880 -0.257738858 0.965773225
1585067958.394276 -638.229248047 -425.166839600 62.774673462 -0.029190212 0.003138799 -0.256767035 0.966027379
1585067958.427275 -638.341064453 -425.371704102 62.798984528 -0.029424638 0.002901268 -0.255878538 0.966256738
1585067958.460276 -638.489562988 -425.622344971 62.831668854 -0.029480310 0.002743352 -0.254914522 0.966510236
1585067958.493276 -638.598022461 -425.824829102 62.855728149 -0.029470351 0.002506575 -0.254089236 0.966728449
1585067958.526276 -638.704956055 -426.026336670 62.879795074 -0.029392926 0.002428770 -0.253298759 0.966938436
1585067958.559276 -638.811279297 -426.228729248 62.903530121 -0.029195160 0.002513732 -0.252574086 0.967133760
1585067958.592276 -638.956542969 -426.477813721 62.936729431 -0.028846920 0.002639769 -0.251822382 0.967339873
1585067958.625276 -639.060974121 -426.677520752 62.960704803 -0.028554616 0.002530350 -0.251202852 0.967509925
1585067958.658276 -639.165283203 -426.876647949 62.984333038 -0.028066155 0.002317822 -0.250673324 0.967662096
1585067958.691276 -639.269348145 -427.076202393 63.008266449 -0.027573105 0.002169407 -0.250139564 0.967814684
1585067958.724276 -639.412414551 -427.321533203 63.040824890 -0.026899427 0.002283341 -0.249736041 0.967937589
1585067958.757277 -639.514160156 -427.517944336 63.063926697 -0.026365459 0.002222429 -0.249375492 0.968045354
1585067958.790276 -639.615234375 -427.713104248 63.086395264 -0.025927929 0.002190303 -0.249054417 0.968139946
1585067958.823277 -639.715576172 -427.906799316 63.108779907 -0.025498003 0.002049022 -0.248829558 0.968209505
1585067958.856277 -639.857849121 -428.148284912 63.140987396 -0.024916381 0.001952528 -0.248535722 0.968300223
1585067958.889277 -639.957153320 -428.339324951 63.162971497 -0.024632039 0.001818409 -0.248321488 0.968362749
1585067958.922277 -640.055358887 -428.528839111 63.184867859 -0.024320841 0.001744598 -0.248216242 0.968397737
1585067958.955277 -640.155517578 -428.717987061 63.206966400 -0.024216473 0.001633607 -0.248054147 0.968442142
1585067958.988277 -640.291076660 -428.951629639 63.238399506 -0.024386110 0.001523017 -0.247900531 0.968477368
1585067959.021277 -640.387634277 -429.136169434 63.259719849 -0.024656774 0.001337818 -0.247754559 0.968508124
1585067959.054277 -640.483032227 -429.318542480 63.280887604 -0.025098355 0.001232735 -0.247619733 0.968531430
1585067959.087277 -640.580078125 -429.500396729 63.302112579 -0.025518447 0.001171343 -0.247466624 0.968559623
1585067959.120277 -640.711975098 -429.728668213 63.333374023 -0.025727957 0.001296014 -0.247308671 0.968594253
1585067959.153277 -640.804809570 -429.907012939 63.353797913 -0.026108593 0.001458399 -0.247309148 0.968583703
1585067959.186277 -640.896972656 -430.084045410 63.373756409 -0.026408404 0.001717230 -0.247381479 0.968556762
1585067959.219278 -640.987548828 -430.259460449 63.393962860 -0.026664941 0.002013710 -0.247527450 0.968511820
1585067959.252278 -641.117614746 -430.483886719 63.425575256 -0.026598185 0.002239056 -0.247537047 0.968510747
1585067959.285278 -641.207641602 -430.656768799 63.445236206 -0.026529428 0.002443239 -0.247796208 0.968445778
1585067959.318278 -641.297119141 -430.827941895 63.465339661 -0.026423365 0.002588131 -0.248097152 0.968371332
1585067959.351278 -641.385742188 -430.996795654 63.485343933 -0.026454300 0.002630810 -0.248458058 0.968277812
1585067959.384278 -641.513916016 -431.214691162 63.518394470 -0.026451647 0.002764433 -0.248755679 0.968201041
1585067959.417278 -641.602172852 -431.380065918 63.539035797 -0.026336491 0.002977031 -0.249221116 0.968083858
1585067959.450278 -641.689392090 -431.543975830 63.559494019 -0.026110619 0.003235143 -0.249751016 0.967952609
1585067959.483278 -641.776123047 -431.705718994 63.579597473 -0.025853246 0.003408302 -0.250339270 0.967806995
1585067959.516278 -641.901489258 -431.916564941 63.612243652 -0.025562674 0.003458574 -0.250864625 0.967678428
1585067959.549278 -641.987915039 -432.075317383 63.631870270 -0.025217649 0.003407733 -0.251674145 0.967477441
1585067959.582278 -642.073059082 -432.231964111 63.650920868 -0.024950176 0.003452086 -0.252559811 0.967253447
1585067959.615278 -642.157287598 -432.386566162 63.669467926 -0.024701711 0.003682402 -0.253538847 0.967002749
1585067959.648278 -642.279052734 -432.587707520 63.700458527 -0.024419606 0.004117064 -0.254400551 0.966781855
1585067959.681278 -642.361999512 -432.738464355 63.718673706 -0.024410725 0.004500464 -0.255481035 0.966495395
1585067959.714279 -642.444396973 -432.886291504 63.736236572 -0.024587214 0.004854365 -0.256573081 0.966199934
1585067959.747279 -642.525878906 -433.031799316 63.753700256 -0.024965107 0.005201358 -0.257701576 0.965888023
1585067959.780279 -642.644897461 -433.222473145 63.783649445 -0.025374442 0.005576749 -0.258832216 0.965572834
1585067959.813279 -642.726196289 -433.364044189 63.801528931 -0.025775641 0.005856986 -0.260077953 0.965225816
1585067959.846279 -642.807617188 -433.503204346 63.819923401 -0.026122721 0.006031760 -0.261409611 0.964855611
1585067959.879279 -642.888671875 -433.640808105 63.838375092 -0.026447386 0.006195863 -0.262900859 0.964440465
1585067959.912279 -643.007202148 -433.822845459 63.870407104 -0.026717722 0.006403970 -0.264497042 0.963995099
1585067959.945279 -643.088378906 -433.956726074 63.888980865 -0.027173668 0.006446785 -0.266292065 0.963487744
1585067959.978279 -643.169006348 -434.088531494 63.907611847 -0.027791943 0.006669072 -0.268237084 0.962928891
1585067960.011279 -643.248535156 -434.218566895 63.926055908 -0.028493494 0.007173650 -0.270379424 0.962305427
1585067960.044279 -643.364807129 -434.393188477 63.956394196 -0.029184939 0.008038918 -0.272602975 0.961650312
1585067960.077280 -643.444335938 -434.520324707 63.973518372 -0.029895872 0.008816257 -0.274984658 0.960943341
1585067960.110280 -643.523986816 -434.646179199 63.990653992 -0.030669304 0.009478386 -0.277506918 0.960187256
1585067960.143280 -643.605041504 -434.770294189 64.007156372 -0.031378835 0.009898740 -0.280135751 0.959396362
1585067960.176280 -643.723693848 -434.939453125 64.036140442 -0.031925291 0.010316022 -0.282849312 0.958577394
1585067960.209280 -643.806701660 -435.061065674 64.052284241 -0.032302409 0.010500085 -0.285734326 0.957706809
1585067960.242280 -643.890502930 -435.181915283 64.068885803 -0.032436937 0.010720956 -0.288723409 0.956802905
1585067960.275280 -643.975463867 -435.301208496 64.085662842 -0.032357216 0.010815510 -0.291809976 0.955867708
1585067960.308280 -644.097656250 -435.465728760 64.115646362 -0.032071203 0.010896164 -0.294960856 0.954908848
1585067960.341280 -644.185424805 -435.581970215 64.133323669 -0.031829506 0.010535668 -0.298253834 0.953897595
1585067960.374280 -644.274963379 -435.696594238 64.150993347 -0.031511541 0.009936953 -0.301680803 0.952836335
1585067960.407280 -644.364318848 -435.809143066 64.168846130 -0.031203683 0.009347295 -0.305180788 0.951737165
1585067960.440280 -644.458679199 -435.929687500 64.191596985 -0.030807676 0.008836613 -0.308770686 0.950596392
1585067960.473280 -644.549926758 -436.039093018 64.209884644 -0.030612441 0.008404075 -0.312498093 0.949387848
1585067960.506280 -644.642089844 -436.146484375 64.228157043 -0.030496567 0.007956521 -0.316295445 0.948137045
1585067960.539281 -644.734985352 -436.252349854 64.246421814 -0.030420452 0.007513478 -0.320232898 0.946820498
1585067960.572281 -644.889038086 -436.443389893 64.282669067 -0.030235412 0.007509419 -0.324339598 0.945427597
1585067960.605281 -644.982543945 -436.547515869 64.300521851 -0.030166835 0.007341498 -0.328687310 0.943928361
1585067960.638281 -645.077087402 -436.650085449 64.318069458 -0.030058533 0.007175822 -0.333210409 0.942345977
1585067960.671281 -645.172668457 -436.751159668 64.335029602 -0.029850483 0.006965143 -0.337919354 0.940675855
1585067960.704281 -645.300415039 -436.898803711 64.362144470 -0.029448181 0.007134612 -0.342805922 0.938917458
1585067960.737281 -645.397583008 -436.997924805 64.378936768 -0.029141277 0.007195606 -0.347695172 0.937127054
1585067960.770281 -645.495849609 -437.095733643 64.395210266 -0.028910728 0.007302732 -0.352639765 0.935283959
1585067960.803281 -645.595336914 -437.190887451 64.411254883 -0.028742135 0.007334847 -0.357691348 0.933368623
1585067960.836281 -645.696838379 -437.287322998 64.428367615 -0.028631538 0.007106718 -0.362904608 0.931359231
1585067960.869282 -645.837036133 -437.428955078 64.453056335 -0.028536232 0.007357326 -0.368402869 0.929199100
1585067960.902282 -645.941162109 -437.516967773 64.468582153 -0.028741866 0.006586215 -0.373877347 0.927009344
1585067960.935282 -646.047119141 -437.603088379 64.483779907 -0.028967321 0.005666576 -0.379493177 0.924723625
1585067960.968282 -646.154235840 -437.686981201 64.499053955 -0.029185204 0.004598297 -0.385215849 0.922353446
1585067961.001282 -646.292541504 -437.810180664 64.521881104 -0.029118925 0.003856658 -0.391245544 0.919817448
1585067961.034282 -646.401672363 -437.890319824 64.538055420 -0.029357105 0.002719766 -0.397084773 0.917308271
1585067961.067282 -646.511230469 -437.968566895 64.554466248 -0.029554933 0.001739593 -0.402946532 0.914744616
1585067961.100282 -646.621520996 -438.045379639 64.570884705 -0.029707283 0.000950788 -0.408781946 0.912147999
1585067961.133282 -646.762573242 -438.161285400 64.593551636 -0.029457303 0.001019321 -0.414897054 0.909390867
1585067961.166282 -646.875244141 -438.236785889 64.609992981 -0.029430358 0.000627146 -0.420711547 0.906716764
1585067961.199282 -646.988159180 -438.310852051 64.626365662 -0.029272825 0.000375675 -0.426586449 0.903972924
1585067961.232282 -647.102111816 -438.383850098 64.642440796 -0.029007403 0.000237541 -0.432554871 0.901140869
1585067961.265282 -647.243225098 -438.493438721 64.662673950 -0.028569909 0.000647052 -0.438954681 0.898054659
1585067961.298282 -647.360168457 -438.564544678 64.678138733 -0.028295279 0.000516674 -0.444994032 0.895086348
1585067961.331282 -647.477294922 -438.633544922 64.693817139 -0.028114021 0.000512069 -0.451090991 0.892034948
1585067961.364283 -647.595581055 -438.700683594 64.709663391 -0.027879536 0.000555162 -0.457191557 0.888931036
1585067961.397283 -647.738647461 -438.801025391 64.729095459 -0.027337104 0.001218005 -0.463780284 0.885527551
1585067961.430283 -647.860412598 -438.864257812 64.745292664 -0.027185025 0.001015481 -0.470000178 0.882247031
1585067961.463283 -647.983337402 -438.924774170 64.761154175 -0.027311087 0.000519095 -0.476207554 0.878908575
1585067961.496283 -648.108093262 -438.981903076 64.776687622 -0.027650982 -0.000256477 -0.482454598 0.875484467
1585067961.529283 -648.254211426 -439.070495605 64.794754028 -0.027875872 -0.000533670 -0.489119917 0.871770859
1585067961.562283 -648.381042480 -439.123107910 64.810050964 -0.028407244 -0.001425457 -0.495379716 0.868210793
1585067961.595283 -648.508911133 -439.172912598 64.825523376 -0.028877407 -0.002397951 -0.501645923 0.864587605
1585067961.628283 -648.638427734 -439.220611572 64.840972900 -0.029280186 -0.003485713 -0.507898271 0.860912263
1585067961.661283 -648.769287109 -439.268127441 64.856788635 -0.029426873 -0.004572030 -0.514277518 0.857106686
1585067961.694283 -648.926330566 -439.353607178 64.871574402 -0.029593648 -0.004754469 -0.520854056 0.853119433
1585067961.727283 -649.058471680 -439.396179199 64.886711121 -0.029752044 -0.005539540 -0.527239799 0.849177480
1585067961.760284 -649.191101074 -439.437133789 64.900863647 -0.030006679 -0.006185047 -0.533660114 0.845143974
1585067961.793284 -649.324218750 -439.476531982 64.915008545 -0.030186832 -0.006664658 -0.540160120 0.840994358
1585067961.826284 -649.478332520 -439.550079346 64.927413940 -0.030291647 -0.006342092 -0.547119856 0.836482048
1585067961.859284 -649.612915039 -439.586120605 64.941337585 -0.030277250 -0.006454573 -0.553691387 0.832146347
1585067961.892284 -649.747985840 -439.620391846 64.955261230 -0.030238062 -0.006455320 -0.560246527 0.827748716
1585067961.925284 -649.884277344 -439.652099609 64.968887329 -0.030207515 -0.006558691 -0.566779137 0.823289692
1585067961.958284 -650.022033691 -439.682556152 64.982391357 -0.030049831 -0.006913440 -0.573380589 0.818708777
1585067961.991284 -650.186157227 -439.756347656 64.992378235 -0.030036658 -0.006663227 -0.580054522 0.813996434
1585067962.024284 -650.326965332 -439.780822754 65.006835938 -0.029837877 -0.007347619 -0.586339712 0.809482217
1585067962.057284 -650.468750000 -439.802124023 65.021522522 -0.029791892 -0.008239591 -0.592550159 0.804940343
1585067962.090284 -650.612365723 -439.819946289 65.036682129 -0.029897779 -0.009311310 -0.598646522 0.800401032
1585067962.123285 -650.756591797 -439.841430664 65.053222656 -0.029907912 -0.010544576 -0.604776978 0.795763254
1585067962.156284 -650.924926758 -439.900268555 65.060546875 -0.030145198 -0.010923216 -0.611044824 0.790946364
1585067962.189285 -651.071166992 -439.912841797 65.075981140 -0.030353185 -0.011978782 -0.616933763 0.786338329
1585067962.222285 -651.218017578 -439.922851562 65.091415405 -0.030636191 -0.012940523 -0.622744977 0.781717896
1585067962.255285 -651.365661621 -439.930847168 65.106056213 -0.031049162 -0.013856072 -0.628513813 0.777055025
1585067962.288285 -651.531250000 -439.975341797 65.112442017 -0.031692330 -0.014331465 -0.634459317 0.772173345
1585067962.321285 -651.680419922 -439.979919434 65.126258850 -0.032296810 -0.014999214 -0.640089333 0.767474890
1585067962.354285 -651.830566406 -439.982788086 65.139785767 -0.032860816 -0.015514408 -0.645621538 0.762792468
1585067962.387285 -651.981811523 -439.984069824 65.152931213 -0.033408135 -0.015879590 -0.651066899 0.758118570
1585067962.420285 -652.134643555 -439.986999512 65.165557861 -0.033758644 -0.016308853 -0.656538725 0.753360093
1585067962.453285 -652.308593750 -440.030334473 65.168045044 -0.034302924 -0.016136350 -0.661976457 0.748565376
1585067962.486285 -652.463439941 -440.026611328 65.180953979 -0.034759670 -0.016489882 -0.667111814 0.743963540
1585067962.519285 -652.619750977 -440.020751953 65.193496704 -0.035269529 -0.016902924 -0.672130287 0.739399254
1585067962.552285 -652.777160645 -440.012634277 65.206283569 -0.035677731 -0.017316550 -0.677042365 0.734874725
1585067962.585286 -652.936035156 -440.003662109 65.219131470 -0.035866112 -0.017606270 -0.681826949 0.730421603
1585067962.618286 -653.112915039 -440.043090820 65.219543457 -0.035721242 -0.017393563 -0.686826348 0.725734830
1585067962.651286 -653.273925781 -440.031677246 65.232818604 -0.035761863 -0.017535644 -0.691284418 0.721484184
1585067962.684286 -653.435424805 -440.017333984 65.246345520 -0.036345899 -0.017780688 -0.695607185 0.717282057
1585067962.717286 -653.597412109 -440.000610352 65.260208130 -0.036982149 -0.018201962 -0.699778318 0.713169932
1585067962.750286 -653.760620117 -439.981994629 65.273773193 -0.037733316 -0.018608540 -0.703794658 0.709156632
1585067962.783286 -653.927978516 -439.967285156 65.288467407 -0.038173169 -0.019134859 -0.707789481 0.705131650
1585067962.816286 -654.102783203 -439.999755859 65.284873962 0.039179567 0.019319816 0.711527765 -0.701298773
1585067962.849286 -654.269287109 -439.976257324 65.298759460 0.040111903 0.019824397 0.714909494 -0.697784007
1585067962.882286 -654.436462402 -439.950744629 65.312393188 0.041198168 0.020307308 0.718053758 -0.694470465
1585067962.915286 -654.604614258 -439.924072266 65.326065063 0.042098079 0.020772928 0.720995307 -0.691348016
1585067962.948287 -654.776977539 -439.900939941 65.337371826 -0.042631149 -0.021299329 -0.723930001 0.688225448
1585067962.981286 -654.948120117 -439.919189453 65.336906433 0.043319371 0.021554884 0.726618469 -0.685335279
1585067963.014287 -655.119934082 -439.891479492 65.350074768 0.044155985 0.021762395 0.728993297 -0.682748556
1585067963.047287 -655.292602539 -439.863281250 65.363578796 0.044804867 0.021879712 0.731218398 -0.680318654
1585067963.080287 -655.466186523 -439.835205078 65.376724243 0.045229550 0.021871125 0.733265877 -0.678083479
1585067963.113287 -655.638916016 -439.847473145 65.377807617 0.045473102 0.021584764 0.735453904 -0.675702512
1585067963.146287 -655.814697266 -439.820739746 65.391929626 0.045423001 0.021366570 0.737229228 -0.673775434
1585067963.179287 -655.991943359 -439.793395996 65.406539917 0.045084272 0.021009311 0.738736212 -0.672156870
1585067963.212287 -656.170776367 -439.765136719 65.421829224 0.044863105 0.021088259 0.740074515 -0.670695424
1585067963.245287 -656.346130371 -439.775329590 65.422546387 0.044606149 0.021462772 0.741418958 -0.669214129
1585067963.278287 -656.527709961 -439.745544434 65.438674927 0.044159293 0.021970097 0.742339015 -0.668206573
1585067963.311287 -656.709594727 -439.715515137 65.454475403 0.043707639 0.022477446 0.743095636 -0.667377949
1585067963.344287 -656.892700195 -439.683959961 65.470504761 0.043423597 0.023121500 0.743725479 -0.666672528
1585067963.377287 -657.068420410 -439.692932129 65.470481873 0.043169677 0.023817200 0.744446099 -0.665859699
1585067963.410288 -657.252929688 -439.660949707 65.485885620 0.043059856 0.024268012 0.744849801 -0.665398955
1585067963.443288 -657.437744141 -439.629394531 65.501159668 0.042912010 0.024592998 0.745187461 -0.665018380
1585067963.476288 -657.623474121 -439.597900391 65.516555786 0.042767942 0.024908718 0.745446682 -0.664725304
1585067963.509288 -657.799133301 -439.608032227 65.514152527 0.042696416 0.025315223 0.745829284 -0.664285183
1585067963.542288 -657.986572266 -439.577819824 65.529510498 0.042478949 0.025600852 0.745967507 -0.664133072
1585067963.575288 -658.174743652 -439.548828125 65.545280457 0.041896284 0.025658196 0.746024311 -0.664103985
1585067963.608288 -658.363891602 -439.520385742 65.561164856 0.041279849 0.025372135 0.746022046 -0.664156139
1585067963.641288 -658.539978027 -439.533447266 65.558540344 0.040622652 0.025019394 0.746141016 -0.664076447
1585067963.674288 -658.730407715 -439.506835938 65.574691772 0.039826274 0.024513695 0.746041358 -0.664255500
1585067963.707288 -658.920715332 -439.479858398 65.591117859 0.039291978 0.024060274 0.745877743 -0.664487600
1585067963.740288 -659.111938477 -439.452941895 65.607467651 0.038849588 0.023719450 0.745624483 -0.664810002
1585067963.773288 -659.287963867 -439.467102051 65.606140137 0.038663149 0.023123266 0.745485902 -0.664997220
1585067963.806288 -659.480407715 -439.440795898 65.621986389 0.038301881 0.022623081 0.745086312 -0.665482938
1585067963.839288 -659.673217773 -439.412780762 65.638092041 0.038309604 0.022200864 0.744644165 -0.665991426
1585067963.872288 -659.866882324 -439.384399414 65.653686523 0.038533300 0.021814374 0.744101286 -0.666597843
1585067963.905289 -660.042968750 -439.397949219 65.651542664 0.038876772 0.021702260 0.743745327 -0.666978717
1585067963.938289 -660.237060547 -439.369506836 65.667137146 0.039325979 0.021546446 0.743087828 -0.667689860
1585067963.971289 -660.432983398 -439.340393066 65.682121277 0.039904147 0.021614306 0.742398679 -0.668419600
1585067964.004289 -660.630126953 -439.311523438 65.696838379 0.040276229 0.021854892 0.741616368 -0.669257402
1585067964.037289 -660.809997559 -439.326110840 65.693054199 0.040653467 0.022168614 0.740992427 -0.669915080
1585067964.070289 -661.009521484 -439.299255371 65.707695007 0.040746361 0.022434626 0.740085721 -0.670902133
1585067964.103289 -661.210266113 -439.273559570 65.722404480 0.040551126 0.022841223 0.739135861 -0.671946526
1585067964.136289 -661.412231445 -439.248718262 65.737930298 0.040204614 0.023214884 0.738139510 -0.673048913
1585067964.169289 -661.594482422 -439.267517090 65.734924316 0.039914042 0.023481844 0.737254620 -0.674026072
1585067964.202289 -661.797973633 -439.246093750 65.751075745 0.039318945 0.023578929 0.736120105 -0.675296426
1585067964.235289 -662.002075195 -439.225402832 65.767929077 0.038472414 0.023623949 0.734940469 -0.676627219
1585067964.268290 -662.206909180 -439.205932617 65.784744263 0.037554529 0.023572937 0.733743727 -0.677977920
1585067964.301290 -662.411560059 -439.190734863 65.800872803 -0.036850657 -0.023345172 -0.732623696 0.679234564
1585067964.334290 -662.593811035 -439.221252441 65.797813416 0.036032766 0.023424219 0.731355488 -0.680640936
1585067964.367290 -662.800781250 -439.204650879 65.814994812 0.035210520 0.023337115 0.729975343 -0.682166934
1585067964.400290 -663.008300781 -439.188781738 65.832397461 0.034521759 0.023338273 0.728535533 -0.683739424
1585067964.433290 -663.215942383 -439.171936035 65.849052429 0.034163833 0.023559205 0.727006793 -0.685374975
1585067964.466290 -663.420288086 -439.160766602 65.862609863 -0.034305509 -0.023475271 -0.725650668 0.686806500
1585067964.499290 -663.606262207 -439.191833496 65.859001160 0.034790579 0.023344591 0.724187434 -0.688329279
1585067964.532290 -663.814086914 -439.177856445 65.872673035 0.035181016 0.023133634 0.722611904 -0.689970493
1585067964.565290 -664.022338867 -439.164184570 65.886207581 0.035694927 0.023094973 0.720996857 -0.691632867
1585067964.598290 -664.231323242 -439.151428223 65.899948120 0.036199328 0.023086375 0.719350278 -0.693319380
1585067964.631290 -664.440185547 -439.142150879 65.913520813 -0.036770910 -0.023062602 -0.717864454 0.694828510
1585067964.664291 -664.629760742 -439.175598145 65.910224915 0.036987931 0.023420637 0.716221452 -0.696498632
1585067964.697290 -664.841674805 -439.167114258 65.924850464 0.037030097 0.023548404 0.714592278 -0.698163450
1585067964.730291 -665.054443359 -439.159851074 65.940200806 0.036794778 0.023624111 0.713005304 -0.699793935
1585067964.763291 -665.267639160 -439.154052734 65.955841064 0.036396112 0.023733065 0.711410224 -0.701432526
1585067964.796291 -665.476867676 -439.154968262 65.969596863 -0.036130037 -0.023717487 -0.709897101 0.702978075
1585067964.829291 -665.673706055 -439.190490723 65.970565796 -0.035754029 -0.023876728 -0.708385050 0.704515636
1585067964.862291 -665.887695312 -439.189208984 65.986381531 -0.035379980 -0.023850104 -0.706797659 0.706127882
1585067964.895291 -666.102416992 -439.188903809 66.002037048 -0.035033856 -0.023823604 -0.705202878 0.707738698
1585067964.928291 -666.317504883 -439.189514160 66.018005371 -0.034712553 -0.023751229 -0.703598499 0.709351957
1585067964.961291 -666.517944336 -439.221801758 66.021324158 -0.034734964 -0.023649376 -0.702106476 0.710831046
1585067964.994291 -666.732788086 -439.223876953 66.036613464 -0.034866989 -0.023480745 -0.700431883 0.712480307
1585067965.027291 -666.947631836 -439.226196289 66.051467896 -0.035182834 -0.023401916 -0.698741376 0.714125395
1585067965.060291 -667.162658691 -439.228820801 66.066444397 -0.035647064 -0.023244543 -0.697021365 0.715786457
1585067965.093292 -667.367675781 -439.263549805 66.070816040 -0.036143843 -0.023104755 -0.695464134 0.717279255
1585067965.126292 -667.583374023 -439.269958496 66.085174561 -0.036379009 -0.022856293 -0.693733573 0.718949139
1585067965.159292 -667.799804688 -439.277282715 66.099487305 -0.036634956 -0.022662846 -0.691992581 0.720618188
1585067965.192292 -668.015380859 -439.288574219 66.112380981 -0.037057880 -0.022478022 -0.690266788 0.722255707
1585067965.225292 -668.226684570 -439.321289062 66.119873047 -0.037408084 -0.022658482 -0.688565493 0.723854184
1585067965.258292 -668.444580078 -439.332397461 66.133972168 -0.037709355 -0.022741411 -0.686744690 0.725563705
1585067965.291292 -668.663879395 -439.344665527 66.148216248 -0.037872821 -0.022798063 -0.684906244 0.727289081
1585067965.324292 -668.883300781 -439.358520508 66.162857056 -0.037907183 -0.022877917 -0.683016002 0.729060292
1585067965.357292 -669.096801758 -439.397277832 66.171524048 -0.037964914 -0.022975227 -0.681205451 0.730746210
1585067965.390292 -669.317260742 -439.415039062 66.187225342 -0.037991647 -0.022966808 -0.679268777 0.732545674
1585067965.423292 -669.538085938 -439.434204102 66.203208923 -0.038033754 -0.022843860 -0.677314579 0.734354556
1585067965.456292 -669.759643555 -439.454711914 66.219787598 -0.037984312 -0.022673707 -0.675379038 0.736142874
1585067965.489293 -669.976440430 -439.495666504 66.229873657 -0.037938058 -0.022534557 -0.673645973 0.737735748
1585067965.522292 -670.197875977 -439.519287109 66.246383667 -0.037827879 -0.022244243 -0.671761096 0.739466906
1585067965.555293 -670.419921875 -439.544738770 66.262741089 -0.037732303 -0.021880077 -0.669893801 0.741174698
1585067965.588293 -670.642578125 -439.570922852 66.279060364 -0.037689090 -0.021462016 -0.668050826 0.742850661
1585067965.621293 -670.863769531 -439.616455078 66.290924072 -0.037835568 -0.021072920 -0.666248918 0.744470835
1585067965.654293 -671.087036133 -439.645935059 66.306571960 -0.037989195 -0.020774327 -0.664358377 0.746158957
1585067965.687293 -671.311035156 -439.676391602 66.321762085 -0.038066264 -0.020572659 -0.662373364 0.747923315
1585067965.720293 -671.535278320 -439.707580566 66.337036133 -0.038241327 -0.020367201 -0.660379529 0.749681056
1585067965.753293 -671.760681152 -439.754577637 66.348838806 -0.038485348 -0.020276155 -0.658442914 0.751372576
1585067965.786293 -671.985534668 -439.788391113 66.364166260 -0.038660914 -0.020236511 -0.656355977 0.753188372
1585067965.819293 -672.211425781 -439.823486328 66.379554749 -0.038748324 -0.020358335 -0.654275298 0.754988730
1585067965.852293 -672.437622070 -439.860107422 66.395622253 -0.038746446 -0.020491760 -0.652195454 0.756782651
1585067965.885293 -672.668334961 -439.910095215 66.410270691 -0.038797528 -0.020714397 -0.650193810 0.758494318
1585067965.918293 -672.895751953 -439.949462891 66.427452087 -0.038715392 -0.021025833 -0.648148298 0.760238707
1585067965.951294 -673.122741699 -439.989868164 66.445167542 -0.038844615 -0.021230597 -0.646170139 0.761908531
1585067965.984294 -673.350219727 -440.031799316 66.462951660 -0.038915992 -0.021372052 -0.644269824 0.763508499
1585067966.017294 -673.583557129 -440.084838867 66.478439331 -0.039040569 -0.021536717 -0.642458141 0.765022576
1585067966.050294 -673.810485840 -440.131225586 66.495979309 -0.038996488 -0.021324644 -0.640645146 0.766549647
1585067966.083294 -674.037780762 -440.178466797 66.513549805 -0.039010469 -0.021091612 -0.638869047 0.768036306
1585067966.116294 -674.265197754 -440.227050781 66.531044006 -0.039235085 -0.020887772 -0.637072444 0.769521296
1585067966.149294 -674.502563477 -440.282897949 66.546318054 -0.039660666 -0.020749990 -0.635212004 0.771039724
1585067966.182294 -674.731201172 -440.334960938 66.562553406 -0.039429069 -0.020651817 -0.633327186 0.772603154
1585067966.215294 -674.959411621 -440.388549805 66.579162598 -0.039483845 -0.020000601 -0.631378055 0.774210989
1585067966.248294 -675.187438965 -440.443603516 66.596458435 -0.039472908 -0.019424306 -0.629398823 0.775836110
1585067966.281294 -675.428161621 -440.504272461 66.612586975 -0.039379150 -0.019263389 -0.627397656 0.777464151
1585067966.314295 -675.657531738 -440.562011719 66.629920959 -0.039114505 -0.019108670 -0.625291228 0.779176414
1585067966.347295 -675.886962891 -440.619995117 66.647262573 -0.039131939 -0.019234179 -0.623132348 0.780900002
1585067966.380295 -676.117126465 -440.678466797 66.665061951 -0.039420065 -0.019483613 -0.621030033 0.782552302
1585067966.413295 -676.348876953 -440.740539551 66.681991577 -0.039510164 -0.019927621 -0.618928134 0.784200191
1585067966.446295 -676.580688477 -440.802246094 66.700653076 -0.039324287 -0.020459751 -0.616801679 0.785869420
1585067966.479295 -676.811767578 -440.866455078 66.719978333 -0.039304469 -0.020397132 -0.614725888 0.787496865
1585067966.512295 -677.042724609 -440.932495117 66.739669800 -0.039153069 -0.020094519 -0.612576962 0.789184809
1585067966.545295 -677.273254395 -441.000061035 66.759185791 -0.039176673 -0.019980507 -0.610359430 0.790902853
1585067966.578295 -677.536621094 -441.074401855 66.778579712 -0.039453149 -0.019674402 -0.608074665 0.792654753
1585067966.611295 -677.766235352 -441.146911621 66.798439026 -0.039441675 -0.018814186 -0.605922222 0.794322789
1585067966.644295 -677.996704102 -441.221557617 66.819038391 -0.039225522 -0.018124750 -0.603650391 0.796077371
1585067966.677295 -678.227050781 -441.297729492 66.838973999 -0.039274216 -0.017280811 -0.601388693 0.797803640
1585067966.710295 -678.457397461 -441.375305176 66.857971191 -0.039576083 -0.016312353 -0.599064291 0.799555957
1585067966.743295 -678.705749512 -441.455139160 66.876434326 -0.039892852 -0.015804410 -0.596638262 0.801362276
1585067966.776295 -678.937255859 -441.535278320 66.895614624 -0.039877921 -0.015320152 -0.594147444 0.803220987
1585067966.809296 -679.168334961 -441.616821289 66.914741516 -0.040088505 -0.014911878 -0.591584921 0.805107355
1585067966.842296 -679.400390625 -441.699645996 66.934326172 -0.040320396 -0.014441444 -0.588970900 0.807018638
1585067966.875296 -679.631347656 -441.785095215 66.954505920 -0.040186077 -0.014246956 -0.586301208 0.808970332
1585067966.908296 -679.885131836 -441.870666504 66.974304199 -0.039878339 -0.014539199 -0.583637476 0.810904205
1585067966.941296 -680.118041992 -441.958801270 66.995765686 -0.039582107 -0.014900887 -0.581012428 0.812795103
1585067966.974296 -680.350769043 -442.049255371 67.017364502 -0.039193545 -0.015260221 -0.578332484 0.814716280
1585067967.007296 -680.583435059 -442.142028809 67.039321899 -0.038694948 -0.015510603 -0.575644255 0.816636920
1585067967.040296 -680.833557129 -442.234680176 67.060195923 -0.038170073 -0.015964897 -0.572785914 0.818660200
1585067967.073296 -681.065795898 -442.331726074 67.081718445 -0.037666086 -0.015992837 -0.569973052 0.820643842
1585067967.106296 -681.297302246 -442.430664062 67.103134155 -0.037174702 -0.015898481 -0.567122579 0.822640419
1585067967.139296 -681.528564453 -442.531829834 67.124275208 -0.036683653 -0.015733317 -0.564204395 0.824669778
1585067967.172297 -681.776306152 -442.632537842 67.145294189 -0.036280543 -0.016026497 -0.560914993 0.826922774
1585067967.205297 -682.005981445 -442.737213135 67.166015625 -0.036074605 -0.015814098 -0.557869017 0.828993738
1585067967.238297 -682.236145020 -442.843566895 67.186836243 -0.035997957 -0.015630199 -0.554760158 0.831084251
1585067967.271297 -682.464904785 -442.951293945 67.207580566 -0.036086917 -0.015409312 -0.551601827 0.833184063
1585067967.304297 -682.692871094 -443.060058594 67.227210999 -0.036335528 -0.015055232 -0.548376441 0.835306168
1585067967.337297 -682.940673828 -443.170013428 67.249580383 -0.036450747 -0.015340741 -0.545045316 0.837473452
1585067967.370297 -683.167602539 -443.283508301 67.270065308 -0.036502928 -0.015072267 -0.541840434 0.839553118
1585067967.403297 -683.393554688 -443.399810791 67.291076660 -0.036501378 -0.014675013 -0.538642824 0.841615319
1585067967.436297 -683.618835449 -443.517791748 67.312149048 -0.036523551 -0.014267026 -0.535404563 0.843685031
1585067967.469297 -683.859924316 -443.634094238 67.334152222 -0.036744028 -0.014522946 -0.532020926 0.845808864
1585067967.502297 -684.084655762 -443.755096436 67.355072021 -0.036799103 -0.014439567 -0.528687954 0.847895324
1585067967.535297 -684.308593750 -443.878479004 67.376731873 -0.036911100 -0.014281065 -0.525350809 0.849964857
1585067967.568297 -684.531799316 -444.003570557 67.398368835 -0.036978960 -0.014169632 -0.521982431 0.852036476
1585067967.601297 -684.753967285 -444.130859375 67.419647217 -0.037188739 -0.014099648 -0.518520951 0.854139507
1585067967.634298 -684.993041992 -444.253814697 67.444938660 -0.037498448 -0.014508649 -0.514972389 0.856263340
1585067967.667298 -685.213623047 -444.385131836 67.467063904 -0.037713438 -0.014364349 -0.511549652 0.858305573
1585067967.700298 -685.433227539 -444.518707275 67.489234924 -0.037602961 -0.014098713 -0.508120060 0.860349536
1585067967.733298 -685.652099609 -444.655181885 67.511177063 -0.037311703 -0.013788315 -0.504669189 0.862395942
1585067967.766298 -685.871215820 -444.792358398 67.533569336 -0.036937773 -0.013498450 -0.501161933 0.864459455
1585067967.799298 -686.106811523 -444.925842285 67.558288574 -0.036304746 -0.013625653 -0.497532517 0.866578162
1585067967.832298 -686.325195312 -445.067565918 67.579307556 -0.035814110 -0.014156493 -0.494051546 0.868579328
1585067967.865298 -686.541931152 -445.211547852 67.600791931 -0.035441875 -0.014474474 -0.490572572 0.870558977
1585067967.898298 -686.757446289 -445.357666016 67.622459412 -0.034841243 -0.014653188 -0.487045556 0.872558355
1585067967.931298 -686.972961426 -445.505279541 67.644897461 -0.034440696 -0.014704645 -0.483442426 0.874574840
1585067967.964298 -687.203491211 -445.646179199 67.670860291 -0.033488572 -0.014747725 -0.479676723 0.876681983
1585067967.997298 -687.414489746 -445.798980713 67.694465637 -0.033069283 -0.014152791 -0.476156801 0.878624439
1585067968.030298 -687.624633789 -445.952758789 67.718276978 -0.032854855 -0.013960786 -0.472579598 0.880564690
1585067968.063298 -687.833740234 -446.107879639 67.741531372 -0.032841265 -0.013975370 -0.469019055 0.882466614
1585067968.096299 -688.056579590 -446.253540039 67.766555786 -0.033227682 -0.014229709 -0.465147048 0.884495199
1585067968.129299 -688.263916016 -446.411315918 67.788490295 -0.033661302 -0.014269431 -0.461561382 0.886354566
1585067968.162299 -688.469909668 -446.570587158 67.809402466 -0.034255233 -0.014166967 -0.457907081 0.888226867
1585067968.195299 -688.674499512 -446.732269287 67.830131531 -0.034985572 -0.013613313 -0.454232335 0.890092015
1585067968.228299 -688.891540527 -446.886199951 67.853981018 -0.035038833 -0.013310401 -0.450349659 0.892065227
1585067968.261299 -689.093750000 -447.053009033 67.874893188 -0.035188317 -0.012676442 -0.446718574 0.893892407
1585067968.294299 -689.294494629 -447.222473145 67.896499634 -0.034989476 -0.012004820 -0.443148702 0.895684600
1585067968.327299 -689.493530273 -447.395202637 67.918624878 -0.034528196 -0.011154285 -0.439677775 0.897422373
1585067968.360299 -689.693481445 -447.569122314 67.942893982 -0.033868641 -0.010410564 -0.436111212 0.899194956
1585067968.393299 -689.906799316 -447.731140137 67.971397400 -0.032671783 -0.010384471 -0.432310730 0.901072800
1585067968.426299 -690.104980469 -447.908660889 67.995201111 -0.031949639 -0.010532096 -0.428764403 0.902789831
1585067968.459300 -690.301696777 -448.087677002 68.019119263 -0.031324118 -0.010645935 -0.425115675 0.904534221
1585067968.492300 -690.497375488 -448.267639160 68.042793274 -0.030879766 -0.010548475 -0.421477348 0.906251669
1585067968.525300 -690.704956055 -448.435302734 68.070175171 -0.030309947 -0.010399341 -0.417584360 0.908073008
1585067968.558300 -690.897888184 -448.618682861 68.093032837 -0.030085891 -0.010047458 -0.413925916 0.909757793
1585067968.591300 -691.089477539 -448.803100586 68.115760803 -0.030186862 -0.009861613 -0.410310805 0.911392689
1585067968.624300 -691.280029297 -448.989074707 68.137847900 -0.030400574 -0.009881239 -0.406740159 0.912984490
1585067968.657300 -691.480468750 -449.160736084 68.165748596 -0.030749559 -0.009791270 -0.402907968 0.914671421
1585067968.690300 -691.666442871 -449.350891113 68.187896729 -0.031143039 -0.008897519 -0.399392247 0.916207910
1585067968.723300 -691.850524902 -449.542938232 68.210220337 -0.031449050 -0.007880438 -0.395840317 0.917746902
1585067968.756300 -692.035156250 -449.735198975 68.232315063 -0.032104671 -0.007872744 -0.392250896 0.919264197
1585067968.789300 -692.220153809 -449.928161621 68.254959106 -0.033037275 -0.007828742 -0.388577342 0.920790434
1585067968.822300 -692.412231445 -450.120483398 68.280647278 -0.033807367 -0.007845405 -0.384919643 0.922297359
1585067968.855300 -692.593139648 -450.317626953 68.304321289 -0.034331143 -0.007638676 -0.381334543 0.923767865
1585067968.888301 -692.772277832 -450.517395020 68.328323364 -0.034538388 -0.007087084 -0.377745509 0.925237954
1585067968.921301 -692.949645996 -450.718750000 68.352416992 -0.034765959 -0.006375803 -0.374236524 0.926659465
1585067968.954301 -693.127685547 -450.921020508 68.377647400 -0.035068512 -0.005820907 -0.370654017 0.928090572
1585067968.987301 -693.317504883 -451.085144043 68.415756226 -0.034780055 -0.005479992 -0.367000014 0.929554403
1585067969.020301 -693.490661621 -451.292724609 68.442054749 -0.034454376 -0.004726760 -0.363845646 0.930809855
1585067969.053301 -693.661987305 -451.502563477 68.468292236 -0.034074366 -0.003764302 -0.360926569 0.931963980
1585067969.086301 -693.833007812 -451.712280273 68.493576050 -0.034159150 -0.003178996 -0.358026952 0.933080792
1585067969.119301 -694.005920410 -451.922882080 68.520668030 -0.033830106 -0.002817902 -0.355151236 0.934192300
1585067969.152301 -694.187377930 -452.109497070 68.554420471 -0.033603042 -0.001980452 -0.352327168 0.935271382
1585067969.185301 -694.356689453 -452.323364258 68.580276489 -0.033194512 -0.001324652 -0.349799782 0.936235309
1585067969.218302 -694.524475098 -452.538299561 68.606239319 -0.032896221 -0.000618601 -0.347415596 0.937133908
1585067969.251301 -694.692199707 -452.753967285 68.632392883 -0.032533228 -0.000171684 -0.345160842 0.937979579
1585067969.284302 -694.863281250 -452.969421387 68.659072876 -0.032208025 0.000072543 -0.342986643 0.938787997
1585067969.317302 -695.040649414 -453.159362793 68.693191528 -0.031675249 0.000219645 -0.340959847 0.939544082
1585067969.350302 -695.208007812 -453.377593994 68.719184875 -0.031255752 0.000343085 -0.339189321 0.940198779
1585067969.383302 -695.374206543 -453.596374512 68.745361328 -0.030918330 0.000547025 -0.337586761 0.940786421
1585067969.416302 -695.540405273 -453.815887451 68.770980835 -0.030646412 0.000735484 -0.336054087 0.941343725
1585067969.449302 -695.706604004 -454.034973145 68.797256470 -0.030275643 0.000952561 -0.334532052 0.941897511
1585067969.482302 -695.882934570 -454.227722168 68.831413269 -0.029828161 0.001558369 -0.333198845 0.942383409
1585067969.515302 -696.047424316 -454.448883057 68.857101440 -0.029507874 0.001941748 -0.332107842 0.942777812
1585067969.548302 -696.211730957 -454.671020508 68.882438660 -0.029171795 0.002339063 -0.331237018 0.943093657
1585067969.581302 -696.375244141 -454.893005371 68.907951355 -0.028903067 0.002799632 -0.330567539 0.943335593
1585067969.614302 -696.549926758 -455.091613770 68.940711975 -0.028707862 0.003483179 -0.329930931 0.943562031
1585067969.647302 -696.713500977 -455.314331055 68.966072083 -0.028558787 0.004111847 -0.329735845 0.943632185
1585067969.680302 -696.876953125 -455.537170410 68.991622925 -0.028408196 0.004696352 -0.329828918 0.943601489
1585067969.713303 -697.041320801 -455.759338379 69.016883850 -0.028440025 0.005222680 -0.330074102 0.943512022
1585067969.746303 -697.217529297 -455.957336426 69.049827576 -0.028539360 0.005863667 -0.330342829 0.943411291
1585067969.779303 -697.383544922 -456.178894043 69.075462341 -0.028679729 0.006166367 -0.330895841 0.943211198
1585067969.812303 -697.550964355 -456.399719238 69.101409912 -0.028909234 0.006193514 -0.331556499 0.942972004
1585067969.845303 -697.718994141 -456.620239258 69.127532959 -0.029274732 0.006123203 -0.332251489 0.942716599
1585067969.878303 -697.898681641 -456.815887451 69.159645081 -0.029684484 0.006038059 -0.332799911 0.942510843
1585067969.911303 -698.068847656 -457.035095215 69.185905457 -0.030027922 0.005785433 -0.333567530 0.942230105
1585067969.944303 -698.239562988 -457.254241943 69.212310791 -0.030383166 0.005523678 -0.334321350 0.941953063
1585067969.977303 -698.410705566 -457.473205566 69.239067078 -0.030710816 0.005167791 -0.335082233 0.941674113
1585067970.010303 -698.592956543 -457.686035156 69.269783020 -0.030917972 0.004744984 -0.335618347 0.941478610
1585067970.043303 -698.765808105 -457.905090332 69.296821594 -0.031064570 0.004455886 -0.336380661 0.941203117
1585067970.076303 -698.939880371 -458.124389648 69.324096680 -0.031220615 0.004149619 -0.337131351 0.940930724
1585067970.109303 -699.113830566 -458.343933105 69.351432800 -0.031319972 0.003888812 -0.337893635 0.940654993
1585067970.142303 -699.295715332 -458.525848389 69.385711670 -0.031426463 0.003599406 -0.338551313 0.940416157
1585067970.175304 -699.470886230 -458.745422363 69.413558960 -0.031408817 0.003517721 -0.339410245 0.940107346
1585067970.208304 -699.645935059 -458.965454102 69.441841125 -0.031341791 0.003561652 -0.340328485 0.939777374
1585067970.241304 -699.821777344 -459.185424805 69.469841003 -0.031243712 0.003650654 -0.341253400 0.939444900
1585067970.274304 -700.003417969 -459.384460449 69.501686096 -0.031241270 0.003825184 -0.342012614 0.939168155
1585067970.307304 -700.180297852 -459.604248047 69.529747009 -0.031230778 0.004026206 -0.342978716 0.938815236
1585067970.340304 -700.357666016 -459.824066162 69.557624817 -0.031124145 0.004133319 -0.343914062 0.938476086
1585067970.373304 -700.535949707 -460.043579102 69.585205078 -0.030957641 0.004176451 -0.344845057 0.938139737
1585067970.406304 -700.720642090 -460.243469238 69.615577698 -0.030837625 0.004158086 -0.345656604 0.937845051
1585067970.439304 -700.901611328 -460.462463379 69.643104553 -0.030710787 0.003987451 -0.346568048 0.937513530
1585067970.472304 -701.082885742 -460.681274414 69.670951843 -0.030647904 0.003884227 -0.347449541 0.937189698
1585067970.505304 -701.265258789 -460.900177002 69.698684692 -0.030512393 0.003754325 -0.348343909 0.936862588
1585067970.538305 -701.449279785 -461.116943359 69.727188110 -0.030202657 0.003613810 -0.349058330 0.936607242
1585067970.571305 -701.635803223 -461.315429688 69.757652283 -0.029770136 0.003731406 -0.349958062 0.936284781
1585067970.604305 -701.820068359 -461.533935547 69.785949707 -0.029443890 0.003674064 -0.350848496 0.935962081
1585067970.637305 -702.004272461 -461.752655029 69.814071655 -0.029185534 0.003631074 -0.351736963 0.935636759
1585067970.670305 -702.189514160 -461.971069336 69.841659546 -0.028982639 0.003671759 -0.352638006 0.935303688
1585067970.703305 -702.378540039 -462.173522949 69.871772766 -0.028749555 0.003737938 -0.353466600 0.934997797
1585067970.736305 -702.564575195 -462.390899658 69.899414062 -0.028863784 0.003748919 -0.354371637 0.934651613
1585067970.769305 -702.751342773 -462.607727051 69.927375793 -0.029109865 0.003628579 -0.355281383 0.934299052
1585067970.802305 -702.938049316 -462.824401855 69.955276489 -0.029606938 0.003744526 -0.356198132 0.933933854
1585067970.835305 -703.128906250 -463.026794434 69.985504150 -0.029526176 0.004015925 -0.356890291 0.933670938
1585067970.868305 -703.316833496 -463.244140625 70.013771057 -0.029822826 0.004366524 -0.357737839 0.933335543
1585067970.901305 -703.505554199 -463.460998535 70.041946411 -0.030148685 0.004557975 -0.358606875 0.932990551
1585067970.934305 -703.695556641 -463.677551270 70.070053101 -0.030786723 0.004624796 -0.359421432 0.932655931
1585067970.967305 -703.888610840 -463.878234863 70.099624634 -0.031495005 0.004467923 -0.360039711 0.932394564
1585067971.000306 -704.079833984 -464.093811035 70.128135681 -0.031667471 0.004343181 -0.360813558 0.932090163
1585067971.033306 -704.271789551 -464.309295654 70.156890869 -0.031917389 0.004199268 -0.361566037 0.931790531
1585067971.066306 -704.464904785 -464.524993896 70.185813904 -0.032020628 0.004032821 -0.362257719 0.931519091
1585067971.099306 -704.661865234 -464.728759766 70.216651917 -0.032060325 0.003780488 -0.362780005 0.931315541
1585067971.132306 -704.856994629 -464.945037842 70.246238708 -0.031851348 0.003819925 -0.363355577 0.931098104
1585067971.165306 -705.052185059 -465.161254883 70.275978088 -0.031828195 0.003764492 -0.364041775 0.930831075
1585067971.198306 -705.247863770 -465.377685547 70.305793762 -0.031485081 0.003481104 -0.364644527 0.930607915
1585067971.231306 -705.444274902 -465.584106445 70.336425781 -0.031107605 0.003246319 -0.365269005 0.930376410
1585067971.264306 -705.641479492 -465.799316406 70.366851807 -0.030843344 0.002957514 -0.365847528 0.930158854
1585067971.297306 -705.838317871 -466.015014648 70.397583008 -0.030709207 0.002782085 -0.366434038 0.929932952
1585067971.330306 -706.035888672 -466.230285645 70.427772522 -0.030680003 0.002830353 -0.366941869 0.929733574
1585067971.363307 -706.234558105 -466.439697266 70.457389832 -0.030314267 0.002905382 -0.367372841 0.929575086
1585067971.396307 -706.433410645 -466.655029297 70.487274170 -0.030168742 0.002759680 -0.367835999 0.929397166
1585067971.429307 -706.632995605 -466.870239258 70.517311096 -0.030295581 0.002565407 -0.368267179 0.929222822
1585067971.462306 -706.832946777 -467.085205078 70.546844482 -0.030495252 0.002363072 -0.368687660 0.929049969
1585067971.495307 -707.032287598 -467.293151855 70.576080322 -0.030798972 0.002335538 -0.369079113 0.928884625
1585067971.528307 -707.232910156 -467.508026123 70.605575562 -0.031066298 0.002294158 -0.369389713 0.928752363
1585067971.561307 -707.433654785 -467.723083496 70.635032654 -0.031319439 0.002274392 -0.369659185 0.928636670
1585067971.594307 -707.633789062 -467.938964844 70.664962769 -0.031336427 0.002259074 -0.369827986 0.928568959
1585067971.627307 -707.834533691 -468.150451660 70.694244385 -0.031342775 0.002338742 -0.369912565 0.928534806
1585067971.660307 -708.035461426 -468.366851807 70.724197388 -0.031441331 0.002443646 -0.369961143 0.928511858
1585067971.693307 -708.237487793 -468.583709717 70.754318237 -0.031445950 0.002475950 -0.369963646 0.928510666
1585067971.726307 -708.439453125 -468.799560547 70.784606934 -0.031351775 0.002529318 -0.370009840 0.928495288
1585067971.759307 -708.640930176 -469.014099121 70.815162659 -0.031269405 0.002700163 -0.370070517 0.928473413
1585067971.792307 -708.843200684 -469.231384277 70.845939636 -0.031153858 0.002712599 -0.370152086 0.928444743
1585067971.825308 -709.045959473 -469.448913574 70.876716614 -0.030997425 0.002731548 -0.370220780 0.928422511
1585067971.858308 -709.248046875 -469.666320801 70.907684326 -0.030942883 0.002935715 -0.370283395 0.928398669
1585067971.891308 -709.450683594 -469.882690430 70.938522339 -0.031035362 0.003172908 -0.370368302 0.928360999
1585067971.924308 -709.653808594 -470.100708008 70.969642639 -0.031137731 0.003292731 -0.370443434 0.928327143
1585067971.957308 -709.856994629 -470.318603516 71.000694275 -0.031246094 0.003439333 -0.370497495 0.928301454
1585067971.990308 -710.060607910 -470.537200928 71.031608582 -0.031257119 0.003572591 -0.370560527 0.928275347
1585067972.023308 -710.264221191 -470.755310059 71.062194824 -0.031363577 0.003674865 -0.370645225 0.928237557
1585067972.056308 -710.468750000 -470.973937988 71.092933655 -0.031434298 0.003779634 -0.370634317 0.928239167
1585067972.089308 -710.673522949 -471.192260742 71.123878479 -0.031551033 0.003794557 -0.370583743 0.928255320
1585067972.122308 -710.878295898 -471.411987305 71.154876709 -0.031539083 0.003792816 -0.370500147 0.928289115
1585067972.155308 -711.083862305 -471.632019043 71.185760498 -0.031572193 0.003872233 -0.370282203 0.928374588
1585067972.188308 -711.289672852 -471.851928711 71.217124939 -0.031513542 0.003773484 -0.370083034 0.928456426
1585067972.221308 -711.495300293 -472.072387695 71.248870850 -0.031388607 0.003571235 -0.369871467 0.928545713
1585067972.254309 -711.701293945 -472.292480469 71.280433655 -0.031266481 0.003484973 -0.369670868 0.928630114
1585067972.287308 -711.907775879 -472.515258789 71.311492920 -0.031265497 0.003420194 -0.369412363 0.928733170
1585067972.320309 -712.113769531 -472.736694336 71.343215942 -0.031148165 0.003538473 -0.369300604 0.928781152
1585067972.353309 -712.318969727 -472.958709717 71.375038147 -0.031018227 0.003772918 -0.369275153 0.928794682
1585067972.386309 -712.525024414 -473.180267334 71.407035828 -0.030909956 0.004175291 -0.369319797 0.928778827
1585067972.419309 -712.731018066 -473.405822754 71.438034058 -0.030754805 0.004711886 -0.369467288 0.928722739
1585067972.452309 -712.937011719 -473.628479004 71.469581604 -0.030526875 0.005186590 -0.369813770 0.928589821
1585067972.485309 -713.143615723 -473.851318359 71.501296997 -0.030343320 0.005671084 -0.370270282 0.928411007
1585067972.518309 -713.350463867 -474.073852539 71.533584595 -0.030200571 0.006126840 -0.370813727 0.928195953
1585067972.551309 -713.559570312 -474.300109863 71.564552307 -0.030055463 0.006654112 -0.371391565 0.927965879
1585067972.584309 -713.768493652 -474.522094727 71.596328735 -0.029889792 0.006817494 -0.372064352 0.927700520
1585067972.617309 -713.978393555 -474.744079590 71.628120422 -0.029815018 0.006847788 -0.372739494 0.927431703
1585067972.650309 -714.189453125 -474.965454102 71.660179138 -0.029678643 0.006764263 -0.373412728 0.927165806
1585067972.683310 -714.403198242 -475.190490723 71.690643311 -0.029487878 0.006383860 -0.373976409 0.926947355
1585067972.716310 -714.615783691 -475.411682129 71.722076416 -0.029419271 0.006170587 -0.374663830 0.926673353
1585067972.749310 -714.827941895 -475.633300781 71.753921509 -0.029286236 0.006480685 -0.375319541 0.926410079
1585067972.782310 -715.042053223 -475.857879639 71.786041260 -0.028871894 0.006867328 -0.375958741 0.926161051
1585067972.815310 -715.255065918 -476.079864502 71.818008423 -0.028683007 0.007341173 -0.376623631 0.925893188
1585067972.848310 -715.467773438 -476.301971436 71.850006104 -0.028573036 0.007920794 -0.377295822 0.925618052
1585067972.881310 -715.680969238 -476.525238037 71.881584167 -0.028385550 0.008185082 -0.378021449 0.925325394
1585067972.914310 -715.898864746 -476.748870850 71.913917542 -0.028573751 0.008182517 -0.378646642 0.925063968
1585067972.947310 -716.115661621 -476.968811035 71.945503235 -0.029084295 0.007484077 -0.379299045 0.924786687
1585067972.980310 -716.333923340 -477.187316895 71.976387024 -0.029996485 0.006405631 -0.379966378 0.924491644
1585067973.013310 -716.553222656 -477.406311035 72.008010864 -0.030412316 0.005468605 -0.380593538 0.924226046
1585067973.046310 -716.776062012 -477.628082275 72.039718628 -0.030592650 0.004874115 -0.381306291 0.923929632
1585067973.079311 -716.995605469 -477.847961426 72.072029114 -0.030849785 0.004569675 -0.382005155 0.923633933
1585067973.112310 -717.214721680 -478.069305420 72.104484558 -0.030709859 0.004607335 -0.382752180 0.923328996
1585067973.145311 -717.432861328 -478.291412354 72.135688782 -0.030073524 0.004749239 -0.383433193 0.923066676
1585067973.178311 -717.655822754 -478.516296387 72.169288635 -0.030268192 0.005307646 -0.384134769 0.922765493
1585067973.211311 -717.875488281 -478.738189697 72.201690674 -0.030218422 0.005462673 -0.384734750 0.922516286
1585067973.244311 -718.096069336 -478.958831787 72.234283447 -0.030447900 0.005168620 -0.385242373 0.922298551
1585067973.277311 -718.317749023 -479.178649902 72.267562866 -0.030878723 0.004832112 -0.385578573 0.922145486
1585067973.310311 -718.544189453 -479.401123047 72.301017761 -0.031523347 0.004589907 -0.385903120 0.921989143
1585067973.343311 -718.768127441 -479.619567871 72.333351135 -0.032384336 0.004194508 -0.386157513 0.921854734
1585067973.376311 -718.992431641 -479.838623047 72.366142273 -0.033022016 0.003777538 -0.386469841 0.921702981
1585067973.409311 -719.216186523 -480.058135986 72.399185181 -0.033594936 0.003606060 -0.386797011 0.921545684
1585067973.442312 -719.444580078 -480.281433105 72.432609558 -0.034418643 0.003553413 -0.387197018 0.921347558
1585067973.475311 -719.669860840 -480.502319336 72.465553284 -0.034564819 0.003297153 -0.387701809 0.921130657
1585067973.508312 -719.895324707 -480.723937988 72.499244690 -0.034509033 0.003031789 -0.388247460 0.920903862
1585067973.541312 -720.120788574 -480.945495605 72.533256531 -0.034318238 0.002915658 -0.388731450 0.920707166
1585067973.574312 -720.350769043 -481.173126221 72.569046021 -0.033843011 0.002851835 -0.389145553 0.920549989
1585067973.607312 -720.577819824 -481.396942139 72.603340149 -0.033311963 0.002800400 -0.389523923 0.920409441
1585067973.640312 -720.805603027 -481.620635986 72.637695312 -0.032694012 0.002795945 -0.389854461 0.920291722
1585067973.673312 -721.033569336 -481.844390869 72.672203064 -0.032014430 0.002740088 -0.390158176 0.920187116
1585067973.706312 -721.265930176 -482.073394775 72.707550049 -0.031386435 0.002742461 -0.390415847 0.920099437
1585067973.739312 -721.494628906 -482.297027588 72.741226196 -0.030919552 0.002547635 -0.390701056 0.919994712
1585067973.772312 -721.724243164 -482.520324707 72.774581909 -0.030714303 0.002418010 -0.390953809 0.919894576
1585067973.805312 -721.954040527 -482.743194580 72.807708740 -0.030631777 0.002218365 -0.391183376 0.919800162
1585067973.838312 -722.189086914 -482.971588135 72.841056824 -0.030758709 0.001849267 -0.391360015 0.919721603
1585067973.871312 -722.420166016 -483.193969727 72.873588562 -0.031052170 0.001385727 -0.391538650 0.919636548
1585067973.904313 -722.651367188 -483.416168213 72.905555725 -0.031317946 0.000904377 -0.391722798 0.919549644
1585067973.937313 -722.883056641 -483.638916016 72.937309265 -0.031583220 0.000459814 -0.391863286 0.919481158
1585067973.970313 -723.120056152 -483.867858887 72.970573425 -0.031875584 -0.000026180 -0.391910434 0.919451058
1585067974.003313 -723.352294922 -484.090820312 73.002311707 -0.032135602 -0.000581271 -0.391995430 0.919405520
1585067974.036313 -723.584899902 -484.313995361 73.034751892 -0.032400101 -0.001047577 -0.391999781 0.919394076
1585067974.069313 -723.817565918 -484.537231445 73.067642212 -0.032564428 -0.001372496 -0.391998589 0.919388235
1585067974.102313 -724.055053711 -484.768890381 73.101493835 -0.032781512 -0.001659011 -0.391891360 0.919425845
1585067974.135313 -724.287719727 -484.993103027 73.134719849 -0.032846719 -0.001852800 -0.391770452 0.919474661
1585067974.168313 -724.519714355 -485.218048096 73.168205261 -0.032891568 -0.001856068 -0.391681165 0.919511020
1585067974.201313 -724.755981445 -485.450134277 73.202331543 -0.032959908 -0.001885443 -0.391631126 0.919529855
1585067974.234313 -724.987670898 -485.675842285 73.235427856 -0.032981098 -0.001783131 -0.391575783 0.919552922
1585067974.267313 -725.219909668 -485.901641846 73.268676758 -0.033162266 -0.001681077 -0.391495883 0.919580579
1585067974.300313 -725.451660156 -486.127532959 73.301948547 -0.033219993 -0.001503433 -0.391432554 0.919605792
1585067974.333313 -725.690917969 -486.364562988 73.337196350 -0.033230543 -0.001431545 -0.391396672 0.919620812
1585067974.366313 -725.922851562 -486.591033936 73.371139526 -0.033122629 -0.001290217 -0.391316772 0.919658899
1585067974.399314 -726.155456543 -486.817352295 73.405311584 -0.033001333 -0.001260706 -0.391270339 0.919683039
1585067974.432314 -726.387695312 -487.043334961 73.439933777 -0.033143699 -0.001153543 -0.391304016 0.919663727
1585067974.465314 -726.627685547 -487.282775879 73.474067688 -0.033335149 -0.001114822 -0.391304165 0.919656754
1585067974.498314 -726.860534668 -487.509216309 73.508285522 -0.033345342 -0.000960151 -0.391297102 0.919659674
1585067974.531314 -727.092712402 -487.735504150 73.543014526 -0.033408582 -0.000828646 -0.391279817 0.919664800
1585067974.564314 -727.324890137 -487.961975098 73.577651978 -0.033498198 -0.000686489 -0.391226441 0.919684350
1585067974.597314 -727.565551758 -488.202575684 73.611923218 -0.033704877 -0.000476982 -0.391172528 0.919699848
1585067974.630314 -727.797912598 -488.429229736 73.646888733 -0.033802420 -0.000243855 -0.391123176 0.919717371
1585067974.663314 -728.030151367 -488.655883789 73.681884766 -0.034073770 -0.000006565 -0.391100705 0.919716954
1585067974.696314 -728.262878418 -488.882690430 73.716094971 -0.034281969 0.000085392 -0.391085774 0.919715583
1585067974.729315 -728.504150391 -489.123291016 73.751510620 -0.034661710 0.000298820 -0.390987933 0.919742942
1585067974.762315 -728.736938477 -489.349792480 73.786506653 -0.034773290 0.000402907 -0.390927672 0.919764280
1585067974.795315 -728.970092773 -489.576629639 73.821716309 -0.034968287 0.000456842 -0.390835762 0.919795871
1585067974.828315 -729.203918457 -489.803985596 73.857833862 -0.035085917 0.000464109 -0.390753895 0.919826210
1585067974.861315 -729.446594238 -490.045593262 73.892997742 -0.035240948 0.000354513 -0.390715122 0.919836760
1585067974.894315 -729.680419922 -490.273193359 73.928718567 -0.035032213 0.000250935 -0.390676618 0.919861197
1585067974.927315 -729.914672852 -490.501251221 73.964607239 -0.034809444 0.000170398 -0.390648931 0.919881403
1585067974.960315 -730.147827148 -490.730499268 74.000610352 -0.034510225 0.000147329 -0.390610933 0.919908762
1585067974.993315 -730.392578125 -490.973114014 74.036392212 -0.034372807 0.000261950 -0.390540123 0.919943988
1585067975.026315 -730.626220703 -491.202392578 74.072311401 -0.034024265 0.000282499 -0.390497595 0.919974923
1585067975.059315 -730.860168457 -491.431579590 74.108329773 -0.033695281 0.000320170 -0.390471607 0.919998109
1585067975.092315 -731.094055176 -491.661041260 74.143920898 -0.033334851 0.000308658 -0.390430778 0.920028567
1585067975.125315 -731.339965820 -491.904785156 74.178100586 -0.032977492 0.000210552 -0.390474677 0.920022845
1585067975.158315 -731.574523926 -492.134643555 74.213020325 -0.032528520 0.000107896 -0.390453279 0.920047998
1585067975.191315 -731.808349609 -492.364471436 74.248191833 -0.032247897 0.000186189 -0.390432656 0.920066476
1585067975.224316 -732.043029785 -492.593719482 74.283096313 -0.032128841 0.000338592 -0.390481085 0.920050144
1585067975.257316 -732.288635254 -492.838684082 74.317428589 -0.031879514 0.000582028 -0.390393376 0.920095861
1585067975.290316 -732.522949219 -493.068084717 74.352195740 -0.031835824 0.000789716 -0.390509903 0.920047820
1585067975.323316 -732.756652832 -493.297546387 74.387275696 -0.031803012 0.001025457 -0.390697598 0.919969022
1585067975.356316 -732.990295410 -493.526885986 74.421691895 -0.031835914 0.001139074 -0.390911996 0.919876695
1585067975.389316 -733.237243652 -493.769775391 74.456283569 -0.032087713 0.001363947 -0.391088933 0.919792414
1585067975.455316 -733.704406738 -494.226562500 74.525726318 -0.032954007 0.001929883 -0.391528606 0.919573665
1585067975.488316 -733.939392090 -494.454345703 74.560966492 -0.033272415 0.002001238 -0.391729981 0.919476271
1585067975.521316 -734.187438965 -494.697326660 74.595329285 -0.033439931 0.002027079 -0.391834348 0.919425607
1585067975.554316 -734.422851562 -494.924896240 74.630386353 -0.033416327 0.001791057 -0.391960323 0.919373274
1585067975.587317 -734.658569336 -495.152557373 74.665672302 -0.033312019 0.001425028 -0.392071754 0.919330239
1585067975.620317 -734.894348145 -495.379821777 74.701232910 -0.033120513 0.001016140 -0.392130792 0.919312596
1585067975.653316 -735.129943848 -495.612609863 74.735946655 -0.032712996 0.000791336 -0.392165661 0.919312418
1585067975.686317 -735.365234375 -495.840972900 74.771469116 -0.032235771 0.000628417 -0.392215133 0.919308364
1585067975.719317 -735.600097656 -496.069488525 74.807113647 -0.031605691 0.000348120 -0.392275065 0.919304848
1585067975.752317 -735.834777832 -496.297576904 74.842521667 -0.031070320 0.000101577 -0.392327875 0.919300556
1585067975.785317 -736.098083496 -496.550262451 74.877601624 -0.030512957 -0.000228886 -0.392391294 0.919292152
1585067975.818317 -736.331970215 -496.778625488 74.912124634 -0.030137923 -0.000482857 -0.392389864 0.919304967
1585067975.851317 -736.565673828 -497.006042480 74.945953369 -0.030038385 -0.000700908 -0.392367870 0.919317544
1585067975.884317 -736.799621582 -497.233703613 74.978820801 -0.029843327 -0.000873159 -0.392266273 0.919367075
1585067975.917317 -737.047668457 -497.472961426 75.011474609 -0.029752942 -0.000942349 -0.392089993 0.919445157
1585067975.950317 -737.279907227 -497.699951172 75.044883728 -0.029674591 -0.001075429 -0.391909510 0.919524491
1585067975.983318 -737.511352539 -497.926300049 75.078041077 -0.029790819 -0.001050130 -0.391736865 0.919594288
1585067976.016317 -737.742736816 -498.153442383 75.110565186 -0.029948860 -0.001008246 -0.391590416 0.919651628
1585067976.049318 -737.988525391 -498.390777588 75.144020081 -0.030385047 -0.000930670 -0.391291797 0.919764519
1585067976.082318 -738.217651367 -498.617401123 75.177307129 -0.030636281 -0.000591871 -0.391136050 0.919822693
1585067976.115318 -738.446289062 -498.843536377 75.210189819 -0.030935971 -0.000152353 -0.390953153 0.919890583
1585067976.148318 -738.674499512 -499.069946289 75.243179321 -0.031194745 0.000154106 -0.390790790 0.919950843
1585067976.181318 -738.919677734 -499.306976318 75.276000977 -0.031567812 0.000248152 -0.390524566 0.920051157
1585067976.214318 -739.147094727 -499.532562256 75.309967041 -0.031849653 0.000508385 -0.390357643 0.920112133
1585067976.247318 -739.374267578 -499.758209229 75.344078064 -0.032077432 0.000741344 -0.390153050 0.920190811
1585067976.280318 -739.600830078 -499.983764648 75.378646851 -0.032220006 0.000615282 -0.389918625 0.920285344
1585067976.313318 -739.847229004 -500.219940186 75.411994934 -0.032387018 0.000172843 -0.389537275 0.920441151
1585067976.346318 -740.073913574 -500.445159912 75.446983337 -0.032441583 0.000006000 -0.389229119 0.920569539
1585067976.379318 -740.299987793 -500.670196533 75.482215881 -0.032301486 -0.000036807 -0.388897121 0.920714796
1585067976.412318 -740.525268555 -500.895416260 75.516876221 -0.032131046 -0.000124720 -0.388584912 0.920852602
1585067976.445318 -740.771240234 -501.132995605 75.549682617 -0.031917334 -0.000279763 -0.388189614 0.921026647
1585067976.478319 -740.996032715 -501.358001709 75.583984375 -0.031726390 -0.000385800 -0.387911469 0.921150446
1585067976.511319 -741.220397949 -501.582916260 75.618324280 -0.031425953 -0.000502868 -0.387675762 0.921259880
1585067976.544319 -741.444274902 -501.807250977 75.652252197 -0.031264633 -0.000646512 -0.387418151 0.921373665
1585067976.577319 -741.688171387 -502.045410156 75.684646606 -0.031192064 -0.000691656 -0.387047231 0.921531916
1585067976.610319 -741.910888672 -502.269927979 75.718269348 -0.031062154 -0.000754003 -0.386743039 0.921663940
1585067976.643319 -742.132690430 -502.494018555 75.752189636 -0.030969620 -0.000737405 -0.386473387 0.921780229
1585067976.676319 -742.354248047 -502.718200684 75.785865784 -0.030906796 -0.000596249 -0.386228919 0.921884894
1585067976.709319 -742.596862793 -502.955474854 75.817565918 -0.031066895 -0.000637813 -0.385879755 0.922025621
1585067976.742319 -742.817443848 -503.179321289 75.850532532 -0.031394154 -0.000556464 -0.385593414 0.922134399
1585067976.775319 -743.037475586 -503.402313232 75.883735657 -0.031806171 -0.000507706 -0.385328144 0.922231197
1585067976.808320 -743.274169922 -503.634918213 75.915710449 -0.032376677 -0.000630640 -0.384831965 0.922418475
1585067976.841319 -743.493957520 -503.857696533 75.948806763 -0.032700092 -0.000596046 -0.384500563 0.922545314
1585067976.874320 -743.712951660 -504.081024170 75.981964111 -0.033036854 -0.000459954 -0.384210140 0.922654271
1585067976.907320 -743.931457520 -504.304168701 76.015312195 -0.033300132 -0.000289994 -0.383956850 0.922750354
1585067976.940320 -744.172363281 -504.541351318 76.047683716 -0.033510745 -0.000270677 -0.383582294 0.922898531
1585067976.973320 -744.390808105 -504.765350342 76.081588745 -0.033606917 -0.000189716 -0.383354455 0.922989666
1585067977.006320 -744.608886719 -504.989288330 76.115119934 -0.033599492 -0.000189792 -0.383138388 0.923079610
1585067977.039320 -744.827453613 -505.213684082 76.148826599 -0.033382207 -0.000207333 -0.382992655 0.923148036
1585067977.072320 -745.068908691 -505.451873779 76.181648254 -0.033075929 -0.000438489 -0.382679999 0.923288584
1585067977.105320 -745.287475586 -505.676788330 76.215553284 -0.032491326 -0.000488622 -0.382579088 0.923351169
1585067977.138320 -745.505249023 -505.901458740 76.249656677 -0.032056004 -0.000365250 -0.382512778 0.923393905
1585067977.171320 -745.722778320 -506.126007080 76.283569336 -0.031647801 -0.000237721 -0.382495433 0.923415184
1585067977.204320 -745.962890625 -506.364776611 76.316055298 -0.031350821 -0.000317003 -0.382441938 0.923447490
1585067977.237320 -746.180236816 -506.588867188 76.349754333 -0.031153589 -0.000229336 -0.382430673 0.923458874
1585067977.270320 -746.397216797 -506.812377930 76.382743835 -0.031072792 -0.000182327 -0.382456452 0.923450828
1585067977.303321 -746.614074707 -507.035766602 76.415756226 -0.031003682 -0.000142624 -0.382439822 0.923460126
1585067977.336321 -746.853332520 -507.275238037 76.445510864 -0.030488998 0.000189427 -0.382286489 0.923540711
1585067977.369321 -747.069396973 -507.500457764 76.476875305 -0.030003458 0.001065119 -0.382235408 0.923577249
1585067977.402321 -747.285461426 -507.725006104 76.508308411 -0.030152619 0.001536752 -0.382304609 0.923542976
1585067977.435321 -747.503173828 -507.949920654 76.539039612 -0.029597130 0.001556727 -0.382271260 0.923574686
1585067977.468321 -747.741760254 -508.189178467 76.568550110 -0.029060483 0.001637239 -0.382159799 0.923637748
1585067977.501321 -747.958190918 -508.412414551 76.600044250 -0.028971046 0.001716232 -0.382088006 0.923670173
1585067977.534321 -748.175659180 -508.633941650 76.632286072 -0.029299589 0.000989261 -0.382069945 0.923668325
1585067977.567321 -748.393005371 -508.854949951 76.664649963 -0.029652687 0.000330081 -0.381920397 0.923719347
1585067977.600321 -748.633300781 -509.090759277 76.694885254 -0.030143410 -0.000393755 -0.381553471 0.923855066
1585067977.633322 -748.848266602 -509.312072754 76.726684570 -0.031241179 0.000135801 -0.381565690 0.923813701
1585067977.666322 -749.062927246 -509.532867432 76.758666992 -0.032298774 0.000318872 -0.381426036 0.923834920
1585067977.699322 -749.280029297 -509.753173828 76.790344238 -0.032799780 0.000069390 -0.381193876 0.923913121
1585067977.732322 -749.516113281 -509.989715576 76.819450378 -0.033615381 0.000299588 -0.380949378 0.923984528
1585067977.765322 -749.730285645 -510.211181641 76.851249695 -0.034247104 0.000654589 -0.380770653 0.924034894
1585067977.798322 -749.945495605 -510.432434082 76.884109497 -0.034794271 0.000424622 -0.380454421 0.924144864
1585067977.831322 -750.161621094 -510.653686523 76.917991638 -0.034682751 -0.000045369 -0.380036950 0.924320936
1585067977.864322 -750.399108887 -510.891723633 76.949035645 -0.034271091 -0.000704433 -0.379599452 0.924515724
1585067977.897322 -750.615173340 -511.113403320 76.983261108 -0.033816487 -0.001160263 -0.379181445 0.924703538
1585067977.930322 -750.830871582 -511.335479736 77.017608643 -0.033138871 -0.001839482 -0.378731430 0.924911380
1585067977.963322 -751.046569824 -511.557495117 77.051856995 -0.032855600 -0.002383990 -0.378263354 0.925111771
1585067977.996322 -751.282714844 -511.796600342 77.082191467 -0.032549024 -0.003207378 -0.377755761 0.925327420
1585067978.029322 -751.496582031 -512.018310547 77.115562439 -0.032148600 -0.003725593 -0.377239168 0.925550282
1585067978.062322 -751.708862305 -512.239868164 77.148200989 -0.031964093 -0.004119565 -0.376674622 0.925784826
1585067978.095322 -751.920043945 -512.463073730 77.180587769 -0.031841815 -0.004402939 -0.376001984 0.926061153
1585067978.128323 -752.153198242 -512.702209473 77.208892822 -0.032063842 -0.004824975 -0.375070930 0.926428914
1585067978.161323 -752.362487793 -512.924743652 77.240112305 -0.032281339 -0.004933661 -0.374046803 0.926834762
1585067978.194323 -752.570373535 -513.146789551 77.271286011 -0.032667991 -0.004979166 -0.372887522 0.927287936
1585067978.227323 -752.794799805 -513.382629395 77.299224854 -0.033129394 -0.005245606 -0.371478677 0.927835464
1585067978.260323 -753.000854492 -513.605346680 77.330123901 -0.033531785 -0.005290329 -0.370016515 0.928404808
1585067978.293323 -753.205810547 -513.828674316 77.361480713 -0.033774942 -0.005249633 -0.368463218 0.929013848
1585067978.326323 -753.409301758 -514.053710938 77.394096375 -0.034071773 -0.005142626 -0.366744697 0.929683328
1585067978.359323 -753.634765625 -514.297485352 77.421035767 -0.034229010 -0.005334845 -0.364824772 0.930431545
1585067978.392323 -753.835510254 -514.523559570 77.453369141 -0.034392145 -0.005280036 -0.362954468 0.931156993
1585067978.425323 -754.046997070 -514.759887695 77.483398438 -0.034369439 -0.005293211 -0.360946685 0.931937873
1585067978.458323 -754.250976562 -514.992675781 77.514526367 -0.034291416 -0.005197859 -0.358800769 0.932769597
1585067978.491323 -754.447692871 -515.221557617 77.547286987 -0.034233447 -0.005161995 -0.356537014 0.933639526
1585067978.524324 -754.642456055 -515.451293945 77.580116272 -0.034029897 -0.005243674 -0.354156256 0.934552193
1585067978.557323 -754.836486816 -515.682067871 77.612907410 -0.033778191 -0.005213607 -0.351649642 0.935507596
1585067978.590324 -755.052368164 -515.931579590 77.641387939 -0.033529460 -0.005166112 -0.349066556 0.936483622
1585067978.623324 -755.242370605 -516.164184570 77.673950195 -0.033383429 -0.005139869 -0.346357048 0.937494516
1585067978.656324 -755.430236816 -516.396789551 77.706291199 -0.033194274 -0.005160578 -0.343502432 0.938550830
1585067978.689324 -755.616394043 -516.631164551 77.738731384 -0.033066094 -0.005093197 -0.340567470 0.939624727
1585067978.722324 -755.825561523 -516.885131836 77.766525269 -0.032852504 -0.004943297 -0.337406427 0.940772712
1585067978.755324 -756.007019043 -517.121215820 77.798324585 -0.032813158 -0.004724842 -0.334241211 0.941904306
1585067978.788324 -756.185974121 -517.358093262 77.830154419 -0.032936331 -0.004449680 -0.330964178 0.943057895
1585067978.821324 -756.383117676 -517.610473633 77.859405518 -0.032981843 -0.004431634 -0.327497125 0.944265962
1585067978.854324 -756.557556152 -517.849731445 77.890701294 -0.032954991 -0.004027904 -0.324057013 0.945454895
1585067978.887324 -756.729248047 -518.090454102 77.921730042 -0.032989774 -0.003625955 -0.320607215 0.946630657
1585067978.920324 -756.901000977 -518.332580566 77.953460693 -0.033167332 -0.003288952 -0.317056954 0.947820723
1585067978.953325 -757.096069336 -518.594482422 77.980567932 -0.033018351 -0.003167198 -0.313351631 0.949057758
1585067978.986325 -757.263000488 -518.839050293 78.012069702 -0.032986041 -0.002907667 -0.309777170 0.950232387
1585067979.019325 -757.427429199 -519.085083008 78.043853760 -0.032648504 -0.002696249 -0.306228578 0.951394200
1585067979.052325 -757.591003418 -519.331787109 78.075035095 -0.032377478 -0.002416280 -0.302698880 0.952533066
1585067979.085325 -757.778625488 -519.599853516 78.102989197 -0.032012075 -0.002414652 -0.299110621 0.953678250
1585067979.118325 -757.937805176 -519.849548340 78.134483337 -0.031695813 -0.002289088 -0.295561552 0.954795063
1585067979.151325 -758.095336914 -520.100708008 78.165985107 -0.031445947 -0.002125985 -0.291944295 0.955915868
1585067979.184325 -758.250854492 -520.352905273 78.196609497 -0.031209469 -0.001949186 -0.288279951 0.957035482
1585067979.217325 -758.431457520 -520.625610352 78.224685669 -0.030816019 -0.002171864 -0.284487933 0.958181798
1585067979.250325 -758.582824707 -520.879943848 78.255340576 -0.030669510 -0.002320918 -0.280724943 0.959295392
1585067979.283325 -758.732482910 -521.135253906 78.286079407 -0.030580875 -0.002421106 -0.276939720 0.960397482
1585067979.316325 -758.881774902 -521.391357422 78.315330505 -0.030730039 -0.002331710 -0.273157775 0.961475492
1585067979.349326 -759.053588867 -521.669250488 78.344223022 -0.030727806 -0.002418139 -0.269275397 0.962569892
1585067979.382325 -759.196960449 -521.927917480 78.374168396 -0.030984581 -0.002090265 -0.265594333 0.963584661
1585067979.415326 -759.337036133 -522.188171387 78.404594421 -0.031211257 -0.001625777 -0.261971474 0.964569449
1585067979.448326 -759.476501465 -522.449645996 78.434646606 -0.031567514 -0.001049277 -0.258453518 0.965507269
1585067979.481326 -759.638366699 -522.731384277 78.464500427 -0.031830102 -0.000760835 -0.254928440 0.966435611
1585067979.514326 -759.773071289 -522.994995117 78.495018005 -0.032209516 -0.000288923 -0.251516402 0.967316985
1585067979.547326 -759.905700684 -523.259887695 78.525291443 -0.032589555 0.000067976 -0.248077706 0.968191862
1585067979.580326 -760.037658691 -523.526306152 78.555297852 -0.032948673 0.000291570 -0.244630396 0.969056487
1585067979.613326 -760.193786621 -523.812011719 78.585952759 -0.033091486 0.000180372 -0.240952343 0.969972670
1585067979.646326 -760.321777344 -524.080871582 78.616600037 -0.033149149 0.000288514 -0.237388283 0.970849037
1585067979.679326 -760.447937012 -524.351379395 78.647773743 -0.033203896 0.000413972 -0.233761907 0.971726656
1585067979.712326 -760.573791504 -524.622558594 78.677848816 -0.033133890 0.000418751 -0.230113983 0.972599387
1585067979.745326 -760.722717285 -524.913940430 78.710952759 -0.032745454 0.000167716 -0.226313129 0.973504066
1585067979.778327 -760.843017578 -525.188415527 78.742126465 -0.032384813 0.000254750 -0.222678050 0.974354029
1585067979.811327 -760.961120605 -525.463745117 78.773834229 -0.032094508 0.000278741 -0.219082803 0.975178242
1585067979.844327 -761.077880859 -525.740661621 78.804801941 -0.031741470 0.000231733 -0.215483367 0.975991488
1585067979.877326 -761.219909668 -526.036010742 78.837684631 -0.031452417 0.000056331 -0.211598247 0.976850510
1585067979.910327 -761.332092285 -526.315124512 78.868179321 -0.030941367 0.000178827 -0.207945123 0.977651000
1585067979.943327 -761.455139160 -526.604248047 78.899665833 -0.030572087 0.000201744 -0.204169959 0.978457928
1585067979.976327 -761.562744141 -526.886230469 78.929168701 -0.030326273 0.000525854 -0.200460941 0.979232073
1585067980.009327 -761.667541504 -527.169067383 78.958930969 -0.030013442 0.000911430 -0.196725190 0.979998827
1585067980.042327 -761.761474609 -527.444213867 78.986793518 -0.029831376 0.001455903 -0.193013102 0.980741501
1585067980.075327 -761.898315430 -527.754821777 79.021057129 -0.029245198 0.001400397 -0.188993126 0.981541812
1585067980.108327 -761.997863770 -528.040527344 79.050048828 -0.029088467 0.001595319 -0.185199231 0.982269168
1585067980.141327 -762.094787598 -528.327514648 79.078788757 -0.029152036 0.001774247 -0.181403846 0.982974887
1585067980.174327 -762.169494629 -528.597595215 79.103324890 -0.029413881 0.002179640 -0.177631393 0.983655035
1585067980.207328 -762.307617188 -528.919128418 79.141410828 -0.029184341 0.002106842 -0.173504561 0.984398365
1585067980.240327 -762.397888184 -529.208251953 79.170043945 -0.029307216 0.002434194 -0.169687450 0.985059142
1585067980.273328 -762.486206055 -529.498901367 79.198867798 -0.029374478 0.002696470 -0.165869236 0.985706508
1585067980.306328 -762.573608398 -529.790222168 79.227958679 -0.029709071 0.003057506 -0.161953509 0.986346364
1585067980.339328 -762.680664062 -530.097656250 79.261886597 -0.030003818 0.003203234 -0.157887474 0.986995995
1585067980.372328 -762.762084961 -530.390380859 79.290626526 -0.030471325 0.003454793 -0.153949171 0.987602830
1585067980.405328 -762.840515137 -530.684509277 79.319938660 -0.030789375 0.003797181 -0.149970502 0.988203645
1585067980.438328 -762.918701172 -530.978942871 79.349418640 -0.031080395 0.004094153 -0.145810440 0.988815784
1585067980.471328 -763.014709473 -531.289672852 79.384567261 -0.031117827 0.004198513 -0.141564190 0.989431024
1585067980.504328 -763.086730957 -531.586364746 79.414611816 -0.031340152 0.004481511 -0.137424648 0.990006208
1585067980.537328 -763.156250000 -531.884338379 79.444702148 -0.031478196 0.004663207 -0.133299023 0.990564883
1585067980.570328 -763.225402832 -532.182983398 79.475196838 -0.031742424 0.004901795 -0.129108995 0.991110146
1585067980.603328 -763.296752930 -532.485717773 79.507934570 -0.031849533 0.005220318 -0.124934778 0.991639912
1585067980.636328 -763.359069824 -532.786499023 79.538444519 -0.031836450 0.005582441 -0.120787024 0.992152154
1585067980.669329 -763.418640137 -533.088500977 79.569274902 -0.031638891 0.005841482 -0.116621464 0.992655277
1585067980.702329 -763.476806641 -533.391845703 79.600326538 -0.031452298 0.006103733 -0.112509534 0.993134022
1585067980.735329 -763.565490723 -533.717529297 79.640319824 -0.030805707 0.005933896 -0.108145788 0.993639886
1585067980.768329 -763.618041992 -534.022827148 79.670562744 -0.030532092 0.006141676 -0.104013585 0.994088173
1585067980.801329 -763.667663574 -534.328125000 79.701072693 -0.030206831 0.006237336 -0.099862240 0.994523108
1585067980.834329 -763.716125488 -534.635559082 79.732879639 -0.029967787 0.006206386 -0.095687464 0.994940877
1585067980.867329 -763.781982422 -534.950988770 79.767745972 -0.029490173 0.005958612 -0.091407031 0.995359063
1585067980.900329 -763.824890137 -535.258178711 79.798439026 -0.029527277 0.005886979 -0.087260589 0.995730460
1585067980.933329 -763.865112305 -535.566162109 79.829048157 -0.029597431 0.005907712 -0.083138004 0.996080935
1585067980.966329 -763.902343750 -535.875427246 79.859336853 -0.029528230 0.006521852 -0.079071902 0.996410131
1585067980.999329 -763.955810547 -536.191955566 79.893806458 -0.029282093 0.007061637 -0.074894704 0.996736407
1585067981.032330 -763.988342285 -536.501831055 79.923629761 -0.029204339 0.007118576 -0.070917681 0.997029185
1585067981.065329 -764.017822266 -536.812438965 79.952713013 -0.029020222 0.007040106 -0.066954009 0.997309089
1585067981.098330 -764.044677734 -537.123962402 79.981849670 -0.029004246 0.007366883 -0.062939793 0.997568607
1585067981.131330 -764.089172363 -537.442016602 80.015449524 -0.028683128 0.007565334 -0.059004653 0.997816861
1585067981.164330 -764.109924316 -537.755310059 80.044761658 -0.028337181 0.008311434 -0.055191390 0.998039007
1585067981.197330 -764.128295898 -538.069519043 80.074386597 -0.027704686 0.008997554 -0.051467940 0.998249769
1585067981.230330 -764.145996094 -538.384704590 80.104965210 -0.026949167 0.009695940 -0.047911316 0.998440981
1585067981.263330 -764.180419922 -538.704406738 80.137931824 -0.025946917 0.010246952 -0.044458419 0.998621643
1585067981.296330 -764.192443848 -539.019653320 80.166893005 -0.025573671 0.010728983 -0.041295394 0.998762071
1585067981.329330 -764.203552246 -539.335693359 80.196235657 -0.025120199 0.011091891 -0.038219135 0.998892069
1585067981.362330 -764.213439941 -539.652465820 80.225166321 -0.024767965 0.011725630 -0.035330933 0.998999953
1585067981.395330 -764.239929199 -539.971008301 80.257102966 -0.024527010 0.012458042 -0.032558609 0.999091148
1585067981.428330 -764.243530273 -540.287109375 80.284896851 -0.024450835 0.013564030 -0.030106848 0.999155521
1585067981.461330 -764.245544434 -540.603027344 80.312644958 -0.024498042 0.014575040 -0.027794249 0.999207139
1585067981.494331 -764.248474121 -540.919616699 80.340522766 -0.024847237 0.015443021 -0.025480205 0.999247193
1585067981.527331 -764.270263672 -541.237670898 80.371673584 -0.025237769 0.015929051 -0.023212355 0.999284983
1585067981.560331 -764.270568848 -541.554199219 80.399078369 -0.025814652 0.016261812 -0.021125963 0.999311209
1585067981.593331 -764.269958496 -541.870666504 80.426673889 -0.026264818 0.016511379 -0.019084545 0.999336481
1585067981.626331 -764.270690918 -542.188964844 80.453674316 -0.026655883 0.016644755 -0.017051535 0.999360681
1585067981.659331 -764.290466309 -542.506652832 80.486328125 -0.026680708 0.016235836 -0.014926467 0.999400735
1585067981.692331 -764.290222168 -542.824157715 80.514801025 -0.027678786 0.015552749 -0.013124560 0.999409735
1585067981.725331 -764.297119141 -543.142028809 80.546669006 -0.028034242 0.015457534 -0.011216984 0.999424517
1585067981.758331 -764.293762207 -543.460876465 80.575836182 -0.027831521 0.015106510 -0.009452355 0.999453783
1585067981.791331 -764.287963867 -543.779541016 80.605590820 -0.028376251 0.014971457 -0.007726951 0.999455392
1585067981.824331 -764.281494141 -544.098937988 80.635337830 -0.028527316 0.014865733 -0.005998800 0.999464512
1585067981.857332 -764.296203613 -544.417480469 80.671745300 -0.028824504 0.014559256 -0.004079641 0.999470115
1585067981.890332 -764.286865234 -544.737487793 80.702033997 -0.029153496 0.014642797 -0.002366527 0.999464929
1585067981.923331 -764.275512695 -545.057250977 80.732330322 -0.029638827 0.014771559 -0.000726735 0.999451280
1585067981.956332 -764.264465332 -545.377380371 80.762947083 -0.030210912 0.014624240 0.001070082 0.999436021
1585067981.989332 -764.274475098 -545.695495605 80.800964355 -0.029753119 0.014907418 0.002948688 0.999441862
1585067982.022332 -764.259277344 -546.017150879 80.832107544 -0.029903110 0.015217487 0.004567980 0.999426544
1585067982.055332 -764.243408203 -546.338745117 80.862380981 -0.030184120 0.015554125 0.006290679 0.999403596
1585067982.088332 -764.225891113 -546.661376953 80.893051147 -0.030018236 0.015866652 0.007857417 0.999392509
1585067982.121332 -764.231079102 -546.979125977 80.929801941 -0.029806167 0.016109247 0.009660954 0.999379218
1585067982.154332 -764.211730957 -547.302673340 80.960723877 -0.029531833 0.016398184 0.011107423 0.999367595
1585067982.187332 -764.190673828 -547.626647949 80.991485596 -0.029002339 0.016812589 0.012556228 0.999359131
1585067982.220332 -764.169433594 -547.951477051 81.022392273 -0.028374936 0.017207297 0.013983854 0.999351382
1585067982.253332 -764.169006348 -548.270202637 81.058494568 -0.027747216 0.017570235 0.015506500 0.999340296
1585067982.286332 -764.145812988 -548.595581055 81.088325500 -0.027181804 0.017982911 0.016812326 0.999327302
1585067982.319333 -764.121643066 -548.921325684 81.117874146 -0.026608260 0.018295126 0.018074619 0.999315083
1585067982.352333 -764.096984863 -549.246948242 81.146667480 -0.026082369 0.018575521 0.019273268 0.999301374
1585067982.385333 -764.094055176 -549.565185547 81.182571411 -0.025666326 0.018873012 0.020694386 0.999278188
1585067982.418333 -764.068603516 -549.891052246 81.211318970 -0.025433242 0.019092459 0.021870311 0.999254882
1585067982.451333 -764.042541504 -550.216918945 81.239822388 -0.025325565 0.019170139 0.023058744 0.999229431
1585067982.484333 -764.016113281 -550.542846680 81.267982483 -0.025396824 0.019128842 0.024254492 0.999200106
1585067982.517333 -764.010742188 -550.860046387 81.302108765 -0.025384843 0.019054785 0.025611559 0.999167919
1585067982.550333 -763.983886719 -551.186401367 81.329544067 -0.025443703 0.018779453 0.026755730 0.999141753
1585067982.583333 -763.956237793 -551.513366699 81.356765747 -0.025428414 0.018457912 0.027897052 0.999116898
1585067982.616333 -763.927978516 -551.840576172 81.384246826 -0.025143828 0.018180398 0.028993338 0.999097943
1585067982.649333 -763.920227051 -552.158569336 81.418319702 -0.025014371 0.018170886 0.030144395 0.999067307
1585067982.682333 -763.890686035 -552.486145020 81.446243286 -0.024809927 0.017954929 0.031211216 0.999043584
1585067982.715333 -763.860412598 -552.813232422 81.474708557 -0.024859875 0.017770402 0.032275449 0.999011815
1585067982.748333 -763.829162598 -553.140014648 81.503425598 -0.025221642 0.017644973 0.033301290 0.998971224
1585067982.781333 -763.817993164 -553.457275391 81.539268494 -0.025373489 0.017611265 0.034405895 0.998930633
1585067982.814334 -763.786437988 -553.783691406 81.568580627 -0.025765922 0.017404223 0.035421040 0.998888731
1585067982.847334 -763.753234863 -554.109802246 81.597816467 -0.026295571 0.017180506 0.036391262 0.998843908
1585067982.880334 -763.719787598 -554.436035156 81.626365662 -0.027080711 0.016991617 0.037368692 0.998790026
1585067982.913334 -763.705993652 -554.753173828 81.661506653 -0.027840944 0.016607007 0.038508154 0.998732328
1585067982.946334 -763.673156738 -555.080078125 81.690193176 -0.028295964 0.016123852 0.039419558 0.998691916
1585067982.979334 -763.638305664 -555.407714844 81.719024658 -0.028695077 0.016069133 0.040325016 0.998645246
1585067983.012334 -763.601379395 -555.736328125 81.748535156 -0.028332889 0.016502077 0.041162632 0.998614371
1585067983.045334 -763.580322266 -556.058532715 81.783790588 -0.027168574 0.017312007 0.042115208 0.998593271
1585067983.078334 -763.541809082 -556.388671875 81.813552856 -0.026065379 0.017909236 0.042875692 0.998579800
1585067983.111334 -763.502502441 -556.718750000 81.844085693 -0.025069118 0.018357171 0.043584771 0.998566508
1585067983.144335 -763.462951660 -557.049255371 81.874366760 -0.023525119 0.018701842 0.044257272 0.998568118
1585067983.177335 -763.440185547 -557.371948242 81.910224915 -0.022670986 0.019133162 0.045014162 0.998545825
1585067983.210335 -763.400939941 -557.700439453 81.939651489 -0.022250295 0.019334458 0.045717370 0.998519421
1585067983.243335 -763.361328125 -558.028015137 81.968414307 -0.022177964 0.019751653 0.046381570 0.998482227
1585067983.276335 -763.319641113 -558.354492188 81.996749878 -0.022530764 0.020431977 0.046971433 0.998433113
1585067983.309335 -763.293457031 -558.673767090 82.029632568 -0.022925496 0.021374073 0.047572393 0.998375893
1585067983.342335 -763.251831055 -558.998474121 82.055877686 -0.024261890 0.021919109 0.048007391 0.998311698
1585067983.375335 -763.210876465 -559.323364258 82.082313538 -0.025083628 0.022138666 0.048466407 0.998264313
1585067983.408335 -763.169189453 -559.648803711 82.109306335 -0.026026070 0.022342063 0.048835255 0.998217762
1585067983.441335 -763.142272949 -559.968688965 82.141387939 -0.026569691 0.022643000 0.049305413 0.998173475
1585067983.474335 -763.100402832 -560.295349121 82.169372559 -0.026691582 0.023050204 0.049649633 0.998143852
1585067983.507335 -763.058227539 -560.622680664 82.198135376 -0.026488688 0.023290824 0.049929060 0.998129725
1585067983.540335 -763.016357422 -560.950439453 82.227470398 -0.025997337 0.023327971 0.050214596 0.998127460
1585067983.573336 -762.989379883 -561.272583008 82.261642456 -0.025357842 0.023496447 0.050494328 0.998125911
1585067983.606335 -762.948120117 -561.601074219 82.291999817 -0.024680194 0.023321794 0.050797202 0.998131573
1585067983.639336 -762.907043457 -561.929382324 82.322372437 -0.024210360 0.023194302 0.051065505 0.998132348
1585067983.672336 -762.865661621 -562.257507324 82.352455139 -0.023582041 0.023175525 0.051341332 0.998133779
1585067983.705336 -762.837951660 -562.579772949 82.384696960 -0.022987366 0.023369389 0.051585581 0.998130500
1585067983.738336 -762.796264648 -562.907836914 82.413230896 -0.022545425 0.023387641 0.051787160 0.998129666
1585067983.771336 -762.754333496 -563.235107422 82.441024780 -0.022225857 0.023285408 0.051915519 0.998132586
1585067983.804336 -762.713073730 -563.562988281 82.468437195 -0.022080300 0.023150403 0.052009765 0.998134017
1585067983.837336 -762.673828125 -563.889831543 82.496223450 -0.022066830 0.023077868 0.052123792 0.998130083
1585067983.870336 -762.646423340 -564.211364746 82.527519226 -0.022054376 0.023198029 0.052154139 0.998125970
1585067983.903336 -762.604309082 -564.538024902 82.554656982 -0.022075327 0.023472367 0.052062467 0.998123884
1585067983.936336 -762.562194824 -564.864990234 82.581596375 -0.022117108 0.023808215 0.051915914 0.998122692
1585067983.969336 -762.519714355 -565.191650391 82.608413696 -0.022223890 0.024115531 0.051731154 0.998122454
1585067984.002337 -762.489501953 -565.514709473 82.638877869 -0.022373438 0.024339346 0.051567428 0.998122156
1585067984.035337 -762.448303223 -565.841308594 82.665809631 -0.022438705 0.024469148 0.051382147 0.998127103
1585067984.068337 -762.408081055 -566.168518066 82.692359924 -0.022453902 0.024495179 0.051203907 0.998135269
1585067984.101337 -762.367553711 -566.495727539 82.719726562 -0.022460312 0.024559055 0.051017590 0.998143137
1585067984.134337 -762.336364746 -566.820556641 82.750549316 -0.022484154 0.024731422 0.050894063 0.998144627
1585067984.167337 -762.296386719 -567.147888184 82.778022766 -0.022564439 0.025030795 0.050687436 0.998145819
1585067984.200337 -762.256713867 -567.475097656 82.806114197 -0.022602558 0.025275495 0.050378654 0.998154521
1585067984.233337 -762.217468262 -567.802490234 82.834014893 -0.022604434 0.025501626 0.049995046 0.998167932
1585067984.266337 -762.185485840 -568.128295898 82.865409851 -0.022600174 0.025644321 0.049512342 0.998188496
1585067984.299337 -762.147216797 -568.455566406 82.892860413 -0.022604911 0.025799055 0.048912521 0.998213887
1585067984.332337 -762.109313965 -568.782897949 82.920677185 -0.022720397 0.025899453 0.048235871 0.998241663
1585067984.365337 -762.072387695 -569.110412598 82.948417664 -0.022721350 0.026017383 0.047500145 0.998273849
1585067984.398338 -762.041442871 -569.437622070 82.979461670 -0.022927614 0.026135432 0.046635188 0.998306811
1585067984.431337 -762.005554199 -569.765563965 83.007133484 -0.022929609 0.026245862 0.045817055 0.998341799
1585067984.464338 -761.971130371 -570.093872070 83.034988403 -0.022849888 0.026306467 0.045011766 0.998378634
1585067984.497338 -761.936767578 -570.422546387 83.062911987 -0.022630721 0.026307886 0.044201724 0.998419762
1585067984.530338 -761.906311035 -570.751037598 83.093841553 -0.022511840 0.026251091 0.043371469 0.998460293
1585067984.563338 -761.873779297 -571.079772949 83.121772766 -0.022296131 0.026199631 0.042627737 0.998498559
1585067984.596338 -761.841918945 -571.409118652 83.149841309 -0.022123279 0.026135590 0.041901145 0.998534858
1585067984.629338 -761.810913086 -571.738098145 83.177864075 -0.022022635 0.026065791 0.041154522 0.998569965
1585067984.662338 -761.781860352 -572.067382812 83.208366394 -0.021832677 0.025919300 0.040284351 0.998613417
1585067984.695338 -761.751831055 -572.395935059 83.236740112 -0.021803617 0.025772138 0.039512552 0.998648703
1585067984.728338 -761.722595215 -572.724548340 83.265022278 -0.021860003 0.025652606 0.038749982 0.998680472
1585067984.761338 -761.693847656 -573.052856445 83.293235779 -0.022070318 0.025520435 0.037993006 0.998708308
1585067984.794338 -761.665283203 -573.383483887 83.323081970 -0.022307873 0.025348745 0.037166249 0.998738468
1585067984.827338 -761.637634277 -573.712097168 83.350700378 -0.022567600 0.025313886 0.036386356 0.998762250
1585067984.860339 -761.610107422 -574.041137695 83.378356934 -0.022831706 0.025338423 0.035576582 0.998784781
1585067984.893339 -761.582824707 -574.369873047 83.406326294 -0.023062259 0.025448658 0.034777652 0.998804808
1585067984.926339 -761.554382324 -574.700866699 83.436210632 -0.023119897 0.025565855 0.033890639 0.998831034
1585067984.959339 -761.528259277 -575.030151367 83.464721680 -0.023191333 0.025713485 0.033122800 0.998851299
1585067984.992339 -761.502746582 -575.359619141 83.493675232 -0.023187071 0.025857884 0.032374866 0.998872221
1585067985.025339 -761.478027344 -575.689758301 83.522766113 -0.023178281 0.025966292 0.031589776 0.998894751
1585067985.058339 -761.451599121 -576.021911621 83.552742004 -0.023101032 0.025644667 0.030849846 0.998927951
1585067985.091339 -761.428588867 -576.352600098 83.581710815 -0.022970408 0.025462408 0.030079408 0.998959184
1585067985.124339 -761.406250000 -576.682739258 83.610633850 -0.022796987 0.025323650 0.029342841 0.998988509
1585067985.157339 -761.383911133 -577.013671875 83.639366150 -0.022647709 0.025305191 0.028580658 0.999014497
1585067985.190339 -761.359252930 -577.346740723 83.668762207 -0.022384914 0.025176970 0.027813330 0.999045312
1585067985.223340 -761.338439941 -577.678039551 83.697906494 -0.022165149 0.025047641 0.027089959 0.999073386
1585067985.256340 -761.318115234 -578.008728027 83.727119446 -0.022060782 0.024967138 0.026378846 0.999096692
1585067985.289340 -761.297973633 -578.339782715 83.756195068 -0.021998316 0.024865933 0.025678940 0.999118805
1585067985.322340 -761.274230957 -578.673706055 83.784774780 -0.021933794 0.024631247 0.024968803 0.999144077
1585067985.355340 -761.255920410 -579.004882812 83.813407898 -0.021924881 0.024418760 0.024337741 0.999165058
1585067985.388340 -761.237548828 -579.335998535 83.842277527 -0.021891205 0.024245838 0.023708563 0.999185145
1585067985.421340 -761.219177246 -579.666503906 83.871086121 -0.022032380 0.024037987 0.023103517 0.999201179
1585067985.454340 -761.196838379 -580.000549316 83.899574280 -0.022225112 0.023607854 0.022479592 0.999221444
1585067985.487340 -761.179992676 -580.331542969 83.928649902 -0.022551566 0.023417432 0.021937594 0.999230623
1585067985.520340 -761.163635254 -580.662597656 83.957511902 -0.022749513 0.023246175 0.021432485 0.999241114
1585067985.553340 -761.147583008 -580.993652344 83.986923218 -0.022805808 0.022998288 0.020914948 0.999256492
1585067985.586340 -761.125732422 -581.328735352 84.014671326 -0.022805959 0.022657059 0.020445531 0.999274075
1585067985.619340 -761.110290527 -581.660095215 84.043800354 -0.022804290 0.022363987 0.020002466 0.999289632
1585067985.652340 -761.095214844 -581.991516113 84.073158264 -0.022747336 0.022076985 0.019627867 0.999304712
1585067985.685341 -761.079895020 -582.322937012 84.102546692 -0.022714347 0.021878328 0.019199381 0.999318182
1585067985.718341 -761.059143066 -582.659423828 84.130928040 -0.022472739 0.021554220 0.018882312 0.999336720
1585067985.751341 -761.044067383 -582.991333008 84.160324097 -0.022087097 0.021475188 0.018554740 0.999353170
1585067985.784341 -761.029724121 -583.323425293 84.189529419 -0.021703005 0.021339756 0.018183013 0.999371290
1585067985.817341 -761.015258789 -583.654968262 84.218612671 -0.021271408 0.021207128 0.017845798 0.999389529
1585067985.850341 -760.994262695 -583.992126465 84.246566772 -0.020882936 0.020994885 0.017480360 0.999408603
1585067985.883341 -760.980529785 -584.323486328 84.275627136 -0.020714968 0.020806259 0.017220207 0.999420583
1585067985.916341 -760.966186523 -584.654235840 84.304321289 -0.020501643 0.020731358 0.017018449 0.999430001
1585067985.949341 -760.952514648 -584.985168457 84.333320618 -0.020340445 0.020677548 0.016899468 0.999436438
1585067985.982341 -760.931762695 -585.321655273 84.360588074 -0.020221680 0.020239504 0.016932843 0.999447227
1585067986.015341 -760.918518066 -585.651733398 84.388961792 -0.020312963 0.019926557 0.017013408 0.999450266
1585067986.048342 -760.904785156 -585.981140137 84.416831970 -0.020445675 0.019738052 0.017206507 0.999448061
1585067986.081342 -760.890869141 -586.310546875 84.444732666 -0.020686092 0.019516652 0.017490366 0.999442518
1585067986.114342 -760.869689941 -586.647033691 84.471115112 -0.020758420 0.019195762 0.017897028 0.999440014
1585067986.147341 -760.855102539 -586.976013184 84.498527527 -0.021010607 0.018950192 0.018352743 0.999431193
1585067986.180342 -760.839782715 -587.304748535 84.526306152 -0.021024764 0.018804565 0.018839687 0.999424577
1585067986.213342 -760.823974609 -587.633422852 84.554351807 -0.020940185 0.018736901 0.019365307 0.999417543
1585067986.246342 -760.801452637 -587.971740723 84.581802368 -0.020939708 0.018605214 0.019811973 0.999411285
1585067986.279342 -760.783630371 -588.301879883 84.609565735 -0.020289719 0.018996939 0.020416535 0.999405146
1585067986.312342 -760.765197754 -588.630920410 84.637222290 -0.020081848 0.019651536 0.021086933 0.999382794
1585067986.345342 -760.746887207 -588.959716797 84.665130615 -0.019834427 0.019634617 0.021682551 0.999375284
1585067986.378342 -760.722412109 -589.298706055 84.691787720 -0.018624097 0.019106613 0.022243977 0.999396443
1585067986.411342 -760.704528809 -589.626953125 84.719612122 -0.018524917 0.018797532 0.022850040 0.999390543
1585067986.444342 -760.685302734 -589.955688477 84.746696472 -0.018269718 0.019041721 0.023542799 0.999374509
1585067986.477342 -760.665832520 -590.283630371 84.773765564 -0.018011540 0.018956203 0.024205711 0.999364972
1585067986.510342 -760.647521973 -590.611389160 84.800666809 -0.017904848 0.018524539 0.024983713 0.999355912
1585067986.543343 -760.627990723 -590.938415527 84.826370239 -0.017416120 0.017792337 0.025588240 0.999362469
1585067986.576343 -760.597351074 -591.280334473 84.851364136 -0.017907083 0.017872006 0.026272601 0.999334693
1585067986.609343 -760.576660156 -591.605468750 84.878112793 -0.018974183 0.017768426 0.027050216 0.999296069
1585067986.642343 -760.555603027 -591.929260254 84.904792786 -0.020223526 0.017462438 0.027792502 0.999256551
1585067986.675343 -760.533203125 -592.252685547 84.932678223 -0.021226794 0.017569304 0.028712584 0.999207854
1585067986.708343 -760.509338379 -592.576782227 84.961059570 -0.021328628 0.017940488 0.029314438 0.999181628
1585067986.741343 -760.484741211 -592.899963379 84.988349915 -0.022496819 0.018324699 0.030041071 0.999127507
1585067986.774343 -760.460083008 -593.223449707 85.014137268 -0.023574948 0.018169900 0.030632343 0.999087512
1585067986.807343 -760.427978516 -593.570373535 85.042549133 -0.024310708 0.017340990 0.031507779 0.999057412
1585067986.840343 -760.404418945 -593.894897461 85.071174622 -0.024709042 0.017128771 0.032246411 0.999027669
1585067986.873343 -760.378784180 -594.220031738 85.100753784 -0.024032384 0.017190885 0.032979045 0.999019206
1585067986.906343 -760.353149414 -594.545593262 85.130790710 -0.023197351 0.017410826 0.033626303 0.999013543
1585067986.939344 -760.326232910 -594.871459961 85.161270142 -0.022396980 0.017579086 0.034208257 0.999009073
1585067986.972343 -760.297302246 -595.196655273 85.191612244 -0.021460652 0.017752225 0.034709826 0.999009371
1585067987.005344 -760.262023926 -595.544494629 85.220573425 -0.020604074 0.017858543 0.035159506 0.999009728
1585067987.038344 -760.233886719 -595.869384766 85.249580383 -0.019746900 0.018271517 0.035638820 0.999002576
1585067987.071344 -760.204223633 -596.193115234 85.277793884 -0.019230753 0.018792480 0.036029823 0.998988986
1585067987.104344 -760.174804688 -596.516296387 85.305282593 -0.018864153 0.019243198 0.036405053 0.998973727
1585067987.137344 -760.145446777 -596.838623047 85.332176208 -0.018698663 0.019625625 0.036741078 0.998957157
1585067987.170344 -760.116699219 -597.160827637 85.358406067 -0.018717883 0.019862400 0.037003618 0.998942375
1585067987.203344 -760.084655762 -597.481933594 85.384689331 -0.018865705 0.019972602 0.037267230 0.998927593
1585067987.236344 -760.049804688 -597.832092285 85.407562256 -0.019050658 0.019797100 0.037570976 0.998916268
1585067987.269344 -760.020812988 -598.152709961 85.432739258 -0.019215673 0.019791875 0.037827499 0.998903513
1585067987.302345 -759.991088867 -598.472961426 85.458190918 -0.019417137 0.019844655 0.038108915 0.998887897
1585067987.335344 -759.961975098 -598.793273926 85.483970642 -0.019562989 0.019966332 0.038391713 0.998871803
1585067987.368345 -759.932495117 -599.113220215 85.510208130 -0.019551245 0.020021968 0.038672507 0.998860002
1585067987.401345 -759.903564453 -599.433105469 85.536621094 -0.019455699 0.019843278 0.038920879 0.998855829
1585067987.434345 -759.874267578 -599.753295898 85.563339233 -0.019193172 0.019609706 0.039115973 0.998857856
1585067987.467345 -759.840270996 -600.101989746 85.585289001 -0.018678248 0.019265294 0.039375748 0.998864114
1585067987.500345 -759.810913086 -600.420471191 85.611801147 -0.018168001 0.019088337 0.039616488 0.998867393
1585067987.533345 -759.781250000 -600.738098145 85.638465881 -0.017589450 0.019062404 0.039833497 0.998869658
1585067987.566345 -759.750610352 -601.054199219 85.665069580 -0.017134011 0.019267224 0.040066533 0.998864293
1585067987.599345 -759.719726562 -601.369262695 85.691352844 -0.016695201 0.019472999 0.040242840 0.998860717
1585067987.632345 -759.688842773 -601.682678223 85.717796326 -0.016125768 0.019590188 0.040364511 0.998862863
1585067987.665345 -759.654174805 -602.020812988 85.739006042 -0.015691698 0.019484606 0.040592164 0.998862624
1585067987.698345 -759.623229980 -602.331298828 85.764549255 -0.015526265 0.019395940 0.040808573 0.998858094
1585067987.731345 -759.592041016 -602.639343262 85.789665222 -0.015652269 0.019187009 0.041094452 0.998848438
1585067987.764346 -759.561340332 -602.945922852 85.814178467 -0.015923617 0.019048674 0.041462604 0.998831511
1585067987.797346 -759.530578613 -603.250915527 85.838737488 -0.016222566 0.018937878 0.041912917 0.998810112
1585067987.830346 -759.499328613 -603.554992676 85.862800598 -0.016884625 0.018756162 0.042488575 0.998778224
1585067987.863346 -759.469482422 -603.888610840 85.880477905 -0.015130579 0.018024888 0.043057814 0.998795390
1585067987.896346 -759.439086914 -604.191711426 85.903366089 -0.015047042 0.017268002 0.043731350 0.998780727
1585067987.929346 -759.406616211 -604.493347168 85.926620483 -0.014215767 0.017065099 0.044513281 0.998761892
1585067987.962346 -759.374206543 -604.792785645 85.950332642 -0.013889313 0.016843764 0.045594160 0.998721480
1585067987.995346 -759.340087891 -605.090148926 85.974990845 -0.013629527 0.016760288 0.046831597 0.998669207
1585067988.028346 -759.305053711 -605.385864258 85.999542236 -0.013749331 0.016878029 0.048211582 0.998599946
1585067988.061346 -759.271789551 -605.709167480 86.018257141 -0.013677001 0.016647181 0.049745709 0.998529553
1585067988.094346 -759.235168457 -606.001403809 86.043228149 -0.013810485 0.016440921 0.051370908 0.998448849
1585067988.127347 -759.196838379 -606.291992188 86.067794800 -0.013729302 0.016243525 0.053054046 0.998365104
1585067988.160346 -759.158874512 -606.579467773 86.088798523 -0.015446246 0.015918808 0.055082716 0.998235464
1585067988.193347 -759.119323730 -606.864501953 86.108940125 -0.017095238 0.015536971 0.057221871 0.998094261
1585067988.226346 -759.080749512 -607.172912598 86.123451233 -0.018117281 0.015428251 0.059491128 0.997945189
1585067988.259347 -759.037170410 -607.456787109 86.145889282 -0.018583445 0.015712338 0.061642788 0.997801542
1585067988.292347 -758.992431641 -607.740722656 86.169616699 -0.018742174 0.016032364 0.063886836 0.997652411
1585067988.325347 -758.945190430 -608.023193359 86.193588257 -0.018783778 0.016325854 0.066049926 0.997505963
1585067988.358347 -758.897949219 -608.305969238 86.217384338 -0.018293468 0.016573096 0.068349890 0.997355998
1585067988.391347 -758.849060059 -608.610778809 86.235740662 -0.017488956 0.016276795 0.070703670 0.997211218
1585067988.424347 -758.798828125 -608.890930176 86.259910583 -0.016848922 0.016417667 0.073242992 0.997036695
1585067988.457347 -758.746398926 -609.169677734 86.283523560 -0.016483545 0.016541163 0.075907901 0.996841431
1585067988.490347 -758.693786621 -609.446899414 86.306739807 -0.016491443 0.016465222 0.078752100 0.996621847
1585067988.523347 -758.639160156 -609.723083496 86.329666138 -0.016708463 0.016265923 0.081779629 0.996377647
1585067988.556347 -758.586120605 -610.021545410 86.344497681 -0.016665012 0.015682906 0.085007340 0.996117592
1585067988.589347 -758.528991699 -610.295349121 86.365852356 -0.016874371 0.015402297 0.088206239 0.995840192
1585067988.622348 -758.469848633 -610.567871094 86.386878967 -0.017071843 0.015139608 0.091501147 0.995543599
1585067988.655348 -758.409118652 -610.839233398 86.407394409 -0.017294792 0.014838392 0.094840601 0.995231628
1585067988.688348 -758.348754883 -611.128601074 86.421951294 -0.017542781 0.014490988 0.098375045 0.994889259
1585067988.721348 -758.283020020 -611.398681641 86.441757202 -0.017780393 0.014462380 0.101878650 0.994532824
1585067988.754348 -758.215637207 -611.668212891 86.461647034 -0.017919153 0.014544663 0.105483696 0.994153202
1585067988.787348 -758.145263672 -611.936767578 86.481994629 -0.018030971 0.014629056 0.109150171 0.993754148
1585067988.820348 -758.074401855 -612.204956055 86.500846863 -0.017916203 0.014796475 0.112912588 0.993333220
1585067988.853348 -758.001831055 -612.494140625 86.515914917 -0.017606437 0.014902294 0.116750270 0.992893398
1585067988.886348 -757.925476074 -612.761108398 86.536003113 -0.017337918 0.015128362 0.120637119 0.992429972
1585067988.919348 -757.845947266 -613.026916504 86.556335449 -0.016880274 0.015267409 0.124614611 0.991944134
1585067988.952348 -757.765136719 -613.291687012 86.576751709 -0.016498595 0.015350007 0.128635600 0.991435885
1585067988.985348 -757.681884766 -613.555908203 86.596061707 -0.016186506 0.015466429 0.132767349 0.990894437
1585067989.018348 -757.599853516 -613.840454102 86.610992432 -0.015764922 0.015674220 0.136968359 0.990325928
1585067989.051348 -757.511596680 -614.101806641 86.630043030 -0.015638262 0.015911959 0.141229048 0.989725590
1585067989.084349 -757.421325684 -614.362243652 86.648857117 -0.015457958 0.016157538 0.145507768 0.989104390
1585067989.117349 -757.328247070 -614.621215820 86.667053223 -0.015456826 0.016357876 0.149786234 0.988462269
1585067989.150349 -757.234130859 -614.880310059 86.685050964 -0.015435219 0.016739713 0.154146135 0.987785697
1585067989.183349 -757.140502930 -615.158020020 86.697555542 -0.015058309 0.016984640 0.158532590 0.987092853
1585067989.216349 -757.040832520 -615.413146973 86.714996338 -0.015249193 0.017160773 0.162840366 0.986385345
1585067989.249349 -756.938781738 -615.666564941 86.732543945 -0.015544473 0.017638473 0.167266369 0.985631406
1585067989.282349 -756.833007812 -615.918579102 86.749626160 -0.015707284 0.018036149 0.171723366 0.984854877
1585067989.315349 -756.725219727 -616.152343750 86.769371033 -0.016083121 0.018491611 0.176251262 0.984040141
1585067989.348349 -756.623229980 -616.442687988 86.778068542 -0.015397102 0.018478647 0.180914044 0.983204782
1585067989.381349 -756.513732910 -616.694091797 86.793792725 -0.014959423 0.018005280 0.185505971 0.982364297
1585067989.414349 -756.401611328 -616.944763184 86.809585571 -0.014166237 0.017535254 0.190149903 0.981496274
1585067989.447350 -756.287780762 -617.194030762 86.825141907 -0.013532192 0.017011883 0.194865867 0.980589092
1585067989.480350 -756.172668457 -617.442565918 86.840095520 -0.012854546 0.016602114 0.199689940 0.979634166
1585067989.513350 -756.058166504 -617.707031250 86.851608276 -0.012236446 0.016352737 0.204670519 0.978617847
1585067989.546350 -755.936340332 -617.951354980 86.867523193 -0.011657655 0.016244851 0.209621638 0.977578163
1585067989.579350 -755.810974121 -618.194885254 86.884078979 -0.010382502 0.016434673 0.214666262 0.976493955
1585067989.612350 -755.683044434 -618.436035156 86.900405884 -0.009752750 0.016356895 0.219779998 0.975363612
1585067989.645350 -755.557739258 -618.690124512 86.913002014 -0.009139688 0.016187239 0.225177646 0.974140406
1585067989.678350 -755.426635742 -618.927612305 86.926452637 -0.008606046 0.015806381 0.230661839 0.972867548
1585067989.711350 -755.292419434 -619.161437988 86.938842773 -0.008889794 0.015471131 0.236453146 0.971479058
1585067989.744350 -755.156127930 -619.393676758 86.951087952 -0.009404957 0.015164432 0.242348522 0.970025182
1585067989.777350 -755.016845703 -619.624938965 86.962059021 -0.010113448 0.014825283 0.248405188 0.968490005
1585067989.810350 -754.879760742 -619.868103027 86.971748352 -0.010552883 0.014724669 0.254666805 0.966859162
1585067989.843350 -754.734008789 -620.093688965 86.983917236 -0.010862917 0.014732812 0.260723114 0.965240061
1585067989.876350 -754.584777832 -620.317626953 86.996017456 -0.010991067 0.014901515 0.266707659 0.963599622
1585067989.909351 -754.432250977 -620.538818359 87.008216858 -0.011133253 0.015194729 0.272657573 0.961926699
1585067989.942351 -754.277465820 -620.758911133 87.021263123 -0.011591463 0.015650334 0.278549582 0.960224390
1585067989.975351 -754.124328613 -620.990112305 87.030906677 -0.011548758 0.016124483 0.284506917 0.958468854
1585067990.008351 -753.962280273 -621.205017090 87.042991638 -0.011468530 0.016672205 0.290341705 0.956709146
1585067990.041351 -753.797363281 -621.417663574 87.055183411 -0.011057316 0.017403111 0.296150595 0.954918683
1585067990.074351 -753.629760742 -621.629150391 87.067306519 -0.010420889 0.018150602 0.302057296 0.953060091
1585067990.107351 -753.460083008 -621.839355469 87.078369141 -0.010088593 0.018817134 0.307974875 0.951154947
1585067990.140351 -753.294799805 -622.058471680 87.088081360 -0.009417444 0.019665010 0.314036369 0.949160635
1585067990.173351 -753.119628906 -622.263244629 87.099288940 -0.008911817 0.020462237 0.319945008 0.947173178
1585067990.206351 -752.942260742 -622.465881348 87.109878540 -0.008380621 0.021157945 0.325860858 0.945143819
1585067990.239351 -752.762390137 -622.666137695 87.120109558 -0.007790773 0.021684838 0.331774086 0.943077445
1585067990.272352 -752.580688477 -622.865051270 87.129478455 -0.007385403 0.022039294 0.337708384 0.940963745
1585067990.305351 -752.406982422 -623.071472168 87.137771606 -0.006884247 0.022380488 0.343750447 0.938769102
1585067990.338352 -752.221008301 -623.264770508 87.146087646 -0.006890058 0.022657659 0.349606037 0.936597466
1585067990.371352 -752.031738281 -623.454650879 87.153961182 -0.006918311 0.023017280 0.355453253 0.934385061
1585067990.404352 -751.840454102 -623.642578125 87.160903931 -0.006918310 0.023477854 0.361348778 0.932109416
1585067990.437352 -751.647460938 -623.829589844 87.167602539 -0.007065385 0.023839399 0.367261916 0.929785132
1585067990.470352 -751.464111328 -624.021301270 87.173492432 -0.006779253 0.024224730 0.373300314 0.927369475
1585067990.503352 -751.265380859 -624.202453613 87.179328918 -0.006825685 0.024595350 0.379101157 0.925003111
1585067990.536352 -751.063964844 -624.381225586 87.185050964 -0.006858706 0.024970531 0.384841770 0.922619283
1585067990.569352 -750.859863281 -624.557128906 87.190414429 -0.006759495 0.025391636 0.390565574 0.920200109
1585067990.602352 -750.652465820 -624.733825684 87.194343567 -0.006737262 0.025657911 0.396310747 0.917733192
1585067990.635352 -750.461425781 -624.911254883 87.201828003 -0.006111711 0.026293803 0.402158260 0.915172160
1585067990.668352 -750.250000000 -625.080810547 87.206558228 -0.005930751 0.026855314 0.407827765 0.912644625
1585067990.701352 -750.035400391 -625.247680664 87.211151123 -0.005641520 0.027434688 0.413460553 0.910091221
1585067990.734353 -749.818359375 -625.412353516 87.215354919 -0.005378217 0.027906867 0.419058323 0.907514453
1585067990.767353 -749.600402832 -625.574707031 87.218696594 -0.005235970 0.028313346 0.424734414 0.904860079
1585067990.800353 -749.401611328 -625.739562988 87.227348328 -0.004630595 0.028889017 0.430492729 0.902119756
1585067990.833353 -749.178771973 -625.896728516 87.230064392 -0.004335195 0.029446352 0.436066240 0.899422288
1585067990.866353 -748.953063965 -626.050598145 87.232284546 -0.004098296 0.029976534 0.441684842 0.896660030
1585067990.899353 -748.726135254 -626.202331543 87.234008789 -0.003856927 0.030409327 0.447303265 0.893856943
1585067990.932353 -748.496276855 -626.354064941 87.235412598 -0.003712714 0.030627944 0.452975392 0.890989065
1585067990.965353 -748.292968750 -626.503540039 87.242736816 -0.002956599 0.030677393 0.458687544 0.888063014
1585067990.998353 -748.059936523 -626.648620605 87.243278503 -0.002588093 0.030837944 0.464177459 0.885201454
1585067991.031353 -747.824584961 -626.790649414 87.243316650 -0.002250016 0.031183405 0.469640762 0.882303953
1585067991.064353 -747.586364746 -626.928894043 87.243041992 -0.001951635 0.031606700 0.475079507 0.879372895
1585067991.097353 -747.372558594 -627.066589355 87.248664856 -0.001423538 0.031914603 0.480701238 0.876302361
1585067991.130353 -747.131347656 -627.199707031 87.247779846 -0.001152694 0.032161187 0.486050695 0.873337924
1585067991.163354 -746.887817383 -627.330322266 87.246681213 -0.000788570 0.032464709 0.491359055 0.870351553
1585067991.196354 -746.642456055 -627.457397461 87.244995117 -0.000483423 0.032867171 0.496623427 0.867343545
1585067991.229354 -746.395996094 -627.583984375 87.243148804 0.000226349 -0.033216536 -0.501906514 -0.864283860
1585067991.262354 -746.182495117 -627.704833984 87.249565125 0.000564545 0.033322882 0.507392287 0.861070514
1585067991.295354 -745.932250977 -627.823608398 87.246849060 0.000811875 0.033754829 0.512606680 0.857959449
1585067991.328354 -745.679687500 -627.939331055 87.243560791 0.000956327 0.034188934 0.517783761 0.854827642
1585067991.361354 -745.426025391 -628.051879883 87.240325928 0.001080751 0.034684498 0.522938848 0.851663649
1585067991.394354 -745.170776367 -628.161254883 87.237983704 -0.001234710 -0.035140865 -0.528059602 -0.848479092
1585067991.427354 -744.953979492 -628.267822266 87.242622375 0.001832545 0.035750348 0.533345401 0.845139742
1585067991.460354 -744.695251465 -628.371215820 87.238075256 0.001835972 0.036446001 0.538339496 0.841937661
1585067991.493354 -744.434753418 -628.470886230 87.233161926 0.001913309 0.037240397 0.543287992 0.838717937
1585067991.526354 -744.172607422 -628.568359375 87.227989197 0.002017677 0.037960541 0.548150420 0.835515499
1585067991.559355 -743.908874512 -628.663208008 87.221115112 -0.002020448 -0.038530581 -0.552978516 -0.832301736
1585067991.592355 -743.690673828 -628.755676270 87.226684570 0.002640396 0.039043128 0.557922006 0.828970253
1585067991.625355 -743.424499512 -628.844360352 87.220031738 0.002762079 0.039679952 0.562590480 0.825778365
1585067991.658355 -743.156982422 -628.929809570 87.213195801 0.002899587 0.040225226 0.567263305 0.822548449
1585067991.691355 -742.888610840 -629.012695312 87.206085205 0.002975047 0.040660962 0.571913242 0.819300413
1585067991.724355 -742.619995117 -629.094055176 87.198677063 -0.003010273 -0.040957976 -0.576566219 -0.816017687
1585067991.757355 -742.400817871 -629.172668457 87.204940796 0.003311515 0.041379858 0.581429899 0.812536836
1585067991.790355 -742.129577637 -629.246459961 87.197204590 0.003244996 0.041732144 0.586032033 0.809206009
1585067991.823355 -741.856994629 -629.317138672 87.188613892 0.002999544 0.042095892 0.590582907 0.805872738
1585067991.856355 -741.583618164 -629.384887695 87.179809570 0.002629250 0.042471949 0.595042706 0.802566826
1585067991.889355 -741.309997559 -629.449951172 87.172470093 -0.002285272 -0.042961720 -0.599549890 -0.799180269
1585067991.922355 -741.089477539 -629.514404297 87.176513672 0.002252936 0.043430798 0.604098976 0.795721769
1585067991.955355 -740.812866211 -629.572937012 87.166793823 0.001902908 0.043958839 0.608340502 0.792455614
1585067991.988356 -740.535156250 -629.627929688 87.156524658 0.001511633 0.044429187 0.612537265 0.789190650
1585067992.021356 -740.256652832 -629.680297852 87.146301270 0.001148969 0.044868536 0.616621137 0.785979629
1585067992.054356 -739.978942871 -629.732116699 87.137290955 -0.000892580 -0.045344919 -0.620680332 -0.782750964
1585067992.087356 -739.756469727 -629.784423828 87.141036987 0.001046628 0.045898188 0.624674082 0.779534817
1585067992.120356 -739.475158691 -629.830200195 87.130905151 0.001045614 0.046269786 0.628470659 0.776455283
1585067992.153356 -739.193237305 -629.872680664 87.120986938 0.000952452 0.046684634 0.632236123 0.773367405
1585067992.186356 -738.910095215 -629.912963867 87.110694885 0.000737011 0.047140144 0.635950267 0.770288587
1585067992.219356 -738.627563477 -629.951721191 87.099998474 -0.000489026 -0.047468562 -0.639646590 -0.767201900
1585067992.252356 -738.404357910 -629.994140625 87.105003357 0.000703514 0.047929339 0.643309832 0.764103889
1585067992.285356 -738.118591309 -630.027709961 87.093521118 0.000730097 0.048227973 0.646801889 0.761131346
1585067992.318356 -737.832458496 -630.059204102 87.081527710 0.000843793 0.048586003 0.650209904 0.758199155
1585067992.351357 -737.545227051 -630.087646484 87.069442749 0.000739664 0.048747085 0.653581262 0.755284607
1585067992.384356 -737.259826660 -630.116271973 87.057250977 -0.000664562 -0.048875369 -0.656860590 -0.752426088
1585067992.417356 -737.034729004 -630.148925781 87.062225342 0.000846237 0.049090959 0.660098374 0.749572933
1585067992.450357 -736.745483398 -630.171508789 87.049369812 0.000929803 0.049329057 0.663167775 0.746842921
1585067992.483357 -736.455444336 -630.191650391 87.036743164 0.000881583 0.049661748 0.666131079 0.744179070
1585067992.516357 -736.164367676 -630.209350586 87.023910522 0.000791788 0.049905483 0.669017553 0.741568804
1585067992.549357 -735.875061035 -630.226623535 87.012619019 -0.000604779 -0.049974035 -0.671943784 -0.738913953
1585067992.582357 -735.648925781 -630.249938965 87.017761230 0.000679314 0.050136421 0.674769580 0.736323297
1585067992.615357 -735.356506348 -630.262268066 87.004959106 -0.000435889 -0.050253097 -0.677499473 -0.733804405
1585067992.648357 -735.063781738 -630.272521973 86.991897583 -0.000124753 -0.050395954 -0.680194795 -0.731296957
1585067992.681357 -734.810058594 -630.286743164 86.988845825 0.000158578 0.050616048 0.682872295 0.728782117
1585067992.714357 -734.516113281 -630.293945312 86.975692749 -0.000149250 -0.050629895 -0.685443103 -0.726363897
1585067992.747357 -734.220886230 -630.298583984 86.962097168 -0.000093997 -0.050711580 -0.687955856 -0.723978639
1585067992.780357 -733.965698242 -630.308105469 86.959136963 0.000027865 0.050817467 0.690468967 0.721574783
1585067992.813358 -733.669006348 -630.308715820 86.945396423 -0.000186145 0.050915487 0.692833424 0.719297886
1585067992.846358 -733.371398926 -630.307922363 86.932037354 -0.000188679 0.051182821 0.695099413 0.717089355
1585067992.879358 -733.072814941 -630.304565430 86.918502808 -0.000149310 0.051518790 0.697273612 0.714951277
1585067992.912358 -732.773498535 -630.302368164 86.906974792 0.000224173 -0.051792715 -0.699352384 -0.712898195
1585067992.945358 -732.544799805 -630.308105469 86.909851074 -0.000485480 0.052133609 0.701364994 0.710893154
1585067992.978358 -732.244384766 -630.299743652 86.896659851 -0.000975191 0.052399311 0.703241765 0.709016502
1585067993.011358 -731.942810059 -630.290222168 86.882797241 -0.001376510 0.052569974 0.705038249 0.707216859
1585067993.044358 -731.640441895 -630.278808594 86.868743896 -0.001825333 0.052752044 0.706771255 0.705470324
1585067993.077358 -731.337524414 -630.268188477 86.854904175 0.002120733 -0.052906826 -0.708417535 -0.703804731
1585067993.110358 -731.107604980 -630.269531250 86.857093811 -0.002065361 0.053119451 0.710072577 0.702118933
1585067993.143358 -730.801818848 -630.255981445 86.842697144 -0.002110541 0.053337898 0.711577833 0.700576603
1585067993.176358 -730.495300293 -630.240905762 86.827911377 -0.002167076 0.053610578 0.713027954 0.699079633
1585067993.209359 -730.187805176 -630.225280762 86.813049316 -0.002213210 0.053830732 0.714418650 0.697641373
1585067993.242358 -729.879577637 -630.207702637 86.798690796 -0.001952291 0.054275054 0.715731740 0.696260452
1585067993.275359 -729.497985840 -630.177734375 86.772857666 0.001785189 -0.054653365 -0.716953874 -0.694972694
1585067993.308359 -729.354431152 -630.190368652 86.790679932 -0.001256466 0.055153988 0.718271792 0.693571985
1585067993.341359 -729.043640137 -630.170410156 86.776336670 -0.001033783 0.055539861 0.719369113 0.692403376
1585067993.374359 -728.732971191 -630.149230957 86.761947632 -0.000861496 0.055784654 0.720471382 0.691236913
1585067993.407359 -728.421630859 -630.127075195 86.747146606 -0.000671625 0.055934601 0.721529365 0.690120459
1585067993.440359 -728.109741211 -630.104675293 86.731956482 -0.000553101 0.056042787 0.722578943 0.689012825
1585067993.473359 -727.880065918 -630.099853516 86.732765198 -0.000454903 0.056218565 0.723688602 0.687832952
1585067993.506359 -727.567077637 -630.075622559 86.717353821 -0.000569910 0.056278870 0.724628508 0.686837673
1585067993.539359 -727.253479004 -630.050720215 86.701782227 -0.000620633 0.056320474 0.725540519 0.685870767
1585067993.572359 -726.940002441 -630.024963379 86.686721802 -0.000830978 0.056242116 0.726414979 0.684950650
1585067993.605359 -726.625427246 -629.998413086 86.671409607 -0.001052022 0.056068629 0.727256536 0.684071064
1585067993.638360 -726.396423340 -629.989501953 86.670364380 -0.001222879 0.056147307 0.728206694 0.683052719
1585067993.671360 -726.081176758 -629.961242676 86.655372620 -0.001591384 0.056026891 0.728961229 0.682256579
1585067993.704360 -725.764770508 -629.931823730 86.640052795 -0.001735419 0.056029905 0.729703724 0.681461811
1585067993.737360 -725.447692871 -629.901855469 86.624771118 -0.001918793 0.056068592 0.730417609 0.680692911
1585067993.770360 -725.130126953 -629.870422363 86.609832764 -0.002176911 0.056133345 0.731086731 0.679967999
1585067993.803360 -724.900268555 -629.860778809 86.608886719 -0.002366245 0.056271665 0.731847763 0.679136872
1585067993.836360 -724.581237793 -629.828491211 86.594024658 -0.002580017 0.056411743 0.732454717 0.678469777
1585067993.869360 -724.261169434 -629.796081543 86.579635620 -0.002635658 0.056522112 0.733040810 0.677827060
1585067993.902360 -723.940246582 -629.763000488 86.564643860 -0.002678186 0.056738041 0.733575344 0.677230358
1585067993.935360 -723.619079590 -629.730041504 86.552154541 0.002628833 -0.057100844 -0.734156668 -0.676569819
1585067993.968360 -723.387084961 -629.718383789 86.548904419 -0.002600372 0.057461560 0.734656692 0.675996363
1585067994.001360 -723.063964844 -629.684387207 86.534309387 -0.002432645 0.057620753 0.735064566 0.675539911
1585067994.034360 -722.740112305 -629.649963379 86.519767761 -0.002255768 0.057730541 0.735440016 0.675122261
1585067994.067360 -722.415527344 -629.614746094 86.504669189 -0.002113402 0.057913020 0.735790193 0.674725473
1585067994.100361 -722.090515137 -629.579406738 86.489921570 -0.001976609 0.058177345 0.736129463 0.674332976
1585067994.133361 -721.858459473 -629.568298340 86.486953735 -0.001853734 0.058503784 0.736473024 0.673929751
1585067994.166361 -721.532836914 -629.531982422 86.472175598 -0.001947701 0.058792684 0.736711681 0.673643529
1585067994.199361 -721.206481934 -629.495056152 86.457046509 -0.002239674 0.058943164 0.736928761 0.673391998
1585067994.232361 -720.880187988 -629.457092285 86.441871643 -0.002499759 0.059200678 0.737073779 0.673209667
1585067994.265361 -720.552734375 -629.419677734 86.426719666 -0.002700150 0.059291955 0.737178624 0.673086166
1585067994.298361 -720.320190430 -629.409057617 86.422073364 -0.002828300 0.059278462 0.737338305 0.672911882
1585067994.331361 -719.992126465 -629.371765137 86.406669617 -0.003001213 0.059116632 0.737435818 0.672818422
1585067994.364361 -719.663635254 -629.335876465 86.391281128 -0.003041744 0.058848917 0.737527847 0.672740936
1585067994.397362 -719.333862305 -629.298950195 86.375556946 -0.002952486 0.058690846 0.737607479 0.672667742
1585067994.430361 -719.004943848 -629.262817383 86.360153198 0.002896547 -0.058674723 -0.737675309 -0.672595084
1585067994.463362 -718.768249512 -629.252868652 86.355697632 -0.002973855 0.058536787 0.737760186 0.672513664
1585067994.496361 -718.436645508 -629.216369629 86.340644836 -0.002793073 0.058487076 0.737791717 0.672484159
1585067994.529362 -718.104248047 -629.179199219 86.325286865 -0.002602577 0.058331069 0.737812817 0.672475278
1585067994.562362 -717.770935059 -629.142211914 86.310150146 -0.002275049 0.058298938 0.737831712 0.672458470
1585067994.595362 -717.437805176 -629.106262207 86.295150757 0.001934588 -0.058295343 -0.737926066 -0.672356308
1585067994.628362 -717.198852539 -629.095581055 86.290443420 -0.001881123 0.058589339 0.737954259 0.672299981
1585067994.661362 -716.863525391 -629.057739258 86.275451660 -0.001823753 0.058741868 0.738006949 0.672229052
1585067994.694362 -716.527648926 -629.020751953 86.259712219 -0.001293302 0.058603156 0.738049746 0.672195435
1585067994.727362 -716.190368652 -628.984497070 86.243797302 -0.000227898 0.058470674 0.738010228 0.672251463
1585067994.760362 -715.854797363 -628.947814941 86.227874756 0.000154376 -0.058567330 -0.738092422 -0.672152877
1585067994.793362 -715.614624023 -628.936035156 86.222595215 -0.000196546 0.058932688 0.738110363 0.672101140
1585067994.826362 -715.277038574 -628.897033691 86.206886292 -0.000553578 0.059104390 0.738182664 0.672006547
1585067994.859362 -714.938903809 -628.858276367 86.190773010 -0.000725746 0.059109505 0.738202691 0.671983898
1585067994.892363 -714.599609375 -628.818298340 86.174430847 -0.001060933 0.059326816 0.738217950 0.671947479
1585067994.925362 -714.262390137 -628.782226562 86.158660889 0.001249611 -0.059347242 -0.738290310 -0.671865940
1585067994.958363 -714.021667480 -628.769470215 86.153030396 -0.001070798 0.058620021 0.738277853 0.671943784
1585067994.991363 -713.681518555 -628.733886719 86.136589050 -0.000657886 0.057507996 0.738280356 0.672037661
1585067995.024363 -713.341003418 -628.697753906 86.120109558 -0.000668555 0.056677282 0.738384008 0.671994269
1585067995.057363 -713.000244141 -628.659240723 86.104804993 -0.000898659 0.056737926 0.738395810 0.671975970
1585067995.090363 -712.661804199 -628.621643066 86.089607239 0.001584530 -0.056600291 -0.738554597 -0.671811700
1585067995.123363 -712.417663574 -628.606933594 86.084701538 -0.001917571 0.056555491 0.738536298 0.671834767
1585067995.156363 -712.074768066 -628.567565918 86.069831848 -0.002289057 0.056565322 0.738543451 0.671824872
1585067995.189363 -711.731567383 -628.527465820 86.054931641 -0.002582878 0.056591578 0.738415480 0.671962261
1585067995.222363 -711.387573242 -628.488342285 86.040245056 -0.002616316 0.056515411 0.738395214 0.671990871
1585067995.255363 -711.046630859 -628.453247070 86.026687622 0.002537102 -0.056524862 -0.738504767 -0.671870053
1585067995.288363 -710.797668457 -628.436340332 86.020942688 -0.002614439 0.056616046 0.738546312 0.671816349
1585067995.321363 -710.452209473 -628.398315430 86.006652832 -0.002692819 0.056644373 0.738661885 0.671686530
1585067995.354364 -710.105285645 -628.359191895 85.992454529 -0.002537728 0.057198893 0.738663256 0.671638668
1585067995.387364 -709.757812500 -628.320861816 85.978080750 -0.002328247 0.057514317 0.738678277 0.671595931
1585067995.420364 -709.412353516 -628.284362793 85.965118408 0.002016336 -0.057824992 -0.738638163 -0.671614408
1585067995.453364 -709.160339355 -628.266418457 85.957748413 -0.001723647 0.058090109 0.738559246 0.671679139
1585067995.486364 -708.811950684 -628.227966309 85.943481445 -0.001502722 0.058426227 0.738502145 0.671713293
1585067995.519364 -708.463378906 -628.189086914 85.928756714 -0.001483977 0.058681458 0.738452852 0.671745241
1585067995.552364 -708.113891602 -628.150512695 85.913856506 -0.001428664 0.058951490 0.738414824 0.671763659
1585067995.585364 -707.678649902 -628.096374512 85.892829895 0.001442075 -0.059204567 -0.738431811 -0.671722651
1585067995.618364 -707.513305664 -628.093872070 85.889892578 -0.001493752 0.059197925 0.738422632 0.671733141
1585067995.651364 -707.164428711 -628.055297852 85.874488831 -0.001580447 0.059216954 0.738436818 0.671715677
1585067995.684364 -706.814941406 -628.017456055 85.858566284 -0.001637280 0.059115160 0.738461733 0.671697140
1585067995.717365 -706.465270996 -627.980163574 85.842834473 -0.001729161 0.058963146 0.738489032 0.671680331
1585067995.750364 -706.117492676 -627.942443848 85.827232361 0.001749545 -0.058870982 -0.738498330 -0.671678126
1585067995.783365 -705.859741211 -627.922851562 85.817077637 -0.001835734 0.058669407 0.738583207 0.671602070
1585067995.816365 -705.508483887 -627.884582520 85.801086426 -0.001868993 0.058577336 0.738636136 0.671551824
1585067995.849365 -705.156738281 -627.846313477 85.785491943 -0.001798660 0.058575056 0.738632917 0.671555758
1585067995.882365 -704.804016113 -627.808349609 85.769989014 -0.001688600 0.058645554 0.738642752 0.671539128
1585067995.915365 -704.454528809 -627.773010254 85.755058289 0.001630425 -0.058519535 -0.738633156 -0.671560764
1585067995.948365 -704.192749023 -627.750976562 85.744812012 -0.001579732 0.058710460 0.738723040 0.671445370
1585067995.981365 -703.839477539 -627.712829590 85.729660034 -0.001469910 0.058776625 0.738769710 0.671388507
1585067996.014365 -703.485168457 -627.674804688 85.714218140 -0.001363695 0.059027910 0.738768578 0.671368003
1585067996.047365 -703.130981445 -627.635620117 85.699005127 -0.001510233 0.059161864 0.738777041 0.671346545
1585067996.080365 -702.777770996 -627.598388672 85.683944702 0.001528859 -0.059250481 -0.738758564 -0.671358943
1585067996.113365 -702.513854980 -627.574768066 85.673469543 -0.001583368 0.059320737 0.738807797 0.671298504
1585067996.146365 -702.158569336 -627.535766602 85.658538818 -0.001677155 0.059282575 0.738828182 0.671279192
1585067996.179366 -701.803161621 -627.497192383 85.643241882 -0.001791030 0.059225474 0.738853455 0.671256125
1585067996.212366 -701.447326660 -627.458557129 85.628021240 -0.001948118 0.059116818 0.738873839 0.671242774
1585067996.245366 -701.093322754 -627.420959473 85.612159729 0.002252340 -0.058966815 -0.738904715 -0.671221137
1585067996.278366 -700.828186035 -627.396118164 85.602035522 -0.002698481 0.058765355 0.738974571 0.671160221
1585067996.311366 -700.471130371 -627.356689453 85.586761475 -0.003035754 0.058648847 0.738976896 0.671166420
1585067996.344366 -700.114257812 -627.317626953 85.571617126 -0.003187030 0.058520462 0.738961875 0.671193421
1585067996.377366 -699.756042480 -627.279357910 85.556373596 -0.003168821 0.058391202 0.738904059 0.671268463
1585067996.410366 -699.399841309 -627.241394043 85.541084290 0.003108084 -0.058332365 -0.738852322 -0.671330750
1585067996.443366 -699.131042480 -627.218139648 85.530258179 -0.002713681 0.058399037 0.738765299 0.671422422
1585067996.476366 -698.771545410 -627.180053711 85.514938354 -0.002558083 0.058582760 0.738692999 0.671486616
1585067996.509366 -698.411071777 -627.141845703 85.500106812 -0.002281457 0.058971923 0.738625169 0.671528161
1585067996.542367 -698.050292969 -627.103759766 85.485458374 -0.002045244 0.059196353 0.738541722 0.671600938
1585067996.575366 -697.692321777 -627.065917969 85.472129822 0.001986891 -0.059324019 -0.738441229 -0.671700358
1585067996.608366 -697.421203613 -627.042114258 85.460411072 -0.001994848 0.059525251 0.738347888 0.671785057
1585067996.641367 -697.060241699 -627.004211426 85.446212769 -0.001809389 0.059555847 0.738262415 0.671876848
1585067996.674367 -696.699401855 -626.966857910 85.431411743 -0.001573712 0.059424087 0.738213658 0.671942651
1585067996.707367 -696.338134766 -626.930419922 85.416030884 -0.001589835 0.059007417 0.738192976 0.672002137
1585067996.740367 -695.888671875 -626.878723145 85.397628784 0.001487732 -0.058837239 -0.738126099 -0.672090709
1585067996.773367 -695.707458496 -626.870117188 85.387657166 -0.002009243 0.058600020 0.738114536 0.672122777
1585067996.806367 -695.344604492 -626.832458496 85.372276306 -0.002016634 0.058634587 0.738056839 0.672183096
1585067996.839367 -694.981445312 -626.794738770 85.356643677 -0.002037644 0.058542546 0.737998128 0.672255397
1585067996.872367 -694.617431641 -626.757080078 85.341247559 -0.001987398 0.058582086 0.737900019 0.672359943
1585067996.905367 -694.254394531 -626.721313477 85.325500488 0.001934081 -0.058731318 -0.737766981 -0.672492981
1585067996.938368 -693.982788086 -626.696594238 85.312728882 -0.001760930 0.059148904 0.737739861 0.672486603
1585067996.971367 -693.617797852 -626.658508301 85.297508240 -0.001746267 0.059370544 0.737676978 0.672536075
1585067997.004368 -693.252380371 -626.621704102 85.282546997 -0.001698583 0.059575360 0.737586737 0.672617137
1585067997.037368 -692.886657715 -626.583374023 85.267448425 -0.001640290 0.059792284 0.737513185 0.672678590
1585067997.070368 -692.524597168 -626.545593262 85.252891541 0.001564115 -0.059966929 -0.737415254 -0.672770679
1585067997.103368 -692.252014160 -626.522644043 85.239425659 -0.001590639 0.059926145 0.737357199 0.672837853
1585067997.136368 -691.887512207 -626.485961914 85.224311829 -0.001621902 0.059850410 0.737323701 0.672881305
1585067997.169368 -691.522583008 -626.448059082 85.208679199 -0.001744539 0.059763562 0.737280130 0.672936380
1585067997.202368 -691.157531738 -626.411193848 85.193183899 -0.001985848 0.059607189 0.737236023 0.672997892
1585067997.235368 -690.795837402 -626.375610352 85.178794861 0.002145916 -0.059373543 -0.737216055 -0.673039973
1585067997.268368 -690.523010254 -626.351074219 85.163940430 -0.002401471 0.059116442 0.737141013 0.673143864
1585067997.301368 -690.158020020 -626.313842773 85.149093628 -0.002429039 0.059034575 0.737068951 0.673229873
1585067997.334368 -689.792785645 -626.277587891 85.134712219 -0.002422452 0.058946155 0.737007439 0.673305035
1585067997.367368 -689.426879883 -626.240600586 85.120239258 -0.002374440 0.058994509 0.736914277 0.673402786
1585067997.400368 -689.136291504 -626.214355469 85.105834961 -0.002213329 0.058998149 0.736811578 0.673515439
1585067997.433369 -688.770568848 -626.178039551 85.091606140 -0.002055675 0.059086096 0.736720860 0.673607469
1585067997.466368 -688.404602051 -626.141601562 85.077491760 -0.001904964 0.059363388 0.736606598 0.673708439
1585067997.499369 -688.038818359 -626.105346680 85.063415527 -0.001833975 0.059596077 0.736536145 0.673765182
1585067997.532369 -687.676452637 -626.070495605 85.050354004 0.001745731 -0.059705663 -0.736507714 -0.673786819
1585067997.565369 -687.398193359 -626.043701172 85.035095215 -0.001511067 0.059856627 0.736463726 0.673822105
1585067997.598369 -687.032775879 -626.008666992 85.021263123 -0.001324236 0.059881635 0.736407757 0.673881412
1585067997.631369 -686.667602539 -625.973510742 85.006912231 -0.001121163 0.059761535 0.736357093 0.673947692
1585067997.664369 -686.302185059 -625.938964844 84.992637634 -0.001069278 0.059498806 0.736308932 0.674023747
1585067997.697369 -685.939819336 -625.903564453 84.977844238 0.001047969 -0.059315789 -0.736298203 -0.674051523
1585067997.730369 -685.662109375 -625.877563477 84.961524963 -0.001232624 0.059125189 0.736284554 0.674082935
1585067997.763369 -685.297058105 -625.842224121 84.946716309 -0.001209617 0.058992460 0.736225724 0.674158812
1585067997.796369 -684.932128906 -625.806945801 84.932189941 -0.001319915 0.058917329 0.736165404 0.674231052
1585067997.829370 -684.566040039 -625.771911621 84.917465210 -0.001358300 0.058932062 0.736086488 0.674315929
1585067997.862370 -684.272460938 -625.743408203 84.900970459 -0.001432389 0.058820721 0.736047566 0.674367964
1585067997.895370 -683.907043457 -625.709045410 84.886886597 -0.001337796 0.058857627 0.735965312 0.674454689
1585067997.928370 -683.541137695 -625.674072266 84.872612000 -0.001264572 0.058913879 0.735879183 0.674543858
1585067997.961370 -683.175048828 -625.639526367 84.858612061 -0.001304597 0.058812901 0.735812783 0.674625039
1585067997.994370 -682.812805176 -625.604492188 84.845008850 0.001133025 -0.058875594 -0.735798240 -0.674635649
1585067998.027370 -682.532409668 -625.576110840 84.829353333 -0.001173943 0.058719423 0.735851288 0.674591482
1585067998.060370 -682.167175293 -625.541442871 84.815521240 -0.001385122 0.058597259 0.735905290 0.674542725
1585067998.093370 -681.802429199 -625.506225586 84.801551819 -0.001579702 0.058499902 0.735946953 0.674505293
1585067998.126370 -681.436767578 -625.471130371 84.787246704 -0.001679808 0.058346566 0.736026466 0.674431562
1585067998.159370 -681.073059082 -625.436401367 84.772636414 0.001870841 -0.058060102 -0.736047745 -0.674432635
1585067998.192370 -680.793151855 -625.407043457 84.756881714 -0.002043188 0.057642583 0.736122966 0.674385846
1585067998.225370 -680.428039551 -625.371765137 84.742683411 0.002046615 -0.057621267 -0.736199796 -0.674303710
1585067998.258371 -680.062072754 -625.336608887 84.727981567 0.002091974 -0.057645597 -0.736276507 -0.674217701
1585067998.291370 -679.746520996 -625.304321289 84.713272095 -0.002209962 0.057726361 0.736344635 0.674136043
1585067998.324371 -679.380432129 -625.267822266 84.698883057 0.002237409 -0.058031585 -0.736356258 -0.674097061
1585067998.357371 -679.013793945 -625.231079102 84.685020447 0.002338320 -0.058438387 -0.736390769 -0.674023867
1585067998.390371 -678.695617676 -625.198120117 84.669227600 -0.001899004 0.059501536 0.736372173 0.673952520
1585067998.423371 -678.327697754 -625.161132812 84.654396057 -0.001689285 0.060310718 0.736395359 0.673855901
1585067998.456371 -677.960327148 -625.124084473 84.639945984 -0.001832336 0.060626365 0.736449957 0.673767447
1585067998.489371 -677.592468262 -625.087646484 84.625518799 -0.001681089 0.060846705 0.736506760 0.673685968
1585067998.522371 -677.293212891 -625.056640625 84.608497620 -0.001366824 0.061052624 0.736593783 0.673572779
1585067998.555371 -676.926574707 -625.020507812 84.593788147 -0.001069427 0.061325762 0.736663163 0.673472703
1585067998.588371 -676.560241699 -624.984313965 84.579132080 -0.001048565 0.061085660 0.736728668 0.673422933
1585067998.621372 -676.194030762 -624.947631836 84.563644409 -0.001080394 0.060766626 0.736811936 0.673360527
1585067998.654371 -675.894897461 -624.918090820 84.545051575 -0.001818091 0.059885710 0.736930251 0.673308432
1585067998.687371 -675.529968262 -624.881286621 84.528556824 -0.002330333 0.059455514 0.736995161 0.673273981
1585067998.720371 -675.164123535 -624.843872070 84.512771606 -0.002565563 0.059156947 0.737047195 0.673242390
1585067998.753372 -674.796142578 -624.805419922 84.496421814 -0.002696514 0.059617743 0.737103760 0.673139334
1585067998.786372 -674.491455078 -624.773254395 84.476638794 -0.002648264 0.061094727 0.737108529 0.673001885
1585067998.819372 -674.123046875 -624.734436035 84.460655212 -0.002325177 0.061902620 0.737121165 0.672915399
1585067998.852372 -673.752746582 -624.695373535 84.444374084 -0.001475006 0.063457087 0.737099707 0.672796428
1585067998.885372 -673.384521484 -624.656066895 84.429199219 -0.001316577 0.064197615 0.737151623 0.672669649
1585067998.918372 -673.079040527 -624.624572754 84.411689758 -0.001284122 0.063869894 0.737218618 0.672627509
1585067998.951372 -672.710937500 -624.588806152 84.397201538 0.000374496 0.064069279 0.737124205 0.672713101
1585067998.984372 -672.344909668 -624.553344727 84.383316040 0.001074404 0.063304774 0.737212062 0.672688544
1585067999.017372 -671.980529785 -624.515747070 84.367576599 0.000456542 0.062762268 0.737249970 0.672698438
1585067999.050372 -671.680664062 -624.485595703 84.347076416 -0.001148313 0.061090287 0.737376809 0.672712564
1585067999.083373 -671.319274902 -624.447387695 84.330749512 -0.002725214 0.059554793 0.737587035 0.672615170
1585067999.116373 -670.958190918 -624.408386230 84.313049316 -0.005017668 0.057603687 0.737577200 0.672782660
1585067999.149373 -670.595886230 -624.368408203 84.297866821 -0.006510288 0.056565810 0.737622380 0.672808409
1585067999.182373 -670.292602539 -624.337341309 84.282302856 -0.006333649 0.056634437 0.737568617 0.672863305
1585067999.215373 -669.926940918 -624.299621582 84.268882751 -0.006422162 0.056226436 0.737653315 0.672803879
1585067999.248373 -669.559997559 -624.260681152 84.257019043 -0.006798119 0.055821650 0.737801731 0.672671139
1585067999.281373 -669.191101074 -624.223205566 84.246452332 -0.006355136 0.056055292 0.737945855 0.672497809
1585067999.314373 -668.882690430 -624.192749023 84.234954834 -0.005552530 0.056793835 0.738015473 0.672366619
1585067999.347373 -668.512573242 -624.155517578 84.225265503 -0.004238128 0.057761360 0.738097310 0.672203958
1585067999.380373 -668.141967773 -624.118774414 84.214553833 -0.002911866 0.058552884 0.738113105 0.672125220
1585067999.413373 -667.771972656 -624.081542969 84.203094482 -0.001816273 0.059009966 0.738087237 0.672117412
1585067999.446373 -667.464050293 -624.050659180 84.189277649 -0.001310915 0.059211280 0.738147378 0.672034860
1585067999.479373 -667.095520020 -624.012512207 84.175262451 -0.001150548 0.059214432 0.738126576 0.672057688
1585067999.512373 -666.727600098 -623.974060059 84.160278320 -0.001055896 0.059413586 0.738092482 0.672077715
1585067999.545374 -666.359252930 -623.935180664 84.144447327 -0.001063943 0.059626024 0.738065898 0.672088146
1585067999.578374 -665.994506836 -623.896606445 84.128952026 0.001276106 -0.059534464 -0.738137603 -0.672017157
1585067999.611374 -665.701599121 -623.866455078 84.111106873 -0.001560956 0.059134852 0.738155603 0.672031999
1585067999.644374 -665.334716797 -623.827453613 84.094848633 -0.001920342 0.058858830 0.738194764 0.672012269
1585067999.677374 -664.967041016 -623.787963867 84.078643799 -0.002353370 0.058598522 0.738227785 0.671997368
1585067999.710374 -664.598815918 -623.748535156 84.062774658 -0.002592742 0.058538128 0.738289058 0.671934426
1585067999.743374 -664.293457031 -623.717285156 84.046493530 -0.002791524 0.058367230 0.738399565 0.671827078
1585067999.776374 -663.924865723 -623.678344727 84.031486511 -0.002829164 0.058307424 0.738448024 0.671778798
1585067999.809374 -663.556091309 -623.639282227 84.016822815 -0.002659231 0.058472715 0.738499820 0.671708167
1585067999.842374 -663.186279297 -623.600158691 84.002487183 -0.002198964 0.058897115 0.738543272 0.671625018
1585067999.875374 -662.879394531 -623.568847656 83.986938477 -0.002123266 0.058784306 0.738640070 0.671528637
1585067999.908375 -662.510375977 -623.530944824 83.973007202 -0.001612127 0.058850300 0.738689661 0.671469808
1585067999.941375 -662.141418457 -623.492919922 83.959350586 -0.001212835 0.058885779 0.738716125 0.671438396
1585067999.974375 -661.772460938 -623.454223633 83.945724487 -0.000735015 0.059179317 0.738742113 0.671384692
1585068000.007375 -661.465637207 -623.422119141 83.930419922 -0.000562877 0.059260160 0.738833189 0.671277463
1585068000.040375 -661.097778320 -623.384033203 83.915847778 -0.000349015 0.059343629 0.738872588 0.671226919
1585068000.073375 -660.730468750 -623.345031738 83.901039124 -0.000325650 0.059112404 0.738921046 0.671193957
1585068000.106375 -660.363281250 -623.305786133 83.886070251 -0.000554949 0.059020374 0.738967657 0.671150625
1585068000.139375 -659.999023438 -623.266357422 83.870574951 0.000505358 -0.059086077 -0.738975823 -0.671135843
1585068000.172375 -659.704650879 -623.234558105 83.853828430 -0.000567406 0.059064403 0.739056766 0.671048641
1585068000.205375 -659.338073730 -623.195007324 83.838500977 -0.000840962 0.058919057 0.739144325 0.670964718
1585068000.238375 -658.971618652 -623.155151367 83.823333740 -0.000982463 0.058862042 0.739239454 0.670864642
1585068000.271375 -658.604614258 -623.115356445 83.807830811 -0.000924796 0.059041105 0.739297152 0.670785487
1585068000.304375 -658.241027832 -623.076049805 83.793167114 0.000826478 -0.059164323 -0.739349306 -0.670717239
1585068000.337375 -657.945800781 -623.043579102 83.774940491 -0.000537992 0.059448153 0.739429772 0.670603693
1585068000.370375 -657.579345703 -623.003784180 83.759597778 -0.000397712 0.059663203 0.739533544 0.670470178
1585068000.403376 -657.213500977 -622.963623047 83.744689941 -0.000360608 0.059785809 0.739621341 0.670362413
1585068000.436376 -656.847106934 -622.924133301 83.729530334 -0.000292778 0.059793826 0.739711463 0.670262396
1585068000.469376 -656.484191895 -622.884399414 83.714675903 0.000298202 -0.059830178 -0.739678264 -0.670295775
1585068000.502376 -656.190307617 -622.851379395 83.697540283 -0.000287026 0.059905674 0.739697933 0.670267344
1585068000.535376 -655.825317383 -622.811401367 83.682327271 -0.000342250 0.059915651 0.739761889 0.670195758
1585068000.568376 -655.460937500 -622.770996094 83.667160034 -0.000556081 0.059725367 0.739862144 0.670101941
1585068000.601376 -655.096130371 -622.730895996 83.651451111 -0.000845402 0.059565596 0.739948034 0.670021057
1585068000.634376 -654.790771484 -622.696105957 83.634292603 -0.001189321 0.059384178 0.739993691 0.669986188
1585068000.667376 -654.426330566 -622.655273438 83.619224548 -0.001442879 0.059228066 0.740088940 0.669894218
1585068000.700376 -654.062072754 -622.614257812 83.603866577 -0.001634181 0.059113510 0.740165830 0.669818997
1585068000.733376 -653.697387695 -622.573425293 83.588973999 -0.001888126 0.059138235 0.740246594 0.669726908
1585068000.766376 -653.391357422 -622.539306641 83.573143005 -0.002120346 0.059225652 0.740305245 0.669653714
1585068000.799376 -653.026855469 -622.498291016 83.558570862 -0.002202094 0.059406843 0.740401864 0.669530511
1585068000.832376 -652.662475586 -622.456359863 83.544357300 -0.002338886 0.059543159 0.740461767 0.669451654
1585068000.865377 -652.297607422 -622.414794922 83.530044556 -0.002356142 0.059627756 0.740538120 0.669359624
1585068000.898377 -651.935363770 -622.373474121 83.514289856 0.002449244 -0.059769120 -0.740619600 -0.669256508
1585068000.931377 -651.639648438 -622.340148926 83.499427795 -0.002532274 0.059839912 0.740651906 0.669214070
1585068000.964377 -651.275268555 -622.299133301 83.485252380 -0.002633721 0.059852589 0.740732551 0.669123411
1585068000.997377 -650.911010742 -622.257141113 83.470680237 -0.002704620 0.059831943 0.740796447 0.669054151
1585068001.030377 -650.546203613 -622.215881348 83.456359863 -0.002861291 0.059720520 0.740876377 0.668974996
1585068001.063377 -650.185302734 -622.174316406 83.441307068 0.002959967 -0.059697345 -0.740913928 -0.668935061
1585068001.096377 -649.888305664 -622.140808105 83.426452637 -0.003153533 0.059533976 0.740915418 0.668946981
1585068001.129377 -649.523681641 -622.099060059 83.410949707 0.003014803 -0.059833333 -0.740944088 -0.668889225
1585068001.162377 -649.159729004 -622.055725098 83.395446777 0.003456831 -0.060242552 -0.741028190 -0.668757141
1585068001.195377 -648.834289551 -622.018554688 83.379943848 -0.003466964 0.060460836 0.740994036 0.668775201
1585068001.228378 -648.469177246 -621.977416992 83.364730835 -0.003143459 0.060360540 0.741049469 0.668724477
1585068001.261378 -648.103515625 -621.936096191 83.349349976 -0.002893060 0.060284562 0.741108894 0.668666601
1585068001.294378 -647.737365723 -621.894897461 83.334091187 -0.002355397 0.060336158 0.741142750 0.668626547
1585068001.327378 -647.374328613 -621.853942871 83.318496704 0.001930475 -0.060465585 -0.741253018 -0.668493986
1585068001.360378 -647.074401855 -621.821594238 83.304298401 -0.001748025 0.060382158 0.741270781 0.668482304
1585068001.393378 -646.709716797 -621.779846191 83.288108826 -0.001997620 0.060129076 0.741366446 0.668398380
1585068001.426378 -646.344604492 -621.737792969 83.271759033 -0.002046555 0.060240984 0.741367996 0.668386459
1585068001.459378 -645.979309082 -621.695373535 83.255180359 -0.002280384 0.059831452 0.741449952 0.668331504
1585068001.492378 -645.668029785 -621.660522461 83.240234375 -0.002294630 0.059638016 0.741397262 0.668407202
1585068001.525378 -645.302673340 -621.618408203 83.223625183 -0.002361834 0.059425626 0.741444826 0.668373108
1585068001.558378 -644.936950684 -621.576599121 83.207214355 -0.002368718 0.059463523 0.741463244 0.668349385
1585068001.591378 -644.570678711 -621.533752441 83.190475464 -0.002486736 0.059655122 0.741467655 0.668326974
1585068001.624378 -644.203735352 -621.491210938 83.173896790 -0.002600908 0.059862003 0.741398394 0.668384850
1585068001.657379 -643.903930664 -621.458129883 83.160491943 -0.002665907 0.060027815 0.741207480 0.668581486
1585068001.690379 -643.537170410 -621.416320801 83.143928528 -0.002648890 0.060210444 0.740969658 0.668828666
1585068001.723379 -643.169860840 -621.375000000 83.127326965 -0.002684295 0.060437851 0.740651906 0.669159889
1585068001.756379 -642.802368164 -621.333007812 83.110206604 -0.002811581 0.060618684 0.740246952 0.669590890
1585068001.789379 -642.488647461 -621.298767090 83.097785950 -0.002943278 0.060693599 0.739818394 0.670057058
1585068001.822379 -642.121704102 -621.258972168 83.080673218 -0.003038466 0.060681619 0.739367127 0.670555592
1585068001.855379 -641.753967285 -621.219360352 83.063705444 -0.003064275 0.060621262 0.738872826 0.671105564
1585068001.888379 -641.386474609 -621.180297852 83.046562195 -0.003212244 0.060518339 0.738452375 0.671576798
1585068001.921379 -641.021057129 -621.142639160 83.029434204 0.003337532 -0.060256839 -0.738129675 -0.671954274
1585068001.954379 -640.718750000 -621.113342285 83.018699646 -0.003584921 0.059684496 0.737860799 0.672299385
1585068001.987380 -640.351196289 -621.076843262 83.002548218 -0.003552734 0.059274212 0.737553775 0.672672570
1585068002.020379 -639.983337402 -621.040710449 82.986091614 -0.003571421 0.058794793 0.737304747 0.672987461
1585068002.053380 -639.614929199 -621.005493164 82.970069885 -0.003467381 0.058298074 0.737083733 0.673273385
1585068002.086380 -639.248474121 -620.968811035 82.954360962 0.003199190 -0.057880282 -0.736888170 -0.673524737
1585068002.119380 -638.945434570 -620.942810059 82.943725586 -0.003112197 0.057326432 0.736721337 0.673754930
1585068002.152380 -638.576599121 -620.907836914 82.928565979 -0.003076494 0.056853458 0.736555457 0.673976541
1585068002.185380 -638.207214355 -620.871826172 82.913612366 -0.002972394 0.056533955 0.736387193 0.674187660
1585068002.218380 -637.837402344 -620.836242676 82.899047852 -0.002703488 0.056389932 0.736209631 0.674394727
1585068002.251380 -637.469604492 -620.800964355 82.885093689 0.002647609 -0.056167997 -0.736118436 -0.674512982
1585068002.284380 -637.165161133 -620.773742676 82.874511719 -0.002588034 0.056069888 0.735952675 0.674702287
1585068002.317380 -636.794616699 -620.738342285 82.860008240 -0.002509564 0.056162514 0.735774517 0.674889207
1585068002.350380 -636.423645020 -620.702026367 82.844985962 -0.002443999 0.056274429 0.735597908 0.675072610
1585068002.383380 -636.053161621 -620.667053223 82.830284119 0.002458006 -0.056201730 -0.735479176 -0.675207913
1585068002.416380 -635.735290527 -620.638061523 82.818664551 -0.002359838 0.056242682 0.735316932 0.675381601
1585068002.449380 -635.363586426 -620.602233887 82.803817749 -0.002327740 0.056387689 0.735191703 0.675505936
1585068002.482381 -634.991394043 -620.566223145 82.788749695 -0.002221256 0.056558594 0.735121608 0.675568223
1585068002.515381 -634.618591309 -620.531127930 82.773490906 -0.002039045 0.056730721 0.735074103 0.675606132
1585068002.548381 -634.247497559 -620.496704102 82.759681702 0.001922041 -0.056552198 -0.735123992 -0.675567091
1585068002.581381 -633.943054199 -620.468994141 82.746864319 -0.001666367 0.056289025 0.735213816 0.675491989
1585068002.614381 -633.570678711 -620.434631348 82.732170105 -0.001540393 0.055990200 0.735352635 0.675366044
1585068002.647381 -633.197875977 -620.400024414 82.717453003 -0.001359582 0.055733457 0.735472441 0.675257266
1585068002.680381 -632.825500488 -620.365295410 82.702896118 -0.001431227 0.055292834 0.735581875 0.675174117
1585068002.713381 -632.455139160 -620.328918457 82.688362122 0.001626581 -0.055016976 -0.735655963 -0.675115407
1585068002.746381 -632.150573730 -620.301208496 82.675689697 -0.002002090 0.054723840 0.735678494 0.675113678
1585068002.779381 -631.777709961 -620.265380859 82.661376953 -0.002366930 0.054180425 0.735794663 0.675029635
1585068002.812382 -631.404724121 -620.229858398 82.647857666 -0.002479911 0.053884223 0.735867321 0.674973845
1585068002.845381 -631.031066895 -620.192810059 82.634246826 -0.002705127 0.053640634 0.735935926 0.674917579
1585068002.878381 -630.658813477 -620.157348633 82.620483398 0.002802789 -0.053569548 -0.735960960 -0.674895465
1585068002.911381 -630.352478027 -620.127197266 82.609085083 -0.002911478 0.053589821 0.735967159 0.674886763
1585068002.944382 -629.977111816 -620.090637207 82.596099854 -0.002903551 0.053883079 0.736033678 0.674790919
1585068002.977382 -629.601684570 -620.053466797 82.583106995 -0.002855628 0.054059356 0.736089230 0.674716353
1585068003.010382 -629.225585938 -620.017089844 82.570144653 -0.002692371 0.054151319 0.736125290 0.674670339
1585068003.076382 -628.543640137 -619.948913574 82.546707153 -0.002297610 0.054772630 0.736241043 0.674495220
1585068003.109382 -628.167297363 -619.911682129 82.533935547 -0.002191514 0.054992244 0.736282885 0.674432039
1585068003.142382 -627.790588379 -619.875122070 82.520599365 -0.002096414 0.055059768 0.736362934 0.674339473
1585068003.175382 -627.414001465 -619.837890625 82.507431030 -0.002148300 0.054970358 0.736414909 0.674289823
1585068003.208382 -627.094970703 -619.806945801 82.496246338 -0.002106250 0.054746628 0.736493766 0.674222112
1585068003.241382 -626.718994141 -619.769409180 82.482780457 -0.002096087 0.054480940 0.736563206 0.674167752
1585068003.274382 -626.343139648 -619.731567383 82.468856812 -0.002183408 0.054375786 0.736635447 0.674097002
1585068003.307383 -625.966735840 -619.693420410 82.455001831 -0.002585978 0.054264192 0.736688793 0.674046338
1585068003.340383 -625.645874023 -619.662597656 82.443313599 -0.002860755 0.054243263 0.736803353 0.673921585
1585068003.373383 -625.269165039 -619.624633789 82.429626465 -0.002907157 0.054359939 0.736875415 0.673833191
1585068003.406383 -624.892272949 -619.586669922 82.415924072 -0.002877623 0.054278046 0.736915529 0.673796117
1585068003.439383 -624.515563965 -619.548583984 82.402961731 -0.002844006 0.054192200 0.736972928 0.673740387
1585068003.472383 -624.140502930 -619.511413574 82.389434814 0.002781153 -0.054042067 -0.737035513 -0.673684239
1585068003.505383 -623.827636719 -619.481079102 82.379653931 -0.002935350 0.054090425 0.737054527 0.673658848
1585068003.538383 -623.450134277 -619.443115234 82.366760254 -0.003006667 0.054193567 0.737116456 0.673582554
1585068003.571383 -623.072265625 -619.404663086 82.353881836 -0.002920896 0.054273345 0.737154782 0.673534513
1585068003.604383 -622.694091797 -619.366394043 82.340591431 -0.002934128 0.054259252 0.737168729 0.673520327
1585068003.637383 -622.369873047 -619.334777832 82.330123901 -0.003242373 0.054061569 0.737234831 0.673462451
1585068003.670383 -621.992004395 -619.296325684 82.317047119 -0.003367304 0.053866677 0.737264037 0.673445463
1585068003.703383 -621.613769531 -619.258117676 82.304046631 -0.003340125 0.053746387 0.737284243 0.673433125
1585068003.736383 -621.235046387 -619.219604492 82.291000366 -0.003434627 0.053668920 0.737279117 0.673444390
1585068003.769383 -620.856445312 -619.180603027 82.278274536 -0.003617614 0.053607974 0.737283528 0.673443496
1585068003.802384 -620.479919434 -619.142761230 82.268096924 0.003726303 -0.053511340 -0.737334788 -0.673394442
1585068003.835384 -620.178100586 -619.114562988 82.257934570 -0.003931105 0.053385369 0.737391233 0.673341453
1585068003.868384 -619.799560547 -619.076110840 82.245986938 -0.004065037 0.053173743 0.737383842 0.673365593
1585068003.901384 -619.419921875 -619.037597656 82.233718872 -0.004079252 0.053088553 0.737354517 0.673404336
1585068003.934384 -619.040100098 -618.998840332 82.221511841 -0.003912717 0.053155210 0.737310290 0.673448443
1585068003.967384 -618.659362793 -618.960021973 82.209045410 -0.003907919 0.053406518 0.737314880 0.673423588
1585068004.000384 -618.278564453 -618.920959473 82.197349548 -0.004074037 0.053624421 0.737276852 0.673446894
1585068004.033384 -617.901367188 -618.881408691 82.186210632 0.004160732 -0.053799104 -0.737233698 -0.673479736
1585068004.066384 -617.609130859 -618.855651855 82.176322937 -0.004086078 0.054131757 0.737087369 0.673613608
1585068004.099384 -617.228393555 -618.816772461 82.164596558 -0.004014522 0.054335661 0.736971617 0.673724294
1585068004.132385 -616.847229004 -618.778564453 82.152801514 -0.003998399 0.054449745 0.736802459 0.673900187
1585068004.165385 -616.465820312 -618.739990234 82.140777588 -0.003964514 0.054479245 0.736641526 0.674073875
1585068004.198385 -616.086242676 -618.701416016 82.128555298 0.004087716 -0.054411106 -0.736501038 -0.674232125
1585068004.231385 -615.769226074 -618.672729492 82.117935181 -0.004361630 0.054311246 0.736294627 0.674463868
1585068004.264385 -615.388000488 -618.635009766 82.105552673 -0.004626334 0.054201741 0.736130297 0.674650311
1585068004.297385 -615.006225586 -618.597045898 82.093368530 -0.004614741 0.054369491 0.736006200 0.674772263
1585068004.330385 -614.624084473 -618.559997559 82.081008911 -0.004491538 0.054183919 0.735874116 0.674932063
1585068004.363385 -614.244018555 -618.523193359 82.068176270 0.004534334 -0.053921923 -0.735818505 -0.675013304
1585068004.396385 -613.924926758 -618.496154785 82.058227539 -0.004456371 0.053655103 0.735776305 0.675081134
1585068004.429385 -613.542541504 -618.459960938 82.046676636 -0.004301369 0.053285286 0.735768855 0.675119638
1585068004.462385 -613.159912109 -618.423767090 82.034561157 -0.004276484 0.052853636 0.735746622 0.675177932
1585068004.495385 -612.776550293 -618.387512207 82.023101807 -0.004043937 0.052698933 0.735727847 0.675211906
1585068004.528385 -612.393432617 -618.350280762 82.010772705 -0.004045784 0.052691214 0.735696852 0.675246239
1585068004.561385 -612.075134277 -618.323791504 82.001403809 -0.004096002 0.052649714 0.735698044 0.675247848
1585068004.594385 -611.691833496 -618.287292480 81.989540100 -0.004240781 0.052467592 0.735671163 0.675290465
1585068004.627386 -611.308288574 -618.249267578 81.977584839 -0.004358352 0.052526549 0.735598743 0.675363958
1585068004.660386 -610.924316406 -618.211669922 81.965927124 -0.004424483 0.052594081 0.735560238 0.675400257
1585068004.693386 -610.591796875 -618.182495117 81.956695557 -0.004415661 0.052749872 0.735497177 0.675456822
1585068004.726386 -610.207641602 -618.145202637 81.945312500 -0.004320919 0.053027377 0.735464871 0.675470889
1585068004.759386 -609.823120117 -618.107666016 81.933395386 -0.004262059 0.053155035 0.735452354 0.675474823
1585068004.792386 -609.438049316 -618.070495605 81.921340942 -0.004114002 0.053199053 0.735474885 0.675447762
1585068004.825386 -609.053161621 -618.033508301 81.909301758 -0.003992707 0.052916031 0.735507965 0.675434768
1585068004.858386 -608.732788086 -618.006103516 81.900360107 -0.003954798 0.052938953 0.735665739 0.675261259
1585068004.891386 -608.347778320 -617.968444824 81.887908936 -0.003814846 0.053042799 0.735725343 0.675189018
1585068004.924386 -607.962280273 -617.930603027 81.875335693 -0.003736734 0.053231135 0.735799074 0.675094306
1585068004.957386 -607.577026367 -617.891784668 81.862709045 -0.003865987 0.053355541 0.735870540 0.675005853
1585068004.990386 -607.191345215 -617.852966309 81.849861145 -0.003984451 0.053597108 0.735938668 0.674911678
1585068005.023387 -606.869567871 -617.825622559 81.840278625 -0.004096329 0.053853229 0.735968411 0.674858153
1585068005.056386 -606.483764648 -617.787109375 81.826950073 -0.004053980 0.054056320 0.736033559 0.674771190
1585068005.089387 -606.097290039 -617.748413086 81.814323425 -0.003964543 0.054377075 0.736088634 0.674685895
1585068005.122387 -605.710937500 -617.709472656 81.801269531 -0.003890812 0.054472495 0.736144722 0.674617350
1585068005.155387 -605.324707031 -617.671203613 81.788436890 -0.003837437 0.054324690 0.736213684 0.674554408
1585068005.188387 -605.003295898 -617.644165039 81.779167175 -0.003883243 0.054146532 0.736204565 0.674578369
1585068005.221387 -604.617065430 -617.606262207 81.766830444 -0.003978640 0.053907562 0.736268163 0.674527526
1585068005.254387 -604.230895996 -617.567810059 81.754066467 -0.003977299 0.053804379 0.736358047 0.674437702
1585068005.287387 -603.844787598 -617.529724121 81.741287231 -0.004102021 0.053553026 0.736433268 0.674374819
1585068005.320387 -603.458496094 -617.490905762 81.728881836 -0.004309475 0.053303603 0.736492872 0.674328089
1585068005.353387 -603.137145996 -617.463195801 81.719390869 -0.004563958 0.052898068 0.736432135 0.674424708
1585068005.386387 -602.750427246 -617.425292969 81.707153320 -0.004570782 0.052834388 0.736522734 0.674330711
1585068005.419387 -602.363525391 -617.387390137 81.694633484 -0.004434377 0.052677013 0.736603618 0.674255610
1585068005.452388 -601.976379395 -617.349121094 81.682342529 -0.004306316 0.052623659 0.736667097 0.674191236
1585068005.485388 -601.591247559 -617.309204102 81.670082092 0.004192859 -0.052604321 -0.736691415 -0.674166918
1585068005.518388 -601.264099121 -617.281677246 81.661956787 -0.004013568 0.052609812 0.736581862 0.674287319
1585068005.551388 -600.876342773 -617.242431641 81.649856567 -0.003964155 0.052738212 0.736643434 0.674210250
1585068005.584388 -600.488403320 -617.203125000 81.637611389 -0.003910541 0.052983239 0.736703932 0.674125195
1585068005.617388 -600.100036621 -617.163513184 81.625358582 -0.003702670 0.053257365 0.736741304 0.674064040
1585068005.650388 -599.762145996 -617.132629395 81.616302490 -0.003707767 0.053458136 0.736726820 0.674063861
1585068005.683388 -599.374450684 -617.093200684 81.603897095 -0.003733367 0.053536598 0.736799896 0.673977613
1585068005.716388 -598.986328125 -617.053710938 81.591529846 -0.003707141 0.053658437 0.736848593 0.673914790
1585068005.749388 -598.597961426 -617.014282227 81.578704834 -0.003749073 0.053718068 0.736883879 0.673871279
1585068005.782388 -598.259094238 -616.982543945 81.568298340 -0.003937870 0.053761516 0.736917257 0.673830271
1585068005.815388 -597.871093750 -616.943054199 81.555496216 -0.003894389 0.053899877 0.736930370 0.673805118
1585068005.848389 -597.482910156 -616.903991699 81.542678833 -0.003745019 0.054083206 0.736934304 0.673786998
1585068005.881388 -597.094726562 -616.864196777 81.529731750 -0.003931015 0.054124419 0.736955643 0.673759282
1585068005.914389 -596.754272461 -616.830993652 81.519889832 -0.004146546 0.054165315 0.736989856 0.673717201
1585068005.947389 -596.366455078 -616.791503906 81.507453918 -0.004285126 0.054296982 0.737001121 0.673693419
1585068005.980389 -595.978759766 -616.751953125 81.494567871 -0.004451692 0.054335393 0.736968398 0.673725128
1585068006.013389 -595.590393066 -616.712646484 81.481643677 -0.004573852 0.054330453 0.736917853 0.673779964
1585068006.046389 -595.247863770 -616.679748535 81.470977783 -0.004579186 0.054289080 0.736842752 0.673865318
1585068006.079389 -594.860046387 -616.641357422 81.458534241 -0.004634082 0.054187760 0.736772299 0.673950195
1585068006.112389 -594.471618652 -616.602600098 81.445617676 -0.004671336 0.054231107 0.736671865 0.674056232
1585068006.145389 -594.084777832 -616.564025879 81.433151245 0.004718364 -0.054207817 -0.736564934 -0.674174607
1585068006.178389 -593.738464355 -616.531799316 81.422431946 -0.004822284 0.054286443 0.736427546 0.674317598
1585068006.211390 -593.349914551 -616.493713379 81.409988403 -0.004664868 0.054474246 0.736315668 0.674425721
1585068006.244389 -592.960693359 -616.455688477 81.397132874 -0.004544109 0.054659072 0.736212313 0.674524486
1585068006.277390 -592.571838379 -616.417663574 81.384292603 -0.004500687 0.054808769 0.736134648 0.674597383
1585068006.310390 -592.225219727 -616.385192871 81.373085022 -0.004548192 0.054872390 0.736046076 0.674688518
1585068006.343390 -591.836486816 -616.347412109 81.360397339 -0.004487664 0.054910380 0.735988379 0.674748719
1585068006.376390 -591.447998047 -616.309204102 81.347717285 -0.004676759 0.054847650 0.735915065 0.674832523
1585068006.409390 -591.059143066 -616.271789551 81.335014343 -0.004818677 0.054794479 0.735878289 0.674875975
1585068006.442390 -590.712585449 -616.239074707 81.325271606 -0.005013406 0.054765183 0.735725820 0.675043106
1585068006.475390 -590.324584961 -616.201843262 81.313644409 -0.005399078 0.054530211 0.735680163 0.675108969
1585068006.508390 -589.936035156 -616.164733887 81.301780701 -0.005775362 0.054237582 0.735621154 0.675193608
1585068006.541390 -589.549255371 -616.126586914 81.288543701 0.005879551 -0.054082308 -0.735487521 -0.675350845
1585068006.574390 -589.200439453 -616.093566895 81.278144836 -0.006044239 0.054021388 0.735407174 0.675441682
1585068006.607390 -588.811279297 -616.056274414 81.266548157 -0.006191163 0.054007817 0.735333145 0.675522029
1585068006.640390 -588.421325684 -616.019409180 81.254852295 -0.006108730 0.054096103 0.735228002 0.675630212
1585068006.673391 -588.033630371 -615.981506348 81.244018555 0.006103337 -0.053998534 -0.735127866 -0.675746977
1585068006.706391 -587.682006836 -615.949462891 81.234107971 -0.006094128 0.054132164 0.735002398 0.675872862
1585068006.739391 -587.292053223 -615.912353516 81.223434448 -0.006074667 0.054219473 0.734936714 0.675937414
1585068006.772391 -586.901489258 -615.875427246 81.212249756 -0.005848169 0.054563899 0.734891713 0.675960600
1585068006.805391 -586.511047363 -615.838562012 81.201217651 -0.005534321 0.054774471 0.734868765 0.675971210
1585068006.838391 -586.122192383 -615.802490234 81.189628601 0.005218029 -0.054855343 -0.734879017 -0.675956011
1585068006.871391 -585.778564453 -615.771240234 81.178977966 -0.004979015 0.054813296 0.734848499 0.675994456
1585068006.904391 -585.387817383 -615.734741211 81.167510986 -0.004832119 0.054810949 0.734854341 0.675989270
1585068006.937391 -584.997375488 -615.698425293 81.155654907 -0.004702241 0.054881386 0.734865844 0.675972044
1585068006.970391 -584.635925293 -615.664062500 81.144355774 -0.004689276 0.054867104 0.734797239 0.676047802
1585068007.003391 -584.245727539 -615.627258301 81.132606506 -0.004811913 0.054934964 0.734793901 0.676045120
1585068007.036391 -583.874450684 -615.592224121 81.121536255 -0.005000591 0.054798678 0.734737635 0.676115870
1585068007.069391 -583.484436035 -615.555541992 81.109260559 -0.005233675 0.054599341 0.734742701 0.676124752
1585068007.102391 -583.093933105 -615.518249512 81.096733093 -0.005499363 0.054349985 0.734767199 0.676116228
1585068007.135391 -582.703186035 -615.481445312 81.084365845 -0.005639464 0.054237440 0.734769225 0.676121891
1585068007.168392 -582.349670410 -615.448120117 81.073356628 -0.005622447 0.054176737 0.734712601 0.676188350
1585068007.201392 -581.959045410 -615.411193848 81.061164856 -0.005510241 0.054320715 0.734724045 0.676165342
1585068007.234392 -581.567932129 -615.373962402 81.049491882 -0.005484551 0.054336548 0.734742343 0.676144421
1585068007.267392 -581.176330566 -615.336853027 81.037597656 -0.005229234 0.054543957 0.734771669 0.676097751
1585068007.300392 -580.820190430 -615.304260254 81.027206421 -0.005135239 0.054519270 0.734789968 0.676080644
1585068007.333392 -580.429138184 -615.267150879 81.015502930 -0.004815578 0.054768585 0.734790385 0.676062405
1585068007.366392 -580.037536621 -615.229431152 81.003601074 -0.004645348 0.054975707 0.734786749 0.676050663
1585068007.399392 -579.671875000 -615.196350098 80.992202759 -0.004527897 0.055136289 0.734751880 0.676076353
1585068007.432392 -579.281188965 -615.159118652 80.980194092 -0.004401147 0.055303734 0.734749734 0.676065803
1585068007.465392 -578.890380859 -615.121154785 80.967559814 -0.004382492 0.055353921 0.734763861 0.676046550
1585068007.498393 -578.500000000 -615.083312988 80.954833984 -0.004554600 0.055249657 0.734770477 0.676046669
1585068007.531393 -578.110717773 -615.046447754 80.941955566 0.004559637 -0.055220943 -0.734819353 -0.675995886
1585068007.564393 -577.760620117 -615.016113281 80.930496216 -0.004610479 0.055126771 0.734766960 0.676060140
1585068007.597393 -577.370056152 -614.979064941 80.917694092 -0.004489452 0.055080850 0.734791279 0.676038325
1585068007.630393 -576.979858398 -614.942016602 80.905082703 -0.004527778 0.054920826 0.734826267 0.676013052
1585068007.663393 -576.588928223 -614.904785156 80.892257690 -0.004577935 0.054876041 0.734864593 0.675974667
1585068007.696393 -576.231872559 -614.872924805 80.881164551 -0.004689157 0.054864783 0.734879375 0.675958753
1585068007.729393 -575.841125488 -614.835388184 80.868637085 -0.004809498 0.054815710 0.734899700 0.675939858
1585068007.762393 -575.450439453 -614.797973633 80.856552124 0.004748225 -0.054819748 -0.734879613 -0.675961733
1585068007.795393 -575.084533691 -614.764526367 80.844924927 -0.004742325 0.054769453 0.734919786 0.675922215
1585068007.828393 -574.693542480 -614.727050781 80.832588196 -0.004700423 0.054862183 0.734935343 0.675898015
1585068007.861393 -574.302001953 -614.689941406 80.820281982 -0.004664183 0.054876674 0.734957159 0.675873399
1585068007.894393 -573.910766602 -614.651855469 80.808128357 -0.004773378 0.054766506 0.734978199 0.675858617
1585068007.927393 -573.519042969 -614.614318848 80.795974731 -0.004839301 0.054749381 0.734978974 0.675858736
1585068007.960393 -573.127380371 -614.576477051 80.783721924 -0.004879654 0.054954853 0.734948575 0.675874889
1585068007.993394 -572.737548828 -614.537902832 80.772735596 0.004909247 -0.055017024 -0.734949350 -0.675868750
1585068008.026394 -572.404663086 -614.510253906 80.761535645 -0.004905522 0.054881781 0.734884024 0.675950766
1585068008.059394 -572.012023926 -614.472961426 80.748924255 -0.004514098 0.055331890 0.734822690 0.675983548
1585068008.092394 -571.619750977 -614.434753418 80.736648560 -0.004382700 0.055830654 0.734821737 0.675944448
1585068008.125394 -571.227722168 -614.396606445 80.724647522 -0.004516035 0.055604663 0.734847069 0.675934553
1585068008.158394 -570.796386719 -614.351745605 80.709320068 -0.004472673 0.055830508 0.734870732 0.675890565
1585068008.191394 -570.405273438 -614.314331055 80.697341919 -0.004903585 0.055476051 0.734965682 0.675813556
1585068008.224394 -570.013610840 -614.276123047 80.685317993 -0.004970878 0.055572521 0.735015273 0.675751150
1585068008.257394 -569.622802734 -614.237976074 80.672836304 0.004976451 -0.056133717 -0.735070229 -0.675644994
1585068008.290394 -569.340026855 -614.216857910 80.663955688 -0.005003035 0.055765629 0.735163867 0.675573349
1585068008.323395 -568.949096680 -614.178710938 80.650947571 -0.005419939 0.055291977 0.735251486 0.675513685
1585068008.356395 -568.557556152 -614.141601562 80.638763428 -0.005509943 0.054810215 0.735326767 0.675470352
1585068008.389395 -568.165527344 -614.103637695 80.626541138 -0.005535364 0.054418996 0.735438466 0.675380051
1585068008.422395 -567.808166504 -614.070190430 80.615219116 -0.005345583 0.054416012 0.735501468 0.675313294
1585068008.455395 -567.415710449 -614.031433105 80.603378296 -0.004820168 0.055027727 0.735562742 0.675200820
1585068008.488395 -567.023071289 -613.991882324 80.591262817 -0.004749477 0.055442560 0.735597193 0.675129950
1585068008.521395 -566.630981445 -613.952880859 80.579315186 -0.004906595 0.055429406 0.735708356 0.675008774
1585068008.554395 -566.273559570 -613.918273926 80.569015503 -0.005065531 0.055129990 0.735839784 0.674888790
1585068008.587395 -565.881774902 -613.879699707 80.556655884 -0.005189746 0.054694068 0.735970914 0.674780309
1585068008.620395 -565.489501953 -613.841186523 80.544235229 -0.004736930 0.054806042 0.736083984 0.674651265
1585068008.653395 -565.097045898 -613.801879883 80.531425476 -0.004481733 0.054952379 0.736208797 0.674504817
1585068008.686395 -564.739257812 -613.767761230 80.520736694 -0.004379005 0.055002693 0.736323357 0.674376369
1585068008.719395 -564.346740723 -613.728515625 80.508094788 -0.004467220 0.054884791 0.736438572 0.674259603
1585068008.752396 -563.954284668 -613.688171387 80.495330811 -0.004702270 0.054703183 0.736551464 0.674149454
1585068008.785395 -563.588378906 -613.652343750 80.483261108 -0.004745275 0.054527294 0.736706376 0.673994064
1585068008.818396 -563.195617676 -613.612243652 80.470359802 -0.004663795 0.054614380 0.736801982 0.673883080
1585068008.851396 -562.802917480 -613.571960449 80.457000732 -0.004439591 0.054904401 0.736911178 0.673741579
1585068008.884396 -562.409545898 -613.531433105 80.443748474 -0.004234046 0.055038720 0.736989737 0.673646092
1585068008.917396 -562.018676758 -613.491088867 80.430572510 0.004222273 -0.055065960 -0.737107694 -0.673514783
1585068008.950396 -561.668640137 -613.457092285 80.419967651 -0.004389793 0.055049818 0.737208188 0.673405111
1585068008.983396 -561.275939941 -613.416259766 80.406776428 -0.004271924 0.055130344 0.737314761 0.673282504
1585068009.016396 -560.882629395 -613.375427246 80.393493652 -0.004039794 0.055255692 0.737403750 0.673176169
1585068009.049396 -560.489318848 -613.334472656 80.380187988 -0.003791094 0.055541150 0.737479687 0.673070967
1585068009.082396 -560.132263184 -613.299011230 80.369461060 -0.003762037 0.055661965 0.737582147 0.672948956
1585068009.115396 -559.739624023 -613.257934570 80.356216431 -0.003736884 0.055652618 0.737670898 0.672852576
1585068009.148396 -559.347106934 -613.216308594 80.342750549 -0.003871799 0.055460699 0.737758517 0.672771513
1585068009.181396 -558.954589844 -613.174926758 80.329269409 -0.003988505 0.055357106 0.737853885 0.672674835
1585068009.214396 -558.598022461 -613.139404297 80.317871094 -0.004277468 0.055289261 0.738010883 0.672506332
1585068009.247397 -558.205871582 -613.097900391 80.304130554 -0.004401207 0.055292405 0.738099337 0.672408223
1585068009.280397 -557.813720703 -613.055908203 80.290267944 -0.004616528 0.055094577 0.738160670 0.672355652
1585068009.313397 -557.421264648 -613.014221191 80.276214600 -0.004639118 0.055041544 0.738207281 0.672308683
1585068009.346397 -557.064331055 -612.979492188 80.265579224 -0.005084306 0.054757688 0.738315761 0.672209561
1585068009.379397 -556.671997070 -612.937561035 80.251991272 -0.005286544 0.054552913 0.738347113 0.672190130
1585068009.412397 -556.279174805 -612.896118164 80.238128662 -0.005277604 0.054726519 0.738335192 0.672189295
1585068009.445397 -555.885925293 -612.853759766 80.224784851 -0.005316227 0.054930478 0.738302767 0.672207892
1585068009.478397 -555.528442383 -612.818298340 80.214965820 -0.005584598 0.055300489 0.738320410 0.672155976
1585068009.511397 -555.135009766 -612.776245117 80.201637268 -0.005852342 0.055436250 0.738259912 0.672209024
1585068009.544397 -554.741943359 -612.733459473 80.188430786 -0.006029636 0.055686716 0.738189459 0.672264159
1585068009.577398 -554.348388672 -612.691467285 80.175582886 -0.006169706 0.055924866 0.738095224 0.672346532
1585068009.610397 -553.956237793 -612.649597168 80.162803650 0.006160975 -0.056077775 -0.737988710 -0.672450840
1585068009.643398 -553.605346680 -612.617126465 80.153984070 -0.006234318 0.056214463 0.737889647 0.672547340
1585068009.676398 -553.211853027 -612.575622559 80.140769958 -0.006341666 0.056398332 0.737777233 0.672654331
1585068009.709398 -552.818359375 -612.534179688 80.127403259 -0.006355642 0.056433726 0.737643063 0.672798276
1585068009.742398 -552.424804688 -612.493286133 80.114318848 -0.006405890 0.056112561 0.737495422 0.672986567
1585068009.775398 -552.066711426 -612.461364746 80.105232239 -0.006414413 0.056098577 0.737336993 0.673161328
1585068009.808398 -551.673278809 -612.421081543 80.092102051 -0.006388246 0.055816475 0.737204015 0.673330486
1585068009.841398 -551.279663086 -612.381103516 80.078857422 -0.006309359 0.055441219 0.737095833 0.673480690
1585068009.874398 -550.885498047 -612.341613770 80.065734863 -0.006360560 0.055179797 0.736994803 0.673612297
1585068009.907398 -550.492736816 -612.301391602 80.052413940 0.006494491 -0.055243131 -0.736876905 -0.673734725
1585068009.940398 -550.143066406 -612.270751953 80.044998169 -0.006756872 0.055235237 0.736770451 0.673849285
1585068009.973398 -549.748474121 -612.231689453 80.032241821 -0.006568879 0.055083234 0.736664057 0.673979819
1585068010.006398 -549.353881836 -612.192382812 80.019584656 -0.006418555 0.054982327 0.736569822 0.674092472
1585068010.039399 -548.958923340 -612.153381348 80.006752014 -0.006322175 0.054779813 0.736501276 0.674184799
1585068010.072399 -548.600830078 -612.122497559 79.998809814 -0.005902052 0.055027205 0.736452937 0.674221218
1585068010.105399 -548.205688477 -612.083862305 79.985351562 -0.005676270 0.054857109 0.736394167 0.674301267
1585068010.138399 -547.810729980 -612.045043945 79.972145081 -0.005591154 0.054827943 0.736313701 0.674392223
1585068010.171399 -547.415100098 -612.006225586 79.958908081 -0.005435646 0.055008434 0.736166954 0.674539030
1585068010.204399 -547.057067871 -611.974975586 79.951019287 -0.005255402 0.055007793 0.736042559 0.674676120
1585068010.237399 -546.662048340 -611.936157227 79.937324524 -0.005231172 0.054841764 0.735963047 0.674776554
1585068010.270399 -546.266967773 -611.896789551 79.923736572 -0.005177706 0.054905657 0.735878825 0.674863577
1585068010.303399 -545.871398926 -611.857910156 79.909965515 -0.005208314 0.054820076 0.735834897 0.674918354
1585068010.336399 -545.477539062 -611.819335938 79.896514893 0.005333305 -0.054699082 -0.735837638 -0.674924195
1585068010.369399 -545.086242676 -611.781799316 79.883117676 -0.005507946 0.054599430 0.735832632 0.674936295
1585068010.402400 -544.690673828 -611.742370605 79.869186401 -0.005648673 0.054668114 0.735841751 0.674919605
1585068010.435400 -544.295288086 -611.703857422 79.855773926 -0.005660027 0.054790314 0.735814571 0.674939275
1585068010.468400 -543.899780273 -611.664611816 79.842247009 -0.005684465 0.054754246 0.735763729 0.674997389
1585068010.501400 -543.505249023 -611.625854492 79.829032898 0.005766720 -0.054750603 -0.735657513 -0.675112784
1585068010.534400 -543.197570801 -611.605651855 79.829589844 -0.005795925 0.054799251 0.735546887 0.675229013
1585068010.567400 -542.801635742 -611.567321777 79.816558838 -0.005749106 0.054672420 0.735494792 0.675296426
1585068010.600400 -542.405700684 -611.529235840 79.803398132 -0.005675585 0.054650843 0.735431135 0.675368249
1585068010.633400 -542.009582520 -611.490844727 79.790222168 -0.005766302 0.054680958 0.735361218 0.675441086
1585068010.666400 -541.613464355 -611.451843262 79.777633667 0.005828321 -0.054848477 -0.735299766 -0.675493896
1585068010.699400 -541.265075684 -611.423156738 79.771583557 -0.005987496 0.054868177 0.735194445 0.675605595
1585068010.732400 -540.867980957 -611.384521484 79.758560181 -0.005946279 0.054997470 0.735154629 0.675638676
1585068010.765400 -540.470458984 -611.346435547 79.745101929 -0.005789310 0.055057000 0.735100925 0.675693691
1585068010.798400 -540.072753906 -611.308837891 79.731124878 -0.005362719 0.055285487 0.735041499 0.675743222
1585068010.831400 -539.676025391 -611.271667480 79.716613770 0.004959642 -0.055579819 -0.734988511 -0.675779641
1585068010.864400 -539.327087402 -611.241882324 79.711090088 -0.004965365 0.055707175 0.734926343 0.675836742
1585068010.897401 -538.929138184 -611.204345703 79.696655273 -0.004950344 0.056005713 0.734843552 0.675902307
1585068010.930401 -538.531433105 -611.165832520 79.682411194 -0.004956156 0.056139931 0.734756827 0.675985396
1585068010.963401 -538.133361816 -611.128417969 79.667739868 -0.004880458 0.056271102 0.734666228 0.676073492
1585068010.996401 -537.735107422 -611.091430664 79.654479980 0.004905939 -0.056386542 -0.734604955 -0.676130235
1585068011.029401 -537.388488770 -611.061157227 79.646804810 -0.005036951 0.056465294 0.734565437 0.676165640
1585068011.062401 -536.990905762 -611.023559570 79.632194519 -0.005191863 0.056395303 0.734498739 0.676242709
1585068011.095401 -536.593322754 -610.985900879 79.617553711 -0.005612433 0.056208253 0.734452665 0.676304996
1585068011.128401 -536.195617676 -610.949218750 79.603042603 -0.005917579 0.056010041 0.734400511 0.676375508
1585068011.161401 -535.798889160 -610.914245605 79.589721680 0.005910099 -0.056022760 -0.734376132 -0.676400959
1585068011.194401 -535.453063965 -610.883239746 79.581436157 -0.006013393 0.055749040 0.734347820 0.676453352
1585068011.227401 -535.055053711 -610.846923828 79.567924500 -0.006145476 0.055621117 0.734305441 0.676508725
1585068011.260401 -534.656433105 -610.810363770 79.554016113 -0.006214142 0.055593509 0.734252214 0.676568091
1585068011.293402 -534.258117676 -610.774414062 79.540557861 -0.006179929 0.055600412 0.734198213 0.676626563
1585068011.326401 -533.902099609 -610.742492676 79.531906128 -0.006004661 0.055465262 0.734098077 0.676747799
1585068011.359402 -533.503417969 -610.706359863 79.518730164 -0.006011754 0.055384230 0.734073162 0.676781416
1585068011.392402 -533.104309082 -610.670166016 79.505584717 -0.005896986 0.055587418 0.734002948 0.676841974
1585068011.425402 -532.705078125 -610.633789062 79.492248535 -0.005788564 0.055734172 0.733915329 0.676925838
1585068011.458402 -532.307434082 -610.597900391 79.480720520 0.005696952 -0.055866674 -0.733811200 -0.677028596
1585068011.491402 -531.960021973 -610.567810059 79.472206116 -0.005623043 0.055897158 0.733686864 0.677161396
1585068011.524402 -531.561035156 -610.532470703 79.459671021 -0.005594432 0.055820301 0.733617783 0.677242756
1585068011.557402 -531.162353516 -610.497009277 79.446723938 -0.005609274 0.055598237 0.733569741 0.677312911
1585068011.590402 -530.763732910 -610.462036133 79.433914185 -0.005701155 0.055283662 0.733513176 0.677399218
1585068011.623402 -530.407531738 -610.431152344 79.424743652 -0.005849571 0.055205557 0.733432472 0.677491724
1585068011.656402 -530.009765625 -610.395263672 79.412399292 -0.006340683 0.055089507 0.733394623 0.677537680
1585068011.689402 -529.610778809 -610.360656738 79.399139404 -0.006274373 0.054894757 0.733330965 0.677623093
1585068011.722403 -529.211791992 -610.326293945 79.386398315 -0.006192207 0.054595444 0.733258009 0.677726865
1585068011.755403 -528.855163574 -610.295104980 79.377029419 -0.006169409 0.054464191 0.733164966 0.677838266
1585068011.788403 -528.456176758 -610.260437012 79.365188599 -0.006235927 0.054379765 0.733102918 0.677911639
1585068011.821403 -528.057067871 -610.225585938 79.353355408 -0.006346405 0.054289404 0.733060598 0.677963614
1585068011.854403 -527.657775879 -610.190124512 79.341674805 -0.006413071 0.054592654 0.732999861 0.678004205
1585068011.887403 -527.300842285 -610.157897949 79.332832336 -0.006778866 0.054689385 0.732844234 0.678161144
1585068011.920403 -526.901855469 -610.123657227 79.321342468 -0.006438732 0.054763496 0.732794642 0.678212106
1585068011.953403 -526.503112793 -610.089294434 79.309440613 -0.006402521 0.054538276 0.732849538 0.678171217
1585068011.986403 -526.104614258 -610.054504395 79.297615051 -0.006541369 0.054186299 0.732927442 0.678113878
1585068012.019403 -525.746826172 -610.023193359 79.287635803 -0.006404608 0.053904887 0.733025491 0.678031683
1585068012.052403 -525.348510742 -609.988586426 79.275741577 -0.006229757 0.053912986 0.733167589 0.677878976
1585068012.085403 -524.950683594 -609.953735352 79.264114380 -0.005901813 0.054006342 0.733362257 0.677663863
1585068012.118404 -524.552551270 -609.919250488 79.252410889 -0.005667656 0.053870760 0.733537436 0.677487075
1585068012.151403 -524.192871094 -609.886291504 79.242691040 -0.005394429 0.053919610 0.733668864 0.677343071
1585068012.184404 -523.794982910 -609.850769043 79.230796814 -0.005333155 0.053951152 0.733850121 0.677144647
1585068012.217404 -523.397338867 -609.815429688 79.219322205 -0.005006313 0.054089505 0.733999729 0.676973939
1585068012.250404 -522.999206543 -609.779785156 79.207443237 -0.004744410 0.054287255 0.734145820 0.676801503
1585068012.283404 -522.640197754 -609.745178223 79.196487427 -0.004493207 0.054475125 0.734324992 0.676593721
1585068012.316404 -522.242431641 -609.709167480 79.184379578 -0.004099846 0.054757658 0.734463751 0.676422834
1585068012.349404 -521.845336914 -609.672546387 79.172225952 -0.003874362 0.054915160 0.734636247 0.676223993
1585068012.382404 -521.448669434 -609.635742188 79.159843445 -0.003841698 0.055104084 0.734831572 0.675996542
1585068012.415404 -521.090515137 -609.600036621 79.147148132 -0.003742278 0.055197973 0.735005438 0.675800383
1585068012.448404 -520.695007324 -609.562927246 79.134834290 -0.003745854 0.055218533 0.735165417 0.675624788
1585068012.481404 -520.299499512 -609.526123047 79.122375488 -0.003562629 0.055226631 0.735342264 0.675432563
1585068012.514404 -519.904846191 -609.489013672 79.109710693 -0.003424883 0.055137157 0.735486567 0.675283432
1585068012.547405 -519.548278809 -609.453552246 79.096221924 -0.003379703 0.054938644 0.735667348 0.675102890
1585068012.580405 -519.154479980 -609.416015625 79.083488464 -0.003431439 0.054790445 0.735837996 0.674928665
1585068012.613405 -518.760437012 -609.377868652 79.070632935 -0.003511339 0.054701783 0.735980988 0.674779534
1585068012.646405 -518.366333008 -609.340515137 79.057571411 -0.003653467 0.054415401 0.736117423 0.674653172
1585068012.679405 -518.010009766 -609.304809570 79.043800354 -0.002680212 0.054410394 0.736240864 0.674523294
1585068012.712405 -517.616943359 -609.266601562 79.030624390 -0.002503514 0.054579537 0.736398578 0.674338222
1585068012.745405 -517.223632812 -609.229187012 79.017379761 -0.001940966 0.054733388 0.736533523 0.674180269
1585068012.778405 -516.830810547 -609.191223145 79.004592896 -0.001230806 0.054679006 0.736640990 0.674068809
1585068012.811405 -516.475830078 -609.154113770 78.992202759 -0.001605481 0.054832663 0.736801326 0.673880279
1585068012.844405 -516.084838867 -609.114440918 78.979850769 -0.001487702 0.055233147 0.736898303 0.673741817
1585068012.877405 -515.694580078 -609.074829102 78.967330933 -0.001611978 0.055548627 0.737100780 0.673494041
1585068012.910405 -515.305847168 -609.036071777 78.954315186 -0.002060234 0.054910444 0.737372458 0.673247755
1585068012.943406 -514.953308105 -608.998657227 78.941116333 -0.002683491 0.054509498 0.737480640 0.673159599
1585068012.976406 -514.566345215 -608.958312988 78.928489685 -0.003010154 0.054079711 0.737641811 0.673016250
1585068013.009406 -514.179016113 -608.919189453 78.916122437 -0.003518820 0.053640597 0.737907529 0.672757685
1585068013.042406 -513.792175293 -608.877624512 78.904594421 -0.003903239 0.053759385 0.737968981 0.672678590
1585068013.075406 -513.406921387 -608.836486816 78.893165588 0.004537940 -0.053469431 -0.738176405 -0.672470152
1585068013.108406 -513.061706543 -608.799011230 78.881385803 -0.004935116 0.053583708 0.738206744 0.672424912
1585068013.141406 -512.674804688 -608.757385254 78.870185852 -0.005091071 0.053826634 0.738330305 0.672268689
1585068013.174406 -512.287719727 -608.715881348 78.859313965 -0.004994214 0.054127809 0.738448083 0.672115922
1585068013.207406 -511.900390625 -608.674072266 78.848411560 -0.004911751 0.054488610 0.738503695 0.672026277
1585068013.240406 -511.547607422 -608.636169434 78.837066650 -0.005023152 0.054897279 0.738568485 0.671920955
1585068013.273406 -511.161193848 -608.594299316 78.825668335 -0.004957646 0.055201173 0.738653660 0.671802878
1585068013.306406 -510.774536133 -608.552246094 78.813919067 -0.004723936 0.055606201 0.738717437 0.671700954
1585068013.339406 -510.388366699 -608.510253906 78.801765442 -0.004562885 0.055875808 0.738855958 0.671527326
1585068013.372406 -510.004638672 -608.468933105 78.790222168 0.004350722 -0.056089435 -0.739021242 -0.671329021
1585068013.405406 -509.659118652 -608.433776855 78.777145386 -0.004401922 0.056138601 0.739171267 0.671159506
1585068013.438407 -509.274841309 -608.392272949 78.764381409 -0.004404128 0.055937089 0.739280105 0.671056390
1585068013.471407 -508.891113281 -608.350952148 78.751747131 -0.004472404 0.055623613 0.739335835 0.671020508
1585068013.504407 -508.507446289 -608.309082031 78.738815308 -0.004656314 0.055384882 0.739416182 0.670950472
1585068013.537407 -508.156433105 -608.272583008 78.725349426 -0.004965097 0.055289540 0.739567935 0.670788884
1585068013.570407 -507.774353027 -608.230163574 78.712669373 -0.005337298 0.054997291 0.739601254 0.670773268
1585068013.603407 -507.391601562 -608.187377930 78.699829102 -0.005743444 0.054695442 0.739622533 0.670771182
1585068013.636407 -507.009094238 -608.144287109 78.687797546 -0.006379068 0.054443419 0.739611745 0.670797825
1585068013.669407 -506.626647949 -608.101196289 78.675903320 -0.006806552 0.054397412 0.739552140 0.670863152
1585068013.702407 -506.282897949 -608.067016602 78.663345337 -0.007281721 0.054548100 0.739510715 0.670891523
1585068013.735407 -505.899963379 -608.023925781 78.652008057 -0.007478178 0.054859802 0.739350200 0.671040893
1585068013.768407 -505.516662598 -607.980895996 78.641151428 -0.007631809 0.055203389 0.739131629 0.671251714
1585068013.801408 -505.133117676 -607.938049316 78.630538940 -0.007675052 0.055531949 0.738851130 0.671532869
1585068013.834408 -504.750366211 -607.895324707 78.618766785 0.007755786 -0.055841789 -0.738605261 -0.671776652
1585068013.867408 -504.403625488 -607.863037109 78.607238770 -0.007850022 0.056095835 0.738291681 0.672099054
1585068013.900408 -504.019470215 -607.822265625 78.596138000 -0.007508337 0.056436196 0.737973034 0.672424316
1585068013.933408 -503.635681152 -607.781372070 78.584571838 -0.007095069 0.056713816 0.737684488 0.672721982
1585068013.966408 -503.251647949 -607.741577148 78.572509766 -0.006554484 0.056884035 0.737444639 0.672976017
1585068013.999408 -502.868286133 -607.704406738 78.560531616 0.006021530 -0.056750212 -0.737237990 -0.673218668
1585068014.032408 -502.521179199 -607.674499512 78.547538757 -0.005676746 0.056642331 0.737093687 0.673388660
1585068014.065408 -502.137878418 -607.636657715 78.535339355 -0.005343288 0.056370899 0.736973763 0.673545480
1585068014.098408 -501.754272461 -607.598937988 78.522377014 -0.004882961 0.056328963 0.736845553 0.673692703
1585068014.131408 -501.370971680 -607.560974121 78.509399414 -0.004539967 0.056422278 0.736724615 0.673819542
1585068014.164408 -500.991333008 -607.521728516 78.496536255 0.004578262 -0.056392621 -0.736673415 -0.673877776
1585068014.197408 -500.643859863 -607.492919922 78.483184814 -0.004696906 0.056196164 0.736509621 0.674072385
1585068014.230408 -500.262329102 -607.454772949 78.470672607 -0.004819185 0.055805046 0.736435294 0.674185216
1585068014.263409 -499.880676270 -607.417053223 78.458160400 -0.004931688 0.055208910 0.736347437 0.674329460
1585068014.296409 -499.520080566 -607.385559082 78.444984436 -0.004813075 0.054814592 0.736211956 0.674510360
1585068014.329409 -499.137939453 -607.348449707 78.432052612 -0.004555702 0.054717761 0.736120403 0.674619973
1585068014.362409 -498.769470215 -607.314086914 78.419692993 -0.004703939 0.054763619 0.736011207 0.674734235
1585068014.395409 -498.387329102 -607.276733398 78.406906128 -0.004634529 0.054934073 0.735884488 0.674859107
1585068014.428409 -498.004150391 -607.239074707 78.394119263 -0.004430145 0.055214673 0.735782266 0.674949050
1585068014.461409 -497.640930176 -607.205444336 78.381958008 -0.004214674 0.055546328 0.735644102 0.675073802
1585068014.494409 -497.258300781 -607.167907715 78.369796753 0.003759742 -0.056112524 -0.735540688 -0.675142348
1585068014.527409 -496.887207031 -607.133056641 78.358001709 -0.003389180 0.056619171 0.735428095 0.675224662
1585068014.560409 -496.505126953 -607.095581055 78.345565796 -0.003309428 0.056853235 0.735377729 0.675260246
1585068014.593410 -496.123413086 -607.058288574 78.332504272 -0.003394335 0.056879744 0.735339701 0.675298989
1585068014.626410 -495.742126465 -607.020751953 78.318992615 -0.003579110 0.056801826 0.735305130 0.675342262
1585068014.659410 -495.361083984 -606.983947754 78.305465698 -0.003847539 0.056679092 0.735253811 0.675407052
1585068014.692410 -495.010986328 -606.952148438 78.292648315 -0.004282564 0.056095913 0.735313654 0.675387859
1585068014.725410 -494.630432129 -606.915710449 78.278739929 -0.004593998 0.055780422 0.735286713 0.675441265
1585068014.758410 -494.249816895 -606.878967285 78.265472412 -0.005109340 0.055267941 0.735296369 0.675469279
1585068014.791410 -493.869079590 -606.842346191 78.252120972 -0.005385488 0.054950606 0.735273182 0.675518155
1585068014.824410 -493.487854004 -606.805786133 78.239013672 -0.005436718 0.054874171 0.735250235 0.675549030
1585068014.857410 -493.135864258 -606.773315430 78.227096558 -0.005365968 0.054636784 0.735198259 0.675625265
1585068014.890410 -492.754028320 -606.736450195 78.214981079 -0.005313397 0.054777540 0.735176086 0.675638497
1585068014.923410 -492.371887207 -606.700012207 78.203018188 -0.005109609 0.055074029 0.735144198 0.675650656
1585068014.956410 -491.989135742 -606.663879395 78.191528320 -0.004882217 0.055211779 0.735135436 0.675650597
1585068014.989410 -491.606323242 -606.627197266 78.179504395 -0.004511684 0.055481005 0.735092640 0.675677657
1585068015.022410 -491.253051758 -606.594360352 78.168022156 -0.004063874 0.055601060 0.734996259 0.675775468
1585068015.055410 -490.870605469 -606.557800293 78.155860901 -0.003585428 0.056033209 0.734975040 0.675765574
1585068015.088411 -490.488281250 -606.522094727 78.143249512 -0.003270835 0.056246515 0.734958410 0.675767660
1585068015.121411 -490.106323242 -606.486022949 78.130317688 -0.002979815 0.056409214 0.734947383 0.675767422
1585068015.154411 -489.724487305 -606.449340820 78.117149353 -0.002924919 0.056358907 0.734962404 0.675755441
1585068015.187411 -489.371704102 -606.416198730 78.104454041 -0.002548575 0.056263816 0.734868944 0.675866485
1585068015.220411 -488.990173340 -606.380310059 78.090896606 -0.002331644 0.056321874 0.734846056 0.675887346
1585068015.253411 -488.608520508 -606.344848633 78.077316284 -0.002278566 0.056366205 0.734834135 0.675896823
1585068015.286411 -488.227111816 -606.308715820 78.063262939 -0.002321184 0.056335177 0.734813631 0.675921559
1585068015.319411 -487.845520020 -606.272460938 78.049255371 -0.002468258 0.056416653 0.734799564 0.675929546
1585068015.352411 -487.493896484 -606.236328125 78.035659790 -0.002654344 0.056281410 0.734712005 0.676035285
1585068015.385411 -487.112670898 -606.199768066 78.021881104 -0.002894998 0.056195464 0.734727144 0.676024973
1585068015.418411 -486.731323242 -606.163940430 78.008171082 -0.003000259 0.056145724 0.734727979 0.676027775
1585068015.451411 -486.349975586 -606.127685547 77.994506836 -0.003100664 0.056107003 0.734717667 0.676041782
1585068015.484411 -485.969726562 -606.092285156 77.981269836 0.003307104 -0.056015119 -0.734740674 -0.676023364
1585068015.517411 -485.616210938 -606.055480957 77.967086792 -0.003404945 0.055866387 0.734748960 0.676026106
1585068015.550412 -485.233764648 -606.019653320 77.953308105 -0.003660172 0.055787683 0.734789968 0.675986767
1585068015.583412 -484.850769043 -605.984802246 77.939025879 -0.002880633 0.056187235 0.734741449 0.676010251
1585068015.616412 -484.467651367 -605.949218750 77.924972534 -0.002451539 0.056214966 0.734705746 0.676048338
1585068015.649412 -484.083801270 -605.914672852 77.910362244 0.001468331 -0.056963623 -0.734619915 -0.676081836
1585068015.682412 -483.727905273 -605.878295898 77.895324707 -0.000366390 0.057800591 0.734559476 0.676077962
1585068015.715412 -483.345031738 -605.842224121 77.881690979 -0.000669897 0.058072500 0.734568119 0.676045060
1585068015.748412 -482.960937500 -605.806091309 77.866775513 -0.000073105 0.058830056 0.734481275 0.676074207
1585068015.781412 -482.578002930 -605.770019531 77.852531433 0.000216126 0.059418790 0.734534621 0.675964713
1585068015.814412 -482.198974609 -605.733032227 77.836853027 0.000724703 -0.058591440 -0.734520972 -0.676051378
1585068015.847413 -481.845336914 -605.696899414 77.820602417 -0.000790387 0.058672938 0.734507143 0.676059306
1585068015.880412 -481.464843750 -605.661315918 77.805831909 -0.000915766 0.058837555 0.734581232 0.675964355
1585068015.913413 -481.086303711 -605.626220703 77.788909912 -0.002335519 0.057796583 0.734665394 0.675959289
1585068015.946413 -480.707275391 -605.589477539 77.774108887 -0.004012406 0.056484427 0.734749913 0.675970435
1585068015.979413 -480.327392578 -605.556213379 77.761062622 0.004562408 -0.056330647 -0.734805524 -0.675919414
1585068016.012413 -479.974243164 -605.516845703 77.745925903 -0.005198986 0.056089323 0.734796703 0.675944448
1585068016.045413 -479.592712402 -605.481079102 77.732948303 -0.005284607 0.056406621 0.734829068 0.675882101
1585068016.078413 -479.210388184 -605.445617676 77.720596313 -0.005419850 0.056596022 0.734873176 0.675817192
1585068016.111413 -478.827331543 -605.410400391 77.708694458 -0.005615175 0.056689098 0.734886885 0.675792933
1585068016.144413 -478.466064453 -605.371826172 77.695632935 -0.005444586 0.057352483 0.734815478 0.675816000
1585068016.177413 -478.082214355 -605.335815430 77.683486938 -0.005048066 0.057945952 0.734789968 0.675796270
1585068016.210413 -477.697875977 -605.300170898 77.670837402 -0.004372954 0.058714923 0.734710634 0.675820768
1585068016.243413 -477.314208984 -605.264892578 77.657890320 -0.003875285 0.059233591 0.734689713 0.675801337
1585068016.276413 -476.952026367 -605.228454590 77.644271851 -0.003664822 0.059481379 0.734641850 0.675832808
1585068016.309414 -476.568847656 -605.193725586 77.629966736 -0.003397495 0.059721049 0.734640121 0.675814927
1585068016.342414 -476.186096191 -605.158813477 77.614883423 -0.003252149 0.059652675 0.734652281 0.675808430
1585068016.375414 -475.803649902 -605.124816895 77.599281311 -0.003121316 0.059643004 0.734652579 0.675809562
1585068016.408414 -475.442321777 -605.088378906 77.583839417 -0.003036559 0.059639592 0.734614849 0.675851285
1585068016.441414 -475.060424805 -605.054199219 77.567596436 -0.003066331 0.059476022 0.734629750 0.675849319
1585068016.474414 -474.678344727 -605.019714355 77.551147461 -0.003104657 0.059173286 0.734651983 0.675851643
1585068016.507414 -474.295898438 -604.985107422 77.534912109 -0.002965331 0.059158102 0.734682202 0.675820649
1585068016.540414 -473.914489746 -604.949218750 77.517852783 0.003015071 -0.059138510 -0.734688878 -0.675814867
1585068016.573414 -473.555541992 -604.914306641 77.502899170 -0.002790958 0.059081938 0.734646976 0.675866365
1585068016.606414 -473.172729492 -604.879882812 77.486968994 -0.002557963 0.059093811 0.734662235 0.675849736
1585068016.639414 -472.789733887 -604.845214844 77.471176147 -0.002401769 0.059129786 0.734681070 0.675826669
1585068016.672415 -472.406494141 -604.810302734 77.455291748 -0.002275735 0.059061550 0.734697819 0.675814867
1585068016.705414 -472.042419434 -604.775146484 77.440452576 -0.001869053 0.059447780 0.734615326 0.675871849
1585068016.738415 -471.659912109 -604.740051270 77.424911499 -0.001803905 0.059405923 0.734655499 0.675832093
1585068016.771415 -471.276428223 -604.704040527 77.408889771 -0.001700878 0.059701122 0.734641790 0.675821185
1585068016.804415 -470.892822266 -604.668945312 77.392364502 -0.001507878 0.059718259 0.734653533 0.675807476
1585068016.837415 -470.528686523 -604.634582520 77.377296448 -0.001716614 0.059315156 0.734718442 0.675771892
1585068016.870415 -470.145324707 -604.599609375 77.360565186 -0.001446664 0.059287690 0.734699726 0.675795257
1585068016.903415 -469.762084961 -604.563659668 77.344009399 -0.001121432 0.059827041 0.734716594 0.675730050
1585068016.936415 -469.378723145 -604.527343750 77.326942444 -0.001118481 0.060236908 0.734731317 0.675677657
1585068016.969415 -469.014160156 -604.493041992 77.312149048 -0.001477182 0.059819367 0.734746456 0.675697446
1585068017.002415 -468.630981445 -604.457214355 77.296432495 -0.001462609 0.059842836 0.734791160 0.675646901
1585068017.035415 -468.248046875 -604.422119141 77.279609680 -0.001561552 0.059382409 0.734808564 0.675668359
1585068017.068415 -467.865783691 -604.387084961 77.263374329 -0.001635462 0.058904331 0.734887362 0.675624311
1585068017.101415 -467.483276367 -604.351501465 77.246803284 0.001408547 -0.058752108 -0.734968662 -0.675549626
1585068017.134415 -467.122680664 -604.317321777 77.231101990 -0.001922458 0.058242958 0.735091448 0.675458789
1585068017.167416 -466.740112305 -604.281005859 77.215072632 -0.002035707 0.058159109 0.735194206 0.675353885
1585068017.200415 -466.356872559 -604.245666504 77.199172974 -0.002337217 0.057410944 0.735429049 0.675161242
1585068017.233416 -465.973449707 -604.209472656 77.184188843 -0.002199650 0.057036273 0.735573292 0.675036311
1585068017.266416 -465.589721680 -604.173095703 77.169158936 0.001891315 -0.056879442 -0.735830188 -0.674770355
1585068017.299416 -465.227905273 -604.138977051 77.154266357 -0.001751721 0.056819201 0.736055970 0.674529552
1585068017.332416 -464.844055176 -604.101562500 77.139526367 -0.001709401 0.056830201 0.736279070 0.674285233
1585068017.365416 -464.459411621 -604.063842773 77.124908447 -0.001746982 0.056823563 0.736496747 0.674047887
1585068017.398416 -464.074890137 -604.025878906 77.110137939 -0.001652956 0.056892008 0.736644149 0.673881292
1585068017.431416 -463.708679199 -603.989440918 77.095031738 -0.001742542 0.057036053 0.736768365 0.673733115
1585068017.464416 -463.323974609 -603.950805664 77.080352783 -0.001614213 0.057104506 0.736896574 0.673587382
1585068017.497416 -462.939025879 -603.911987305 77.065193176 -0.001504302 0.057297029 0.737017453 0.673439085
1585068017.530416 -462.554138184 -603.871765137 77.049758911 -0.001520067 0.057633929 0.737130880 0.673286021
1585068017.563416 -462.187011719 -603.834533691 77.033386230 -0.001702577 0.057929635 0.737295985 0.673079371
1585068017.596416 -461.802246094 -603.794372559 77.017776489 -0.001706809 0.058303241 0.737318575 0.673022449
1585068017.629417 -461.417053223 -603.753662109 77.002159119 -0.001836985 0.058709677 0.737309277 0.672996938
1585068017.662417 -461.031860352 -603.713134766 76.986389160 -0.001994848 0.059015833 0.737228155 0.673058629
1585068017.695417 -460.664489746 -603.675537109 76.969924927 -0.002378762 0.059361480 0.737222672 0.673032939
1585068017.728417 -460.280151367 -603.635131836 76.954467773 -0.002583385 0.059594546 0.737105072 0.673140407
1585068017.761417 -459.895507812 -603.595336914 76.938964844 -0.002924502 0.059618194 0.736957729 0.673298240
1585068017.794417 -459.511474609 -603.556152344 76.923950195 -0.003182232 0.059491232 0.736798346 0.673482716
1585068017.827417 -459.144958496 -603.520812988 76.907623291 -0.003561735 0.059222024 0.736689091 0.673623919
1585068017.860417 -458.761230469 -603.483093262 76.892608643 -0.003854096 0.058746126 0.736559749 0.673805535
1585068017.893417 -458.376892090 -603.444946289 76.877807617 -0.004046053 0.058375433 0.736449242 0.673957348
1585068017.926417 -457.992675781 -603.406860352 76.862678528 -0.004342020 0.058086812 0.736355305 0.674083054
1585068017.959417 -457.625793457 -603.372314453 76.847068787 -0.004541099 0.057746083 0.736251473 0.674224496
1585068017.992418 -457.241027832 -603.334716797 76.833168030 -0.004646569 0.057542682 0.736153185 0.674348414
1585068018.025418 -456.855651855 -603.297546387 76.819625854 -0.004682183 0.057343155 0.736053109 0.674474418
1585068018.058418 -456.469787598 -603.259948730 76.806335449 -0.004502027 0.057340279 0.735919952 0.674621105
1585068018.091418 -456.101440430 -603.226806641 76.791007996 -0.004124642 0.057499044 0.735829890 0.674708307
1585068018.124418 -455.714965820 -603.189636230 76.777465820 -0.003867775 0.057756167 0.735700011 0.674829483
1585068018.157418 -455.327758789 -603.151977539 76.763389587 -0.003613740 0.058082771 0.735547781 0.674968779
1585068018.190418 -454.940673828 -603.115051270 76.749526978 -0.003169566 0.058653776 0.735362113 0.675123930
1585068018.223418 -454.571472168 -603.079833984 76.733657837 -0.003026277 0.059164748 0.735232413 0.675221205
1585068018.256418 -454.184204102 -603.042968750 76.719612122 -0.002817243 0.059530709 0.735065341 0.675371885
1585068018.289418 -453.797180176 -603.005737305 76.705200195 -0.002729893 0.059900761 0.734930754 0.675485909
1585068018.322418 -453.410949707 -602.968444824 76.690559387 -0.002909809 0.060181729 0.734804034 0.675598085
1585068018.355418 -453.026306152 -602.930908203 76.675247192 0.003135115 -0.060229313 -0.734674990 -0.675733209
1585068018.388419 -452.661499023 -602.897094727 76.657577515 -0.003348202 0.060191721 0.734545946 0.675875843
1585068018.421418 -452.276428223 -602.860534668 76.641891479 0.003697395 -0.060090885 -0.734461367 -0.675974846
1585068018.454419 -451.891235352 -602.824707031 76.626205444 0.003957719 -0.059996817 -0.734382093 -0.676067889
1585068018.487419 -451.517761230 -602.789672852 76.609176636 -0.004286021 0.059653595 0.734385133 0.676092923
1585068018.520419 -451.132080078 -602.753662109 76.593925476 -0.004595041 0.059459716 0.734352589 0.676143289
1585068018.553419 -450.746276855 -602.717834473 76.579025269 -0.004772574 0.059550233 0.734287322 0.676205039
1585068018.586419 -450.359863281 -602.682373047 76.564537048 -0.004662662 0.059522931 0.734188497 0.676315486
1585068018.619419 -449.989807129 -602.648010254 76.547821045 -0.004919022 0.059581194 0.734145761 0.676354825
1585068018.652419 -449.603393555 -602.613647461 76.534072876 -0.004863948 0.059509251 0.734059930 0.676454782
1585068018.685419 -449.217224121 -602.579223633 76.520118713 -0.004836291 0.059332374 0.734025359 0.676508129
1585068018.718419 -448.830810547 -602.544372559 76.506118774 -0.004678637 0.059280615 0.734011173 0.676529050
1585068018.751419 -448.459594727 -602.509521484 76.490493774 -0.004570037 0.059153341 0.734000206 0.676552832
1585068018.784419 -448.073730469 -602.475219727 76.477264404 -0.004374981 0.059245780 0.733994365 0.676552415
1585068018.817420 -447.687622070 -602.441101074 76.463714600 -0.004183083 0.059047826 0.734076202 0.676482081
1585068018.850420 -447.301696777 -602.406433105 76.449920654 -0.004127413 0.058700386 0.734211028 0.676366329
1585068018.883420 -446.916076660 -602.372314453 76.435852051 0.003992379 -0.058625214 -0.734343886 -0.676229537
1585068018.916420 -446.548156738 -602.336547852 76.419677734 -0.004003972 0.058507353 0.734491706 0.676078975
1585068018.949420 -446.161987305 -602.301147461 76.405441284 -0.003956467 0.058591273 0.734638751 0.675912201
1585068018.982420 -445.775634766 -602.265747070 76.391510010 -0.003734052 0.058892820 0.734791756 0.675720930
1585068019.015420 -445.389465332 -602.229858398 76.377212524 -0.003691107 0.059071664 0.734895468 0.675592780
1585068019.048420 -445.017395020 -602.192993164 76.360961914 -0.003399730 0.059411503 0.734946907 0.675508559
1585068019.081420 -444.630920410 -602.156982422 76.346374512 -0.003093899 0.059732035 0.735038936 0.675381601
1585068019.114420 -444.244384766 -602.120727539 76.331451416 -0.002905637 0.059962720 0.735133231 0.675259352
1585068019.147420 -443.857971191 -602.084350586 76.315963745 -0.002729744 0.060135178 0.735248744 0.675118983
1585068019.180420 -443.472656250 -602.047729492 76.300613403 0.002560794 -0.060359653 -0.735338092 -0.675002277
1585068019.213421 -443.104858398 -602.009643555 76.284027100 -0.002401590 0.060645346 0.735445976 0.674859703
1585068019.246420 -442.719970703 -601.973266602 76.268432617 -0.002435803 0.060449217 0.735557556 0.674755514
1585068019.279421 -442.334960938 -601.936706543 76.252708435 -0.002425849 0.060368057 0.735700786 0.674606681
1585068019.312421 -441.950744629 -601.899841309 76.236686707 -0.002643526 0.060045354 0.735861719 0.674459100
1585068019.345421 -441.581359863 -601.861816406 76.219879150 -0.002819300 0.059843540 0.736014605 0.674309552
1585068019.378421 -441.197448730 -601.825073242 76.204154968 -0.002819180 0.059692558 0.736139238 0.674186885
1585068019.411421 -440.813598633 -601.787719727 76.188446045 -0.002923637 0.059543058 0.736307681 0.674015701
1585068019.444421 -440.429321289 -601.750488281 76.172737122 -0.002909183 0.059440866 0.736446440 0.673873127
1585068019.477421 -440.045166016 -601.712585449 76.156730652 0.002821862 -0.059336644 -0.736626148 -0.673686206
1585068019.510421 -439.680053711 -601.674865723 76.142929077 -0.002853572 0.059181739 0.736819267 0.673488438
1585068019.543421 -439.295715332 -601.637268066 76.128021240 -0.002679139 0.059132908 0.736950636 0.673349738
1585068019.576421 -438.911621094 -601.599243164 76.113052368 -0.002525061 0.059173271 0.737084329 0.673200548
1585068019.609421 -438.527832031 -601.560424805 76.097717285 -0.002388895 0.059386440 0.737226248 0.673026741
1585068019.642421 -438.144775391 -601.521484375 76.081779480 0.002293169 -0.059593860 -0.737327933 -0.672897458
1585068019.675421 -437.780578613 -601.482543945 76.068496704 -0.002179623 0.059650507 0.737428546 0.672782421
1585068019.708422 -437.397399902 -601.443237305 76.052947998 -0.002245635 0.059677176 0.737559676 0.672636092
1585068019.741422 -437.014465332 -601.403991699 76.037261963 -0.002320379 0.059601929 0.737694263 0.672495008
1585068019.774422 -436.631774902 -601.364562988 76.021270752 -0.002205908 0.059678465 0.737775922 0.672398925
1585068019.807422 -436.265197754 -601.325195312 76.008033752 -0.002150566 0.059709515 0.737868130 0.672295213
1585068019.840422 -435.882873535 -601.285644531 75.992012024 -0.002093911 0.059796795 0.737969816 0.672176003
1585068019.873422 -435.500366211 -601.245971680 75.975700378 -0.001924962 0.059960727 0.738082826 0.672037840
1585068019.906422 -435.118225098 -601.205566406 75.959594727 -0.001894951 0.060062744 0.738214791 0.671883762
1585068019.939422 -434.752319336 -601.165405273 75.945083618 -0.001937121 0.059998244 0.738365412 0.671723902
1585068019.972422 -434.370605469 -601.125610352 75.929107666 -0.001862824 0.059994165 0.738476694 0.671602190
1585068020.005422 -433.989379883 -601.085571289 75.913314819 -0.001848280 0.059893031 0.738614917 0.671459138
1585068020.038423 -433.608093262 -601.046264648 75.897323608 -0.001753748 0.059738014 0.738715470 0.671362698
1585068020.071423 -433.244140625 -601.005615234 75.882972717 -0.001739562 0.059549451 0.738852024 0.671229064
1585068020.104423 -432.863830566 -600.965698242 75.867088318 -0.001971692 0.059370767 0.738961577 0.671123743
1585068020.137423 -432.483947754 -600.925415039 75.850944519 -0.002370596 0.059178445 0.739025474 0.671069086
1585068020.170423 -432.103942871 -600.885009766 75.835266113 -0.002579748 0.059054453 0.739049971 0.671052217
1585068020.203423 -431.740966797 -600.843383789 75.822174072 -0.002540499 0.059009131 0.739021003 0.671088278
1585068020.236423 -431.361206055 -600.803222656 75.806625366 -0.002567708 0.058876004 0.738997161 0.671126068
1585068020.269423 -430.981506348 -600.763549805 75.791458130 -0.002444207 0.058742452 0.738983572 0.671153247
1585068020.302423 -430.601684570 -600.723815918 75.776214600 -0.002195209 0.058674105 0.738941610 0.671206295
1585068020.335423 -430.239135742 -600.683349609 75.763565063 -0.002123803 0.058574345 0.738947093 0.671209216
1585068020.368423 -429.859436035 -600.643920898 75.748809814 -0.001997351 0.058668353 0.738887966 0.671266437
1585068020.401423 -429.480468750 -600.604431152 75.733993530 -0.001776755 0.058888696 0.738821387 0.671321034
1585068020.434423 -429.101562500 -600.564819336 75.718658447 -0.001617908 0.058957338 0.738757253 0.671386003
1585068020.467423 -428.723632812 -600.526000977 75.703895569 0.001471936 -0.058942549 -0.738737285 -0.671409667
1585068020.500424 -428.365661621 -600.484252930 75.690719604 -0.001400739 0.058939323 0.738738716 0.671408534
1585068020.533424 -427.987609863 -600.445434570 75.675476074 -0.001390666 0.058927871 0.738691509 0.671461523
1585068020.566424 -427.609924316 -600.405822754 75.659729004 -0.001360834 0.058961544 0.738629997 0.671526313
1585068020.599424 -427.232177734 -600.366455078 75.644058228 -0.001306683 0.059272457 0.738567472 0.671567738
1585068020.632424 -426.871582031 -600.324890137 75.630187988 -0.001183659 0.059447534 0.738508821 0.671616971
1585068020.665424 -426.494934082 -600.285949707 75.614837646 -0.001082629 0.059584305 0.738436103 0.671684980
1585068020.698424 -426.118469238 -600.246948242 75.599143982 -0.001131803 0.059539475 0.738355935 0.671777010
1585068020.731424 -425.742187500 -600.207641602 75.583129883 -0.001122981 0.059629228 0.738275945 0.671856880
1585068020.764424 -425.382080078 -600.167114258 75.569419861 -0.001125902 0.059782814 0.738198459 0.671928406
1585068020.797424 -425.006835938 -600.128173828 75.553573608 -0.001123607 0.059987634 0.738090038 0.672029376
1585068020.830425 -424.632385254 -600.088989258 75.537528992 -0.001232922 0.060095679 0.737961233 0.672160804
1585068020.863425 -424.257934570 -600.050537109 75.521820068 -0.001525163 0.060025506 0.737829804 0.672310829
1585068020.896425 -423.884399414 -600.011108398 75.504592896 0.001813948 -0.059986029 -0.737639487 -0.672522485
1585068020.929425 -423.529052734 -599.972839355 75.493408203 -0.002112985 0.059880670 0.737475157 0.672711194
1585068020.962425 -423.155517578 -599.935424805 75.477287292 -0.002131731 0.059870400 0.737223148 0.672988236
1585068020.995425 -422.782043457 -599.897705078 75.460861206 -0.002163470 0.059798256 0.736989141 0.673250675
1585068021.028425 -422.408630371 -599.860473633 75.444213867 -0.002165824 0.060184035 0.736716628 0.673514485
1585068021.061425 -422.036071777 -599.823120117 75.428031921 0.002188861 -0.060143512 -0.736529231 -0.673723102
1585068021.094425 -421.681152344 -599.787719727 75.416351318 -0.002068639 0.060103271 0.736357331 0.673914909
1585068021.127425 -421.308105469 -599.752075195 75.400558472 -0.001611441 0.060180888 0.736205935 0.674074650
1585068021.160425 -420.935729980 -599.716552734 75.385025024 -0.001308322 0.060212776 0.736046076 0.674246967
1585068021.193425 -420.563537598 -599.680786133 75.369621277 -0.001211285 0.060201954 0.735889137 0.674419343
1585068021.226425 -420.206787109 -599.646911621 75.357688904 -0.000989765 0.060085163 0.735797942 0.674529672
1585068021.259426 -419.836730957 -599.611572266 75.341796875 -0.001206934 0.059723299 0.735710859 0.674656391
1585068021.292426 -419.467163086 -599.575805664 75.325187683 -0.001479209 0.059440374 0.735557616 0.674847901
1585068021.325426 -419.097717285 -599.540771484 75.309768677 -0.001654744 0.059229858 0.735441864 0.674992085
1585068021.358426 -418.741821289 -599.507629395 75.296470642 -0.001980960 0.058866926 0.735272884 0.675207019
1585068021.391426 -418.372802734 -599.472351074 75.281417847 -0.002209157 0.058758490 0.735134363 0.675366640
1585068021.424426 -418.003601074 -599.436889648 75.266120911 -0.002352059 0.058848634 0.734956741 0.675551534
1585068021.457426 -417.634521484 -599.401672363 75.251312256 -0.002248824 0.058989123 0.734766006 0.675747156
1585068021.490426 -417.278320312 -599.369262695 75.238388062 -0.002012938 0.059049811 0.734602332 0.675920486
1585068021.523426 -416.910034180 -599.334350586 75.223220825 -0.001854956 0.059141532 0.734455824 0.676072061
1585068021.556426 -416.541503906 -599.300781250 75.208663940 -0.001704484 0.059240405 0.734281898 0.676252723
1585068021.589427 -416.173339844 -599.267089844 75.193641663 -0.001509219 0.059423186 0.734110951 0.676422834
1585068021.622426 -415.817932129 -599.234252930 75.180908203 -0.001289636 0.059546225 0.733938873 0.676599145
1585068021.655427 -415.450927734 -599.201171875 75.165557861 -0.001040310 0.059642363 0.733757079 0.676788270
1585068021.688426 -415.084411621 -599.168395996 75.149932861 -0.000920266 0.059529144 0.733637214 0.676928401
1585068021.721427 -414.718322754 -599.135864258 75.134216309 -0.000893861 0.059300907 0.733494759 0.677102804
1585068021.754427 -414.365356445 -599.104125977 75.121063232 -0.000780106 0.058956210 0.733414471 0.677219927
1585068021.787427 -414.000000000 -599.072265625 75.105400085 -0.000676960 0.058669087 0.733279467 0.677391112
1585068021.820427 -413.635192871 -599.040893555 75.089729309 -0.000553280 0.058487892 0.733160675 0.677535474
1585068021.853427 -413.270935059 -599.010070801 75.074447632 -0.000595778 0.058106016 0.733033419 0.677706003
1585068021.886427 -412.907287598 -598.979492188 75.059257507 0.000568002 -0.057800617 -0.732913494 -0.677861810
1585068021.919427 -412.559143066 -598.947998047 75.045928955 -0.000487506 0.057336915 0.732811272 0.678011775
1585068021.952427 -412.195922852 -598.916870117 75.031143188 -0.000490248 0.057225790 0.732675016 0.678168356
1585068021.985427 -411.833007812 -598.885986328 75.016601562 -0.000472546 0.057127163 0.732525110 0.678338647
1585068022.018427 -411.470764160 -598.855102539 75.002304077 -0.000203550 0.057322409 0.732386768 0.678471625
1585068022.051427 -411.108947754 -598.824462891 74.987693787 -0.000005662 -0.057374347 -0.732199073 -0.678669870
1585068022.084428 -410.763549805 -598.793579102 74.974960327 0.000180542 0.057358552 0.732033610 0.678849578
1585068022.117427 -410.402709961 -598.763305664 74.961212158 0.000526249 0.057714824 0.731904805 0.678958118
1585068022.150428 -410.042846680 -598.732788086 74.947326660 0.000687838 0.057965018 0.731785774 0.679064989
1585068022.183428 -409.684143066 -598.702453613 74.933288574 0.000921100 0.058295123 0.731641054 0.679192364
1585068022.216428 -409.339416504 -598.672180176 74.919967651 0.001091182 0.058518402 0.731461406 0.679366350
1585068022.249428 -408.983337402 -598.641235352 74.905105591 0.001228243 0.058764338 0.731299341 0.679519415
1585068022.282428 -408.628112793 -598.610229492 74.890174866 0.001410991 0.058811262 0.731157064 0.679668069
1585068022.315428 -408.274353027 -598.579711914 74.874893188 0.001614153 0.058790110 0.731021285 0.679815471
1585068022.348428 -407.922851562 -598.554687500 74.864341736 0.001631737 0.058809787 0.730928779 0.679913163
1585068022.381428 -407.571594238 -598.525939941 74.849868774 0.001473665 0.058726892 0.730819881 0.680037737
1585068022.414428 -407.221252441 -598.497314453 74.835296631 0.001486450 0.058715962 0.730705321 0.680161834
1585068022.447428 -406.872375488 -598.468994141 74.820846558 0.001447111 0.058621559 0.730593264 0.680290401
1585068022.480428 -406.547607422 -598.442199707 74.804428101 0.001354605 0.058354557 0.730485916 0.680428743
1585068022.513428 -406.200927734 -598.414672852 74.791175842 0.001358241 0.058099888 0.730424166 0.680516899
1585068022.546429 -405.855224609 -598.387451172 74.777893066 0.001377612 0.057811383 0.730405688 0.680561185
1585068022.579429 -405.511047363 -598.359619141 74.765014648 0.001356006 0.057596378 0.730413675 0.680570841
1585068022.612429 -405.179626465 -598.333129883 74.749542236 0.001347601 0.057315793 0.730474353 0.680529475
1585068022.645429 -404.837280273 -598.305786133 74.737152100 0.001384199 0.057186745 0.730542123 0.680467486
1585068022.678429 -404.496032715 -598.278381348 74.724853516 0.001480848 0.057026315 0.730662942 0.680351079
1585068022.711429 -404.155639648 -598.250854492 74.712585449 0.001480073 0.056748036 0.730814099 0.680211961
1585068022.744429 -403.816711426 -598.223205566 74.700485229 -0.001559108 -0.056495439 -0.730992138 -0.680041492
1585068022.777429 -403.493530273 -598.197143555 74.682907104 0.001592010 0.056134813 0.731201231 0.679846406
1585068022.810429 -403.156005859 -598.169067383 74.670852661 0.001617968 0.056025647 0.731376052 0.679667234
1585068022.843429 -402.819213867 -598.140747070 74.658859253 0.001710355 0.056009322 0.731537640 0.679494441
1585068022.876429 -402.483093262 -598.111450195 74.646759033 0.001727551 0.056120273 0.731697023 0.679313660
1585068022.909430 -402.161010742 -598.083923340 74.629226685 0.001853734 0.056007318 0.731857896 0.679149270
1585068022.942430 -401.826538086 -598.054687500 74.617446899 0.001973480 0.056112088 0.731987655 0.679000556
1585068022.975430 -401.493286133 -598.024963379 74.605667114 0.002206892 0.056180499 0.732138216 0.678831756
1585068023.008430 -401.160888672 -597.995483398 74.593994141 0.002312392 0.056263641 0.732283711 0.678667545
1585068023.041430 -400.843872070 -597.968505859 74.575782776 0.002485603 0.056172155 0.732495189 0.678446293
1585068023.074430 -400.513854980 -597.938598633 74.563835144 0.002455681 0.056155764 0.732650220 0.678280354
1585068023.107430 -400.184753418 -597.908325195 74.551887512 0.002569556 0.056062743 0.732822359 0.678101599
1585068023.140430 -399.856567383 -597.878051758 74.539978027 0.002731591 0.055998020 0.733026087 0.677886069
1585068023.173430 -399.544311523 -597.851867676 74.521133423 0.002956599 0.055882528 0.733281136 0.677618742
1585068023.206430 -399.218322754 -597.821777344 74.509178162 0.003144383 0.055728853 0.733582020 0.677304864
1585068023.239430 -398.893615723 -597.791503906 74.497116089 0.003304094 0.055558071 0.733939290 0.676931024
1585068023.272430 -398.569946289 -597.760498047 74.485092163 0.003474086 0.055455536 0.734381497 0.676458776
1585068023.305430 -398.262023926 -597.733764648 74.465011597 0.003672749 0.055391289 0.734887958 0.675912738
1585068023.338430 -397.940734863 -597.702026367 74.453216553 0.004074097 0.055529684 0.735414445 0.675326288
1585068023.371431 -397.620178223 -597.669677734 74.440994263 0.004471153 0.055657819 0.735996008 0.674679339
1585068023.404431 -397.300537109 -597.636657715 74.428657532 0.004961043 0.055900760 0.736595750 0.674000919
1585068023.437431 -396.982177734 -597.603332520 74.416213989 -0.005395293 -0.056050293 -0.737290323 -0.673225284
1585068023.470431 -396.683349609 -597.573730469 74.392883301 0.005780876 0.056302864 0.738050938 0.672366977
1585068023.503431 -396.367370605 -597.538452148 74.380691528 0.006036967 0.056615293 0.738832593 0.671479583
1585068023.536431 -396.053100586 -597.501831055 74.367858887 0.006356061 0.056967542 0.739678383 0.670514941
1585068023.569431 -395.740417480 -597.463867188 74.355247498 0.006449698 0.057175569 0.740593016 0.669485867
1585068023.602431 -395.429992676 -597.425292969 74.342453003 -0.006401986 -0.057358880 -0.741620898 -0.668331861
1585068023.635431 -395.139526367 -597.391357422 74.317413330 0.006374210 0.057400964 0.742664218 0.667168975
1585068023.668431 -394.831665039 -597.350830078 74.304321289 0.006398319 0.057300039 0.743820131 0.665888488
1585068023.701431 -394.525512695 -597.310058594 74.291145325 0.006454318 0.057067569 0.745035529 0.664547801
1585068023.734432 -394.220764160 -597.267578125 74.277732849 0.006424933 0.056875557 0.746319711 0.663122058
1585068023.767431 -393.918151855 -597.224487305 74.264129639 -0.006442993 -0.056656085 -0.747667193 -0.661621094
1585068023.800432 -393.635620117 -597.186523438 74.237373352 0.006483017 0.056521300 0.749123275 0.659983099
1585068023.833431 -393.335266113 -597.140625000 74.223899841 0.006699621 0.056400582 0.750632942 0.658273757
1585068023.866432 -393.036254883 -597.093322754 74.210693359 0.006811053 0.056323197 0.752206504 0.656480610
1585068023.899432 -392.738525391 -597.044311523 74.197998047 0.006964117 0.056348231 0.753823757 0.654619098
1585068023.932432 -392.443054199 -596.994628906 74.185005188 -0.007269055 -0.056325521 -0.755531669 -0.652645826
1585068023.965432 -392.168334961 -596.949829102 74.158508301 0.007702082 0.056410003 0.757347107 0.650525928
1585068023.998432 -391.875305176 -596.896240234 74.145599365 0.008025497 0.056380495 0.759247243 0.648305953
1585068024.031432 -391.583862305 -596.841064453 74.132644653 0.008343548 0.056435239 0.761233091 0.645964146
1585068024.064432 -391.293884277 -596.784301758 74.119575500 0.008765519 0.056472074 0.763276815 0.643539190
1585068024.097432 -391.005371094 -596.724853516 74.105728149 0.009211897 0.056562070 0.765397310 0.641001403
1585068024.130432 -390.740051270 -596.673767090 74.077270508 0.009643734 0.056418519 0.767659485 0.638296962
1585068024.163432 -390.455078125 -596.610839844 74.062889099 0.010019690 0.056411725 0.769924879 0.635557294
1585068024.196432 -390.171264648 -596.545959473 74.048072815 0.010394365 0.056486033 0.772268176 0.632695198
1585068024.229433 -389.889587402 -596.478759766 74.033508301 0.010716558 0.056612786 0.774624944 0.629790783
1585068024.262433 -389.609558105 -596.409057617 74.018768311 0.010915756 0.056763981 0.777032137 0.626801252
1585068024.295433 -389.353454590 -596.347778320 73.990287781 0.010970294 0.056788974 0.779500842 0.623725295
1585068024.328433 -389.076660156 -596.272949219 73.974670410 0.010909975 0.056989923 0.781964898 0.620615959
1585068024.361433 -388.801818848 -596.196289062 73.958984375 0.010823488 0.057055097 0.784480631 0.617428422
1585068024.394433 -388.528381348 -596.117675781 73.943313599 0.010737658 0.057034686 0.787056088 0.614145398
1585068024.427433 -388.256530762 -596.037841797 73.925262451 -0.010525823 -0.056606777 -0.789652288 -0.610847175
1585068024.460433 -388.009399414 -595.966186523 73.898796082 0.010575652 0.056262635 0.792373419 0.607344270
1585068024.493433 -387.739929199 -595.881591797 73.882034302 0.010387272 0.055968214 0.795018613 0.603908241
1585068024.526433 -387.471252441 -595.794799805 73.865203857 0.010237842 0.055561427 0.797670960 0.600440800
1585068024.559433 -387.203735352 -595.706115723 73.848442078 0.010149866 0.055154543 0.800302982 0.596967518
1585068024.592433 -386.937438965 -595.614746094 73.831916809 0.010106235 0.054747630 0.802887976 0.593524575
1585068024.625434 -386.696716309 -595.533874512 73.805053711 0.010039032 0.054282740 0.805503011 0.590014935
1585068024.658433 -386.431884766 -595.437805176 73.788139343 0.010005563 0.054090917 0.808063209 0.586521983
1585068024.691434 -386.168273926 -595.339355469 73.771240234 0.010161340 0.054083880 0.810595453 0.583015263
1585068024.724434 -385.905273438 -595.238525391 73.754348755 0.010374725 0.054000713 0.813136339 0.579470158
1585068024.757434 -385.643005371 -595.135253906 73.737442017 0.010632187 0.054029148 0.815686405 0.575867712
1585068024.790434 -385.406738281 -595.044677734 73.711593628 0.010803223 0.053901482 0.818256199 0.572219133
1585068024.823434 -385.146911621 -594.936523438 73.694335938 0.011184931 0.054144613 0.820800543 0.568533003
1585068024.856434 -384.888366699 -594.825805664 73.676887512 0.011468172 0.054314826 0.823358059 0.564800858
1585068024.889434 -384.630981445 -594.712829590 73.659530640 0.011754811 0.054467238 0.825921416 0.561025023
1585068024.922434 -384.374877930 -594.597473145 73.641906738 0.012088386 0.054691628 0.828492641 0.557191789
1585068024.955434 -384.145385742 -594.499023438 73.617301941 0.012277246 0.054557089 0.831152081 0.553226054
1585068024.988434 -383.892700195 -594.379272461 73.598983765 0.012472541 0.054611810 0.833757579 0.549281657
1585068025.021434 -383.641601562 -594.256713867 73.580177307 0.012641639 0.054718375 0.836381614 0.545263231
1585068025.054435 -383.391540527 -594.132019043 73.561012268 0.012895107 0.054868516 0.838989377 0.541220844
1585068025.087435 -383.143188477 -594.004760742 73.541717529 0.013142079 0.054947492 0.841587722 0.537157536
1585068025.120435 -382.920898438 -593.896362305 73.517066956 0.013255715 0.054988615 0.844279408 0.532909811
1585068025.153435 -382.675720215 -593.764648438 73.497062683 0.013378917 0.055026617 0.846880972 0.528758764
1585068025.186435 -382.432434082 -593.630004883 73.477218628 0.013483433 0.055144858 0.849487901 0.524545133
1585068025.219435 -382.190490723 -593.493041992 73.457191467 0.013576863 0.055326216 0.852092266 0.520282149
1585068025.252435 -381.950469971 -593.353515625 73.437309265 0.013625830 0.055574447 0.854683280 0.515986800
1585068025.285435 -381.736877441 -593.234619141 73.414466858 0.013567522 0.055692770 0.857362688 0.511511087
1585068025.318435 -381.500396729 -593.090393066 73.394104004 0.013600512 0.055853002 0.859942019 0.507144272
1585068025.351435 -381.265625000 -592.943969727 73.373840332 0.013710110 0.055923477 0.862529695 0.502719700
1585068025.384435 -381.032775879 -592.795654297 73.353279114 0.013829902 0.055887070 0.865119338 0.498251021
1585068025.417435 -380.801696777 -592.644897461 73.332542419 0.013928547 0.055958822 0.867721498 0.493694335
1585068025.450436 -380.597473145 -592.517089844 73.309928894 0.013918415 0.055823013 0.870375693 0.489015549
1585068025.483436 -380.370147705 -592.362243652 73.288604736 0.014037758 0.055790137 0.872983396 0.484345436
1585068025.516436 -380.144500732 -592.205017090 73.267044067 0.014218077 0.055691563 0.875622630 0.479563802
1585068025.549436 -379.920654297 -592.045104980 73.245361328 0.014333025 0.055535104 0.878248334 0.474752963
1585068025.582436 -379.698944092 -591.882507324 73.223983765 0.014361009 0.055511668 0.880878806 0.469856203
1585068025.615436 -379.480743408 -591.718750000 73.200096130 -0.014256298 -0.055451740 -0.883501470 -0.464916170
1585068025.648436 -379.292083740 -591.581787109 73.179901123 0.014237955 0.055655684 0.886176884 0.459772050
1585068025.681436 -379.076507568 -591.411499023 73.157745361 0.014273806 0.055713106 0.888729095 0.454810917
1585068025.714436 -378.863037109 -591.238891602 73.135299683 0.014258504 0.055878256 0.891247869 0.449835062
1585068025.747436 -378.651702881 -591.063537598 73.113006592 0.014110371 0.056041878 0.893755436 0.444816351
1585068025.780436 -378.441986084 -590.886352539 73.090545654 -0.013940394 -0.056131642 -0.896264195 -0.439733386
1585068025.813437 -378.259490967 -590.733825684 73.070991516 0.013744310 0.056491937 0.898782909 0.434521705
1585068025.846436 -378.053985596 -590.551269531 73.048324585 0.013638824 0.056631081 0.901209593 0.429451108
1585068025.879436 -377.850402832 -590.366394043 73.025382996 0.013565764 0.056743972 0.903610468 0.424363315
1585068025.912437 -377.648498535 -590.178833008 73.002365112 0.013529286 0.056965984 0.905971527 0.419270098
1585068025.945437 -377.449615479 -589.991455078 72.978950500 -0.013388051 -0.057061214 -0.908293843 -0.414206564
1585068025.978437 -377.275787354 -589.828369141 72.959815979 0.013542339 0.057388548 0.910661221 0.408924580
1585068026.011437 -377.079803467 -589.634399414 72.935585022 0.013586773 0.057583928 0.912945509 0.403769672
1585068026.044437 -376.885894775 -589.438537598 72.911178589 0.013688982 0.057819441 0.915204644 0.398585200
1585068026.077437 -376.693695068 -589.240112305 72.886657715 0.013790666 0.058051329 0.917448223 0.393355638
1585068026.110437 -376.505798340 -589.039184570 72.861488342 -0.013964681 -0.058090281 -0.919661999 -0.388139576
1585068026.143437 -376.340240479 -588.868286133 72.843559265 0.014128029 0.058385119 0.921890020 0.382766843
1585068026.176437 -376.154449463 -588.663208008 72.818778992 0.014491824 0.058473658 0.924048126 0.377499521
1585068026.209437 -375.970886230 -588.456115723 72.793800354 0.014955549 0.058704264 0.926171958 0.372203767
1585068026.242437 -375.789947510 -588.246643066 72.768508911 0.015235929 0.058871031 0.928290963 0.366848618
1585068026.275438 -375.612304688 -588.036743164 72.742774963 -0.015352860 -0.058769777 -0.930410683 -0.361450493
1585068026.308438 -375.457916260 -587.856140137 72.725769043 0.015381992 0.058865964 0.932526410 0.355939209
1585068026.341438 -375.284393311 -587.640136719 72.699508667 0.015538827 0.058883410 0.934587121 0.350482851
1585068026.374438 -375.112854004 -587.422241211 72.672607422 0.015792966 0.058884006 0.936621547 0.344997704
1585068026.407438 -374.943359375 -587.201965332 72.645553589 0.016242119 0.059040055 0.938616097 0.339485466
1585068026.440438 -374.777252197 -586.981323242 72.619216919 -0.016748324 -0.059087526 -0.940551877 -0.334051371
1585068026.473438 -374.632690430 -586.790954590 72.601531982 0.017052265 0.059391152 0.942496419 0.328454643
1585068026.506438 -374.470886230 -586.564636230 72.574508667 0.017305808 0.059367046 0.944392085 0.322954684
1585068026.539438 -374.311492920 -586.335998535 72.547676086 0.017510310 0.059468698 0.946254969 0.317424685
1585068026.572438 -374.154876709 -586.104797363 72.521095276 0.017596513 0.059636638 0.948086202 0.311875761
1585068026.605438 -373.981842041 -585.839416504 72.484626770 -0.017645568 -0.059557017 -0.949862540 -0.306435645
1585068026.638438 -373.869628906 -585.671997070 72.478584290 0.017449990 0.060075630 0.951696694 0.300599009
1585068026.671438 -373.720581055 -585.434814453 72.451110840 0.017633870 0.059989721 0.953443527 0.295018196
1585068026.704438 -373.574035645 -585.195556641 72.423294067 0.017880395 0.059768055 0.955176234 0.289389759
1585068026.737438 -373.430206299 -584.954650879 72.395355225 0.018033072 0.059548281 0.956886709 0.283719361
1585068026.770439 -373.290985107 -584.712463379 72.368316650 -0.018070772 -0.059410363 -0.958558679 -0.278045177
1585068026.803439 -373.169372559 -584.503784180 72.351646423 0.017996512 0.059551090 0.960187197 0.272342265
1585068026.836439 -373.033966064 -584.255981445 72.323440552 0.017994069 0.059604831 0.961787820 0.266622841
1585068026.869439 -372.901153564 -584.006103516 72.295272827 0.017942697 0.059620310 0.963348508 0.260927737
1585068026.902439 -372.771118164 -583.753662109 72.266967773 0.017853199 0.059695054 0.964862704 0.255260020
1585068026.935439 -372.644592285 -583.501220703 72.239860535 -0.017794877 -0.059859984 -0.966325402 -0.249630481
1585068026.968439 -372.535858154 -583.282287598 72.223503113 0.017839409 0.060364231 0.967752457 0.243912131
1585068027.001439 -372.413787842 -583.024230957 72.195213318 0.017875260 0.060534563 0.969135404 0.238312006
1585068027.034439 -372.294433594 -582.764709473 72.166954041 0.017933605 0.060719967 0.970486760 0.232695013
1585068027.067439 -372.177856445 -582.503173828 72.138931274 0.017926782 0.060863823 0.971814394 0.227048650
1585068027.100440 -372.048065186 -582.205749512 72.100601196 -0.017910825 -0.060689632 -0.973098218 -0.221530721
1585068027.133440 -371.968078613 -582.014343262 72.095039368 0.018089980 0.061306927 0.974376798 0.215648234
1585068027.166440 -371.858886719 -581.748107910 72.066085815 0.018393828 0.061279926 0.975606561 0.209995911
1585068027.199440 -371.752319336 -581.480285645 72.036918640 0.018629260 0.061176814 0.976817727 0.204297721
1585068027.232440 -371.648773193 -581.210571289 72.007461548 0.018804982 0.061207004 0.977983177 0.198617771
1585068027.265440 -371.550964355 -580.939086914 71.978042603 -0.018848700 -0.061145861 -0.979099393 -0.193055019
1585068027.298440 -371.466033936 -580.705322266 71.962677002 0.018697230 0.061424810 0.980181575 0.187407389
1585068027.331440 -371.371582031 -580.430114746 71.932922363 0.018785348 0.061438907 0.981232882 0.181808636
1585068027.364440 -371.280151367 -580.153198242 71.903251648 0.018891847 0.061474685 0.982243538 0.176242903
1585068027.397440 -371.191040039 -579.874511719 71.873016357 0.019183425 0.061434448 0.983216286 0.170714840
1585068027.430440 -371.104461670 -579.594421387 71.844223022 -0.019539267 -0.061467338 -0.984141409 -0.165244758
1585068027.463440 -371.032348633 -579.353027344 71.828079224 0.019802183 0.061661031 0.985031486 0.159745872
1585068027.496440 -370.951049805 -579.069580078 71.798080444 0.020101331 0.061558168 0.985904217 0.154270798
1585068027.529440 -370.872161865 -578.783691406 71.767768860 0.020463072 0.061384294 0.986739099 0.148859888
1585068027.562440 -370.795898438 -578.496154785 71.737457275 0.020827146 0.061200235 0.987526953 0.143566445
1585068027.595441 -370.731994629 -578.241333008 71.719932556 0.021298870 0.061225362 0.988285661 0.138163924
1585068027.628441 -370.661224365 -577.950561523 71.689537048 0.021651961 0.061113995 0.989001572 0.132937029
1585068027.661441 -370.593566895 -577.657958984 71.659530640 0.021802381 0.060927298 0.989696741 0.127722085
1585068027.694441 -370.528930664 -577.363830566 71.629440308 0.021861771 0.060584731 0.990374267 0.122517131
1585068027.727441 -370.468078613 -577.069213867 71.600845337 -0.021873370 -0.060347952 -0.991008639 -0.117395252
1585068027.760441 -370.420288086 -576.814086914 71.586959839 0.021760393 0.060411759 0.991607845 0.112208597
1585068027.793441 -370.364318848 -576.515319824 71.556877136 0.021773621 0.060376324 0.992168486 0.107155368
1585068027.826441 -370.310974121 -576.215148926 71.526763916 0.021894246 0.060392283 0.992689252 0.102183536
1585068027.859442 -370.259918213 -575.913452148 71.496345520 0.022052683 0.060488258 0.993176103 0.097242460
1585068027.892441 -370.200836182 -575.567810059 71.451080322 -0.022403838 -0.060313165 -0.993629396 -0.092526078
1585068027.925442 -370.160491943 -575.274169922 71.425384521 0.022433933 0.060488742 0.994052768 0.087732218
1585068027.958441 -370.117431641 -574.968505859 71.395790100 0.022396645 0.060589135 0.994446278 0.083090752
1585068027.991442 -370.076904297 -574.660949707 71.366302490 0.022308167 0.060796846 0.994799733 0.078610599
1585068028.024442 -370.039123535 -574.352844238 71.336929321 0.022134500 0.061015092 0.995121181 0.074303895
1585068028.057442 -370.026428223 -574.154907227 71.348007202 0.021546390 0.061462946 0.995415986 0.070036530
1585068028.090442 -369.993865967 -573.845275879 71.318641663 0.021331279 0.061577775 0.995685697 0.066055037
1585068028.123442 -369.963043213 -573.534851074 71.288986206 0.021199182 0.061280061 0.995956302 0.062181644
1585068028.156442 -369.934082031 -573.223571777 71.259208679 0.021095021 0.060767401 0.996216059 0.058445536
1585068028.189442 -369.907684326 -572.914001465 71.229621887 -0.021210581 -0.060435146 -0.996435642 -0.054898091
1585068028.222442 -369.887145996 -572.643188477 71.216552734 0.021255590 0.060584903 0.996609747 0.051446591
1585068028.255442 -369.863098145 -572.329406738 71.186149597 0.021365480 0.060447302 0.996780396 0.048150025
1585068028.288442 -369.840637207 -572.014648438 71.155426025 0.021561619 0.060289763 0.996932507 0.045010678
1585068028.321442 -369.819641113 -571.698486328 71.125228882 0.021753576 0.060122713 0.997069478 0.042007662
1585068028.354443 -369.793731689 -571.340759277 71.080390930 -0.022210946 -0.059964370 -0.997185946 -0.039130427
1585068028.387443 -369.786956787 -571.106628418 71.083183289 0.022035331 0.060296293 0.997273445 0.036394238
1585068028.420443 -369.769989014 -570.787231445 71.053779602 0.022301883 0.060631912 0.997338593 0.033794463
1585068028.453443 -369.754302979 -570.467102051 71.024368286 0.022719404 0.060947303 0.997390389 0.031332817
1585068028.486443 -369.739166260 -570.146667480 70.995109558 0.023301097 0.061033975 0.997442782 0.028979832
1585068028.519443 -369.729492188 -569.860656738 70.979644775 0.023697371 0.060767978 0.997513533 0.026693752
1585068028.552443 -369.716888428 -569.538635254 70.949966431 0.024156965 0.060609486 0.997567475 0.024540115
1585068028.585443 -369.705139160 -569.215454102 70.919937134 0.024629340 0.060540237 0.997608662 0.022480868
1585068028.618443 -369.694610596 -568.891235352 70.889389038 0.025051786 0.060608368 0.997636497 0.020506904
1585068028.651443 -369.690093994 -568.603149414 70.873474121 0.024989430 0.060592778 0.997677088 0.018561834
1585068028.684443 -369.682861328 -568.277038574 70.842834473 0.024960386 0.060613889 0.997706771 0.016858570
1585068028.717443 -369.676666260 -567.950195312 70.811851501 0.025015913 0.060801238 0.997718632 0.015330639
1585068028.750443 -369.670745850 -567.622009277 70.780624390 0.025152247 0.061222509 0.997710109 0.013921176
1585068028.783443 -369.665496826 -567.293701172 70.751159668 -0.025308514 -0.061795272 -0.997688711 -0.012575037
1585068028.816444 -369.665832520 -567.008117676 70.736404419 0.025270423 0.062410064 0.997664332 0.011502110
1585068028.849444 -369.661773682 -566.677551270 70.706298828 0.025351796 0.062970400 0.997637630 0.010548720
1585068028.882444 -369.657745361 -566.346130371 70.675552368 0.025444642 0.063319221 0.997621894 0.009691630
1585068028.915444 -369.654083252 -566.014404297 70.644607544 0.025516503 0.063517347 0.997613907 0.009002944
1585068028.948444 -369.655151367 -565.718566895 70.626220703 0.025398301 0.063739687 0.997608960 0.008280960
1585068028.981444 -369.652099609 -565.385742188 70.595703125 0.025467390 0.063869186 0.997602582 0.007834079
1585068029.014444 -369.648986816 -565.052673340 70.564567566 0.025660431 0.063695557 0.997611225 0.007505759
1585068029.047444 -369.645812988 -564.719177246 70.533287048 0.025937974 0.063413173 0.997624278 0.007200469
1585068029.080444 -369.642089844 -564.385620117 70.502616882 -0.026228335 -0.063059129 -0.997640729 -0.006975728
1585068029.113444 -369.644531250 -564.097045898 70.483375549 0.026307451 0.062327463 0.997686327 0.006727907
1585068029.146444 -369.641662598 -563.761535645 70.453117371 0.026354806 0.061783209 0.997720003 0.006560545
1585068029.179445 -369.638244629 -563.425415039 70.422714233 0.026405083 0.061213162 0.997754693 0.006427647
1585068029.212444 -369.635131836 -563.088562012 70.392486572 0.026477512 0.060729146 0.997782588 0.006395500
1585068029.245445 -369.636749268 -562.788818359 70.371826172 0.026527224 0.060099117 0.997819066 0.006455264
1585068029.278445 -369.633270264 -562.449645996 70.342475891 0.026587758 0.059599541 0.997846603 0.006574840
1585068029.311445 -369.629425049 -562.109985352 70.313507080 0.026603349 0.059244011 0.997866333 0.006733238
1585068029.344445 -369.625091553 -561.768737793 70.284034729 0.026654013 0.058933318 0.997882187 0.006906248
1585068029.377445 -369.627075195 -561.465515137 70.262527466 0.026693959 0.058725193 0.997892022 0.007096753
1585068029.410445 -369.623107910 -561.122375488 70.233993530 0.026756402 0.058798667 0.997884512 0.007306906
1585068029.443445 -369.618957520 -560.777954102 70.205276489 0.026760679 0.059092555 0.997865438 0.007522007
1585068029.476445 -369.614715576 -560.432617188 70.176559448 0.026791153 0.059455946 0.997841835 0.007685349
1585068029.509445 -369.616210938 -560.124877930 70.154464722 0.026687222 0.059830938 0.997820795 0.007859622
1585068029.542445 -369.611541748 -559.777954102 70.125953674 0.026734050 0.060412567 0.997783303 0.008007552
1585068029.575445 -369.606658936 -559.429931641 70.097091675 0.026790157 0.061123826 0.997737348 0.008146975
1585068029.608445 -369.601623535 -559.081970215 70.067779541 0.026824670 0.061657235 0.997702360 0.008296280
1585068029.641446 -369.603546143 -558.772216797 70.044410706 0.026943134 0.062051378 0.997672737 0.008535613
1585068029.674446 -369.598602295 -558.423400879 70.015197754 0.026983719 0.062491443 0.997642875 0.008682116
1585068029.707446 -369.593780518 -558.074707031 69.985595703 0.027047221 0.062775522 0.997621655 0.008880574
1585068029.740446 -369.588562012 -557.725524902 69.955749512 0.027031075 0.062966481 0.997608423 0.009053819
1585068029.773446 -369.584838867 -557.377990723 69.925170898 -0.027100818 -0.063051261 -0.997599125 -0.009284366
1585068029.806446 -369.586883545 -557.076843262 69.901374817 0.027112437 0.062727027 0.997617185 0.009500653
1585068029.839446 -369.581420898 -556.727539062 69.870681763 0.027190674 0.062652208 0.997617722 0.009712817
1585068029.872446 -369.575805664 -556.377807617 69.840087891 0.027209207 0.062310565 0.997636557 0.009924104
1585068029.905446 -369.570098877 -556.027893066 69.809783936 0.027195504 0.061985411 0.997654855 0.010159608
1585068029.938446 -369.570556641 -555.716796875 69.784423828 0.027321067 0.061639726 0.997670293 0.010399359
1585068029.971446 -369.564208984 -555.366149902 69.754913330 0.027502349 0.061347943 0.997681499 0.010571148
1585068030.004447 -369.557556152 -555.014526367 69.725448608 0.027607933 0.061048687 0.997695088 0.010743819
1585068030.037446 -369.550476074 -554.662048340 69.696342468 0.027680412 0.060864590 0.997702181 0.010937549
1585068030.070446 -369.551025391 -554.349060059 69.669387817 0.027849162 0.060920786 0.997691274 0.011190476
1585068030.103446 -369.544158936 -553.995544434 69.640319824 0.027941886 0.060890857 0.997688234 0.011392910
1585068030.136447 -369.536773682 -553.641235352 69.611579895 0.028041758 0.060945291 0.997679770 0.011597508
1585068030.169447 -369.529693604 -553.286193848 69.583045959 0.028009057 0.060923912 0.997679532 0.011808659
1585068030.202447 -369.529815674 -552.971801758 69.556961060 0.027975569 0.061152879 0.997663140 0.012083523
1585068030.235447 -369.522369385 -552.616088867 69.528854370 0.028044468 0.061142057 0.997659862 0.012247341
1585068030.268447 -369.514678955 -552.259887695 69.500488281 0.028098583 0.061295234 0.997646451 0.012453553
1585068030.301447 -369.506805420 -551.903137207 69.471786499 0.028106507 0.061231595 0.997646928 0.012703636
1585068030.334447 -369.506500244 -551.588012695 69.444618225 0.028021082 0.061330147 0.997640252 0.012941090
1585068030.367447 -369.498321533 -551.230712891 69.415702820 0.028068805 0.061471839 0.997627914 0.013115025
1585068030.400447 -369.490081787 -550.873046875 69.386772156 0.028078467 0.061332166 0.997633815 0.013299832
1585068030.433447 -369.482238770 -550.514526367 69.357872009 -0.028099028 -0.061190560 -0.997638702 -0.013537716
1585068030.466447 -369.481231689 -550.199462891 69.330413818 0.028116338 0.061135437 0.997639298 0.013702594
1585068030.499448 -369.472595215 -549.840026855 69.301528931 0.028127220 0.061104104 0.997638226 0.013895975
1585068030.532448 -369.463745117 -549.480590820 69.272857666 0.028126888 0.060936488 0.997645617 0.014105145
1585068030.565448 -369.455139160 -549.120605469 69.243904114 -0.028109312 -0.060881753 -0.997646928 -0.014284967
1585068030.598448 -369.453460693 -548.804565430 69.216285706 0.028000688 0.060808323 0.997651577 0.014476942
1585068030.631448 -369.444671631 -548.443542480 69.187614441 0.027970634 0.060720872 0.997654736 0.014686973
1585068030.697448 -369.425964355 -547.719848633 69.130363464 -0.027817437 -0.060630132 -0.997659266 -0.015040617
1585068030.730448 -369.424774170 -547.403747559 69.102920532 0.027673583 0.060531069 0.997668624 0.015086567
1585068030.763448 -369.415252686 -547.040527344 69.074485779 0.027585378 0.060401652 0.997676551 0.015238491
1585068030.796448 -369.405212402 -546.676513672 69.045898438 0.027570175 0.060419738 0.997673750 0.015375837
1585068030.829448 -369.395690918 -546.313049316 69.017631531 -0.027655169 -0.060507696 -0.997663558 -0.015542568
1585068030.862448 -369.393035889 -545.995239258 68.989532471 0.027571073 0.060503431 0.997664571 0.015640693
1585068030.895449 -369.382659912 -545.630065918 68.961044312 0.027613003 0.060562588 0.997658253 0.015741277
1585068030.928449 -369.372619629 -545.264648438 68.932441711 0.027611973 0.060696218 0.997648597 0.015842646
1585068030.961449 -369.363769531 -544.898742676 68.903137207 -0.027569026 -0.060707197 -0.997647583 -0.015937379
1585068030.994449 -369.359985352 -544.580810547 68.876243591 0.027192106 0.060631268 0.997660518 0.016061872
1585068031.027449 -369.350036621 -544.213867188 68.847373962 0.027067965 0.060600251 0.997662783 0.016245568
1585068031.060449 -369.340087891 -543.847167969 68.818649292 0.027061440 0.060685042 0.997655749 0.016376933
1585068031.093449 -369.329467773 -543.479125977 68.789535522 0.027076745 0.060564220 0.997660995 0.016474809
1585068031.126449 -369.325347900 -543.161926270 68.762123108 0.026938329 0.060450803 0.997670233 0.016558908
1585068031.159449 -369.314270020 -542.793457031 68.733413696 0.026938286 0.060357217 0.997674525 0.016638163
1585068031.192449 -369.303405762 -542.425292969 68.704322815 0.026839232 0.060269497 0.997682214 0.016658520
1585068031.225450 -369.292388916 -542.056091309 68.675354004 0.026764052 0.060152262 0.997689664 0.016756013
1585068031.258449 -369.288330078 -541.737915039 68.647773743 0.026660895 0.059945572 0.997700751 0.016999910
1585068031.291450 -369.276947021 -541.367614746 68.618774414 0.026725328 0.060035795 0.997692227 0.017081097
1585068031.324450 -369.265075684 -540.997253418 68.589546204 0.026814295 0.060210388 0.997678041 0.017155237
1585068031.357450 -369.252990723 -540.626037598 68.560386658 0.026890634 0.060255766 0.997671425 0.017260112
1585068031.390450 -369.242279053 -540.255859375 68.530845642 -0.026991982 -0.060351171 -0.997661650 -0.017332533
1585068031.423450 -369.238861084 -539.947998047 68.503730774 0.026882116 0.060489476 0.997654676 0.017425433
1585068031.456450 -369.227416992 -539.575744629 68.474487305 0.026813814 0.060495920 0.997654438 0.017520815
1585068031.489450 -369.215759277 -539.203002930 68.445266724 0.026812002 0.060675487 0.997642279 0.017596358
1585068031.522450 -369.204010010 -538.829589844 68.415718079 0.026805229 0.060764592 0.997636318 0.017633665
1585068031.555450 -369.199127197 -538.510009766 68.388305664 0.026863359 0.060857896 0.997628689 0.017656829
1585068031.588450 -369.187072754 -538.136413574 68.358551025 0.026950240 0.060940001 0.997622132 0.017608462
1585068031.621450 -369.174896240 -537.762634277 68.328292847 0.027004611 0.061092280 0.997612715 0.017530227
1585068031.654450 -369.162719727 -537.388427734 68.298065186 0.027165022 0.061253421 0.997599721 0.017462790
1585068031.687450 -369.158935547 -537.066345215 68.270797729 0.027114740 0.061226182 0.997603893 0.017398031
1585068031.720451 -369.147674561 -536.691162109 68.240493774 0.027162418 0.061384670 0.997594297 0.017314497
1585068031.753451 -369.136627197 -536.316040039 68.210395813 0.027175108 0.061332196 0.997598767 0.017221073
1585068031.786451 -369.127777100 -535.942871094 68.179649353 -0.027188908 -0.061262313 -0.997604191 -0.017138194
1585068031.819451 -369.120635986 -535.618347168 68.152740479 0.027059782 0.061209198 0.997611642 0.017095447
1585068031.852451 -369.110443115 -535.242980957 68.122360229 0.027049532 0.061185692 0.997614145 0.017047247
1585068031.885451 -369.100219727 -534.867553711 68.091819763 0.027059911 0.060906619 0.997631550 0.017014651
1585068031.918451 -369.092376709 -534.531188965 68.064071655 0.027227329 0.060674682 0.997642159 0.016955476
1585068031.951451 -369.082458496 -534.155273438 68.033309937 0.027190808 0.060575537 0.997650504 0.016874593
1585068031.984451 -369.072723389 -533.779174805 68.002639771 0.027056335 0.060416125 0.997665286 0.016790070
1585068032.017451 -369.062866211 -533.402648926 67.972267151 0.026980752 0.060111262 0.997686327 0.016753070
1585068032.050452 -369.056091309 -533.077514648 67.946800232 0.027147321 0.059985772 0.997690976 0.016657848
1585068032.083452 -369.046447754 -532.700622559 67.916625977 0.027141104 0.059883904 0.997697294 0.016656229
1585068032.116452 -369.036865234 -532.322998047 67.886535645 0.027161578 0.059800327 0.997702122 0.016632153
1585068032.149451 -369.026855469 -531.945129395 67.856605530 0.027281826 0.059844445 0.997696579 0.016612647
1585068032.182452 -369.019714355 -531.618774414 67.832336426 0.027581893 0.059898838 0.997685850 0.016565172
1585068032.215452 -369.009918213 -531.240722656 67.802017212 0.027619617 0.059963655 0.997681797 0.016510881
1585068032.248452 -369.000610352 -530.861694336 67.771583557 0.027522653 0.060087372 0.997678041 0.016450662
1585068032.281452 -368.992614746 -530.484313965 67.741806030 -0.027578784 -0.060327806 -0.997662246 -0.016435824
1585068032.314452 -368.984313965 -530.153747559 67.717025757 0.027882824 0.060631715 0.997634292 0.016497614
1585068032.347452 -368.974914551 -529.774230957 67.686386108 0.028042782 0.060976475 0.997609615 0.016450327
1585068032.380452 -368.965393066 -529.394592285 67.655670166 0.028172925 0.061380029 0.997581840 0.016414382
1585068032.413452 -368.955627441 -529.016174316 67.624633789 -0.028235096 -0.061758008 -0.997556627 -0.016419193
1585068032.446452 -368.948486328 -528.683837891 67.599166870 0.028397627 0.061847776 0.997545302 0.016487518
1585068032.479452 -368.938873291 -528.303710938 67.567611694 0.028438495 0.062072393 0.997528553 0.016588021
1585068032.512452 -368.929443359 -527.923400879 67.535911560 0.028407132 0.062275451 0.997514606 0.016714083
1585068032.545453 -368.920135498 -527.542907715 67.503959656 0.028414112 0.062417366 0.997503638 0.016830945
1585068032.578453 -368.912506104 -527.211975098 67.477363586 0.028517136 0.062306277 0.997506559 0.016894812
1585068032.611453 -368.903106689 -526.831909180 67.445495605 0.028571840 0.062066603 0.997517884 0.017016860
1585068032.644453 -368.893341064 -526.451782227 67.413345337 0.028562136 0.061625417 0.997543514 0.017130809
1585068032.677453 -368.883819580 -526.073486328 67.381729126 -0.028652057 -0.061495744 -0.997547567 -0.017213158
1585068032.710453 -368.875122070 -525.738403320 67.354751587 0.028794095 0.061299544 0.997552276 0.017399188
1585068032.743453 -368.865234375 -525.357849121 67.322860718 0.028806638 0.061103165 0.997562408 0.017490458
1585068032.776453 -368.855316162 -524.976806641 67.291465759 0.028819775 0.060870320 0.997574747 0.017576430
1585068032.809453 -368.844970703 -524.595458984 67.259971619 0.028903812 0.060587443 0.997588634 0.017628677
1585068032.842453 -368.835876465 -524.260314941 67.233665466 0.028962821 0.060281035 0.997603714 0.017725721
1585068032.875453 -368.826110840 -523.878234863 67.202751160 0.029023228 0.060321089 0.997598171 0.017803395
1585068032.908453 -368.815643311 -523.495483398 67.171897888 0.029178817 0.060367018 0.997589231 0.017893948
1585068032.941453 -368.804809570 -523.114318848 67.140960693 -0.029387260 -0.060566612 -0.997570038 -0.017950224
1585068032.974453 -368.794464111 -522.775207520 67.114624023 0.029538078 0.060490418 0.997569144 0.018007573
1585068033.007454 -368.783905029 -522.391784668 67.083557129 0.029714743 0.060577370 0.997558177 0.018031098
1585068033.040454 -368.773040771 -522.007507324 67.051979065 0.029947419 0.060725350 0.997542381 0.018021446
1585068033.073454 -368.762207031 -521.625488281 67.020492554 -0.030227397 -0.061025728 -0.997516751 -0.017959885
1585068033.106454 -368.751312256 -521.283447266 66.994209290 0.030690303 0.061257765 0.997489452 0.017900752
1585068033.139454 -368.739990234 -520.900268555 66.963195801 0.031238269 0.061278112 0.997472286 0.017841339
1585068033.172454 -368.729339600 -520.517089844 66.932296753 0.031432420 0.060953785 0.997487605 0.017752910
1585068033.205454 -368.719879150 -520.134948730 66.901809692 -0.031068081 -0.060773559 -0.997514009 -0.017529471
1585068033.238454 -368.710388184 -519.791809082 66.875076294 0.030821387 0.060371082 0.997547984 0.017419629
1585068033.271454 -368.699890137 -519.408569336 66.843536377 0.031177092 0.059878852 0.997568071 0.017337762
1585068033.304454 -368.689178467 -519.024780273 66.811660767 0.031789102 0.059741594 0.997557223 0.017322307
1585068033.337454 -368.678527832 -518.639526367 66.779418945 0.032287396 0.060006175 0.997526288 0.017264079
1585068033.370455 -368.667724609 -518.295288086 66.751327515 0.032735139 0.060431205 0.997488201 0.017140999
1585068033.403455 -368.657928467 -517.908813477 66.719825745 0.032789491 0.061091915 0.997448564 0.017000616
1585068033.436455 -368.649291992 -517.522094727 66.688751221 0.032433525 0.061961297 0.997408450 0.016890416
1585068033.469455 -368.641571045 -517.136352539 66.658218384 -0.032185160 -0.062856801 -0.997361243 -0.016845526
1585068033.502455 -368.631591797 -516.788696289 66.630203247 0.032305129 0.063531391 0.997313499 0.016910862
1585068033.535455 -368.622161865 -516.402832031 66.598587036 0.032611351 0.064213850 0.997260690 0.016861621
1585068033.568455 -368.613372803 -516.017395020 66.566001892 0.032719448 0.064217620 0.997257948 0.016799038
1585068033.601455 -368.604736328 -515.632751465 66.532989502 0.032652088 0.063908242 0.997281551 0.016710211
1585068033.634455 -368.595489502 -515.288635254 66.503211975 0.032451198 0.063194580 0.997337222 0.016486568
1585068033.667455 -368.587829590 -514.904907227 66.469993591 0.032225251 0.062702619 0.997377872 0.016354321
1585068033.700455 -368.579528809 -514.520996094 66.436790466 0.032086406 0.062066931 0.997422695 0.016314372
1585068033.733455 -368.571502686 -514.136962891 66.403671265 0.032031186 0.061468266 0.997462690 0.016246146
1585068033.766456 -368.561950684 -513.792663574 66.374641418 0.031983960 0.060743537 0.997510731 0.016113151
1585068033.799455 -368.553741455 -513.408264160 66.342712402 0.032013435 0.060186107 0.997545421 0.016000466
1585068033.832456 -368.545166016 -513.042968750 66.312698364 0.031908240 0.059705298 0.997579038 0.015917562
1585068033.865456 -368.537780762 -512.657836914 66.282333374 0.031749982 0.059539963 0.997595072 0.015847513
1585068033.898456 -368.530242920 -512.271911621 66.252021790 0.031575173 0.059496369 0.997604907 0.015738916
1585068033.931456 -368.523010254 -511.885803223 66.222106934 0.031444050 0.059508473 0.997609079 0.015691068
1585068033.964456 -368.514068604 -511.537597656 66.194343567 0.031227436 0.059698544 0.997607946 0.015471767
1585068033.997456 -368.506958008 -511.151000977 66.164733887 0.031170387 0.060056735 0.997589707 0.015375284
1585068034.030456 -368.499572754 -510.764343262 66.135330200 0.031117370 0.060360834 0.997574806 0.015259615
1585068034.063456 -368.491943359 -510.378540039 66.105628967 -0.031126143 -0.060721342 -0.997554481 -0.015141541
1585068034.096456 -368.482360840 -510.028137207 66.076980591 0.031114975 0.060887106 0.997547269 0.014967931
1585068034.129456 -368.474548340 -509.641723633 66.047302246 0.031225182 0.061043177 0.997535169 0.014909148
1585068034.162456 -368.466979980 -509.255432129 66.017341614 0.031292092 0.061185915 0.997525215 0.014854116
1585068034.195457 -368.460327148 -508.871154785 65.987503052 -0.031214334 -0.061127443 -0.997532904 -0.014737160
1585068034.228456 -368.450408936 -508.521301270 65.957984924 0.031108271 0.060715996 0.997560680 0.014782015
1585068034.261457 -368.443817139 -508.136169434 65.927764893 0.030832767 0.060446180 0.997585058 0.014826290
1585068034.294457 -368.436737061 -507.750549316 65.897094727 0.030690543 0.060007624 0.997613311 0.014997410
1585068034.327457 -368.429504395 -507.364746094 65.866432190 0.030592978 0.059737619 0.997629404 0.015202575
1585068034.360457 -368.419128418 -507.015319824 65.836372375 0.030746471 0.059811022 0.997617960 0.015353379
1585068034.393457 -368.410919189 -506.628784180 65.805618286 0.030912053 0.059823330 0.997608125 0.015608316
1585068034.426457 -368.402252197 -506.242126465 65.775070190 0.031178243 0.060127903 0.997578382 0.015810501
1585068034.459457 -368.393554688 -505.854858398 65.744453430 0.031403247 0.060353730 0.997554183 0.016032944
1585068034.492457 -368.381439209 -505.503601074 65.714675903 0.031520344 0.060613804 0.997531712 0.016216779
1585068034.525457 -368.372589111 -505.116516113 65.684745789 0.031648181 0.061096266 0.997495532 0.016384412
1585068034.558457 -368.363586426 -504.729003906 65.654754639 0.031652208 0.061596345 0.997462332 0.016523438
1585068034.591458 -368.354583740 -504.342346191 65.624710083 0.031659983 0.061670542 0.997454822 0.016682431
1585068034.624457 -368.342376709 -503.990600586 65.594421387 0.031715561 0.061644029 0.997452021 0.016841345
1585068034.657458 -368.333343506 -503.604553223 65.564064026 0.031766567 0.061421510 0.997461438 0.016999556
1585068034.690458 -368.324218750 -503.218750000 65.533309937 0.031896207 0.061114401 0.997473478 0.017154595
1585068034.723458 -368.314819336 -502.833068848 65.502609253 0.032075841 0.060838800 0.997481465 0.017339217
1585068034.756458 -368.301422119 -502.480895996 65.471862793 0.032177366 0.060576241 0.997491241 0.017505180
1585068034.789458 -368.292297363 -502.095275879 65.441558838 0.032201242 0.060311552 0.997503221 0.017690443
1585068034.822458 -368.283111572 -501.709045410 65.411376953 0.032118939 0.060098957 0.997515917 0.017846916
1585068034.855458 -368.274139404 -501.322387695 65.381195068 0.032029662 0.059971813 0.997522771 0.018051624
1585068034.888458 -368.261199951 -500.968627930 65.350280762 0.031948455 0.059836265 0.997527599 0.018373162
1585068034.921458 -368.251831055 -500.581665039 65.320274353 0.031940535 0.060081348 0.997509718 0.018559709
1585068034.954458 -368.242126465 -500.193786621 65.290084839 0.032015815 0.060509004 0.997478604 0.018711260
1585068034.987458 -368.232452393 -499.805969238 65.259963989 0.032185040 0.061006773 0.997441590 0.018778780
1585068035.020458 -368.218475342 -499.450805664 65.229522705 0.032262370 0.061327461 0.997416258 0.018943289
1585068035.053458 -368.208190918 -499.063110352 65.199333191 0.032461662 0.061636530 0.997390389 0.018965993
1585068035.086459 -368.197570801 -498.675415039 65.168945312 0.032726925 0.061891299 0.997366488 0.018935615
1585068035.119459 -368.186767578 -498.287963867 65.138580322 0.033041906 0.062057793 0.997345746 0.018936485
1585068035.152459 -368.173248291 -497.933715820 65.108276367 0.033247340 0.062147807 0.997333765 0.018912796
1585068035.185459 -368.162780762 -497.547790527 65.077552795 0.033477075 0.061843496 0.997345030 0.018915031
1585068035.218459 -368.152252197 -497.161804199 65.046478271 0.033631582 0.061378825 0.997369230 0.018877318
1585068035.251459 -368.142364502 -496.775878906 65.015647888 0.033582296 0.060731579 0.997410297 0.018882582
1585068035.284459 -368.130798340 -496.422790527 64.986076355 0.033406615 0.059958298 0.997463346 0.018866874
1585068035.317459 -368.121276855 -496.037597656 64.956085205 0.033210307 0.059226472 0.997513890 0.018852716
1585068035.350459 -368.111694336 -495.652221680 64.926361084 0.033042271 0.058776148 0.997546971 0.018808013
1585068035.383459 -368.102081299 -495.266052246 64.896759033 0.032867022 0.058404125 0.997574568 0.018808091
1585068035.416459 -368.092590332 -494.911560059 64.867713928 0.032732908 0.058197252 0.997592568 0.018729189
1585068035.449460 -368.082824707 -494.525024414 64.838455200 0.032524310 0.058402371 0.997588873 0.018648373
1585068035.482460 -368.073455811 -494.138366699 64.809638977 0.032290697 0.058677379 0.997581780 0.018573131
1585068035.515460 -368.063629150 -493.751342773 64.781257629 0.032166399 0.058910068 0.997572362 0.018555481
1585068035.548460 -368.055145264 -493.395263672 64.753738403 0.031958222 0.059265204 0.997558057 0.018556349
1585068035.581460 -368.045654297 -493.008605957 64.725921631 0.031766623 0.059599597 0.997545540 0.018488940
1585068035.614460 -368.036315918 -492.622131348 64.698303223 0.031522296 0.059922010 0.997536063 0.018374758
1585068035.647460 -368.026824951 -492.235778809 64.670097351 0.031422190 0.060203496 0.997524679 0.018242283
1585068035.680460 -368.019256592 -491.880676270 64.641014099 0.031464264 0.060190260 0.997529030 0.017972747
1585068035.713460 -368.009338379 -491.495239258 64.612007141 0.031438369 0.059963506 0.997546613 0.017799655
1585068035.746460 -367.999237061 -491.109802246 64.582809448 0.031429231 0.059808768 0.997559249 0.017628029
1585068035.779460 -367.989288330 -490.724060059 64.553451538 0.031437069 0.060033724 0.997549295 0.017409150
1585068035.812460 -367.983734131 -490.369750977 64.524505615 0.031329148 0.060099527 0.997551978 0.017222073
1585068035.845460 -367.974487305 -489.984130859 64.495368958 0.031271636 0.060386438 0.997538745 0.017089659
1585068035.878461 -367.965148926 -489.598388672 64.466117859 0.031273738 0.060478501 0.997535169 0.016969658
1585068035.911461 -367.956054688 -489.212585449 64.436645508 0.031285495 0.060573529 0.997530460 0.016887182
1585068035.944461 -367.950714111 -488.858337402 64.407035828 0.031433050 0.060775433 0.997516215 0.016726835
1585068035.977461 -367.941589355 -488.472961426 64.377517700 0.031430606 0.060959138 0.997507274 0.016593460
1585068036.010461 -367.932434082 -488.087829590 64.348190308 0.031453453 0.061219666 0.997493148 0.016443685
1585068036.043461 -367.923217773 -487.702514648 64.318672180 0.031456288 0.061372418 0.997486711 0.016255973
1585068036.076461 -367.919158936 -487.348571777 64.289184570 0.031407867 0.061087355 0.997508705 0.016073652
1585068036.109461 -367.910217285 -486.964416504 64.259590149 0.031486146 0.060845662 0.997524858 0.015831951
1585068036.142461 -367.901367188 -486.580352783 64.230278015 0.031549066 0.060656220 0.997538924 0.015547343
1585068036.175461 -367.892730713 -486.196472168 64.200988770 0.031656690 0.060534324 0.997547626 0.015238879
1585068036.208461 -367.889190674 -485.843292236 64.171981812 0.031832330 0.060330626 0.997561157 0.014789097
1585068036.241461 -367.881042480 -485.459991455 64.143081665 0.031953242 0.059921622 0.997587144 0.014433014
1585068036.274462 -367.873291016 -485.076629639 64.114028931 0.031930249 0.059413671 0.997623503 0.014067193
1585068036.307462 -367.869232178 -484.716033936 64.085777283 0.031947989 0.058797251 0.997663736 0.013760319
1585068036.340461 -367.862304688 -484.332946777 64.057609558 0.031881094 0.058404837 0.997693717 0.013409845
1585068036.373462 -367.856018066 -483.949707031 64.029647827 0.031783607 0.058213115 0.997712791 0.013051492
1585068036.406462 -367.849426270 -483.566101074 64.001647949 0.031677429 0.058178309 0.997722566 0.012709037
1585068036.439462 -367.848358154 -483.212646484 63.974784851 0.031568781 0.057948966 0.997743249 0.012400972
1585068036.472462 -367.842987061 -482.828948975 63.947460175 0.031442452 0.057991050 0.997749150 0.012043318
1585068036.505462 -367.837799072 -482.444824219 63.920066833 0.031256579 0.058042314 0.997756124 0.011702844
1585068036.538462 -367.832031250 -482.061309814 63.893325806 -0.031024897 -0.058185175 -0.997758806 -0.011373559
1585068036.571462 -367.833007812 -481.707580566 63.866176605 0.030749790 0.058229633 0.997769117 0.010985689
1585068036.604462 -367.828308105 -481.323699951 63.839157104 0.030602772 0.058272619 0.997775137 0.010616859
1585068036.637462 -367.823638916 -480.939636230 63.812435150 0.030469686 0.058559399 0.997766495 0.010217182
1585068036.670462 -367.819580078 -480.555938721 63.785339355 0.030223481 0.058661822 0.997771978 0.009823963
1585068036.703462 -367.821044922 -480.202972412 63.757507324 0.030070871 0.058432404 0.997793317 0.009479061
1585068036.736463 -367.817962646 -479.819793701 63.730121613 0.029969336 0.058613230 0.997789145 0.009125149
1585068036.769463 -367.814727783 -479.436676025 63.702392578 0.029849745 0.058532283 0.997800410 0.008796328
1585068036.802463 -367.812072754 -479.053405762 63.674598694 0.029677555 0.058350910 0.997818768 0.008494907
1585068036.835463 -367.813140869 -478.699981689 63.646568298 0.029376013 0.058345415 0.997831166 0.008117383
1585068036.868463 -367.811096191 -478.317077637 63.618873596 0.029190131 0.058417235 0.997834504 0.007857198
1585068036.901463 -367.809631348 -477.934020996 63.590995789 0.028904540 0.058598138 0.997833788 0.007653908
1585068036.934463 -367.808380127 -477.550903320 63.563407898 0.028608778 0.058569994 0.997844815 0.007540346
1585068036.967463 -367.809143066 -477.196380615 63.536216736 0.028213602 0.058595795 0.997855902 0.007354627
1585068037.000463 -367.808349609 -476.813659668 63.508918762 0.027941292 0.058697555 0.997858167 0.007286454
1585068037.033463 -367.807250977 -476.430969238 63.481506348 0.027643044 0.058752622 0.997863650 0.007224457
1585068037.066463 -367.806640625 -476.048492432 63.454250336 0.027188569 0.058690459 0.997879505 0.007273159
1585068037.099463 -367.807708740 -475.694000244 63.426574707 0.026633389 0.058560114 0.997901082 0.007410369
1585068037.132464 -367.806427002 -475.311920166 63.399349213 0.026204832 0.058455326 0.997916877 0.007631766
1585068037.165463 -367.805053711 -474.929931641 63.371971130 0.025852669 0.058431573 0.997925401 0.007903354
1585068037.198464 -367.802612305 -474.547760010 63.344398499 0.025676984 0.058504891 0.997922778 0.008249181
1585068037.231464 -367.801269531 -474.192687988 63.317199707 0.025686536 0.058466505 0.997920752 0.008722479
1585068037.264464 -367.798187256 -473.811126709 63.289482117 0.025626816 0.058421813 0.997921824 0.009072602
1585068037.297464 -367.795623779 -473.429412842 63.262203217 0.025171995 0.058426317 0.997930706 0.009331774
1585068037.330464 -367.792114258 -473.047393799 63.234832764 0.024961146 0.058530774 0.997926831 0.009657277
1585068037.363464 -367.789001465 -472.691619873 63.207958221 0.024988299 0.058700476 0.997912824 0.009996233
1585068037.396464 -367.784454346 -472.310363770 63.180656433 0.025198933 0.058606524 0.997909427 0.010355981
1585068037.429464 -367.778900146 -471.928924561 63.152912140 0.025515161 0.058630291 0.997896612 0.010674769
1585068037.462464 -367.773101807 -471.547210693 63.125030518 0.025763152 0.058975607 0.997867048 0.010937877
1585068037.495465 -367.767761230 -471.191162109 63.097843170 0.025908999 0.058693595 0.997877598 0.011142991
1585068037.528464 -367.762298584 -470.810241699 63.070560455 0.025855821 0.058633171 0.997878850 0.011472056
1585068037.561465 -367.756530762 -470.428619385 63.043121338 0.025869736 0.058706183 0.997870028 0.011824882
1585068037.594465 -367.750030518 -470.047485352 63.015506744 0.026113225 0.058707856 0.997859478 0.012166611
1585068037.627465 -367.743896484 -469.690673828 62.986984253 0.026414635 0.058833431 0.997839332 0.012554771
1585068037.660465 -367.736236572 -469.309387207 62.958953857 0.026662782 0.059159257 0.997809470 0.012867933
1585068037.693465 -367.728332520 -468.927795410 62.930282593 0.026915202 0.059399161 0.997783840 0.013222025
1585068037.726465 -367.720031738 -468.545989990 62.901710510 0.027090168 0.059542030 0.997766018 0.013561772
1585068037.759465 -367.714874268 -468.188232422 62.872848511 0.027181834 0.059762742 0.997744918 0.013953827
1585068037.792465 -367.706451416 -467.806304932 62.844192505 0.027301174 0.060406946 0.997698188 0.014284994
1585068037.825465 -367.697540283 -467.424530029 62.815563202 0.027549224 0.060863070 0.997659326 0.014585210
1585068037.858465 -367.688568115 -467.042480469 62.786605835 0.027728040 0.061066315 0.997637033 0.014912395
1585068037.891465 -367.681884766 -466.685119629 62.756813049 0.027737191 0.061093587 0.997630537 0.015218149
1585068037.924465 -367.672943115 -466.304138184 62.727695465 0.027786624 0.060777515 0.997643232 0.015558800
1585068037.957466 -367.663696289 -465.923339844 62.698768616 0.027882382 0.060679648 0.997642159 0.015834410
1585068037.990466 -367.654144287 -465.542938232 62.669609070 0.027992466 0.060208112 0.997662485 0.016159274
1585068038.023466 -367.646484375 -465.187194824 62.639106750 0.028069364 0.059631255 0.997691095 0.016393365
1585068038.056466 -367.636962891 -464.807159424 62.610305786 0.028076690 0.058993150 0.997723937 0.016690940
1585068038.089466 -367.627014160 -464.426666260 62.581550598 0.027998928 0.058456063 0.997753024 0.016966220
1585068038.122466 -367.617370605 -464.045959473 62.553192139 0.027908845 0.057963032 0.997778535 0.017304132
1585068038.155466 -367.609802246 -463.689239502 62.523872375 0.027915716 0.057591587 0.997796297 0.017506871
1585068038.188466 -367.599365234 -463.308074951 62.496414185 0.027982097 0.057397321 0.997801542 0.017737892
1585068038.221466 -367.588378906 -462.926452637 62.469036102 0.028180365 0.057298183 0.997798800 0.017899534
1585068038.254466 -367.577484131 -462.544342041 62.442100525 0.028288836 0.057430916 0.997786283 0.018001024
1585068038.287466 -367.568969727 -462.185852051 62.413497925 0.028367076 0.057393968 0.997786105 0.018005108
1585068038.320467 -367.558410645 -461.803436279 62.386821747 0.028481433 0.057537019 0.997774541 0.018006774
1585068038.353466 -367.547698975 -461.420471191 62.359764099 0.028640311 0.057850149 0.997752666 0.017963730
1585068038.386467 -367.537048340 -461.037536621 62.332763672 0.028760172 0.058035351 0.997739732 0.017892687
1585068038.419466 -367.527954102 -460.678741455 62.303928375 0.029008059 0.058315955 0.997718871 0.017746605
1585068038.452467 -367.517639160 -460.295867920 62.276741028 0.029077642 0.058551323 0.997704625 0.017656347
1585068038.485467 -367.507843018 -459.913299561 62.249534607 0.029023841 0.058626831 0.997703612 0.017550930
1585068038.518467 -367.498382568 -459.530700684 62.222640991 0.028867146 0.058617398 0.997709870 0.017484454
1585068038.551467 -367.490142822 -459.153747559 62.194355011 0.028633785 0.058338292 0.997735739 0.017325142
1585068038.584467 -367.481262207 -458.771850586 62.167427063 0.028486110 0.058040526 0.997759938 0.017178230
1585068038.617467 -367.472564697 -458.390167236 62.140350342 0.028269652 0.057626199 0.997793555 0.016975794
1585068038.650467 -367.463745117 -458.008056641 62.113265991 0.028142042 0.057335723 0.997817576 0.016757317
1585068038.683467 -367.456146240 -457.668304443 62.082931519 0.028329995 0.056963455 0.997836471 0.016582519
1585068038.716467 -367.446899414 -457.286041260 62.055541992 0.028488288 0.056735314 0.997848511 0.016369600
1585068038.749467 -367.437866211 -456.903320312 62.028564453 0.028670451 0.056664955 0.997850478 0.016172709
1585068038.782467 -367.428985596 -456.519744873 62.001594543 0.028808331 0.056746371 0.997844934 0.015985964
1585068038.815468 -367.421508789 -456.158355713 61.973205566 0.028975591 0.057324935 0.997809529 0.015825503
1585068038.848468 -367.412963867 -455.774047852 61.946712494 0.029012775 0.057822227 0.997782707 0.015638564
1585068038.881468 -367.405303955 -455.389251709 61.920478821 0.028942375 0.058603346 0.997741640 0.015478840
1585068038.914468 -367.397308350 -455.004882812 61.893898010 0.028964754 0.058783587 0.997733295 0.015294253
1585068038.947468 -367.389251709 -454.643585205 61.865730286 0.029065847 0.058999080 0.997719824 0.015148229
1585068038.980468 -367.381500244 -454.259918213 61.838886261 0.029066209 0.059190232 0.997712374 0.014891809
1585068039.013468 -367.373870850 -453.876800537 61.811813354 0.029007709 0.059074897 0.997724533 0.014646256
1585068039.046468 -367.366333008 -453.493621826 61.784416199 0.028977552 0.058897033 0.997739851 0.014376679
1585068039.079468 -367.358337402 -453.132720947 61.755744934 0.029224431 0.058594067 0.997752488 0.014235925
1585068039.112468 -367.349884033 -452.749481201 61.727203369 0.029585531 0.058054969 0.997776091 0.014045740
1585068039.145468 -367.341674805 -452.365661621 61.698585510 0.029933404 0.057912085 0.997776508 0.013862603
1585068039.178468 -367.333648682 -451.981292725 61.669990540 0.030272532 0.057983465 0.997764587 0.013687664
1585068039.211468 -367.327362061 -451.619140625 61.641120911 0.030567201 0.058456421 0.997729301 0.013592331
1585068039.244468 -367.321075439 -451.234619141 61.613769531 0.030437782 0.058550201 0.997730017 0.013426108
1585068039.277469 -367.315460205 -450.849395752 61.586551666 0.030057477 0.058456235 0.997749448 0.013246806
1585068039.310469 -367.310241699 -450.464080811 61.559066772 0.029843699 0.058763389 0.997740626 0.013036685
1585068039.343469 -367.305358887 -450.102386475 61.531818390 0.029624484 0.058487769 0.997766733 0.012774894
1585068039.376469 -367.299560547 -449.718750000 61.505035400 0.029776989 0.058058742 0.997790456 0.012521286
1585068039.409469 -367.293792725 -449.335540771 61.478073120 0.029935136 0.057465672 0.997825027 0.012119669
1585068039.442469 -367.288360596 -448.952606201 61.451347351 0.029943818 0.056422289 0.997889638 0.011668946
1585068039.475469 -367.284423828 -448.592590332 61.424236298 0.029707100 0.055407569 0.997957110 0.011367696
1585068039.508469 -367.280883789 -448.208984375 61.398136139 0.029383563 0.055100031 0.997988701 0.010918435
1585068039.541469 -367.278167725 -447.824737549 61.370681763 0.028997697 0.054648448 0.998028994 0.010533075
1585068039.574469 -367.275482178 -447.439422607 61.343612671 0.028798033 0.054589540 0.998041093 0.010238047
1585068039.607469 -367.270324707 -447.072845459 61.316280365 0.028991899 0.055926014 0.997964621 0.009919815
1585068039.640470 -367.266510010 -446.684326172 61.289352417 0.029242082 0.057625715 0.997863710 0.009604405
1585068039.673470 -367.263885498 -446.294982910 61.262786865 0.029016480 0.059510730 0.997762740 0.009282922
1585068039.706470 -367.261413574 -445.905364990 61.236007690 0.028772159 0.061298877 0.997664332 0.008969515
1585068039.739470 -367.259124756 -445.538452148 61.208240509 0.028560475 0.062858149 0.997575879 0.008697792
1585068039.772470 -367.257354736 -445.151397705 61.180053711 0.028306108 0.063688807 0.997532845 0.008410665
1585068039.805470 -367.255462646 -444.765808105 61.150402069 0.028204754 0.064393237 0.997492909 0.008122486
1585068039.838470 -367.253631592 -444.382415771 61.119327545 0.028134804 0.063987188 0.997522950 0.007877364
1585068039.871470 -367.251129150 -443.983642578 61.085327148 -0.028236628 -0.062983260 -0.997587442 -0.007423826
1585068039.904470 -367.250793457 -443.644927979 61.053794861 0.027988108 0.061419141 0.997693658 0.007194216
1585068039.937470 -367.250122070 -443.264434814 61.021987915 0.027652342 0.059778612 0.997804165 0.006979975
1585068039.970470 -367.249206543 -442.883544922 60.991069794 0.027357474 0.058558621 0.997885942 0.006793241
1585068040.003470 -367.248565674 -442.502319336 60.961166382 0.027036151 0.057775103 0.997941256 0.006662099
1585068040.036470 -367.247924805 -442.139709473 60.932342529 0.026784716 0.056922369 0.997997403 0.006604482
1585068040.069470 -367.247558594 -441.757232666 60.904960632 0.026389340 0.056662679 0.998022199 0.006678755
1585068040.102471 -367.246917725 -441.374755859 60.878288269 0.026141593 0.055969335 0.998066664 0.006862854
1585068040.135471 -367.245544434 -440.991577148 60.852760315 0.025994841 0.055768229 0.998080432 0.007046083
1585068040.168471 -367.245086670 -440.611999512 60.827762604 0.025913270 0.056365475 0.998047948 0.007197532
1585068040.201471 -367.242431641 -440.228149414 60.802337646 0.026149288 0.056967728 0.998006225 0.007389943
1585068040.234471 -367.239440918 -439.843658447 60.776496887 0.026266087 0.057910528 0.997947931 0.007506729
1585068040.267471 -367.236541748 -439.459594727 60.750274658 0.026317092 0.058607135 0.997905254 0.007605329
1585068040.300471 -367.233703613 -439.077362061 60.723213196 -0.026372258 -0.059302401 -0.997861981 -0.007703949
1585068040.333471 -367.227294922 -438.729095459 60.698261261 0.026430478 0.059611656 0.997840583 0.007881477
1585068040.366471 -367.223266602 -438.346740723 60.671012878 0.026816638 0.059984859 0.997807145 0.007981534
1585068040.399471 -367.218597412 -437.965209961 60.643005371 0.027307650 0.060368527 0.997769475 0.008127239
1585068040.432472 -367.213378906 -437.584686279 60.614547729 0.027893104 0.060354684 0.997753203 0.008240628
1585068040.465472 -367.207763672 -437.221923828 60.587226868 0.028278988 0.060123947 0.997754693 0.008431434
1585068040.498472 -367.203979492 -436.843750000 60.558685303 0.028411394 0.059282910 0.997799635 0.008615694
1585068040.531472 -367.200439453 -436.466125488 60.530105591 0.028398510 0.058449909 0.997847557 0.008804482
1585068040.564472 -367.197357178 -436.088989258 60.501655579 0.028339002 0.057540119 0.997900426 0.008995710
1585068040.597472 -367.193756104 -435.712432861 60.475212097 -0.028387569 -0.056922048 -0.997932851 -0.009172760
1585068040.630472 -367.188079834 -435.354003906 60.446392059 0.028503070 0.056457788 0.997954667 0.009304777
1585068040.663472 -367.184631348 -434.976409912 60.419975281 0.028456794 0.056127656 0.997973025 0.009477105
1585068040.696472 -367.180938721 -434.598571777 60.393829346 0.028360974 0.055887233 0.997987270 0.009678070
1585068040.729472 -367.177642822 -434.220489502 60.368625641 0.028159250 0.055985488 0.997985780 0.009855354
1585068040.762472 -367.172058105 -433.857574463 60.341503143 0.028075296 0.056360655 0.997965693 0.009989565
1585068040.795472 -367.168426514 -433.479400635 60.316684723 0.028036829 0.056881584 0.997935534 0.010156143
1585068040.828472 -367.164428711 -433.101684570 60.292106628 0.027962372 0.057328954 0.997910798 0.010282092
1585068040.861473 -367.160766602 -432.724517822 60.267871857 0.027794724 0.057696287 0.997892857 0.010420518
1585068040.894472 -367.154144287 -432.363861084 60.240539551 0.027762532 0.057645991 0.997894168 0.010657832
1585068040.927473 -367.149627686 -431.988372803 60.215950012 0.027726317 0.057510745 0.997901142 0.010824695
1585068040.960473 -367.145233154 -431.613555908 60.190673828 0.027652608 0.057472836 0.997903764 0.010972860
1585068040.993473 -367.140136719 -431.238922119 60.164825439 0.027709186 0.057381127 0.997905731 0.011121704
1585068041.026473 -367.133178711 -430.879547119 60.135505676 0.027987573 0.057303462 0.997900188 0.011322395
1585068041.059473 -367.127838135 -430.505920410 60.109004974 0.028215349 0.057341255 0.997890234 0.011445761
1585068041.092473 -367.121917725 -430.132293701 60.082241058 0.028473141 0.057402797 0.997877598 0.011594716
1585068041.125473 -367.116302490 -429.758575439 60.055450439 0.028595079 0.057693314 0.997855783 0.011734949
1585068041.158473 -367.109985352 -429.398162842 60.025466919 0.028589040 0.058377001 0.997815549 0.011785902
1585068041.191473 -367.104797363 -429.024749756 59.999145508 0.028613435 0.058982424 0.997778773 0.011829016
1585068041.224473 -367.099487305 -428.651397705 59.972793579 0.028769678 0.059764508 0.997727811 0.011823953
1585068041.257473 -367.094268799 -428.278594971 59.946308136 0.028888520 0.060140517 0.997702837 0.011731932
1585068041.290473 -367.088989258 -427.907806396 59.920616150 -0.029105674 -0.060532726 -0.997675240 -0.011523040
1585068041.323474 -367.081878662 -427.551086426 59.887657166 0.029421292 0.060854733 0.997648954 0.011299803
1585068041.356474 -367.077209473 -427.180694580 59.860996246 0.029605860 0.060898561 0.997644722 0.010950415
1585068041.389474 -367.073455811 -426.811096191 59.834178925 0.029579066 0.060767081 0.997657657 0.010568452
1585068041.422474 -367.070068359 -426.442352295 59.807167053 0.029542102 0.060454343 0.997682393 0.010118330
1585068041.455474 -367.066223145 -426.086181641 59.775421143 0.029537125 0.059874356 0.997722745 0.009592648
1585068041.488474 -367.064514160 -425.719451904 59.749061584 0.029280519 0.058884278 0.997793972 0.009085776
1585068041.521474 -367.063659668 -425.353057861 59.723396301 0.029033445 0.057994053 0.997857749 0.008586893
1585068041.554474 -367.063537598 -424.987121582 59.698055267 0.028631255 0.057046253 0.997928977 0.007991964
1585068041.587474 -367.063995361 -424.626983643 59.673164368 0.028520254 0.056013837 0.997995317 0.007379236
1585068041.620474 -367.063446045 -424.261810303 59.648727417 0.028713062 0.054977383 0.998051882 0.006740636
1585068041.653474 -367.062744141 -423.897033691 59.624675751 0.029167445 0.054158349 0.998088598 0.005946854
1585068041.686475 -367.061767578 -423.531585693 59.600692749 0.029797178 0.053647336 0.998102188 0.005124592
1585068041.719474 -367.062072754 -423.166351318 59.578048706 -0.030384697 -0.053502064 -0.998096228 -0.004273391
1585068041.752475 -367.058685303 -422.817291260 59.546478271 0.031058224 0.053990286 0.998053610 0.003073252
1585068041.785475 -367.060211182 -422.450439453 59.524070740 0.031684324 0.054699011 0.997998476 0.001810859
1585068041.818475 -367.062408447 -422.083587646 59.501842499 0.032559156 0.055551142 0.997924805 0.000391520
1585068041.851475 -367.064422607 -421.717071533 59.480430603 0.033864480 0.056412954 0.997832298 -0.001261213
1585068041.884475 -367.065460205 -421.360443115 59.454154968 0.035323929 0.057227738 0.997731686 -0.002965053
1585068041.917475 -367.069427490 -420.995391846 59.431240082 0.036905613 0.057746157 0.997636437 -0.004988090
1585068041.950475 -367.075866699 -420.631500244 59.407684326 0.038134202 0.058148000 0.997553587 -0.007180855
1585068041.983475 -367.084381104 -420.268188477 59.383266449 0.039183151 0.058520027 0.997471333 -0.009547682
1585068042.016475 -367.092224121 -419.913208008 59.353912354 0.040192142 0.058656309 0.997395039 -0.012135478
1585068042.049475 -367.105133057 -419.551849365 59.328392029 0.041119348 0.058641769 0.997323036 -0.014738607
1585068042.082475 -367.120544434 -419.191162109 59.303016663 0.041970950 0.058627155 0.997246325 -0.017354744
1585068042.115475 -367.138214111 -418.830596924 59.278373718 0.042559061 0.058833562 0.997158945 -0.020037303
1585068042.148476 -367.156005859 -418.476165771 59.250690460 0.043028880 0.058992330 0.997071505 -0.022737220
1585068042.181476 -367.179626465 -418.116729736 59.226402283 0.043115113 0.059104770 0.996996999 -0.025393439
1585068042.214476 -367.206390381 -417.757904053 59.202293396 0.042907435 0.058969263 0.996943951 -0.028008264
1585068042.247476 -367.235290527 -417.399566650 59.178039551 0.042629540 0.058952399 0.996880412 -0.030608634
1585068042.280476 -367.263854980 -417.048095703 59.150962830 0.042186480 0.058931008 0.996816039 -0.033245206
1585068042.313476 -367.297882080 -416.690765381 59.126903534 0.041678831 0.059045721 0.996739626 -0.035869680
1585068042.346476 -367.333557129 -416.333862305 59.102752686 0.041134000 0.059171196 0.996659040 -0.038439590
1585068042.379476 -367.371185303 -415.977294922 59.078968048 0.040635724 0.059291758 0.996567190 -0.041073039
1585068042.412476 -367.407989502 -415.627014160 59.053482056 0.040205900 0.059556957 0.996458769 -0.043663047
1585068042.445476 -367.448669434 -415.271575928 59.029853821 0.040001221 0.059848085 0.996330023 -0.046311125
1585068042.478476 -367.490753174 -414.916625977 59.006507874 0.039929308 0.060129814 0.996187806 -0.048989840
1585068042.511477 -367.534667969 -414.562591553 58.983177185 0.039710343 0.060190719 0.996058226 -0.051655460
1585068042.544477 -367.576873779 -414.214935303 58.957866669 0.039692059 0.060259428 0.995911300 -0.054351799
1585068042.577477 -367.623535156 -413.862152100 58.933536530 0.039932031 0.060288943 0.995749652 -0.057038654
1585068042.610476 -367.671600342 -413.509765625 58.908935547 0.040269807 0.060310654 0.995580077 -0.059677448
1585068042.643477 -367.721710205 -413.157989502 58.884559631 0.040498286 0.060309939 0.995410800 -0.062289275
1585068042.676477 -367.769897461 -412.812774658 58.859382629 0.040744908 0.060405679 0.995230019 -0.064871386
1585068042.709477 -367.824096680 -412.462005615 58.835273743 0.040881567 0.060518812 0.995043278 -0.067491308
1585068042.742477 -367.880371094 -412.111816406 58.811401367 0.040879995 0.060517002 0.994865656 -0.070063815
1585068042.775477 -367.938720703 -411.762176514 58.787895203 0.040952772 0.060447123 0.994683743 -0.072617382
1585068042.808477 -367.993133545 -411.419219971 58.763843536 0.041175626 0.060447339 0.994481444 -0.075215839
1585068042.841477 -368.054656982 -411.070526123 58.739665985 0.041304596 0.060415059 0.994279265 -0.077799335
1585068042.874477 -368.118530273 -410.722351074 58.715400696 0.041399360 0.060467947 0.994065464 -0.080396622
1585068042.907477 -368.183593750 -410.374481201 58.691238403 0.041580878 0.060452878 0.993845344 -0.082994133
1585068042.940477 -368.244140625 -410.033416748 58.668746948 0.041691035 0.060440965 0.993616819 -0.085640788
1585068042.973478 -368.313232422 -409.686798096 58.644962311 0.041649662 0.060402360 0.993392885 -0.088247187
1585068043.006478 -368.384216309 -409.340728760 58.621379852 0.041589946 0.060203388 0.993180990 -0.090760469
1585068043.039478 -368.457061768 -408.995880127 58.598609924 -0.041630946 -0.060072288 -0.992965877 0.093150452
1585068043.072478 -368.524932861 -408.656250000 58.577270508 0.041508257 0.059745818 0.992755890 -0.095620841
1585068043.105478 -368.601257324 -408.312164307 58.554141998 0.041350197 0.059365533 0.992556572 -0.097966351
1585068043.138478 -368.679443359 -407.968353271 58.531127930 0.041156773 0.059000339 0.992362618 -0.100207388
1585068043.171478 -368.758850098 -407.624816895 58.508377075 0.041072849 0.058507230 0.992171288 -0.102401435
1585068043.204478 -368.833007812 -407.287384033 58.487529755 0.040934775 0.058128793 0.991972685 -0.104573309
1585068043.237478 -368.916748047 -406.944366455 58.464866638 0.040472645 0.057746314 0.991792560 -0.106653281
1585068043.270478 -369.002624512 -406.601013184 58.442501068 0.039874636 0.057947867 0.991582572 -0.108702295
1585068043.303478 -369.089172363 -406.257751465 58.420475006 0.039330374 0.057871640 0.991385818 -0.110716768
1585068043.336478 -369.168395996 -405.920593262 58.400531769 0.038978908 0.057980336 0.991175294 -0.112652287
1585068043.369478 -369.257141113 -405.577392578 58.378723145 0.038712647 0.058184415 0.990953505 -0.114573471
1585068043.402479 -369.346740723 -405.234680176 58.356910706 0.038561694 0.058289379 0.990734339 -0.116450988
1585068043.435478 -369.437561035 -404.892150879 58.335121155 0.038463887 0.058440138 0.990510046 -0.118301734
1585068043.468479 -369.521179199 -404.556884766 58.316608429 0.038139571 0.058422841 0.990301788 -0.120143645
1585068043.501479 -369.616699219 -404.215576172 58.295112610 0.037134722 0.058280174 0.990119457 -0.122015797
1585068043.534479 -369.714843750 -403.874816895 58.273162842 0.035631016 0.058024496 0.989948750 -0.123956531
1585068043.567479 -369.813720703 -403.533905029 58.250743866 0.034472585 0.058052503 0.989751220 -0.125834033
1585068043.600479 -369.903747559 -403.200195312 58.229988098 0.033845995 0.058502447 0.989503086 -0.127732515
1585068043.633479 -370.003112793 -402.858703613 58.206615448 0.033830300 0.058860056 0.989255071 -0.129481643
1585068043.666479 -370.102722168 -402.516723633 58.182853699 0.033973098 0.059561677 0.988973141 -0.131264836
1585068043.699479 -370.203491211 -402.174896240 58.159297943 0.034095082 0.060246523 0.988692403 -0.133023530
1585068043.732479 -370.295959473 -401.839935303 58.139228821 0.033913370 0.060871553 0.988402188 -0.134928137
1585068043.765479 -370.400329590 -401.499420166 58.116264343 0.033323497 0.061365303 0.988150477 -0.136684075
1585068043.798479 -370.505798340 -401.159301758 58.092800140 0.032762699 0.061799485 0.987903833 -0.138396010
1585068043.831480 -370.611694336 -400.819885254 58.068740845 0.032755915 0.062144451 0.987654448 -0.140014067
1585068043.864480 -370.709289551 -400.486328125 58.046237946 0.033197846 0.062226355 0.987397671 -0.141674280
1585068043.897480 -370.816772461 -400.148162842 58.021366119 0.033467188 0.062222145 0.987152517 -0.143312261
1585068043.930480 -370.924682617 -399.809875488 57.995944977 0.033771701 0.062299874 0.986891389 -0.144995585
1585068043.963480 -371.033813477 -399.472290039 57.971004486 0.033839602 0.062440213 0.986632407 -0.146671757
1585068043.996480 -371.134277344 -399.139892578 57.947769165 0.033931207 0.062636130 0.986369610 -0.148325324
1585068044.029480 -371.245910645 -398.803344727 57.923683167 0.033848062 0.062712066 0.986130357 -0.149894789
1585068044.062480 -371.358398438 -398.466979980 57.899620056 0.033998623 0.062778153 0.985901058 -0.151334360
1585068044.095480 -371.470947266 -398.130798340 57.875560760 0.034384973 0.062992640 0.985659420 -0.152725980
1585068044.128480 -371.573974609 -397.799285889 57.852466583 0.034763951 0.063239627 0.985420167 -0.154075980
1585068044.161480 -371.687744141 -397.464599609 57.828598022 0.035064936 0.063313581 0.985211313 -0.155308142
1585068044.194480 -371.801879883 -397.130493164 57.804721832 0.035283774 0.063212857 0.985007286 -0.156588346
1585068044.227481 -371.917602539 -396.797363281 57.781044006 0.035401896 0.063064493 0.984813392 -0.157836407
1585068044.260480 -372.025939941 -396.468627930 57.758365631 0.035372097 0.062618248 0.984645247 -0.159064606
1585068044.293481 -372.143981934 -396.137084961 57.735557556 0.035258248 0.062414713 0.984474778 -0.160221115
1585068044.326481 -372.262268066 -395.805725098 57.712524414 0.035228856 0.062192585 0.984293878 -0.161420733
1585068044.359481 -372.381225586 -395.475097656 57.689468384 0.035322450 0.061808709 0.984124601 -0.162575632
1585068044.392481 -372.492980957 -395.148010254 57.668094635 0.035274267 0.061710194 0.983923018 -0.163838625
1585068044.425481 -372.613037109 -394.818603516 57.646064758 0.035261929 0.061761167 0.983728409 -0.164986759
1585068044.458481 -372.733764648 -394.489990234 57.624256134 0.035269536 0.061812468 0.983539402 -0.166089311
1585068044.491481 -372.855224609 -394.162200928 57.602874756 0.035138510 0.061956156 0.983360112 -0.167121828
1585068044.524481 -372.969604492 -393.837799072 57.581996918 0.034882996 0.062454525 0.983162761 -0.168147787
1585068044.557481 -373.091674805 -393.511932373 57.561363220 0.034697607 0.063097939 0.982980251 -0.169010699
1585068044.590482 -373.213562012 -393.187377930 57.540493011 0.034554303 0.063585408 0.982821226 -0.169780374
1585068044.623481 -373.335815430 -392.864624023 57.519790649 0.034365214 0.063975304 0.982682943 -0.170471460
1585068044.656482 -373.450195312 -392.546295166 57.498794556 0.034143500 0.064553358 0.982534885 -0.171150178
1585068044.689482 -373.571838379 -392.226593018 57.477798462 0.034014184 0.065004304 0.982410312 -0.171719119
1585068044.722482 -373.692749023 -391.908538818 57.456485748 0.033999287 0.065424301 0.982298493 -0.172201604
1585068044.755482 -373.813598633 -391.592376709 57.435142517 0.033966504 0.065746829 0.982197523 -0.172660634
1585068044.788482 -373.925842285 -391.279846191 57.413116455 0.034154169 0.066180423 0.982075393 -0.173152030
1585068044.821482 -374.045104980 -390.966674805 57.391078949 0.034350172 0.066515803 0.981982112 -0.173513666
1585068044.854482 -374.164123535 -390.655273438 57.369071960 0.034213781 0.066837110 0.981897891 -0.173893243
1585068044.887482 -374.282653809 -390.345458984 57.347126007 0.034182586 0.067271762 0.981813312 -0.174209148
1585068044.920482 -374.393493652 -390.040466309 57.325607300 0.034180552 0.067562647 0.981727302 -0.174580812
1585068044.953482 -374.510498047 -389.734680176 57.304176331 0.034303777 0.067551777 0.981675863 -0.174850151
1585068044.986482 -374.627075195 -389.430816650 57.283046722 0.034458965 0.067308567 0.981644154 -0.175091431
1585068045.019482 -374.742858887 -389.129089355 57.262199402 0.034640133 0.067010760 0.981614590 -0.175335482
1585068045.052483 -374.851806641 -388.832153320 57.242092133 0.034919783 0.066478521 0.981589198 -0.175624460
1585068045.085483 -374.965881348 -388.534240723 57.221382141 0.035305448 0.065803848 0.981581271 -0.175845578
1585068045.118483 -375.079956055 -388.238403320 57.201301575 0.035505109 0.065043256 0.981588721 -0.176046714
1585068045.151483 -375.193664551 -387.944274902 57.181457520 0.035577714 0.064161487 0.981616974 -0.176197723
1585068045.184483 -375.300903320 -387.654968262 57.162090302 0.035653695 0.063325994 0.981638014 -0.176367432
1585068045.217483 -375.414367676 -387.363616943 57.143310547 0.035690010 0.062574059 0.981672406 -0.176437289
1585068045.250483 -375.527099609 -387.072814941 57.124923706 0.035581119 0.062447302 0.981671572 -0.176508680
1585068045.283483 -375.639709473 -386.783569336 57.107204437 0.035427973 0.062471125 0.981665611 -0.176564395
1585068045.316483 -375.750976562 -386.494140625 57.090793610 -0.035263002 -0.062754937 -0.981633306 0.176675990
1585068045.349483 -375.859375000 -386.207641602 57.073886871 0.035188779 0.063057423 0.981594622 -0.176798135
1585068045.382483 -375.970336914 -385.922332764 57.057731628 0.035045899 0.063483998 0.981549561 -0.176924109
1585068045.415483 -376.080078125 -385.638610840 57.041625977 0.034947366 0.063979425 0.981494188 -0.177072287
1585068045.448483 -376.189208984 -385.356750488 57.025516510 0.034815229 0.064353406 0.981449962 -0.177207515
1585068045.481483 -376.288330078 -385.089416504 57.005203247 0.034677222 0.064534813 0.981398284 -0.177454650
1585068045.514484 -376.395629883 -384.812011719 56.988368988 0.034647509 0.064627931 0.981369257 -0.177587241
1585068045.547484 -376.502441406 -384.537048340 56.971393585 0.034597158 0.064551443 0.981348395 -0.177740067
1585068045.580484 -376.608398438 -384.264373779 56.954151154 0.034649357 0.064355180 0.981333375 -0.177883908
1585068045.613484 -376.708984375 -383.999084473 56.934799194 0.034774613 0.064044379 0.981323302 -0.178027168
1585068045.646484 -376.813415527 -383.730468750 56.917530060 0.034824137 0.063627675 0.981327295 -0.178144857
1585068045.679484 -376.917419434 -383.463653564 56.900688171 0.034770854 0.063259274 0.981334329 -0.178247750
1585068045.712484 -377.021118164 -383.198974609 56.884113312 0.034642160 0.063162901 0.981318951 -0.178391501
1585068045.745484 -377.123657227 -382.936950684 56.868583679 -0.034469046 -0.063067995 -0.981298447 0.178571314
1585068045.778484 -377.221557617 -382.682128906 56.850242615 0.034376107 0.063047871 0.981274128 -0.178729847
1585068045.811484 -377.322937012 -382.423278809 56.835186005 0.034312978 0.063156649 0.981223226 -0.178982764
1585068045.844484 -377.423828125 -382.166320801 56.820346832 0.034286551 0.063269794 0.981156945 -0.179311186
1585068045.877485 -377.524169922 -381.911560059 56.805881500 0.034245994 0.063396506 0.981076360 -0.179714605
1585068045.910485 -377.623291016 -381.658325195 56.792354584 -0.034137294 -0.063703313 -0.980969012 0.180211961
1585068045.943485 -377.718383789 -381.414520264 56.774261475 0.034065709 0.063917831 0.980862975 -0.180725992
1585068045.976485 -377.816650391 -381.166503906 56.760448456 0.034027338 0.064001873 0.980769038 -0.181212693
1585068046.009485 -377.914428711 -380.921020508 56.746635437 0.033982605 0.064097486 0.980679810 -0.181669623
1585068046.042485 -378.011535645 -380.678039551 56.732860565 0.033922758 0.064080782 0.980599165 -0.182121322
1585068046.075485 -378.106140137 -380.438873291 56.715648651 0.033833746 0.064070635 0.980524898 -0.182541162
1585068046.108485 -378.201721191 -380.200927734 56.701740265 0.033727765 0.064023837 0.980459988 -0.182925493
1585068046.141485 -378.296386719 -379.965209961 56.687705994 0.033664204 0.064087339 0.980391860 -0.183279842
1585068046.174485 -378.390075684 -379.731658936 56.673664093 0.033639304 0.064091757 0.980331779 -0.183603615
1585068046.207485 -378.483642578 -379.500671387 56.659080505 -0.033495121 -0.064163908 -0.980269134 0.183939248
1585068046.240485 -378.572692871 -379.281311035 56.641559601 0.033436298 0.064306065 0.980202258 -0.184256166
1585068046.273485 -378.664550781 -379.054656982 56.627876282 0.033365704 0.064484894 0.980130792 -0.184586346
1585068046.306485 -378.755493164 -378.830383301 56.614479065 0.033324163 0.064622559 0.980057359 -0.184935287
1585068046.339486 -378.845214844 -378.608245850 56.601276398 0.033341289 0.064858869 0.979978085 -0.185269237
1585068046.372486 -378.934326172 -378.389404297 56.587554932 -0.033457380 -0.065179773 -0.979887962 0.185612068
1585068046.405486 -379.019714355 -378.177490234 56.572265625 0.033511899 0.065370955 0.979809403 -0.185949340
1585068046.438486 -379.106811523 -377.963287354 56.559654236 0.033608690 0.065491632 0.979728222 -0.186316848
1585068046.471486 -379.192932129 -377.751525879 56.547050476 0.033735864 0.065609813 0.979654551 -0.186639339
1585068046.504486 -379.278564453 -377.542785645 56.534801483 0.033762805 0.065644287 0.979589224 -0.186965317
1585068046.537486 -379.363159180 -377.336364746 56.522338867 0.033757247 0.065578930 0.979535818 -0.187268570
1585068046.570486 -379.444091797 -377.137573242 56.507183075 0.033775322 0.065469846 0.979492068 -0.187532157
1585068046.603486 -379.527099609 -376.937011719 56.494323730 0.033800222 0.065317370 0.979446411 -0.187819213
1585068046.636486 -379.608703613 -376.739013672 56.481307983 0.033770349 0.064989224 0.979415178 -0.188100949
1585068046.669486 -379.690063477 -376.543701172 56.468559265 0.033591542 0.064744577 0.979379714 -0.188401535
1585068046.702487 -379.771484375 -376.351013184 56.456336975 -0.033548541 -0.064514972 -0.979340255 0.188693196
1585068046.735487 -379.848510742 -376.164428711 56.442932129 0.033563994 0.064280525 0.979290366 -0.189028919
1585068046.768487 -379.927001953 -375.975952148 56.431221008 0.033695512 0.064058594 0.979233384 -0.189375550
1585068046.801486 -380.004821777 -375.789733887 56.419731140 0.033739343 0.064087138 0.979163647 -0.189718574
1585068046.834487 -380.081665039 -375.605346680 56.408466339 0.033738632 0.064233124 0.979095995 -0.190018103
1585068046.867487 -380.158020020 -375.423339844 56.397636414 0.033728048 0.064421922 0.979030252 -0.190294683
1585068046.900487 -380.231567383 -375.247436523 56.385612488 0.033628602 0.064506449 0.978974462 -0.190570474
1585068046.933487 -380.306640625 -375.069946289 56.374984741 0.033588402 0.064533122 0.978932738 -0.190782756
1585068046.966487 -380.380798340 -374.894836426 56.364433289 0.033510193 0.064597026 0.978886485 -0.191011816
1585068046.999487 -380.454406738 -374.721832275 56.353969574 0.033362899 0.064791709 0.978833497 -0.191243216
1585068047.032487 -380.527221680 -374.551269531 56.343616486 0.033122979 0.064842165 0.978800297 -0.191437900
1585068047.065487 -380.597167969 -374.385467529 56.331451416 0.032761019 0.064851329 0.978774965 -0.191626266
1585068047.098487 -380.668212891 -374.220184326 56.321254730 0.032528028 0.064672843 0.978754878 -0.191829011
1585068047.131487 -380.738159180 -374.057006836 56.311111450 0.032359213 0.064536549 0.978742719 -0.191965476
1585068047.164487 -380.806762695 -373.895629883 56.300979614 0.032261051 0.064428806 0.978734493 -0.192059755
1585068047.197488 -380.874816895 -373.736450195 56.291126251 0.032219596 0.064352602 0.978723407 -0.192149192
1585068047.230488 -380.940124512 -373.579437256 56.280052185 0.032355674 0.064193502 0.978712559 -0.192234606
1585068047.263488 -381.005187988 -373.424072266 56.270591736 0.032520957 0.064149238 0.978709221 -0.192238420
1585068047.296488 -381.069946289 -373.270996094 56.261230469 0.032585848 0.064013235 0.978715241 -0.192241848
1585068047.329488 -381.133544922 -373.119689941 56.252117157 0.032688696 0.063940510 0.978713870 -0.192255959
1585068047.362488 -381.196166992 -372.970001221 56.242805481 0.032857571 0.063834153 0.978700876 -0.192328453
1585068047.395488 -381.257629395 -372.822448730 56.232116699 0.033024535 0.063612416 0.978688180 -0.192437872
1585068047.428488 -381.319213867 -372.676879883 56.222805023 0.033158816 0.063225538 0.978693902 -0.192513183
1585068047.461488 -381.380310059 -372.532867432 56.213424683 0.033294946 0.062828027 0.978692174 -0.192628890
1585068047.494488 -381.440551758 -372.390228271 56.204048157 0.033486474 0.062432498 0.978695393 -0.192707643
1585068047.527488 -381.500549316 -372.248901367 56.194721222 0.033652026 0.062043261 0.978700340 -0.192779124
