1591949463.82138 -5.26772449054851e-06 -5.09304140665662e-06 -1.00666356915131e-07 -5.81657553452593e-07 1.45027701530742e-07 2.67427791877653e-06 0.999999999996244
1591949466.89039 0.000801046611126131 -0.000967488820192357 0.0200318986039428 0.000821583144060515 0.00184361306147229 1.85066763648696e-05 0.999997962872685
1591949466.92339 0.000838834763254973 -0.00111089314976789 0.0214814142821618 0.000707455943871148 0.00199128015381081 2.51096119540999e-05 0.999997766836978
1591949466.95639 0.000877410397902278 -0.00120978079355239 0.0229205365986373 0.000589433628022013 0.00212675285527092 6.13593588476273e-07 0.999997564741992
1591949466.98939 0.000900192080449899 -0.00126206618819767 0.0244606103234115 0.000515421153103814 0.00226886527422412 -4.23355019610789e-05 0.999997292395888
1591949467.02239 0.000912839944834787 -0.00132514928811594 0.0260508370884517 0.000422787266439856 0.00240980040104664 -7.24233463810053e-05 0.99999700442942
1591949467.05539 0.000967316964344272 -0.00142915020335929 0.0276516109912883 0.000338315401531381 0.00254484116804126 -8.80599220150218e-05 0.999996700780342
1591949467.08839 0.000976322543184747 -0.00151889824338564 0.0292646702633008 0.000265464735091843 0.00271242937545329 -6.94816673793638e-05 0.999996283706922
1591949467.12139 0.000998968881870054 -0.00161221828464371 0.0309577547990935 0.000162261578589932 0.00287213027366511 -4.99053500152108e-05 0.999995861015598
1591949467.15439 0.00102888440873245 -0.00169561084213157 0.0326928815277217 6.61407922125448e-05 0.00302353057611503 -5.77264946701553e-05 0.999995425267487
1591949467.18739 0.00107184298160813 -0.00178880210577485 0.0343905280829952 -6.23347077480405e-05 0.00317060275211692 -8.13205853262461e-05 0.999994968377109
1591949467.22039 0.000912895878708396 -0.00169624633285862 0.0362373041028133 -0.000121995854685401 0.00340680475738382 -0.000144728898391266 0.999994178909009
1591949467.25339 0.00096315022510299 -0.00182652851773107 0.0380494035862375 -0.000275449266742861 0.00355352128491019 -0.000156189407398809 0.999993636089274
1591949467.28639 0.00102825017906002 -0.00191042153048708 0.0398202527530528 -0.000414184244146211 0.0036955186083996 -0.000159593430105692 0.999993073037791
1591949467.31939 0.00105253510589742 -0.00198805250124753 0.041618759786908 -0.000550353189535461 0.00385718223386003 -0.000148007032849319 0.99999239864636
1591949467.35239 0.0011005881169795 -0.00207655201804983 0.0434587797680113 -0.000686517098045489 0.00401547594686891 -0.000135784212810907 0.999991693070418
1591949467.38539 0.00115824612683567 -0.0021591925975794 0.0452483514260801 -0.000809710520439453 0.0041756225389122 -0.000149051414627431 0.999990943123467
1591949467.41839 0.00116572519513186 -0.00224292415867244 0.0470921364142891 -0.000880054581128714 0.0043560925543944 -0.000167483982961162 0.999990110906457
1591949467.45139 0.00119690348469062 -0.00232540658543897 0.0489237965755693 -0.000911397893653287 0.00451997426889362 -0.00020358226192768 0.999989348813652
1591949467.48439 0.00123822911805942 -0.00240239085668569 0.0507035632625715 -0.000917884363598749 0.00466802365941886 -0.000252949923428992 0.999988651465479
1591949467.51739 0.00126372182128698 -0.00249146875088459 0.0524803322170284 -0.000885284938652051 0.0048186912259671 -0.00028533854834225 0.999987957461168
1591949467.55039 0.00129945036129971 -0.00258695393901514 0.0542553368486479 -0.000838347906457796 0.004945014687132 -0.000337361904298447 0.999987365014917
1591949467.58339 0.00134376338792569 -0.00268084029975013 0.0560358846388283 -0.000735911548111387 0.00506169699831137 -0.000377904391818022 0.999986847336484
1591949467.61639 0.00125252795647933 -0.00280225186931363 0.0577530014920701 -0.000595599153506858 0.00525783150553657 -0.000481282999430387 0.999985884318465
1591949467.64939 0.00128729881886387 -0.00286817231817545 0.0595795319290145 -0.000469856536563685 0.00537053634175028 -0.000608890324443799 0.999985282805107
1591949467.68239 0.0013194694990796 -0.00298126327578088 0.0613828953542465 -0.000361509544691206 0.00549714810827234 -0.000716866566666787 0.999984568268856
1591949467.71539 0.00135176669070046 -0.00309576220099019 0.0632340228883527 -0.000255688412569362 0.00563794490751447 -0.00076905434144404 0.999983778246465
1591949467.74839 0.00141404910617941 -0.00321308014210407 0.0651086987217674 -0.000140305834869288 0.00578774331473874 -0.000716876859004008 0.999982984069811
1591949467.78139 0.0015187168588251 -0.00332978156636039 0.0670177652322672 -4.28879873515224e-05 0.005922816959289 -0.00059939131108921 0.999982279407962
1591949467.81439 0.0015939841962151 -0.00344105605284959 0.0689660398391476 2.59401399725677e-05 0.00607738382149892 -0.000487528726432609 0.999981413351636
1591949467.84739 0.0017176429383391 -0.00353400165368396 0.0709735190023735 3.92449743954442e-05 0.00622777563957524 -0.00040230964210383 0.999980525519056
1591949467.88039 0.00185754274125147 -0.00362737436857118 0.0730390316859424 3.4031901811469e-05 0.00639219138324081 -0.000289678675924401 0.999979527199139
1591949467.91339 0.00200310639491754 -0.00371068906426903 0.0751608302955168 -4.07915256310812e-05 0.00659878121979573 -5.69167773079806e-05 0.999978225354405
1591949467.94639 0.00169767204214856 -0.00373326813537864 0.0772909130542665 -0.000132764826079055 0.00708445275307224 0.000284509996774473 0.999974855662257
1591949467.97939 0.00187595958551871 -0.00382118287833423 0.0795308056342662 -0.000361268352537151 0.00735946028218623 0.000501967938653487 0.999972727556967
1591949468.01239 0.00197004205594412 -0.00382059766076648 0.0819080499581585 -0.000678728980716056 0.00767359704082327 0.000472519680525068 0.999970215536732
1591949468.04539 0.00202129122664328 -0.00385352958717495 0.0843954592286316 -0.00133252502692683 0.00798290417056545 0.000209974638174618 0.999967226227294
1591949468.07839 0.00201739113144835 -0.00383185941572197 0.0870453482811734 -0.00201031081426594 0.00829064643511497 -0.00015051932865087 0.999963599925542
1591949468.11139 0.00205495710205567 -0.00384037242439157 0.08972855809851 -0.00286189749284671 0.00851619551354828 -0.000485565275640483 0.999959523272357
1591949468.14439 0.00207436333344837 -0.00385192976067934 0.0924749765646399 -0.00382197373097472 0.00868204952360013 -0.00074108201755095 0.999954731640544
1591949468.17739 0.00214131009637343 -0.00388705226883342 0.0951978763435765 -0.0045644264323735 0.0088337178115192 -0.000917801092614016 0.999950143298217
1591949468.21039 0.00220008075162679 -0.00395183814171923 0.0978957187344912 -0.00514854945891383 0.00901216494136218 -0.0011437246710073 0.999945481121554
1591949468.24339 0.00222964984220663 -0.00405946324685703 0.100573523832269 -0.00564316725148459 0.00927797385438581 -0.00143249522123861 0.999940009111532
1591949468.27639 0.00226723147402571 -0.00420258389061804 0.103150134197214 -0.00583903766751744 0.00961757826279488 -0.001778985007719 0.999935119415164
1591949468.30939 0.00237791384902529 -0.00439888402914865 0.105677835452781 -0.00578045046882027 0.0100061926983595 -0.00214381664737629 0.999930930889851
1591949468.34239 0.00244205406968316 -0.0045840416988552 0.108173387330534 -0.00530804735020613 0.0105191554177279 -0.00229888005861513 0.9999279409803
1591949468.37539 0.00261269115608409 -0.00483067237569626 0.110636501666698 -0.00465338335744365 0.0110475479659809 -0.00222667853127347 0.999925667042299
1591949468.40839 0.00289647088030564 -0.00506825897766253 0.113082650214165 -0.00387031362240678 0.0115959860764118 -0.00195962644901534 0.999923353884467
1591949468.44139 0.00309567250150946 -0.00530788571016935 0.115560341317946 -0.00300559769172412 0.0122103884606833 -0.00166609589198757 0.999919545223831
1591949468.47439 0.00334919338014902 -0.00553439155342966 0.117986849978886 -0.00212805406730542 0.0128057719218151 -0.00140573255088615 0.999914750119913
1591949468.50739 0.00362996991493874 -0.00578681417808536 0.120415937663381 -0.00127342139502672 0.0133914387192081 -0.00118089729461447 0.999908822467609
1591949468.54039 0.00331522147432037 -0.00607320233311783 0.122883146323717 -0.000418751008379136 0.0143294993742095 -0.000984659343881327 0.999896754940856
1591949468.57339 0.00362911204270538 -0.00630131939272359 0.125382602472715 0.000267814816918524 0.0149772224803035 -0.000738649971585522 0.999887526413956
1591949468.60639 0.00392766328327444 -0.00645191103824368 0.12794668131647 0.000894739241689507 0.0157040653574527 -0.00044348757229865 0.999876184880764
1591949468.63939 0.00425534663417135 -0.00665213169762423 0.13056311049293 0.00133969472995733 0.0164634933929721 -0.000146070912644359 0.99986355932528
1591949468.67239 0.00451815051528297 -0.00681860436576851 0.133197233401284 0.00170681626231015 0.0173269217575108 7.8397651203701e-05 0.999848417718638
1591949468.70539 0.00475592202016666 -0.00698023188640533 0.135867438292198 0.00199115803505919 0.018260341296314 0.000200231081498631 0.999831263330436
1591949468.73839 0.00501507104731565 -0.00714906387540795 0.138547310743088 0.00222357154375968 0.0192237365891245 0.000181456730624801 0.999812717839995
1591949468.77139 0.00525429347329173 -0.00731501055899785 0.141272143907371 0.00235640342951026 0.0202296019600639 8.53514444304408e-05 0.999792580129772
1591949468.80439 0.00552208845360629 -0.0074813927971513 0.143967158214866 0.00248968976100683 0.0212541043119057 -4.4810665441684e-05 0.999771005024049
1591949468.83739 0.00573852687663752 -0.00761910040492261 0.146714140173869 0.00267333465009588 0.0223459937927174 -0.000175138188863724 0.999746707506396
1591949468.87039 0.00604322867237872 -0.00776260174010478 0.149462362632781 0.00286570587828984 0.0234465549568658 -0.000313527140839057 0.999720935307052
1591949468.90339 0.00626234160955011 -0.0079230554218555 0.152226185924898 0.00304352053490309 0.0246373303021271 -0.000451719501604584 0.999691719925613
1591949468.93639 0.00656089964410905 -0.00810177363743189 0.154987128771435 0.00322734009101471 0.0258597918781189 -0.000596030019118791 0.999660192359471
1591949468.96939 0.00691138376386735 -0.00827372518308633 0.157762979783499 0.00344012474432406 0.0271455236552756 -0.00073522281354005 0.999625302568237
1591949469.00239 0.00698184994973237 -0.00852456203506962 0.160238905736458 0.00367563954598675 0.0287052628741093 -0.000794602163458308 0.999580845236971
1591949469.03539 0.00741922118594351 -0.00872227747214252 0.162985953608864 0.00394377210073902 0.0301653548873359 -0.000785990713826769 0.999536832860469
1591949469.06839 0.00786154374689626 -0.00892947099207596 0.165778571736808 0.00421542003265418 0.0317506729757595 -0.000695008754455794 0.999486689237213
1591949469.10139 0.00836120946481598 -0.00913811328490719 0.168550717754191 0.00449580621187782 0.0334224582143602 -0.000507177019812445 0.999431073053507
1591949469.13439 0.008881579184098 -0.00930094880802991 0.171370380667679 0.00480570061997162 0.0351909496964419 -0.000321135254804543 0.999369000506401
1591949469.16739 0.00945936951525948 -0.00951755210568994 0.174131910926227 0.00518546041762687 0.0370379138161778 -0.000108461918814735 0.999300401369085
1591949469.20039 0.0100474925229749 -0.00971093461978162 0.176931365445772 0.00557823074066247 0.0389656682229868 0.00012916814631755 0.999224971343956
1591949469.23339 0.0106552988875451 -0.00987087069255002 0.179767333156988 0.00601461566806823 0.040985839174178 0.000339673752355832 0.999141566549654
1591949469.26639 0.0113004001012065 -0.0100780156411192 0.182582278639394 0.00642200375804768 0.0430902485018381 0.000575637919992261 0.999050377605037
1591949469.29939 0.0119315607955962 -0.0102417778817104 0.185410505194909 0.00687827244765779 0.0452808379496442 0.000802711542120935 0.998950294427553
1591949469.33239 0.0125898653335638 -0.0104333560513508 0.188160704915535 0.00734825955112178 0.0475848759943636 0.000980513267549142 0.99883968746336
1591949469.36539 0.0129132489561371 -0.0105696038652061 0.191078738934562 0.00785103225226109 0.0501301026710568 0.00114809494643327 0.998711177456604
1591949469.39839 0.0136149023690356 -0.0107669493003405 0.193899542805121 0.0082595507574484 0.0525932508413933 0.00121237751261194 0.998581123358531
1591949469.43139 0.0143548577582609 -0.0109597161249936 0.196634259312078 0.00862781212583522 0.0551550866440326 0.00128769848375905 0.998439692273813
1591949469.46439 0.0150928382317606 -0.0111198314822027 0.199492166345244 0.00900538122828204 0.0578221776221773 0.0013080605443264 0.998285424045436
1591949469.49739 0.0158490316652864 -0.0113267825880124 0.202323713049905 0.00933497299611108 0.0605692745470057 0.0013538837998756 0.998119425849767
1591949469.53039 0.0166308025765252 -0.0114951288554204 0.205155787982234 0.00970078083436936 0.0634228885848205 0.00139405028489012 0.997938619694901
1591949469.56339 0.017460358236824 -0.0116730231526263 0.207956641371759 0.0100129605053422 0.0663579181916609 0.00146763128266823 0.997744563189199
1591949469.59639 0.0183197307655203 -0.0118905129652423 0.210757519957066 0.0103428987845868 0.0693895734023904 0.0015247979563924 0.997534854799048
1591949469.62939 0.0192357698943117 -0.0120606819260701 0.213505891523066 0.0107307100079917 0.0725009736155286 0.00160275492785423 0.997309326068982
1591949469.66239 0.0198530208719863 -0.0122008237521122 0.216375634255548 0.0111610055830299 0.0758471424648736 0.00168332994662732 0.997055569832785
1591949469.69539 0.020808675065613 -0.0123818095959066 0.219175331731378 0.011625118091571 0.0791337593408482 0.00178244707784745 0.996794626612903
1591949469.72839 0.0218178089493057 -0.012540423551672 0.221950843631135 0.0121348183276904 0.082501174503578 0.00190563542272132 0.996515263778393
1591949469.76139 0.0227784799118452 -0.0127281198400326 0.224769722534008 0.0126668000433452 0.0860044372163635 0.00203121423427121 0.996212157687555
1591949469.79439 0.0238870966451871 -0.0128810707241847 0.22754898039248 0.0132362745995799 0.0895361862559889 0.00216542787727251 0.995893258992933
1591949469.82739 0.0250599405123721 -0.0130522284436497 0.230331112637956 0.0138171789331172 0.0931376066796521 0.00231281265572308 0.995554680912071
1591949469.86039 0.0261978757373238 -0.0131962569245005 0.23315157093514 0.0143961941322153 0.0968446828414809 0.00245383190024475 0.995192361158809
1591949469.89339 0.02740724085723 -0.0134097013339404 0.235980302231133 0.0149493428855602 0.100596555254679 0.00262271866821577 0.994811525649442
1591949469.92639 0.0286275206836513 -0.0137804716043967 0.238541938191 0.0154387829080467 0.104458909864607 0.00271903164180334 0.994405645096179
1591949469.95939 0.0298644402689878 -0.0139808286196633 0.241375404524629 0.0159344622686892 0.108386288132785 0.00282405556463734 0.993977127587538
1591949469.99239 0.0311506438025631 -0.01414971768829 0.244293395810908 0.0164065523316175 0.112375712032728 0.00297394189857985 0.993525882931749
1591949470.02539 0.0324847549477307 -0.0143523536798959 0.247196749766621 0.0168234905592444 0.116441880873952 0.00314563423713781 0.993050030728153
1591949470.05839 0.0339277199557462 -0.014566225013831 0.250109327987027 0.0171944098272392 0.120569067355216 0.00338580708734355 0.992550244863278
1591949470.09139 0.0353805213639593 -0.014729629522463 0.252979579431518 0.017555128399631 0.124802789829581 0.00367010930439934 0.992019461207954
1591949470.12439 0.0369045571399303 -0.0149626335804413 0.255891001768631 0.0179052173386591 0.129126772768295 0.00395900810135104 0.99145852459967
1591949470.15739 0.038400067899974 -0.015087650413087 0.259010400423836 0.0182750686741736 0.133553769471838 0.00420079281081466 0.990864151064402
1591949470.19039 0.0399165870904885 -0.0152868543574082 0.261919698084806 0.0186080770248072 0.138103874325188 0.00434277037674788 0.990233406683125
1591949470.22339 0.0414960739105141 -0.015540869772487 0.264792147121565 0.0189908030760685 0.142756558779902 0.00437200644211636 0.98956596540277
1591949470.25639 0.0430993710194008 -0.0157153744786074 0.267643407313913 0.0194334645748925 0.147581932014721 0.00429710174190302 0.988849558180636
1591949470.28939 0.0446868891508675 -0.0159132444531815 0.27052187020625 0.0198920924610709 0.15257778438664 0.00400323953829553 0.988083143486611
1591949470.32239 0.0462613877537378 -0.0159971006021963 0.273471043480495 0.0206550489543586 0.157811209768524 0.00323989842625103 0.987247939517868
1591949470.35539 0.0477398349830966 -0.0160268866329597 0.276406725007323 0.0215268773934025 0.16328381121179 0.00220721534678091 0.986341785967853
1591949470.38839 0.0493223495676844 -0.0161801397282437 0.279485494755223 0.0225555726608957 0.168774925032988 0.00113659537094998 0.985395848871412
1591949470.42139 0.0509442712558082 -0.0162655627813237 0.282481359509093 0.023412179133992 0.174220777474605 0.000389263496556315 0.984428178709992
1591949470.45439 0.0527504823967661 -0.0163632070377038 0.285422118229765 0.0241247053536191 0.17953096772916 0.000192254259530879 0.983456452140171
1591949470.48739 0.0547320487154801 -0.0165291546546926 0.288319557252292 0.0247095269053635 0.184705521378018 0.00035950241207247 0.982483170548281
1591949470.52039 0.0568159177932385 -0.0167803949383471 0.291268477381107 0.0249268764229902 0.18978857047922 0.000803382685401527 0.981508178225484
1591949470.55339 0.0591553103904589 -0.0171905309335487 0.294310760340996 0.0249625732884237 0.194747316494577 0.00147913539420486 0.980534632132627
1591949470.58639 0.0615107356244026 -0.017541933279876 0.297306294354726 0.0249277430229031 0.199695224238174 0.00243855815146982 0.979537890271934
1591949470.61939 0.0640514002909347 -0.0179046172097637 0.300245439222942 0.0248465049351493 0.204612169662293 0.00359545194412801 0.978521120847125
1591949470.65239 0.0666129302239032 -0.0182477138871037 0.303210212305945 0.0248265899243838 0.209638918455717 0.00500782726807516 0.977450809998896
1591949470.6854 0.069314941258429 -0.0185892772474857 0.306127449796648 0.0248379673326276 0.214753446469529 0.00657859168370459 0.976330248809132
1591949470.71839 0.0720232998608212 -0.018929748275969 0.309073724374068 0.0251457153285998 0.22000724870561 0.00816613562068217 0.975139896500305
1591949470.75139 0.0748663367495974 -0.0192988521457815 0.311984873840676 0.0256475473301269 0.225286622782283 0.00975159988898612 0.973906077201959
1591949470.7844 0.077685179726695 -0.0195178405710534 0.314887622474359 0.0264184592546659 0.230624968910538 0.0112371483104656 0.972619100790989
1591949470.8174 0.0805265737205682 -0.0197104639675226 0.317765897759005 0.0272803365345122 0.236081375840492 0.0124692194817676 0.971270243436573
1591949470.8504 0.083449037264164 -0.0198882517563162 0.320600668227412 0.0282323191094141 0.241673438390023 0.0133641711291234 0.969854774832026
1591949470.8834 0.0862949765225824 -0.020072199374331 0.323514853522299 0.0290281554578328 0.247540180566397 0.0139984688742364 0.968341503843065
1591949470.9164 0.0892729534216828 -0.0203251372810971 0.326494176888668 0.0296956571082904 0.253646856975502 0.0144627728570883 0.966732780087983
1591949470.9494 0.0921230405379599 -0.0205751209739016 0.32951923880314 0.0301351768346403 0.259989291860291 0.0148434825660603 0.96502699975723
1591949470.9824 0.095031570019918 -0.0208628666205634 0.332572202264078 0.0303880304229406 0.266424528495475 0.0151065111444553 0.963258185298221
1591949471.0154 0.0979888429720124 -0.021254103080139 0.335749022860014 0.0304026114375236 0.272870913748223 0.0151823375446123 0.961450280708613
1591949471.0484 0.100985817616487 -0.0216145567253616 0.338973637971397 0.030229378169442 0.279249063187333 0.0150203461626317 0.959625205278415
1591949471.0814 0.104069962714029 -0.0220511128488157 0.34242724989808 0.0299580366209731 0.285504825575711 0.0146422608473318 0.957797011277483
1591949471.1144 0.107156712134106 -0.0225169602423971 0.345831541959728 0.0295311640612855 0.291706900432708 0.0142084470423654 0.955946188141243
1591949471.1474 0.110457712096321 -0.0229646111963227 0.349089390224391 0.0290824724723364 0.297813070437367 0.0139151674465824 0.954079636606136
1591949471.1804 0.113857553473783 -0.0234054940306656 0.352447759230169 0.0287360152410656 0.303964518115035 0.0138177793650155 0.952149611210644
1591949471.2134 0.117397762901583 -0.0238406414707929 0.355710572580447 0.0284908527274739 0.310192009707944 0.0139764765492139 0.950144118819602
1591949471.2464 0.121053937875794 -0.0243818936199911 0.358814565202257 0.0282802413601229 0.316537406357855 0.0143352508752554 0.948049998105163
1591949471.2794 0.12479804177577 -0.0247893771042551 0.362065460217224 0.028123103792491 0.323074649494609 0.0148048001987308 0.945839669171308
1591949471.3124 0.128616827557468 -0.0251828804569163 0.365240893466472 0.0280003732441885 0.329774962545482 0.0152164349899582 0.943521548923239
1591949471.3454 0.132584981328848 -0.0254934581414559 0.368236475928568 0.027990453650799 0.336585132491279 0.015584962471489 0.941107906690308
1591949471.3784 0.136671174597582 -0.0258196379028149 0.371281563971507 0.0280818179498847 0.34352436085457 0.0160365921243968 0.9385868381312
1591949471.4114 0.140856432295045 -0.0261213483245114 0.374364425387952 0.0282551223546543 0.350569263287823 0.0165977853429448 0.935963328993325
1591949471.4444 0.145063015356007 -0.026427809646332 0.37734608721083 0.0284612233540525 0.357676893121946 0.017219804774075 0.933252740266733
1591949471.4774 0.149466828601205 -0.0267151147375085 0.38020266275164 0.0286935436626939 0.364758358465951 0.0178964915914653 0.930487902162096
1591949471.5104 0.153716416690513 -0.0269362186542803 0.382913662310018 0.0289048782457624 0.371892836943363 0.0184799142754994 0.92764148172243
1591949471.5434 0.158197453736329 -0.0272466548968465 0.385936373101917 0.0291047675601131 0.379088728268851 0.0188732876419424 0.924709926203002
1591949471.5764 0.162837411857032 -0.0275881176436241 0.388831632472727 0.0292185628824835 0.386278347125767 0.0192371754741262 0.921718636680764
1591949471.6094 0.16760475062435 -0.0278830989984859 0.391670733024085 0.0292666485495049 0.393503590746645 0.0195412125496878 0.918649295631507
1591949471.6424 0.172594092405002 -0.0282145853172066 0.394590882432209 0.029136585221187 0.400788782961606 0.0199491462515269 0.915489728187946
1591949471.6754 0.177592568988298 -0.0285899342503469 0.397560807241454 0.0289770244650567 0.408186073837097 0.0204148314130023 0.912210335304849
1591949471.7084 0.182659543107511 -0.0289205070595603 0.40042248568201 0.0289525706833215 0.415609619753259 0.0208907323946779 0.908842103953923
1591949471.7414 0.187954258016331 -0.0293025006803476 0.403010569490629 0.0289818042431401 0.422962413618102 0.0214877926536498 0.905428697610163
1591949471.7744 0.193301800253273 -0.0296563457662266 0.405778810699834 0.0290140822162277 0.430290837338819 0.0220792626870749 0.901953704185865
1591949471.8074 0.198709468276767 -0.0300198899811757 0.408521144954151 0.0289578129447316 0.437523109521604 0.0226967891547556 0.898454133201061
1591949471.8404 0.204187053678998 -0.0303365748723353 0.411172784187247 0.0290210617339874 0.444625112375976 0.0232571459759529 0.894944351667486
1591949471.8734 0.209781736402231 -0.0307001034811195 0.413643377566965 0.0291731555067443 0.451602217869939 0.023844974835558 0.891423457728045
1591949471.9064 0.215489006428839 -0.0310536967468775 0.416232818618226 0.0293679668755862 0.458475483845453 0.0244485810246349 0.887885139035537
1591949471.9394 0.221320285749263 -0.0313899652070246 0.418840187360711 0.0295662023529278 0.465243538136315 0.0250528849553512 0.884334010912304
1591949471.9724 0.227351401217685 -0.0317048756929236 0.421410500294067 0.0297508659648888 0.47190137140418 0.0257611594510153 0.880772583760946
1591949472.0054 0.233559048828636 -0.0320691699227704 0.423853223783907 0.0299934581665083 0.478408591181234 0.0264112265863643 0.87722748444255
1591949472.0384 0.239746532342765 -0.0323848171759994 0.426360277748526 0.0303190562552875 0.484849961797826 0.0270199641913198 0.873653930860232
1591949472.0714 0.246050483624485 -0.0327154678662157 0.428858187102527 0.0305381713922288 0.491147233046561 0.0275790190238431 0.870104139323799
1591949472.1044 0.252552357401564 -0.0330205907170871 0.431405735140269 0.0306613385106911 0.497297198692767 0.0281101929168346 0.866582480521755
1591949472.1374 0.258977712763463 -0.0334357718610712 0.433740256934632 0.0306482182511942 0.503258967120811 0.028621072191984 0.863117566127062
1591949472.1704 0.26559847823046 -0.0337938446795948 0.436272289635215 0.0306112992515221 0.509118383555839 0.0289799914331039 0.85966364351423
1591949472.2034 0.272345414694569 -0.0341196537822353 0.438779616428165 0.0306872373580855 0.51486086337783 0.0292048391347616 0.856226408256763
1591949472.2364 0.27917251527964 -0.0344832022560859 0.441223455480656 0.0306744263914024 0.520496590451107 0.029442529541939 0.852804500661496
1591949472.2694 0.285956422629644 -0.0347591774884339 0.443755367958223 0.030567280326024 0.526096304106805 0.0296601514662454 0.849357754773352
1591949472.3024 0.293051422917347 -0.0351233129113709 0.446250575419956 0.0303758529150568 0.531543362756503 0.0299923563007817 0.845954738524892
1591949472.3354 0.300228497776843 -0.0354689934862995 0.448681164349928 0.0300412813135052 0.536908829752535 0.0302790684022518 0.842561337807223
1591949472.3684 0.307558399604708 -0.0358109038772631 0.451083850388633 0.0297496656750477 0.542159595215059 0.0304288079168115 0.839197246395165
1591949472.4014 0.315019458867293 -0.0360439979556468 0.453175871611402 0.0296179213358004 0.547203584892038 0.0306475356167641 0.835913718022182
1591949472.4344 0.322609051193895 -0.0363898518258418 0.455489915674422 0.0295063482745254 0.552235210429786 0.0310376898205066 0.832587718852301
1591949472.4674 0.330284618457692 -0.0367412658569018 0.457727006554688 0.0293076781324604 0.557134110697595 0.031495302192585 0.829307354748215
1591949472.5004 0.338105605790297 -0.0370407793510605 0.459958913170109 0.0290895891501114 0.56192861056606 0.0318159552674891 0.826061606310808
1591949472.5334 0.345867784105455 -0.0373249146758214 0.462120335747024 0.0289661542899201 0.566648727963761 0.0320404345631868 0.822826586563479
1591949472.5664 0.353861463093249 -0.0376570774061085 0.464223308731277 0.0289205978889986 0.57119427652224 0.0323636000256599 0.81966657543135
1591949472.5994 0.36203499119749 -0.0379613740125211 0.466314580912617 0.0288504430941486 0.575678622867359 0.0327527240766087 0.816510278056789
1591949472.6324 0.370243405713729 -0.0382973899229361 0.468251916677271 0.0286352373055951 0.580056366108136 0.0331963379865146 0.813395745296324
1591949472.6654 0.378469174292838 -0.0386519325276165 0.470187457706323 0.0284936906247696 0.584447667141616 0.0336425219679776 0.810232815111149
1591949472.6984 0.387068188081871 -0.0389671671554793 0.472284231344371 0.0283167331764969 0.588919719847363 0.03389411981526 0.80698383802841
1591949472.7314 0.395657194621457 -0.0392594837098331 0.474168303150804 0.0280878066717862 0.593327187844668 0.0341418930205658 0.803746386879393
1591949472.7644 0.404246464926754 -0.0395536782094527 0.475945386047317 0.0277868241988994 0.59779051396504 0.0343447651402091 0.800434151521421
1591949472.7974 0.412954253899523 -0.0398335002467571 0.477660023047257 0.0274379844318801 0.602265612236621 0.0345851421257792 0.797074122821525
1591949472.8304 0.421780324645638 -0.0400350769039193 0.479073313188534 0.0271840576414376 0.606685602231013 0.0348858800317909 0.793710641499878
1591949472.8634 0.430714089439499 -0.0403154802783445 0.480649017848768 0.0270197097885427 0.611189375917756 0.0352287474798102 0.79023820294846
1591949472.8964 0.439793807990783 -0.0405475559975257 0.482124677964101 0.0269780653083057 0.615667311321745 0.0354742018085583 0.786744893067709
1591949472.9294 0.448970864526419 -0.040790516625487 0.483503724687451 0.0268811753663956 0.620085978209589 0.0357127625519598 0.783259459329848
1591949472.9624 0.458369553860747 -0.0410672470383371 0.484760356042691 0.0267949267942708 0.624439308832855 0.0361108342698958 0.779777910132602
1591949472.9954 0.467688251922071 -0.0413360099937204 0.485947103293478 0.0267541370524345 0.628732656562108 0.0365103947905711 0.776303068263401
1591949473.0284 0.477152572748267 -0.0415611566740335 0.487022720954776 0.026811468394987 0.632972543222499 0.0368833209648077 0.77283020471741
1591949473.0614 0.48670629574328 -0.0417734298695763 0.488029309714216 0.026890284058814 0.637141073112407 0.0373200978904486 0.769373365713848
1591949473.0944 0.49634768714336 -0.0419804891832665 0.488984793956587 0.0268801188157785 0.641246997499916 0.0377746123615761 0.765932651132412
1591949473.1274 0.506269614106825 -0.0421720885994956 0.489652995858546 0.0269713078639883 0.645214724716819 0.0383288208499136 0.762562396825965
1591949473.1604 0.516009375971684 -0.0424802333947077 0.490439152907732 0.0269193036776806 0.649113933840859 0.0389106691372468 0.759218289960434
1591949473.1934 0.525971676023491 -0.0426659398157129 0.491190984635613 0.0269896978346075 0.652956697975859 0.0392907505280763 0.755893738366842
1591949473.2264 0.536134148802218 -0.0428400163112304 0.491841664505142 0.0270467035609917 0.65663706588202 0.039691431767268 0.752675779988037
1591949473.2594 0.546330075450984 -0.0431696313043869 0.492571530424258 0.0270678393547259 0.660233261744098 0.0400921095585007 0.749501164048839
1591949473.2924 0.556582858983776 -0.0434066106469768 0.493066897625018 0.0271186405879463 0.663633236795185 0.0406195648144567 0.746462026701755
1591949473.3254 0.566959792070912 -0.0435984505334942 0.493536873828326 0.0272242157413733 0.666888402146754 0.0409917043825848 0.743531022440373
1591949473.3584 0.577561563083989 -0.0437585023491486 0.493919437122935 0.0273171328667591 0.669982322586631 0.0413551793446939 0.740720737400224
1591949473.3914 0.588061673947155 -0.0439794110469166 0.494269156812261 0.0273605155052534 0.672914467140397 0.0417732894337541 0.738032868098926
1591949473.4244 0.598734615361384 -0.044119457381294 0.494455962919035 0.0274573100071645 0.675654832945322 0.0421574568966162 0.735499416500659
1591949473.4574 0.609375856188108 -0.0443073461085294 0.494711087509559 0.027562326065554 0.678264728457453 0.0425113154541431 0.733068935619804
1591949473.4904 0.62026321650048 -0.0444420861459561 0.494957021092329 0.0276764718709256 0.680718374067358 0.0428146694162267 0.730769055307249
1591949473.5234 0.631212010217832 -0.0446003723106669 0.495182146664052 0.0277493335038413 0.683006918804589 0.0430704310242669 0.728612696380277
1591949473.5564 0.641999396683363 -0.044827880707388 0.495399160710245 0.0277466623909553 0.685183142058102 0.043328946223431 0.726551296870852
1591949473.5894 0.653020966298164 -0.0451927293020324 0.49569129706911 0.0277404998403676 0.687221797536458 0.0435556251866733 0.724609945538953
1591949473.6224 0.664231130390564 -0.0453493659510071 0.495847137392736 0.0276356949412308 0.689116296495492 0.0436244119182498 0.722808348702641
1591949473.6554 0.675409422094138 -0.0455552837457826 0.495999275948644 0.0274612977539102 0.690877540932142 0.0437661451402215 0.721123169160992
1591949473.6884 0.686717523129528 -0.045702064385655 0.496103424761936 0.0274195958438162 0.692511608013318 0.0439295991821096 0.719545710046463
1591949473.7214 0.698132049011695 -0.0458455289530378 0.496193802106246 0.0274158644644955 0.694015133388026 0.0441029408712823 0.718085159024031
1591949473.7544 0.709695222199663 -0.0459976825612225 0.49631336106993 0.027456186144983 0.695431940104067 0.0442016798440793 0.716705508576868
1591949473.7874 0.721300268347786 -0.0463291266692747 0.496497630150494 0.0275209671345551 0.696755916094074 0.0443630599635181 0.715405974721039
1591949473.8204 0.733014439268874 -0.0464509447462479 0.496514217097542 0.0275943078167811 0.697957052037474 0.0444254398501891 0.714227476355669
1591949473.8534 0.74486487924386 -0.0465569932916218 0.49651289812529 0.0276935931092506 0.69908019714401 0.0444132471546408 0.713125098660096
1591949473.8864 0.756592486843505 -0.0467552408211842 0.496393695106678 0.0277354915722432 0.700101067306188 0.0445298250198616 0.712113988591492
1591949473.9194 0.768642674072629 -0.0469001509260537 0.496359228648609 0.0277973818055643 0.701083079485228 0.0446186368917669 0.711139225796318
1591949473.9524 0.780707442097434 -0.0470774469671874 0.49633455431733 0.0277959458378592 0.702022526030434 0.0447471787974525 0.710203807600675
1591949473.9854 0.792547509133848 -0.0473243596875383 0.496235791294133 0.02776276925869 0.702850931553279 0.0448630604085885 0.709377968694089
1591949474.0184 0.804815429205696 -0.0475184400141352 0.496117574595643 0.0277321439313426 0.70367032299173 0.044997230722415 0.708557869168778
1591949474.0514 0.81721935333589 -0.0476844157724543 0.49601393833793 0.0276520190909174 0.704446800248715 0.0451009594938762 0.707782434729963
1591949474.0844 0.829558940412887 -0.0478868270123046 0.495827807515992 0.0275887564140145 0.705160671714274 0.0451924805498277 0.70706783782658
1591949474.1174 0.842009734262063 -0.048093620296884 0.495627859624071 0.0275037962009497 0.705830698293675 0.0452709361721891 0.706397274116268
1591949474.1504 0.854388135579209 -0.0483980087676559 0.495677144562413 0.0274966971394409 0.706524201244439 0.0452613503570354 0.70570453793793
1591949474.1834 0.867066020309656 -0.0485875998124149 0.495485010062063 0.0275251326483251 0.707115834469094 0.045153157749814 0.705117547690446
1591949474.2164 0.879743415649923 -0.0488233428749591 0.495355547917636 0.0274797455881762 0.707696326407678 0.0450425021597213 0.70454378584349
1591949474.2494 0.89253803233034 -0.0490481350298583 0.495199943558097 0.0274563466013121 0.708227003483438 0.0450458558220676 0.704011030766874
1591949474.2824 0.905449262967626 -0.0492196573411465 0.494996659523237 0.0276164028340125 0.708727289884842 0.0450537316693609 0.703500621271696
1591949474.3154 0.918058907066815 -0.0496025016482302 0.494827761567623 0.0276899735283812 0.709196284006416 0.0450471609302874 0.703025354741641
1591949474.3484 0.931116690571012 -0.0497959467346934 0.494574105272758 0.0278878524521594 0.709621737177249 0.0449956774516289 0.702591379695068
1591949474.3814 0.944280627524371 -0.0500107829173299 0.494283379082054 0.0280729548849309 0.710027596359056 0.0450302412068879 0.702171630721051
1591949474.4144 0.957482614777411 -0.0501985769412953 0.493965130931176 0.0282056264123213 0.710399740982049 0.0451275870151582 0.701783550349761
1591949474.4474 0.970785480016593 -0.0504010969509396 0.493712339039063 0.0282397428788604 0.710789602056139 0.0452541599333742 0.701379155335926
1591949474.4804 0.984185266132698 -0.0505709371020715 0.493363832176653 0.0282776016850544 0.711139826786414 0.0453402362975054 0.701016966252328
1591949474.5134 0.997776113773759 -0.050723952857955 0.493193384857885 0.028349765891578 0.711519840250317 0.0453392515823313 0.700628403627779
1591949474.5464 1.01116858135872 -0.05097322574591 0.492929905133818 0.0282068022226439 0.711878805036126 0.0453976877115083 0.700265659017461
1591949474.5794 1.02493336012504 -0.0511499018741408 0.492591872624635 0.0280159198596124 0.712210989248235 0.045404802979219 0.699935010479465
1591949474.6124 1.03876990194297 -0.0513630178997211 0.492424909990457 0.0278990734930165 0.71257219976363 0.0453128440422533 0.699577907017549
1591949474.6454 1.05260442496479 -0.0516037552335797 0.492159776743121 0.0278432690357595 0.712910964801834 0.0451994588177375 0.699242245260757
1591949474.6784 1.06654299231592 -0.0517268194923678 0.49195224237609 0.0277736018135764 0.713228310155569 0.0450415663342276 0.698931514482708
1591949474.7114 1.08053771581035 -0.0520141267915578 0.491715273309698 0.0276029530479966 0.71354672759462 0.0450709334135281 0.698611305006778
1591949474.7444 1.09463839737985 -0.0522617603134752 0.491402406183726 0.0274071779889351 0.71382730698435 0.0451510680793906 0.698327146435998
1591949474.7774 1.10884991007006 -0.052470047486028 0.491025347807851 0.0274239478094159 0.714100132590621 0.0451608173381657 0.698046866834852
1591949474.8104 1.12310363452679 -0.0527089239207615 0.490615797219304 0.0274778508261952 0.714361523502091 0.0452525249575378 0.697771302389768
1591949474.8434 1.13734403040714 -0.0527477774998815 0.490185877101889 0.0274337695175224 0.71460559268923 0.0454670821249046 0.697509125123378
1591949474.8764 1.1517170865823 -0.0530319037351085 0.489775658152202 0.0272246148082664 0.714846256943239 0.045869873509697 0.697244292903848
1591949474.9094 1.16631661368334 -0.0532469805627971 0.489320672559775 0.0271764898946561 0.71508957945811 0.046108266783918 0.696980888892667
1591949474.94241 1.18097167574032 -0.0534139358386345 0.488882307622142 0.0271950512416181 0.715341561510474 0.0463658033399728 0.696704450857293
1591949474.9754 1.19565445306336 -0.0535939324091961 0.488419790731953 0.0273427611035302 0.715604523562437 0.0464594722294831 0.69642232640286
1591949475.00841 1.21004012361821 -0.0538344041097044 0.487850062676458 0.027377037310742 0.715849407518273 0.0464689714184676 0.696168627761359
1591949475.04141 1.22483383415862 -0.0540128518677281 0.48739627900101 0.027567728123833 0.716130175766909 0.0463443026264432 0.695880591291506
1591949475.07441 1.23970455124221 -0.0542326965001303 0.486887380293474 0.0278368946856578 0.716406426204899 0.046083246588345 0.695602813515344
1591949475.10741 1.25469384029919 -0.054422266992545 0.486460938152073 0.0281026274567601 0.716699060856963 0.0459081982816893 0.695302190293762
1591949475.14041 1.26972552931004 -0.0546165022669182 0.485982794342985 0.0282506036962391 0.716968739746223 0.0457511875147619 0.69502845874
1591949475.17341 1.28468306375532 -0.0549011352395135 0.485369552893965 0.0282354626377197 0.717192755991198 0.0456993151682481 0.694801325557556
1591949475.20641 1.2999343363319 -0.0551154108297031 0.484945987180046 0.0281103004524686 0.717480254360595 0.045426587280361 0.694527408227485
1591949475.23941 1.31521654893999 -0.0553211919946515 0.484427959660814 0.0278646405500894 0.717726629384629 0.0452154106812057 0.694296488480335
1591949475.27241 1.33064966635655 -0.0555237014411919 0.483939534430651 0.027526261338526 0.717979652703494 0.0451933841453175 0.694049768582908
1591949475.30541 1.34622323597123 -0.0557330431346793 0.483430711260011 0.0271942304954835 0.718229184873697 0.0452971527265084 0.693797866657354
1591949475.33841 1.36178927334788 -0.0557681247055195 0.48294904061447 0.0269995785599608 0.718509327139449 0.0454199137843558 0.693507318636958
1591949475.37141 1.3774807488821 -0.0559550186255941 0.482341205914745 0.0268677049678217 0.71874878030751 0.0454724749573441 0.693260824839744
1591949475.40441 1.39322154710044 -0.0561474556130464 0.481763218440894 0.0266979086706165 0.719011345868931 0.0455920013814051 0.692987211710578
1591949475.43741 1.40910268700175 -0.0562856659029774 0.481209907361685 0.0263978956775537 0.719251496572921 0.045730054557094 0.692740353878433
1591949475.47041 1.42492677076201 -0.0566311078909356 0.480396832541448 0.0260345590600059 0.719444233148748 0.0459818556746128 0.692537266919464
1591949475.50341 1.44077056211685 -0.0568673899925983 0.479682642263968 0.0260172132095777 0.719643901794686 0.0462495330532978 0.692312602744512
1591949475.53641 1.4567735865366 -0.0570730225545666 0.478967079827227 0.0260368397801529 0.719847244168125 0.0465769652856708 0.692078474121683
1591949475.56941 1.47334679659551 -0.0574195833635074 0.478147727784026 0.0262828139628911 0.720010317031744 0.0469249777135505 0.691876002998097
1591949475.60241 1.48943477402628 -0.0576661257548113 0.477235415229353 0.026462719706852 0.720207420353129 0.0472185615510094 0.691643986151157
1591949475.63541 1.50566348242999 -0.057872029085552 0.476486130521484 0.026507293945249 0.720454411728412 0.0473337062852552 0.691377121575533
1591949475.66841 1.52188942538204 -0.0580720300667819 0.475703837795333 0.0264676953866574 0.720711527027595 0.0473669161681075 0.691108335330428
1591949475.70141 1.53824875074651 -0.0583933759979909 0.475207652245637 0.0264342777246096 0.721118475807696 0.0472382576154029 0.690693795996044
1591949475.73441 1.55467771257544 -0.0585503212933548 0.474420712507482 0.0264798944860814 0.721394225509078 0.0469428910780184 0.690424182345463
1591949475.76741 1.57108913905165 -0.0587046616601315 0.473700625246026 0.0265951411843519 0.721681982726865 0.0466997663857558 0.69013545488717
1591949475.80041 1.58756200344104 -0.0588461137767023 0.472941916868516 0.0266926848414294 0.72194816023521 0.0465837884462172 0.689861076712515
1591949475.83341 1.60459008641746 -0.0590178016006242 0.472235577181673 0.0267730407730815 0.722159083356359 0.0464703371425852 0.689644814654269
1591949475.86641 1.62120377974796 -0.0592101450820794 0.471453066145308 0.0268264458065359 0.722372389607876 0.0461730594571559 0.689439280225577
1591949475.89941 1.63792971676605 -0.0593628006895444 0.470672816994414 0.0268376252372258 0.72255472975055 0.0459526112596591 0.689262476785988
1591949475.93241 1.65469529955235 -0.0596016869222875 0.469873242844435 0.026919749455045 0.722737481306098 0.0460155306457709 0.689063444933762
1591949475.96541 1.67160317225472 -0.0598555839120038 0.469012375079327 0.0269332755605764 0.722831844531985 0.0462424555841635 0.688948734304384
1591949475.99841 1.68851943363429 -0.0600766931762173 0.468149588982051 0.0269771333449844 0.722872330548599 0.046439416913116 0.688891289363201
1591949476.03141 1.70555715095662 -0.0603244266706458 0.467219455124225 0.0269110066639223 0.722864230483036 0.0467853235825904 0.688878970143359
1591949476.06441 1.72257438084052 -0.0605745784733532 0.466457437689737 0.0268711066053085 0.722872700676937 0.0471293274972798 0.68884818990507
1591949476.09741 1.73974195279562 -0.0607994991495528 0.465596333861533 0.0269258969118112 0.722816655022438 0.0474520430226355 0.688882706206686
1591949476.13041 1.75700895280559 -0.0610416550765776 0.464726271453902 0.0270197758443057 0.722759219547481 0.0477014746326106 0.688922064961135
1591949476.16341 1.7744320302105 -0.061230486302836 0.463884250189956 0.0271587900352052 0.722738857874034 0.0479041377425372 0.688923897850774
1591949476.19641 1.79184588371046 -0.0614663805924376 0.4629802186529 0.0273755674808638 0.722582720785916 0.0480763891923201 0.689067087248369
1591949476.22941 1.80928854247538 -0.0616798492384967 0.462132292746808 0.0274628671761635 0.722404167600326 0.0481966228542583 0.689242406636148
1591949476.26241 1.82681332269857 -0.0619122535465843 0.461383656010871 0.0275968150913464 0.722216411187243 0.0481538113175095 0.689436785836259
1591949476.29541 1.84448154635611 -0.0622897358619516 0.460566284985063 0.0276485527942751 0.721962360199186 0.0480860609618495 0.689705472448331
1591949476.32841 1.86214914382249 -0.0625050766873761 0.459808049496034 0.0276548998491545 0.721711933300691 0.0479929445881462 0.689973745236347
1591949476.36141 1.87984718080655 -0.0627043140450392 0.459123807912874 0.0275921201974553 0.721489239638067 0.0478583994686056 0.69021846222033
1591949476.39441 1.89766992882536 -0.0629077763036839 0.458383804927741 0.0274685373448197 0.721259473733558 0.0476979769437434 0.690474586064688
1591949476.42741 1.91554103793032 -0.0630914635140472 0.457659718300618 0.0273550400625703 0.721041686095829 0.0474879270154671 0.690720989606536
1591949476.46041 1.93349077113952 -0.0632967613525275 0.456966386471185 0.0273426745406229 0.720834655599476 0.0472287165808543 0.69095529939778
1591949476.49341 1.9515032544761 -0.0635322242475482 0.456333237220193 0.0273141911776277 0.720656688423368 0.0470523752207786 0.691154068480436
1591949476.52641 1.96957399104781 -0.0637472549833144 0.455662863691902 0.0272784442013139 0.720441674557023 0.0469800720156142 0.69138451882931
1591949476.55941 1.98771909435114 -0.0639355915314277 0.454885408187794 0.0273058166467699 0.720219260204202 0.0468496105900892 0.691623975579015
1591949476.59241 2.0059338234104 -0.0641787475888089 0.454212451338048 0.0272646362338069 0.719984650229946 0.0467762941081762 0.691874787337858
1591949476.62541 2.02426171623422 -0.0644483228481009 0.45355191616587 0.0272079132548288 0.719747016332807 0.0468109123481857 0.692121882634461
1591949476.65841 2.04245123335697 -0.0646626766867091 0.452859696535004 0.0272265601473344 0.719507845496591 0.0468030959901805 0.692370309081153
1591949476.69141 2.06084193781753 -0.0649382473033389 0.45217753296628 0.0272540130203993 0.719261819198762 0.0468981469320625 0.692618378352402
1591949476.72441 2.07929065152014 -0.06520393491122 0.451525075663302 0.0273865885345627 0.719031215361324 0.0469894737532809 0.692846357759673
1591949476.75741 2.09775009923417 -0.0654689848525466 0.450988685354256 0.0274744484830023 0.718831402248879 0.0470129579071438 0.693048592531783
1591949476.79041 2.11626426962329 -0.0657331191971889 0.450352168593482 0.0275577339405937 0.718596198957547 0.0469507699968883 0.693293371770223
1591949476.82341 2.13494264072211 -0.0659579877648843 0.449734885264897 0.0276173620725955 0.718374762899444 0.0468983762114615 0.693523989239051
1591949476.85641 2.15336477898442 -0.0663055710843281 0.449412742648096 0.0275550892479323 0.718199391173943 0.0468704008919444 0.693709966119951
1591949476.88941 2.17212529132489 -0.0665777470970573 0.448843848365793 0.0274053087745665 0.717958946451915 0.046975962056549 0.693957606233615
1591949476.92241 2.19100076500636 -0.0668103445444658 0.448237591575666 0.0273318505252583 0.717719098446623 0.0469919425947755 0.694207478354275
1591949476.95541 2.20983599394505 -0.0670800837326222 0.447695264302462 0.0272438194521679 0.717477386243285 0.0470752038970341 0.694455109930954
1591949476.98841 2.22876363925623 -0.0672092284566822 0.446920844428664 0.0272187074174625 0.717184454311711 0.0472750777783778 0.694745037752113
1591949477.02141 2.24763421228087 -0.0675176691236079 0.446343620671307 0.0271301027724409 0.71692727437683 0.0474616678564189 0.69500117328135
1591949477.05441 2.26663305616892 -0.0677848730312663 0.445849511171699 0.026998805674847 0.716693797499981 0.0476586421641315 0.6952335715026
1591949477.08741 2.28548717777843 -0.0680702681789117 0.445282468022111 0.026934481312895 0.716428121540092 0.0478758230790059 0.695494921582788
1591949477.12041 2.30470008832795 -0.0684018514061162 0.444865571487483 0.0268299688461716 0.716196633875578 0.0481111152985436 0.695721104309575
1591949477.15341 2.32362641544316 -0.068719699524098 0.444359419673277 0.0267465504069715 0.715933383254287 0.0482032339807796 0.695988836848115
1591949477.18641 2.34266845172092 -0.068990065918376 0.443855225205767 0.0266330935198694 0.715667876991418 0.0483077865383816 0.696258950342414
1591949477.21941 2.36177552767849 -0.0692105917198485 0.443400271881674 0.0265247552093076 0.715419552028759 0.0483259405638775 0.696516981418739
1591949477.25241 2.38090579799645 -0.0695200056488491 0.443017158382717 0.0264347900074995 0.715202736097658 0.0483093153093354 0.696744184195337
1591949477.28541 2.39985161415654 -0.069801017850829 0.442612902252088 0.0263512550977297 0.714953895844937 0.0482087192443577 0.697009653849745
1591949477.31841 2.41889321929635 -0.0700500186362587 0.442254708122615 0.0263702082815418 0.714745722656464 0.0480252322330656 0.697235068774109
1591949477.35141 2.43808855889994 -0.0702964719134716 0.441835028816996 0.0264805241214838 0.714498997893747 0.0478525494504387 0.697495589492992
1591949477.38441 2.4574220416431 -0.0706392649134588 0.441523426091538 0.026366248069798 0.7142787885501 0.0477899932470653 0.697729711088448
1591949477.41741 2.47658845823469 -0.0709119297903372 0.441189209104124 0.0263681618210924 0.714028248930243 0.0477654880475194 0.697987706140567
1591949477.45041 2.49577837838163 -0.0711639127794659 0.440840691242625 0.0265511927811886 0.713774175212736 0.0477206761262108 0.698243652338732
1591949477.48341 2.51507404294628 -0.0714321429772222 0.440440282460082 0.0267421468127099 0.713521466822311 0.0477361150489391 0.698493548493914
1591949477.51641 2.53435736106626 -0.0719253604131384 0.440062624048326 0.0267732747239133 0.713240236935798 0.0479154242319672 0.698767249015718
1591949477.54941 2.55366213804145 -0.0721926102930193 0.439680595063624 0.0267954389442617 0.712994963857427 0.0480010412470215 0.699010791050419
1591949477.58241 2.57291777895381 -0.0724793414059661 0.439339424072513 0.0267873414384187 0.712759335040809 0.0479968128302225 0.699251653275833
1591949477.61541 2.59226836894049 -0.0727633368061422 0.439021905902813 0.0267174733947543 0.712556358724791 0.0480590041532055 0.699456892435888
1591949477.64841 2.61171726084815 -0.0730264344598594 0.43872497354797 0.0267437945416797 0.712358380219446 0.0481502388906367 0.699651243177209
1591949477.68141 2.63057247489632 -0.0733988073737472 0.43842031659421 0.0268937889380726 0.712147760827095 0.0481631327480318 0.699858988303648
1591949477.71441 2.64985771775355 -0.0737503881577288 0.438169736417788 0.0267818290333742 0.711962688480484 0.0482576524137777 0.700045043428478
1591949477.74741 2.66929151825845 -0.0740234956434261 0.437893870439628 0.0266513107283543 0.711769328803301 0.048296997843605 0.700243907656935
1591949477.78041 2.6887975048216 -0.0743067248761673 0.43763971479032 0.0266140796508013 0.711585436004227 0.0483843499845824 0.700426165064944
1591949477.81341 2.70831804293731 -0.0745433753676115 0.43736373297089 0.0265537822473782 0.7113981473456 0.0484460247713892 0.700614412701778
1591949477.84641 2.72863433931563 -0.0748933757729467 0.437312598036319 0.0266301732489591 0.711212910796413 0.0486271958697717 0.700787004168219
1591949477.87941 2.74813027210517 -0.0752134293923019 0.437114035744469 0.0265026203030966 0.71100866359133 0.0487883950965315 0.700987862889968
1591949477.91241 2.76770958220977 -0.0754849592384043 0.436914221624194 0.0263568772125165 0.710821231347535 0.0489264264642235 0.701173799341233
1591949477.94541 2.78726378909548 -0.0757348873109927 0.4366801459358 0.0262898915766516 0.710629006777436 0.0489857249359774 0.70136699029816
1591949477.97841 2.8067621503465 -0.0760568261326436 0.436456722751573 0.0263530266070891 0.710471424267275 0.0490317257778021 0.701521035433384
1591949478.01141 2.82645207972668 -0.0763030170051331 0.436189400619571 0.0265191829683203 0.710295875121298 0.049118975153979 0.701686417853577
1591949478.04441 2.84605622265869 -0.0765989399434614 0.436011522075168 0.0267791599303801 0.71015745470298 0.0491182468358117 0.701816688281908
1591949478.07741 2.86563281671166 -0.0769036981327339 0.435787801061667 0.026834920569619 0.70999259691504 0.0492184829870455 0.701974315980516
1591949478.11041 2.88490168738871 -0.0772526880266772 0.435518385698731 0.0270429724969266 0.709867549141114 0.0491762126524597 0.702095748758016
1591949478.14341 2.90461687246815 -0.0775402936023129 0.43528624775455 0.0273275377829891 0.709709092750594 0.0490865574816622 0.702251179579249
1591949478.17641 2.92432415390307 -0.0778366604978292 0.435096099982065 0.0276138397106005 0.709585936150568 0.048839486514196 0.702381648130693
1591949478.20941 2.9436738373668 -0.0782672524145687 0.434881855186166 0.0278301391130027 0.709450483450415 0.0485693719872439 0.702528654927106
1591949478.24241 2.96342896417637 -0.0785293276193764 0.434752146029408 0.0278962014603876 0.709328667654194 0.0484523935436371 0.702657106096495
1591949478.27541 2.98311970395429 -0.0788434159685103 0.434571044672293 0.0281681897901629 0.709200051777591 0.048302498707509 0.702786388784828
1591949478.30841 3.00251292170957 -0.0791225199023601 0.434360299562631 0.0283746324249624 0.709085509333061 0.0482361027378834 0.702898213883975
1591949478.34141 3.02236156390149 -0.0793957455455025 0.434161342517421 0.0285858558060474 0.708948023872998 0.0483096028724514 0.703023278821344
1591949478.37441 3.04217606145501 -0.0797317974899751 0.433996118153134 0.0287278205819843 0.708810033657929 0.0485670859675998 0.703138881495733
1591949478.40741 3.06206884609747 -0.0800216045702973 0.433782425226603 0.0288164601225932 0.70867277143799 0.0487650863760743 0.703259895770501
1591949478.44041 3.08156124140202 -0.080432183986179 0.433657385184921 0.0287343023633697 0.708546145854035 0.0489294650738961 0.703379418600421
1591949478.47341 3.10144802558513 -0.0808003174347359 0.433484047302551 0.0287805567711824 0.708392869107456 0.0491124921604607 0.703519143778928
1591949478.50641 3.12121852557898 -0.0811449220177288 0.433364400950842 0.0289313718901275 0.708269150892256 0.0492201723418991 0.703629988168179
1591949478.53941 3.14110421864068 -0.0815637477511979 0.433225496523149 0.0291768346262658 0.708146855807401 0.0492510945437472 0.703740770893322
1591949478.57241 3.16101056280283 -0.0820170785373422 0.432979870980085 0.0295799068948925 0.708003677711101 0.0494030979854642 0.703857340208287
1591949478.60541 3.18079910683191 -0.0824669610309011 0.432823686753219 0.0302856238816074 0.707900191605434 0.0494857576137791 0.703925606512849
1591949478.63841 3.20046801638388 -0.0829235434601604 0.432674010056156 0.0313205210322054 0.707804408544045 0.0493626779214002 0.70398527700252
1591949478.67141 3.22031480226803 -0.0833411254822085 0.432461185973078 0.032245270128106 0.707702711127417 0.0491572910673159 0.704060136602118
1591949478.70441 3.2401900417477 -0.0838136800189165 0.43231715426751 0.0331187371786798 0.70760738108305 0.0487318538198915 0.704144977904234
1591949478.73741 3.25944918073319 -0.0844067487328813 0.432210025852094 0.0339715886895118 0.707498130833744 0.0482135519001896 0.704249799035709
1591949478.77041 3.27920068051965 -0.0848601049325127 0.432097200609029 0.034817809191663 0.707399274704512 0.0473899881874778 0.704363666957782
1591949478.80341 3.2990710765394 -0.0853389810143013 0.432055281662575 0.0355070619236199 0.707331396581204 0.0464931355715839 0.704457189833959
1591949478.83641 3.31894903552009 -0.0857717358453507 0.432077425025252 0.0357667567854205 0.707257364400931 0.0457297987069772 0.704568339566802
1591949478.86941 3.33883876518127 -0.0862408312045787 0.43212862704319 0.035666279373789 0.707185782198281 0.0449362045574941 0.704696334240646
1591949478.90241 3.35891339610023 -0.0867630877371229 0.432063017783134 0.0352769526289346 0.70708648307784 0.0442568057805706 0.704858551202954
1591949478.93541 3.37894412544787 -0.0872598037648547 0.432105470706236 0.0347843162364131 0.706970318799551 0.0439269806184667 0.705020169962656
1591949478.96841 3.39913957014621 -0.0877497184795195 0.432256695297356 0.034217854594135 0.706871541882173 0.0439883091997 0.705143099206002
1591949479.00141 3.4193661397896 -0.088341887644203 0.432224485933773 0.0336061212793211 0.70672189967816 0.0443442222188516 0.705300202100962
1591949479.03441 3.43955442872584 -0.0889188463953937 0.432255230153519 0.0330235794505763 0.70656449622603 0.0448057943830882 0.705456232988857
1591949479.06741 3.45994347189009 -0.089553358263987 0.432097558861759 0.0322617172304863 0.70641044687357 0.0454880879604236 0.705602080497873
1591949479.10041 3.48029191896069 -0.0901513946105292 0.431991763411979 0.0315648083819561 0.706241803035482 0.0462246328933645 0.705754533694879
1591949479.13341 3.5006101034014 -0.0907579841572579 0.431962149740493 0.0309091972571366 0.706109381456115 0.0468761863251195 0.705873066563808
1591949479.16642 3.52088852854486 -0.0913815530165804 0.431979004045621 0.0303574457810376 0.706042172151561 0.0472072482462744 0.705942173511522
1591949479.19941 3.5410705518283 -0.0920155823237356 0.43208415849652 0.0299011480186437 0.705975306124422 0.0472894781315135 0.706023012194182
1591949479.23242 3.56126235803533 -0.092514600255637 0.432184808766811 0.0295891011214354 0.706004703233495 0.0469355390076491 0.706030381276239
1591949479.26542 3.58157777881944 -0.0930008066779695 0.432269444575785 0.0295275221647307 0.706076979383593 0.04633158154685 0.706000573066849
1591949479.29842 3.60165088953168 -0.0934623368833733 0.432360647928547 0.0295939480645416 0.706155461004115 0.0455385776484453 0.70597089251454
1591949479.33142 3.6216004467448 -0.0940784510322261 0.432709805578578 0.0299822066636901 0.706258446199588 0.044544671857837 0.705914900440837
1591949479.36442 3.64163889079337 -0.0945325579992972 0.432859648258847 0.0302390063235629 0.706365989591722 0.0434404196390235 0.705865157934755
1591949479.39742 3.66171991337533 -0.0950279889006125 0.432993046539262 0.030509099637917 0.706470775917625 0.0424356921937572 0.705809782903064
1591949479.43042 3.68188471196108 -0.0954942737673503 0.433082550107027 0.0307794859589595 0.706587267183843 0.0416226963754203 0.705729840834444
1591949479.46342 3.70187319944536 -0.0960275221135982 0.43316010623016 0.0311619639436162 0.706719147126768 0.0410864896948371 0.705612414468557
1591949479.49642 3.72207997485852 -0.0965380786034285 0.433143885144149 0.0316067946428302 0.706827043134019 0.0407228244167185 0.705505629459007
1591949479.52942 3.74231561107661 -0.0970840321691017 0.433068102473982 0.031912666694098 0.706897987172952 0.0406850624338035 0.705422953362065
1591949479.56242 3.76268076957696 -0.0976393648341272 0.432935710260122 0.0320152476397718 0.706964471268068 0.0409375513594635 0.705337066353327
1591949479.59542 3.78326037405213 -0.0982627775616097 0.432826203495506 0.0318037307061543 0.706996948990091 0.0413583220969626 0.705289533472032
1591949479.62842 3.80373333471007 -0.098901922116355 0.432733093430412 0.0315388326843642 0.707047608092115 0.0418205189860447 0.705223387385774
1591949479.66142 3.82425890055003 -0.0995484393112732 0.432545376378841 0.0311617691773401 0.707095073781929 0.0422667742646772 0.705165952502193
1591949479.69442 3.84472781724511 -0.100218599064087 0.43241269088263 0.030860818810769 0.707143927238132 0.0426571847402039 0.705106687404538
1591949479.72742 3.8654782274733 -0.101013996902776 0.432358056869599 0.030442830367184 0.707226572114979 0.0430564707999843 0.70501769488147
1591949479.76042 3.88597153105543 -0.101713184152647 0.432290271234638 0.0300361267438267 0.707317450207409 0.0434684303304785 0.704918684166424
1591949479.79342 3.90647771458439 -0.102340077384368 0.432224630604448 0.0298240033229828 0.707418545790164 0.0436831472879612 0.704812962807112
1591949479.82642 3.92694654644187 -0.102972664856368 0.432163433404564 0.0298234261017679 0.707517495491572 0.0436772739965566 0.704714021830923
1591949479.85942 3.94739988638223 -0.103604379302827 0.432146611847492 0.0298270824245442 0.707649356396629 0.0434862479370549 0.704593272594788
1591949479.89242 3.96784312173892 -0.104162864388618 0.432140414044109 0.0297955084329757 0.707759884361084 0.0431118213339594 0.704506596582087
1591949479.92542 3.9883377929349 -0.104704045804669 0.432103534051822 0.0297611110296544 0.707878517681699 0.0428340851463008 0.704405793292986
1591949479.95842 4.00905161280203 -0.105194439612466 0.432027200866458 0.029730297815921 0.707981713268815 0.0426149797193056 0.704316666402445
1591949479.99142 4.02960083966731 -0.105684400449404 0.431977107902516 0.0298424822023273 0.708086445605408 0.0424115352651862 0.704218910199345
1591949480.02442 4.05019854750382 -0.106189170839279 0.431918214298449 0.0300164477934067 0.708211788275959 0.0421925232173646 0.704098620076326
1591949480.05742 4.07080387703728 -0.106688780573747 0.431733747722065 0.0300267836990793 0.708287249857272 0.0422478221509932 0.704018952496174
1591949480.09042 4.09146607619668 -0.107205762038935 0.431645785179375 0.0299517326916967 0.708374680516278 0.0423541458383941 0.703927788940404
1591949480.12342 4.11218577960575 -0.10774946584437 0.431492889757437 0.0298193828230462 0.708439988448209 0.0426791536451913 0.703848049666748
1591949480.15642 4.13294224607597 -0.108210897304671 0.431180720070173 0.0296292796136158 0.708514978326436 0.0429508611267283 0.703764061888031
1591949480.18942 4.15366317575545 -0.108814897691189 0.431092078595582 0.0294751911255109 0.708613238366869 0.0432402060743797 0.703653875209949
1591949480.22242 4.17446964622874 -0.109405023819127 0.430931847290097 0.0292935643130858 0.708694757139039 0.0434641857226679 0.703565556897819
1591949480.25542 4.19529368617311 -0.10998011785401 0.430744745721615 0.0290495935301186 0.708766082790551 0.0437786807010176 0.703484319738224
1591949480.28842 4.21602922043476 -0.110483365739729 0.430580084805349 0.0286232692910038 0.708825831952429 0.0441248537464929 0.703419963957444
1591949480.32142 4.2366528967846 -0.1111444267732 0.430480108301824 0.0285899847754873 0.708925229146399 0.0443698194657851 0.703305731080614
1591949480.35442 4.25754357908527 -0.111685142745397 0.430266409077618 0.0287686010473579 0.709003911883363 0.0443291879706083 0.70322168881636
1591949480.38742 4.27841027027009 -0.112229103235199 0.430061738357121 0.0287795849990635 0.709090153964272 0.0443678192244503 0.703131840877281
1591949480.42042 4.29998595418004 -0.112619408999407 0.429587982209561 0.028684013131831 0.709157189958562 0.0443164146781979 0.703071378105238
1591949480.45342 4.32104800057316 -0.113075667539986 0.429396956610813 0.0287061641578299 0.709237155286989 0.0442310330749479 0.702995184487694
1591949480.48642 4.34193757205839 -0.113586802638092 0.429176940103083 0.0286800249534999 0.709310776518417 0.0441110650741223 0.702929507434091
1591949480.51942 4.36268945554571 -0.11408282763261 0.429081393914098 0.0288649490214618 0.709407448492193 0.0439093399858771 0.70283700571597
1591949480.55242 4.38379861073801 -0.114542450097936 0.428872086023315 0.0291160159633257 0.709487119819473 0.0436788545693549 0.70276058660699
1591949480.58542 4.40476212889618 -0.115048059401317 0.428641613586256 0.0292673354614281 0.709577566199457 0.0436104486802885 0.702667225212154
1591949480.61842 4.42579879088827 -0.115568588509296 0.428446174332336 0.0292388688879315 0.70966657881468 0.0437608768899673 0.702569157530733
1591949480.65142 4.44682057765319 -0.116071414873665 0.428372253705493 0.0293765549986313 0.709762015131529 0.0437407826426734 0.702468251116483
1591949480.68442 4.4680716718946 -0.116555206718289 0.428145215247718 0.0293806998376453 0.709867197754365 0.0437001774576235 0.702364314668383
1591949480.71742 4.48930135069996 -0.117076316728752 0.427887360629909 0.0293116928734734 0.709952435459036 0.043731430448268 0.702279094119726
1591949480.75042 4.51050994518324 -0.117629675071378 0.427628650865503 0.0291991710870672 0.710040912785058 0.0438366202179147 0.702187767842092
1591949480.78342 4.53196225877444 -0.118092664596044 0.427392522924673 0.0292523815056477 0.710174782089253 0.0437848749552084 0.702053389555158
1591949480.81642 4.55324268995296 -0.11864570445111 0.427178396380823 0.0292004495503916 0.710276140208834 0.0438849831656082 0.701946754852995
1591949480.84942 4.57452068739971 -0.119179638893769 0.426859347643128 0.0294347039180992 0.710381447421149 0.0437669627770438 0.701837766392178
1591949480.88242 4.59585131094014 -0.119733667154452 0.426520089597584 0.0295623045008391 0.710477828071952 0.0438152536087391 0.701731821654087
1591949480.91542 4.61737651431589 -0.120355691929498 0.426471257827641 0.0296901771577875 0.710602686825883 0.0438085028715305 0.701600406166025
1591949480.94842 4.63869253515034 -0.120936102428638 0.426194450990387 0.0296418990076884 0.710693443446819 0.0439741517506087 0.701500150565013
1591949480.98142 4.66010506776358 -0.121420789568595 0.425861125169709 0.0296551003073368 0.710767441832181 0.0439460543418131 0.701426377437351
1591949481.01442 4.68174790628298 -0.121858892379167 0.425570995329925 0.0297161807403762 0.710860508681015 0.0438006515480685 0.701338569254493
1591949481.04742 4.70322319560149 -0.122350077377287 0.425266147849288 0.0298452267896237 0.710938485744781 0.0436815747212515 0.701261471888101
1591949481.08042 4.72478507239399 -0.122867233446406 0.42487422104412 0.029931944519474 0.710952228127455 0.043853427439381 0.701233117386586
1591949481.11342 4.74617224119895 -0.12339646236864 0.424582408023102 0.0301067576344969 0.710978895318964 0.0439321986351968 0.701193664745226
1591949481.14642 4.76770370029431 -0.12391798191606 0.424261781181848 0.0303088581093527 0.710990083274612 0.0440193723537076 0.701168146354962
1591949481.17942 4.78932761223354 -0.124511676820844 0.423874126149136 0.0305602966151984 0.710926199567754 0.044162682608446 0.701212995104744
1591949481.21242 4.81062933641692 -0.125075774265087 0.423346999320649 0.0307659923895595 0.710838546953617 0.0443156407819893 0.701283208026
1591949481.24542 4.83218215982429 -0.125657496578731 0.42300823088881 0.0308956460155351 0.71076272005956 0.0444629205719977 0.701345038853935
1591949481.27842 4.85381961397954 -0.126209542307324 0.42267583524081 0.0309713660134933 0.710663738248408 0.0446247464741759 0.701431719861721
1591949481.31142 4.87554989016575 -0.1267234237756 0.422376035703982 0.0311347846401654 0.71059477553912 0.0445967007781964 0.701496132877166
1591949481.34442 4.89713591304023 -0.127273889050007 0.422118950158247 0.031063522914314 0.710541027639291 0.0446712758712369 0.701548988095263
1591949481.37742 4.91875489102382 -0.127845482861345 0.421843217345043 0.0309961906062362 0.710458284203256 0.0448221231988863 0.701626139654739
1591949481.41042 4.94055546941127 -0.128370991412566 0.42159908897846 0.0308854178944458 0.710380078143244 0.0448914046876263 0.701705776892179
1591949481.44342 4.96237827812716 -0.128903395573688 0.421320314912586 0.0308213666627985 0.710271218993162 0.0449844714550914 0.701812821309865
1591949481.47642 4.98473465548302 -0.1294818490663 0.421213125158173 0.0307556725163496 0.71025034688607 0.0449493249225852 0.701839078097884
1591949481.50942 5.00657700728373 -0.130100472640575 0.420986390318493 0.0305766977149124 0.710172354542173 0.0449622760062272 0.70192498611833
1591949481.54242 5.02846875972265 -0.130664807609835 0.42080707105362 0.0304779181701386 0.710085831481795 0.0448599244299287 0.70202335831008
1591949481.57542 5.05033783681705 -0.131231366603318 0.420600625002366 0.0305341966172781 0.709988543872669 0.0447323161661724 0.702127445907731
1591949481.60842 5.0721337723196 -0.131798164652358 0.420218885629795 0.0307345724739069 0.709864026655899 0.0446439045327487 0.702250220009072
1591949481.64142 5.09396362720432 -0.132354343714057 0.419971246176251 0.0311069393641622 0.709766061757439 0.0444317014268262 0.702346296216508
1591949481.67442 5.11582198877022 -0.1328913260653 0.419737163213289 0.0316333253470147 0.709689064660586 0.0441604356019217 0.70241769635746
1591949481.70742 5.1377697536211 -0.133420577179374 0.419500114344308 0.0320584996432141 0.709600042603877 0.0439476204903821 0.702501700204659
1591949481.74042 5.15942184869349 -0.134050310188419 0.419316023541787 0.0325785755798953 0.70951997134507 0.0437880307413409 0.702568612335814
1591949481.77342 5.18140487688356 -0.134582620051068 0.419034242579317 0.0328113004716094 0.709411615208862 0.0436301171422224 0.702677018014871
1591949481.80642 5.20334870412332 -0.135166083588041 0.418874563599136 0.0328914764186155 0.709334116968577 0.0436126145172366 0.702752588852139
1591949481.83942 5.2255385910268 -0.135709621046871 0.418695398423344 0.032806173177606 0.709261224743091 0.0435616671906926 0.702833302589554
1591949481.87242 5.24772001467525 -0.13639782706505 0.418505260517042 0.0326707263381481 0.70922096700774 0.0436549013123988 0.702874450516271
1591949481.90542 5.26990701175339 -0.137006017940297 0.418291833034345 0.0324439183144694 0.709130659075483 0.0439681935731625 0.702956540959317
1591949481.93842 5.29212981036014 -0.137564238385333 0.418136193348912 0.0319444101795155 0.70904562244772 0.0442621116395114 0.703046744832248
1591949481.97142 5.31433549344137 -0.138185173684525 0.418034173480939 0.0314389873459479 0.708955473541821 0.0446670528664917 0.703134824196594
1591949482.00442 5.33672144539696 -0.138988664785389 0.417834877527255 0.0310305034596926 0.708858358658048 0.0450222829198686 0.703228219894751
1591949482.03742 5.3588902345016 -0.139586175813106 0.417686712954723 0.0305685676911861 0.708743311493758 0.0453919278437735 0.70334063864446
1591949482.07042 5.3813184082699 -0.140207665356747 0.417550513134286 0.0302608675771245 0.708649762082647 0.0456146733562702 0.703433789470117
1591949482.10342 5.40375506261475 -0.140806949997379 0.417348243238119 0.0301242083171834 0.708560267020764 0.045731798196725 0.703522197735381
1591949482.13642 5.4262158262019 -0.141413332857818 0.41726152635693 0.0300376051894841 0.708480917876909 0.0458377141699863 0.703598916456274
1591949482.16942 5.44860563165869 -0.141944313368582 0.417103727805288 0.0300653504820787 0.708406226647663 0.0457966161722363 0.703675608994928
1591949482.20242 5.47100738684254 -0.142486786361488 0.416955668580212 0.0302362258497398 0.708318350138869 0.0456472486817728 0.703766448611113
1591949482.23542 5.49333635713653 -0.143083891965973 0.416866029524074 0.0305412738862774 0.708284684376445 0.0454322219282854 0.703801072518238
1591949482.26842 5.51572806428993 -0.143589532499699 0.416713243188459 0.0308974423152645 0.708245379702735 0.0451486048848493 0.703843330340677
1591949482.30142 5.53809061377439 -0.144121417534883 0.41666110696226 0.0311254516130665 0.708211867691256 0.0449223434760491 0.703881481344527
1591949482.33442 5.56044527352851 -0.144635631553931 0.416505627369678 0.0316027501294225 0.708146796559418 0.0445699497443351 0.703948080675471
1591949482.36742 5.58290169510308 -0.145151657337225 0.416482087523148 0.0318252958328507 0.708126299104052 0.0440314796659879 0.70399255952089
1591949482.40042 5.60545415830437 -0.145701078728972 0.416379306194677 0.0318195864455716 0.708056972561875 0.0436960324486144 0.704083442692124
1591949482.43342 5.62792684801802 -0.146327068025055 0.416171199717007 0.0315325630495431 0.707978912964363 0.0434016468967309 0.704193051167062
1591949482.46642 5.65053882885335 -0.146930751075773 0.416148133972242 0.0314835469085984 0.707927287779311 0.0431174446511237 0.704264600457981
1591949482.49942 5.67328165717363 -0.147537165642305 0.416110080891953 0.0314022254551115 0.707881074927362 0.0429420306826818 0.704325397807715
1591949482.53242 5.69591430924595 -0.148229398660119 0.416025857899666 0.0313021868467116 0.707823843063963 0.0429661320561744 0.70438589692363
1591949482.56542 5.7185795943897 -0.148869966398734 0.416007452210299 0.031050372972675 0.707742319053421 0.0430369436997614 0.704474630938636
1591949482.59842 5.74146357971229 -0.149500851901842 0.415901680742216 0.0308818518304976 0.70764441020282 0.043163746593302 0.704572629979516
1591949482.63142 5.76475922622176 -0.150179826100781 0.415748361080754 0.0307547843424663 0.707500226612534 0.0435135233378941 0.704701458683025
1591949482.66442 5.78758185751004 -0.150784955292141 0.415650362157472 0.0305970072969208 0.707398676502057 0.0436379533856702 0.704802571399906
1591949482.69742 5.81036294000578 -0.151429223914203 0.4156307986815 0.030380676999179 0.707329259807743 0.0438758981688433 0.704866823055802
1591949482.73042 5.83266967130658 -0.152075250646011 0.415595560361052 0.0300185082933192 0.707301646378152 0.044123528211582 0.704894591019651
1591949482.76342 5.85562262806761 -0.152641138368257 0.415550570736256 0.0297986333183432 0.707255629754574 0.0442875925054075 0.704939802240514
1591949482.79642 5.87852664512873 -0.153289018666533 0.415528777536865 0.0295191188293158 0.707200426196458 0.0444589236845072 0.704996158085918
1591949482.82942 5.90145172357699 -0.153824272572904 0.415540361667126 0.0292675235193171 0.707149814985568 0.0445806895164321 0.705049724030272
1591949482.86242 5.92444680889891 -0.154372310383497 0.415494642224071 0.0290636989782017 0.707091503835153 0.0446672856353612 0.70511115449964
1591949482.89542 5.94743493539105 -0.15495768219582 0.415500258181775 0.0286664178694772 0.707011455957075 0.0448058084728423 0.705198891915667
1591949482.92842 5.97042589169214 -0.155515730352189 0.415531840440634 0.0284669757760351 0.706959483006631 0.0446172629739529 0.705271026288388
1591949482.96142 5.99347930397439 -0.156015625366568 0.415487906358871 0.0286602414178465 0.70689449873875 0.0444388284917407 0.705339598163214
1591949482.99442 6.01649909054774 -0.156609530910129 0.415402407445759 0.0290256881690607 0.70681513289454 0.0445481746428979 0.705397290520436
1591949483.02742 6.03953541169734 -0.157147161070132 0.41531223289005 0.0294906200100573 0.70675203946402 0.0444436010323844 0.705447818319786
1591949483.06042 6.06353543934404 -0.157704941101111 0.415125069984573 0.0300042569294243 0.706648355427802 0.0442684210226929 0.705541035828146
1591949483.09342 6.08655319576691 -0.15827158838689 0.415084329982887 0.030477861875047 0.70658116249042 0.0440020880721087 0.705604688897762
1591949483.12642 6.10959969887155 -0.158830395487818 0.415009106032732 0.0309566511599307 0.706515422284188 0.0437460885269441 0.705665589044946
1591949483.15942 6.13202119225274 -0.159503488715359 0.414958715253647 0.0314457397868788 0.706446912634129 0.0434786367956778 0.70572907919495
1591949483.19242 6.1551838471283 -0.160100699350571 0.414907629562882 0.0318067664222044 0.706416341147882 0.0431388301064948 0.705764354374777
1591949483.22542 6.17830351898199 -0.160741001078664 0.414973428650636 0.0320572528976324 0.706387564345768 0.0428448252030394 0.70579973252165
1591949483.25842 6.20183668410299 -0.16131270320684 0.414934607120903 0.0323014063217902 0.706332852039365 0.0427587776525257 0.705848573146701
1591949483.29142 6.22507757494917 -0.162004668500755 0.414993147259625 0.0322550656149862 0.706281254819467 0.0428021464128782 0.705899692658428
1591949483.32442 6.24841125462104 -0.162701286838158 0.415038066149308 0.0320192512984343 0.706202336506296 0.0428336895822152 0.705987466245761
1591949483.35742 6.27182076106792 -0.163392089235175 0.414978874276108 0.0317412234768001 0.706085481303405 0.0429469305942852 0.706110011950875
1591949483.39043 6.29552785991389 -0.164124601856181 0.415049037693977 0.0315967579458067 0.70599640096045 0.043118789513906 0.706195084030654
1591949483.42342 6.31893907104888 -0.164850163810925 0.415053721484266 0.0314959532585295 0.705898993071248 0.0432710248567326 0.706287643185963
1591949483.45643 6.34236787145798 -0.165588818212213 0.415080719613123 0.0314506255850932 0.705829526849586 0.0435261088733068 0.70634341153857
1591949483.48943 6.36597619031151 -0.166260240047041 0.415023160453754 0.0314548310161314 0.705738417112411 0.0437192663221568 0.706422328334593
1591949483.52243 6.38976318015895 -0.167013506487042 0.415079716664353 0.0313161775726503 0.705658957646869 0.0439499243158474 0.706493550336876
1591949483.55543 6.41313706679046 -0.167739369506125 0.415174228935477 0.0311786843044993 0.705595239074309 0.0439220597446628 0.706565001191323
1591949483.58843 6.43679940118275 -0.168354280423601 0.415192180172965 0.0312037976335822 0.705546394163233 0.0437393692264052 0.706623999221778
1591949483.62143 6.4603128082454 -0.169020683645969 0.415304526808744 0.0310657647547337 0.70549043531434 0.0436610276083792 0.706690794200948
1591949483.65443 6.48396152283679 -0.169658038250651 0.415520956301929 0.0307690095342196 0.705467529864339 0.0435914961616621 0.706730934530093
1591949483.68743 6.50757236105013 -0.170299597865498 0.415610323690939 0.0306623194308114 0.705413028925048 0.043768290082381 0.706779044378918
1591949483.72043 6.53122795217397 -0.170915040171738 0.415613371091173 0.0306897009151703 0.705336279400341 0.0439471591462075 0.70684335069547
1591949483.75343 6.55483175872168 -0.171582957693454 0.415705587526606 0.0308056268149209 0.705278098653338 0.0441429794080823 0.706884159028514
1591949483.78643 6.57852517619307 -0.172096646191362 0.415588944498447 0.0309324048194074 0.705173648381931 0.0442158514244346 0.706978267305734
1591949483.81943 6.60224536413174 -0.172767507049896 0.415718123356698 0.0306019698198508 0.7050994827898 0.0443775503694717 0.707056484190554
1591949483.85243 6.62594490928102 -0.173430003471651 0.415788612957796 0.0303981316853433 0.705025620937079 0.0443501058591243 0.707140647624368
1591949483.88543 6.64974665244263 -0.17406226257173 0.415887857299063 0.0304703700210793 0.704969014950668 0.0442132917641674 0.707202537708711
1591949483.91843 6.67353959097677 -0.174677428511686 0.415997858267444 0.030657187986337 0.704909924249001 0.0440766844295293 0.707261890256882
1591949483.95143 6.69732120376814 -0.175350493651559 0.416085536362486 0.0308621735352374 0.704858356136444 0.0441002760405466 0.707302898115411
1591949483.98443 6.72122822820248 -0.17593035892261 0.416290722382747 0.0308769667757647 0.704826466089612 0.0441835240382665 0.70732883570933
1591949484.01743 6.745127203134 -0.176527547414226 0.416392027297324 0.0310325006414806 0.704748917435534 0.0441790880934114 0.707399572697506
1591949484.05043 6.76887836599041 -0.177212003495106 0.416454866790854 0.0313430060821909 0.704656744482061 0.0440186176968987 0.707487702876685
1591949484.08343 6.79279303115765 -0.177865585896037 0.416496950781487 0.0314722350696408 0.70456170934554 0.0438352963597783 0.707587989536893
1591949484.11643 6.81661422460639 -0.178556297233853 0.416678175805348 0.0315775653129108 0.704491245467782 0.0437504503436388 0.70765870341775
1591949484.14943 6.84067409729874 -0.179249047117849 0.416795306209754 0.0314432756688644 0.704406150692042 0.0439797320962043 0.707735175363764
1591949484.18243 6.8653509469714 -0.179929861666641 0.416868686514015 0.0313269326675926 0.704311085724127 0.0441128720217784 0.707826654158863
1591949484.21543 6.88939912344209 -0.180571588485596 0.416939696399329 0.0315936478886194 0.704240296644522 0.0440936791410724 0.707886426946392
1591949484.24843 6.9135090925508 -0.181337398686954 0.417068192230837 0.0318299012205431 0.704202039266771 0.0441241091333591 0.70791200602476
1591949484.28143 6.93766944397697 -0.181998916488602 0.417255678374135 0.031734384667094 0.704144414701696 0.0441579369912907 0.707971502727956
1591949484.31443 6.96188084781335 -0.182622014175563 0.41749580375789 0.0315589976020606 0.704123226977185 0.0441292209145088 0.708002205337714
1591949484.34743 6.98586959730915 -0.183363988003311 0.41761072099922 0.0313718753846482 0.704041265205711 0.0442205236020626 0.708086327798208
1591949484.38043 7.01006757055424 -0.184067484299802 0.417798060831028 0.0314771585387622 0.70397946914855 0.0442132577505084 0.708143547133446
1591949484.41343 7.03456489022059 -0.184755655424136 0.417914144779101 0.0317900334120469 0.703922818661606 0.0440963104411987 0.708193176011061
1591949484.44643 7.05875538127744 -0.185450229854993 0.418108561856574 0.0318892745547111 0.703859547308913 0.0442181763932337 0.708244000826638
1591949484.47943 7.08305695238192 -0.186100958522512 0.418184855998769 0.0318949252378859 0.703776805717192 0.0444675721447323 0.708310353239404
1591949484.51243 7.1074369711371 -0.18678061614259 0.418328179113097 0.0317750081878907 0.703687293813628 0.0445252176242842 0.708401049106665
1591949484.54543 7.13169824577298 -0.187459449604755 0.418482597683413 0.0315812594610611 0.703605631692401 0.0444994859008688 0.708492438107951
1591949484.57843 7.15607046300555 -0.188096210811168 0.418673225682832 0.0314104778746464 0.703533044639838 0.0443006037353918 0.708584570455895
1591949484.61143 7.18041965945493 -0.188761551886421 0.418844343649366 0.0311432431273354 0.703434662729971 0.0444260426570302 0.708686179074575
1591949484.64443 7.20467239130236 -0.189429909195395 0.419080275639032 0.0307849567847869 0.703386351007079 0.0447200124651936 0.708731294735754
1591949484.67743 7.22913659360459 -0.19009920409712 0.419316040174931 0.030568771413607 0.703306153511268 0.0450306040936596 0.708800570924154
1591949484.71043 7.2536439092523 -0.190725564090241 0.419534439335873 0.0303736862911724 0.703231204885489 0.0452278481172394 0.70887075931447
1591949484.74343 7.27818969033247 -0.191419951192561 0.419738057361615 0.0303281650064238 0.703142554731359 0.0451258086403925 0.70896714418071
1591949484.77643 7.30263351717375 -0.192074104188118 0.420004959295996 0.0301482278986388 0.703054768957351 0.0450555859118461 0.709066337079288
1591949484.80943 7.32710400728956 -0.192779422755121 0.420236620084165 0.0299190482727373 0.70296456234094 0.0451332806224984 0.709160533041367
1591949484.84243 7.35179212716009 -0.19345171691526 0.420579327930939 0.0300701506219331 0.702942512327343 0.0449053142697937 0.709190470293298
1591949484.87543 7.37615678056518 -0.194097553637855 0.420909444315679 0.030210922043757 0.702934957037522 0.0445742153127571 0.70921286345721
1591949484.90843 7.40068570338336 -0.194732119044447 0.421181530162003 0.0304175275237056 0.702927492198164 0.0442447817003819 0.70923205935972
1591949484.94143 7.42534209248605 -0.195340119295398 0.421359926880803 0.0305548266081942 0.702924864503169 0.0441429453607426 0.709235107569432
1591949484.97443 7.44989391101823 -0.195890807139054 0.421617048555301 0.0305394349651232 0.702962726304429 0.0440950700388993 0.709201221894689
1591949485.00743 7.47455386696017 -0.196485656334015 0.421896560352523 0.0304954739668714 0.703036076789885 0.0439669196663321 0.709138357991215
1591949485.04043 7.49905681788972 -0.197077218515909 0.422221450343804 0.0302865002055592 0.703163292708693 0.0438839219395297 0.709026313395754
1591949485.07343 7.5237796194554 -0.197699622827653 0.422521597915346 0.0300118417000308 0.703284138088082 0.043887328966073 0.708917916847712
1591949485.10643 7.54851212686523 -0.198382923018599 0.422693332628089 0.0299112248873689 0.703376171963614 0.0440592497127818 0.708820190072417
1591949485.13943 7.57349274897288 -0.199114122557938 0.42291500538462 0.0296518401107618 0.703501106796633 0.0444118085333251 0.70868508688751
1591949485.17243 7.59818252870932 -0.19975390586652 0.423049825094668 0.02968819806813 0.70363474464696 0.0446033869936581 0.708538845011174
1591949485.20543 7.62257589305382 -0.200437591840737 0.423025891696833 0.0296775531983171 0.70371197054235 0.0448341641883667 0.70844802425661
1591949485.23843 7.64731317668261 -0.201087914123459 0.42314292134596 0.0298264429176977 0.703863524490434 0.0449100373658188 0.708286390338387
1591949485.27143 7.67237273591867 -0.20183429658629 0.423284624701944 0.0300089143750248 0.704059604449355 0.0448439016640293 0.708087962702514
1591949485.30443 7.69709436563915 -0.20247379787981 0.423340952668061 0.0303118468665957 0.70421347142448 0.0447257427148873 0.707929506760681
1591949485.33743 7.72179170193609 -0.203092215391514 0.423323115088939 0.0306006421250707 0.70436221745081 0.0446408591073893 0.707774442197135
1591949485.37043 7.74645376292986 -0.203714353599815 0.423353290182662 0.0309945247733092 0.704548095669409 0.0446052932775308 0.707574510658991
1591949485.40343 7.77114555791556 -0.204457813978449 0.423341056585078 0.0313737921273323 0.704727170780848 0.0445657914748365 0.707381926657018
1591949485.43643 7.79584217465305 -0.205064094832795 0.423398887126134 0.031563703615034 0.704915914971127 0.0444823522511781 0.707190643159766
1591949485.46943 7.8204663501446 -0.205801249149231 0.423432379584676 0.0317133283003537 0.705067689035657 0.0444327622177474 0.707035747560004
1591949485.50243 7.84519116607044 -0.206479348634735 0.423446283174316 0.0317101665678086 0.70523409038882 0.0444365748428112 0.706869672504016
1591949485.53543 7.86977807551758 -0.207253325027859 0.423446585494055 0.0315238411168502 0.705381392500125 0.0445904081324 0.706721327015401
1591949485.56843 7.89445387452654 -0.207981217516803 0.423466146053754 0.031371720584302 0.70556147207978 0.0448303107544532 0.706533132628509
1591949485.60143 7.91908798341298 -0.208691197034072 0.423393848555732 0.0313076122005023 0.705660886908515 0.0450615453099022 0.706421972506571
1591949485.63443 7.94373137385336 -0.209427420813276 0.423336044797933 0.031190165290437 0.705823928619738 0.0453181629923774 0.706247845646237
1591949485.66743 7.96827855830375 -0.210160473930888 0.423360374175569 0.0310174655774114 0.70603629594721 0.0456755643825319 0.706020119014066
1591949485.70043 7.99284325048827 -0.210888841817941 0.423291246893541 0.030760226346604 0.706180213291728 0.0459848665592825 0.705867343682848
1591949485.73343 8.0173752838885 -0.2115691743175 0.423185838897803 0.0305477760332 0.706322218425171 0.0462154468023243 0.705719412808824
1591949485.76643 8.04186638146253 -0.212288543085695 0.423120791500025 0.0304360500065281 0.70647024681816 0.0463079549298107 0.705569989817387
1591949485.79943 8.06633961771287 -0.212858432514808 0.423116008313475 0.0301764805611745 0.70665034416853 0.0463656659887104 0.705396977683391
1591949485.83243 8.09075818875829 -0.213505554219729 0.423105449163383 0.0301352497308606 0.706817049304731 0.0463616596036785 0.705231963296194
1591949485.86543 8.11521940727709 -0.214114516751154 0.422987653991038 0.0299161507178956 0.706962440557505 0.0464922239615526 0.705086948310852
1591949485.89843 8.13961558634484 -0.214749472164359 0.422739949653845 0.0304268163482091 0.707086278652088 0.0465392766369907 0.704937798049558
1591949485.93143 8.16385944806967 -0.215375607793663 0.422482181284016 0.0312620218807441 0.707263044261903 0.0470431497429857 0.704690438612283
1591949485.96443 8.18815567398407 -0.21606919344909 0.422115638546346 0.0324101569029374 0.70740082682163 0.0476685810252725 0.704458201971301
1591949485.99743 8.21231103468084 -0.216754178046327 0.42170553030367 0.0335524887096745 0.707523502729427 0.0481734658992467 0.704247144665936
1591949486.03043 8.23704069587797 -0.217404880774363 0.421341330697427 0.0343272385126738 0.7076369184982 0.0481617712173567 0.704096638301642
1591949486.06343 8.26120060389449 -0.218001189999151 0.421170665431045 0.0343161065003322 0.707802173716002 0.0476978376575569 0.703962643895508
1591949486.09643 8.28540300846967 -0.218652929330151 0.421041215326548 0.0342367397089567 0.707984144409296 0.0470158615681652 0.703829386769366
1591949486.12943 8.30905960765904 -0.219361331911673 0.421048845209485 0.0338208489820731 0.70825731619221 0.0464387107628941 0.703612940740163
1591949486.16243 8.33333439383828 -0.219954354959556 0.421126118691685 0.0330202411074119 0.708490564109476 0.0457242028695012 0.703462921209777
1591949486.19543 8.35737615600167 -0.220707999304515 0.421112009091618 0.0324754606993938 0.708656452650778 0.0456487809274481 0.70332607328935
1591949486.22843 8.38169403515242 -0.221377254218195 0.420986063656613 0.0321223624789682 0.708759222451515 0.0459521903336444 0.703218966341377
1591949486.26143 8.40587984911069 -0.222136297129275 0.420708168893142 0.0319111784590875 0.708735928345481 0.0467505624761066 0.703199435060773
1591949486.29443 8.42986062697235 -0.222990762928452 0.420446524215183 0.0316015342630249 0.708735337464505 0.0476358165910413 0.703154601377963
1591949486.32743 8.4541061559764 -0.223648624490075 0.420146435548475 0.0311653360964379 0.708777709578064 0.0482844008870964 0.703087118970504
1591949486.36043 8.47832583098633 -0.224220721876119 0.419845453259949 0.0308570254750354 0.708893071041303 0.0484547824904294 0.70297268215932
1591949486.39343 8.50236620777536 -0.224904429376482 0.419644656316515 0.0305982096924486 0.709055969361548 0.0486913624387939 0.702803338851081
1591949486.42643 8.52630672295299 -0.225509317179901 0.419477742925859 0.0302220514015972 0.709285017112443 0.0485621825109233 0.702597400036932
1591949486.45943 8.55027515068161 -0.226041551542516 0.419494209609667 0.0298967639877381 0.709562865060707 0.0483151367125541 0.702347756879987
1591949486.49243 8.57417811027476 -0.226577564790274 0.419376815264022 0.0298363858552162 0.709821920217531 0.0479555890735031 0.702113162627229
1591949486.52543 8.59800567305922 -0.22711207409729 0.419181491707408 0.0296706883571921 0.710061533822334 0.0477870023093458 0.701889357982133
1591949486.55843 8.62164280251416 -0.227723393165999 0.418845306545732 0.0298484230833456 0.710228220550396 0.0475154916004397 0.70173159001945
1591949486.59143 8.64542445087869 -0.228267851433207 0.418588252542418 0.0300823930630768 0.710407864849321 0.0475077575058755 0.701540254129861
1591949486.62443 8.66917716919541 -0.22882723374703 0.418202822459719 0.0302928138576621 0.710504461318294 0.0477402644019364 0.701417581067241
1591949486.65743 8.6929240937259 -0.22927772489808 0.417939074952034 0.030671063558506 0.710621122385702 0.0480306836417912 0.701263117316445
1591949486.69043 8.71668884816583 -0.229854622445873 0.417529764170934 0.031036325884626 0.710736880071476 0.0482141475820739 0.701117129839787
1591949486.72343 8.74026590101091 -0.230454619597603 0.417142958705549 0.0311839352540412 0.71084597034483 0.0481674996041299 0.701003181596543
1591949486.75643 8.76385657220284 -0.230979747211812 0.416710942338147 0.0312693281278739 0.71095582014582 0.0479579280341432 0.700902338459423
1591949486.78943 8.78741593687871 -0.231582283621032 0.41636410188795 0.0312433266025896 0.711082791145188 0.0478314182053847 0.70078332893444
1591949486.82243 8.81092622670644 -0.232215010117073 0.41593022964658 0.0314324944617838 0.711210831000826 0.0476451428645967 0.700657614331306
1591949486.85543 8.83438162265924 -0.232869050927145 0.415398654789957 0.031448419782058 0.711340095961017 0.0476699865337278 0.700523973290891
1591949486.88843 8.85787075798333 -0.23349782590154 0.415017566199784 0.031490349085602 0.711473831379577 0.0477525272750767 0.700380640305952
1591949486.92143 8.88124487712956 -0.234137081261318 0.41455457636991 0.0314408529464893 0.711579325738314 0.0478698789122054 0.700267670709376
1591949486.95443 8.90439286603752 -0.234731815947625 0.414065301131004 0.0315158753965002 0.711652599593312 0.0477652302422013 0.700196979335089
1591949486.98743 8.92760369039466 -0.235342004391244 0.413658091701816 0.0315243009242362 0.711753377991986 0.0475953547638491 0.700105727424894
1591949487.02043 8.95076962416915 -0.235957237166605 0.41327004695763 0.0313410135429518 0.71187722527716 0.0474863379132566 0.699995431923224
1591949487.05343 8.97389688222039 -0.236696010447251 0.412850606549519 0.0310185799807326 0.712032411010182 0.0475810320781614 0.699845510633157
1591949487.08643 8.99685870241301 -0.237381196555809 0.412498916519401 0.0307141083095506 0.712223531846159 0.0475571927540102 0.699666061526991
1591949487.11943 9.01985768527219 -0.238042957145801 0.412143656101766 0.0302726594143426 0.712384440675592 0.047628468606606 0.699516621499087
1591949487.15243 9.04269056350581 -0.238710609212746 0.411750670912692 0.0301131249605538 0.712581575165686 0.047374689765381 0.69933992965448
1591949487.18543 9.06552385846238 -0.239347610333663 0.411398125619664 0.0298408773821065 0.712737366161546 0.0470663064239882 0.699213652408026
1591949487.21843 9.08823205303287 -0.239968424694471 0.411011412964972 0.0295799426381763 0.712860919280708 0.0468532117017942 0.699113090500394
1591949487.25143 9.11093312093554 -0.240562656309422 0.41059256476041 0.0294390613536961 0.712969412386305 0.0465843945780444 0.699026360625933
1591949487.28443 9.13348879337468 -0.241167275912378 0.410150370079203 0.0293419491240922 0.713076293193947 0.04646936754783 0.698929072214115
1591949487.31743 9.15592192208407 -0.24177732458852 0.40975652846493 0.0296093749792657 0.713213143289973 0.0462737855060363 0.698791123245505
1591949487.35043 9.17829858339845 -0.24234920245234 0.409275521548995 0.0297494027536481 0.713323556837924 0.0462790422876137 0.698672116618973
1591949487.38343 9.20068987133248 -0.242939473299036 0.408783606354502 0.0297825207631888 0.71340412713873 0.0462107411767381 0.698592957478325
1591949487.41643 9.22294922874763 -0.243515889442573 0.408321079003233 0.0296908079852261 0.713517638515521 0.0462172380027676 0.698480495332414
1591949487.44943 9.24511146129354 -0.244149477863865 0.407843689928129 0.0295359678261086 0.713595984563846 0.0463208208439583 0.698400156769221
1591949487.48243 9.26724079966458 -0.244747247984393 0.407386352990536 0.0295291532861867 0.713720431849153 0.0463541541883071 0.69827105529067
1591949487.51543 9.28935804256147 -0.245307610952401 0.406866134513478 0.0293786677360123 0.71384197317807 0.0465502085765852 0.698140107208269
1591949487.54843 9.31131526620639 -0.245887023144419 0.406377118272536 0.0292370155331299 0.713957643043182 0.0467319761919477 0.698015618209317
1591949487.58143 9.33331539248747 -0.246484064311136 0.405881208793327 0.0291122785369701 0.714107181530092 0.0468996664854694 0.697856596880108
1591949487.61443 9.35530124260479 -0.247054665934869 0.405390531415735 0.0287756559324436 0.714241112906671 0.0471970560486429 0.697713431259453
1591949487.64743 9.37707863928619 -0.247603281802353 0.404716231413335 0.0285248512914814 0.71433895764875 0.047282315166695 0.697617781536977
1591949487.68043 9.39885411393351 -0.248184241830296 0.404193477867335 0.0281965478721089 0.7144721299295 0.0473603775784035 0.697489444276923
1591949487.71344 9.42052380417637 -0.248692874229428 0.40367459831208 0.0279692636618086 0.714589022023618 0.0472743383918178 0.697384676361018
1591949487.74644 9.44211833312875 -0.249313596126885 0.403245505752626 0.0278901504925077 0.714787800075359 0.0471600435507719 0.697191846381771
1591949487.77944 9.46362206194595 -0.249817921341496 0.402718813275488 0.0278510741703611 0.71490688813023 0.0471912117935282 0.697069184874046
1591949487.81244 9.48504387357095 -0.250335053670654 0.402133478274078 0.0279018277129863 0.715003761185947 0.0471669612205233 0.696969430656357
1591949487.84544 9.50653832802622 -0.250887465938662 0.401530413015823 0.0280041239940166 0.715095615971468 0.0472003029677392 0.696868825861416
1591949487.87844 9.52784324267655 -0.251368291621919 0.400995153429413 0.0279981689698295 0.715218503356891 0.0472002127456319 0.696742947511515
1591949487.91144 9.54907976767952 -0.251845869639246 0.400457283550662 0.0279310946500317 0.715327510979863 0.0471830501946218 0.696634886982655
1591949487.94444 9.57025963594469 -0.252366357031755 0.399841550037712 0.0279273995513346 0.715448292007466 0.0470620277002008 0.696519179467907
1591949487.97744 9.59135065927629 -0.252818777118703 0.399208609359669 0.0279712805205973 0.715543610656883 0.0469906367261208 0.696424316616115
1591949488.01044 9.61235762939245 -0.253340318222706 0.398645959649349 0.0279565850729477 0.715655008142077 0.0469488616366084 0.696313250673323
1591949488.04344 9.63347501801771 -0.253895315708178 0.398170318953294 0.0279749613347321 0.715814418157906 0.0470032192392956 0.696144968865481
1591949488.07644 9.65441981331299 -0.254379146795664 0.397524317316084 0.0280578623650703 0.715914185038556 0.0470382643724303 0.696036664052199
1591949488.10944 9.67522052965305 -0.25492830678772 0.39696241735777 0.0281934055057873 0.716054157024287 0.0470096397335302 0.695889121819237
1591949488.14244 9.69615957832195 -0.255405468293337 0.39634611351198 0.0283742959572428 0.716194737339782 0.046910007776015 0.695743809678667
1591949488.17544 9.71693802618706 -0.255886833732659 0.395702073405803 0.0285814252282128 0.716330057269161 0.0468139058628038 0.695602479439624
1591949488.20844 9.73773013508704 -0.256354859435668 0.395073849335801 0.02871168357565 0.716485407722587 0.046780489425786 0.6954393471439
1591949488.24144 9.75843138335104 -0.256860008426773 0.394440434450415 0.028701868995558 0.716622247280277 0.0467632147252826 0.695299905916637
1591949488.27444 9.77909244536221 -0.257345319335307 0.393810836326111 0.0288865934965775 0.716767758767224 0.0463239481664955 0.695171659760553
1591949488.30744 9.79973665504659 -0.257850678377396 0.393214087854028 0.0289122967711941 0.716924014055384 0.0460235628669374 0.695029401412029
1591949488.34044 9.8204034351331 -0.258355872256357 0.39261792225196 0.0291220165506555 0.717091645230459 0.0454623879017586 0.694884631992223
1591949488.37344 9.84097019728193 -0.258925942476512 0.391947425046359 0.0294761307842955 0.717234578156121 0.0449140766197114 0.694757830709807
1591949488.40644 9.86148107455739 -0.259500241819259 0.391284220127333 0.029760912409181 0.717384515050518 0.0446155742612271 0.694610103721251
1591949488.43944 9.88209892603122 -0.260049480744571 0.390563900982073 0.0300064040073092 0.717497903575728 0.0442790726147389 0.694503950896872
1591949488.47244 9.90265797497116 -0.260626075423152 0.389856473990242 0.0303658539094084 0.717634121706029 0.0438937810506417 0.694372031597362
1591949488.50544 9.92315761602712 -0.261130690992565 0.389149265403638 0.0306011087886596 0.717762355109026 0.0436527659808061 0.694244344414468
1591949488.53844 9.94378202502001 -0.261729935831172 0.388386303249819 0.0307603839761907 0.717861563728363 0.0435152693725395 0.694143353660137
1591949488.57144 9.96429657675557 -0.262184946161499 0.38765868464818 0.0307958569409315 0.717939776990244 0.0435128271985986 0.694061038871695
1591949488.60444 9.98486200828999 -0.262675074036669 0.386932956759433 0.0307515368189402 0.718066250492622 0.0435144429015275 0.693932054415783
1591949488.63744 10.0050458438923 -0.263140473564322 0.386252071965128 0.0305300437986208 0.71820520677447 0.0435716700294384 0.693794427016058
1591949488.67044 10.0255718380366 -0.263687228806142 0.385559151197629 0.0302016876888548 0.718351569030324 0.0437194438027568 0.69364795939006
1591949488.70344 10.0461469955029 -0.264188416942876 0.384860873255556 0.0296407174608966 0.718483276503957 0.0440191093560538 0.693516782251188
1591949488.73644 10.0664198184155 -0.264939100160782 0.384378489321426 0.0287924921492439 0.718631845598272 0.0444794286339959 0.693369196976798
1591949488.76944 10.0868701884665 -0.265538699185859 0.383714581679051 0.028009130452045 0.718760060751342 0.0448227139674675 0.693246267925503
1591949488.80244 10.1073290403113 -0.266170951990858 0.383047013259473 0.0273161731593573 0.718872226341871 0.0450881244569055 0.693140396969595
1591949488.83544 10.1275980652757 -0.266627718623813 0.382243027862218 0.0267956340811719 0.718956431419266 0.0452151140102434 0.693065103132529
1591949488.86844 10.1478630443754 -0.26718672063575 0.381532251416013 0.0265242498008852 0.719049109688531 0.0452825474307937 0.692974987230282
1591949488.90144 10.1680760671759 -0.267676136796347 0.380811320795469 0.026486715945806 0.719171177195902 0.0453171351038372 0.692847478912241
1591949488.93444 10.1882416880825 -0.268059121966479 0.37998367968094 0.0265948274468536 0.719260617722221 0.0453016442061502 0.692751499442001
1591949488.96744 10.2083581271983 -0.268458314879696 0.379170958996541 0.0270855969738575 0.719393659703093 0.0450940641393304 0.692607867552021
1591949489.00044 10.2284124308506 -0.268861829149711 0.378380031142768 0.0274582874164087 0.719522913604243 0.0449249830476762 0.69246990198043
1591949489.03344 10.2484608031454 -0.269209530329402 0.377504687631356 0.0277580443573686 0.719635842955399 0.0448439890708974 0.692345839267874
1591949489.06644 10.2685937479663 -0.269520228207867 0.37667968197975 0.0278272632559834 0.719784776208429 0.0447997818778359 0.692191085540664
1591949489.09944 10.2886128579102 -0.269927019890608 0.375868205720401 0.0279010410575649 0.719905980593349 0.0447982813780344 0.692062154000208
1591949489.13244 10.3085871730658 -0.270353387131246 0.3750705062298 0.0279045001153969 0.72004799924412 0.0447238081679296 0.69191906942995
1591949489.16544 10.3286754684945 -0.270739147747872 0.374307489049223 0.0278009592064695 0.720200348370915 0.044554936367346 0.691775557907993
1591949489.19844 10.3491502556078 -0.271081591487221 0.373597931406271 0.0275214652145167 0.720361116388359 0.0446202082477388 0.691615115482659
1591949489.23144 10.3691526572486 -0.271585209261315 0.372741598524143 0.0272629308009237 0.720482122078852 0.044794467384212 0.691488033201344
1591949489.26444 10.3893389067867 -0.272033898363928 0.372013467856362 0.0270238119876974 0.720618354494195 0.0449802148532578 0.691343388645243
1591949489.29744 10.409477394322 -0.272520996712537 0.37114845569636 0.0269350822113529 0.720724294715925 0.045098843353488 0.691228679006216
1591949489.33044 10.4297960536551 -0.27297051132983 0.370326188429628 0.0267530604042091 0.720844798951499 0.0451866958469857 0.691104342412934
1591949489.36344 10.449896706387 -0.273439706048969 0.369494616736736 0.0267268723787226 0.720944492431126 0.045245750885597 0.690997492870182
1591949489.39644 10.4699638230513 -0.273878952399896 0.368628723217898 0.0268809533085255 0.721032263516414 0.045102459209597 0.690909297586063
1591949489.42944 10.4899395854406 -0.27434582018399 0.367715751301034 0.0271170915498556 0.721110977502486 0.0450046607666418 0.690824291683902
1591949489.46244 10.5099322035556 -0.274748509877804 0.366774180312536 0.0275520458526624 0.721203502548921 0.0449361645397453 0.690714943950801
1591949489.49544 10.5302248050545 -0.275185645794692 0.365667236801601 0.028198290686769 0.721306985587936 0.0447622161134808 0.690592088684051
1591949489.52844 10.5501496967752 -0.275590174835469 0.364738005625913 0.0286777588372069 0.721425939987774 0.0447332332706141 0.690449952641021
1591949489.56144 10.570205335685 -0.275952991943951 0.363721375901752 0.0292446124245737 0.721554305045526 0.0446281930637878 0.690298820727854
1591949489.59444 10.5902485792246 -0.276373172768556 0.362786745448301 0.0295006345826804 0.721689197111347 0.0445727639110886 0.690150479279211
1591949489.62744 10.6102604211983 -0.276789768015609 0.361850097573516 0.0296594188258081 0.721826064715256 0.0444995225233058 0.690005249014673
1591949489.66044 10.6301421667868 -0.27719254825173 0.361157309700094 0.0296300149546299 0.721988453924623 0.0443372924535144 0.689847040372874
1591949489.69344 10.650263859088 -0.277627947301055 0.360295975239458 0.0294699624262057 0.722124619004403 0.0441678381942525 0.689722232504934
1591949489.72644 10.670364925612 -0.278099935343355 0.359520883848778 0.029258229604489 0.722283104084298 0.0438141253298097 0.689587845003337
1591949489.75944 10.6904383707755 -0.278579561516643 0.358575353813786 0.0289202303539423 0.722407186018952 0.0437406132950453 0.689476784680259
1591949489.79244 10.7106511890397 -0.279012389671922 0.357669131073454 0.0285968159007623 0.722525497868716 0.0440092985212822 0.689349192132382
1591949489.82544 10.7307892027448 -0.279494340022441 0.356834070923711 0.0283114715280309 0.722665843149818 0.0442300087286735 0.68919971419926
1591949489.85844 10.7511307050934 -0.279881582006486 0.35594604476485 0.0275572188480902 0.722747923863589 0.0453444647196251 0.689071779831043
1591949489.89144 10.7713293806921 -0.280342400424066 0.354884676547886 0.0274007917466786 0.722793340100553 0.0456550254725791 0.689009871313205
1591949489.92444 10.7916191267606 -0.280675111559117 0.353981153040882 0.0267638640310572 0.722752147505578 0.0460906338940239 0.689049114595941
1591949489.95744 10.811956350725 -0.281093437629358 0.352785542544314 0.0263784502826562 0.722697992127476 0.046535716170447 0.689090862409381
1591949489.99044 10.8322617086551 -0.28147890142282 0.351829908598385 0.0259033313798691 0.722556322322696 0.0469950571252398 0.68922626408221
1591949490.02344 10.8524830062631 -0.281898993832714 0.350809612183441 0.0258650859162303 0.722431057134208 0.0471710392150595 0.689346979450747
1591949490.05644 10.8727798385715 -0.282210696133288 0.349990704772409 0.0256745899749399 0.722322807040947 0.047394473323939 0.68945220411313
1591949490.08944 10.8929719326329 -0.282532908080804 0.349084988329708 0.0254945235182485 0.722167788494361 0.0477439746508891 0.689597148642798
1591949490.12244 10.913323676463 -0.28301713957155 0.348138309342392 0.0254106975671975 0.722031124300336 0.0479409746305469 0.689729668016546
1591949490.15544 10.9334988844063 -0.283272802039221 0.347355901622646 0.0255543015945233 0.721865097291459 0.0474829751990204 0.689929797913279
1591949490.18844 10.9536840206085 -0.283589387086932 0.346489096477081 0.0253513399787424 0.721666769476207 0.0474422883087285 0.690147529644995
1591949490.22144 10.9739421514045 -0.283713619837606 0.345715820120749 0.0255180203992965 0.7214631016568 0.0465005554273855 0.690418367316221
1591949490.25444 10.9939743727863 -0.283934005903999 0.345081530342764 0.0252522229753594 0.721343278815354 0.0459989643972885 0.690586920392425
1591949490.28744 11.0142813446039 -0.284210493032491 0.344415899339361 0.0250113725800881 0.721163343440988 0.0455483980896275 0.69081343845509
1591949490.32044 11.0347385528086 -0.28449562487274 0.34370592968267 0.0247556033505818 0.721079783067268 0.0452153795123542 0.690931744827204
1591949490.35344 11.0551106530954 -0.284831593540637 0.343023767473571 0.0245505775258051 0.720935643385774 0.0448641198057952 0.69111234831476
1591949490.38644 11.0755987302271 -0.285168003962883 0.342334470539837 0.0242897091636882 0.720813765202924 0.044664895867035 0.691261580734757
1591949490.41944 11.0960266192008 -0.285537338889104 0.341628767086082 0.0240170579170565 0.720673520877033 0.0444568412422532 0.691430724297431
1591949490.45244 11.1166004573989 -0.285897229135179 0.340984276924329 0.0235609515824783 0.720478539128353 0.0445627973435671 0.691642764227978
1591949490.48544 11.1370722963194 -0.286182197262515 0.340281632246453 0.0231732441080751 0.720259256982917 0.044656638086389 0.691878159911661
1591949490.51844 11.1577983577373 -0.286618149945971 0.33964360435551 0.0229226279492818 0.720069133104864 0.0446497818179086 0.692084816811583
1591949490.55144 11.1783897974884 -0.286962757057547 0.33885817682783 0.0227326453107379 0.719813474119997 0.0447407005643199 0.692351109644154
1591949490.58444 11.1989849707048 -0.287198154146276 0.338263327474422 0.0226835628799467 0.719630680462252 0.0446784629383971 0.692546731031177
1591949490.61744 11.2195812520713 -0.287470984808077 0.337465894258966 0.0226073908252667 0.719381402760023 0.0447934218485894 0.692800730803735
1591949490.65044 11.2404619617285 -0.287878372277539 0.33666365679532 0.0226141846444482 0.719151352088163 0.044827159318129 0.693037125434201
1591949490.68344 11.2611267866443 -0.288190575641785 0.336004795046631 0.0227002554318971 0.718953473224185 0.0446553324697329 0.693250678343862
1591949490.71644 11.281750199232 -0.288541013166437 0.335458404570331 0.0226471056251017 0.718751383296673 0.0444018113313099 0.693478216504616
1591949490.74944 11.3024706321878 -0.288855109152536 0.334790931187748 0.0224358266540121 0.718509187560029 0.0440296607939152 0.69375973509894
1591949490.78244 11.3232451190745 -0.289177757045 0.334117076678876 0.0222472730848133 0.71826109483611 0.0434962240912931 0.694056292367501
1591949490.81544 11.3439854041541 -0.28944255030537 0.333691057535317 0.0221547831746639 0.718017338003731 0.0429000674116911 0.694348509125347
1591949490.84844 11.3646726841079 -0.289820124884141 0.333158044632083 0.0221682518942726 0.717745504376158 0.0423052951416802 0.694665546546496
1591949490.88144 11.3855489525034 -0.290100763691414 0.332647535467045 0.0221850518707378 0.71747588364078 0.0417237845253088 0.694978636845954
1591949490.91444 11.4065741435004 -0.290349249051295 0.332254310300705 0.022179448719057 0.717244720692405 0.0410932936259786 0.695254934475378
1591949490.94744 11.4273965426767 -0.290694790755656 0.331903859157142 0.0219933969530614 0.716980505447122 0.040626720950377 0.695560719739172
1591949490.98044 11.4482639708546 -0.291074058755469 0.331498581883002 0.0217274195014015 0.716704734272475 0.0401496706720535 0.695880914422975
1591949491.01344 11.4692983298048 -0.291386086735857 0.331087807276555 0.0212310146620439 0.716387685181477 0.0399351769492762 0.696234953287161
1591949491.04644 11.4897897477168 -0.29191540819987 0.330661383800978 0.0205759522592314 0.716067034326372 0.0397398541273545 0.696595561666593
1591949491.07944 11.5106942384497 -0.292335557806425 0.330379519646619 0.0198231068449796 0.715768767388787 0.039592845882438 0.696932222400915
1591949491.11244 11.5318266118934 -0.292641153175933 0.330039816848721 0.0191942624892689 0.715448814244053 0.0394354071828501 0.697287188427117
1591949491.14544 11.553116616998 -0.292929583883766 0.329759191388224 0.0185988221057425 0.715187922081698 0.0393888310227501 0.697573537281485
1591949491.17844 11.5742079980643 -0.293322283501389 0.329447915297234 0.0179961115091083 0.714885834142637 0.0394694577463396 0.697894365945125
1591949491.21144 11.5953533501154 -0.293651721717831 0.329168668218607 0.0174525206166653 0.714607857010224 0.0396794468872608 0.69818089469571
1591949491.24444 11.6166099254364 -0.293988268970919 0.328835456017539 0.0168686372308596 0.714324470182205 0.0397577811986112 0.698480722147039
1591949491.27744 11.6379254669325 -0.294325831725335 0.328516447975087 0.0161219627778703 0.714015966674242 0.0398669562165553 0.698807489550923
1591949491.31044 11.659110414094 -0.294569580820231 0.328339001332518 0.015384492727167 0.713723197737908 0.039795810956876 0.699127175715969
1591949491.37644 11.7015749756696 -0.295092056951005 0.328011805677376 0.0138922571735285 0.713117832630956 0.0393367992665165 0.69980181351424
1591949491.40944 11.7227771044766 -0.295288439485346 0.327922422154208 0.0132880081239608 0.712851181532731 0.0389178686703854 0.700108578240291
1591949491.44244 11.7441017346667 -0.295492178177251 0.327859658634468 0.0127566342857539 0.71260012147157 0.0386414081963744 0.700389303696883
1591949491.47544 11.7655027750951 -0.295744500412475 0.327753166269808 0.0123800791088552 0.712336945089229 0.0384857851267604 0.700672287624807
1591949491.50844 11.7867955673319 -0.295933885314958 0.327592110110814 0.0121556160041915 0.712075957986754 0.0384179786803822 0.700945169018889
1591949491.54144 11.8081464057169 -0.296157173746464 0.327450037996547 0.0120340583840381 0.711784628514821 0.0383238956881595 0.701248246392182
1591949491.57444 11.8297176160041 -0.296414656322746 0.327349782209621 0.0120070341256748 0.711510363658011 0.0381678860594171 0.70153549162712
1591949491.60744 11.8510013643492 -0.296652361771551 0.327130744924934 0.0121418527391818 0.711204635748511 0.0379503240214154 0.701854909798711
1591949491.64044 11.872434015391 -0.29686783635536 0.32700050372276 0.0122162015373904 0.710914106836983 0.0377508853027072 0.702158648582381
1591949491.67344 11.894030356053 -0.297064615081963 0.326946676063981 0.0121717031723857 0.710654089317922 0.0373653093043162 0.702443199581426
1591949491.70644 11.9154920397353 -0.297246957951995 0.326920299652947 0.0118574602696844 0.710404103458783 0.0367779179638898 0.702732378060892
1591949491.73944 11.9370611711474 -0.297470333695946 0.327015635052784 0.0113498244128419 0.710174156667385 0.0361017791943986 0.703008186457715
1591949491.77244 11.9584146344096 -0.297632463187272 0.327099537903575 0.0110386268553029 0.709955905825961 0.0355056255418629 0.703263898586348
1591949491.80544 11.9800421269797 -0.297845290107152 0.327234018346259 0.0106294286909449 0.709722443027821 0.0350350493289614 0.703529398409791
1591949491.83844 12.0016844731419 -0.298108776917418 0.327382089448455 0.01019457546194 0.709471420344803 0.0346919201660924 0.703805971145648
1591949491.87145 12.0234127359379 -0.298348945923302 0.32750413938736 0.0097891192933991 0.709211617071018 0.0344590108041798 0.704084960732275
1591949491.90445 12.045093254566 -0.298626542781091 0.327615597086341 0.00948383768585395 0.708905865754775 0.0343282219613226 0.704403367040643
1591949491.93745 12.0668556471257 -0.29891614462664 0.327699653333949 0.00929844272583485 0.708565272622397 0.03423672611609 0.704752892850589
1591949491.97045 12.0885688704521 -0.299156684936946 0.327681105691696 0.00924879721363519 0.708189011324849 0.0342860281420273 0.705129245077154
1591949492.00345 12.1103034117888 -0.29943669590487 0.327773249299323 0.00914066261347428 0.707879951996794 0.0342333764037891 0.70544347596955
1591949492.03645 12.1321182388087 -0.299733652585337 0.327866271166575 0.00912312025284928 0.707612018409769 0.0341301444957536 0.705717459976445
1591949492.06945 12.1536449538491 -0.299961800361717 0.327918972492125 0.00920460003876529 0.707310297911172 0.0339865737857015 0.706025729424392
1591949492.10245 12.1754784997994 -0.300211399989605 0.328030041484334 0.00935556435101313 0.707076858721817 0.0338535450836933 0.70626392146352
1591949492.13545 12.1975297842081 -0.300517034081536 0.328278775424412 0.00963852402214896 0.706881299321416 0.0336764566134117 0.706464311762673
1591949492.16845 12.2193776820537 -0.300784907360518 0.328397270339524 0.00985785317031832 0.706638819959528 0.0336095159219031 0.706707012344276
1591949492.20145 12.2411593345984 -0.301094505953736 0.328503151850857 0.0102733883364113 0.706381279861663 0.0334693409232078 0.706965167579885
1591949492.23445 12.2630455491431 -0.301366040364397 0.328611996668342 0.0105368820353175 0.706141559555817 0.0333269818984256 0.707207454897496
1591949492.26745 12.2849142140368 -0.301651913698947 0.328755210648746 0.0106521737613059 0.705909311723334 0.0331092623241266 0.707447773029783
1591949492.30045 12.3069045922807 -0.301959834878744 0.328985976270752 0.0107110698964435 0.705762047244461 0.0329079652202552 0.707603187864528
1591949492.33345 12.328881910364 -0.302211735329396 0.329140440386325 0.0105767018239819 0.705644002482172 0.0328363911223291 0.707726251143426
1591949492.36645 12.3509296111236 -0.30255728836689 0.329335396314982 0.010366300799693 0.705574816569345 0.0328084537142796 0.707799635063302
1591949492.39945 12.3730617932864 -0.302805679720664 0.329470700749125 0.0102364799104803 0.705541717091003 0.0328531305851961 0.707832446087401
1591949492.43245 12.3952053563928 -0.303147340114684 0.329663435986909 0.00991835483717787 0.705569647976301 0.033104290245353 0.70779743151503
1591949492.46545 12.4173502815764 -0.30340093009116 0.329802178711256 0.0098277083242816 0.705610255364545 0.0332319200032626 0.707752232893949
1591949492.49845 12.4395850964358 -0.303731402267397 0.329915411945554 0.00969672487755844 0.705703290920977 0.0335186161064957 0.707647752122663
1591949492.53145 12.4617129795139 -0.304053816953296 0.329947557158834 0.00962768731895086 0.705733826991376 0.033921037525938 0.707599064647601
1591949492.56445 12.4839368710589 -0.304387313233526 0.330016758910077 0.00962810048709899 0.70586646925198 0.0342152236623806 0.70745257490272
1591949492.59745 12.5061090275498 -0.304714984508574 0.330052187445528 0.00974225735809362 0.705996233541463 0.0344610649270435 0.707309579781676
1591949492.63045 12.5283461007079 -0.30503121495952 0.330096490810097 0.00983979259285142 0.706118156248385 0.0345606122380867 0.707181654159551
1591949492.66345 12.5506432691927 -0.305310503812513 0.330113961042851 0.0100173376919392 0.706250170719595 0.0345134596274718 0.707049623724284
1591949492.69645 12.5728797331597 -0.305568433846602 0.330184056766483 0.0101769530575281 0.706350334682293 0.0345035027270075 0.706947765128545
1591949492.72945 12.5951583213323 -0.305841478884731 0.330242304126063 0.0105511006633537 0.706464005614401 0.0342606417715678 0.706840499314695
1591949492.76245 12.6174357883868 -0.306097048029399 0.330333247304486 0.0108398096152136 0.706586457700509 0.0339594353891601 0.706728259707932
1591949492.79545 12.6396693719286 -0.306369844939035 0.330435511895645 0.0111702555591016 0.706707345974949 0.0335724006041956 0.706620723198421
1591949492.82845 12.6620062809816 -0.306656309178953 0.330464590392592 0.0115776024312965 0.706839730595041 0.0333565820868768 0.706491962307962
1591949492.86145 12.6844451354494 -0.307005533678819 0.330463203249888 0.0119768020354172 0.706942502090305 0.0331789950169584 0.706390833208478
1591949492.89445 12.7068252417736 -0.307338011690641 0.330504663955749 0.0122419926623239 0.707060160323531 0.0329643707449891 0.706278566544607
1591949492.92745 12.7292669968945 -0.307704919330676 0.330495590617762 0.0124946807243939 0.707162330714922 0.0327714540566046 0.706180821582158
1591949492.96045 12.7517101904214 -0.30804696644164 0.330531287862903 0.0124950061530274 0.707243843356798 0.0326886493547211 0.706103018729212
1591949492.99345 12.7742122658128 -0.308450413201239 0.330596668289147 0.012486199597381 0.707322067158892 0.0325618269204553 0.706030676073843
1591949493.02645 12.7967710459268 -0.308800536279164 0.330649719667929 0.0124451605732163 0.70739190483643 0.0325059908343996 0.705964001568117
1591949493.05945 12.8195232711428 -0.309272663299407 0.330721868058728 0.012234823443085 0.707458926363753 0.0326933689772656 0.705891861568384
1591949493.09245 12.8421806661172 -0.309638781590599 0.330761058294274 0.0120806948904808 0.707487752812159 0.0328410767344983 0.70585876782164
1591949493.12545 12.8647666469608 -0.310015893756545 0.330829354320901 0.0117745973173612 0.707451333295332 0.0331616988219496 0.705885452186056
1591949493.15845 12.8875322686162 -0.310403301875746 0.330868351978089 0.0115180491841393 0.707400279157133 0.0334062154121229 0.70592931966539
1591949493.19145 12.9102884307415 -0.310821919677675 0.330907919959818 0.0113405388119655 0.70733861493175 0.0336077016744175 0.705984417954144
1591949493.22445 12.9330498641131 -0.311220922415459 0.330943770414351 0.0109965572664149 0.707232800824086 0.0339582312672711 0.706079088839206
1591949493.25745 12.9557855254184 -0.311563129635776 0.331011016579907 0.0108186618633726 0.707158022681166 0.034078338567107 0.706150943038141
1591949493.29045 12.9785794894519 -0.311919407459596 0.331105350019282 0.0107284545575979 0.707098315432743 0.0340866395383763 0.706211705921081
1591949493.32345 13.0009550894513 -0.312232173715542 0.331033951916734 0.0107871190513206 0.707071775271686 0.0340244168536075 0.706240385233308
1591949493.35645 13.0237442923587 -0.312550956403976 0.331159470396591 0.0107527931147454 0.707072126814977 0.0337639800896763 0.706253055618226
1591949493.38945 13.0467498751778 -0.312888747809997 0.331361350887049 0.01058993006946 0.707033150118526 0.033508774000115 0.706306689816546
1591949493.42245 13.0695362693316 -0.313194831172489 0.331514380125518 0.0105435302570529 0.707031311059822 0.0332099461712594 0.706323338582302
1591949493.45545 13.0922814685528 -0.313547863047016 0.331625353539362 0.0105884104067512 0.70702957758235 0.0328351406168291 0.706341925365793
1591949493.48845 13.1151404266501 -0.313852411811256 0.331790256810919 0.0106414688812999 0.707021226011313 0.032472433150731 0.706366254994376
1591949493.52145 13.1378185525438 -0.314205283445025 0.331885263802766 0.0107905489005875 0.707002433771939 0.0320994564265701 0.70639984965464
1591949493.55445 13.1606999600008 -0.314520014358886 0.331994055881532 0.0108283919694337 0.706980296736715 0.0320183709897022 0.706425105635826
1591949493.58745 13.1834673500455 -0.314901773982917 0.332135825409164 0.0109063180563204 0.706987426255568 0.0319155040645734 0.706421426588469
1591949493.62045 13.2063496599561 -0.315273990074678 0.33230887512254 0.0110037166943606 0.706984824059399 0.0317234430926695 0.706431171400978
1591949493.65345 13.2292856644768 -0.315591118479782 0.332326947033952 0.0109357320345778 0.70691262986256 0.0315672430495055 0.706511466766053
1591949493.68645 13.2522877188614 -0.315965473686824 0.33245758970094 0.0107725161102438 0.706885687493537 0.0314198017358258 0.706547502842042
1591949493.71945 13.2753327447705 -0.316366686695887 0.332624775462952 0.0105217339704107 0.706832731444644 0.031366798194136 0.706606613925887
1591949493.75245 13.2983763549838 -0.3167459076683 0.332751233204315 0.0103720168558691 0.706793200310542 0.0314457970533076 0.706644857837943
1591949493.78545 13.3215143902372 -0.317153816596328 0.33285973695898 0.0103121908482401 0.706736695568535 0.0314346980381198 0.706702739216447
1591949493.81845 13.3446037197498 -0.317532332126224 0.332954141981559 0.0103086470160125 0.706707030958435 0.0315359124170348 0.70672794653858
1591949493.85145 13.3677551334827 -0.317950691998639 0.333094139869932 0.0102126568845477 0.706656578514217 0.0316776557231664 0.70677344871594
1591949493.88445 13.3909327894133 -0.318322170451941 0.333205513683274 0.00999098880452227 0.706602787942294 0.0318454441866521 0.70682285468103
1591949493.91745 13.4139959572919 -0.318717860951778 0.333174162188699 0.00996845306955569 0.70654520898848 0.0318753896826166 0.706879379478145
1591949493.95045 13.4372349855862 -0.319073779254563 0.333303531324418 0.00985150185277428 0.706499263512707 0.031822493176074 0.706929322843031
1591949493.98345 13.4605439986522 -0.319418523199269 0.333567430248959 0.00964629185017461 0.706460010494715 0.031759847689052 0.706974196629634
1591949494.01645 13.4838060436593 -0.319766829754683 0.333728554996045 0.00952177999691891 0.706437041724721 0.0316786721823459 0.707002477728104
1591949494.04945 13.5070547581535 -0.320150802134164 0.333853901289368 0.00938482894092145 0.706405472999268 0.031759773176853 0.70703221249826
1591949494.08245 13.530348790497 -0.320492123405115 0.334027335493522 0.00927738270700314 0.706395805013783 0.0317747457376201 0.707042617076473
1591949494.11545 13.5536710899049 -0.32083935891025 0.334067890473655 0.0093027157597963 0.706371178671164 0.0317048287176294 0.707070025710458
1591949494.14845 13.5769622965835 -0.321173146953509 0.33426123423631 0.00923752754646767 0.70635530263 0.0315818224076197 0.707092245060517
1591949494.18145 13.6003548235075 -0.321555704944047 0.334327446426053 0.00915354064991915 0.706312257511968 0.0315723507395999 0.707136757813291
1591949494.21445 13.6237205951302 -0.321934173036294 0.334537141949367 0.00897545473617097 0.706273179349326 0.0316332754295507 0.707175348290417
1591949494.24745 13.6473748444381 -0.322275754807335 0.334678483160058 0.0091185782342672 0.706301202552594 0.0317213573674587 0.707141582917107
1591949494.28045 13.6707607713473 -0.322650468570394 0.334879282388151 0.00918196097661247 0.706279556450607 0.0317542076367341 0.707160908160173
1591949494.31345 13.6939030805292 -0.322971385067589 0.334881030523588 0.00945058865012725 0.706185101013019 0.0317754111027342 0.707250742474443
1591949494.34645 13.7173160718827 -0.323308919706321 0.335057695810486 0.00956057961169174 0.706160272576119 0.0317965600253459 0.707273103916206
1591949494.37945 13.7407894252539 -0.323701833663322 0.335121540558482 0.00948709782632178 0.706117646550614 0.0318170491260276 0.70731572836292
1591949494.41245 13.7642695820527 -0.324067339318533 0.335297309543874 0.00941923941561112 0.706083830895233 0.031831040543312 0.707349762518567
1591949494.44545 13.7876459164958 -0.324392673378362 0.335362269534228 0.00949414230584063 0.706006266453256 0.0317826402862249 0.70742835451164
1591949494.47845 13.8111916457689 -0.32474484960722 0.335499541994723 0.00965522464385474 0.705961312064212 0.0317917450991451 0.70747062656283
1591949494.51145 13.834651714809 -0.325103155044401 0.335673506163094 0.00978442125844131 0.705937651419505 0.031875169737791 0.70748870730432
1591949494.54445 13.8582100413084 -0.325469431855229 0.335806961164153 0.00974829009642827 0.705888885077736 0.0320859588528557 0.707528334420891
1591949494.57745 13.8817383556481 -0.325789696587027 0.335969217300221 0.00981722622756232 0.705880303081433 0.0321067026957436 0.707535002266933
1591949494.61045 13.9053140987334 -0.326152714618277 0.336124607504627 0.00979703137123269 0.705824211381433 0.0319964830408217 0.707596230824548
1591949494.64345 13.9289674014443 -0.326544917629802 0.336348089953459 0.00975362067667666 0.705858217193068 0.0318890455315602 0.707567758507837
1591949494.67645 13.9524921794391 -0.326905672615772 0.336524191926816 0.00951395406203541 0.705800725222484 0.0317470450313332 0.70763475471835
1591949494.70945 13.9760687881597 -0.32726509883525 0.336727802408009 0.00932050975455458 0.70576160046026 0.0315409208812813 0.707685566988368
1591949494.74245 13.9995380389825 -0.327642216594209 0.336978576307153 0.00915423179386075 0.705699445129578 0.0311822019492607 0.707765613367636
1591949494.77545 14.023185736066 -0.328037327228631 0.337248436433138 0.00913770155674039 0.705711064890031 0.0309232294429123 0.707765603277568
1591949494.80845 14.0467250999712 -0.328404328187553 0.337385290451921 0.00900473479459553 0.705692077607782 0.030797564279787 0.707791718224594
1591949494.84145 14.0703689038517 -0.328814982341913 0.337630985846591 0.00896556858929404 0.70574108757192 0.0304668521097546 0.707757661078421
1591949494.87445 14.0940065283083 -0.329160817783066 0.33784729054871 0.00896670457952771 0.705793057948006 0.0301694527241027 0.707718561070511
1591949494.90745 14.1176675007381 -0.329554857667832 0.338072263856261 0.00896628011660431 0.705850506169622 0.0299826443766595 0.707669209304137
1591949494.94045 14.141276884581 -0.329973850015907 0.338230128783891 0.00906935230031578 0.705950968742946 0.0297390407729642 0.707577957566269
1591949494.97345 14.1649450861602 -0.330356126068033 0.338409514707602 0.00894958912896541 0.706034369753814 0.0296835058075215 0.707498595803365
1591949495.00645 14.1887454591934 -0.330715146041837 0.338604806409409 0.00903121910271525 0.706170973724367 0.0296604844690742 0.707362176407361
1591949495.03945 14.2125376477875 -0.331094071534607 0.338770712993671 0.00906067209181876 0.70627637135931 0.0295640810925164 0.707260600196226
1591949495.07245 14.2363168534792 -0.331519162081499 0.338962368836434 0.00892968181386284 0.706373227868177 0.0295409081756495 0.707166499827271
1591949495.10545 14.2601425007526 -0.331900663444434 0.339111206172439 0.00876533368958564 0.706456441301273 0.0295199562993834 0.707086301415417
1591949495.13845 14.2839573123194 -0.33230592423051 0.339244490149582 0.00849499388937847 0.706510659540505 0.0297050123308742 0.707027676457494
1591949495.17145 14.307823664005 -0.332677675544624 0.339397745398645 0.00810724804551026 0.706549862407945 0.0300304535564615 0.706979304024974
1591949495.20445 14.3316473016617 -0.333074339542762 0.339461508847664 0.00791642368500602 0.706570451753282 0.0302068557945633 0.706953373857293
1591949495.23745 14.3555491220402 -0.333459274299387 0.339582360402913 0.00775797099796025 0.706616861182623 0.0304149180431779 0.706899821855148
1591949495.27045 14.3794610828533 -0.333831899875079 0.339631316898988 0.0076711633554382 0.706637762661141 0.0306700976778593 0.70686884974687
1591949495.30345 14.4033862174555 -0.334214778214913 0.339729163912209 0.00746595750298888 0.706679591115327 0.0309625824262829 0.706816477927003
1591949495.33645 14.4273965319994 -0.334565444305705 0.339830829221341 0.00715731741923455 0.706760589475176 0.0312038838749413 0.706728066234235
1591949495.36945 14.4513081480921 -0.334936730868027 0.33992695386331 0.00703596305764113 0.706813238860008 0.0312684809558206 0.706673773883531
1591949495.40245 14.4755880193569 -0.335269426018014 0.339966795950287 0.007202079758895 0.706891329009975 0.0312482157039291 0.706594882540893
1591949495.43545 14.4995566852317 -0.335599785842221 0.340074519417442 0.00728884355423477 0.706960438549915 0.0312403500394581 0.706525195314623
1591949495.46845 14.523245084493 -0.335914906850953 0.340232328229254 0.00724763162448417 0.707036960148148 0.0311635970047507 0.706452432257139
1591949495.50145 14.5472419677672 -0.336213416354557 0.340340585035292 0.00720324612938652 0.707114799169336 0.031099382053956 0.706377804348899
1591949495.53445 14.571160553053 -0.336531032103974 0.340406981917869 0.00737812542765495 0.707185508192478 0.0309764634211237 0.706310610837499
1591949495.56745 14.5951501976881 -0.336868140857762 0.340469106317244 0.00758967726028147 0.707260471401598 0.0306010789406891 0.706249669988977
1591949495.60045 14.6192062310576 -0.337197067729306 0.340564296911442 0.00770428538345243 0.707347240753438 0.0303239743800324 0.706173478376968
1591949495.63345 14.6432435306776 -0.33755478098064 0.340646688362523 0.0076492871587686 0.707409730219792 0.0303375043181828 0.706110896267766
1591949495.66645 14.6673088490087 -0.337876183880015 0.340687733729117 0.00772545076239585 0.70745972373112 0.0302621528219614 0.706063211628665
1591949495.69945 14.6913837546573 -0.338220934261153 0.340744743482716 0.00777971786201708 0.707523661964979 0.0302120328895957 0.706000691797347
1591949495.73245 14.7154626097543 -0.338571571436935 0.340772355636085 0.00807450209584958 0.707590341389422 0.0302654061452875 0.705928265746007
1591949495.76545 14.7395950496698 -0.338942115399555 0.340792478950059 0.00813377484275584 0.707677799656657 0.0303154014674222 0.70583776465544
1591949495.79845 14.7638713459746 -0.339249491508498 0.340685588428302 0.0081012883739907 0.707742638646108 0.0303952017262825 0.705769692095761
1591949495.83145 14.7880712971917 -0.339657164544284 0.340705606826901 0.00804447274217361 0.707833017269472 0.0305548516491297 0.705672804607203
1591949495.86445 14.8120749199653 -0.340103364320653 0.340794309468317 0.00797883713183603 0.707924841511636 0.0307939035190052 0.705571039963243
1591949495.89745 14.8362657698825 -0.340518623106438 0.340799943879799 0.0080315731183713 0.708045192299177 0.0308861729091326 0.705445634913346
1591949495.93045 14.8605041204364 -0.340854765115353 0.340705836539087 0.00806034573771167 0.708188578429526 0.0309744514647975 0.705297491534609
1591949495.96345 14.8846886904527 -0.34124323222932 0.34067694047655 0.00792936563120156 0.708367033720068 0.0312669104890409 0.7051068365913
1591949495.99645 14.9088280297788 -0.341559186519086 0.340599718322521 0.00797162499266691 0.708569911424718 0.0313482709675142 0.704898871985118
1591949496.02945 14.9330833695939 -0.341909362646356 0.340507588549263 0.00802243810626657 0.708829999256416 0.03137511607736 0.704635561643118
1591949496.06245 14.9571874208667 -0.342219679309497 0.340437494525863 0.00794624118867642 0.709122190730454 0.0313009936302114 0.704345670578285
1591949496.09546 14.9813965103689 -0.342555627882907 0.340345064071225 0.00781939000261384 0.70942085304144 0.0312482827277983 0.704048617097219
1591949496.12846 15.0055624844843 -0.342871146386802 0.340193893726187 0.00768689504859665 0.709732015687318 0.0313625804805261 0.70373131669589
1591949496.16146 15.0297499370965 -0.343199873713912 0.339988496949554 0.00776254205807727 0.710061741279614 0.0314933277748217 0.703391951061019
1591949496.19446 15.0541317692446 -0.343524975732265 0.339739083760819 0.00798447733439264 0.710446483578366 0.0318354068444054 0.702985454304627
1591949496.22746 15.0782897805395 -0.343822882208589 0.339475613967593 0.00814381663024946 0.710807402857989 0.0322023906687877 0.702601964364026
1591949496.26046 15.1024087424686 -0.344152496438533 0.33926686815078 0.00812856255050114 0.711147660295616 0.0324019815696529 0.702248562346192
1591949496.29346 15.1265651151225 -0.344458873142756 0.338974302525392 0.00814745864098883 0.711499301380892 0.0325914102503183 0.701883297300976
1591949496.32646 15.150833903056 -0.344804152466374 0.338549980887167 0.00803140661016419 0.711830649553651 0.0329071486872085 0.701533849809948
1591949496.35946 15.1750625982792 -0.345129507429407 0.338188139086739 0.00799571062573468 0.712182884556361 0.0331896349440215 0.701163358775152
1591949496.39246 15.1992968336148 -0.345413190807532 0.337788724561278 0.00792751968787853 0.712540102177216 0.0334681546901009 0.700787870787245
1591949496.42546 15.2234852853136 -0.345713935862833 0.337411049338027 0.00794541713818736 0.712929445540836 0.0337338757134888 0.700378827247572
1591949496.45846 15.2476063020402 -0.345971677800232 0.3369385165291 0.00796945367524954 0.71331201955009 0.0340888264213237 0.699971715490495
1591949496.49146 15.2717567683178 -0.346272173304371 0.336509908837593 0.00796033194321176 0.713699359801563 0.0342866301408471 0.699567211873011
1591949496.52446 15.2958577149147 -0.346558394040101 0.336067497803915 0.00787643466025087 0.714082130930521 0.0345647936118148 0.699163748420455
1591949496.55746 15.3199605418599 -0.346832086907593 0.335582843580493 0.0078099521159714 0.7144712840516 0.0346729072514194 0.69876146031127
1591949496.59046 15.3445408840322 -0.347124709012654 0.33509367894063 0.00795007238599583 0.714866009777722 0.0346219580186071 0.698358578694708
1591949496.62346 15.368577931418 -0.347390585287919 0.334534362507218 0.00810204910990313 0.715259959637397 0.0345957964689551 0.697954638788517
1591949496.65646 15.3919721216701 -0.347683049407537 0.333980905769133 0.00835055235131448 0.715657492959827 0.0345038328270599 0.697548641003713
1591949496.68946 15.4159266524489 -0.34796685688521 0.333351249842792 0.00869332644436091 0.716068694307146 0.034510179081201 0.697122011306754
1591949496.72246 15.4398471635247 -0.34820872489734 0.332730337926303 0.0089586193740011 0.716481312748909 0.0344177013381314 0.696699141276283
1591949496.75546 15.4636683899065 -0.348488385241657 0.332030418635819 0.00925436638131595 0.716874670367603 0.0342655201669468 0.696298023705303
1591949496.78846 15.4876729790867 -0.348683214226328 0.331307683641115 0.00949487458432615 0.71728599079424 0.034055668113899 0.695881359310816
1591949496.82146 15.5112105235174 -0.349103370123361 0.330580525005587 0.00964068534495668 0.717669900157685 0.0340287573334578 0.695484734029496
1591949496.85446 15.5351608591225 -0.34936862841899 0.329831533081659 0.00974401325170076 0.718075435910992 0.0338938253596996 0.695071169844841
1591949496.88746 15.5588330108611 -0.349732116387459 0.329030470611002 0.00972243960047775 0.718454592955903 0.0338213093754488 0.694683086781961
1591949496.92046 15.5827410652168 -0.350029095237504 0.328301486331681 0.00960422737785762 0.718872913127721 0.0338507625610493 0.694250401124676
1591949496.95346 15.6071969292205 -0.350375248303152 0.327554117927136 0.00973290993865932 0.719251470928864 0.0339413614646415 0.693851984224819
1591949496.98646 15.6309887408324 -0.350710955480637 0.326664484799579 0.00990220716625605 0.719663896779388 0.0341550176226759 0.693411318581358
1591949497.01946 15.6547777920991 -0.351059735876881 0.32577607665333 0.0100662642139211 0.720061324803133 0.0342524871182492 0.692991432828536
1591949497.05246 15.6780553063534 -0.351399655624593 0.324586658724904 0.0100434825976973 0.720416394772062 0.0343584553657831 0.692617385824101
1591949497.08546 15.7017664657308 -0.351732248028076 0.323671099224389 0.00996362975258516 0.720797254954554 0.0344128397989221 0.692219473714158
1591949497.11846 15.7254928913155 -0.352021038117258 0.322703774475616 0.0101374551892619 0.721197862151889 0.0342580242334942 0.691807244400815
1591949497.15146 15.7491888647659 -0.352397789724004 0.321697839234456 0.0102750867381289 0.721608814872976 0.0341301390399148 0.691382871135277
1591949497.18446 15.7728997504401 -0.352714123370253 0.320681702591373 0.0104201947762766 0.722046183588121 0.0341530979548904 0.690922784547403
1591949497.21746 15.796641925174 -0.353055197230556 0.319623685718088 0.010589464125245 0.722469267968388 0.0341296123978906 0.690478956702036
1591949497.25046 15.8203081270482 -0.353341518101991 0.318576993623843 0.0106509020773992 0.722875709899852 0.0342373174841718 0.6900471523115
1591949497.28346 15.8440279608387 -0.353644258421895 0.317470306919113 0.0105752091663356 0.723260906051044 0.0343082283277974 0.689641045905998
1591949497.31646 15.8676911136408 -0.354013543031434 0.31645338408595 0.010545888670575 0.723634006281279 0.0343026546814244 0.689250271720847
1591949497.34946 15.8913160515973 -0.354309769459775 0.315337365205238 0.0103520497347568 0.723996322947514 0.0343074331703298 0.688872382560102
1591949497.38246 15.9148603101133 -0.35466143419818 0.314221487460681 0.0102563014192801 0.72432503813785 0.0343129929176882 0.688527897709911
1591949497.41546 15.9385114241721 -0.354996529315449 0.313045225860255 0.0100321865594306 0.7246490577957 0.0344260511558052 0.688184528502682
1591949497.44846 15.9616818842765 -0.355270691614231 0.312023608046179 0.00991496077854957 0.724947352539712 0.0345024575361756 0.687868163256875
1591949497.48146 15.9852138500143 -0.355604161490062 0.310785062704216 0.00995599636084057 0.7251996262735 0.0346009095218217 0.687596653023778
1591949497.51446 16.0090274451999 -0.356023843911684 0.30958603124488 0.010036639200937 0.725433282869943 0.0346777848078097 0.68734508743346
1591949497.54746 16.0324861944782 -0.356328526546937 0.308311167348735 0.0102138499755431 0.725612964495816 0.0346354970554628 0.687154920937042
1591949497.58046 16.0560365017526 -0.356662594264476 0.307126170227829 0.0103695782705895 0.72576862776894 0.0345993861083948 0.686989995031807
1591949497.61346 16.0795136745009 -0.356925334966351 0.305757465973551 0.0105435994717628 0.725927044371861 0.0350820292965608 0.68679546444349
1591949497.64646 16.1030806479845 -0.357217333303175 0.304550778898019 0.0102941867593463 0.726071855528039 0.035648189410412 0.68661699434313
1591949497.67946 16.1265267166007 -0.357465861598342 0.303284835960873 0.0104966267893598 0.726263063553353 0.0355432720040907 0.686417117472595
1591949497.71246 16.1499074051757 -0.357775285397023 0.302064004580566 0.0107461175116848 0.726454258492428 0.0350678739166154 0.686235364503762
1591949497.74546 16.1727705844663 -0.358054925644346 0.300673767855208 0.0110366025765964 0.726578239016386 0.0344537525841721 0.686130596114385
1591949497.77846 16.1960983897491 -0.358375408632793 0.299457004333162 0.0107008972535573 0.726747631181417 0.0344193177610236 0.685958221712543
1591949497.81146 16.2196357868496 -0.358833988168232 0.298565318779655 0.0104427641748609 0.726951568543018 0.0343485938002628 0.685749618864771
1591949497.84446 16.2429377573916 -0.359176393409486 0.297362465604357 0.0104972320807461 0.727111088239413 0.0342706732496214 0.685583543000382
1591949497.87746 16.2661225793882 -0.359500967756847 0.296106194073619 0.0108791325422614 0.727299228845396 0.0339395865382252 0.68539447084262
1591949497.91046 16.2892429518487 -0.359712373845948 0.294826520259037 0.0116938349574244 0.727424663906288 0.0333254387143069 0.685278065969802
1591949497.94346 16.3123102988243 -0.36000085257222 0.293523974298644 0.0121454781682663 0.727575002627122 0.0331405016563689 0.685119558954619
1591949497.97646 16.3354908773847 -0.360344091915703 0.292230547770048 0.0117817235711304 0.727665446118451 0.0334455000769454 0.685015027601244
1591949498.00946 16.3586072961225 -0.360717124628967 0.290844665966326 0.0117001623981657 0.727748370682022 0.0336328566966157 0.684919152980806
1591949498.04246 16.3817463364209 -0.361110428138614 0.289497852961695 0.0118428443918624 0.72786242585578 0.0337280626385639 0.684790810287856
1591949498.07546 16.4049009906131 -0.361458383057584 0.288010235333967 0.0119604846426049 0.727928860316625 0.0341873085268501 0.684695369533739
1591949498.10846 16.428043949365 -0.361851430237596 0.286612288633017 0.0119169622333634 0.72802648370244 0.0347912033273881 0.684561901664139
1591949498.14146 16.451200545756 -0.362169377971595 0.285085774292508 0.011948731121623 0.728108762101008 0.0353463474995554 0.684445391608974
1591949498.17446 16.4743206626529 -0.362564612168714 0.283692144244406 0.0119308689600292 0.728223246604384 0.035628465182862 0.684309264835384
1591949498.20746 16.4973915494122 -0.362921264996866 0.282181337623843 0.0121942460065349 0.728351704910879 0.0357037598380662 0.684163968542025
1591949498.24046 16.52049770823 -0.363266197902029 0.280751514270368 0.0123724072266649 0.728471415511445 0.035911164303174 0.684022447439088
1591949498.27346 16.543464051147 -0.363607397656241 0.279134409186184 0.0126561954922103 0.728575284548591 0.0361787691814289 0.683892515035163
1591949498.30646 16.5665584778586 -0.363920542834116 0.277638626138143 0.0130525007086143 0.728689745800187 0.0364091402268529 0.683750876488544
1591949498.33946 16.5894765796165 -0.36419730009683 0.275943933543349 0.0135778097827382 0.728774947053801 0.0363598299447123 0.683652457316307
1591949498.37246 16.6125926698788 -0.364495192325889 0.274416326791261 0.0141202192672437 0.728886515325852 0.0361632882382939 0.683532942708524
1591949498.40546 16.6352958814987 -0.364832824916524 0.272790121958405 0.014612356377877 0.729001854597567 0.0360609624567419 0.68340499121757
1591949498.43846 16.6583073960731 -0.365115621439986 0.271291661756859 0.0148998920608223 0.729118718595929 0.0360380681293435 0.683275306926214
1591949498.47146 16.6813388919336 -0.365433920234635 0.269793861307367 0.0152885101307945 0.729230785969751 0.035985439986993 0.683149888648797
1591949498.50446 16.7044176760123 -0.365787522446289 0.268184467404552 0.0158006976622673 0.729315624649654 0.0359176277575702 0.683051229126732
1591949498.53746 16.7275025996656 -0.366086192630603 0.266690766847976 0.0164016970293382 0.729443485068077 0.0358654955725664 0.682903252777163
1591949498.57046 16.750563095005 -0.366452484710236 0.265113789436646 0.0166908092572575 0.729506890419789 0.0360568814554303 0.68281843488302
1591949498.60346 16.7730096720321 -0.366922526787249 0.263670989310178 0.0169958471714987 0.729607169704626 0.0362728179248398 0.682692318525937
1591949498.63646 16.796153137877 -0.367302855179454 0.262083249044967 0.0172113344951203 0.729704036414164 0.0364358897169723 0.682574695653382
1591949498.66946 16.819284290949 -0.367695167300163 0.260510938417961 0.0174412241253108 0.729798242149517 0.0364396982450807 0.682467931736205
1591949498.70246 16.8430016133991 -0.368085880773097 0.258783529333151 0.0175990812704734 0.729883581604885 0.0365698893864247 0.682365644528155
1591949498.73546 16.8661558993138 -0.368523220097313 0.257226322596651 0.017613305370776 0.729952542422133 0.0367966222413679 0.682279316612344
1591949498.76846 16.8892407764628 -0.368962571756491 0.255569895268636 0.0176863856145741 0.729976112326455 0.0370679533180009 0.682237520247503
1591949498.80146 16.9124505095985 -0.369371230068185 0.253988502627739 0.017795238329112 0.730007045388154 0.0372022757605322 0.682194278673388
1591949498.83446 16.9354469199947 -0.36981834233991 0.25250174359811 0.0180682787692471 0.730034517718282 0.0372344808098846 0.682155945280088
1591949498.86746 16.9586061234962 -0.370225481678804 0.250910715477939 0.0182524876006371 0.73002861744256 0.0372833054240715 0.682154688870456
1591949498.90046 16.9817181745726 -0.370679239105768 0.249423419647322 0.0184513041347099 0.730021227521832 0.037466902501161 0.682147189366206
1591949498.93346 17.0048292188057 -0.371094495628338 0.247813986201147 0.0186486527203076 0.729976650005683 0.0375820470296335 0.682183192360571
1591949498.96646 17.0279762922187 -0.371517824705876 0.246314544346596 0.018811225125746 0.729958713310828 0.0375936932379633 0.682197280044123
1591949498.99946 17.0511551515838 -0.371875865704785 0.244767979928513 0.0189683569505558 0.729892868967358 0.0374959547213521 0.682268755436397
1591949499.03246 17.0736784984711 -0.372336447659915 0.243425503493103 0.0191014907881626 0.729853944794214 0.0374866774028623 0.682307189860468
1591949499.06546 17.0968636516334 -0.372751517579741 0.241916874198473 0.0193547192535917 0.729812231098076 0.0374254592965965 0.682348032296351
1591949499.09846 17.120490396891 -0.373161809539368 0.240151654046141 0.0193981215338135 0.729710385381768 0.0375977177487056 0.682446245478016
1591949499.13146 17.1435991277403 -0.373598386321845 0.238653676187881 0.0194970143893637 0.729695352164037 0.0376488420547907 0.682456682985841
1591949499.16446 17.166852679231 -0.37406030473756 0.237191219614054 0.0195211596782264 0.729672179983989 0.0376178657296562 0.682482476156111
1591949499.19746 17.1900812622271 -0.374490056909679 0.235655317781542 0.0196670764766955 0.729644767409942 0.0375072010003421 0.682513684380959
1591949499.23046 17.2131287816658 -0.374986449049203 0.234259814791251 0.0195569898191051 0.729614665747683 0.0376129698879776 0.682543206083921
1591949499.26346 17.236346469901 -0.375429440072851 0.232721935075252 0.019587060627265 0.72954953182953 0.0377579637613595 0.682603958262691
1591949499.29646 17.2594301365854 -0.375941603607874 0.231335043645647 0.0196501102331816 0.729513661730136 0.0378833270965894 0.682633535687345
1591949499.32946 17.2826439775204 -0.3763745683079 0.22981911887526 0.0199106836046473 0.729458902294761 0.0380001556163123 0.682678008078812
1591949499.36246 17.3058796457364 -0.376827283938177 0.228308636721691 0.0202660947302026 0.729409774753409 0.0380554165093728 0.682716962710658
1591949499.39546 17.3286244848683 -0.377222614852407 0.226836530308528 0.0203133195207215 0.729340540809591 0.0381253778510664 0.682785617998311
1591949499.42846 17.3518967546793 -0.377672426682674 0.225258916866164 0.0204840536488706 0.729217888332007 0.0382797755664292 0.682902872790342
1591949499.46146 17.3752090977977 -0.378121949440982 0.22375924163915 0.020567768343966 0.729106082051844 0.0384321649062043 0.683011168811302
1591949499.49446 17.3989134163941 -0.378573444457811 0.222230202323495 0.0206392492737871 0.728944649597913 0.0386153306014085 0.683170970881034
1591949499.52746 17.4222318335003 -0.379013539999644 0.220727496576175 0.0207862851405154 0.728784537100387 0.0386724658011815 0.683334083170369
1591949499.56046 17.4455611338627 -0.379446116478675 0.219259853609556 0.0209134031113526 0.728608724576713 0.0387840778553032 0.683511339588387
1591949499.59346 17.4687849202283 -0.379926557751636 0.217895904338718 0.0210451106561184 0.728462644815709 0.0389337054093371 0.683654477794649
1591949499.62646 17.4921452862056 -0.380383750671674 0.216395806374526 0.0210340763850346 0.728269373638442 0.0391990130823432 0.683845541349997
1591949499.65946 17.5154699833549 -0.380800083306047 0.214956276478382 0.0209295816827614 0.728061284981875 0.0394063630422296 0.684058372123981
1591949499.69246 17.5388593148275 -0.381255100313599 0.213482688442352 0.0208998494862424 0.727876155503434 0.0394991988318385 0.684250912920572
1591949499.72546 17.5622079680571 -0.381693162585915 0.212090910451181 0.021051979572913 0.7277433673576 0.0395159186268128 0.684386511847042
1591949499.75846 17.5855510031934 -0.382177895762632 0.210657271513527 0.0211836828383438 0.72755990493924 0.0396688886228648 0.684568634675614
1591949499.79146 17.608887825591 -0.382590201613259 0.209281513757389 0.0212485648024667 0.72741806067931 0.0397799839710239 0.684710899845075
1591949499.82446 17.6322025382592 -0.383042423144102 0.207890271680309 0.0213602122458972 0.727263418511813 0.0399111707793333 0.684864044810606
1591949499.85746 17.6552284887442 -0.383541592745291 0.206779661351355 0.0214755711545099 0.727191411834178 0.0399302493742039 0.68493578208699
1591949499.89046 17.6785738536179 -0.383982232309385 0.205374865735108 0.0217325069401847 0.727032371080781 0.0397989490945765 0.685104133102202
1591949499.92346 17.7018582463626 -0.384491497864896 0.204077162370577 0.0219356330854961 0.726902993841932 0.0395559613796287 0.685248999608251
1591949499.95646 17.7255338070978 -0.384939262934307 0.202693478317133 0.0219891172685485 0.726725293891605 0.0395575722831616 0.685435645713712
1591949499.98946 17.7488765042816 -0.385395926595707 0.201366149507819 0.0221858257125675 0.726546799810173 0.039490885265302 0.685622349988688
1591949500.02246 17.7721876533363 -0.38588044250605 0.200046274258868 0.0225112414061038 0.726373687694008 0.0395004597064562 0.685794592803955
1591949500.05546 17.7955596355125 -0.386401997472688 0.198747478031283 0.0229541230414858 0.726224130377925 0.0394517797781327 0.68594108913562
1591949500.08846 17.8189093270546 -0.386898276986711 0.197408749083578 0.0233029286243611 0.726049455359264 0.0395331984454882 0.686109530695147
1591949500.12146 17.8422947512835 -0.38739033409111 0.196094409912204 0.0234552064853926 0.725868484502304 0.0397188587573534 0.686285078341405
1591949500.15446 17.8656003576329 -0.387804796149653 0.194766206218784 0.023547308898422 0.725684271869866 0.0397812947776288 0.686473095168456
1591949500.18746 17.8889734915791 -0.388338779925562 0.193431259940495 0.0236687311651852 0.725505982280468 0.0398674865157074 0.686652346066919
1591949500.22046 17.9124011081539 -0.388877814788238 0.192156186358306 0.0236431157572463 0.725320377734598 0.0400111755072936 0.686840926674258
1591949500.25347 17.9356931514998 -0.389457617160482 0.191113438890412 0.0236596216454664 0.725202498990392 0.0401630640104247 0.686955956412766
1591949500.28646 17.9590487950612 -0.39001289150609 0.189881636118376 0.0236521935743909 0.725047164993836 0.0403973552592161 0.687106422587929
1591949500.31947 17.9824287870543 -0.390554497253977 0.188618219615025 0.0236594098354498 0.724872503400472 0.0406527268093662 0.687275375626928
1591949500.35247 18.0056889510864 -0.391091659289357 0.187422614399949 0.0237141531920808 0.7247316106321 0.0408170849054601 0.687412319549778
1591949500.38547 18.0290230132777 -0.391612453805697 0.186186498982033 0.0237507528846476 0.7245784124693 0.0409375377379752 0.687565374291662
1591949500.41847 18.0523121685114 -0.392155181029798 0.185073285094121 0.0236729398457431 0.724428295215183 0.0410031074745726 0.687722314737651
1591949500.45147 18.0755247500685 -0.392655747782276 0.183857720410003 0.0235960155443111 0.724283936792212 0.0410054117933185 0.687876851739371
1591949500.48447 18.0987286953871 -0.393173481492103 0.18271726402772 0.023529370706807 0.724115640014533 0.0410490164385746 0.688053694743303
1591949500.51747 18.1219627087511 -0.393694967115484 0.181637331305046 0.0234989230870143 0.723965702902799 0.0410436706658374 0.688212815001639
1591949500.55047 18.1443392995592 -0.394082776980806 0.180398818288715 0.0237501681370542 0.723785571659544 0.0410172804514664 0.688395205151295
1591949500.58347 18.1674331127262 -0.394588070849117 0.179263930056688 0.0238045022659323 0.723599084964674 0.0412808479438101 0.688573599191254
1591949500.61647 18.1906232296232 -0.395082356538098 0.178087438293884 0.0240042093470406 0.723406166057057 0.0414243253178305 0.6887607292204
1591949500.64947 18.21435510384 -0.395645972732028 0.177007372556183 0.0241953154198644 0.723242610082036 0.0414227538507483 0.68892588072802
1591949500.68247 18.2374125352416 -0.396155660126782 0.175820464732183 0.0242469041638837 0.723012700084062 0.0415741041762672 0.689156235564594
1591949500.71547 18.2604386114966 -0.396648579051038 0.174713640448642 0.0243274994782036 0.722806599240019 0.0416240929103685 0.689366540929864
1591949500.74847 18.2835722971385 -0.397161331605519 0.173631555130456 0.0242787357640435 0.722606902891394 0.0418362904834632 0.689564740747372
1591949500.78147 18.3065938410699 -0.397655528594536 0.172553891089826 0.0242993333159436 0.722430987334923 0.0419305230479239 0.689742591243731
1591949500.81447 18.3296774675967 -0.398139211290328 0.171557125964373 0.0243588013275532 0.722293726742826 0.041899138168301 0.689886137943501
1591949500.84747 18.3525852636416 -0.39867210887272 0.170561201869496 0.0243077010340107 0.722148170261067 0.0419481773892483 0.690037322376663
1591949500.88047 18.3755367181504 -0.399190251437968 0.169554688918295 0.0242668069830854 0.721989413182545 0.0420811536633957 0.690196773273773
1591949500.91347 18.3984586256775 -0.399676040373559 0.168529162015436 0.0242525826848527 0.721816051474499 0.0422621844885973 0.690367516493302
1591949500.94647 18.4213310472374 -0.400204999734781 0.167620351671772 0.0242345460985077 0.721653524047776 0.0424847307137782 0.690524384552062
1591949500.97947 18.4441571191466 -0.40070910771776 0.166603668856808 0.0243501565063217 0.721471031821223 0.042646072959399 0.690701044289119
1591949501.01247 18.4669127195734 -0.401215319652108 0.165565697829838 0.0244086258489979 0.721284933988523 0.0427945731930255 0.690884134635152
1591949501.04547 18.4896012277344 -0.401764491946822 0.164672401485738 0.0243859359895686 0.721130132694929 0.0429968934730671 0.691033953577517
1591949501.07847 18.5122643504513 -0.402272985499875 0.163743315915751 0.0242407053697232 0.720967180003619 0.0432427609980079 0.691193733465573
1591949501.11147 18.5349044794492 -0.402780486887811 0.162856283860191 0.0241103365288825 0.720829576027835 0.0433007723693251 0.691338164076175
1591949501.14447 18.55745369677 -0.403283246091486 0.161959171584414 0.0240346673096381 0.720717337022552 0.0432525561282896 0.691460824104161
1591949501.17747 18.5799443175132 -0.403782503287502 0.161104772716464 0.0238317868456426 0.720580868636798 0.0433620536418764 0.691603202706827
1591949501.21047 18.6023958642249 -0.404266424807162 0.160232533245868 0.0236991363373389 0.720432938453332 0.043510628629852 0.691752526070268
1591949501.24347 18.6241364699811 -0.404795489063492 0.159313942599297 0.0235788449278538 0.720264372877662 0.0437838310811578 0.691914913389554
1591949501.27647 18.6464444676841 -0.405274730727927 0.158463290180322 0.0235494135117135 0.72011450041659 0.0440521131895887 0.69205486974412
1591949501.30947 18.6685856461332 -0.405754652478807 0.15759406943137 0.0235405063624184 0.719967926604433 0.0443292201299112 0.692189966312564
1591949501.34247 18.691492585477 -0.406221622277149 0.156676421534691 0.0234152288399093 0.719830146003595 0.0446509947213348 0.692316818106576
1591949501.37547 18.7134937178141 -0.406699835813009 0.155867731297888 0.0231298489473053 0.719690628539927 0.0449761926393438 0.692450396328248
1591949501.40847 18.7354318227553 -0.407161066164744 0.155076651752775 0.0228335875479137 0.719562790693035 0.0452107418590391 0.692577798048926
1591949501.44147 18.7573185902375 -0.407638481816493 0.154274143882105 0.022583887963751 0.719427883376658 0.0453060419363165 0.692719893743991
1591949501.47447 18.7790940056551 -0.408103436602272 0.153496007542329 0.0222845493148555 0.719287046012296 0.0454611451684527 0.692865664166375
1591949501.50747 18.80074051498 -0.408521368478992 0.152745988765108 0.0220627650203357 0.719170332454528 0.0455987114685822 0.692984866233965
1591949501.54047 18.8222342561978 -0.408985967302579 0.152028714092359 0.0218810244246104 0.719046938779532 0.0456175012107597 0.69311742452863
1591949501.57347 18.8436362016228 -0.409405797339257 0.15129933447863 0.0217511071490581 0.718934669115429 0.0456612168513665 0.693235085780669
1591949501.60647 18.864914412034 -0.409827045510585 0.15056365399759 0.0216950782328224 0.718799388970447 0.0455666637873543 0.693383329153127
1591949501.63947 18.8860608324419 -0.410290461446127 0.149872178281719 0.0215871023140913 0.718681950426033 0.0455802119621555 0.693507530905757
1591949501.67247 18.9070762338904 -0.410721670667375 0.149200545163809 0.0215842454506871 0.718572667729586 0.0455204926631191 0.69362477340996
1591949501.70547 18.9280236987719 -0.411132064155314 0.148528328872921 0.0216404660121328 0.718452580502447 0.0453283046614337 0.693759990628368
1591949501.73847 18.9488088649021 -0.411532120821639 0.147864242955545 0.0217064822115799 0.718341456472357 0.0452194104241574 0.693880094442882
1591949501.77147 18.9695080695455 -0.411924312686498 0.147228673020333 0.0217127307917874 0.71822992844296 0.0450288673705953 0.6940077292896
1591949501.80447 18.990063886253 -0.412420142347919 0.146541632081423 0.0217249918435106 0.718128518907627 0.0446496743471289 0.694136774448402
1591949501.83747 19.0105404470677 -0.412835436872453 0.145979996428548 0.0215812531369016 0.718061445907863 0.0443722398237996 0.694228430523246
1591949501.87047 19.030904761965 -0.413261541646111 0.145391804123419 0.0215003583671597 0.71799412374971 0.0441096570996144 0.694317298503735
1591949501.90347 19.0509473414768 -0.41383739072809 0.144921734972851 0.0213758512907372 0.7179493420693 0.0438950562513031 0.694381047581622
1591949501.93647 19.071106770728 -0.414285990629443 0.144349081615457 0.0213360185245563 0.717889616274353 0.0436903706325773 0.694456927874558
1591949501.96947 19.0911525918404 -0.414745420445255 0.143776290473587 0.0213411535270155 0.717797056346305 0.0435110223526417 0.694563699023022
1591949502.00247 19.1112429222079 -0.415146054701529 0.143154494615441 0.0212826925653104 0.717678550633197 0.0433648807569163 0.694697079362755
1591949502.03547 19.1311099430534 -0.415601634477375 0.142564403905218 0.0211747541313633 0.717560743181159 0.0432581620962533 0.694828713457377
1591949502.06847 19.1508134412482 -0.416043083047629 0.141994180716171 0.0211938904855129 0.717441190506642 0.0432069359032064 0.694954759578173
1591949502.10147 19.1703423506969 -0.416520154051317 0.141463873682863 0.0211578987421545 0.717340046659233 0.0431887841996699 0.695061385561808
1591949502.13447 19.1898191850872 -0.41693445419333 0.140876380342406 0.0213075649803041 0.717253854928809 0.0431335617393669 0.695149186229869
1591949502.16747 19.2091917570657 -0.417387644487566 0.140351320530996 0.0212634531915814 0.717163374234781 0.0430729703573546 0.695247638931012
1591949502.20047 19.2284327832371 -0.417836457490735 0.139811580137928 0.0211754610003477 0.717076799828572 0.0431257804821753 0.695336343115215
1591949502.23347 19.2473315598643 -0.418320670676372 0.139313866753003 0.0211762804431838 0.716967611716837 0.0432328945275881 0.695442251899044
1591949502.26647 19.2663591641711 -0.418744705971903 0.138775791872928 0.0213340805681931 0.716807225452289 0.0432366906806514 0.695602506554345
1591949502.29947 19.2854416783451 -0.419228565391068 0.138115278194167 0.0214471034489559 0.716579017033578 0.0432344864207025 0.695834257050327
1591949502.33247 19.3042100737041 -0.419707880095559 0.137626450726063 0.0214278998903252 0.716351639787282 0.0433056693071797 0.696064502963784
1591949502.36547 19.3227955363217 -0.420159969164371 0.137195453247651 0.021394510525615 0.716100028100472 0.0431098748489602 0.696336530252707
1591949502.39847 19.3413379315951 -0.420631185162818 0.136788828626369 0.0212962960948064 0.715848449000767 0.0429083356121609 0.696610608999628
1591949502.43147 19.3597054253011 -0.421074066655888 0.136382311910147 0.0213347940156936 0.715578094079521 0.0425956118337196 0.696906329208122
1591949502.46447 19.3779291548869 -0.421538426571771 0.13603289957584 0.0212902621768535 0.715280694107517 0.0422862104484389 0.69723176188368
1591949502.49747 19.3959802506522 -0.422017171648826 0.135759595078547 0.0211838279490115 0.714985933423759 0.0419757176990122 0.697556018942734
1591949502.53047 19.4139477626946 -0.422483188728432 0.13550376674162 0.0209967628513744 0.714683544843461 0.0415348335329984 0.697897860924602
1591949502.56347 19.4317579527197 -0.42293984031285 0.135251310958225 0.020725102859129 0.714350820671968 0.041188948339689 0.69826703033398
1591949502.59647 19.4491664027054 -0.423476251127209 0.135061046569739 0.0206530859895805 0.71402713026752 0.0408892853862732 0.698617759308791
1591949502.62947 19.466648336153 -0.423954886789286 0.134777867348618 0.0206321864768188 0.713682417567466 0.0407268614365481 0.698980001497734
1591949502.66247 19.4839745410832 -0.424436454780486 0.13452007263642 0.0206166310786594 0.713339068028332 0.0408240539103514 0.699325192717782
1591949502.69547 19.5011631929041 -0.424934616797665 0.134295490911096 0.0206807065753244 0.713003118351949 0.0409852714984426 0.699656393607705
1591949502.72847 19.5181641330473 -0.425423503428389 0.13403610500193 0.0207446194995392 0.712661925526974 0.0411559577821042 0.699992019815257
1591949502.76147 19.5350198147024 -0.425886749663299 0.133793187550833 0.0208908912962563 0.712302535133094 0.0412730872271646 0.70034648665825
1591949502.79447 19.5516946172526 -0.426353236355538 0.133551948573336 0.0212590862068381 0.711911845383958 0.0412768417577917 0.700732329773759
1591949502.82747 19.5683005338943 -0.426842818533864 0.133541312859023 0.0214718514379246 0.71153201848847 0.0414035325855371 0.701104053440707
1591949502.86047 19.5846730947579 -0.427339808146496 0.133289702103626 0.0218061698208254 0.711064175910349 0.0415527040150431 0.701559406952625
1591949502.89347 19.6007675313629 -0.427915185885564 0.133163583816865 0.0222156413622483 0.710585908907116 0.0415765448984112 0.70202957363335
1591949502.92647 19.6167846321418 -0.428465214301586 0.133019420168535 0.0225590410187022 0.710064700666934 0.0416710413346146 0.702540201589335
1591949502.95947 19.6325459889465 -0.428983734436432 0.13279316043316 0.0231775642862415 0.709515113350631 0.0414810655384328 0.703086357172854
1591949502.99247 19.6481754686628 -0.429557796579656 0.132718514070811 0.0237360442579223 0.708967471302032 0.0412005561107275 0.703636439516002
1591949503.02547 19.6636479146718 -0.430119510368211 0.132677361412519 0.0242878636507038 0.708393932040585 0.041026712944351 0.704205187109798
1591949503.05847 19.6789811995815 -0.430674906333733 0.132633771309705 0.0250187473132417 0.707823205571383 0.0407390891739435 0.704769961441891
1591949503.09147 19.6941632987828 -0.431203271141599 0.132651005946492 0.0256959200416089 0.707230058931883 0.0405420738832067 0.705352184147514
1591949503.12447 19.7092363378195 -0.431711447511622 0.132632320995221 0.0264185129812819 0.706615492829164 0.0404009572790319 0.705949268798115
1591949503.15747 19.7241732381267 -0.432197302987904 0.132675215515454 0.0270655580186603 0.705957377616455 0.0402020164743783 0.706594250209716
1591949503.19047 19.7389463514881 -0.432732380243515 0.132782515624157 0.0274439619961342 0.705289407665456 0.0399043534255648 0.707263262839625
1591949503.22347 19.7536371281922 -0.433268821678392 0.133043285730878 0.0279478949468843 0.704583037917671 0.0394583237391022 0.707972244183657
1591949503.25647 19.7681755120666 -0.433828768162171 0.133218971972023 0.0284444223899565 0.703820791618724 0.0392755322117197 0.708720424913506
1591949503.28947 19.7825651108054 -0.434401062681561 0.133404411767037 0.0289386824004456 0.70300916966793 0.0392388676494825 0.709507555484309
1591949503.32247 19.7968580998877 -0.434979474908908 0.133602657440523 0.0293870960109436 0.702149758990076 0.0393243378161611 0.710334928743858
1591949503.35547 19.8110311451887 -0.435655691970567 0.133972245484557 0.0297156602736709 0.701289880642048 0.0394674981209517 0.711162287692222
1591949503.38847 19.8250452152559 -0.43626487554887 0.134231781978796 0.0301109072309308 0.700343183321936 0.0396299718102439 0.712068974309755
1591949503.42147 19.8390167035662 -0.436894150538395 0.134582565997693 0.0303689053517232 0.69938541778527 0.0397848315041728 0.712990136088323
1591949503.45447 19.8528718562399 -0.437586369689648 0.134954179320932 0.0304436200601381 0.698386580941755 0.0400728786584216 0.713949251665794
1591949503.48747 19.8665241712526 -0.438254584869686 0.135336404935553 0.0305955425806363 0.697314395038788 0.0405076074150056 0.714965510348155
1591949503.52047 19.8802079271833 -0.438874812816467 0.135697208670052 0.0309646271542706 0.696194623498385 0.0407896020142209 0.716024054375731
1591949503.55347 19.8936294359576 -0.439457883588959 0.136203155389207 0.0314684012618533 0.69503796348748 0.0408846217460741 0.717119527511196
1591949503.58647 19.906871229057 -0.440022900012178 0.136751550900337 0.0319311921605133 0.693828353574227 0.0409748337273105 0.718264350879748
1591949503.61947 19.9200592701856 -0.440565916495894 0.137341004722587 0.0322753824739721 0.692565056002438 0.0410626069825093 0.71946216384067
1591949503.65247 19.9331913368523 -0.441060134893576 0.138011989273709 0.032562601753701 0.691245521549736 0.0411423641018291 0.720712572237071
1591949503.68547 19.9461019535153 -0.441677902185809 0.138854606715814 0.0327458945343003 0.689939560384487 0.0411942092454064 0.721951623401634
1591949503.71847 19.9590303467339 -0.442204263214101 0.13967094859784 0.0330873808396398 0.688533606221002 0.0411480459704833 0.723279708443619
1591949503.75147 19.9718209681749 -0.442782829941118 0.140514199190513 0.0333711813598535 0.687047712222662 0.0411501299463837 0.724678185258567
1591949503.78447 19.9846406912894 -0.44334299590377 0.141454795325656 0.0335673716377232 0.685487412177624 0.0410902094999444 0.72614863078478
1591949503.81747 19.9974343809925 -0.443923804202541 0.142471646439947 0.0337046122339807 0.683843807151957 0.0411122793734653 0.727689100522189
1591949503.85047 20.0101019736525 -0.444525729815251 0.143548653686023 0.0339499089065035 0.682119655861294 0.0411747741569905 0.729290625708319
1591949503.88347 20.0230498603358 -0.445098658033395 0.14463081953749 0.0342078513000898 0.680318998345434 0.0409780541162083 0.730969686430666
1591949503.91647 20.03576566615 -0.445688068461817 0.145886714113933 0.0343955656660551 0.678445140552636 0.0408131290239979 0.732709645645734
1591949503.94947 20.0483631053022 -0.446342111669214 0.147184972548264 0.0345436156763587 0.67648269986513 0.0407779875173902 0.734516882810205
1591949503.98247 20.0610029520541 -0.44700238146481 0.14861129514381 0.0345603698176557 0.674464265460268 0.0407666944299317 0.736370567092727
1591949504.01547 20.0734872139517 -0.447683861914625 0.150150107724851 0.034368117266132 0.67235939070819 0.0405216305047908 0.738315433743144
1591949504.04847 20.0857358192513 -0.448481787531592 0.151950909359392 0.0339305533118089 0.670184092610837 0.0401960081376017 0.740328494989316
1591949504.08147 20.0980908602985 -0.449197952083589 0.153702601360227 0.0335864132363339 0.667915476370389 0.0397862914307362 0.742413577654008
1591949504.11447 20.1105080406643 -0.4498520967979 0.155541103034138 0.0334387252619995 0.665574947896118 0.0394116763763647 0.744539159582045
1591949504.14747 20.1228293866689 -0.450466493242072 0.157548506299743 0.0332464872361358 0.663182656053612 0.0390592891933977 0.746697936065073
1591949504.18047 20.1349730418414 -0.451117680045905 0.159598763352301 0.0329817613550501 0.660712412930868 0.0386113912570367 0.748919535919704
1591949504.21347 20.1472661849067 -0.451765743927539 0.161714172258812 0.0328068510742009 0.658182779551213 0.0381414751620954 0.751175323807494
1591949504.24647 20.1594321153803 -0.452344341024325 0.163872882542808 0.0328383878763565 0.655610292143929 0.0377044857734135 0.753442205394147
1591949504.27947 20.1715195509978 -0.452942219098062 0.166157484976021 0.0326969424286151 0.653008962131745 0.0372133064169736 0.755728373926081
1591949504.31247 20.1834873228368 -0.4535178054509 0.168582990592944 0.032432593713246 0.650364100132766 0.0366135032432476 0.758046248921387
1591949504.34547 20.1955162594422 -0.454101363676004 0.171036682968606 0.0321605773283157 0.647690807913211 0.0361134601653696 0.760367103842299
1591949504.37847 20.207515799209 -0.454716221679072 0.173804335881609 0.0318505970929254 0.644962760396636 0.0356954862497049 0.762715156154493
1591949504.41147 20.2193637398989 -0.455342957849216 0.176490541922351 0.0315435693413763 0.642191237081602 0.0353216826873243 0.765080255254927
1591949504.44447 20.2312020419332 -0.455942325535386 0.1792251091534 0.0312272985800767 0.639351853486166 0.0349146216469922 0.767486177375491
1591949504.47748 20.2430619121923 -0.45651367314023 0.182017201325167 0.030856311703844 0.636439160642134 0.0346049699476685 0.769932191094834
1591949504.51047 20.254794999432 -0.457251745341098 0.185025269008565 0.0304420211111163 0.633472847229923 0.0343801867900909 0.772401086178265
1591949504.54348 20.266711613724 -0.457875806793585 0.188025659677949 0.0299144480341832 0.630399571250668 0.0342022733966275 0.774939811121023
1591949504.57648 20.2784016631615 -0.458621034268707 0.191110558179741 0.0294271216725823 0.627255982442079 0.0338811369851351 0.777519160893983
1591949504.60948 20.2900896419486 -0.459324543870224 0.194331261274705 0.0290614972781425 0.624062263662967 0.0335075616726934 0.780114711922904
1591949504.64248 20.3016610589293 -0.460051951139711 0.197664210106746 0.0286012319376005 0.620800660041112 0.0331885866584014 0.782743270644845
1591949504.67548 20.3131271332571 -0.460824515798776 0.201139021335806 0.0281911950303036 0.617469126931489 0.0328574698118571 0.785402775960711
1591949504.70848 20.3246354864904 -0.461507524366657 0.204736016031648 0.0278695893753481 0.614054298532869 0.0325241930702797 0.788100743120119
1591949504.74148 20.3361369341197 -0.462303308528181 0.208435978891497 0.0275243711070464 0.610578121212486 0.0321491442915687 0.790824379627432
1591949504.77448 20.3474878905324 -0.462986992391588 0.212152227435472 0.0273366663682919 0.6070236529782 0.0316473688895472 0.793582658227383
1591949504.80748 20.3588445395918 -0.463673575366859 0.216096637906076 0.0271491893247525 0.603404996341939 0.0311692831824317 0.79636286182524
1591949504.84048 20.3701865889906 -0.46438124049113 0.220119036357301 0.0270033966729981 0.599713242576102 0.0306232571930292 0.799172734373407
1591949504.87348 20.3815937369827 -0.465039616079189 0.224374856828728 0.0269559411763036 0.595967426655424 0.0299462597746956 0.801997147829416
1591949504.90648 20.392901329525 -0.465710637587125 0.228671964734166 0.0269152863883296 0.592098232922671 0.0293555662909453 0.804881047519584
1591949504.93948 20.4041343397513 -0.466378135303114 0.233077538347055 0.026749268246844 0.58813880005729 0.0289398991564748 0.807799301034758
1591949504.97248 20.4153787979773 -0.467002860841767 0.23762321886595 0.0267045361904224 0.584112398667625 0.02818470118503 0.810743606875021
1591949505.00548 20.4264814848124 -0.467723339533233 0.242303244199184 0.0265167490130989 0.579975659612901 0.0274983698454023 0.813737633352546
1591949505.03848 20.4377539494298 -0.468478173920822 0.247159894443776 0.0265037747044931 0.575806384820847 0.0270436145776226 0.816708760842283
1591949505.07148 20.4490548833692 -0.469180049986797 0.252091099601128 0.0264559858131298 0.571506247004872 0.0265288787946525 0.819741977111676
1591949505.10448 20.4602033853934 -0.469893703863931 0.257197716446249 0.0263405221578759 0.567199664782628 0.0257701516685531 0.822755502227669
1591949505.13748 20.471469761507 -0.470652424856231 0.262478003381712 0.0260726952345905 0.56283511090788 0.0250376459783727 0.825778401737646
1591949505.17048 20.4826552326143 -0.471430529712993 0.267796309316717 0.0256790816713688 0.558442852510479 0.0244454439108983 0.828785005605479
1591949505.20348 20.4938490194698 -0.472153843363458 0.273403180326634 0.0252518421634176 0.554029327888938 0.0238107324283471 0.831773344924873
1591949505.23648 20.5050228296 -0.472974272686811 0.279058065661978 0.0248962915310911 0.549628566035755 0.023196643052002 0.834715837765521
1591949505.26948 20.5162478126037 -0.473815039584633 0.284969362543079 0.0245201023816023 0.545207795741936 0.022721975308291 0.837634130082762
1591949505.30248 20.527384705964 -0.474619678560402 0.290861261556734 0.0241202156273604 0.540754202463354 0.0223927197533657 0.840536539252375
1591949505.33548 20.5384556080907 -0.475491451233172 0.297008343852784 0.0237778010642018 0.536267590043672 0.0221077026306779 0.843423344192996
1591949505.36848 20.5496000578793 -0.476308870576916 0.303193722761633 0.0235411225455234 0.531723548974982 0.0218826243289099 0.846307883554931
1591949505.40148 20.5607060513466 -0.477099627224802 0.30949884644995 0.0232716905862006 0.527138726278174 0.0217411327002003 0.849182262428977
1591949505.43448 20.5718614665215 -0.477905643593838 0.315851503491413 0.0232197215854284 0.522443345154727 0.0217289656125551 0.852080775329688
1591949505.46748 20.583032793825 -0.478626838320728 0.322510189808495 0.0232819163941732 0.517734068537338 0.021680196805977 0.854949914153598
1591949505.50048 20.5941025947145 -0.479429518148759 0.329186310816845 0.0231879247112921 0.512991386972044 0.0217341346886242 0.857805213570901
1591949505.53348 20.6051960729323 -0.480175006112313 0.335945672570192 0.0232043636283887 0.508201033048268 0.02177554239654 0.860650389688293
1591949505.56648 20.6162612523182 -0.480989055506414 0.342925051999753 0.0230861030468196 0.503397301830614 0.0218747796219171 0.86346956076764
1591949505.59948 20.6272500308688 -0.481802776419565 0.350018359013214 0.0229407409415193 0.498628827167878 0.0218833076533472 0.866235612272083
1591949505.63248 20.6382024315869 -0.482685028230792 0.357302124772147 0.022663571902336 0.493848528531446 0.0219178647167445 0.8689761795252
1591949505.66548 20.6490761055245 -0.483558165373809 0.364713567400834 0.0223707772564094 0.489091277038634 0.021918327849143 0.871670154332452
1591949505.69848 20.6598257799987 -0.484453820803572 0.372368316450465 0.0220039889142251 0.484321526962438 0.0218525484929906 0.874340293659738
1591949505.73148 20.6705687755065 -0.485346912188853 0.380104626646492 0.0217206255703842 0.479530682484465 0.0216909811206565 0.876988050271404
1591949505.76448 20.681317129097 -0.486247772163866 0.388002123028504 0.0215401466344261 0.474693509567642 0.0214005482930795 0.879627256620711
1591949505.79748 20.6919243141571 -0.487159140654105 0.396127159705022 0.0212325028058749 0.469800583159401 0.020992632718202 0.88226747772954
1591949505.83048 20.7023479846242 -0.488068326990231 0.404284187247913 0.0209818783993597 0.464837265177548 0.0204719546459423 0.884910716826317
1591949505.86348 20.7128861213628 -0.48898548088703 0.412688422220056 0.0207687874334948 0.45981094385115 0.01988500004328 0.887551204244879
1591949505.89648 20.7234003271628 -0.489890605473919 0.42116985799739 0.020644222016674 0.454692235387003 0.0193690811371733 0.890198644051988
1591949505.92948 20.7336702223127 -0.490769845593801 0.429786174816109 0.0206535994064254 0.449552722905982 0.0189385708005282 0.892814151262966
1591949505.96248 20.7440419037767 -0.491658868508746 0.438590342047634 0.020804525663994 0.444361965501255 0.0186067005754718 0.895412422306868
1591949505.99548 20.754215055609 -0.49259239351875 0.447425736981491 0.0209857329689356 0.439167903779893 0.0183306263262796 0.897972794376209
1591949506.02848 20.764363697488 -0.493521291999864 0.456412259552807 0.0211053804499853 0.433921960186489 0.0180803403886144 0.900521735815082
1591949506.06148 20.7745045496294 -0.494413749975669 0.46567362421496 0.0212589057428877 0.428640391811649 0.0177068215487241 0.903051461382358
1591949506.09448 20.7846428401762 -0.495265557528913 0.475121186724488 0.0212796201387736 0.423307721413193 0.0173163165573933 0.905570480934314
1591949506.12748 20.7949327612929 -0.496058995807025 0.484657984493293 0.021268806961245 0.417881426959507 0.0170572344786771 0.908092397063576
1591949506.16048 20.8049978311301 -0.496969024081755 0.494348805014512 0.0213620026984627 0.412470397863219 0.0170814733932663 0.910560299482678
1591949506.19348 20.8149361264564 -0.497910225296579 0.504186390008959 0.0213013491528509 0.40705146091714 0.0172010068199792 0.912994789718906
1591949506.22648 20.8248081360707 -0.498855899553684 0.514211240593665 0.0214232207141323 0.401603949780264 0.0171032570743812 0.915403076099579
1591949506.25948 20.8344619166409 -0.499873656187344 0.524245497881253 0.0215550043092427 0.396115127490895 0.0168064004653303 0.917793948806321
1591949506.29248 20.8442798957302 -0.500894778800181 0.534641573382615 0.0214627041417243 0.390582171838455 0.0166422730998985 0.920167351148121
1591949506.32548 20.8539528508438 -0.501959098629907 0.545195978327732 0.0213981930879109 0.385049745851712 0.0166366507947643 0.922497714036429
1591949506.35848 20.8635125588011 -0.503033178678871 0.555903615579015 0.0214255595487866 0.379516097537862 0.0166115352691737 0.924787831885592
1591949506.39148 20.8728561852352 -0.504099893625635 0.566773803814659 0.0214937733992825 0.373987685526169 0.0162930267663243 0.927041404716441
1591949506.42448 20.8823578728667 -0.505191561306486 0.577907116340959 0.0212522283390919 0.368381791738714 0.0158854502174657 0.929295889788278
1591949506.45748 20.8915887397844 -0.506274497574769 0.589254778780772 0.0210367984415406 0.362764319919841 0.0153518015483502 0.931516947507476
1591949506.49048 20.9007375083294 -0.507375274085591 0.60071445173027 0.0206595028682524 0.357068211935134 0.0150887989342529 0.933727907429892
1591949506.52348 20.9103346574016 -0.508537708460293 0.612550920797513 0.0209170004686868 0.351368461490538 0.0145552966839743 0.93589039246036
1591949506.55648 20.9193512961719 -0.509619219893713 0.624320375248035 0.0212755460313098 0.34555575804162 0.0139965443994668 0.938052592326371
1591949506.58948 20.9283021028958 -0.510623100221723 0.636295835554749 0.0216852695911948 0.339738268872239 0.013568145936803 0.940172092311982
1591949506.62248 20.9371045548334 -0.511661901063975 0.64836116601592 0.0218686249752241 0.333876638727445 0.013266534146758 0.942269681368073
1591949506.65548 20.9452210127863 -0.512660418662926 0.66017452327925 0.0220253181159726 0.327952939535106 0.0131914239311645 0.94434513878499
1591949506.68848 20.9540519137541 -0.513685506083619 0.672683468287645 0.0224014096321137 0.322047774098439 0.0130841290456528 0.946367906055489
1591949506.72148 20.9626410018952 -0.514794927233655 0.685307992288051 0.0227039588422867 0.316158441496249 0.0131095807666797 0.948344087879327
1591949506.75448 20.9713196029818 -0.515911288974584 0.698140450401468 0.0225315929550325 0.310161180462552 0.0134931666793997 0.950321158296471
1591949506.78748 20.9799546589318 -0.517123862608834 0.711165830406786 0.0224121831130928 0.304191979997779 0.0140483175552116 0.952243444780275
1591949506.82048 20.9884506909684 -0.518293467469608 0.724256063334481 0.0224610408525445 0.298202489811214 0.0146653127778707 0.95412562344554
1591949506.85348 20.996704756766 -0.51955410458184 0.737499853297042 0.0225742931330239 0.29224553478196 0.0151926086782898 0.955956135673128
1591949506.88648 21.0048226210618 -0.520843276427309 0.750908131231359 0.0227089405102998 0.286297155991188 0.0154194091739333 0.957747609922877
1591949506.91948 21.0126286604278 -0.522195638147915 0.76427348306858 0.0227591987631723 0.280296326753163 0.0157084299808613 0.959515103220309
1591949506.95248 21.0204558245529 -0.523477375910027 0.777948739112935 0.0227728516405867 0.27432012358906 0.0159596157199432 0.961236265279411
1591949506.98548 21.0281112452707 -0.524769631669126 0.791890573518961 0.0227750209859244 0.268297637587538 0.0161324038552183 0.962931680665814
1591949507.01848 21.0357091839283 -0.52604187125528 0.805980885234649 0.0230102689298056 0.262190635468732 0.0162012673507328 0.964605679608259
1591949507.05148 21.0432448219236 -0.527443975478715 0.820535022908945 0.0230047170011542 0.256141262809048 0.0164022540365707 0.966226372308686
1591949507.08448 21.0504924946041 -0.528750120121945 0.834748126656906 0.0230399477074345 0.249884759287871 0.0168155089711754 0.967855364475148
1591949507.11748 21.0576056071354 -0.529991328935029 0.849217352457679 0.0229454220908094 0.243593984731497 0.0171664996861654 0.969453861458208
1591949507.15048 21.0646999663736 -0.531180030263349 0.863960514544114 0.022811325048296 0.237252201043082 0.01749509231263 0.971022635315329
1591949507.18348 21.0715249453776 -0.532310327085892 0.878896728870962 0.0227366868327183 0.230884367783139 0.0177912396138944 0.972552787039476
1591949507.21648 21.078181374402 -0.533610724874861 0.893814894424022 0.0225901182078974 0.224560785245609 0.018103644017778 0.974029978164177
1591949507.24948 21.0847325633609 -0.53482215976771 0.90899602683047 0.0222720564669424 0.218263043377484 0.0185733567630993 0.97545898417867
1591949507.28248 21.0911090150257 -0.536077291026932 0.924308311163753 0.0218564613884848 0.212040998718179 0.019065707782149 0.97683028656207
1591949507.31548 21.0973849137807 -0.537349927179346 0.939711119146009 0.0211827917574234 0.205832129436973 0.0195086973042038 0.978163500931361
1591949507.34848 21.1034333268691 -0.538699726625239 0.955298806159076 0.0204950909672069 0.199692463061589 0.0198815321445427 0.979442492503887
1591949507.38148 21.1093073508333 -0.540074993392107 0.971081637922392 0.0197168222860727 0.193604898630061 0.0201672307053566 0.980674091098088
1591949507.41448 21.115047352473 -0.541435732519387 0.98706048057492 0.018876680170201 0.187552119705575 0.0204358037024022 0.981860606841284
1591949507.44748 21.1205128621291 -0.542775485835792 1.00355330569647 0.0180607141477301 0.181759033772106 0.0205713357826562 0.98296199539495
1591949507.48048 21.1258531516883 -0.544100830612896 1.01966122098138 0.0175037837737603 0.1758036423507 0.0208975281933328 0.984047758091668
1591949507.51348 21.1310165564093 -0.545388618152982 1.03596140604208 0.0171488468565864 0.169934435431548 0.0210609356235074 0.985081033061094
1591949507.54648 21.1360480835244 -0.546645333974278 1.05242906471648 0.0168689835345625 0.164110237139611 0.0209395491942521 0.986075454891781
1591949507.57948 21.140721054303 -0.547888737763159 1.06839579696328 0.0165876198082038 0.1582615239558 0.0208053295635633 0.987038641171681
1591949507.61248 21.1453076333515 -0.549100753985887 1.08506983485458 0.0162827442017422 0.152701328617079 0.0205645419458677 0.987924225886984
1591949507.64548 21.149791863491 -0.550271508007663 1.10180594247533 0.0161253216022938 0.147277334739874 0.020121174758188 0.988759070249923
1591949507.67848 21.1540308382908 -0.551427102507734 1.11872207025281 0.0161440202719267 0.142087707638642 0.0194842908501668 0.989530604053014
1591949507.71148 21.1582192937907 -0.552557696327687 1.13566037816275 0.0161676979983985 0.137145123604237 0.0189880831730454 0.990236978359435
1591949507.74448 21.1622266592037 -0.553701782740762 1.15279874985902 0.0160591790146225 0.132487760929534 0.0185526975390876 0.990880867403987
1591949507.77748 21.1662330801997 -0.554873572949933 1.17002761912545 0.0157454348872093 0.128079728306263 0.0182241911874104 0.991471403184566
1591949507.81048 21.1700953076469 -0.556047160157472 1.18739851444315 0.0156045617086432 0.12393828791706 0.0179558546296802 0.992004730697685
1591949507.84348 21.1738451791749 -0.557290876038633 1.20495716968211 0.0155272287627186 0.12012443398626 0.0176655355382707 0.992480203520744
1591949507.87648 21.1775524438215 -0.558516650231903 1.22250041192185 0.0151988928321988 0.116485008513714 0.0174034672738681 0.992923640455339
1591949507.90948 21.1812218883144 -0.559769945059871 1.24022492219964 0.0148326243553949 0.113045871455065 0.0173563403261251 0.993327429225721
1591949507.94248 21.1848863538199 -0.561042734089831 1.2580122759899 0.0142810917654817 0.109763153084563 0.0174388311592258 0.993702162526942
1591949507.97548 21.1884178223663 -0.562353093518289 1.27580449404396 0.0140057973958769 0.106709351155124 0.017321189367884 0.994040707624311
1591949508.00848 21.1918671448763 -0.563582113877767 1.29374934107431 0.0138979350757528 0.103818435600592 0.0171874213707488 0.994350628489116
1591949508.04148 21.1952367620712 -0.564815306941004 1.3118686272205 0.01341819172183 0.101052345264176 0.0171441521937693 0.994642877465617
1591949508.07448 21.1985677764876 -0.566053271178074 1.33004140812367 0.0131642725382048 0.0983794507953572 0.0171403067613162 0.994914265388668
1591949508.10748 21.2018084872912 -0.567232074722555 1.34843026908085 0.0130734113359337 0.0957681324355445 0.0171950283231322 0.995169272901257
1591949508.14048 21.2050121300702 -0.568490374295574 1.3667556084744 0.0129739453685607 0.0931304239151058 0.0174318892551011 0.995416762024814
1591949508.17348 21.2081635321886 -0.569736635586613 1.38517094044471 0.0129806844382803 0.090469764287 0.0176928438683218 0.99565741440378
1591949508.20648 21.2112661157064 -0.571030306581365 1.40372866823216 0.012966101702151 0.0878060363892828 0.0178400483804629 0.995893424445626
1591949508.23948 21.2142602370327 -0.572339813232291 1.42204901892036 0.012988506829826 0.0851189525092817 0.0179889175518485 0.996123717948412
1591949508.27248 21.2171056292978 -0.573622984939889 1.44067469150079 0.0131817676479692 0.0824512708833059 0.0181458005493583 0.996342691474086
1591949508.30548 21.2199559496457 -0.574830014308413 1.45943899231133 0.013339495782466 0.0797963698722707 0.0183254342447075 0.996553448474903
1591949508.33848 21.2226656312487 -0.576083834797874 1.47829983739455 0.0133770832962978 0.0771687438301208 0.0185583349476031 0.996755550183764
1591949508.37148 21.2253207370744 -0.577317272274146 1.4974276745377 0.0135552067098347 0.0746130778888405 0.0187433299090848 0.9969442474697
1591949508.40448 21.2278555636422 -0.578553672840787 1.51654214038756 0.0135691736689781 0.0720828977686844 0.0188786300871782 0.997127640124995
1591949508.43748 21.2303499437459 -0.579804826952995 1.53573714190146 0.0134739199391402 0.0695507921849378 0.0190166890305895 0.997306124681001
1591949508.47048 21.2326469099923 -0.581003822779325 1.55488175570001 0.0133315977792247 0.0670757895740645 0.0191090487196561 0.997475789786749
1591949508.50348 21.2350061613056 -0.582280075540204 1.57427969422585 0.0131596168935115 0.06467180481941 0.0194515611460209 0.997630201484297
1591949508.53648 21.2372770475432 -0.583580142775098 1.59383174013508 0.012928449214349 0.0622972084934855 0.0198052805171247 0.997777361879126
1591949508.56948 21.2394139353741 -0.584878252123544 1.61318473146144 0.012689651686327 0.0599869556330357 0.0201268750860512 0.997915550932658
1591949508.60248 21.2415531657901 -0.586212823305652 1.63294309555035 0.0122839081069521 0.0577651673985147 0.0203429089711085 0.998047322070269
1591949508.63548 21.2435582343101 -0.587545732289276 1.65277397794811 0.011977639776386 0.0555936878481929 0.0204396867380563 0.998172378511285
1591949508.66848 21.2452009617224 -0.588730106621392 1.67308350247457 0.011655523958873 0.0536362281271602 0.0201215452485576 0.998289751129573
1591949508.70149 21.2469837684373 -0.590073176256367 1.6930607927313 0.0112904351014204 0.051549650962675 0.0197896897580844 0.998410500615917
1591949508.73448 21.2486977191151 -0.591376705003874 1.71310707166676 0.0112188566250169 0.04948257431908 0.0194885877769085 0.998521810999262
1591949508.76749 21.2503445361401 -0.592684800348343 1.73326671797195 0.0113286059573486 0.0474531545627392 0.0192608798920824 0.998623492270681
1591949508.80049 21.2520969659769 -0.594134712150978 1.75284789228176 0.0115264815426779 0.0453299238298887 0.0192058736858125 0.998720918297393
1591949508.83349 21.2536921722495 -0.595473492230218 1.77306754634866 0.0119744110612478 0.0432846754783992 0.0192106784128621 0.998806287617065
1591949508.86649 21.2551930830809 -0.596806068300725 1.79333870218002 0.0126151478173957 0.0413344194827953 0.019279022773982 0.99887969400346
1591949508.89949 21.2567090906381 -0.598143801078262 1.81371702124354 0.0131932225888733 0.0393965421093848 0.0193709933514831 0.998948755424482
1591949508.93249 21.258086273919 -0.599556314586776 1.83425190189834 0.013716776071592 0.0375327217535868 0.0194933559661254 0.999011087989091
1591949508.96549 21.2594614317445 -0.600932261741383 1.85484063029286 0.0142933908080341 0.0357641487446672 0.0196389254260929 0.999065031542935
1591949508.99849 21.2607897752858 -0.602308378318854 1.8755236396178 0.0147479012232745 0.0340530707379227 0.0196267328360153 0.999118451006191
1591949509.03149 21.261914636564 -0.603714669375088 1.89621896197061 0.0153031310892398 0.0324977145611259 0.019454811284713 0.999165263129701
1591949509.06449 21.2628575967139 -0.605042491679197 1.91716349230086 0.0157068366171051 0.0310839242140179 0.0190182304933226 0.999212385755823
1591949509.09749 21.2637950378096 -0.606511311311392 1.93800958384358 0.0161508267096095 0.0296559282974487 0.0184149466474609 0.999260009433673
1591949509.13049 21.2646224893285 -0.608010608561271 1.95898110845926 0.0162689086537059 0.0283081487882177 0.017709353627274 0.999309936965257
1591949509.16349 21.2654349629699 -0.609504054669902 1.98013872130165 0.0159236377152708 0.0270280381197222 0.0168302331641027 0.999366132190277
1591949509.19649 21.2661518684474 -0.611045528119277 2.00107982208012 0.0158005688950539 0.0257158796327764 0.0158756346674675 0.99941833072103
1591949509.22949 21.2667611742438 -0.612635895434433 2.02239149069662 0.0156353979987035 0.0245568931215874 0.0148779410150103 0.999465427216365
1591949509.26249 21.2673761689036 -0.614221052617019 2.04378431775667 0.0153016009866076 0.0234301708182661 0.0139912779008189 0.999510446291271
1591949509.29549 21.2679536665549 -0.615808334853762 2.06520872596229 0.0150102353944195 0.0223514836962291 0.0132614780858447 0.999549517137075
1591949509.32849 21.2685287595375 -0.617434445634786 2.086653260592 0.0146993204215096 0.0213050006639453 0.0126891293783588 0.999584420107414
1591949509.36149 21.2691639247145 -0.618996825476362 2.10833323704953 0.014688692466185 0.0202528445811707 0.0122781706235949 0.999611580128073
1591949509.39449 21.269744368619 -0.620539637056981 2.1301863232592 0.0147511637021522 0.0192753411834119 0.0119364330831119 0.999634126046599
1591949509.42749 21.2703209256893 -0.62211902095507 2.15193411491494 0.0147797758830579 0.0183284872959667 0.0116205983892827 0.999655233803817
1591949509.46049 21.2708188273778 -0.623694394891926 2.17371264178489 0.0148579404171413 0.0173905603712958 0.0112878796091547 0.999674643966957
1591949509.49349 21.2714529727198 -0.625298996041514 2.19581260804776 0.0150390482766523 0.0165189887831033 0.0109997597017875 0.99968992958968
1591949509.52649 21.271936534886 -0.626830294014871 2.21778690395806 0.0152680578793881 0.0156754920461745 0.0106977948686855 0.999703317261001
1591949509.55949 21.2723781433692 -0.628425826646069 2.23975853998836 0.0157187799036866 0.0148341050180128 0.0102616486438723 0.999713742955334
1591949509.59249 21.2727395013966 -0.630033226922338 2.26201636239624 0.0161251157080352 0.0140648069496314 0.00967740759208287 0.999724216787394
1591949509.62549 21.2730122198775 -0.631655979643009 2.28409805489159 0.0164969984026698 0.0132775016186814 0.00908157178483787 0.999734505780602
1591949509.65849 21.2732849095785 -0.633284749401675 2.3062633846374 0.0166770895778864 0.0125256824338048 0.00851197731452109 0.999746231903364
1591949509.69149 21.2736326877951 -0.634848246667467 2.328800125767 0.0169408119723849 0.0118349297854977 0.00800633027161451 0.999754390839205
1591949509.72449 21.2738773588629 -0.636487737418828 2.35120410322243 0.0169030724336349 0.0111637020704067 0.00752404256132525 0.99976649607892
1591949509.75749 21.2740945583385 -0.638131940370458 2.37371023284715 0.0168175779987471 0.0105804368425007 0.00697218723783075 0.999778281436238
1591949509.79049 21.2741703764282 -0.639840329521649 2.39682248147759 0.0166712871859966 0.0100603962432837 0.0064159973413605 0.999789823707516
1591949509.82349 21.2742855780559 -0.641515284009511 2.41944089425216 0.0162805543371927 0.00952619312626455 0.00585918190882115 0.999804913561818
1591949509.85649 21.2743953288678 -0.643211698621782 2.44216272576236 0.0159504840800604 0.00905041578428794 0.00519681355889345 0.999818316075765
1591949509.88949 21.2745620955861 -0.644923667666677 2.46511189880435 0.0154524306600327 0.00859544240500484 0.00451376243035033 0.999833469486435
1591949509.92249 21.2746289448676 -0.64664584496479 2.48792368613229 0.015042641976908 0.00826622013146234 0.00380612390297882 0.999845439029417
1591949509.95549 21.2746715953334 -0.648370475226529 2.5109224951902 0.0146565932727459 0.00797835917888014 0.00317029041090702 0.999855729251556
1591949509.98849 21.275055996119 -0.650073303530598 2.53371928033513 0.0143699748270201 0.00769583331742784 0.0028188986463495 0.999863156528654
1591949510.02149 21.2751336306635 -0.651762630485172 2.55675335006337 0.0140052252170721 0.00749415837123405 0.00260034336417114 0.999870456344878
1591949510.05449 21.2753397446221 -0.65340634714917 2.57992767945811 0.0137828571970452 0.00727006705231783 0.00260260556211153 0.99987519492026
1591949510.08749 21.2752187248095 -0.654941953537704 2.60389877748245 0.0135481132255302 0.00716116515066128 0.00266977731014304 0.999879011996365
1591949510.12049 21.2754824226631 -0.656569958391914 2.62724262188498 0.0133315853460799 0.00693267410461927 0.00289897044111679 0.999882894559308
1591949510.15349 21.2757610549376 -0.658180248487543 2.65056290803171 0.0131731344050788 0.00673122295748236 0.00323661356851389 0.999885335176014
1591949510.18649 21.2760886450346 -0.659760694308999 2.67424154976267 0.0131421087209612 0.00652679175587848 0.00361667186703792 0.999885796304932
1591949510.21949 21.2763343629905 -0.661389958329794 2.69772501066199 0.0128364140077635 0.0063596839866067 0.00394617185048404 0.999889598217092
1591949510.25249 21.2765812204536 -0.663004084081668 2.72125975786653 0.0126835356857398 0.00622412946669001 0.00418688729516283 0.999891423160369
1591949510.28549 21.2768332890705 -0.664629526943957 2.74486041915235 0.0126984727257599 0.00605910925482062 0.00441190810972712 0.99989127961609
1591949510.31849 21.2770777280366 -0.666246700685199 2.76841037468793 0.0128111473458683 0.00588315918430305 0.00472171197226491 0.999889478081326
1591949510.35149 21.2773069808677 -0.667860668982651 2.7921569015766 0.0129039116860616 0.00572339450568126 0.00495631414137547 0.999888077120966
1591949510.38449 21.277501905546 -0.66948229536673 2.81596762561631 0.013007387595022 0.00556694378996072 0.00514751570174127 0.999886653619745
1591949510.41749 21.2777165952696 -0.671111038057854 2.83984072591257 0.0132133513552419 0.00541638144668063 0.00529652274893428 0.999884001774584
1591949510.45049 21.2779691384546 -0.672814229281762 2.86370475846208 0.0134090104010073 0.00523214778426751 0.00561734852078244 0.999880627107669
1591949510.48349 21.2782036325348 -0.674453819709566 2.88780318376473 0.0135330636558968 0.00505704632226687 0.00596323180632236 0.999877853708644
1591949510.51649 21.2784145794219 -0.676107194934285 2.91191277882826 0.0136481823301861 0.00481763914242544 0.0063170721751795 0.999875298260393
1591949510.54949 21.2784684072013 -0.677763661949944 2.93599000192048 0.0133179732458244 0.00456919964253674 0.00654848140913746 0.99987942842849
1591949510.58249 21.278622728006 -0.679414392669046 2.96026985017786 0.013206834424889 0.00428274220670077 0.00668498312501287 0.999881267273411
1591949510.61549 21.2787938888909 -0.681104624664039 2.9845765810168 0.0130717318691302 0.003973843470922 0.00688633334934984 0.999882951553337
1591949510.64849 21.2789752066279 -0.682816239671008 3.0091885577698 0.0129004936760332 0.00370087720132665 0.00698227764088424 0.999885557736385
1591949510.68149 21.2790731082881 -0.684518149729492 3.0336915028522 0.0124910301045543 0.00344621859839333 0.00699004787948804 0.999891612613558
1591949510.71449 21.2791622755114 -0.686235037457358 3.05815917549404 0.0121872399854007 0.0032329538164616 0.00706343121036045 0.999895558111294
1591949510.74749 21.2791835004782 -0.687930135190898 3.0827742915714 0.0121168640186714 0.00295485920065307 0.00707761525749819 0.999897173601228
1591949510.78049 21.2792143942967 -0.689609558608904 3.10742926436768 0.0121851707042785 0.00270985591387687 0.00704094553512831 0.99989729641689
1591949510.81349 21.2792657925483 -0.69128322504913 3.13218607861993 0.0121228543369312 0.00243547189394496 0.00704084279919076 0.999898760581318
1591949510.84649 21.2792004669393 -0.692990682482042 3.15652646371461 0.0121679264792651 0.00219888467065418 0.00695108396963741 0.999899389390276
1591949510.87949 21.2792027602109 -0.69465308105816 3.18139374440866 0.0121778112415252 0.00194316911468681 0.00680043735063054 0.999900834612612
1591949510.91249 21.2791427149438 -0.696306741497349 3.20635479502887 0.0123630267090695 0.00167087642997721 0.00670484277468988 0.99989969938285
1591949510.94549 21.2792112932302 -0.697981518959327 3.231390904674 0.01243660618013 0.0014118771361842 0.00692548603263543 0.999897682301987
1591949510.97849 21.2792388107587 -0.699756301916781 3.25648649873112 0.0126992448999375 0.00111142504574339 0.00726674393939949 0.999892338377417
1591949511.01149 21.2793187113176 -0.701463014384535 3.28164642794565 0.0129310346417758 0.000822454753576459 0.00764033082323777 0.999886862228014
1591949511.04449 21.2793324454186 -0.703172169184577 3.30683593583165 0.0129271989597805 0.000510731990082885 0.00797207663270601 0.999884529670327
1591949511.07749 21.2792050101964 -0.704917260117824 3.33195396995753 0.0130205766025988 0.000251244558722906 0.00819066159108322 0.999881650258573
1591949511.11049 21.2791947791365 -0.706683736393085 3.35723030439772 0.0133447611863672 -2.63491059687355e-05 0.00835083548199305 0.999876082422895
1591949511.14349 21.2791082876107 -0.708492060773979 3.38262180780117 0.0136029374268301 -0.000284321891852925 0.00846687877786991 0.99987158736419
1591949511.17649 21.2789736743837 -0.710225456270067 3.40810991016623 0.0135995805982969 -0.000515577042706062 0.00854616128449643 0.999870866019789
1591949511.20949 21.2787199910995 -0.711903553383362 3.43333260096981 0.0136955633067396 -0.000778245254772904 0.00868373011763039 0.999868200670108
1591949511.24249 21.2786240538249 -0.713664534527009 3.45891396611824 0.013891671945837 -0.00106441828600567 0.00885776625135123 0.999863704932476
1591949511.27549 21.2784714302847 -0.715517465175697 3.48457041090947 0.0137489780874275 -0.00139858367682646 0.00896210494479046 0.999864335917733
1591949511.30849 21.2784188126861 -0.717496941358812 3.51032540156066 0.0139098297891472 -0.00170325178664023 0.00907955033841482 0.999860578948005
1591949511.34149 21.2782648736113 -0.719359571611872 3.53605474617361 0.0138195589835016 -0.00201253879133525 0.00894557517790922 0.999862463622798
1591949511.37449 21.2780080954825 -0.721200306640055 3.56181606607026 0.0136745061134891 -0.00231766284816949 0.00877910547860992 0.999865272738517
1591949511.40749 21.27782239589 -0.722984113637566 3.58766822952403 0.0135938165917331 -0.00257757816742377 0.00883735855195441 0.999865223585202
1591949511.44049 21.2775696507237 -0.724866043678053 3.61352606663648 0.0134391615399206 -0.00285665955710637 0.00899543058981346 0.999865146238123
1591949511.47349 21.277375887245 -0.7267094898585 3.63942517995502 0.0132918523330493 -0.00315085261432757 0.00915175874747927 0.999864812912819
1591949511.50649 21.2770943416694 -0.728567218435253 3.66538667733421 0.0132189472830464 -0.00340786890451722 0.00930254108680103 0.999863544985808
1591949511.53949 21.2768146901757 -0.730425175087788 3.69139107394074 0.0131208697949931 -0.00366053570991081 0.00937134183800287 0.999863301259875
1591949511.57249 21.2764581315291 -0.732298322176098 3.71743449228303 0.0133552789313542 -0.00391235430755209 0.0092084384559554 0.999860757640603
1591949511.60549 21.2761044865201 -0.734142702669103 3.74344162305102 0.0137028668654216 -0.00414631714586421 0.00878610697878714 0.999858911956058
1591949511.63849 21.2756364544795 -0.736069860281841 3.76950569767466 0.0143312494043249 -0.00438471955802268 0.00830167500582049 0.999853225087066
1591949511.67149 21.275230287678 -0.737964616194261 3.79563945529522 0.0147909929087605 -0.00465334591695958 0.00802389206966843 0.999847583412894
1591949511.70449 21.2747608186736 -0.739899273912313 3.8216845663363 0.0154773253726854 -0.00495442406073357 0.00769518458920037 0.999838332039572
1591949511.73749 21.274304852577 -0.741810487956156 3.84789995294421 0.0162999835324525 -0.00524057110137536 0.00746004462549847 0.999825582131983
1591949511.77049 21.2738622165645 -0.743735259463951 3.87410865013934 0.0171732658042264 -0.00553797531134805 0.00727776830854748 0.999810704013272
1591949511.80349 21.2734501211112 -0.74573610152253 3.90046512500314 0.0175621979999416 -0.00587449906407263 0.00713624504369621 0.999803047339242
1591949511.83649 21.2729564800014 -0.747714654819281 3.92685073576891 0.0176645651936349 -0.0061635590863175 0.00690946004765091 0.999801096737626
1591949511.86949 21.2724359549949 -0.74973317504675 3.9533589170077 0.0173794043226247 -0.00642121579592648 0.00655655933167402 0.999806849257807
1591949511.90249 21.2716609829831 -0.751622114559042 3.97921630999081 0.0170428447087031 -0.00671243190377133 0.00618187150305071 0.999813117120841
1591949511.93549 21.2711207445549 -0.753693802821413 4.00588871473451 0.0166633261827501 -0.00693192761061619 0.00581986620021887 0.999820189382841
1591949511.96849 21.2705280354899 -0.755756166566378 4.03274335397425 0.0157411675994609 -0.00708497395141302 0.00548443815418953 0.999835956407273
1591949512.00149 21.270315324641 -0.757958458693008 4.0599380161538 0.0145125905022286 -0.00718717892221414 0.00511301797672904 0.999855782712299
1591949512.03449 21.2697167945722 -0.760001019371831 4.08681220288056 0.0135547703612626 -0.00728276541502572 0.00486469710339797 0.999869773645776
1591949512.06749 21.2691240970761 -0.762035231044 4.11370822680096 0.0128980624621875 -0.00736034755142577 0.00470413935748664 0.999878660809175
1591949512.10049 21.2685605445451 -0.764049037337434 4.14034627496573 0.012451058618412 -0.00747755504554948 0.00467250131131566 0.999883605746848
1591949512.13349 21.2680529028803 -0.765985874810539 4.16726682403719 0.0120828403434316 -0.00753897110563908 0.0046911529413251 0.999887574664264
1591949512.16649 21.267582310038 -0.767845213891366 4.19421802537505 0.0117866318949186 -0.00756706492436669 0.00479594995855902 0.999890400844512
1591949512.19949 21.267055963488 -0.769790928361953 4.22103273010662 0.0117700296171402 -0.00757735983190852 0.005031814709639 0.999889359310078
1591949512.23249 21.2665844038499 -0.771601020085523 4.24800494227871 0.0119598309743213 -0.00759615180021781 0.00516492776315623 0.999886285755583
1591949512.26549 21.2661221211766 -0.773405510012105 4.27502344331946 0.0122614440278978 -0.00764343109592931 0.00534087396952187 0.999881347969185
1591949512.29849 21.2654787717134 -0.775107083766938 4.30230995804793 0.0123129852098251 -0.00770051798336693 0.00549588547859153 0.999879436562637
1591949512.33149 21.2650271672434 -0.776891641250135 4.32945406988884 0.0122982500853507 -0.00779711438244643 0.00568514713525949 0.999877811112036
1591949512.36449 21.2645828770187 -0.778697482519224 4.3566211405323 0.0122505370071578 -0.00787922382470847 0.00599748508651903 0.999875928476925
1591949512.39749 21.2642802006633 -0.780608968980532 4.38381872000247 0.0121725757308818 -0.00793345596832618 0.00639570985956369 0.999873983845898
1591949512.43049 21.263868377577 -0.782457577109682 4.41111834851193 0.0121042975283195 -0.007982671499821 0.0067914312238904 0.999871811483354
1591949512.46349 21.2634362233045 -0.784313070877065 4.43847976953117 0.0117679708258878 -0.00802162231432223 0.00715253980341472 0.99987299674131
1591949512.49649 21.2630844025995 -0.786171548923063 4.46594108308824 0.0115368533796751 -0.00800676312614317 0.00747002798325701 0.999873487717455
1591949512.52949 21.2626666105563 -0.788045843107221 4.49342197832084 0.0112886161708345 -0.00798184765920021 0.00780115901338339 0.999873991646418
1591949512.56249 21.262239885082 -0.789881669638443 4.52095517014321 0.0112068064160269 -0.00788175242755488 0.00809202973331742 0.999873394247201
1591949512.59549 21.2617446617663 -0.791683534590055 4.54863471317157 0.0110177152913884 -0.00773111645846729 0.00832014067203472 0.999874799686071
1591949512.62849 21.2613133808627 -0.793545144417346 4.57626643235097 0.01082331103025 -0.00760165648496707 0.00852523222744655 0.999876187921532
1591949512.66149 21.2608460140213 -0.795385977531287 4.60388669949719 0.0108043979622963 -0.00746869844842396 0.00858775857438435 0.999876859383608
1591949512.69449 21.2604222355814 -0.797324357386959 4.63156099268409 0.0108236899017206 -0.00731931685505717 0.00865226297982211 0.999877199301502
1591949512.72749 21.2599904924805 -0.799191290790516 4.65927362445774 0.0109647411097648 -0.00725105366545767 0.00872007329815726 0.999875570756087
1591949512.76049 21.2595613457843 -0.801012542621089 4.687014942999 0.0110406933230929 -0.00715689697968874 0.00898412216844082 0.999873075677823
1591949512.79349 21.2591112477217 -0.802928050269729 4.71478560326203 0.011058552345096 -0.00705033404897222 0.00950550049782 0.99986881473027
1591949512.82649 21.2587158552846 -0.804758127391136 4.74254787967583 0.0112448643240213 -0.00695231381575639 0.00999979174721505 0.999862601822847
1591949512.85949 21.2583084389011 -0.806593307264123 4.77039067381081 0.0113005728276742 -0.00686555253444298 0.0102923961762348 0.999859604056047
1591949512.89249 21.2579800211192 -0.808437459777371 4.79844115885517 0.0113195306650252 -0.00681528724581068 0.0104966302160008 0.999857610282279
1591949512.9255 21.25754926595 -0.810279797032255 4.82632046513179 0.0114340192743659 -0.00672721977746235 0.0104549397008196 0.999857340800752
1591949512.95849 21.2567339468046 -0.812225201016241 4.85401024989082 0.011528082260598 -0.00659659068535128 0.0104559915305861 0.99985712006858
1591949512.9915 21.2562383005447 -0.814134503737668 4.88199129795804 0.0113883988063601 -0.00646775341780754 0.0102056950448673 0.999862148662007
1591949513.0245 21.2561335529135 -0.816059547239322 4.91024390713066 0.0115113777477675 -0.00633093262785518 0.00995168985210428 0.99986417644773
1591949513.0575 21.2556179203253 -0.818007525479458 4.93828669736268 0.0119571431379478 -0.00620579670905882 0.00971022773452541 0.999862103638561
1591949513.0905 21.255197702712 -0.820003001818071 4.96612264422176 0.0124062583152749 -0.00611226039143479 0.00964572055138429 0.999857832445477
1591949513.1235 21.254830953999 -0.821962869692407 4.99423246047489 0.0131003900630048 -0.00601482753488429 0.00966380736389924 0.999849394887628
1591949513.1565 21.2543281075496 -0.823995412904889 5.02230741002973 0.0136022127490102 -0.00584897259078591 0.00966801374291965 0.999843637194451
1591949513.1895 21.2538945954787 -0.82601061080874 5.05035769693525 0.0141953726698067 -0.00569131471454819 0.00947479571147227 0.999838151191387
1591949513.2225 21.2533740827108 -0.828029193184182 5.07843926754941 0.0148440488294255 -0.00552575040662377 0.00891495931205714 0.999834808254473
1591949513.2555 21.2528697946633 -0.830104111795006 5.10663794448822 0.0154560103461042 -0.0053334738653865 0.00829298186379143 0.999831932002832
1591949513.2885 21.2523708041282 -0.832176321276619 5.13488002353835 0.0158042094992168 -0.00517109660540917 0.00766885515609307 0.999832323633617
1591949513.3215 21.2518507773668 -0.834288250464791 5.16313029287259 0.0155441511867205 -0.00498209927375739 0.00725210969278199 0.999840469752908
1591949513.3545 21.2514080838285 -0.836394202762444 5.19136219587286 0.0151811708163721 -0.00487929749460203 0.00715207204330958 0.99984727452451
1591949513.3875 21.2510253496121 -0.8385018297312 5.21981866720181 0.0149342105472369 -0.00478765167463991 0.00718373953861396 0.999851209747238
1591949513.4205 21.250692056793 -0.840619722603653 5.24833600888005 0.0145328888101285 -0.00475595040913557 0.00715882168768885 0.999857453515541
1591949513.4535 21.2502491845333 -0.84273987887551 5.27676696089238 0.0137702453259213 -0.00470775600327032 0.00701475540319665 0.99986949677631
1591949513.4865 21.249884532431 -0.84490294822815 5.30537477504821 0.0129833085162097 -0.00474392352006943 0.00694607329025695 0.99988033331767
1591949513.5195 21.249503027343 -0.846987177353292 5.33390950849063 0.0122841074723068 -0.00473309951955553 0.00699544195345393 0.999888874957824
1591949513.5525 21.2491619649996 -0.849082855622061 5.36234761021789 0.0119909365029211 -0.00476149112635489 0.00724902587962295 0.999890492637985
1591949513.5855 21.2488362330437 -0.851091088388157 5.39092243791152 0.0117368959828238 -0.00477811215497767 0.00760136369942543 0.999890811132312
1591949513.6185 21.2485045975101 -0.853166309538707 5.41972788737052 0.011626520818071 -0.00478811544596277 0.00769046926826657 0.999891371423205
1591949513.6515 21.2481401138978 -0.855094940475108 5.44831736344025 0.0117061265548498 -0.00483372285689743 0.00768522858954841 0.999890263471923
1591949513.6845 21.2477675556311 -0.857096195884875 5.47660657693826 0.0118999743840437 -0.0048193477653581 0.00754891966163807 0.999889083003069
1591949513.7175 21.2474264423542 -0.859020485369613 5.50524035088706 0.0123201471876331 -0.0048582063963278 0.00758795311107184 0.999883510600845
1591949513.7505 21.2470980787966 -0.860991405408905 5.53392071957037 0.0126622134735281 -0.0048616703647495 0.00783392631409837 0.999877323530102
1591949513.7835 21.2467868714024 -0.862905062706796 5.56260100875874 0.012884357938932 -0.00490170185787895 0.00802851783339293 0.999872746673694
1591949513.8165 21.2465031618774 -0.864892223919699 5.59141060749578 0.0131467668943656 -0.00494648370257935 0.00838388569164309 0.999866193687893
1591949513.8495 21.2461921852794 -0.866820201495926 5.62022743395568 0.0133028004875787 -0.00495336413865751 0.00860845029961082 0.999862187637045
1591949513.8825 21.2457443625891 -0.868843382326184 5.6491688117705 0.0134383748929208 -0.00491285024657925 0.0087860709050581 0.999859029534035
1591949513.9155 21.2453965146687 -0.870835444739707 5.67803840643124 0.0131548669781873 -0.00489901290572989 0.00904403406800667 0.999860567576856
1591949513.9485 21.2450676858973 -0.872876991498384 5.70698318264737 0.0128512859121977 -0.00491979752710336 0.00920958409517967 0.999862902403869
1591949513.9815 21.2440146438709 -0.874990176610681 5.73565639455671 0.012806903826575 -0.0050015596166771 0.00924335783299097 0.999862754557719
1591949514.0145 21.2435801321547 -0.877057487269462 5.7646873184543 0.012707598815234 -0.0049902605081067 0.00915069353773924 0.999864930398197
1591949514.0475 21.243187859395 -0.879105853952838 5.79377847703178 0.0125153517660391 -0.0049890952410134 0.00933168611382575 0.999865688246737
1591949514.0805 21.2435874859574 -0.881145519105557 5.82301616088 0.0121319566266275 -0.00497137920032368 0.00960448587474642 0.999867918711436
1591949514.1135 21.2432385661967 -0.883130981928594 5.85210939957972 0.0120406800271947 -0.00495335959305666 0.0100162337995652 0.999865071554006
1591949514.1465 21.2429866000128 -0.885127010749557 5.88133774471914 0.0118662950864247 -0.00497960542203573 0.0104228181053812 0.999862870314477
1591949514.1795 21.2427400716874 -0.887140204855821 5.91037591012232 0.0116501810079719 -0.00496782325609321 0.0107063477817314 0.999862474609261
1591949514.2125 21.2423808825428 -0.889131774261366 5.93953047259478 0.0114334735591352 -0.00491055806813033 0.0107049743389091 0.999865273737535
1591949514.2455 21.2420467596853 -0.89117592464502 5.96853687848125 0.0113457430893174 -0.00488399470022441 0.0108166145577033 0.999865201694223
1591949514.2785 21.2416517396011 -0.893153032456245 5.99770001816001 0.0115340811569532 -0.00482544207790712 0.0108292444108196 0.99986319441517
1591949514.3115 21.2412102708748 -0.895234676733657 6.02695091596548 0.0116751273784649 -0.00480527154359712 0.0107295349107245 0.999862729501749
1591949514.3445 21.2408248982188 -0.897184767157096 6.05618986197472 0.0118701138139549 -0.00477922574616845 0.0107668787628494 0.999860157082488
1591949514.3775 21.2404804013036 -0.899114588143834 6.08548277474425 0.0120909211864718 -0.00475176601581583 0.0108530424073745 0.999856710641629
1591949514.4105 21.2401863637461 -0.901128653980609 6.11498134969678 0.0122462695694029 -0.00472257825087749 0.0108686115522023 0.99985478916652
1591949514.4435 21.2398158425262 -0.903098908655214 6.14430744370789 0.0119302780200336 -0.00468706990103118 0.0110553365151986 0.999856729425093
1591949514.4765 21.2395063677958 -0.905143021376455 6.1739671996127 0.0118312297002261 -0.00463632343080986 0.0113701482191773 0.999854612550394
1591949514.5095 21.2390676478328 -0.907170595442847 6.20333526792742 0.0117733152131053 -0.00459142512788172 0.0115489639000915 0.999853453910633
1591949514.5425 21.2386391206776 -0.909208196646685 6.23283494621239 0.0117414758836172 -0.00454928085830578 0.0112854750134829 0.99985702970048
1591949514.5755 21.2379205331214 -0.911565594023496 6.2619577310533 0.011835492284529 -0.00463226002320727 0.0108711893551102 0.999860130483992
1591949514.6085 21.2374076540771 -0.913679683334057 6.29140801959798 0.0120977686981866 -0.00459990169254097 0.0105236425976223 0.999860859241636
1591949514.6415 21.2369716182288 -0.915776451010592 6.32084413374985 0.0124816330652589 -0.00457305842070069 0.0102582902511983 0.999859021789486
1591949514.6745 21.2371402984399 -0.917746926319165 6.35086224620669 0.0130709639254604 -0.00461048257131388 0.010298719440677 0.999850903750355
1591949514.7075 21.2366308394872 -0.919824633027513 6.38019008629515 0.0136664921036813 -0.00461095955320931 0.0104366102033208 0.99984150904683
1591949514.7405 21.2364501127806 -0.921872854795552 6.40986482547564 0.0140813954233936 -0.00467278975705088 0.0105051581472383 0.999834746841256
1591949514.7735 21.2360566728987 -0.924177383215607 6.43929564270356 0.0141221757840018 -0.0046681682182104 0.0102174778811185 0.999837174495108
1591949514.8065 21.2355870541422 -0.926354248342791 6.46888580181079 0.0139264709769406 -0.00461478384177545 0.00980160183282835 0.999844330772412
1591949514.8395 21.2351452530136 -0.928526307749473 6.49856893042645 0.0134964852507423 -0.00454732724481253 0.00958832954080921 0.999852604455988
1591949514.8725 21.2347549929533 -0.930766890650327 6.52805100904143 0.0131435215372475 -0.00449657063071532 0.00955272154040575 0.999857877003194
1591949514.9055 21.234363898729 -0.932983342428694 6.55768772896658 0.0127836959762713 -0.0044816633336233 0.00959581192550801 0.999862196607333
1591949514.9385 21.2337584049596 -0.935218017352153 6.58705321248667 0.0123959926958328 -0.00446573919660275 0.00959295868862062 0.999867177020084
1591949514.9715 21.23335735732 -0.937380648737526 6.61672464671489 0.0119918654648092 -0.00447332069771931 0.00951472716378648 0.999872819178323
1591949515.0045 21.2329147025224 -0.93949113160665 6.6464181547572 0.0120632202450169 -0.00447520895084199 0.00936227487745784 0.999873391500787
1591949515.0375 21.232762631455 -0.941487404037194 6.67611366131137 0.0122548856173128 -0.00444725631196009 0.00918545165757786 0.999872825497147
1591949515.0705 21.2323729489049 -0.943568454839599 6.70572534215458 0.0125126987273471 -0.00449122126377785 0.00915751863155221 0.99986969208724
1591949515.1035 21.2320096003415 -0.945716103084173 6.73530739115066 0.0127710563548948 -0.00452654908070148 0.00913953658120519 0.999866430751668
1591949515.1365 21.2316575568029 -0.9477703800778 6.76492811762435 0.0131696105860457 -0.00456412943982234 0.00915533257759389 0.999860945314328
1591949515.1695 21.2313075621354 -0.949837741805625 6.79457329150841 0.0135343332590933 -0.00460254318125982 0.00901954549151449 0.999857132903808
1591949515.2025 21.2309518236266 -0.95194625021097 6.82414954300981 0.0138171832888398 -0.00463036420820095 0.00887813116702145 0.999854401380643
1591949515.2355 21.2305280867334 -0.954061879939621 6.85379280405214 0.01407339452676 -0.00461544091377544 0.00868940181981973 0.999852554913813
1591949515.2685 21.2297335386307 -0.956391021391419 6.8834480977467 0.0140821580114163 -0.0046974032832679 0.00856978763456125 0.999853082191596
1591949515.3015 21.2292823472651 -0.95855738622537 6.91320628151466 0.014101246741287 -0.00466228739795978 0.00828745498337856 0.999855357542509
1591949515.3345 21.2292920246797 -0.960701325362651 6.94329054135055 0.0140723584832342 -0.00455670420769516 0.00785830035892694 0.999859716304718
1591949515.3675 21.228784997926 -0.962928859926175 6.97307256345062 0.0139091742746977 -0.00451606146694237 0.00735566242702705 0.999866008168136
1591949515.4005 21.22831524313 -0.965143153315562 7.00290331581629 0.0139492401439006 -0.00444934604048662 0.0070199789776442 0.999868162266593
1591949515.4335 21.2278348131769 -0.967345450931474 7.03273907067818 0.0139840063050438 -0.004378540932087 0.00670862075557736 0.999870126743731
1591949515.4665 21.2274825145701 -0.969651062984315 7.06256231762077 0.0141529701349382 -0.00433635375788431 0.00664657345304624 0.999868347600713
1591949515.4995 21.2271373561236 -0.971866042082677 7.0924324987858 0.0141563841642696 -0.00428790149449486 0.00677568006635325 0.999867641664538
1591949515.5325 21.22693816906 -0.974083577786262 7.1224470888256 0.0135338199439814 -0.00418666832841247 0.00745153648055789 0.999871882858054
1591949515.5655 21.2266431143022 -0.976270303146425 7.15242031075207 0.0135097774594588 -0.00409760496293786 0.00776611581613986 0.999870183069629
1591949515.5985 21.2262359926353 -0.978531908789492 7.18237684589404 0.0132792095055135 -0.00400466121730702 0.00738549666272497 0.9998765322391
1591949515.6315 21.2258925092794 -0.980746126937192 7.21240621824478 0.0130036855896877 -0.00391444545455785 0.00711309337695653 0.999882485685432
1591949515.6645 21.2253767628205 -0.982972190273126 7.24217981392429 0.0125250563480109 -0.00381746681677517 0.00655616125766318 0.999892777581749
1591949515.6975 21.2250899120998 -0.985214499561359 7.27218267845506 0.0122297270772704 -0.00362450018882502 0.00697249061756855 0.999894334991745
1591949515.7305 21.2249843257739 -0.987352636414178 7.30199499902005 0.0124332843977672 -0.00358021918002874 0.0078106920990624 0.999885787757102
1591949515.7635 21.2248474258386 -0.989492808945533 7.33193654429356 0.0132438663756567 -0.00365577667227057 0.00853525102210757 0.999869183838734
1591949515.7965 21.2247751843611 -0.991756741306006 7.36147316428286 0.0129102361071327 -0.00363105295664228 0.00912519272085687 0.999868427402272
1591949515.8295 21.2244943060539 -0.993905681167351 7.39128705004243 0.0132342613493767 -0.00359574598635278 0.00916475021903708 0.999863956891517
1591949515.8625 21.2241807756836 -0.995987607319729 7.42120479008489 0.0138487784698395 -0.00345218215489742 0.00877138646443538 0.999859668429902
1591949515.8955 21.2238415408434 -0.998233377931625 7.45108473823615 0.0145536770842622 -0.00320625319894632 0.00851988042230512 0.999852650174685
1591949515.9285 21.2236673109313 -1.00048663719206 7.48084488291941 0.0149658216589977 -0.00332092667591099 0.00873321720300054 0.999844351159404
1591949515.9615 21.2233739983748 -1.00270325927848 7.51067306785669 0.0150741539996466 -0.00319740806764844 0.00868904118197331 0.999843511268729
1591949515.9945 21.2230442942758 -1.00506257246356 7.54063549998845 0.0150677581462016 -0.0030965386730924 0.00844039408665121 0.999846055080659
1591949516.0275 21.2227563196675 -1.00733666833558 7.57062439794546 0.0154735191690359 -0.00311665729840689 0.00839909379953291 0.999840143160474
1591949516.0605 21.2225525362797 -1.00969375003917 7.60064803133847 0.0155185658774132 -0.00300980397877102 0.0082311851725321 0.999841168778208
1591949516.0935 21.222195694206 -1.01204570300709 7.63059818144459 0.0151859050005697 -0.00300964495719577 0.00801437916113044 0.999848038480452
1591949516.1265 21.2218633593126 -1.01444077461274 7.66075534928403 0.0147029592598743 -0.00292336069257115 0.00772571478069657 0.999857785028646
1591949516.1595 21.2215629782843 -1.01678314246136 7.69077481946612 0.0142370716027953 -0.00280077289269974 0.007541293862925 0.999866286235441
1591949516.1925 21.2213819768067 -1.01914752793206 7.72068657161067 0.0141175005807124 -0.00281500886421054 0.00743307095199599 0.999868752066325
1591949516.2255 21.2211097863234 -1.02143576663707 7.75082648183901 0.0137865883554656 -0.00270207960881667 0.00732288476224861 0.999874494177176
1591949516.2585 21.220867627314 -1.02367930862892 7.78079639206177 0.0132809897796583 -0.00261202750192462 0.00729062962387731 0.999881812687124
1591949516.2915 21.2206371000495 -1.02594004728284 7.81093149691774 0.0127458654085423 -0.00257486057266844 0.00722424034064529 0.999889355558663
1591949516.3245 21.2203806335695 -1.02816195479657 7.84105075677932 0.0125506268842616 -0.00247556464388121 0.00720917362105354 0.999892184768042
1591949516.3575 21.2200856944581 -1.03030942537203 7.87106575862 0.0124363289145628 -0.00237093824714344 0.00733723993294411 0.999892934911095
1591949516.3905 21.2198528810561 -1.03251705577709 7.90111515656624 0.0123534739788796 -0.00231885857704957 0.00740838273186924 0.999893559555641
1591949516.4235 21.2196144407653 -1.0346032236584 7.93126535572769 0.0123898720088366 -0.00223968377011887 0.00739103870338112 0.999893418037693
1591949516.4565 21.2194234749851 -1.03676800029855 7.9613041452984 0.0125668773231885 -0.00216165491972286 0.0073679341563878 0.999891551313751
1591949516.4895 21.2191694887162 -1.03896299527701 7.99129517859373 0.0129326374697428 -0.00211311880905857 0.00730538493832466 0.999887450150205
1591949516.5225 21.2188847248138 -1.04113375077555 8.02122909546401 0.0134984222812793 -0.00202750543175925 0.00715993674158115 0.999881201505207
1591949516.5555 21.2186646353767 -1.04331636728903 8.05125382409338 0.0138204818879774 -0.00194647399345993 0.00711919383886524 0.999877253765912
1591949516.5885 21.2185065229291 -1.04533081374059 8.08128860656566 0.0140933652887962 -0.00189672396455883 0.0071037531671504 0.999873650109842
1591949516.6215 21.2183076720281 -1.04756514673109 8.11129817130188 0.0142751176692659 -0.00181242472253103 0.00707455561588858 0.999871435133033
1591949516.6545 21.218081973952 -1.04983733097366 8.14137675062298 0.0145382895841599 -0.0016945936950741 0.00701651005504096 0.999868258859548
1591949516.6875 21.2178582744768 -1.05218686908973 8.17159637100462 0.0146178851909775 -0.00163583570715939 0.00684117177490654 0.999868411263617
1591949516.7205 21.2176182286864 -1.05449110335131 8.20170098885604 0.01444805162303 -0.00148758203017798 0.00660552471561519 0.999872695870446
1591949516.7535 21.2174676170177 -1.0568059160215 8.23184030969028 0.0142022893378555 -0.00133795258450037 0.00647145628440578 0.999877305029975
1591949516.7865 21.2172866217186 -1.05905826104718 8.26200741975152 0.0139292982850952 -0.00108380012627586 0.00632841575255001 0.999882368671752
1591949516.8195 21.2170521086199 -1.06136404058194 8.29215021059117 0.0137888033072239 -0.000831994371845245 0.00612164731222712 0.999885844545718
1591949516.8525 21.2168490707687 -1.06369152504148 8.32224650390311 0.0138711336188999 -0.000576491764360833 0.0058375496782916 0.999886584730051
1591949516.8855 21.2167030679805 -1.0659532218515 8.35246309684461 0.013715345376205 -0.000301721701785011 0.00550337218290321 0.999890749612098
1591949516.9185 21.2165321253596 -1.06823334368306 8.38257698727534 0.0135802243497691 7.81506865187117e-07 0.00532395416076604 0.999893610849721
1591949516.9515 21.2164395118205 -1.07046769708206 8.41278292940412 0.0135673945927961 0.00030875621562069 0.00541192545999079 0.999893265072017
1591949516.9845 21.2163818680272 -1.07269240583179 8.44294617841532 0.0135576171317803 0.000621275337301783 0.00562183172052482 0.999892094199554
1591949517.0175 21.2164099266972 -1.07491038326412 8.47295456076588 0.0136181989338127 0.000917436257745789 0.00591191845599166 0.99988936997484
1591949517.0505 21.2164185407042 -1.07709929139058 8.5031318424817 0.0134615307700819 0.00119054407908584 0.00601349030868168 0.999890597879803
1591949517.0835 21.2163950677471 -1.07929348532966 8.5333057991663 0.0134129606087802 0.00150699747340184 0.00604574385038463 0.999890629232827
1591949517.1165 21.2163454347405 -1.08154752843936 8.56346636924994 0.0134717762564556 0.00183400285623851 0.00599617765720306 0.999889590670651
1591949517.14951 21.2164115520496 -1.0837481601171 8.59351810170204 0.0137212999364219 0.00218063049976326 0.00609583984110054 0.99988489913355
1591949517.1825 21.216462649065 -1.0859855916759 8.62363632622884 0.013935088833599 0.00246556599330665 0.0061875874600446 0.99988071690825
1591949517.21551 21.2166161599397 -1.0882567475265 8.65412122349903 0.0143682227479648 0.00263744751133967 0.00637583995822223 0.999872965286349
1591949517.24851 21.2167142737886 -1.09047018350584 8.68431041822257 0.0147981760354056 0.00287366712097139 0.0064143177053837 0.999865797270653
1591949517.28151 21.2168428212982 -1.09270886558579 8.7144764383657 0.0151708174975427 0.00312241960393177 0.00649232106419667 0.999858963334066
1591949517.31451 21.2169493857046 -1.09501796091682 8.74465769149282 0.0152908048306684 0.00329436429829513 0.00662192866990392 0.999855733849735
1591949517.34751 21.2171292795788 -1.09731408883281 8.77496316919215 0.0152639535230971 0.00341944352037139 0.00682258021174947 0.999854375160758
1591949517.38051 21.2172231597058 -1.09959916684509 8.80521121643158 0.0151308439786602 0.00350236435123642 0.00691798018504568 0.999855455830794
1591949517.41351 21.2173684440206 -1.10196800786351 8.83535443702146 0.0149036310299918 0.00351642538760193 0.00692963537046146 0.999858738366699
1591949517.44651 21.2174828416097 -1.10429906770909 8.86569162052248 0.0146353998061189 0.0034822317496743 0.00702211994110649 0.999862174985177
1591949517.47951 21.2175842512297 -1.10661324352797 8.89602163124563 0.0143933777127799 0.00342377906126641 0.00707454135950365 0.9998655205974
1591949517.51251 21.2177019977811 -1.10898133912573 8.9261522195442 0.0142760951716162 0.00337258535423854 0.00716954238036105 0.999866699333834
1591949517.54551 21.2178272482656 -1.11128654667809 8.95649680387837 0.0143251523518387 0.00330965834558552 0.00716896724096914 0.999866212090613
1591949517.57851 21.2178740995529 -1.11361073823887 8.98675593920513 0.0144790862824354 0.00326231365026538 0.00712013192500202 0.999864499365511
1591949517.61151 21.2179991496067 -1.11593356217261 9.01710410034958 0.014685307360374 0.00321497839679992 0.00704177954706328 0.999862200006806
1591949517.64451 21.2180790724233 -1.11821329741504 9.04739564192849 0.0150332746424351 0.00321999265383468 0.00702201614908949 0.999857151592184
1591949517.67751 21.2181584985995 -1.12046459976915 9.07773874780431 0.0154189648790761 0.00322069538591071 0.00710859886260762 0.999850664082142
1591949517.71051 21.2182461309256 -1.12274983948801 9.1080965492906 0.0157356237720906 0.00322739704164263 0.00711393006345444 0.999845671117244
1591949517.74351 21.2183265031789 -1.12503918687485 9.13846483400927 0.0160757900570783 0.0032616455546 0.00700661322730489 0.999840906351306
1591949517.77651 21.2183847475948 -1.12733916534277 9.16887277101365 0.016239812203098 0.00326462701171121 0.00685875317122416 0.999839271190634
1591949517.80951 21.2184269952214 -1.12968850033132 9.19934659554848 0.0163867138772814 0.00330353286210302 0.0067716353342878 0.999837340387842
1591949517.84251 21.2183886776872 -1.13190195834906 9.22998035649895 0.0165507601295041 0.00332805611461916 0.00673283739285068 0.999834818998756
1591949517.87551 21.2184839481731 -1.13424079314055 9.26052059483738 0.0167164270809745 0.00333101555367669 0.00682422903801369 0.99983143344219
1591949517.90851 21.2187349714665 -1.13675254846305 9.290730033543 0.0166496177995509 0.00332550516328808 0.00693029837034906 0.999831836964115
1591949517.94151 21.2188621129742 -1.13911584531277 9.32132933216666 0.0165173367329637 0.00333138903048202 0.00687851185065127 0.999834369037741
1591949517.97451 21.2188835148125 -1.14151875806042 9.35200243948935 0.0165254810942748 0.00337123041510362 0.00674456488407428 0.999835013452027
1591949518.00751 21.2190216208778 -1.14396476617511 9.38270647930918 0.0168046588064431 0.00338831930004813 0.00668502325799175 0.999830702268519
1591949518.04051 21.2191243960738 -1.14637831608884 9.41337027693559 0.0168729571128595 0.00341364029759965 0.00685053757799039 0.99982834552391
1591949518.07351 21.2192814806134 -1.14877060860446 9.44415888001218 0.0169333469051665 0.00343179000437098 0.00701653877014291 0.999826111263175
1591949518.10651 21.2194669265978 -1.15120715207971 9.47494081115397 0.0166453931491634 0.00344106134499923 0.00696205585607412 0.999831295650415
1591949518.13951 21.2195437024534 -1.15357761543897 9.50577975257075 0.0165922629520385 0.00347621610228974 0.006884425922261 0.999832594693462
1591949518.17251 21.2196224180992 -1.1559344422893 9.5366260917665 0.0165758789789973 0.00350440207370532 0.00671177336054928 0.999833941962632
1591949518.20551 21.2196783103832 -1.15834013811192 9.56756950095399 0.0163084872172596 0.00355092772752853 0.00657416995722155 0.999839089277036
1591949518.23851 21.2198388755883 -1.16073208448579 9.59858063645114 0.0158003991719018 0.00357885485369074 0.00657525303321402 0.9998471409328
1591949518.27151 21.2199908605347 -1.16311175408962 9.62960747819998 0.0153850014892708 0.00359331308247878 0.00665828729651222 0.999853017718376
1591949518.30451 21.2201339097962 -1.16541457078374 9.66052774569565 0.0152529834969958 0.00362490480462286 0.0067865410509705 0.999854064061432
1591949518.33751 21.2202730941892 -1.16774239998632 9.69165503428778 0.0150332169909558 0.00363774904778165 0.00686192676031583 0.999856831316316
1591949518.37051 21.2204264918094 -1.16994245774287 9.72297071255892 0.0149070427451346 0.00366626470937655 0.00688140716761076 0.999858482393918
1591949518.40351 21.2205278426372 -1.17224246395283 9.75408246087222 0.014812756599891 0.00369904121729465 0.00682703441115079 0.999860135687554
1591949518.43651 21.2206663065538 -1.17463644036495 9.78501589931619 0.0149123985964974 0.00370211385986999 0.00684228035247638 0.999858538954709
1591949518.46951 21.2207743818957 -1.17692960093792 9.81622271320706 0.0150888841989981 0.00370947629882302 0.0068653126842306 0.999855706010105
1591949518.50251 21.2208845932015 -1.17921357857361 9.84743548452011 0.0151648238029722 0.00367929707477436 0.00687136283291335 0.999854627065794
1591949518.53551 21.2210094020984 -1.18150552572113 9.87872311278474 0.0153866308312459 0.00366371072975582 0.00696481925026198 0.999850648901206
1591949518.56851 21.2211507399441 -1.18380396704968 9.91011438509173 0.015738442906216 0.00360200736481964 0.00706395629523273 0.999844701680861
1591949518.60151 21.221216611242 -1.18609916708784 9.94150727376758 0.0158424526722957 0.00359743999960061 0.00713146474220795 0.999842596276737
1591949518.63451 21.2213511639959 -1.18844983082684 9.97311494911518 0.0158366939447278 0.00357045453561507 0.00711048856693146 0.999842933630903
1591949518.66751 21.2213755035741 -1.19077736581858 10.0046511243043 0.0157971604774543 0.00356675960994463 0.00691895162339168 0.999844916002061
1591949518.70051 21.2215129573719 -1.19315425572049 10.0363480433715 0.0156371089646166 0.00350817675205827 0.00661996712068252 0.999849663476678
1591949518.73351 21.2214908705013 -1.19550185562381 10.0680059286767 0.0155540021817685 0.00354502368820164 0.00646290592463528 0.999851857361974
1591949518.76651 21.2217045415217 -1.19782198052426 10.0998707101792 0.0143698140558166 0.00345748452239158 0.00629627770037934 0.999870947238642
1591949518.79951 21.2217088699546 -1.2001830116178 10.1316033210286 0.0146854197857571 0.00347403403631097 0.00597981444421751 0.999868246996795
1591949518.83251 21.2217110923063 -1.2025714636423 10.1634927408952 0.0144990195504503 0.00344197353750136 0.00568934128150073 0.999872773229687
1591949518.86551 21.2217542392524 -1.20487965761194 10.1953872935985 0.0129116116830939 0.00346308631755706 0.00565378536556128 0.999894660465762
1591949518.89851 21.2218050517908 -1.20717987057698 10.2273355757241 0.0127359020154639 0.00343614849546227 0.00559404812667756 0.999897342885221
1591949518.93151 21.2218946452732 -1.20949183325773 10.2592160387777 0.0130439881767595 0.00349570799072126 0.00578062320586214 0.999892103575901
1591949518.99751 21.2222201863984 -1.21407393152748 10.3230457336444 0.0135465546936405 0.0034671252912223 0.00622420086831903 0.999882857749696
1591949519.03051 21.2223125706327 -1.21641219110235 10.3549439601771 0.013355511548208 0.00354648448484297 0.00627201365023672 0.999884850672244
1591949519.06351 21.2224450076662 -1.21868397895212 10.386963071575 0.0145136476244035 0.0035261136390652 0.00644315050614295 0.999867694431015
1591949519.09651 21.2226216199002 -1.22096375103031 10.4189393419737 0.0152547988112228 0.00343946369684924 0.00671064009267867 0.999855203773153
1591949519.12951 21.2228367998681 -1.22345839554722 10.4510282384052 0.0153390936008975 0.0034370731208028 0.00707649834265205 0.999851399912543
1591949519.16251 21.2230134033036 -1.22584116122304 10.4832078270507 0.0150319471755652 0.00332726419831825 0.0071767159732267 0.999855721904368
1591949519.19551 21.2230948076997 -1.2284407673321 10.515390583662 0.0151873261407514 0.00324083674101878 0.00728693662404877 0.999852860503259
1591949519.22851 21.2232381766906 -1.23086947527703 10.5476571749485 0.0150209265300469 0.00321499132406716 0.00735855184173517 0.999854933133681
1591949519.26151 21.2234190798225 -1.23327641835866 10.5797525545294 0.0147236345593718 0.00315848639569173 0.00747621038162137 0.999858662425535
1591949519.29451 21.2236171830151 -1.23574152291121 10.6121413447357 0.0145013228814586 0.00317732662879752 0.00772210345235824 0.999859982871828
1591949519.32751 21.2236925986365 -1.23817317075131 10.6445398416752 0.01417517097566 0.00321698812142022 0.00790409955235762 0.999863110993452
1591949519.36051 21.2238156286947 -1.24051141367403 10.6768770306971 0.0142118207303915 0.00324068721002797 0.00789133058074768 0.999862615062489
1591949519.39351 21.2238133287966 -1.24303936711923 10.7092193930448 0.0141763295191719 0.00329870001385388 0.00765770796168316 0.99986474573732
1591949519.42651 21.2238814581859 -1.24537908232876 10.7416259051348 0.0143714527809675 0.0033585390257057 0.00739842278160017 0.99986371316341
1591949519.45951 21.2239403923722 -1.24785262119921 10.7741050738789 0.0147515611738628 0.00339410077863521 0.00720655853579997 0.999859458642518
1591949519.49251 21.2239840252754 -1.25018999227421 10.8065787713123 0.0151246624534024 0.00344692450559732 0.00707699479062314 0.999854629154587
1591949519.52551 21.2240651004681 -1.25254140771264 10.8390503628792 0.0152297420686537 0.00345840321707492 0.0069765762091345 0.999853700192238
1591949519.55851 21.2242407411262 -1.25501719951725 10.8716834945305 0.0154990249916826 0.00345563741012159 0.00699003467791389 0.999849477776329
1591949519.59151 21.2243197068273 -1.2574187834363 10.9041998795214 0.0158836983153626 0.00347008665495599 0.00701979228583811 0.999843182275449
1591949519.62451 21.2245130032633 -1.25992781573498 10.9368561648648 0.0160623344503017 0.00347085217683552 0.00717810776991769 0.999839201754971
1591949519.65751 21.2246093647346 -1.26235719643498 10.9695174620257 0.0159712155695621 0.00349976556152603 0.00729529067275255 0.999839712478078
1591949519.69051 21.2247488302127 -1.26490858690187 11.002293084633 0.0157835750500637 0.00355990098095227 0.00733035835240876 0.999842223408309
1591949519.72351 21.2248855321079 -1.26735486295282 11.0350734672829 0.015581853008911 0.0035737277484259 0.00727148390414122 0.99984576803056
1591949519.75651 21.2255350917072 -1.27004608718179 11.068770471387 0.0155333899172361 0.00351583742570165 0.00726459733939779 0.999846777416606
1591949519.78951 21.2257025602524 -1.27255285853553 11.1016646446574 0.0153637850900066 0.00352597735055594 0.00740878406031722 0.999848304249289
1591949519.82251 21.2253862103676 -1.27492546142681 11.1338429555911 0.0150624069309596 0.00356926729380639 0.00753797678407723 0.999851770581237
1591949519.85551 21.2255797747447 -1.27741410449615 11.1668163652469 0.0148671400771657 0.00356985078060652 0.00763418316268279 0.999853961115707
1591949519.88851 21.2257051584012 -1.2799297802295 11.1998741382781 0.0147865626137896 0.00359161126338135 0.00768916107783284 0.999854656785935
1591949519.92151 21.2258580142332 -1.28242246524599 11.2328523697891 0.0149701559957906 0.00362017212010829 0.00775170109302951 0.999851338906663
1591949519.95451 21.2260468933759 -1.28490120963022 11.2657978785657 0.0151180216815001 0.0036539522738389 0.00783944670760849 0.999848307058894
1591949519.98751 21.226252959158 -1.28737038958729 11.2988293722416 0.0150138325586584 0.00364706791468331 0.00795501655929701 0.999848989317421
1591949520.02051 21.2264633194082 -1.28989936644635 11.3320736659484 0.0149842121243784 0.00366975527094573 0.00798460049562243 0.999849114835928
1591949520.05351 21.226604475412 -1.2923478679301 11.3651213232642 0.0149718533023159 0.00367719463352627 0.0079259127458239 0.999849739588638
1591949520.08651 21.2266886283774 -1.29493448960494 11.3980773825577 0.0150221836901744 0.00368922193787245 0.00791331109671046 0.999849040178646
1591949520.11951 21.2268990115196 -1.29743280178936 11.4311083308458 0.0149759138789465 0.00366963885847501 0.00790820938282105 0.999849846716244
1591949520.15251 21.2270550768046 -1.29993641108997 11.4640910949101 0.0148965575779791 0.00370144996604989 0.00787129553470613 0.999851206203743
1591949520.18551 21.227214002052 -1.30240797581132 11.4971426359194 0.0148125867651779 0.00370949794688853 0.00783089699492583 0.999852741132694
1591949520.21851 21.2272908946493 -1.30496473358709 11.5302358111983 0.0148207129121622 0.00371913842368305 0.00775411025897515 0.999853183348562
1591949520.25151 21.2274513798076 -1.30740639954696 11.5633776807219 0.0147859767980005 0.00374181629229362 0.00769959409164466 0.999854034322904
1591949520.28451 21.2281494087076 -1.30995655316923 11.5971324714047 0.0149727318020265 0.00376556040052025 0.00782254678893441 0.999850211591211
1591949520.31751 21.2283051029352 -1.31241536119522 11.6301725564189 0.01512126545212 0.00379586678386322 0.00787908660908786 0.99984741771967
1591949520.35051 21.227834429952 -1.31501642315974 11.6625186938246 0.0151071221169979 0.00381026665178371 0.00797479061846798 0.999846817989624
1591949520.38351 21.2279911063806 -1.31749568226875 11.6956205011712 0.0150231498009331 0.00382805658607617 0.00795414631427372 0.999848179729925
1591949520.41651 21.2281199322831 -1.32002493489832 11.7287113763901 0.0149949867399855 0.00386462403451577 0.00790119594468914 0.999848881659815
1591949520.44951 21.2282787497241 -1.32251893484825 11.7618017658177 0.0149529365637727 0.00388454036467767 0.00803484161471543 0.999848369181298
1591949520.48251 21.2284873064983 -1.32503285760947 11.7949523827188 0.015168854670955 0.00389313258086687 0.00818673297285196 0.99984385119373
1591949520.51551 21.2286727049802 -1.32753340752161 11.8280774744047 0.0150090446321269 0.00388044279045413 0.00826145408968132 0.999845697655046
1591949520.54851 21.2287156802089 -1.33009915617482 11.8612564574604 0.0148914507549878 0.00397135094834198 0.00837397300503882 0.999846162988171
1591949520.58151 21.2288811451898 -1.33260964349307 11.8943459225949 0.0147185474421212 0.00396141562048973 0.00835782874813609 0.999848897707095
1591949520.61451 21.2291213299622 -1.33516963487846 11.9275008864602 0.0149685954337181 0.003991938179773 0.00839457513300432 0.999844756294019
1591949520.64751 21.2293076076786 -1.33767889182302 11.9605612039266 0.0152635704625691 0.00398157244185596 0.00843927685684178 0.999839961745758
1591949520.68051 21.2294669335816 -1.340301159643 11.9935303400186 0.0153366210207641 0.00398684579970628 0.00852995996394483 0.999838053336263
1591949520.71351 21.2295747866244 -1.34282770768142 12.0265666236836 0.0153469355995887 0.00401951168931674 0.00844039650331344 0.999838524362983
1591949520.74651 21.2298740085496 -1.34549645048613 12.0594961069871 0.0155741852863744 0.00402928405677287 0.00845021072074544 0.999834888149754
1591949520.77951 21.2300080037519 -1.34803301195521 12.0926652249123 0.0159260156520168 0.00405019903745574 0.0084345637791693 0.999829393470238
1591949520.81251 21.2301746507102 -1.35061538646113 12.1257161465944 0.0161598165868211 0.00407294969737866 0.00846874902805503 0.999825260582339
1591949520.84551 21.2303171391709 -1.35319368055819 12.1591389007756 0.0162111525800924 0.00413072165428098 0.00838653198024655 0.999824885543456
1591949520.87851 21.2304655245636 -1.35576492610885 12.1923069558991 0.0162944779569899 0.00414637440844529 0.00821334991427848 0.999824903895957
1591949520.91151 21.230610517638 -1.35843822138087 12.2253634527595 0.0163732340853303 0.00418891096527027 0.00810791970523193 0.999824300499126
1591949520.94451 21.2307939048447 -1.36103494832272 12.258445872505 0.0165245289026795 0.00422472465485403 0.00817162791071432 0.999821142076634
1591949520.97751 21.2309402189974 -1.36373757307258 12.2915792534547 0.0165119371454517 0.00427171980026582 0.00824869131225881 0.99982051760968
1591949521.01051 21.2311574810733 -1.36636422446072 12.3247901690607 0.01614460289022 0.00431316929401856 0.00830253274008544 0.999825893002506
1591949521.04351 21.2312932436771 -1.36894081156046 12.3579212939572 0.0157220359919024 0.0043602271879599 0.0083006757005907 0.999832438354574
1591949521.07651 21.232030589059 -1.37149860351354 12.3911782735912 0.0153344781183045 0.00438004669048722 0.00829215847815813 0.999838441489225
1591949521.10951 21.2321881082972 -1.3741072017111 12.4244655943141 0.014832086633601 0.00444069915858852 0.00832526943106618 0.999845477704418
1591949521.14251 21.2319166523025 -1.37665149074867 12.4577449938758 0.0143064428557078 0.00448155551605472 0.00850802252766217 0.99985141641428
1591949521.17551 21.232124949333 -1.37917072788002 12.4909970622273 0.0136993029312298 0.00452433028657998 0.00868065063512298 0.999858242872062
1591949521.20851 21.2323819046193 -1.38169457882418 12.5241900922205 0.0132109258894691 0.00450672459794221 0.00874950090581554 0.999864294344208
1591949521.24151 21.2326243735407 -1.38417055731608 12.5574844744775 0.0130178022826896 0.00449580995748911 0.00877759285301769 0.999866630296392
1591949521.27451 21.2328247215646 -1.38656979951355 12.5907098453704 0.0128745675609039 0.00445958964929615 0.00870280057676798 0.99986930087507
1591949521.30751 21.2329670281802 -1.38904404724863 12.6237322407501 0.012962855941367 0.00439802400535321 0.00870937265447543 0.999868375626841
1591949521.34052 21.233134275207 -1.39145369469434 12.6569284459181 0.0129908342405919 0.00434367809075747 0.00862701973105327 0.999868964023255
1591949521.37351 21.2332637332513 -1.39384459502682 12.6899934865618 0.0133490751855056 0.0042786104502424 0.00849759118483009 0.999865634287109
1591949521.40652 21.2333063177943 -1.39627258911295 12.72314175346 0.0136647788301454 0.00423131515013218 0.00823253858022312 0.999863788273257
1591949521.43952 21.2334062354543 -1.39871642791479 12.7562576356852 0.0139906225049467 0.00415929702406146 0.00803317283214616 0.999861205800304
1591949521.47252 21.2334697445792 -1.40116559690944 12.78943057483 0.0144467925776661 0.00412785634773278 0.00780139397408881 0.999856684349438
1591949521.50552 21.2336970675839 -1.40365501148325 12.8226349898247 0.014889539267224 0.00406885094371776 0.00760031554332709 0.999851979683018
1591949521.53852 21.2336513447255 -1.40616345344129 12.8557042650038 0.0153591930593478 0.00406034190959157 0.00742485790937175 0.99984622832572
1591949521.57152 21.234217070955 -1.40873010544222 12.8895432485405 0.0159188303596205 0.00400826435728308 0.00727736787985387 0.999838769289112
1591949521.60452 21.2343660209845 -1.41122759851865 12.9228758289577 0.0162926028868818 0.00394010616843335 0.0070270466427484 0.999834809991147
1591949521.63752 21.2343010313354 -1.4138555609864 12.9558632324445 0.0166606431195194 0.00392347932358006 0.00677309235974481 0.999830562895898
1591949521.67052 21.2341467388051 -1.41659045191309 12.9890511834053 0.0169756780304678 0.0038200965200767 0.00645791787430492 0.999827749422225
1591949521.70352 21.2341799970269 -1.41920796694699 13.0223254497169 0.0170521958222701 0.00373449353640641 0.00610178869020888 0.999829007556015
1591949521.73652 21.2343089534512 -1.42196351394472 13.0556035657015 0.0172026626369297 0.00363070377110482 0.0058214711707793 0.99982848372195
1591949521.76952 21.2343291802406 -1.42474075362497 13.0891102138834 0.0171306828068154 0.00354232722445728 0.00552816569182528 0.999831701342026
1591949521.80252 21.2345475419489 -1.42753676043169 13.1226318337396 0.0167905410061947 0.00337510463432594 0.00535458007223673 0.999838994475449
1591949521.83552 21.2345313722919 -1.43032416034768 13.1558748873635 0.016438217451174 0.00330552927183808 0.00507498996336696 0.999846539705035
1591949521.86852 21.2345880033306 -1.43310805414988 13.1893130495032 0.0158795194707368 0.00318313103636926 0.00473320114351438 0.999857642539736
1591949521.90152 21.2344916349457 -1.43550441715023 13.2222038911564 0.0153905814370198 0.00314581224418971 0.0042863946023139 0.999867421556312
1591949521.93452 21.2344413105504 -1.43814795152397 13.2556435259002 0.014731669366383 0.00306745343379322 0.00403041488879938 0.999878654839144
1591949521.96752 21.2344771864931 -1.44085054879823 13.2890134838305 0.0140308224764458 0.00297227445378456 0.00375998360803486 0.999890076022596
1591949522.00052 21.2344580030116 -1.44338030856009 13.3224019233905 0.0134788914861384 0.00287741288636387 0.00342022115496663 0.999899165949566
1591949522.03352 21.2346397428753 -1.44569749872402 13.3554975288648 0.0132307946968151 0.00277029185820216 0.0028513123719409 0.999904566232432
1591949522.06652 21.2345961804643 -1.44825261633127 13.3889109319218 0.0130406548484032 0.00269431966350306 0.0024548766626718 0.99990832356934
1591949522.09952 21.2346490965468 -1.45067498099441 13.4222081494369 0.0129877275838029 0.00254975856204358 0.00220001007322865 0.999909984758209
1591949522.13252 21.2344016008399 -1.45288683347292 13.4558147573097 0.0132735771644946 0.00250894246769288 0.00216750133366135 0.999906405267473
1591949522.16552 21.2344802260819 -1.4552103234473 13.4892629234255 0.0133948126070334 0.00241662201288211 0.00233838198437238 0.99990463090385
1591949522.19852 21.2344652378349 -1.45758918793306 13.5223148344203 0.0133005389048079 0.00227675073886912 0.00245271100889522 0.999905943716519
1591949522.23152 21.2344942661406 -1.45988127301789 13.5557571592136 0.0130572306063257 0.00213272917888369 0.00235078293775526 0.999909712931484
1591949522.26452 21.2345728155953 -1.46229982370502 13.5891879783628 0.0127534168029768 0.00194866617390765 0.00250342726530866 0.999913639226868
1591949522.29752 21.234660711543 -1.46468276660666 13.6226606744199 0.0118990528525355 0.00182152324713313 0.0029567461098235 0.999923173172177
1591949522.33052 21.2346715488037 -1.4670912888186 13.6559291121073 0.0111097063998572 0.00163366269500099 0.00326234593588368 0.999931628997154
1591949522.36352 21.2347146172022 -1.4694075836197 13.6892625868653 0.0103768860381565 0.0014751881916658 0.00362155313078234 0.999938512314068
1591949522.39652 21.2348303500204 -1.47168241830254 13.7229071509293 0.0100268867496255 0.00129842901650584 0.00374179683532747 0.99994188560168
1591949522.42952 21.2347809871556 -1.47391810692372 13.756312330064 0.00918033175221892 0.0011508558921497 0.00380141023695934 0.999949971908518
1591949522.46252 21.234826571432 -1.476266323192 13.7897123391663 0.00900583354002316 0.000988860867715136 0.00417534576689627 0.99995024056408
1591949522.49552 21.2348610654968 -1.4785482373599 13.8230404081222 0.00939653111587701 0.000773649375449019 0.00444438269301282 0.999945675590484
1591949522.52852 21.2347858798271 -1.480836805658 13.8563171815 0.00983291584612187 0.000687165211459193 0.00458118841476692 0.999940925396418
1591949522.56152 21.2347407206093 -1.48303986363603 13.8895983174266 0.0107122969681583 0.000458198798209782 0.00453251515011865 0.999932244231549
1591949522.59452 21.2347021036155 -1.48537950903418 13.9230581090657 0.0116523830883422 0.00043429876402803 0.00447425590715638 0.999922004151836
1591949522.62752 21.234649397182 -1.48758953208135 13.9563977978392 0.0124317030976619 0.000274780886507523 0.0044523363788672 0.999912773172903
1591949522.66052 21.2345153510408 -1.48987371220489 13.9896611838286 0.0128372017791463 0.000193784772627948 0.00442378971532712 0.999907795140381
1591949522.69352 21.2342361493002 -1.49219640892013 14.023113481665 0.0124311758684006 0.000207157542637672 0.00431450632831564 0.999913400243953
1591949522.72652 21.2340361061153 -1.49454463226687 14.0566116534913 0.0117082182117045 0.000135022868402357 0.00422083891706608 0.999922538956878
1591949522.75952 21.2340302253472 -1.49689409761383 14.0903127570176 0.0105798686742929 6.43773351232394e-05 0.00439807225625014 0.999934357442939
1591949522.79252 21.2339374853362 -1.49923869354168 14.1240326003775 0.00926741004245794 -5.70092801310119e-06 0.00463913911604506 0.999946295291335
1591949522.82552 21.2338563544005 -1.50152014368586 14.1577385344129 0.0079016206258585 -6.57373681095721e-05 0.00489456142128277 0.9999568007362
1591949522.85852 21.2337336246651 -1.50376721519903 14.1914192424828 0.00652627756040494 -0.000125747712068771 0.00507359664193644 0.99996582466894
1591949522.89152 21.2336834049055 -1.50590616083984 14.2252018762105 0.00536741310946881 -0.000203828507695417 0.00516876315959154 0.999972216222957
1591949522.92452 21.2336201311336 -1.50795052775686 14.2587817254288 0.00466236201979514 -0.000286754852439886 0.00534591680552524 0.999974800345269
1591949522.95752 21.2336219199326 -1.50991878898178 14.292450850014 0.00428589415731175 -0.00041233896628312 0.00570947202607406 0.999974431181634
1591949522.99052 21.2335189273711 -1.51179802454947 14.3261030001447 0.00425188668347549 -0.000494278941197267 0.00610516536062603 0.999972201665566
1591949523.02352 21.2334113307206 -1.51360684401638 14.3597031728567 0.00427732043597306 -0.000605990775980873 0.00628607750945358 0.999970910844217
1591949523.05652 21.2333790713571 -1.51542619266173 14.3931697627708 0.00461108428845186 -0.000727958482010204 0.00638159445090514 0.99996874112664
1591949523.08952 21.2332258183755 -1.51723559726418 14.4266861798297 0.00525652924994425 -0.000832778099707081 0.00636145059160374 0.999965603072052
1591949523.12252 21.2331130626211 -1.51907569419907 14.4602499300251 0.00613882203213153 -0.000944886615970883 0.00645833377934985 0.999959855183265
1591949523.15552 21.2329709104788 -1.52092865936417 14.4938260423738 0.00701658406233483 -0.00102312881903283 0.00647307527962333 0.999953908963778
1591949523.18852 21.2327705411164 -1.52285047845648 14.527231772418 0.00774275197963911 -0.00108861555531982 0.00638232539601866 0.99994906401801
1591949523.22152 21.2325799873827 -1.5248267147237 14.5607544359091 0.00857794490669298 -0.00115242145061505 0.00623861199860324 0.999943083633418
1591949523.25452 21.2323169196963 -1.52694786324394 14.5944688051316 0.00940780694755972 -0.00118219312718156 0.00608338623208735 0.99993654198644
1591949523.28752 21.2321026353469 -1.52907939260945 14.6280862916071 0.0102048403234383 -0.00118390826659684 0.00597824389221473 0.999929357602403
1591949523.32052 21.2318793693818 -1.53132770839732 14.661776657401 0.0104853309149617 -0.00126602608476307 0.00592252372679899 0.999926686675709
1591949523.35352 21.231592114923 -1.5335878568179 14.6954090026641 0.0106356578030473 -0.00122570044018789 0.00578792289801265 0.999925937452397
1591949523.38652 21.231270029396 -1.53592745937058 14.729102722877 0.0106346477836845 -0.00131204717240047 0.00561587503525223 0.999926819695483
1591949523.41952 21.2309715175632 -1.53825879505293 14.762899930292 0.0106104656561117 -0.00128728048717332 0.00550625093604801 0.999927718451758
1591949523.45252 21.2308492776997 -1.54063189396783 14.7965769604608 0.0104738476187979 -0.00134427526386472 0.00563038444139844 0.999928392541744
1591949523.48552 21.2306007278709 -1.54300969486605 14.8303705558587 0.010105203431802 -0.00133922985010641 0.00577353079121775 0.999931376480013
1591949523.51852 21.2305016190856 -1.54536855130499 14.8641469017638 0.00961898385010522 -0.00140476914355744 0.00588723840902209 0.999935419013278
1591949523.55152 21.2302890861509 -1.54766947226092 14.8979667968954 0.00926742501717881 -0.00144669282380728 0.00592926244455406 0.999938430984772
1591949523.58452 21.2300887141415 -1.54990686804817 14.9317748865981 0.00906690300365135 -0.00148122074867557 0.00595378771236805 0.999940073037826
1591949523.61752 21.2298651430991 -1.55215689352158 14.9655422470112 0.00887772191114931 -0.00147511093950641 0.00606483053045811 0.999941112232126
1591949523.65052 21.2296726063145 -1.55446001184062 14.9995387348028 0.00863281574305362 -0.00154654117298501 0.00611201429339787 0.9999428613596
1591949523.68352 21.2294321363264 -1.55664052323541 15.0333507899638 0.00851105252874371 -0.00152936276209124 0.00611802387198591 0.999943894835254
1591949523.71652 21.2291909501911 -1.55874181422872 15.0678305820429 0.00847104015152885 -0.00143353695513911 0.00614087317465272 0.999944236508818
1591949523.74952 21.2289209449727 -1.56086150863761 15.1016375190681 0.00873501244355655 -0.00140740288094212 0.00610802519849184 0.999942203731254
1591949523.78252 21.2286650295699 -1.56300624422334 15.1354863352929 0.00901689670731446 -0.00137410476609822 0.00611025955160963 0.999939734253057
1591949523.81552 21.2285312940062 -1.56518021094936 15.1688838791291 0.00904766986580501 -0.00148569028230004 0.00595161867102636 0.999940253529969
1591949523.84852 21.2282416615151 -1.56728042146052 15.2026781641937 0.00912843902196643 -0.00146867975758027 0.0057085227393554 0.999940961931716
1591949523.88152 21.2279215414742 -1.56940658876303 15.2365207806317 0.00912807145178578 -0.00143017836289499 0.00551301831045863 0.999942118090107
1591949523.91452 21.2278025698406 -1.57153793595174 15.2707316031226 0.00925552475253995 -0.00146947973633177 0.00546080556857729 0.99994117601657
1591949523.94752 21.2275892715767 -1.57369666637615 15.3046622126837 0.0092370095283606 -0.00147565523633219 0.00550712230762418 0.999941084114702
1591949523.98052 21.2274561904861 -1.57595300192821 15.338774117643 0.00922237947047905 -0.00143716856177267 0.00565225671906099 0.999940465356518
1591949524.01352 21.2272108383422 -1.57815475225119 15.3726432856466 0.00905076978534572 -0.00141585367808838 0.00564406373864164 0.999942110058962
1591949524.04652 21.2268810171287 -1.58042140973086 15.4065382798774 0.00895515872616851 -0.00135194280299327 0.00553926710015218 0.999943645363497
1591949524.07952 21.2266049400561 -1.58267280761394 15.4404676387038 0.00902954868956871 -0.00133201517712493 0.00546646410309634 0.999943403776554
1591949524.11252 21.2264421061466 -1.58493238443083 15.4744435509782 0.00926907455995773 -0.00137593687936429 0.00558663215707897 0.999940488527016
1591949524.14552 21.2262098021828 -1.58722603890235 15.5083079977642 0.00916474122122295 -0.00137523515345928 0.00574177651964639 0.999940572358687
1591949524.17852 21.2259889729532 -1.58940153396793 15.5422371175884 0.00905369585779692 -0.00137656423425773 0.0057558692493064 0.999941501104644
1591949524.21152 21.2257983728344 -1.59163922107779 15.5761095577033 0.00914499715057562 -0.00140487423038569 0.0057427080842711 0.999940706571831
1591949524.24452 21.2256131154792 -1.59395016217728 15.6100612460595 0.00954390671462794 -0.00141830454496943 0.00570086313625689 0.999937199236203
1591949524.27752 21.2254099114765 -1.59619525473577 15.6439802062477 0.00964702383682376 -0.0014326192475139 0.00567234319685468 0.999936351502355
1591949524.31052 21.2252876419552 -1.59828266279662 15.6775557238296 0.00968058408373302 -0.00137314143745366 0.00575912285826173 0.999935614566405
1591949524.34352 21.2250596714816 -1.60051885856086 15.7114360270379 0.00957096784572418 -0.00137313490460123 0.00570435505023575 0.99993698371872
1591949524.37652 21.2247856913219 -1.60288371869806 15.7455101669855 0.00942028941617288 -0.00138205405946062 0.00562673662944947 0.999938842084252
1591949524.40952 21.2246050176737 -1.60512107943978 15.7794107720708 0.00937219087749509 -0.00138556305625055 0.00554520336124491 0.999939744671075
1591949524.44252 21.2244114675335 -1.60735603943103 15.8132178529181 0.00906125602081735 -0.00138643627507061 0.00545639480677775 0.999943097975826
1591949524.47552 21.224219627354 -1.60958753510208 15.8471185854606 0.00867440072811293 -0.00138563088269461 0.00545049999866606 0.999946561996605
1591949524.50852 21.2239289518985 -1.61181788862073 15.8807490022607 0.00812557641881627 -0.00133190862828569 0.00538829506548732 0.99995158247965
1591949524.54152 21.2237060294214 -1.61399899037562 15.9145753300048 0.00775144988566278 -0.00133652674387993 0.00533199541779185 0.999954848253559
1591949524.57452 21.2235008550818 -1.61617554638014 15.9483264864466 0.00759935274141108 -0.00134460066562971 0.00532493037072455 0.999956042535625
1591949524.60752 21.2232852801312 -1.61830812922173 15.9820346442404 0.00772049052072959 -0.00133955800864616 0.00535816386409345 0.999954943830204
1591949524.64052 21.223135691568 -1.62039516198654 16.0160010878997 0.00765160217345022 -0.00138945045647479 0.00552790547589334 0.999954481300353
1591949524.67352 21.2228879867973 -1.6225622097087 16.0496263442438 0.00746533127993384 -0.00139533853790617 0.00559268948598181 0.999955520852582
1591949524.70652 21.2226631134302 -1.62476207851906 16.083108553957 0.00742491374095465 -0.00145837533429572 0.00562820314984403 0.999955532574638
1591949524.73952 21.2224323663929 -1.62688317860104 16.1167157743952 0.00775697054754493 -0.00149400251546293 0.00573364644189535 0.999952360196668
1591949524.77252 21.2222163377673 -1.62907067677498 16.1503555572637 0.00809971068732025 -0.00159492005245146 0.00595081737768365 0.999948218003985
1591949524.80552 21.2220239155992 -1.63121869303038 16.18396524539 0.00828596146350877 -0.00174589884382127 0.00613488770578045 0.9999453274218
1591949524.83852 21.2218319282409 -1.63344476393814 16.2174187619579 0.00832412142389331 -0.00192141554234447 0.00616874257433955 0.999944480348727
1591949524.87152 21.2216400828121 -1.63561823451285 16.2509914619269 0.00835226808249969 -0.00216977482453321 0.00623166492721296 0.999943347418904
1591949524.90452 21.2212926027566 -1.63781544889985 16.284241793653 0.00849669449062537 -0.00242484114695757 0.00632707685945894 0.999940945469561
1591949524.93752 21.2210060654184 -1.64003221679293 16.3177446698901 0.00875634642025945 -0.00269640382703265 0.00653280711860754 0.9999366871132
1591949524.97052 21.2208227641567 -1.64224813620708 16.3510243280154 0.00878107870767153 -0.00308209213918946 0.00675052353098897 0.999933909714454
1591949525.00352 21.2205095876848 -1.6444885231596 16.3844368770226 0.00865679324620358 -0.00337543334549264 0.00688085497607688 0.999933157873676
1591949525.03652 21.2201011855145 -1.64670109579641 16.4177528606992 0.00856338817619594 -0.00360722774134284 0.00686616819049395 0.999933253785144
1591949525.06952 21.219720932893 -1.64890865143766 16.451017758106 0.00851947832864075 -0.00388371773769178 0.00685010075154985 0.999932703408202
1591949525.10252 21.2189733544807 -1.65109735540069 16.4843076472654 0.00848884682479818 -0.00421010774106451 0.00681552029948019 0.999931879257503
1591949525.13552 21.2185051192092 -1.65330404754398 16.517610295001 0.00827779958262881 -0.00445391546586825 0.00682689716545981 0.999932514795966
1591949525.16852 21.2184957871754 -1.65554423739936 16.5513685161807 0.00794350040654613 -0.00471493291586791 0.00677626910555105 0.999934374039566
1591949525.20152 21.2180773127098 -1.6577095006247 16.5846889698759 0.00749283824464279 -0.00503891523156092 0.00681872888543526 0.999935983773319
1591949525.23452 21.2175710995483 -1.65985261580813 16.6179927184053 0.00726690055669933 -0.00532417767603872 0.00688547794839062 0.99993571567466
1591949525.26752 21.2171360388763 -1.6620083110947 16.6513290254668 0.00714277548602296 -0.00563495935745936 0.00711460317226691 0.999933302982303
1591949525.30052 21.2166339569314 -1.66410106298908 16.6845922973114 0.00691815696308475 -0.00592470902833478 0.00726390457253705 0.999932134005866
1591949525.33352 21.2161378684642 -1.66620420798395 16.7178417093694 0.00672141132200205 -0.00622633314698646 0.00734639224285424 0.999931040585498
1591949525.36652 21.2156347943453 -1.66825920965395 16.7509155915684 0.00663499854157251 -0.00656031898954111 0.00738105704088577 0.999929226998625
1591949525.39952 21.21509893113 -1.67032269235698 16.7840878655487 0.00678765234622015 -0.00685288072408394 0.00738495329309628 0.999926211410756
1591949525.43252 21.2144578588851 -1.67234200235404 16.8169338833475 0.00706781104383318 -0.00708875826452304 0.00743802107224457 0.999922232674044
1591949525.46552 21.2138863120601 -1.67435429771247 16.8499819557428 0.00737437714847538 -0.00735878781654605 0.00748462259360576 0.999917720229107
1591949525.49852 21.2131805020642 -1.67646110026034 16.8827864776226 0.00751996008892769 -0.00761762027346329 0.00740079857981453 0.999915321535785
1591949525.53152 21.2125208469544 -1.67850718191134 16.9157219779696 0.00767952503743464 -0.00790222767617386 0.00736933493643374 0.99991213243742
1591949525.56453 21.2119688676965 -1.6806005564868 16.9484688153462 0.00777201607953123 -0.00817709414914513 0.00738107036976833 0.99990912121929
1591949525.59752 21.2113243201529 -1.68266151720904 16.9813523890402 0.00791971707448183 -0.0084141488020514 0.00737158036130041 0.999906065580349
1591949525.63053 21.2105177834503 -1.68475664498699 17.0143590525277 0.00777343326330442 -0.00866403082257265 0.00731025274248497 0.999905529792714
1591949525.66353 21.2098818019213 -1.68684979606429 17.0471887718315 0.00752610165692902 -0.00890853701567734 0.0072291590401951 0.999905863079951
1591949525.69653 21.2091964622402 -1.68892240027828 17.0800396161634 0.00712201169662257 -0.00914675845909187 0.00711111762746983 0.999907518606182
1591949525.72953 21.208465225098 -1.69112001132362 17.1126412812192 0.00700613575635258 -0.00936724129098132 0.00693363535236844 0.999907542502386
1591949525.76253 21.2077277388614 -1.69322382581955 17.1452639405572 0.00695944523636577 -0.00959668263522929 0.00698654696321526 0.999905324501241
1591949525.79553 21.2069701173632 -1.69530686769991 17.1778844520767 0.00698231361601155 -0.00983648981043295 0.00705840294377815 0.999902330086624
1591949525.82853 21.2062082713181 -1.69754744492442 17.210667189581 0.00689632663709911 -0.0100494290736791 0.0072657940404705 0.999899323877744
1591949525.86153 21.2054561852534 -1.69962185681862 17.2431756524886 0.00697903805867439 -0.0102836662150633 0.00739318860093176 0.999895434532663
1591949525.89453 21.2046601098112 -1.70170567820955 17.2756360115167 0.00723280691135114 -0.0105316521359813 0.00745486955225935 0.999890591878646
1591949525.92753 21.2038518041858 -1.70397929261258 17.3080153076192 0.00739335284555287 -0.0106661491319739 0.00738916521920995 0.999888479698491
1591949525.96053 21.2030394277386 -1.70610484334532 17.3403979237469 0.00771796434727977 -0.0108882858900386 0.00742062801294335 0.999883399470461
1591949525.99353 21.2022460442373 -1.70825893467509 17.3727785713393 0.00788084188194275 -0.0110966697280282 0.0073402873167498 0.999880431068779
1591949526.02653 21.201188338357 -1.71045706529413 17.4051444327776 0.00798938542258821 -0.0113204054774048 0.00743523488723516 0.999876360067868
1591949526.05953 21.2003409381964 -1.71258525286604 17.4374820677079 0.00809795700283314 -0.0115458766339604 0.00737710574171893 0.999873339046506
1591949526.09253 21.1994364892299 -1.71472349750147 17.4697941215902 0.00820397351230304 -0.0116979699916522 0.00736472416500168 0.99987079823078
1591949526.12553 21.1986706929295 -1.71678015921436 17.501910172716 0.00823017183022735 -0.0118174059281118 0.0072047272309094 0.999870344141831
1591949526.15853 21.1977213441107 -1.71896831205779 17.5340547502639 0.00813237118860607 -0.0119537889043769 0.00706532288277687 0.999870517958322
1591949526.19153 21.1968075667346 -1.72113515211368 17.5662331227115 0.00784698685346675 -0.0121310003866927 0.00688290864188783 0.99987193639764
1591949526.22453 21.1958797209095 -1.72331797854122 17.5983070729842 0.00774185416322544 -0.0122756824455375 0.00671235148360394 0.999872149653231
1591949526.25753 21.1949187489757 -1.72548525997752 17.6304314823425 0.00779784970923211 -0.0123905617191727 0.00661445228907694 0.999870949943597
1591949526.29053 21.1939514325223 -1.72761393883142 17.6624559068034 0.00784663905956256 -0.0124940639438746 0.00657364346690467 0.999869549407924
1591949526.32353 21.1929616162418 -1.72979607231982 17.6938537427253 0.00782082124149158 -0.0125689924525186 0.00643388243923429 0.999869721684078
1591949526.35653 21.1920314422668 -1.73189898755201 17.7258117611328 0.0078866568635284 -0.0126494997895395 0.00620886637390422 0.999869611887941
1591949526.38953 21.1909396847186 -1.73412506719406 17.7584146905581 0.00770619398593172 -0.0126143386300695 0.00591887700999458 0.999873221928719
1591949526.42253 21.1899156608221 -1.7362336119124 17.7902829967026 0.00784238292604074 -0.012585972704232 0.00567491241904806 0.999873934898878
1591949526.45553 21.189020791953 -1.7383362874905 17.8222134334835 0.00780830381143012 -0.0125238400900398 0.005589173951534 0.999875464723246
1591949526.48853 21.1880697208083 -1.74043783697779 17.8541992756114 0.00772391853543121 -0.0123910376450804 0.00543633480851188 0.999878617399325
1591949526.52153 21.187131836064 -1.74249903833051 17.8858246455314 0.00757893390288341 -0.0122153330989129 0.00520520068672082 0.999883118811388
1591949526.55453 21.1861938072272 -1.74459642705746 17.9177300667564 0.00725367468506328 -0.0120023239905931 0.00499843917691793 0.999889165871989
1591949526.58753 21.185353048723 -1.74657187134031 17.9494221747377 0.00721016904981035 -0.011752086059024 0.0048074407100265 0.999893389541782
1591949526.62053 21.1844272410415 -1.74861392174341 17.9812134578877 0.00705398829972376 -0.0114263538181335 0.00463754313970202 0.999899081348272
1591949526.65353 21.1835551700902 -1.75070986198785 18.0128242922901 0.00689242240802195 -0.0110700943612515 0.00450090192612946 0.999904840175321
1591949526.68653 21.1827650367379 -1.75277804553206 18.0443959328466 0.00668093902138899 -0.0107090156003766 0.00437256048947787 0.999910777396378
1591949526.71953 21.182196590569 -1.75468421219145 18.075462687954 0.00652066199722691 -0.0103945835487405 0.00430898143884629 0.999915429563384
1591949526.75253 21.1813666766235 -1.75665681754254 18.1069799699132 0.00666228358802672 -0.00999059461251175 0.004085083568957 0.999919553808663
1591949526.78553 21.1806559707528 -1.75869432628655 18.1385245320263 0.0068340265338556 -0.00955570637588905 0.00389411248776552 0.999923407289241
1591949526.81853 21.1797617897045 -1.76080304796287 18.1704435658383 0.00686282274200612 -0.00902204735138951 0.00369132900067586 0.999928936682907
1591949526.85153 21.1790502043102 -1.76277118481723 18.2017799510122 0.00700718187845881 -0.0084970283738222 0.00355351296605031 0.999933033986045
1591949526.88453 21.1784439330938 -1.76488775456943 18.2329269915404 0.00721477806199619 -0.00796174086175836 0.00344608592292059 0.999936339049531
1591949526.91753 21.177817588812 -1.76688985537129 18.2641553269454 0.00748001769770043 -0.00737218843210437 0.00330763942515982 0.999939378009686
1591949526.95053 21.1773054473106 -1.76897656943124 18.2954261238152 0.0077917881526958 -0.00674880349962053 0.00326064037119733 0.999941553248527
1591949526.98353 21.1768130960801 -1.77097196391542 18.3266583087832 0.00793930516152043 -0.00606176364058316 0.00327197167116785 0.999944756802345
1591949527.01653 21.1763522395391 -1.77311917282547 18.3576025618123 0.00789147993812295 -0.00533287751301119 0.00329589581713507 0.999949209726464
1591949527.04953 21.1759562873068 -1.77517143173357 18.3887562849066 0.00784917297261533 -0.00455968699221006 0.00329217534908933 0.999953379573093
1591949527.08253 21.175704539337 -1.77727676440964 18.4196305624295 0.00763936796188179 -0.00384285009769102 0.00327913179216276 0.999958059047958
1591949527.11553 21.17535957237 -1.7793434860941 18.4506372201657 0.00749642030530657 -0.00300103688683407 0.00322144567944041 0.999962209159899
1591949527.14853 21.1751548262902 -1.78139154923261 18.4817743434233 0.00718922813283614 -0.00214351666043288 0.00320792669361647 0.999966714216783
1591949527.18153 21.1749760572563 -1.78339227384566 18.5128238645437 0.00659066646368696 -0.00125801979758836 0.00321272088004146 0.99997232908031
1591949527.21453 21.1746678770573 -1.78530233136346 18.5422296879833 0.00588348544286604 -0.000263591088970454 0.00313883839841483 0.999977731158194
1591949527.24753 21.1745812276324 -1.78723947525232 18.5730877794416 0.00521771361896674 0.000740222013782929 0.00314930352623635 0.999981154534054
1591949527.28053 21.1747424063209 -1.78932013102733 18.6052420937949 0.00476979205136877 0.00176493123590262 0.00300108564125293 0.999982563641233
1591949527.31353 21.1747831203512 -1.79125662888605 18.636007368889 0.00430972620565777 0.00291013296111841 0.00285928766474532 0.999982390775073
1591949527.34653 21.1749807283534 -1.79318250155138 18.6664735875567 0.00388947371827815 0.00410086756535391 0.00279737213544955 0.999980114596556
1591949527.37953 21.1751379136178 -1.79507255770807 18.696918980008 0.00383372029628662 0.00543769545869805 0.00264658683428766 0.999974364488869
1591949527.41253 21.1754257118991 -1.79691585279834 18.7273751873475 0.0040710791940421 0.00682105459997392 0.00251282014835677 0.999965292029299
1591949527.44553 21.1757635271101 -1.79871494736396 18.7577301026922 0.0045574748285416 0.0083352837037951 0.00235091597923705 0.999952111684766
1591949527.47853 21.1762404466123 -1.80051470350052 18.7880315675168 0.00530167184841942 0.00996345986751644 0.00210889542999189 0.999934084979178
1591949527.51153 21.176806572545 -1.80242463234589 18.8179472458188 0.00594554578202729 0.0116281740229509 0.00188656178068904 0.999912934679262
1591949527.54453 21.1775228024385 -1.80427485932275 18.8480652218277 0.00650275582411826 0.0134592258384208 0.00176658636318531 0.999886714872812
1591949527.57753 21.1783161992015 -1.80615180660824 18.8781764140461 0.0069181346321508 0.0153854705934982 0.00157095164137588 0.999856469108826
1591949527.61053 21.1792151284189 -1.80821854771216 18.9080421173572 0.00737320307883764 0.017361994115953 0.00145393105262896 0.999821025544657
1591949527.64353 21.1802767322594 -1.81020949681383 18.9379939021151 0.00796538545329795 0.0194536936407176 0.00142189374794075 0.999778017690169
1591949527.67653 21.1815821320649 -1.81238374829356 18.9679276903326 0.0082460324379077 0.0215919106942026 0.00145385777902397 0.999731803354862
1591949527.70953 21.1829899635512 -1.81445381011326 18.9977604728621 0.00837287915588661 0.0238358888065337 0.00168953335910284 0.99967939399413
1591949527.74253 21.1845647363048 -1.81657834348563 19.0276186269895 0.00855298349758574 0.0261476722378138 0.00195965292335292 0.999619580375582
1591949527.77553 21.1863766592335 -1.81878155508146 19.0577841184223 0.00880782993300324 0.0285664862042176 0.00225910094419683 0.999550536221526
1591949527.80853 21.1882543071426 -1.82088654683962 19.0874583142628 0.0088834504142803 0.0309903286057054 0.0025791027870204 0.999476879207549
1591949527.84153 21.1903416930843 -1.82303053981852 19.1172036901438 0.0088134734039036 0.0334504819447273 0.00310174410095153 0.999396701579386
1591949527.87453 21.1924729031446 -1.82501867978436 19.1466180577624 0.00857958879526499 0.0360182498117535 0.00359686117362518 0.999307829913436
1591949527.90753 21.1948360348301 -1.82714580877095 19.1761850015181 0.00866543002992759 0.0385439215292925 0.00398047432423734 0.999211405188959
1591949527.94053 21.1973347179781 -1.82929491124323 19.2056553174585 0.00861847273208332 0.041149237498538 0.00441588715848925 0.999106081515701
1591949527.97353 21.1996815853708 -1.83107298814952 19.2341245672767 0.00836345146766168 0.0437731865294077 0.00460413712820083 0.998995877239698
1591949528.00653 21.2024282186483 -1.8331077199337 19.2635429129996 0.00822088178217226 0.0463990522321897 0.00481505048416196 0.998877550225008
1591949528.03953 21.2055029962071 -1.83527170950381 19.2938753820612 0.00786168212348439 0.0491119936065244 0.00503511126023242 0.998749645152768
1591949528.07253 21.2086158575767 -1.83720802957867 19.3232455070132 0.00766547410706276 0.0518285196877769 0.00547028398554612 0.998611596691529
1591949528.10553 21.2118436297395 -1.83913287598926 19.3522389523716 0.00746793856109695 0.0545657640271065 0.00599227121567607 0.998464270755576
1591949528.13853 21.2152156882387 -1.84103628831275 19.3813417939579 0.00701720761170197 0.0574094072227832 0.00637081433937903 0.998305730467534
1591949528.17153 21.2187310179811 -1.84300260536295 19.4103159047204 0.00658456845608739 0.0602308232461099 0.00644790921076847 0.998141931719208
1591949528.20453 21.222352859505 -1.84486728376208 19.4393570276221 0.0066113869429066 0.063133274938067 0.00619192459071444 0.997963996959885
1591949528.23753 21.2260555472221 -1.84674264591166 19.4682858292455 0.00664011852674982 0.0660372963130599 0.00570036539724266 0.997778778164754
1591949528.27053 21.229957849299 -1.84853403399381 19.4971558167682 0.00668627970059323 0.0689742335483986 0.00543671677960083 0.997581220192539
1591949528.30353 21.2339184251262 -1.85034123435828 19.5252363453576 0.00705674607465044 0.0720033694126717 0.0051641151486935 0.997366055690082
1591949528.33653 21.2381489778745 -1.8521233704399 19.5540018967905 0.00719066985680429 0.0749744147645998 0.00474534939772018 0.997148240261602
1591949528.36953 21.2425553716627 -1.85396471861017 19.5826689856186 0.00731610422679974 0.0779612335937364 0.00461697398692662 0.996918855387283
1591949528.40253 21.2472803376741 -1.85578229774694 19.6117048261084 0.00750312803818011 0.0809780808006466 0.00466860299375036 0.996676706683553
1591949528.43553 21.2520783301178 -1.85758066293781 19.6403636973596 0.00753859999201829 0.0841292407222174 0.00445035049622672 0.996416396265198
1591949528.46853 21.2570027622507 -1.85941175120092 19.6689755273394 0.00718665253153389 0.0873642226484057 0.00417281822021244 0.996141773150053
1591949528.50153 21.2621051426882 -1.86123863707622 19.6974173238794 0.00705561060956747 0.0906741059288983 0.00399975298159959 0.995847592179148
1591949528.53453 21.2674911145679 -1.86308925520589 19.7258821459546 0.00685870706797582 0.0940695639222994 0.00390423488625701 0.99553434507845
1591949528.56753 21.2730250981124 -1.86493974221708 19.7542523561482 0.00675734888870979 0.097631681285925 0.00378429852839169 0.995192479940402
1591949528.60053 21.2787443290251 -1.86674335427775 19.7820315093529 0.00659281604698839 0.101277971962356 0.00381292467413572 0.994829014844859
1591949528.63353 21.2847703807686 -1.86859248761047 19.8101493125854 0.00666666338344985 0.104969111782463 0.00425212352421859 0.994444045995785
1591949528.66653 21.2910570527872 -1.87052798753297 19.83866607886 0.00710904919143246 0.108608980840471 0.00466441554106928 0.994048184912607
1591949528.69953 21.2974993646495 -1.87241611222808 19.8665756503437 0.00765566969635902 0.112343718439181 0.00493594883928828 0.993627654636189
1591949528.73253 21.3040893385152 -1.87426466779215 19.8944457481765 0.00811766134544674 0.116152404056518 0.00517850461291161 0.993184728887907
1591949528.76553 21.3109663376498 -1.87613221905837 19.9221508629964 0.00869487246183485 0.119876328899942 0.00549592663232948 0.992735543713832
1591949528.79853 21.3180326513586 -1.87808100678587 19.9497981707391 0.00971876098011971 0.123633156683074 0.00582367561753462 0.992263308328939
1591949528.83153 21.3252982215069 -1.88003875132866 19.9771932580906 0.0106255746641811 0.127373087464556 0.00628250954150331 0.991778061779279
1591949528.86453 21.3327681766921 -1.88203346396445 20.0045661114476 0.0116426592300596 0.131050449766238 0.00654937874558175 0.991285697334611
1591949528.89753 21.3396194355924 -1.88399299570859 20.0313208392406 0.0128966052825611 0.134759023691878 0.00654891857715242 0.990772827025079
1591949528.93053 21.3473795979301 -1.88607133448433 20.0584673229268 0.0141199748421791 0.13846437551829 0.00647672849334886 0.990245573083167
1591949528.96353 21.3554112884737 -1.88824960104325 20.0855309357162 0.015418460940928 0.142146790774815 0.006526830916554 0.989703976658082
1591949528.99653 21.3644082726347 -1.89046759149813 20.1130464276912 0.0166762886505148 0.145763871820013 0.00644947311444772 0.989157823284753
1591949529.02953 21.3727452072989 -1.8927088635695 20.1399645000971 0.0179493921533738 0.149479730742234 0.00644018332334677 0.988580878561443
1591949529.06253 21.3813032109582 -1.89498178192202 20.16687511838 0.0189756212693992 0.15320094610284 0.00638021412041548 0.987992251375694
1591949529.09553 21.3901217202011 -1.89728021421305 20.1936524373352 0.0195195445227325 0.156917447032281 0.00625785609856425 0.987398977838009
1591949529.12853 21.3990619111966 -1.89964468073742 20.2203704985587 0.0195955663266391 0.160643191740292 0.00616540209151586 0.98679874672847
1591949529.16153 21.408350262597 -1.90206938977554 20.2473545840119 0.0194830252076055 0.164366340763163 0.00604601813208537 0.986188401583406
1591949529.19453 21.4177671109326 -1.90447669639563 20.2740144220264 0.0193480522749643 0.168075012479385 0.00618462804664664 0.985564910814678
1591949529.22753 21.4272983868696 -1.9069160581549 20.3005736592919 0.0188958901152068 0.171783789631383 0.00636486670106362 0.984932872549451
1591949529.26053 21.4371315192059 -1.9093477930349 20.3271866995145 0.0180299580879449 0.175469926355781 0.00664025894923866 0.984297278527748
1591949529.29353 21.4471828402033 -1.91177138861261 20.3536800140531 0.017598993867182 0.179173097710389 0.0069266617880497 0.983635754651182
1591949529.32653 21.4573267177782 -1.91413665043887 20.3799680358629 0.0172478181837929 0.182913423272913 0.00722475855164483 0.982951166242939
1591949529.35953 21.4678306314824 -1.91649664606483 20.4062156162084 0.0171261286238105 0.186649132185355 0.0074605465812649 0.982249020064425
1591949529.39253 21.4784176528155 -1.91876531851234 20.4323297843861 0.0170785757230079 0.19041483160765 0.00770093751506108 0.981524940954886
1591949529.42553 21.4890584347966 -1.92091246279114 20.4587251758534 0.0172344433916071 0.194185618072456 0.00795169706246306 0.980781163261523
1591949529.45853 21.5000445501249 -1.92312152464629 20.4846013933846 0.0175394407683461 0.197955183647196 0.00815933587890906 0.980020172508073
1591949529.49153 21.5112014609237 -1.92533254446196 20.5103450832997 0.017824965533133 0.201720154240274 0.00826691617475362 0.97924609168175
1591949529.52453 21.5227372260936 -1.92759517882938 20.5357609195289 0.0183509622960669 0.205532439846923 0.0083550321762327 0.978442564380104
1591949529.55753 21.5342275718236 -1.92978043952641 20.5613064919065 0.0185844660127973 0.209283736463477 0.00855893876670679 0.977640874678475
1591949529.59053 21.5459521315964 -1.93195296062184 20.5867529905166 0.0188971582174957 0.212986766241117 0.00871543685718254 0.976833443314593
1591949529.62353 21.5579304387313 -1.9341461707915 20.612108968378 0.0190485391215115 0.216641655732451 0.0088930335249764 0.976024825562118
1591949529.65653 21.5700234545359 -1.93633258366996 20.637356258698 0.0191181003489835 0.220331384511475 0.00900922463149318 0.975196089568576
1591949529.68953 21.5824505050313 -1.93854860356644 20.6626472530484 0.0190020530336635 0.223963751697943 0.00925592657435706 0.974368250575283
1591949529.72253 21.595036674535 -1.94082687815703 20.6877930818139 0.0188240646857963 0.227544355564468 0.00945216731415083 0.973539869431407
1591949529.75553 21.6078246418898 -1.94307531925441 20.712879707388 0.0187226912829104 0.231169459305715 0.00971838609181153 0.972684787013346
1591949529.78854 21.6207847291385 -1.94536464834883 20.7378369833128 0.0185569274203146 0.234809720053597 0.00998355227886599 0.97181292669781
1591949529.82153 21.6338200209979 -1.94757650050995 20.7629955697735 0.018448297075609 0.238550140918065 0.0101774653302715 0.970901596353839
1591949529.85454 21.6471857773918 -1.94982862848458 20.7877643523393 0.0183678118764907 0.242209108504845 0.0104353542543294 0.969994059067242
1591949529.88754 21.6607421356489 -1.9520288107013 20.8124747295913 0.0183756584859766 0.245886233391566 0.0106990051797963 0.969065439839786
1591949529.92054 21.6742273548738 -1.95413096634942 20.836805933053 0.0184168710540583 0.249562711080972 0.0110112936168595 0.968120872366347
1591949529.95354 21.6881685087555 -1.95629595004203 20.8612970583978 0.0183478968812255 0.253250029191885 0.0114117890896195 0.96715952586123
1591949529.98654 21.7022444249181 -1.95844031286793 20.885739214603 0.0184279869427734 0.256926186049947 0.0116402779644886 0.966185203854817
1591949530.01954 21.7165022504071 -1.960566938001 20.9100913270135 0.018481201652319 0.260623668430608 0.011840393890973 0.965190941581906
1591949530.05254 21.7309621695552 -1.96279139563413 20.9344769793248 0.0183818815703364 0.264379774449587 0.0119241222252118 0.964169723959987
1591949530.08554 21.7455450495389 -1.96492673522248 20.9585937567554 0.0184640577817338 0.268098365742948 0.0119337830032582 0.963140659342873
1591949530.11854 21.7597410422924 -1.96724238800736 20.982948613751 0.0185582067976388 0.271791935795465 0.0121248793899815 0.962100682827316
1591949530.15154 21.7747676859994 -1.96937040011233 21.0068374556158 0.0188314464346558 0.27547823592593 0.0123654308250017 0.961043294694276
1591949530.18454 21.7905586308772 -1.97136846913141 21.030366977315 0.0190959234722868 0.279119728901899 0.0124798212969955 0.959985300254575
1591949530.21754 21.8059079547952 -1.97349117664694 21.0540698669208 0.0194295455962898 0.282808904714769 0.0125488449119437 0.958897357730915
1591949530.25054 21.821510101781 -1.97565942111874 21.0776236290214 0.0197396518453568 0.286412380766768 0.0126742332355638 0.957819219947286
1591949530.28354 21.8372481887147 -1.97781494036473 21.1011031834875 0.0200911402404846 0.290071029640498 0.0127780423361954 0.956708871852453
1591949530.31654 21.8531750226725 -1.98001766469986 21.1243872467673 0.0205581424780665 0.29370225187874 0.012780525564942 0.955590397704735
1591949530.34954 21.869308617803 -1.98220054488378 21.1476598571763 0.0208536405931641 0.297334732148502 0.0128425531937338 0.954459140853948
1591949530.38254 21.8857423498861 -1.98438856670634 21.1707942004958 0.0211001414300946 0.300885199890383 0.0130774682659956 0.95333722278232
1591949530.41554 21.9022715178132 -1.98655183670352 21.1938775783385 0.0214001297837933 0.304522249428985 0.0132051319150319 0.952173229270312
1591949530.44854 21.9191398505512 -1.98874388502033 21.2168733989091 0.0217570422423219 0.308128829604811 0.0132985530313277 0.951002841197916
1591949530.48154 21.9360403400718 -1.99094065404469 21.2397917781026 0.0219004386723956 0.311749925962199 0.0132859970408032 0.949818844165113
1591949530.51454 21.9531707059612 -1.9931761183941 21.26260325782 0.0220016202483464 0.315373189491269 0.013383088828523 0.948618244073958
1591949530.54754 21.970501351543 -1.99542997513337 21.2853704185225 0.021884243871591 0.319010357904474 0.013458212614692 0.947402949083993
1591949530.58054 21.9876309471138 -1.99758721559093 21.3076113394865 0.0218895246410336 0.322636298733732 0.0135769797963278 0.946172464759992
1591949530.61354 22.0053541720018 -1.99975467793999 21.330129122172 0.0218753338217659 0.326247104434078 0.0137776807867269 0.944930935111506
1591949530.64654 22.0236415389751 -2.00204117764453 21.3526927458483 0.0217751164861265 0.329844997613396 0.0141275918488366 0.943678193559641
1591949530.67954 22.0417465451286 -2.00423525948224 21.3749542978459 0.0214606139946516 0.333434250225576 0.0144278228227067 0.942418633491548
1591949530.71254 22.0599453648094 -2.00636314748295 21.3970228299585 0.021131920020647 0.337031495865825 0.014652174093666 0.941142139395009
1591949530.74554 22.0784483185756 -2.0085268937661 21.4190920451092 0.0208086337736394 0.340601469719541 0.014928162505765 0.939858920024471
1591949530.77854 22.0970791498482 -2.01067608698181 21.4410614379398 0.0207808156987436 0.344177711089852 0.0150107270365586 0.938554494401726
1591949530.81154 22.1159853915057 -2.01278794971806 21.462849895142 0.0208604326854595 0.347722693984896 0.0152970429035266 0.937240508575291
1591949530.84454 22.1348725206141 -2.01496573545721 21.4845435134253 0.0209022882950381 0.351253130887653 0.0157096735018945 0.935915347958412
1591949530.87754 22.1541022614027 -2.01705238224409 21.5060712949568 0.0211531975493746 0.354753308638473 0.0161490299021983 0.934581104600725
1591949530.91054 22.1736188443195 -2.01921197628822 21.527509521873 0.0217273907984834 0.358160364868119 0.0165680673021881 0.933260184874773
1591949530.94354 22.1931326131855 -2.02132616442421 21.5487346513045 0.0225856035499078 0.361531771255219 0.0167434408884729 0.931935795037708
1591949530.97654 22.21206801515 -2.02330102390718 21.5694550974479 0.0232715259743976 0.364804282459606 0.017036811906903 0.93063742597104
1591949531.00954 22.2319789103684 -2.0254491997841 21.5904234103497 0.0239957839576117 0.368013501109071 0.0173955120291908 0.929347976548583
1591949531.04254 22.2531954780373 -2.02771948870652 21.6119658775449 0.0247885350506802 0.371115616945928 0.017739587704965 0.928086221434702
1591949531.07554 22.2735204088261 -2.02989907686553 21.6328042222473 0.0255519385107046 0.374092967256358 0.0180154691927516 0.926864064012325
1591949531.10854 22.2940518148831 -2.03212455072403 21.6535582588427 0.0260361236876781 0.376926109097519 0.0184655115132489 0.925693174560815
1591949531.14154 22.3147207650675 -2.03435592473983 21.6741876547739 0.0264192451970542 0.37962777376549 0.0189893807126808 0.924567023146091
1591949531.17454 22.3355794896893 -2.03668350504653 21.6948456904105 0.0265034009005188 0.382258921867378 0.0195289740661271 0.9234686272773
1591949531.20754 22.3565746292307 -2.03897348506305 21.715394900091 0.0264773683870078 0.384736897851376 0.0201228025582198 0.922426984217288
1591949531.24054 22.3778266810817 -2.04120796790763 21.7358374969789 0.0262031069451312 0.387078916972423 0.02101620431345 0.921434549155898
1591949531.27354 22.3991119661899 -2.04345490566895 21.7562643337908 0.0258842342274799 0.389335730206173 0.021784947937558 0.920474394889201
1591949531.30654 22.4205925194534 -2.04574984850231 21.7766195392588 0.0255187260011644 0.391506309143384 0.0225756643243281 0.919544421931055
1591949531.33954 22.4420822673639 -2.04801804980579 21.7968807459938 0.0250440145802668 0.393571888114355 0.0233293107871909 0.918656469785088
1591949531.37254 22.4638473561692 -2.05021339260015 21.8171754007074 0.0245782840606603 0.395538311672676 0.0239261078142634 0.917808745500185
1591949531.40554 22.4855232106043 -2.05240667681287 21.8373800958084 0.0243976784230133 0.397469439597085 0.0242927298171143 0.916969280375291
1591949531.43854 22.507387694891 -2.05454374245643 21.8574929264986 0.0244090223400391 0.39926854958127 0.0245199712773952 0.916180984277794
1591949531.47154 22.5292284956511 -2.0566304113678 21.8774976621058 0.0245935747554341 0.401001388779114 0.024737871211941 0.915413065236602
1591949531.50454 22.5510761093164 -2.05871382652543 21.8974137664243 0.0248465819235038 0.402619520132686 0.02479096968532 0.914694253396678
1591949531.53754 22.5730504228596 -2.06075908851771 21.9173761893703 0.0253029405444244 0.404142233062179 0.024532586610742 0.914016941226752
1591949531.57054 22.5951699979848 -2.06285401619457 21.9372635203245 0.0258440788630698 0.405577897669289 0.0244171699987917 0.913368739512761
1591949531.60354 22.6173368945076 -2.06490407791596 21.9571054478781 0.0263714556814722 0.406935888066166 0.0244734842767975 0.912747926810242
1591949531.63654 22.6389241114759 -2.06701171759809 21.9767643996506 0.0266885267572802 0.40817771293241 0.0245788152001663 0.912181209545641
1591949531.66954 22.6612725402037 -2.06909554171897 21.9965503942819 0.026814210929053 0.409335475877563 0.0246464204327202 0.911656744745628
1591949531.70254 22.6837584608686 -2.07120254200975 22.0163212697978 0.0268602038038479 0.410374360135351 0.0248392576579361 0.911182981225023
1591949531.73554 22.706695064662 -2.0733015821537 22.0361693688525 0.0266846905436986 0.41139376251643 0.0252366143473045 0.910717416518125
1591949531.76854 22.7292628253495 -2.07545490840378 22.0559606954268 0.0262178072895699 0.41235176691282 0.0257548066703462 0.910283108070328
1591949531.80154 22.751990986579 -2.07761286393067 22.0757564935671 0.0257252780711917 0.413215455929449 0.0263705770247606 0.909887789629336
1591949531.83454 22.7750021167255 -2.07975249751522 22.0955337171052 0.0252026828618886 0.413940286106527 0.0269505021309753 0.909555899738712
1591949531.86754 22.7979260721872 -2.08186181456611 22.1153344667981 0.0248116497441964 0.414660854568742 0.0273929779302395 0.909225155000347
1591949531.90054 22.8207635787303 -2.08398614205482 22.1350458258522 0.0245168871608289 0.415335974983735 0.0274943867153974 0.90892189368911
1591949531.93354 22.8429278846001 -2.08595513841824 22.1541584925069 0.024298505878348 0.415931132801087 0.0273953245231115 0.908658556099682
1591949531.96654 22.865899760144 -2.08802949001185 22.1738599800942 0.0242402753008229 0.416524469662379 0.0273032343066636 0.908391054899931
1591949531.99954 22.8888111011594 -2.09004571997277 22.1935853088733 0.0244830628756249 0.417086019588864 0.0271425302587719 0.908131661680671
1591949532.03254 22.9127545320607 -2.09219114379714 22.2140782667469 0.0249537796431027 0.417638721681311 0.0267652790903778 0.907875997517909
1591949532.06554 22.9357568108119 -2.09424962458753 22.2337597654866 0.0255733580368801 0.418156689726297 0.0263164732274624 0.907633422386335
1591949532.09854 22.9588008729997 -2.09625463472095 22.2534886845907 0.0260844805391063 0.418637383765519 0.0258985941136662 0.907409281202205
1591949532.13154 22.9820724437403 -2.09833290310725 22.273281913736 0.0264488970258409 0.41916362722894 0.0254657336319067 0.907168014132434
1591949532.16454 23.0053187732251 -2.10042056042985 22.2930979511462 0.0266213562810297 0.41964137452582 0.0251155226369357 0.906951834828351
1591949532.19754 23.0284963199852 -2.10253026678557 22.3129244275905 0.0266837851717344 0.420109999942612 0.0247767612496715 0.906742342487161
1591949532.23054 23.0519293083623 -2.10466010005014 22.3326923456405 0.0267598226310546 0.420503002101129 0.0246068381762192 0.906562540937834
1591949532.26354 23.0753370990065 -2.10684348453992 22.3525479817823 0.0264482488235486 0.420869773989448 0.024656033985763 0.906400134302909
1591949532.29654 23.0988459477627 -2.10899033710354 22.3724266260136 0.0261593770603122 0.421191562065514 0.0248502270882197 0.906253728958007
1591949532.32954 23.122517953218 -2.11119821215037 22.3923021112538 0.0257815653098564 0.421436274706465 0.0252212326538843 0.906140533623306
1591949532.36254 23.146086082863 -2.11343248191794 22.4121381297056 0.0255683643971002 0.421634488605664 0.0256298560847698 0.906042894810931
1591949532.39554 23.1698832523214 -2.11554281398565 22.4320636955905 0.0253895225239975 0.421747343533128 0.0260624943886985 0.905983055445847
1591949532.42854 23.1930510049414 -2.11767985425972 22.4509295280831 0.0251887044056351 0.421810285610967 0.0265535190727205 0.905945099190903
1591949532.46154 23.216797469916 -2.11983067782881 22.4708075950529 0.0249541827142932 0.421823464793758 0.0270294912468435 0.905931377046511
1591949532.49454 23.2405453088276 -2.12197362046899 22.490679549107 0.0249040769228766 0.421784695356214 0.0273948128242389 0.905939833513357
1591949532.52754 23.2650428833448 -2.12412076959314 22.511343022641 0.0250241202637705 0.421684846905137 0.0278320963719301 0.905969678138932
1591949532.56054 23.2888779747693 -2.1262080135754 22.5312333874666 0.0252405387638005 0.421534046083791 0.028155773435548 0.906023849364567
1591949532.59354 23.3127291788395 -2.12830474218342 22.5511711041912 0.0254223267681665 0.421321510151379 0.0283912515446511 0.906110273212473
1591949532.62654 23.3365098503934 -2.13049110312196 22.5712683079309 0.0255586624700682 0.42110652570977 0.028675879122747 0.906197408258226
1591949532.65954 23.3603867670028 -2.13256259397101 22.5912612884954 0.0257382452528624 0.420783960952948 0.0287884121884839 0.906338583675945
1591949532.69254 23.3841367688787 -2.13462561825055 22.6112620122446 0.0259705672741171 0.420472889106924 0.0287275179785894 0.906478245118065
1591949532.72554 23.4078863170193 -2.13684172010948 22.6315236553608 0.0261094588045421 0.420128238645625 0.028514653617823 0.906640763358076
1591949532.75854 23.431698919684 -2.1389541000741 22.6517234262424 0.0259498779591357 0.419709488168507 0.0283521889283641 0.906844365234855
1591949532.79154 23.4555629329695 -2.14106770993505 22.6720402070688 0.0258157888124834 0.419313709455266 0.0282775313173839 0.907033593277255
1591949532.82454 23.4792402666171 -2.14323527840414 22.6923332337059 0.0254687082024679 0.418955358632638 0.0280585327828096 0.907215779797492
1591949532.85754 23.503044987157 -2.14539149978319 22.7126983058652 0.0253093008242095 0.418565827547867 0.0276126312333967 0.907413703829366
1591949532.89054 23.5267321092272 -2.14751837453589 22.7331281669599 0.0251067287441407 0.418222065132716 0.0271088219264501 0.907593008006152
1591949532.92354 23.5503431947321 -2.14978770765243 22.75358605373 0.0248828790453362 0.417911428307896 0.0268093197475302 0.907751144749894
1591949532.95654 23.5740298376338 -2.15199585547075 22.7738991248736 0.0249170769376 0.417583744099072 0.0265385786174274 0.907908949061553
1591949532.98954 23.5978281567131 -2.15421458382581 22.794341003977 0.0248820862668277 0.417269160357156 0.0267626125147261 0.90804795697652
1591949533.02254 23.621505745361 -2.15634578640782 22.814611870212 0.0253514965147575 0.416959975503836 0.0267972632030906 0.908175967055464
1591949533.05554 23.6453067267371 -2.15853605140827 22.8350466339863 0.0257075558364362 0.416675634008029 0.0266200133806962 0.908301663812489
1591949533.08854 23.6689836815367 -2.16073193620103 22.8555050965333 0.0258514846353797 0.416422421998308 0.0266177885839244 0.908413760645506
1591949533.12154 23.6927616241722 -2.16281527350455 22.8759603972786 0.026039111552476 0.416129142910891 0.0268370969957301 0.908536334614443
1591949533.15454 23.7165418308892 -2.16505749723077 22.8963649002378 0.0259802231018898 0.415841274496494 0.027407248281343 0.908652796823051
1591949533.18754 23.7404061119612 -2.16726993060559 22.9169242301889 0.0262710160728887 0.415538399604166 0.0274612939272624 0.908781354069694
1591949533.22054 23.7630312302628 -2.16918038936793 22.9363404248078 0.0264425563427327 0.415171858462747 0.0274684103904793 0.908943675694633
1591949533.25354 23.7868980556484 -2.17145744155112 22.9569647159507 0.0263534174284399 0.414806560892104 0.0274269971547436 0.909114280086822
1591949533.28654 23.8106795037233 -2.17368162064631 22.977625618482 0.0261390040618038 0.414432395797411 0.0275246276029674 0.909288148309211
1591949533.31954 23.8356865391989 -2.17615113448746 22.9995709945226 0.0261081384697709 0.414072235877445 0.0277832213183405 0.909445238150309
1591949533.35254 23.8595568998584 -2.17835643593327 23.020244840403 0.0265336101122949 0.413646030090562 0.028009500118027 0.909619919102405
1591949533.38554 23.8833814457972 -2.18057862696164 23.0409757999446 0.0268087931565542 0.413331244224683 0.0279159356983309 0.90975780935986
1591949533.41854 23.9071595731275 -2.18296837329213 23.0619488195058 0.0266361321681902 0.413099818473882 0.0277399073108808 0.909873372498805
1591949533.45154 23.9310137757154 -2.18523196995694 23.0828623077493 0.0260327818410123 0.412770574608468 0.0277792259077505 0.910039044005794
1591949533.48454 23.954798201311 -2.1875174832691 23.1037435335448 0.0257167035779797 0.412524831972112 0.0278494099880149 0.910157307572039
1591949533.51754 23.9787736351599 -2.18969269387417 23.1247648382665 0.0257118334148184 0.41220365002556 0.0279627194561332 0.910299477561463
1591949533.55054 24.0025933878684 -2.19197384030939 23.1457005171236 0.0255110076001059 0.411913433031856 0.0280783198931587 0.910432930056419
1591949533.58354 24.0264916724553 -2.19416134823195 23.1667643692149 0.0250360649695152 0.411591828198394 0.0282535818733183 0.910586128558125
1591949533.61654 24.0503795973192 -2.19634001704809 23.1878259874141 0.0247062672074437 0.411256343519559 0.0284254119303113 0.910741355288201
1591949533.64954 24.0742336675358 -2.1985419620754 23.2088490452552 0.0244327250959996 0.410892953803132 0.0285829210404692 0.910907810419976
1591949533.68254 24.0980584495119 -2.20071138929597 23.2298728507546 0.0246502560282465 0.410535933199767 0.0288089858152725 0.911055791247624
1591949533.71554 24.1218235610815 -2.20289466463397 23.2507927459089 0.0249169913911803 0.410153835583098 0.0290189706509651 0.91121395623577
1591949533.74854 24.1456062051246 -2.20499540107829 23.271764934926 0.0252329581948722 0.409760849517249 0.0292265678863086 0.91137541757128
1591949533.78154 24.1693547891459 -2.20712529425935 23.2928550032777 0.02491811360186 0.409382348088073 0.0295943957645304 0.911542293274291
1591949533.81454 24.1930008925156 -2.20927467685227 23.3137613894711 0.0253554062433499 0.409011198047932 0.0293367262860856 0.911705160529678
1591949533.84754 24.2167133561507 -2.21146990518389 23.3348438745929 0.0259382278864769 0.408675193935339 0.0293075682558898 0.911840370152007
1591949533.88054 24.2405263178487 -2.21365662583968 23.3559140751264 0.0265411965807608 0.408328145940845 0.0296143943019278 0.911968572795523
1591949533.91354 24.2640421196181 -2.21586056916993 23.3769248923165 0.0264581176720311 0.408015843003501 0.0296094688740661 0.912110913880758
1591949533.94654 24.2876272380751 -2.21811468077622 23.3981048179399 0.0262621659435756 0.407695221056818 0.0295389425492701 0.912262219014059
1591949533.97954 24.3113212872602 -2.22033810658389 23.4192783304373 0.0264768749667404 0.407351282969877 0.0293826597573363 0.912414690072653
1591949534.01255 24.3351334239329 -2.22256458151588 23.4407668742893 0.0270533711869312 0.407079719194955 0.0289115110524727 0.912534022300671
1591949534.04554 24.3586796134346 -2.2249375997714 23.4619816094989 0.0273459248389291 0.406804766056877 0.0284973919824831 0.912660934497752
1591949534.07855 24.3822671793206 -2.22732687836998 23.4831639928004 0.0272701493107944 0.406410726228341 0.0285315636159921 0.912837669271347
1591949534.11155 24.4056539970838 -2.22969718307556 23.5044538389811 0.0276210756262133 0.406109658701311 0.0281699923248065 0.912972328618549
1591949534.14455 24.4291538756064 -2.23205987177039 23.5257499220112 0.0277280555394885 0.405757434285703 0.0280393795685869 0.913129701987232
1591949534.17755 24.4527367044875 -2.23445379363682 23.5470355092461 0.0279461665091474 0.405400515286471 0.0280147370120808 0.913282326826185
1591949534.21055 24.4741532903444 -2.23646479110774 23.5664052002171 0.0281811360741918 0.40505299732368 0.0280253166754258 0.913428965247935
1591949534.24355 24.4976540751455 -2.23891740358098 23.5876961732644 0.0280881160364212 0.404686834988482 0.0280898678928394 0.913592131449419
1591949534.27655 24.5233089188084 -2.24178968934664 23.6109463191108 0.0277493523386238 0.404398127096161 0.0281018467020448 0.9137299461317
1591949534.30955 24.5467994570242 -2.24422028568873 23.6323211700118 0.0274033070594833 0.404030557790825 0.0282763993427646 0.913897594029904
1591949534.34255 24.5703846702738 -2.24662109164229 23.6537433106623 0.0270852872576257 0.403667649535774 0.0283602725590312 0.914064828594128
1591949534.37555 24.5938907185239 -2.2490153077998 23.675133256213 0.0269337251257731 0.403300782015997 0.0285545693623594 0.91422518574182
1591949534.40855 24.6174240747458 -2.2513676405239 23.6966500286669 0.0265840734966861 0.40295951225563 0.0287665704674549 0.914379244593057
1591949534.44155 24.640802785356 -2.25370167655687 23.718068659085 0.026219150131034 0.402587872971338 0.028730394219429 0.914554604794496
1591949534.47455 24.6643442572613 -2.25602844561869 23.7397435677908 0.0257526538779595 0.402239814059439 0.0287552110411167 0.914720214405286
1591949534.50755 24.6877704858355 -2.2582898204376 23.761296522887 0.0255296395621343 0.401890870708837 0.0288021093208697 0.914878354779142
1591949534.54055 24.7111021796304 -2.260523626078 23.7828126195633 0.0253289179098742 0.401568078928242 0.0287173224578881 0.915028327044713
1591949534.57355 24.7344757792423 -2.26274084872111 23.8043904512638 0.0249366388175593 0.401244360336047 0.0287322619368204 0.915180629420768
1591949534.60655 24.7579469471759 -2.26496953978337 23.8260095950235 0.024767230418858 0.40085838567625 0.0288742768069978 0.915349886693216
1591949534.63955 24.7813884502183 -2.26717632520036 23.8476321778463 0.0246307976349055 0.400503955282393 0.0289440394474744 0.915506498169997
1591949534.67255 24.8045331069846 -2.26938973383154 23.8691072027797 0.0246741357044953 0.40015359607196 0.0290038281203464 0.915656630256277
1591949534.70555 24.8278577857564 -2.27158332511823 23.8906427781931 0.0248310134372463 0.399788264290947 0.029129425793978 0.915807971716683
1591949534.73855 24.8495929000745 -2.27340267548236 23.9110153646845 0.0248729441321945 0.399451161777751 0.0292239973510793 0.915950906972326
1591949534.77155 24.8728865584517 -2.27558833238854 23.9326136613809 0.0249682003600228 0.399108648651007 0.0292884254387096 0.916095553792327
1591949534.80455 24.8976668679934 -2.27810102973147 23.9552980849374 0.0250963449977083 0.398758180596123 0.0294576443064146 0.916239234079911
1591949534.83755 24.9208881394985 -2.28029438336527 23.9768466839206 0.0253524887967515 0.398383713487144 0.0294848366207957 0.916394190591281
1591949534.87055 24.9440631901488 -2.28252158891246 23.9985200845766 0.025457270491273 0.398046774667106 0.0294656860686346 0.916538305746548
1591949534.90355 24.9672773784752 -2.28475237058135 24.0200955181312 0.0255685527052527 0.397675482778657 0.029493717330187 0.916695467506722
1591949534.93655 24.9903578085385 -2.28702250249276 24.0416565763441 0.0258357933035367 0.397288973226013 0.0294964298729306 0.91685546525183
1591949534.96955 25.013469080119 -2.28927120951623 24.0632068097862 0.0260607521030035 0.396902613859157 0.0295693026408991 0.917014072221864
1591949535.00255 25.036545112629 -2.29161717794369 24.0848630082399 0.0261351523907248 0.396524413824835 0.0294775627949066 0.917178508438819
1591949535.03555 25.0596320324134 -2.2939082358547 24.1065109462251 0.0263605566395861 0.396155396388601 0.0293233731027356 0.917336450140143
1591949535.06855 25.0826912985159 -2.29622360409591 24.128204087753 0.0263417613409359 0.39580814918706 0.0291706148660039 0.917491741584038
1591949535.10155 25.105691141048 -2.29853659378624 24.1498922216451 0.0261028225222398 0.395461698278985 0.0291719571716959 0.917647908931005
1591949535.13455 25.1285379555952 -2.30089208236342 24.1716428311863 0.025814429833213 0.395177473894276 0.0291090062347028 0.917780499408738
1591949535.16755 25.1514636670704 -2.3032365483742 24.1933761053661 0.0258666250613962 0.394856375788514 0.0289139803156799 0.917923385664293
1591949535.20055 25.1743760182228 -2.30559224446287 24.2151386661186 0.0257849211258185 0.394540938709309 0.0287348745807419 0.918066932477007
1591949535.23355 25.1972279195587 -2.30794917809275 24.2368691385189 0.0255622129182773 0.39423139933887 0.0286477617336017 0.918208844867926
1591949535.26655 25.2199220268186 -2.31021564738256 24.258582283684 0.0252467869671265 0.39392428560508 0.0285844817021888 0.918351340372617
1591949535.29955 25.2426482417926 -2.31250972440496 24.2802657101722 0.0250437773597132 0.393581392934079 0.0285313856464017 0.918505555990122
1591949535.33255 25.2653503218634 -2.31478946674255 24.3019469825477 0.0251216003044007 0.393255818650389 0.028401498517295 0.918646896896588
1591949535.36555 25.2880985319262 -2.31706834398337 24.3236416824194 0.0251163475030242 0.392914986402973 0.0283650322524312 0.918793996221883
1591949535.39855 25.310615407141 -2.31931648235335 24.3452497009159 0.0249264693746455 0.39260679338281 0.0284088416716727 0.918929548240264
1591949535.43155 25.3332490564678 -2.32159047927496 24.3668716254605 0.0247369003312822 0.392258285674902 0.0285352689201544 0.91907957300173
1591949535.46455 25.3559610058792 -2.32388098928826 24.388678446259 0.0247268300374326 0.391924949315516 0.0285987526618855 0.919220065776696
1591949535.49755 25.378476011092 -2.32613818183962 24.4102541837091 0.0249599517241006 0.391568925949686 0.0285256129135482 0.919367753648368
1591949535.53055 25.401047677926 -2.3283908324478 24.4320314030241 0.0250672619040606 0.391234559642448 0.0285452195212904 0.919506564503209
1591949535.56355 25.4235663138357 -2.33064450759351 24.4536689237033 0.0250459436001275 0.390871795176373 0.0286258210486444 0.919658905689533
1591949535.59655 25.4459294937918 -2.33289424222807 24.4752914305215 0.0250967326811972 0.39052408075634 0.0286072573122118 0.919805806236956
1591949535.62955 25.4684082079541 -2.33512966186819 24.4969383844124 0.0252581323006337 0.390191919631356 0.0285568259394309 0.919943911496427
1591949535.66255 25.4908399256066 -2.33739872829545 24.5187285329426 0.0252189271731544 0.389864353030247 0.0283457817727221 0.920090380671505
1591949535.69555 25.5131752331126 -2.33966367825277 24.5404023248853 0.0252616591710314 0.38955836373321 0.0281888008464451 0.920223625717287
1591949535.72855 25.5354504316837 -2.34197229779779 24.5621423870056 0.0251315794890239 0.389262225754559 0.0281030107835657 0.920355118472154
1591949535.76155 25.5576861198392 -2.34427963103425 24.5837929071865 0.0250232309569405 0.38898138440403 0.0280504032464232 0.920478405709397
1591949535.79455 25.5800273321068 -2.34651597963303 24.6056066707192 0.0249840635177606 0.388693657851021 0.0278789509435275 0.920606213867157
1591949535.82755 25.6022568152804 -2.34878552935495 24.6273217857409 0.0249980039881018 0.38842198138329 0.0278258864165836 0.920722099343782
1591949535.86055 25.6244462344503 -2.35104056943547 24.6490362661565 0.024965463841312 0.38814550397236 0.0276252523646884 0.920845610725825
1591949535.89355 25.6465624246725 -2.35332439504979 24.6708378898769 0.0247996666435753 0.387879727023061 0.0275310215900735 0.920964894417312
1591949535.92655 25.6687285949156 -2.35559204653378 24.692634670014 0.0247431986099016 0.387626510735098 0.0273907774569721 0.921077199591971
1591949535.95955 25.6907974663239 -2.35781076447015 24.7143054305726 0.0247423077919998 0.38738851307386 0.0272533147174368 0.921181423488588
1591949535.99255 25.7129244255886 -2.36007716998089 24.7361093177295 0.0246794567052259 0.387141143943773 0.0270834729926769 0.921292105997493
1591949536.02555 25.7348552349911 -2.36228649725495 24.7576674237763 0.0247194930641501 0.386851369037396 0.0269792396734339 0.921415804923698
1591949536.05855 25.7568981182274 -2.3645391911629 24.7794246492054 0.0246946494406595 0.386573517690326 0.0268933006250847 0.921535588076239
1591949536.09155 25.7774758705915 -2.36658472453348 24.799827528896 0.0245828663698181 0.386282372757522 0.026711150216898 0.921665951216574
1591949536.12455 25.7994347042472 -2.36884736437758 24.8215675955214 0.024538056401703 0.386012336021106 0.0265459312702396 0.921785047481544
1591949536.15755 25.8213753440552 -2.37108592196622 24.8432061110242 0.0245879283510647 0.385754183594573 0.0263764120422913 0.921896647410361
1591949536.19055 25.8448168879948 -2.37350908554351 24.8661492455575 0.0245751240470891 0.385503953160954 0.0262755126199512 0.922004535136301
1591949536.22355 25.8667441173252 -2.37574978078843 24.887787626516 0.0246272779924382 0.385223463180625 0.0265766938609521 0.922111739398881
1591949536.25655 25.8886675635435 -2.37793044951748 24.9094692733911 0.0242554407499161 0.384927716761494 0.0269946606705007 0.922232950375389
1591949536.28955 25.9105721332604 -2.38018674874854 24.9310477209885 0.023983828820044 0.384657513757094 0.0272411131713505 0.922345539816032
1591949536.32255 25.9324926987478 -2.38238404351975 24.9527360217011 0.0236156567558712 0.384385011995301 0.027237353901884 0.922468747363175
1591949536.35555 25.9542292264005 -2.38462505263141 24.9743908489403 0.0232946832512263 0.384092767007098 0.0270196940219494 0.92260502935981
1591949536.38855 25.9759396833306 -2.38688902339855 24.9960546018556 0.0228595956778532 0.383849786684374 0.026792493187374 0.922723654436479
1591949536.42155 25.9975440746838 -2.38914154977944 25.0175947203412 0.0229235750458082 0.383547230453743 0.0266117735597782 0.922853100567141
1591949536.45455 26.0191576214098 -2.39133255334414 25.039174819337 0.0233887820647457 0.383272261137163 0.0263678413279808 0.922962662115882
1591949536.48755 26.0408612250602 -2.39357488603538 25.060755824822 0.0241727110346415 0.382996095682224 0.0259634921090345 0.923068560731494
1591949536.52055 26.0624102647545 -2.39572660965373 25.0823683791787 0.0249126475866806 0.382702712269902 0.0254484383560002 0.923184906178997
1591949536.55355 26.0837592715995 -2.39794039461624 25.1039178094458 0.0253913648620096 0.382482612246484 0.0248417180396746 0.923279599560386
1591949536.58655 26.1052205648705 -2.40021837377343 25.1254277656677 0.0256500284718867 0.382200784266447 0.0243804289052203 0.923401446409904
1591949536.61955 26.1266631497994 -2.40249932538983 25.1469937891999 0.0256221290368004 0.381965687478191 0.0240199637671604 0.923508939552595
1591949536.65255 26.1481517588872 -2.40481786461289 25.1686888568072 0.0255205452613886 0.381750683670419 0.0238117772926757 0.923606039688401
1591949536.68555 26.1693682043926 -2.40715032176712 25.1902327940347 0.0251050299649327 0.381521583339613 0.0237698536812903 0.9237131659625
1591949536.71855 26.1908489609931 -2.40951183609558 25.2118643351318 0.0246766950595592 0.381285224014319 0.023713898029766 0.92382373303002
1591949536.75155 26.2123763609413 -2.41184079087188 25.2336374149877 0.0240109988598224 0.381033808639072 0.02385148089284 0.923941456731418
1591949536.78455 26.2337370741081 -2.41420174194345 25.2551660274344 0.0235100044215508 0.380782652153265 0.0240304835579378 0.924053238385752
1591949536.81755 26.2550338012927 -2.41652409931106 25.2766628693798 0.0231206281736825 0.380554934272231 0.0242193334339285 0.924151936881554
1591949536.85055 26.2764299991885 -2.41875637928074 25.2982818200853 0.0227615746894338 0.380313302968991 0.0244472755740831 0.924254311874972
1591949536.88355 26.2980361680557 -2.42105603670564 25.3201261322387 0.022423428012622 0.380051122501101 0.024737893316716 0.924362683580459
1591949536.91655 26.3194046729135 -2.42321285580054 25.3418507846033 0.0221894673953425 0.379807723913123 0.0247862511594114 0.924467069259964
1591949536.94955 26.3406207198576 -2.42538762776954 25.3633254111409 0.0220293116938536 0.379523403866544 0.0247658439206594 0.924588204726161
1591949536.98255 26.3619105137474 -2.42759906849069 25.384834571597 0.0221469492052592 0.379261697790438 0.0247746726563688 0.924692539617783
1591949537.01555 26.3831297438071 -2.42974097206401 25.4063430320098 0.02233860381187 0.379000800933086 0.0248849490968455 0.92479193280449
1591949537.04855 26.4043914123307 -2.43183312964471 25.4278837026868 0.0227019119302301 0.37871691603722 0.0250268412444989 0.924895549734829
1591949537.08155 26.4241126014549 -2.43370650726294 25.4482583530444 0.0229308965256632 0.378403012939556 0.0250869807401174 0.925016744270146
1591949537.11455 26.44532796285 -2.43580041755641 25.4698602406789 0.023330404902014 0.378143444662446 0.0250074158658924 0.92511505047623
1591949537.14755 26.4663539917806 -2.43798654181709 25.491307397564 0.023631910272456 0.377905918419923 0.0248248556111171 0.925209368837106
1591949537.18055 26.4886367339456 -2.44047683946872 25.5138496920151 0.0238818624925916 0.377734142439787 0.0246955077285537 0.925276556591159
1591949537.21355 26.5096516491422 -2.44263520270192 25.5353715017704 0.0240718749753524 0.377530471737646 0.0245129233724736 0.925359608115924
1591949537.24655 26.5307137889914 -2.44482834111052 25.5569180194631 0.023937090006029 0.377298183975941 0.0245286451030471 0.925457422931984
1591949537.27955 26.5516364019426 -2.44707215861494 25.5784435470558 0.023909483490546 0.377104374848618 0.0244708569592423 0.925538656258575
1591949537.31255 26.5726331780231 -2.44931493207787 25.6000240996037 0.0239167394517364 0.376962866458921 0.0242637196447381 0.925601565898672
1591949537.34555 26.5934644190531 -2.45154923188945 25.6214847245681 0.0237030997981621 0.376825827329218 0.0240920139066962 0.925667345099485
1591949537.37855 26.6145384773011 -2.45377600020089 25.6432191655762 0.0232595967026992 0.376728235040165 0.0240137359393556 0.925720351170366
1591949537.41155 26.6353366894589 -2.45599594481964 25.6647824493076 0.0227857018636406 0.376702931276656 0.0239663639162623 0.925743661473731
1591949537.44455 26.6563275842547 -2.45821371001669 25.6863476061328 0.0224159458654533 0.376657606064497 0.0238213344641132 0.925774873924038
1591949537.47755 26.6773420896934 -2.46041298418859 25.7078750661096 0.0222324731943625 0.376661490851278 0.0236546001780355 0.92578199287725
1591949537.51055 26.6982114547736 -2.46259691680561 25.7293583679356 0.0217742463116682 0.376669373316433 0.0236153652156888 0.925790678246813
1591949537.54355 26.71911295518 -2.46475105727641 25.7509098551716 0.0214238729766869 0.376709644674813 0.0236363821003914 0.925781930433328
1591949537.57655 26.7399979351889 -2.46688619696334 25.7724495883567 0.0212598248899082 0.376733272547913 0.0236125372115399 0.925776705954208
1591949537.60955 26.7609147465914 -2.46897054097391 25.7939988528708 0.0210996470959094 0.376758312347208 0.0235379886252867 0.925772078894793
1591949537.64255 26.7816747175042 -2.47106013933926 25.8154284612737 0.0210008397023974 0.376769412119019 0.0233448870839412 0.925774697791164
1591949537.67555 26.8023104722316 -2.47314733197156 25.8366666899798 0.0208793997135763 0.376817628537295 0.0231878402306609 0.925761767171537
1591949537.70855 26.8229530606834 -2.47516505840382 25.8580227574542 0.0207916774976139 0.376832922852688 0.022944641408331 0.925763575558997
1591949537.74155 26.843746560056 -2.47724274635072 25.8794667167386 0.0207322581757439 0.376874363590707 0.0228017612356207 0.925751568847489
1591949537.77455 26.8646065154331 -2.47934901667208 25.9007907270453 0.0206968584574718 0.3768820425223 0.022593884658914 0.925754331585994
1591949537.80755 26.8852277578299 -2.48141631573667 25.9221976130962 0.0207447096680604 0.376958563033677 0.0222439138572994 0.925730580175832
1591949537.84055 26.9058975461045 -2.48346895697172 25.9435893672364 0.0207269235068586 0.377021007287427 0.0218005085421459 0.92571609715572
1591949537.87355 26.9265908613806 -2.48556368205219 25.9647628331833 0.0206533395077801 0.377102159679782 0.0213526748546719 0.925695124762236
1591949537.90655 26.9470741380835 -2.48764418464543 25.9860694818799 0.0206034946937138 0.377275252678134 0.0207930308225904 0.925638444314122
1591949537.93955 26.967753674783 -2.48979426273346 26.0072954692429 0.0205854501323703 0.377508541082498 0.0201865925225752 0.925557152279069
1591949537.97255 26.9882819994919 -2.49192151165834 26.0285370201543 0.0206326590352877 0.37777880696919 0.019573283695809 0.925458995823928
1591949538.00555 27.008963430534 -2.49401475672321 26.049755416909 0.0207968517274963 0.378105765966186 0.0190056126880242 0.925333619505798
1591949538.03855 27.0295554198474 -2.49613638853535 26.071005412448 0.0206769077615203 0.378510523771658 0.0184987541783904 0.925181087665206
1591949538.07155 27.0500388949394 -2.49829848853506 26.0920882131674 0.0206609927103503 0.378989123023542 0.0180060139964134 0.924995216998461
1591949538.10455 27.0705295274534 -2.5004322913052 26.1131308174016 0.0205385846395739 0.37954487660139 0.0176323236644985 0.924777245799673
1591949538.13755 27.0912894821076 -2.50260924572517 26.1342239338309 0.020634070731291 0.380132290759919 0.0172306406661253 0.924541389916594
1591949538.17055 27.1119396279482 -2.50477112816034 26.1552940125248 0.0204692260337231 0.380816801492314 0.0169635031983218 0.924268258703059
1591949538.20355 27.1326363770069 -2.50693375005679 26.1762174091499 0.0203817185132091 0.381552980540194 0.0167480801425909 0.923970459702517
1591949538.23655 27.1532455609509 -2.50916795633899 26.1968525537313 0.0202335588395719 0.382330207212375 0.0166454624182039 0.923654234186426
1591949538.26955 27.1739674637512 -2.51133151547866 26.2176698143997 0.0203567742830722 0.383230469955123 0.0163541951886493 0.92328356908292
1591949538.30255 27.1948113618554 -2.51348267296275 26.2384651845924 0.0202663233722686 0.384195458534781 0.0162498463150167 0.922886270497594
1591949538.33556 27.2159219712603 -2.51572959220869 26.2594045315733 0.0204340147051895 0.385210233934526 0.0160631995620809 0.922462736556315
1591949538.36856 27.2367974906462 -2.51786632857774 26.2800831275645 0.0203990181566152 0.386322917369122 0.0158186888068061 0.922002306210831
1591949538.40156 27.2577046244038 -2.52003143362083 26.300611371718 0.0204564810907728 0.387511129322531 0.0155361703085388 0.921507072379102
1591949538.43456 27.2790412586833 -2.52224694962915 26.3214926617981 0.0203052926902895 0.388788809216201 0.0153971069078662 0.920974422020437
1591949538.46756 27.3000412089505 -2.52439463594443 26.3419297018645 0.0201294460602851 0.39015108766121 0.0153266233822191 0.920403188181017
1591949538.50056 27.3212296634213 -2.52652374952065 26.3623793762069 0.0199584094396318 0.391563373445332 0.0152306452842393 0.919808574602877
1591949538.53356 27.3426617553952 -2.52867175120918 26.3829889951488 0.0196500182898433 0.393077876882807 0.0151259620660879 0.919170748423865
1591949538.56656 27.3640599379047 -2.53081682862267 26.4033694561389 0.0191931876002793 0.39461318660138 0.0150476349728441 0.918523610579374
1591949538.59956 27.3854332870033 -2.53291705103006 26.4236661332286 0.0186719459636393 0.39621609774065 0.0149215460308114 0.917846125333192
1591949538.63256 27.4068002168471 -2.53507140388637 26.4438136295437 0.0184203478903404 0.397857157168151 0.0148437785378249 0.917142320205755
1591949538.66556 27.4282554543139 -2.53715983464044 26.4639330027538 0.017940426241079 0.399567001444327 0.0146688815050801 0.916411030257967
1591949538.69856 27.4497740561789 -2.53923185813302 26.4840174489652 0.0176281717242598 0.401305507832656 0.013983283826654 0.915667846283934
1591949538.73156 27.4708461155795 -2.54124197176846 26.5031625781996 0.0174308489956277 0.403027071072661 0.0128865355828808 0.914931299435403
1591949538.76456 27.4923154807842 -2.54330283135797 26.522922425292 0.0174064323887221 0.404796924775921 0.0123667243910228 0.914157278552925
1591949538.79756 27.5139980515307 -2.54534362506195 26.5425806599923 0.0174500850046243 0.406539481684727 0.0122798402518558 0.913384010090079
1591949538.83056 27.5359023808502 -2.54744233787524 26.562633558716 0.0177851043244654 0.408295860071512 0.012505197127481 0.912590708235316
1591949538.86356 27.5577642301792 -2.54947526562326 26.5819823084717 0.0183865240777993 0.410024778318749 0.012925174777908 0.911797431864094
1591949538.89656 27.5798027038957 -2.55149225587163 26.6012303404258 0.018414039259471 0.411739403058841 0.0135688411281549 0.911014529893645
1591949538.92956 27.6018184752936 -2.55343387239207 26.6205274410779 0.0182191127894784 0.413514391007554 0.0136089530107645 0.91021355118278
1591949538.96256 27.6240709183086 -2.55543366760346 26.6399469403919 0.0175137703202403 0.415325534119194 0.0132627011803317 0.90940753752934
1591949538.99556 27.6462185874066 -2.55742312762374 26.659224155546 0.0164945240491603 0.417141355159769 0.0129461849918281 0.908599701070841
1591949539.02856 27.6683967964752 -2.55944428782741 26.678281130255 0.0157752017856335 0.418932917485336 0.013072617897462 0.90778602121709
1591949539.06156 27.6909150087578 -2.56148725724262 26.6972446964653 0.015640346968177 0.420627853813419 0.0133899786457843 0.906999612246277
1591949539.09456 27.7133189043568 -2.56349475394112 26.7159141063406 0.0158270522987235 0.42223631580264 0.0143051472399638 0.906234716172024
1591949539.12756 27.7358858232267 -2.56544163105594 26.734512090424 0.0163498237870716 0.423782443621954 0.0154132860181914 0.905485259048461
1591949539.16056 27.7583602541256 -2.56739884560533 26.7530776035274 0.0168590609542337 0.425235230631869 0.0155768501475061 0.904791761916898
1591949539.19356 27.7808424970264 -2.56926122734322 26.7716058921816 0.0172290421855068 0.426679163152257 0.0153921190877959 0.904107921935787
1591949539.22656 27.8033935354894 -2.57109233229353 26.7899876932457 0.017471155837987 0.42809519385827 0.0155118689256607 0.90343159432885
1591949539.25956 27.8257511515718 -2.57307133153539 26.8080768412328 0.017878999173466 0.429378178200163 0.0151348078552993 0.902820945185283
1591949539.29256 27.8482570446926 -2.57502459353578 26.8263882218553 0.0178884074396607 0.430658673086184 0.0150594807635841 0.902211906490959
1591949539.32556 27.8710939880287 -2.57696461930101 26.844735048937 0.0181049310797482 0.431748784766062 0.0151372799973344 0.901685123021284
1591949539.35856 27.8942622455486 -2.57889994660323 26.863221933862 0.0178538211859096 0.432725741642405 0.0159785763852683 0.901207167462505
1591949539.39156 27.9170844920176 -2.58082749555273 26.8814370585213 0.0172018966371183 0.4339195162 0.0165335547872578 0.900635658731621
1591949539.42456 27.9399642974002 -2.58272149329329 26.8996559844222 0.0164616280716708 0.435068247238729 0.0165225351695364 0.900095350992005
1591949539.45756 27.9629121911288 -2.58456178524915 26.9178070404325 0.0159684804981981 0.436251777572597 0.0164899769310354 0.899531808696136
1591949539.49056 27.9856736133558 -2.58647367435681 26.9357498951036 0.0157996673119951 0.437550642994903 0.0168234194062677 0.898897534698509
1591949539.52356 28.0086046674038 -2.58833939099692 26.9536606028528 0.0151784665961585 0.438833209742456 0.0172944209664772 0.898273862016677
1591949539.55656 28.0317474334833 -2.5901829102392 26.9716055377035 0.0147593404339376 0.440256817666521 0.0176450102374185 0.897577155447834
1591949539.58956 28.0547850598679 -2.59193980577694 26.9893326667559 0.0149719259987666 0.441576761045017 0.0180181557845041 0.896917583504195
1591949539.62256 28.0778364591636 -2.59363187529371 27.0069145981623 0.0154759224269259 0.442907336487246 0.0179332820730648 0.896254419517637
1591949539.65556 28.100966367141 -2.59533715084171 27.0245228252823 0.0155643978098133 0.444356533841254 0.0180651810111797 0.895532617824967
1591949539.68856 28.124133824789 -2.59704229332073 27.0419714069449 0.0160202232839583 0.445810391833645 0.0183296691431983 0.894796328897344
1591949539.72156 28.1474088050131 -2.59880322195184 27.0593067351062 0.0164400633938628 0.447195122626423 0.0185803685921044 0.894092286354001
1591949539.75456 28.1714204969996 -2.60048827842257 27.0767451407471 0.0171435053557837 0.448794871646888 0.0185368514226856 0.893278035410534
1591949539.78756 28.1947955970456 -2.60222013181848 27.0939977858789 0.016923507067289 0.450228321586636 0.0186261811005473 0.892558748053838
1591949539.82056 28.2181422946962 -2.60396541475567 27.1111555587013 0.0166330246350323 0.451875083957398 0.0188167622281496 0.891727638042712
1591949539.85356 28.2416567740288 -2.6057317132983 27.1282425983033 0.0169469768297425 0.453527255126883 0.0187700379524723 0.890883558333338
1591949539.88656 28.2649524535588 -2.60747950195282 27.1453408141915 0.0175247836412661 0.455148910727202 0.0188284629399336 0.890043729265865
1591949539.91956 28.288488119412 -2.60927531547924 27.1621946281385 0.0172035081499968 0.456849775538806 0.0189670322342988 0.889175220969241
1591949539.95256 28.3122398067465 -2.61108181424488 27.1789279792843 0.0173074027833091 0.458627196901386 0.0196264989104709 0.888243406174113
1591949539.98556 28.3360963986136 -2.6128788053307 27.1955972562874 0.0174589931575121 0.460420965047675 0.0197850910023335 0.887308440552958
1591949540.01856 28.3598847992266 -2.61465766139465 27.212201535753 0.0181053998155167 0.462298993249599 0.0196351011620087 0.886321780247041
1591949540.05156 28.3837487906918 -2.6163890696001 27.2286834258547 0.0188365071902952 0.464173000985492 0.0195163899817226 0.885329160072723
1591949540.08456 28.4077033585295 -2.61823241906489 27.2449681684161 0.0186418110890503 0.466033119126982 0.0199759803696131 0.884345280399217
1591949540.11756 28.4317202650165 -2.6200004713872 27.2613132716916 0.0183148618852333 0.468036242491432 0.0200248696286566 0.883292503163579
1591949540.15056 28.45561952445 -2.62174498248141 27.2777014256626 0.0176481560109242 0.469970062702618 0.0189874670603576 0.88230162577621
1591949540.18356 28.4797522102599 -2.62358650959821 27.2939564267467 0.0163658152344469 0.471862669925856 0.0183016392723974 0.88133014859478
1591949540.21656 28.5038634200567 -2.62538015092242 27.310181523805 0.0160849222477893 0.473946011569351 0.017327716044525 0.880236447581255
1591949540.24956 28.5281192131019 -2.62713056623416 27.3262558180475 0.0154780216317653 0.475945051085579 0.0167733010935888 0.879178818878126
1591949540.28256 28.5523694715692 -2.62882527333142 27.3420565020944 0.0142544120533131 0.478069034385016 0.0170919520652931 0.878040246955565
1591949540.31556 28.5768167337078 -2.63047864868028 27.3577018377373 0.013963093029024 0.480170318567311 0.0174739918760643 0.87689004830021
1591949540.34856 28.6013881298741 -2.63212562375198 27.3731091818165 0.0143379791180041 0.482338159841023 0.0179351758760559 0.875684104790239
1591949540.38156 28.6259934277729 -2.63380973430338 27.3884266721059 0.0140789507195422 0.484856268814328 0.0186517013966855 0.874281588375904
1591949540.41456 28.6506410246531 -2.63543242844464 27.4034913908422 0.0149456596788546 0.48730457746921 0.0191115236634682 0.872894968308089
1591949540.44756 28.6753162640302 -2.63704748552201 27.4184499849666 0.01553677088522 0.489905240570424 0.0194344962182977 0.871420543921726
1591949540.48056 28.7004326930648 -2.63868300005682 27.4333722689733 0.0154557694741033 0.492616978054754 0.0199204127966247 0.869880916721466
1591949540.51356 28.7253039787737 -2.6402336527784 27.4480245804894 0.0158859245517279 0.495255854502532 0.0198016780983984 0.868376168216627
1591949540.54656 28.750202246941 -2.6418108270568 27.4625151753404 0.0165895325279442 0.498065775925568 0.0195720086984003 0.866759601468409
1591949540.57956 28.7753059822293 -2.64348763367751 27.4767220095716 0.017185457310089 0.500699300757478 0.0199194376153564 0.865221408821525
1591949540.61256 28.8005217449409 -2.64510664159866 27.4906779078654 0.0179676576584865 0.503426447177296 0.0207188061435616 0.863602748161849
1591949540.64556 28.8259286463165 -2.64675679552377 27.5044811608344 0.018320191080662 0.506162533701125 0.0216926206766348 0.861970585509857
1591949540.67856 28.8513983808942 -2.64853798012386 27.5181714843103 0.0189422415788482 0.50901562790423 0.0222105276059169 0.860262154518434
1591949540.71156 28.8769306967405 -2.65024770433924 27.5316867033993 0.0194671743789743 0.511926982996588 0.0225222101991548 0.858512983739591
1591949540.74456 28.9024253308391 -2.65194245717736 27.5449140821842 0.0199019876205708 0.515005849162799 0.0230619367680183 0.856645220198749
1591949540.77756 28.9280606681647 -2.65366262559606 27.5579310567955 0.02040332708576 0.518122683447042 0.0234855263689566 0.854740322666856
1591949540.81056 28.9538441221353 -2.65532489343125 27.5708369460248 0.0205845804532334 0.521388697398378 0.0242036006187986 0.852727557306478
1591949540.84356 28.9796840675844 -2.65697628510705 27.5835915993827 0.0206799708057744 0.52473564914902 0.0246624909111279 0.850656569281451
1591949540.87656 29.0057430554228 -2.65851568289275 27.5963312953081 0.0205865676433855 0.528097623509835 0.0249650629416304 0.848566932485734
1591949540.90956 29.0318541661309 -2.66008123657525 27.6087935809268 0.0200592764783269 0.531494036351865 0.0254315218602529 0.846442527550123
1591949540.94256 29.0581239976998 -2.66162647492494 27.6210981910298 0.0191913812908815 0.534880024247979 0.0262049611662912 0.844303470651935
1591949540.97556 29.0856195048356 -2.66311539401828 27.6331525371076 0.0185034410871195 0.538302407965002 0.0267663986465737 0.842123328349541
1591949541.00856 29.1120541844493 -2.66457467460151 27.6450323341296 0.0178281763581304 0.541648344212751 0.027490675105029 0.839966362494117
1591949541.04156 29.1386136362482 -2.66599342704047 27.6567077724377 0.0174206589791508 0.544903624237387 0.0283156630329046 0.837839354626351
1591949541.07456 29.1641799126794 -2.66753508926461 27.6684435973745 0.0170731234434279 0.548120287423564 0.0290249975513585 0.835721370127472
1591949541.10756 29.1908260220199 -2.66884707888981 27.6796999980771 0.0169449169581743 0.551460610613259 0.0293630830130012 0.833511772014831
1591949541.14056 29.217455610443 -2.67014701936726 27.6906575966002 0.0170254963676998 0.554757948586398 0.0293365868415006 0.831320104187392
1591949541.17356 29.2441948052858 -2.6713810396286 27.7015387739756 0.0174296156241369 0.558107541494862 0.0290088125826234 0.829078204645558
1591949541.20656 29.271019819877 -2.6726055003901 27.7121725512339 0.0179252816019941 0.561440278258722 0.0284239244808762 0.826834674372915
1591949541.23956 29.2977672027591 -2.67385941939906 27.7225866560229 0.0186754831447247 0.564832864418848 0.0276860283071568 0.824529287192569
1591949541.27256 29.3245720132937 -2.67508355220366 27.7327164867273 0.0196855959842728 0.568129184507455 0.0270757643369569 0.822258238029396
1591949541.30556 29.3516132998896 -2.6763634137711 27.7426850904437 0.0205878976302847 0.571368414844114 0.0266514029498703 0.820002424210132
1591949541.33856 29.3788870450464 -2.67760127586885 27.7523581910284 0.021467363743809 0.57451942232169 0.026326817041698 0.817785720328678
1591949541.37156 29.4061340290855 -2.6789361857351 27.7618878238872 0.0217876336387313 0.577665384062928 0.0262689710166082 0.815559896168015
1591949541.40456 29.433398448475 -2.6803663412157 27.771252131017 0.0219116175931378 0.58070748885756 0.026122865217353 0.81339798949348
1591949541.43756 29.4611427952816 -2.681759460653 27.7804615414916 0.0217498647518167 0.583668497399553 0.026072103324247 0.811281870840755
1591949541.47056 29.4887324105136 -2.68327956093107 27.7894488291207 0.0214623191666629 0.586611591028443 0.0262383217280254 0.809158674550279
1591949541.50356 29.5165674602103 -2.68478024691214 27.7982831817951 0.0209302337699942 0.589421069487661 0.0265041240184704 0.8071197306276
1591949541.53656 29.5444956968868 -2.68634215634823 27.8068102503765 0.0205277398121374 0.592180630047036 0.0271686209228994 0.805085448466465
1591949541.56956 29.5724896103139 -2.68777529849976 27.8151912120589 0.0204569003053703 0.594847372532554 0.0278993576942504 0.803093857815673
1591949541.60256 29.6003817737066 -2.68916299170715 27.8233097589259 0.0206804534158602 0.597474338111041 0.0285322331902015 0.801113378876216
1591949541.63556 29.6284738105699 -2.69053433000937 27.8313381867551 0.0206671639298565 0.600119158795106 0.0292007606644181 0.799110242181121
1591949541.66856 29.6566342479341 -2.69179822607236 27.8391546760439 0.020555123816665 0.602685442180819 0.0300790070613932 0.797146785731707
1591949541.70156 29.6849034857293 -2.69302922027723 27.8468277577486 0.0206782517500981 0.60519703437546 0.0304936598419009 0.795222670826954
1591949541.73456 29.7150261821854 -2.69432633229756 27.8543846158483 0.0206329373376432 0.60776998235669 0.0308223882495226 0.793246437638119
1591949541.76756 29.7435565919653 -2.69548098150828 27.8617770175107 0.0206196598930476 0.610278437244745 0.0311206951272203 0.791306869043108
1591949541.80056 29.7719696368606 -2.69662453360275 27.8690149401003 0.0206305775240946 0.61281771489922 0.0311529196695215 0.789340435536394
1591949541.83356 29.7988573979939 -2.69776784491019 27.8759788942953 0.0209312977728183 0.615290144162497 0.0310551447242294 0.787410628107213
1591949541.86656 29.8274345904278 -2.69887554220006 27.8828176567115 0.0214708964625757 0.617852059328053 0.0308546847173443 0.785395328366658
1591949541.89956 29.856034231066 -2.69999990507299 27.8894546302634 0.0221367205390763 0.620381545171277 0.0305821662390206 0.783390984836309
1591949541.93256 29.8846651955523 -2.70112898418449 27.8958605531823 0.0226917062964404 0.622892805991943 0.0308550989491635 0.781369055938151
1591949541.96556 29.9135694365894 -2.70219489940264 27.9020912889384 0.0235870400243289 0.625350756423304 0.0311315979814103 0.77936570786173
1591949541.99856 29.9423859176499 -2.70329119328077 27.9080802213469 0.0242920603341061 0.627775261700548 0.0317031736114795 0.777369297943064
1591949542.03156 29.9715758318758 -2.70454593309937 27.9140033748359 0.0244747817744033 0.630180818275056 0.0323502722802241 0.775388019780208
1591949542.06456 30.0007555843625 -2.70570196394222 27.9197388921102 0.0246247107070431 0.632581805367886 0.0327690425759921 0.773408089554767
1591949542.09756 30.0301308017239 -2.70683427200042 27.9253044367501 0.0244465297186739 0.63495332363608 0.033346109674199 0.771443245454781
1591949542.13056 30.0594706257306 -2.70817161025995 27.9306412381432 0.0242412844456958 0.637362250019149 0.033885957643932 0.769437108705776
1591949542.16356 30.0889227320527 -2.70937176871616 27.9358514489191 0.0241502383344681 0.639728096359445 0.0344237190720706 0.767450152310856
1591949542.19656 30.1184601515946 -2.7104851416285 27.9408261098767 0.0242519660852715 0.642108206867715 0.035208147528307 0.765420981657644
1591949542.22956 30.1480755860424 -2.71166139030319 27.9456448529609 0.0244863629055614 0.644464127151136 0.0357422076631559 0.76340611828721
1591949542.26256 30.1776491589098 -2.71275054377877 27.9503838945526 0.0245327928652109 0.646888875191107 0.0357276835069361 0.761351730712845
1591949542.29556 30.2077951111792 -2.71400736887844 27.9549287967325 0.0245070425555049 0.649400211645267 0.0358163347448307 0.759207455275376
1591949542.32856 30.2375883080455 -2.71504458521366 27.9592866446624 0.0248690860774915 0.651832425965179 0.0357722869092698 0.757110533876858
1591949542.36156 30.2674086766594 -2.71612098080035 27.9634455889796 0.0251379137088877 0.654315802640765 0.035954729443553 0.754947794976299
1591949542.39456 30.2971488829337 -2.71710877915659 27.9675069269119 0.0254397133512621 0.65674796197269 0.0356422426563665 0.752837675709544
1591949542.42756 30.3271635437727 -2.71813064535614 27.9713988632374 0.0260583405247937 0.659203927742861 0.0350825890612694 0.75069325059057
1591949542.46056 30.3572229758687 -2.71915190218258 27.9751038817825 0.0260991322005242 0.661625589389069 0.0347706199518651 0.748572921465979
1591949542.49356 30.3873632427666 -2.72032857055007 27.9786498807048 0.0260905637811094 0.663991674558741 0.0342798827898822 0.74649797604158
1591949542.52657 30.4174431115089 -2.72143873757494 27.9819998479042 0.0264974766657945 0.66636397958204 0.0338574033860822 0.744386060241515
1591949542.55957 30.4474812971111 -2.722601936718 27.9850845542618 0.0269661834381594 0.66863189270836 0.0336286543160782 0.742343135357838
1591949542.59257 30.477735842977 -2.72378561163876 27.9879838864495 0.0274877396631668 0.670829667828553 0.0334359908686837 0.740347226268778
1591949542.62557 30.5081178215326 -2.7249988744507 27.9907672455805 0.0279093538941609 0.673047378546995 0.0332907369739618 0.738322437034091
1591949542.65857 30.5381185053704 -2.72634470508239 27.9930429354056 0.0285204367954368 0.675200178669428 0.0331951131081756 0.736335105692717
1591949542.69157 30.5685571363734 -2.72750931300309 27.9953596865588 0.0290435261052797 0.677296066171522 0.0337435111098266 0.734362232006749
1591949542.72457 30.5990395345197 -2.72869415931903 27.9977146350242 0.0295198693364411 0.679302459620613 0.0343324617320834 0.732460256764256
1591949542.75757 30.6296930859582 -2.72986125956199 27.9997078935484 0.0295596877726104 0.681280188281391 0.034940044393149 0.730590667345171
1591949542.79057 30.6603301710071 -2.73108422349798 28.0015531397295 0.0290966851217897 0.683191572751295 0.0357962221575974 0.728780686019998
1591949542.82357 30.6913812081258 -2.73234859291096 28.0032435857645 0.0283875707044165 0.685041034891269 0.0366298637991656 0.727029008652788
1591949542.85657 30.7222163065292 -2.73356342100229 28.0048223919352 0.027622683534365 0.686869988814838 0.0375389844115782 0.72528437903295
1591949542.88957 30.7531374428921 -2.7346626615868 28.0062125913402 0.0272308653639327 0.688642699179725 0.0386021533307867 0.72356035449451
1591949542.92257 30.7842141061898 -2.73567915589311 28.0073927522443 0.0270958774088213 0.690377889430463 0.0394018062320803 0.721866802726538
1591949542.95557 30.8151418357544 -2.7366494977857 28.0086033560229 0.0268727122861365 0.692157780122385 0.0397533226778087 0.720149385951632
1591949542.98857 30.8460645163316 -2.73753532985167 28.0096566630079 0.0265471431967716 0.693871774481577 0.0400157914537098 0.718495613208745
1591949543.02157 30.8771126181262 -2.73843243131784 28.0105518446468 0.0264766178727585 0.695517886798782 0.0399351054079563 0.716909370286811
1591949543.05457 30.9080973164933 -2.73925298688105 28.0113746687239 0.0266330923104772 0.697169317951045 0.039545337645929 0.715319359986941
1591949543.08757 30.9392281688155 -2.74005945432276 28.012083400151 0.0268665719422313 0.698712741262477 0.0391690512122571 0.713823842370566
1591949543.12057 30.970261942103 -2.74085234331549 28.0126538877514 0.027143900653348 0.700208734607611 0.0387122672166029 0.712370898481599
1591949543.15357 31.001287998049 -2.74164407420214 28.0131318163409 0.0274082679412167 0.70162186687503 0.0383452845305095 0.710988876091275
1591949543.18657 31.0333589468019 -2.74267640780523 28.0133642385715 0.0276077725231078 0.702901183543519 0.0379929074113739 0.709735356351833
1591949543.21957 31.0646128683441 -2.74355347359583 28.0135866029656 0.0280738524012851 0.704109580320792 0.0376948649562971 0.708534159280804
1591949543.25257 31.0957088635789 -2.74443909654225 28.0136121639624 0.0284574084458585 0.705181614781024 0.037707557841886 0.707451204084758
1591949543.28557 31.1264629084349 -2.74518536350545 28.0136369549532 0.0285538600539453 0.706117639166726 0.0380482905167107 0.706494787186986
1591949543.31857 31.158003995902 -2.74611244411585 28.0135371446343 0.0286124129887786 0.707043099853804 0.0382894304610085 0.705553190260703
1591949543.35157 31.1895969488279 -2.74707490878354 28.0133843216589 0.0286974693793484 0.707857447742677 0.0387094137080837 0.704709777296173
1591949543.38457 31.2210315810871 -2.74810973082316 28.0129939592337 0.0287538887325146 0.70856015823761 0.039308729626793 0.703967712197213
1591949543.41757 31.252721736172 -2.74903114853575 28.0125571914309 0.0288255097254417 0.709190984285621 0.0401310455209373 0.703282828584956
1591949543.45057 31.2844024344587 -2.74999592119705 28.0120662642612 0.0289152923037903 0.709769706215338 0.0409085400616793 0.702650241129967
1591949543.48357 31.3161814113344 -2.75089110222549 28.0115737828413 0.0290378545246657 0.7102450588395 0.0416749752684163 0.702119616472191
1591949543.51657 31.3479112924376 -2.7517321522817 28.0110289489305 0.029308811142665 0.710639621931602 0.0422468687143834 0.701674798901987
1591949543.54957 31.3797323513032 -2.7525991696401 28.0104196625868 0.0295092771060796 0.710893775059755 0.0429374512537876 0.701366964167686
1591949543.58257 31.4114640447366 -2.75340718184484 28.009774056312 0.0296982423362922 0.71107915443331 0.0436950193577299 0.701124237076334
1591949543.61557 31.4432527052642 -2.75420625616141 28.0091917764264 0.0299945443316371 0.711190624729302 0.0442120002969702 0.7009661344439
1591949543.64857 31.4754249084564 -2.75495435673899 28.0087049182509 0.0304346629755739 0.711261607217066 0.0442756789164972 0.700871116286756
1591949543.68157 31.5072684561098 -2.7557027859058 28.0081319520961 0.0308274251772933 0.711224788837185 0.0444527069538082 0.700880108467147
1591949543.71457 31.5391789715563 -2.75644941514085 28.0075873187311 0.0312387832653026 0.711120298330727 0.0445470844586486 0.700961922637996
1591949543.74757 31.5708640988026 -2.75724450616981 28.0070371624264 0.0315463393830324 0.710946792488864 0.0446915384379018 0.701114935736916
1591949543.78057 31.6029822949995 -2.75795220101927 28.0065335317772 0.03206770566795 0.710763676237882 0.0445626404930325 0.701285127367104
1591949543.81357 31.6349674737505 -2.75874734673785 28.0061273243022 0.0324351037075075 0.710569391475272 0.0442703629872915 0.701483598458951
1591949543.84657 31.6669078544146 -2.75956558372932 28.0057623487078 0.0325314036356165 0.710337476179206 0.0440247133176415 0.701729436699183
1591949543.87957 31.699092900053 -2.76031611788671 28.0053373161295 0.0327385944898132 0.710134521366209 0.0438403222171857 0.701936729444122
1591949543.91257 31.7312836971917 -2.76116840109051 28.005024945754 0.0326525593650503 0.709938867685772 0.0439558056034558 0.702131399148127
1591949543.94557 31.7633467855718 -2.76211615909326 28.0047163512851 0.0324925370465915 0.709764402735745 0.0439951525813453 0.702312718235111
1591949543.97857 31.7955642079287 -2.76297856786273 28.0044190354138 0.032279990981045 0.709618366362012 0.0439902629584346 0.702470378783918
1591949544.01157 31.8279126287862 -2.76384836655431 28.0041779647393 0.0319299845335683 0.70949396724184 0.0439636200237017 0.702613682367155
1591949544.04457 31.860768044515 -2.76482877335879 28.0040194462935 0.0316207290094829 0.709410049991168 0.0437755138973752 0.702724138514864
1591949544.07757 31.8931862645283 -2.76570555547777 28.0037599049899 0.0312155863294198 0.709280245240873 0.0439697894725832 0.702861137419686
1591949544.11057 31.9258291315551 -2.76657653600508 28.003547954487 0.0309264212789646 0.709152258569346 0.0442030922665586 0.70298841901339
1591949544.14357 31.9583848903034 -2.76749443728233 28.0032703073199 0.0307498459013252 0.709032612872725 0.0441918537507364 0.703117544171666
1591949544.17657 31.9909176409186 -2.7683513208103 28.0030294657138 0.0306553849239792 0.708909194368353 0.0442845086308718 0.703240274593611
1591949544.20957 32.0237377630631 -2.76912656136171 28.0027619010596 0.030632036927587 0.708789682680681 0.0443840662898819 0.703355471080351
1591949544.24257 32.0562877805255 -2.7700098678765 28.0026566612817 0.0304704665428581 0.708700471579125 0.044546556367069 0.703442106052816
1591949544.27557 32.0891324894282 -2.77075062953716 28.0023723118361 0.0302711614766486 0.708573168052229 0.0450401351143109 0.703547516894322
1591949544.30857 32.1219218395047 -2.77156456294707 28.0021267071112 0.0304649644992799 0.708464308493765 0.0452521314959006 0.703635171181477
1591949544.34157 32.1545929978532 -2.77232138717199 28.001825388298 0.0307265945376879 0.70833783945683 0.0453643716400455 0.703743884781566
1591949544.37457 32.1874268562058 -2.77307084337053 28.0015933599637 0.0310071570708896 0.708239806797174 0.0454948000636218 0.703821820807976
1591949544.40757 32.2203009959311 -2.77387323722697 28.0013022089558 0.0311311544640679 0.708098704208749 0.0455885042495107 0.703952245965532
1591949544.44057 32.2531164644126 -2.7746467053646 28.0011280353708 0.0311414743946373 0.707990566352332 0.0456082235179774 0.70405927057043
1591949544.47357 32.2858006939974 -2.77552617260575 28.0009349299926 0.0314267791086803 0.707903222281991 0.0452067259606501 0.704160306581923
1591949544.50657 32.3185800102249 -2.77633045893008 28.0008018878825 0.0316022804417642 0.707805692308315 0.0448795638131959 0.704271412566749
1591949544.53957 32.3513542534191 -2.7772599484079 28.0006547162309 0.0317989189483717 0.707708454136051 0.0444213611113929 0.704389320883762
1591949544.57257 32.3842439077434 -2.77812679399246 28.0004833878727 0.0318053789887294 0.707584906048547 0.0440707391266685 0.704535157783117
1591949544.60557 32.4170846679876 -2.7791436515847 28.0005285415207 0.0317367994629582 0.707525980483011 0.0436714301952987 0.704622287957243
1591949544.63857 32.449892535803 -2.78007235507871 28.0005054742245 0.0316094196871544 0.707453298134325 0.0432476844115585 0.704727119769734
1591949544.67157 32.482952504716 -2.78114120243065 28.0005029464857 0.0314443235434653 0.707439955301436 0.0427891956982902 0.704775885577458
1591949544.70457 32.5159662841817 -2.78211528083834 28.0004315353262 0.0312613836227928 0.707397449547132 0.0425190257388602 0.704843036936891
1591949544.73757 32.5489983432276 -2.78317840403752 28.0003653046729 0.0308164727680881 0.707365149908543 0.0425936080710131 0.704890540617826
1591949544.77057 32.582034071909 -2.78418611465639 28.000347885704 0.0303998925736025 0.707361335663587 0.0426676859713973 0.704907976911587
1591949544.80357 32.6127177965257 -2.7852385823292 28.0001352019781 0.0301082737510516 0.707366692227914 0.0426796470351919 0.704914393601963
1591949544.83657 32.6460341582193 -2.78622266219475 28.0001341416988 0.0298293720888116 0.707363967110509 0.042684342707048 0.704928700991908
1591949544.86957 32.6808635236303 -2.78724505593404 28.0002558320497 0.0294892083122706 0.707358654637497 0.0428652796450876 0.704937364666886
1591949544.90257 32.7139818656484 -2.78819245114614 28.0001980970358 0.0293069880502504 0.707322009804945 0.0430982510230928 0.704967528085987
1591949544.93557 32.7470118058284 -2.78910603362176 28.0000800161019 0.0291387642343024 0.707244087688865 0.0435233301362339 0.705026561614451
1591949544.96857 32.7801861241457 -2.78996278507192 27.9999861566332 0.0293213681167454 0.707204717559011 0.0436739341455018 0.705049170136591
1591949545.00157 32.8131959928423 -2.79082085781882 27.9998487847551 0.0294442681950406 0.70714597367068 0.0439235734125347 0.705087460312888
1591949545.03457 32.846225281741 -2.79167600354825 27.9996378783654 0.029514510382132 0.707070739898961 0.0443365640952625 0.705134123085718
1591949545.06757 32.8792578200071 -2.79252271188251 27.9995070485511 0.0295777954696959 0.707002877855027 0.0447925373533748 0.705170697999647
1591949545.10057 32.9124879588989 -2.79329711775439 27.9993032107352 0.029789359160652 0.706945388992002 0.045111175490599 0.70519911578901
1591949545.13357 32.9455789226011 -2.79409608390725 27.9992013744851 0.0301060355973635 0.706919835223 0.045224183321445 0.705204045955357
1591949545.16657 32.9786039474158 -2.79493010239858 27.9990079722461 0.0303585226318967 0.706870638118181 0.0452842758107167 0.705238679763315
1591949545.19957 33.0117624956854 -2.79574759557152 27.9989215063453 0.030607540516315 0.706863431480288 0.0453857215257124 0.705228618237409
1591949545.23257 33.0448760577323 -2.79656364836044 27.9988149530645 0.0308980458115448 0.70684040344954 0.0453127517537601 0.705243723364357
1591949545.26557 33.0780285103742 -2.79741155437014 27.9987227049701 0.0312394947121509 0.706855048457339 0.045006834669771 0.705233591991697
1591949545.29857 33.1112155748399 -2.79828398539306 27.9986601751967 0.0314682428565334 0.70687750411265 0.0444406560770498 0.705236819769383
1591949545.33157 33.1443535081087 -2.79923551336855 27.9986837257642 0.0314511980161734 0.70692799125024 0.043980374862525 0.705215827925891
1591949545.36457 33.1772256805093 -2.80022203734215 27.9987506298804 0.0316084266676202 0.706999400156305 0.0433458137446193 0.705176499872932
1591949545.39757 33.2105922359554 -2.8011428426825 27.998661255073 0.0318178351207932 0.707055141850577 0.0428659623120063 0.705140525729413
1591949545.43057 33.2431850423284 -2.80230005397566 27.9985584012024 0.0319804262897687 0.707113656323896 0.0425333418147216 0.705094634931119
1591949545.46357 33.276497460737 -2.80330681124692 27.9985651510222 0.0319682881899558 0.707222605456359 0.0422169353557986 0.705004925692643
1591949545.49657 33.3097506438799 -2.80436248149176 27.9985322890126 0.0317213605495145 0.707331481649275 0.0421684309760175 0.704909748678332
1591949545.52957 33.3441618014549 -2.80529599834393 27.9983540250399 0.0315756126923631 0.707403339628576 0.0421689066518961 0.704844152332431
1591949545.56257 33.3777872513658 -2.80630678221294 27.9982283035124 0.0312034994455703 0.707487224508466 0.0424712158570052 0.704758373205516
1591949545.59557 33.4112052932238 -2.80733391479864 27.9981297569517 0.0306652907722174 0.707545464157373 0.0429665654190074 0.704693500997616
1591949545.62857 33.4447272442467 -2.80840534574645 27.9980654033 0.0301196643717607 0.707649039071832 0.0433057623771012 0.70459226100191
1591949545.66157 33.478123695962 -2.80938126834232 27.9979809779964 0.0297197289098083 0.707726269882736 0.0438280502630067 0.704499373059721
1591949545.69457 33.5116330914343 -2.81029105458311 27.9977229194444 0.0295646634972196 0.707730017352715 0.0445109460479912 0.704459316704758
1591949545.72757 33.5452999206001 -2.8111820183819 27.997443077335 0.0293165684152832 0.707740277617885 0.045338381626734 0.70440660800789
1591949545.76057 33.57891241353 -2.81199029480789 27.9972073425521 0.0291882241836492 0.707760311941424 0.0458699812959714 0.704357390268244
1591949545.79357 33.6124435092481 -2.81287535537765 27.9970383136012 0.0292234553069641 0.707801533333774 0.046208296452494 0.704292391275981
1591949545.82657 33.6459279600058 -2.81363049028799 27.9967780803812 0.0293764343344718 0.707854256941681 0.0463204095194205 0.704225671001339
1591949545.85957 33.6794225093392 -2.81438183653532 27.9965840102325 0.0298647782162445 0.707928315551497 0.0460921402692807 0.704145659411398
1591949545.89257 33.7126013555794 -2.81518018918939 27.9963997900802 0.0304514602436984 0.70801161095846 0.0457317998388057 0.704060274266725
1591949545.92557 33.7458858056256 -2.8159269036057 27.9961779044032 0.0310149860092371 0.708095257511251 0.0452002468647614 0.703985876716491
1591949545.95857 33.7793803297651 -2.81666058568293 27.9959616019133 0.0313217487491797 0.708192169301727 0.0445549560685312 0.703915943337511
1591949545.99157 33.812819132277 -2.81765204433427 27.9958872247189 0.0315715055646718 0.708339170188783 0.0437627291742663 0.703806566854748
1591949546.02457 33.8463229903906 -2.81853454561203 27.9956979886447 0.0319655708780222 0.708450123959029 0.042972903864759 0.703725765958807
1591949546.05757 33.8800198187737 -2.81945701545505 27.9955489375032 0.0321213437633413 0.708569185585854 0.0425743164516935 0.703623021291734
1591949546.09057 33.9133707550856 -2.82050709717523 27.9953490153162 0.0319999243551251 0.708637366532206 0.0425650156085411 0.703560450168861
1591949546.12357 33.9470893036397 -2.821486569828 27.9951911350039 0.0315647730921492 0.708730422199304 0.0426125426701037 0.703483493023131
1591949546.15657 33.9807617217103 -2.82252067181263 27.995012032324 0.0311889855057105 0.708833230287949 0.0425437605685748 0.703400829726096
1591949546.18957 34.0144616361739 -2.82367827128044 27.9948116683422 0.0305792441590415 0.708915231555098 0.0426912869617186 0.703336020912761
1591949546.22257 34.0482389384394 -2.82472130172455 27.9946311154646 0.0297713361966857 0.708984856654783 0.0431454775266038 0.703272783736341
1591949546.25557 34.0828763132055 -2.826059194368 27.9944436490355 0.0293086485654897 0.709103132317054 0.0433077772660083 0.703162987710307
1591949546.28857 34.1166059827404 -2.82707055262599 27.9941796517164 0.028876544827152 0.709142782940565 0.0435564367824574 0.703125518934544
1591949546.32157 34.1503787063349 -2.8280041526506 27.9939219439371 0.028720336122794 0.709204388792111 0.0438389955040536 0.703052216897292
1591949546.35457 34.1827796320993 -2.82863576870305 27.9936514361354 0.0287878371563192 0.709231816112368 0.0439098908649463 0.703017363178209
1591949546.38757 34.2164772899346 -2.8294861665307 27.9933355202975 0.0289225928945264 0.70929344950368 0.043878703911688 0.702951595385101
1591949546.42057 34.2502953086008 -2.8303369177892 27.9930527433723 0.0290021159013465 0.709345103904072 0.0438319359714392 0.702899112411989
1591949546.45357 34.2833830394367 -2.83122391093892 27.9927702710232 0.0290351469147003 0.709409673914685 0.043772623526236 0.702836276973189
1591949546.48657 34.3171112660021 -2.83202827773764 27.992525971279 0.0291601619024794 0.70950474654854 0.043625423905121 0.702744279216851
1591949546.51957 34.3507533310841 -2.83285207624376 27.992187866482 0.0292495243514362 0.709552293230397 0.0436202571847511 0.702692878617562
1591949546.55257 34.3844590143777 -2.83371628051044 27.9918771068782 0.0294975234252466 0.70962981544599 0.0434083819616083 0.702617345016007
1591949546.61857 34.4519354699684 -2.83538619295914 27.9912675301639 0.0295644177890517 0.709775368877338 0.0432127247548079 0.702479559385964
1591949546.65157 34.4859042405199 -2.83628811897177 27.9909511876942 0.0295139677189542 0.709859323626434 0.0431820755387053 0.702398729157646
1591949546.68458 34.5196598920437 -2.83717566807641 27.9906125955489 0.0295378695711238 0.709926854397794 0.0431673419397564 0.702330375433036
1591949546.71757 34.5534328165072 -2.83806083150397 27.9902550210873 0.0296700521003525 0.710001992555147 0.0431213035116216 0.702251672664112
1591949546.75058 34.5877265015974 -2.83901180554164 27.9899010328723 0.0296382611117957 0.710052447373496 0.0431612248057696 0.702199547230304
1591949546.78358 34.6215716639262 -2.83992024104664 27.9895665521657 0.0296315739964346 0.710102631502334 0.0433944385703239 0.702134705919827
1591949546.81658 34.6556488287217 -2.84083130376934 27.9890506432447 0.0297826241282782 0.710104026730349 0.0436122879973843 0.702113405980124
1591949546.84958 34.689480403538 -2.84175410636435 27.9885923319183 0.0298848899663283 0.710081753255878 0.0440028460860957 0.702107218721672
1591949546.88258 34.7234370807364 -2.84262852356926 27.988141871148 0.0299351504222973 0.710028357080633 0.0444520746266152 0.70213077982094
1591949546.91558 34.7572536686466 -2.84356490993916 27.9877338955522 0.0299448815877077 0.70995228270108 0.0447370297511207 0.702189189978934
1591949546.94858 34.79101291219 -2.84450029280568 27.9873892219768 0.0300274878637524 0.709879092921348 0.0449589229438985 0.70224548318482
1591949546.98158 34.8250896301119 -2.84535048649672 27.9868865367535 0.0301966264438964 0.709727771569672 0.0452358987359947 0.702373381813194
1591949547.01458 34.8589467904348 -2.84629494617912 27.9865700239392 0.0302926795644434 0.709606148696773 0.0453224287767513 0.70248654417456
1591949547.04758 34.8927888654284 -2.84718008766475 27.9861469070377 0.0307042416212928 0.709470729635497 0.0450404495774194 0.702623577201051
1591949547.08058 34.9266977513285 -2.84808248568792 27.9858432671636 0.0309754985178193 0.709363810284123 0.0447368081358325 0.702739013538156
1591949547.11358 34.9606090417591 -2.84901142601422 27.9855925224548 0.0311388157992577 0.709292136130632 0.044320040896024 0.702830544120586
1591949547.14658 34.9945321004631 -2.84989039239567 27.985283007538 0.0313912740833287 0.709199137930928 0.0439418695032905 0.702936898145211
1591949547.17958 35.0283404204895 -2.85090707187911 27.9850361184922 0.0315733723142244 0.709130775706505 0.0436957369520653 0.703013049437074
1591949547.21258 35.0623168737692 -2.85187823993986 27.9848850415106 0.031571831462648 0.709066606929337 0.0431895892090841 0.703109113708364
1591949547.24558 35.0962916743518 -2.85291785983935 27.9847593327758 0.0313413119465582 0.70902971247425 0.0426199412750093 0.70319138902568
1591949547.27858 35.1304799835662 -2.85392192640231 27.9845836713914 0.0309758729160488 0.708972016255926 0.0421975421378983 0.703291221970399
1591949547.31158 35.1644364790548 -2.85494153668652 27.9844517085864 0.030877241624409 0.70891556288482 0.0418827644270051 0.703371277984337
1591949547.34458 35.1990168328992 -2.85595332628852 27.9842251914137 0.0303967709081284 0.708808013003662 0.0421637654569121 0.703483797896337
1591949547.37758 35.2331230110346 -2.85698833210618 27.9840537661318 0.0299808378828884 0.708683876465859 0.0422889242246675 0.703619186410578
1591949547.41058 35.2673417808952 -2.85796328200553 27.9839284395191 0.0293565930234246 0.708583474272836 0.0423549166881922 0.70374264576323
1591949547.44358 35.3015014644991 -2.85891167079353 27.9837054215277 0.0288195220527265 0.708474966193563 0.0425822966680025 0.703860359330003
1591949547.47658 35.3358251258412 -2.8598716710061 27.9835649583034 0.0284468697020237 0.708357505060166 0.0427957361271443 0.703980784963928
1591949547.50958 35.3699950927096 -2.86081580931641 27.9833034983924 0.0282532116449447 0.708216485667324 0.0430920834310328 0.704112375836659
1591949547.54258 35.4042182274243 -2.86174335686224 27.9831241445508 0.0281480633075335 0.708093257416044 0.0432888286528297 0.704228444929511
1591949547.57558 35.4385491264153 -2.86258703421731 27.9829511088742 0.0279062494518795 0.707948981688773 0.0435158397830646 0.704369116483206
1591949547.60858 35.4725100491617 -2.86340425988809 27.9827780102565 0.0279215707792736 0.707811685536771 0.0435798840307121 0.704502517675191
1591949547.64158 35.5068628054475 -2.86430701976308 27.982624376789 0.0280849274490724 0.70771649239739 0.0435018710554512 0.704596473489323
1591949547.67458 35.5406498027541 -2.86510124072329 27.9823751574473 0.0282716889935756 0.707577450138089 0.043470635073869 0.704730563792862
1591949547.70758 35.5744828741745 -2.86594875886044 27.982278068103 0.0285010950792777 0.707475553570457 0.0432609337003983 0.704836520261845
1591949547.74058 35.6091545691195 -2.86683411285185 27.9823015879584 0.0283831096979136 0.707409530981004 0.0428884518782258 0.70493030524769
1591949547.77358 35.6432194965751 -2.8677373957281 27.9822833515778 0.0285570763959316 0.707339989397071 0.0423124572864945 0.705027863808124
1591949547.80658 35.6774478580946 -2.86862047730025 27.982247167836 0.0287133032172626 0.707288434709228 0.0418061097168091 0.705103443145238
1591949547.83958 35.7118663398358 -2.86957825897809 27.9820448374017 0.0291376039410604 0.707263819445454 0.0412725636927973 0.705142159586439
1591949547.87258 35.7458993304413 -2.8704907544621 27.9819829482018 0.029280194007589 0.707247892986726 0.0408778913794819 0.705175216595905
1591949547.90558 35.7800374722737 -2.87149961764156 27.9820019756642 0.029070671073408 0.707231155434865 0.0405937465820688 0.705217084736351
1591949547.93858 35.8145518595752 -2.87256986099544 27.9820556452652 0.0289272710254823 0.707226872646583 0.0402228045822227 0.705248530370034
1591949547.97158 35.8487244012017 -2.8736175061335 27.982058593138 0.0288057194480556 0.707225523969612 0.0397969515002662 0.705279016719109
1591949548.00458 35.8828350290296 -2.87471769900331 27.9820695726835 0.0284972953980866 0.707212759204746 0.0395786440417512 0.705316629825798
1591949548.03758 35.9193163688474 -2.87584338954662 27.981942004488 0.0280731073350942 0.707215933355069 0.0395078658353425 0.705334426205333
1591949548.07058 35.953550015329 -2.87692173466192 27.9819091196447 0.0276531106172726 0.707164937781227 0.0397053553896144 0.705391055372442
1591949548.10358 35.987857090916 -2.87796873510553 27.9819018939563 0.0274712182223807 0.707137760895123 0.0397236436177528 0.705424376828119
1591949548.13658 36.0204078280105 -2.87898900299723 27.9820940087697 0.0270837922001846 0.707084361926739 0.0398274831359783 0.705487026745189
1591949548.16958 36.0546415515542 -2.88002774226521 27.9821044116724 0.0266066052600945 0.707041976927551 0.040051411218532 0.705534985580671
1591949548.20258 36.0891829577094 -2.88101750381753 27.9820576152265 0.0261503590079302 0.706972082982605 0.0403624320444988 0.705604355631713
1591949548.23558 36.1234099609558 -2.88199154609558 27.9820135004199 0.0259119619018573 0.706939036900409 0.040686178668631 0.705627666125743
1591949548.26858 36.1577385544107 -2.88288140209072 27.9819660490729 0.0257102430081255 0.706876291536744 0.0411034018748667 0.705673722213062
1591949548.30158 36.1922764514221 -2.88379490799507 27.9819482646812 0.0256228767475122 0.706825117347915 0.0413537177497872 0.705713533738413
1591949548.33458 36.2266239800949 -2.8846513203808 27.9819366964521 0.0254429008629663 0.706770708265427 0.0415521102382527 0.705762882892273
1591949548.36758 36.2609215063607 -2.88544995415106 27.9819148493439 0.025436397140771 0.70672973542049 0.0416824558789358 0.705796460493308
1591949548.40058 36.2955020213305 -2.88624813519471 27.9817800199278 0.0254803795691162 0.706673186930526 0.0420030835289662 0.70583248586653
1591949548.43358 36.3297749885645 -2.88703302422559 27.9816947639855 0.0256486852451774 0.70660835164544 0.0422796367395869 0.705874786805192
1591949548.46658 36.3641566198565 -2.88775949123006 27.9816204119896 0.0258854450970246 0.706551946818206 0.042831762282209 0.705889318745746
1591949548.49958 36.3989481577817 -2.88847208716613 27.981351322058 0.0263501705236718 0.706507357632313 0.0435703918613179 0.705871548568032
1591949548.53258 36.4333151254817 -2.88917146042505 27.9811608826734 0.026654927498886 0.706462958495649 0.0445229536287283 0.705845103201672
1591949548.56558 36.4675278482729 -2.88993668083709 27.9810465048717 0.0269255357323173 0.70644861148229 0.0447995072650119 0.705831693117478
1591949548.59858 36.5018207997882 -2.89080503127789 27.980976545431 0.0269063346833596 0.706406099207843 0.0447937169762422 0.705875339614098
1591949548.63158 36.536039687908 -2.89161632399712 27.9810016922777 0.0272235078193183 0.706443552048861 0.043864328650651 0.705884062054547
1591949548.66458 36.5699033884781 -2.89244421739095 27.9811116929566 0.0275868694353411 0.706454936181081 0.0427936361499441 0.705924282402304
1591949548.69758 36.6044499101334 -2.89332265192351 27.9811336014671 0.0282819591668837 0.706439372317427 0.0420628954435294 0.705956271204067
1591949548.73058 36.6385867571295 -2.89419905172876 27.9810883996889 0.0292769706296876 0.706387161678837 0.0410340557540574 0.706028500185678
1591949548.76358 36.6726115358439 -2.89521530175698 27.9811842412357 0.0295953626268876 0.70645961940202 0.0402184077495149 0.705989660224164
1591949548.79658 36.7066954337492 -2.89634602159658 27.9812524211605 0.0297780619138629 0.706536253990386 0.039308422384151 0.705956540273944
1591949548.82958 36.7409921519354 -2.89744486556509 27.9813585828947 0.0292967331029639 0.706617576611485 0.0387686165678287 0.70592513499848
1591949548.86258 36.775228660899 -2.89863613457041 27.9815037596962 0.028483457122878 0.706682549070313 0.0386538562397247 0.70589967198435
1591949548.89558 36.8095649298935 -2.89992590287292 27.9816695992697 0.0277625441888779 0.706749747559741 0.0385345003780059 0.705867641803349
1591949548.92858 36.8440626029694 -2.90106335369685 27.9817280517809 0.0270890911696793 0.706802574337155 0.0385751837179271 0.705838690673089
1591949548.96158 36.8784613233123 -2.90226145443431 27.9818017558976 0.026352417258564 0.706802498772521 0.0388244967779214 0.705852984893804
1591949548.99458 36.9128407490854 -2.90343439820014 27.9818336135658 0.0257311494033343 0.706790154330306 0.0391037633676849 0.705872850719313
1591949549.02758 36.9473422989089 -2.90449326099754 27.9818555221011 0.0252041968647195 0.706756930696108 0.0395404674275745 0.705900800969252
1591949549.06058 36.9817337346524 -2.90547784246186 27.9818040629997 0.025032186909198 0.706699863046164 0.0400194528280862 0.705937062764392
1591949549.09358 37.0166141724994 -2.90650648489949 27.9819994045147 0.0250445156038037 0.706673021106103 0.0403387414145897 0.705945323251051
1591949549.12658 37.0510332584967 -2.90744236944933 27.9819978914304 0.0249743542429921 0.706619098831599 0.0405716456602873 0.705988436424408
1591949549.15958 37.0854407462457 -2.90828307325739 27.9819701749811 0.0249986365158998 0.706571526185121 0.0408383941587426 0.706019810004868
1591949549.19258 37.1196965717273 -2.90913905937916 27.981744832677 0.0251178209733022 0.706526119327981 0.041008954234881 0.706051133735694
1591949549.22558 37.1539948384315 -2.90994496520909 27.9816934434243 0.0253665551615852 0.706485119553207 0.0411421259476224 0.706075519474819
1591949549.25858 37.1883203306548 -2.91078426251233 27.9817138465933 0.0256550826867302 0.706460588912756 0.0411356670979689 0.706090015463882
1591949549.29158 37.2227492987042 -2.9115874013599 27.9816355063381 0.0257232367786329 0.706410957557458 0.0410971741421703 0.706139431281042
1591949549.32458 37.2571916999947 -2.91238661807062 27.9816356025531 0.0257046580616274 0.706396584941371 0.0409485906848248 0.70616311731641
1591949549.35758 37.2914847881787 -2.91325557122579 27.9817132099604 0.0258553633661793 0.706410661087113 0.0408113071459452 0.706151481834252
1591949549.39058 37.3249038821461 -2.91395429406374 27.9816488550982 0.0258722218349376 0.706423639008222 0.0408047966572009 0.706138257678671
1591949549.42358 37.3592639187503 -2.91482159512688 27.9816963948265 0.0260586591610276 0.706463770221412 0.0404532510930093 0.706111479954322
1591949549.45658 37.3936023774039 -2.91576490989006 27.9817378205038 0.0259556021320573 0.706515184587176 0.0402044675078497 0.706078042045015
1591949549.48958 37.4284645822005 -2.91684136991041 27.9818959244484 0.0256376324760255 0.70656915005333 0.0399263386076632 0.706051439683629
1591949549.52258 37.4626903893597 -2.91780509211723 27.9819392893751 0.0252848398431833 0.706671724529321 0.0398436884635962 0.705966168533929
1591949549.55558 37.4969787833548 -2.9187348943308 27.9819689917074 0.0249499401771617 0.706789384231827 0.0398299868341838 0.705861062087391
1591949549.58858 37.5311309713762 -2.91981107344634 27.9819871426218 0.0247096843260683 0.706928724276161 0.0398386274538601 0.70572947653926
1591949549.62158 37.5653229805007 -2.92081135381229 27.9819802083515 0.0244152481925383 0.707078334880858 0.0399980214313201 0.705580812011913
1591949549.65458 37.599452645565 -2.92182400052884 27.9819450772922 0.0240997753622405 0.707214994422393 0.0403246604323145 0.705436087999928
1591949549.68758 37.6335188231991 -2.92276550948662 27.9818301845177 0.0239280895822541 0.707361378608789 0.0406646842488397 0.705275626997388
1591949549.72058 37.6675672800362 -2.92373184646346 27.9817379103566 0.0239838946600569 0.707520150164714 0.0409809516172275 0.705096143453062
1591949549.75358 37.7016712477112 -2.92464975361923 27.9815700357138 0.0241095213431837 0.707663767953493 0.0411603504335794 0.704937265335471
1591949549.78658 37.7355095205473 -2.92554668339599 27.9813924732752 0.0243025053293653 0.707791905054353 0.041458473553433 0.704784507736135
1591949549.81958 37.7694921067506 -2.92640949849287 27.981195170359 0.0244458535863293 0.707928948159667 0.0416723387756497 0.70462927896941
1591949549.85258 37.8033543626365 -2.92727045605703 27.9809736115864 0.0245951178165673 0.708096541208124 0.0418546572012096 0.704444856734188
1591949549.88558 37.8372499414781 -2.92813739109652 27.9807734268824 0.0249573291747238 0.708258755855665 0.0418259004337562 0.704270729568648
1591949549.91858 37.8710996614623 -2.92889967719089 27.9805319907598 0.0252651402089719 0.708487534329822 0.0416461642164509 0.704040256942404
1591949549.95158 37.9048620168115 -2.92976399505575 27.9803136095648 0.0255915317202033 0.70866575378811 0.041392286440867 0.703864050463824
1591949549.98458 37.9385200464924 -2.93070578540289 27.9801143288181 0.0257787101878106 0.708792175878708 0.0411212737974554 0.703745799529528
1591949550.01758 37.9722951450708 -2.93155868374402 27.9798810849495 0.0261612165819437 0.70899178722491 0.0408357945002915 0.703547208282508
1591949550.05058 38.0060193241953 -2.9324434406365 27.9795987639231 0.026347018173775 0.709147834889326 0.0406815024344795 0.703391923656226
1591949550.08358 38.0397432444452 -2.93336732512318 27.9793933821211 0.0263650933086178 0.709340526552559 0.0404630494277017 0.703209528430878
1591949550.11658 38.0734532509808 -2.93432740596605 27.9790946782166 0.0263246663883507 0.709493937552751 0.0402455656915771 0.703068744119379
1591949550.14958 38.1072026600677 -2.93531600503023 27.9788650617079 0.0261682982295146 0.709688398564841 0.0400190927304032 0.702891221546605
1591949550.18258 38.1408231123421 -2.93630848744798 27.9785945054882 0.0258275043378412 0.709870261443368 0.0400207691902693 0.702720065154982
1591949550.21558 38.17453542438 -2.93729317465218 27.9783085995931 0.0255080504280959 0.710047680952306 0.0400442766099444 0.702551126999591
1591949550.24858 38.2082779437177 -2.93826896446128 27.9779997190983 0.0254361557740226 0.710247359436545 0.0399178458695221 0.702359064847883
1591949550.28158 38.2419719342965 -2.93920823571937 27.9776715329698 0.0253126932796054 0.710404909763399 0.0400081557057555 0.702199031058868
1591949550.31458 38.2754284621854 -2.94021845392403 27.9773234223583 0.0251580814148921 0.710519377599042 0.0402897739657267 0.702072659423213
1591949550.34758 38.3089943458191 -2.94118299956117 27.9769310173342 0.0249620120720378 0.710593904976476 0.0406947624133189 0.701980866174942
1591949550.38058 38.3425588832643 -2.94211967967916 27.9765442895103 0.0249313939989078 0.710634250113233 0.0410348978972544 0.701921309915746
1591949550.41358 38.3762055133879 -2.94297914459762 27.9760972877186 0.0250195059890534 0.710618157111911 0.0412655439061783 0.701920945683388
1591949550.44658 38.4095747803805 -2.94393040943438 27.9756977101213 0.0249635457922979 0.710576933837992 0.0415543816405835 0.701947630415078
1591949550.47958 38.4429972773583 -2.94479967309053 27.9753119808868 0.0248558588672307 0.710488288869156 0.0417402083906946 0.702030150822066
1591949550.51258 38.4764811477154 -2.94568485697322 27.9749769329185 0.0247055652795365 0.710387048528473 0.0420050917932795 0.702122103761633
1591949550.54558 38.5099211600679 -2.94650320805337 27.9746153549934 0.0247763161033239 0.710281482941107 0.0419124970879251 0.702231935858221
1591949550.57858 38.5431410716377 -2.94735075301461 27.9742949319184 0.02477508666906 0.710167313088124 0.0418128748294631 0.702353376869671
1591949550.61158 38.5764907444203 -2.94812665528599 27.9739702334568 0.0245491616779742 0.710052293709613 0.0418193678418186 0.702477202001558
1591949550.64458 38.6097873803136 -2.94888166199856 27.9738235200855 0.0242597855213386 0.709992067152684 0.0417937225077699 0.702549651018105
1591949550.67758 38.6430554679925 -2.94963914071248 27.9735639105139 0.0240330264179349 0.709924588929307 0.0419115294248983 0.702618613029868
1591949550.71058 38.6763021902646 -2.95041890818897 27.9732689224128 0.0238715697165056 0.709844411207435 0.0420962404478629 0.702694077516664
1591949550.74358 38.7095545812966 -2.9512018263952 27.9730822693218 0.0234348005297766 0.709794777027161 0.0423130138048563 0.702745895393095
1591949550.77658 38.7429014094058 -2.95192859390166 27.9727934876768 0.0229914148564001 0.70971079115504 0.0425215687532472 0.702832770971695
1591949550.80958 38.7761156273419 -2.95268278716029 27.9725932899453 0.0228068757837859 0.709672246753227 0.042429645029576 0.702883257609593
1591949550.84258 38.8093104972979 -2.95344961089385 27.9723937194416 0.0226179810162733 0.709611260384229 0.0423554708225067 0.702955404106162
1591949550.87558 38.8424899452141 -2.95418650958543 27.9721601274359 0.0226228738989327 0.709541801951303 0.0423119219299971 0.703027978193501
1591949550.90859 38.8755680409507 -2.95493053518793 27.9719181746159 0.0228820487591369 0.709480449654062 0.0420305600651349 0.703098382464265
1591949550.94158 38.9085685270962 -2.95571811553997 27.9716655116929 0.0230706849319601 0.709374711271987 0.0416178568728409 0.703223447059231
1591949550.97459 38.9415655212657 -2.95646696370973 27.971449959751 0.0236449091089155 0.709307010357951 0.0409679784789805 0.703310818962458
1591949551.00759 38.9744510264079 -2.95721997283285 27.971221050619 0.0240410426770724 0.70921987815684 0.0405132767709024 0.703411591530507
1591949551.04059 39.0075554983304 -2.95810947780433 27.9710909092586 0.0241778392768449 0.709121907266476 0.040106128353149 0.703528998116765
1591949551.07359 39.0404960708817 -2.95896745071538 27.9709119302368 0.0243489552324273 0.709030537175879 0.0396447556850672 0.70364132843221
1591949551.10659 39.0735261401757 -2.95982422836115 27.9707107273689 0.0244001445056004 0.708936455895536 0.0391686366442105 0.703761005138688
1591949551.13959 39.1061614072272 -2.96080794801885 27.9706478746559 0.0242674959098138 0.708871814490198 0.0386303685696533 0.703860450577964
1591949551.17259 39.1391963036779 -2.96175939803249 27.9705129174125 0.0241276653008841 0.708803679051191 0.0383491681553028 0.703949246488993
1591949551.20559 39.1720646760129 -2.96275711799738 27.9704540301465 0.0238783886885187 0.708739183477284 0.0380941171072551 0.704036526466782
1591949551.23859 39.2046134670579 -2.9638205260623 27.9707112221712 0.0235313322223499 0.708784957084502 0.0378655962366335 0.704014458399972
1591949551.27159 39.2374581016544 -2.96481862978499 27.9706532463798 0.0232583270320225 0.70872246177255 0.0375417096785099 0.704103786694222
1591949551.30459 39.2704371109717 -2.96583494911794 27.9706790130267 0.0229385636593404 0.708684627140922 0.0372198023030762 0.7041694454234
1591949551.33759 39.3028746912217 -2.96681049429406 27.9703972035724 0.0225704468447344 0.708571191211438 0.0368067116365069 0.704317192671697
1591949551.37059 39.3354640977436 -2.96784138397144 27.9703995050656 0.0221935423287409 0.708488137465127 0.036461583317139 0.704430662799473
1591949551.40359 39.3682850592305 -2.96885382734107 27.9704522998531 0.0218401115698854 0.708409267822251 0.0360877431498456 0.704540271087827
1591949551.43659 39.4006201276413 -2.96981312591231 27.9704692583171 0.0216430812465713 0.708252935927798 0.0357009222149987 0.704723208030505
1591949551.46959 39.4332473818933 -2.97088228090282 27.9705046066141 0.0217139820502981 0.708124044896753 0.0354324280371104 0.704864088364542
1591949551.50259 39.4658163786401 -2.97189429658476 27.9704981868507 0.0217851530786411 0.707928969342181 0.0353193503972667 0.705063490019852
1591949551.53559 39.4979911089709 -2.9727712922072 27.9704745184582 0.0219299617150616 0.70768627997338 0.0351953911892251 0.705308790782912
1591949551.56859 39.53054348459 -2.97380753032775 27.9705220300668 0.0218553415647826 0.707428139850327 0.0350710123577297 0.705576214937264
1591949551.60159 39.5627378235356 -2.97483343991847 27.9706126931749 0.0217864561057665 0.707122771849597 0.0348333584277064 0.705896148879381
1591949551.63459 39.5948453052894 -2.97592970038171 27.9706598039675 0.0217328664794455 0.706792531152007 0.0346842083724901 0.706235800644444
1591949551.66759 39.6270268529105 -2.97702209406277 27.9708166406756 0.0215225151447272 0.706431659433214 0.0345889475880268 0.706607880367205
1591949551.70059 39.6591893578212 -2.97811978415668 27.9710113255075 0.021365309610801 0.70603364042933 0.0343464847751179 0.707022164511789
1591949551.73359 39.6911697986925 -2.97919961827915 27.9712461537963 0.0213006332340071 0.705646502331473 0.03410898973711 0.707421991169559
1591949551.76659 39.7233091184458 -2.98027760417626 27.9715205073895 0.0210909647798692 0.705195291414715 0.0339221760762369 0.707887037698405
1591949551.79959 39.7552008206585 -2.98141383999929 27.9718458501605 0.0208820345529043 0.704721342023863 0.0338212295829789 0.708369885835438
1591949551.83259 39.7868938859119 -2.982505217041 27.9721188125291 0.0207649046525423 0.704258701571565 0.033673829807201 0.708840301606518
1591949551.86559 39.8187002225852 -2.9836445056106 27.9724736531989 0.0203721075661299 0.703722990850754 0.0337385229739116 0.709380463114768
1591949551.89859 39.8504588008446 -2.98473682995905 27.9729473234098 0.0201157433795914 0.703180255845135 0.0336988270379937 0.709927653859265
1591949551.93159 39.8820210869932 -2.9857396631336 27.9733850360857 0.0198734376835606 0.702601044673609 0.0336216484921485 0.710511367432543
1591949551.96459 39.9136597133049 -2.98683019374997 27.9739261356214 0.0195881007117618 0.7019687915169 0.0335203077642591 0.711148726367557
1591949551.99759 39.9450196365844 -2.98793560043554 27.9745779863021 0.0193917891079559 0.701293774012545 0.0334842970356023 0.71182146841639
1591949552.03059 39.9766177611963 -2.98899606218 27.975129888365 0.0192417830768257 0.70053976485212 0.0333503938796067 0.712573885904497
1591949552.06359 40.0079675177915 -2.99003586559482 27.9757480350464 0.0191069371711671 0.699711465763808 0.0334578037049619 0.713385845809854
1591949552.09659 40.039188893396 -2.99101766451728 27.9765021124385 0.0191691726558051 0.698839737008985 0.0333575215493108 0.714242844243463
1591949552.12959 40.0701565495167 -2.99203572854027 27.9774618492124 0.0191295954730922 0.697978216521825 0.0331582522744766 0.715095097273188
1591949552.16259 40.1013027385981 -2.99306703194294 27.9783706832953 0.0191197983804984 0.697025365619363 0.0331082517230234 0.716026477625602
1591949552.19559 40.1323263856958 -2.99408815129744 27.9794760864509 0.0191347838308433 0.696108319764226 0.032876742067361 0.716928299785835
1591949552.22859 40.1637540034903 -2.99536911331967 27.9809296244541 0.0191026059279703 0.695150715068507 0.0325669883978907 0.717871830519346
1591949552.26159 40.1946880907341 -2.99640667272667 27.9821712169649 0.0190772206257138 0.694194303229858 0.0321003099937186 0.718818404824694
1591949552.29459 40.2254239892599 -2.99752707358465 27.9835505884087 0.018901948192457 0.693253661121521 0.0316455153049069 0.719750400525921
1591949552.32759 40.2551124497064 -2.9984142693179 27.9847512946392 0.01877893530772 0.692342829905838 0.0310114075253329 0.720657373562487
1591949552.36059 40.2858094935904 -2.99952565181843 27.9862632161641 0.0186207657295401 0.691377725224 0.0305661181260833 0.721606416663846
1591949552.39359 40.3163336706385 -3.00060266996931 27.9878848809834 0.0184025198139704 0.690405280414491 0.0302725193670583 0.722554821872677
1591949552.42659 40.3468570330459 -3.00172837779266 27.9895764267959 0.0182357161763214 0.689406496496268 0.0299814023673102 0.723524192239878
1591949552.45959 40.3774877934182 -3.00285679370256 27.9913561128234 0.0178537616633497 0.688386369868064 0.0298837329412372 0.724508392967144
1591949552.49259 40.4079235452418 -3.00403296923653 27.9932343833507 0.0174337318191925 0.687334535817278 0.0298241860060428 0.725518999611162
1591949552.52559 40.4382140899248 -3.00518510058774 27.9952089247067 0.0168950753334589 0.686281298833425 0.02979543557568 0.726529261158723
1591949552.55859 40.4687891961532 -3.00635965183127 27.9973370627845 0.0163985595703936 0.685206146629977 0.0296857071705337 0.727559195292246
1591949552.59159 40.4991029761839 -3.00752129025832 27.9994994631617 0.0160082722929189 0.684063923580686 0.0294755019116741 0.728650450120391
1591949552.62459 40.5293022747625 -3.00858900680654 28.0017509395089 0.0158209725759596 0.68289603161898 0.0292127360693157 0.729759770662336
1591949552.65759 40.5593551998925 -3.00968308980555 28.003999136239 0.0157217243821147 0.681658973192856 0.029017299113298 0.730925350497767
1591949552.69059 40.5893384983386 -3.01076243420787 28.0063630700319 0.015834351599866 0.680380403368763 0.028721055775223 0.732124908042561
1591949552.72359 40.6193748648308 -3.01184118410782 28.0088398633291 0.0159475045954906 0.679053039047866 0.0285510959304391 0.733360404015791
1591949552.75659 40.649389326845 -3.01291075872035 28.0114869714421 0.0160482589015271 0.67769515973476 0.0283512850051031 0.734620942048937
1591949552.78959 40.679261263583 -3.01404837472405 28.0142891762702 0.0159883942508404 0.676288723908142 0.0280961185845703 0.735926994534416
1591949552.82259 40.7091909827043 -3.01510787065699 28.0171329665945 0.0158766174960237 0.674867469765659 0.0280365489254381 0.7372352292134
1591949552.85559 40.7391344567714 -3.01617812291871 28.0200561925318 0.0157825994571871 0.673434037414358 0.0282552359116344 0.738538521980912
1591949552.88859 40.7694009499542 -3.01723727513613 28.0234020662604 0.0157362402187712 0.671958981425552 0.028478008677948 0.739873300671845
1591949552.92159 40.7992680464649 -3.0182983299708 28.0266130190084 0.0154304089918624 0.670534681835042 0.0287241202330712 0.741161296784687
1591949552.95459 40.8292788302978 -3.01928979368116 28.0299124475336 0.0149488942887746 0.669053224832993 0.0290393412926498 0.742496484542118
1591949552.98759 40.8587456568871 -3.02024136496235 28.0331246606704 0.0144546336015349 0.667628194683127 0.0292475236307314 0.74377969829316
1591949553.02059 40.8885850841451 -3.02120011563522 28.03665582624 0.0139756353823336 0.666160427111722 0.0294517333889076 0.745095673297314
1591949553.05359 40.9184772077044 -3.02221185194351 28.0403851280867 0.0137469173771267 0.664705627716738 0.0296340020136725 0.746390833725186
1591949553.08659 40.9482873101114 -3.02316308429736 28.0440207608886 0.0135584824645216 0.663223327447408 0.0296907719339626 0.747709464661785
1591949553.11959 40.9779945527216 -3.0240937253545 28.0479171336283 0.0133661128475305 0.66172324737639 0.0299120256015661 0.749032016427471
1591949553.15259 41.0076358127297 -3.02498836808587 28.0517901788743 0.013435026895506 0.660166292851558 0.0300771920292918 0.75039678061315
1591949553.18559 41.0373125591476 -3.02595021365264 28.0558159044954 0.0137525572342976 0.658584375761263 0.0302102585141182 0.7517744525143
1591949553.21859 41.0668116463566 -3.02682115447855 28.0599864727137 0.014105521593738 0.656995857333564 0.0302667287212663 0.753154302145064
1591949553.25159 41.0962430757645 -3.02774748764777 28.0642140687006 0.0146318729852476 0.65540351320768 0.030200213167897 0.754533027966694
1591949553.28459 41.1256747685895 -3.02870796116829 28.068601085325 0.0149649499259563 0.653781600505356 0.0301622938019519 0.75593379680166
1591949553.31759 41.1551228669717 -3.02968216682523 28.0730746679824 0.0152043654359327 0.652133007622081 0.0301738957532424 0.757351241932395
1591949553.35059 41.1844551414057 -3.03069288019543 28.0777813394948 0.01573119676915 0.650536131388409 0.0300461099134999 0.758717669812348
1591949553.38359 41.2133429405273 -3.03173596383057 28.082426926934 0.0163141038864996 0.648819927985365 0.0300418237443315 0.760173690606009
1591949553.41659 41.2425600421394 -3.03277879790588 28.0873189247206 0.0168103078843001 0.647195852054101 0.0300438731980795 0.761545998818232
1591949553.44959 41.271581634498 -3.03387995618691 28.0922339902631 0.0172126020717422 0.645546647006151 0.029922400345943 0.762940300958452
1591949553.48259 41.3005848191071 -3.03498098928263 28.0974118772451 0.0175079429229989 0.643907084481862 0.0296448462540572 0.76432867379109
1591949553.51559 41.3295545104838 -3.03609886499421 28.1026977251278 0.0175718138611521 0.642268840807913 0.0293349687591501 0.765716283680051
1591949553.54859 41.3585984425786 -3.0373271188858 28.108089803376 0.0174657565438871 0.640608986601619 0.0291471185844553 0.767115062498333
1591949553.58159 41.3874601310575 -3.03850428671449 28.1136072459891 0.0177643933073769 0.63893284227085 0.0289652978289347 0.768511718140846
1591949553.61459 41.4162918293551 -3.03971436846455 28.1191891868262 0.0181461325521192 0.637193578629039 0.0288324858983498 0.769950484761352
1591949553.64759 41.4443869995452 -3.0410083167072 28.1248674090489 0.0183085369145566 0.635426239127876 0.0288091200121766 0.771406719382179
1591949553.68059 41.4730398911223 -3.04227723022547 28.1307513460656 0.0185025435725286 0.633631809718564 0.0284460876713454 0.772890164053288
1591949553.71359 41.5016466040675 -3.04358662888817 28.136791967619 0.018850661531821 0.631831457147155 0.0276860530156819 0.774381782318985
1591949553.74659 41.5307979917355 -3.04485186625016 28.1431826468954 0.0190822318105334 0.629859828224981 0.0269766542362067 0.776005621979472
1591949553.77959 41.5591392045222 -3.046202493551 28.1493673239212 0.0197271140625364 0.628044792254352 0.0264385710537165 0.777477705052427
1591949553.81259 41.5875889694974 -3.0475706049692 28.1557238251281 0.0202337901933392 0.626257363447019 0.0262365151613551 0.778912032090267
1591949553.84559 41.6151096034824 -3.04909473191389 28.1618541927939 0.0204076680106723 0.624575187243936 0.0260581292278568 0.780262991860252
1591949553.87859 41.6432915465774 -3.05050649676162 28.1684749010784 0.020590263381962 0.622754036854921 0.0256982326623568 0.781724408901751
1591949553.91159 41.6713669303999 -3.05196877541915 28.1752711619087 0.0205917646441576 0.620941091129576 0.0255292343774042 0.783170734110868
1591949553.94459 41.7000252997651 -3.05332105727058 28.1823441133605 0.0200680676379882 0.618948332319032 0.0255265534259148 0.784760237047571
1591949553.97759 41.7281573280374 -3.05479192149552 28.1894351112068 0.0195846429535151 0.617011731904543 0.025782618168562 0.786287619801376
1591949554.01059 41.7563455475389 -3.0563087253888 28.196688292867 0.0192047196845739 0.61501594448695 0.0263099246935222 0.787841579653729
1591949554.04359 41.7843448268972 -3.05770254876831 28.2039059661243 0.0188959845730732 0.612806470873888 0.026877780586381 0.789549717201428
1591949554.07659 41.8123710642352 -3.05910633331022 28.2114714450203 0.0185653139470166 0.610678764435307 0.0272144686797207 0.79119286427539
1591949554.10959 41.8403064920532 -3.06052064347662 28.2191793799442 0.0183425932692401 0.608527007549363 0.027542833199988 0.792842873900305
1591949554.14259 41.8681856629802 -3.06191934905697 28.226971187655 0.0179428079078226 0.606295983245765 0.0279509688003154 0.794545140119527
1591949554.17559 41.8959833352318 -3.06291151429581 28.2344594226475 0.0181510906091735 0.604033026337337 0.0279762066796877 0.796261246616505
1591949554.20859 41.9237442766117 -3.06416411292597 28.2425784105861 0.018249360166901 0.601780735633403 0.02779629079275 0.797968842306631
1591949554.24159 41.9513840730243 -3.06545103604326 28.2508540395671 0.0181126021834088 0.599487815574306 0.0277254389353552 0.7996984385729
1591949554.27459 41.978955668532 -3.0667026698389 28.2592443862947 0.0183180893074603 0.597186694752143 0.0275304411190132 0.801420347899233
1591949554.30759 42.0065145437546 -3.06815750123003 28.2676083631347 0.018967012200753 0.594802065447283 0.0276295764180082 0.803173307508899
1591949554.34059 42.0339487831137 -3.06941589076782 28.2761887168649 0.0193832143819209 0.592437230820743 0.0279104777623801 0.804899635835891
1591949554.37359 42.0612270340567 -3.07076272615132 28.2848558539329 0.020371051814148 0.590124714462926 0.0279582655477093 0.806570627419323
1591949554.40659 42.0886984246961 -3.072075290788 28.2939360449309 0.0205731408833754 0.587783402099547 0.0277491753431003 0.808280521451713
1591949554.43959 42.1159775885306 -3.0733466275269 28.3031411288692 0.0206674316977799 0.585471980625278 0.0272738365062531 0.809970095134359
1591949554.47259 42.1431183407487 -3.07470977085536 28.3124550681048 0.0206476068063007 0.58319563742794 0.0268746583138773 0.811624468309516
1591949554.50559 42.17083743413 -3.07614567485465 28.3224344804033 0.0204086886323564 0.580906112525506 0.0266724830589607 0.813277414235931
1591949554.53859 42.1979455313683 -3.07756823605273 28.3320444535727 0.0204221195689706 0.57858735118041 0.0266579512429912 0.814928811444211
1591949554.57159 42.225178271932 -3.07901700897601 28.3419366893569 0.020489428027341 0.576290679136874 0.0266634336015796 0.816552691372484
1591949554.60459 42.2515384693914 -3.08068334744681 28.3513734745329 0.0200741781267721 0.57391717114392 0.0268119056947237 0.818228103741073
1591949554.63759 42.2784932469487 -3.08215304918701 28.3616418940108 0.0195897992106834 0.571629915954924 0.0263587709338298 0.819854068811706
1591949554.67059 42.3053181357996 -3.08356281995521 28.3719830143963 0.0189164441480026 0.569311934134507 0.0259318958327454 0.821494751396101
1591949554.70359 42.3321641234271 -3.08510700925905 28.3823954739728 0.0184613613647454 0.566983900116215 0.0254912216844146 0.823127349055177
1591949554.73659 42.358925823364 -3.08652965819678 28.3930657896691 0.0182351206282684 0.564707170298454 0.0251259993478397 0.824707206435083
1591949554.76959 42.3855963965246 -3.08799706892702 28.4038509133685 0.0180897565356863 0.562379475690762 0.0247993215817195 0.826309312351827
1591949554.80259 42.4127026997702 -3.08960148586798 28.4150306263667 0.0180111751140021 0.560050432884646 0.0246687071545427 0.827895262146159
1591949554.83559 42.4391338334417 -3.09109565139141 28.4261017880741 0.0177326319083962 0.557712173868476 0.0241977939831482 0.829492104634426
1591949554.86859 42.4655932868919 -3.09256145032737 28.4372772506928 0.0179370171895731 0.555411868309871 0.0236195711670938 0.831046349978605
1591949554.90159 42.4913755125736 -3.09399658774789 28.4484916856548 0.0181896223093537 0.553292733940573 0.0227082313906764 0.832478602989841
1591949554.93459 42.5176653045523 -3.09546521461586 28.4600675001678 0.0180048808225927 0.550979814836818 0.0221072133060483 0.834031377724358
1591949554.96759 42.5439877471371 -3.09695000747442 28.4717310216328 0.0179738197954488 0.548698323563561 0.0215513885285301 0.835549297871162
1591949555.00059 42.5701801572105 -3.09845797601032 28.4835423120081 0.0179281075803247 0.546425817971307 0.0211010814135413 0.837049671630158
1591949555.03359 42.5962124738945 -3.10000633421729 28.4954322899839 0.0177585393716377 0.544163649715227 0.0209062115593779 0.838530552172206
1591949555.06659 42.6224172774682 -3.10152065247939 28.5075595423232 0.0174979529027649 0.541981417228101 0.0207557749208573 0.839951881259318
1591949555.09959 42.6485172011938 -3.10307507158875 28.5198500030978 0.0170873051420822 0.539786973741592 0.0209980296624683 0.841366228067284
1591949555.1326 42.6745789477207 -3.10464381549012 28.5322903762771 0.0162289961474682 0.537644116565067 0.0210092638823423 0.842753839764695
1591949555.16559 42.7006885472797 -3.1061899660031 28.5447977408773 0.0156243743252594 0.535457619735619 0.0209587254982231 0.844157419098772
1591949555.1986 42.726608366721 -3.10774199205632 28.5575428135237 0.0150951535391472 0.53334982921363 0.0206911699116216 0.845506931671828
1591949555.2316 42.7526272823766 -3.10928243747066 28.5705859667062 0.0143908640978895 0.531156896478437 0.0203579226412258 0.846906611935251
1591949555.2646 42.7783747802926 -3.11082324289479 28.5835120319717 0.014111460830439 0.529003703011766 0.0202155335363932 0.848261328292708
1591949555.2976 42.803740671917 -3.11229501072156 28.5960854575133 0.0141189101447267 0.526901773537688 0.0201934956626005 0.849568949616268
1591949555.3306 42.8292556439168 -3.11375560324525 28.6091204587167 0.0145999560926727 0.524670976420601 0.0198930268478225 0.850947398648575
1591949555.3636 42.8546317719779 -3.11526557721184 28.6222747181277 0.014961128188607 0.522451650324965 0.0195604272938816 0.852313221415769
1591949555.3966 42.8800436728718 -3.1167223810661 28.6356114835584 0.015356370831654 0.52021213754211 0.019102142547152 0.853685317888775
1591949555.4296 42.9052350502326 -3.11823798510456 28.6490788898808 0.0157462649795332 0.517966736025538 0.0184203015773884 0.855057429650221
1591949555.4626 42.930456953161 -3.1197056859949 28.6627391906394 0.0159847431108715 0.51579997037486 0.0177647145703732 0.856375673092835
1591949555.4956 42.9556034691921 -3.12129760768854 28.6765631457288 0.0159662541374676 0.51366601662701 0.0172689216975298 0.857667818234287
1591949555.5286 42.9807566791413 -3.12285560039838 28.690538202922 0.0159255149731229 0.511542524466297 0.016919614026944 0.858943741054482
1591949555.5616 43.0057814473243 -3.12450045114156 28.7045403549918 0.0157083726830523 0.509398450828994 0.0166958379362097 0.860225385766009
1591949555.5946 43.0307143808545 -3.12613095073382 28.718735182702 0.0153648776106002 0.507251931235689 0.0165809167196353 0.861501289606935
1591949555.6276 43.0555861410145 -3.12779803854647 28.7328849973336 0.0148898041427791 0.505149415216163 0.0164141512736137 0.862747319716106
1591949555.6606 43.0805013005087 -3.12942751915907 28.7473934345429 0.0144984359551516 0.503020576020294 0.0163063347981677 0.863998957696429
1591949555.6936 43.1052863618876 -3.13108150036401 28.7619912389514 0.0141887863104932 0.50088706416729 0.0161224508935249 0.865246146405804
1591949555.7266 43.1301603841325 -3.13283069051606 28.7765582532644 0.0138334231699087 0.498643833079511 0.0160261712941192 0.866548397937949
1591949555.7596 43.1548749588178 -3.13441784658453 28.7913549194106 0.0135792442165093 0.496428621008181 0.0160070878485889 0.867823715687139
1591949555.7926 43.1794529139537 -3.13607300486284 28.8062880995923 0.0135370823497002 0.494220359710871 0.0159043890240763 0.869085745975899
1591949555.8256 43.2036741512123 -3.13770737186204 28.821136387265 0.0134053870525603 0.49207397523722 0.015888664315146 0.870305146967713
1591949555.8586 43.2280681826073 -3.13930962290783 28.8362666984768 0.0135309463248146 0.489830820704897 0.0157870099924281 0.871569533023396
1591949555.8916 43.2525948271632 -3.14092183704176 28.8515680570823 0.0135579481677707 0.48755576665805 0.015620826267836 0.872846805703424
1591949555.9246 43.2774818583204 -3.14259639507938 28.8673918795257 0.0134707336054293 0.485274666091426 0.0156846705809334 0.874117285548544
1591949555.9576 43.3017025818662 -3.14421019501379 28.8828255946593 0.0135413235739909 0.483013891452434 0.0158186560438874 0.875365057185176
1591949555.9906 43.32588839712 -3.14581955760879 28.8984088373827 0.0138380429370987 0.48078677921039 0.015772964241419 0.876586444740739
1591949556.0236 43.3498481245775 -3.14732736853973 28.9138191956299 0.0140429476125266 0.478583192682792 0.0156221982535971 0.877790903476234
1591949556.0566 43.3740402929408 -3.14890213490298 28.9297554271168 0.0140206275764092 0.47636502328892 0.0156540461009841 0.878996437666262
1591949556.0896 43.3978191348883 -3.15054220798721 28.9457359186056 0.0141962488932561 0.474157648799813 0.0153776515388293 0.880191182888777
1591949556.1226 43.422022131242 -3.15226901508122 28.9619058041776 0.0142392140212919 0.471934334716085 0.0148995969313463 0.88139277879469
1591949556.1556 43.4457693071181 -3.15393469253786 28.9782589247147 0.014564083915679 0.469726807171059 0.0143841729654696 0.882574478246839
1591949556.1886 43.4694123044278 -3.15562950277044 28.9946106832321 0.0146349473788517 0.467503800240027 0.0139719569525082 0.883759469253523
1591949556.2216 43.4932345897318 -3.15735789182402 29.0113108189451 0.0148149290043378 0.465190832144838 0.0133838140566017 0.884985243429679
1591949556.2546 43.5167570503093 -3.15907132704275 29.0280363303669 0.0147394426211518 0.462955264938082 0.0131223760553869 0.88616193483132
1591949556.2876 43.5403044719142 -3.16079026689086 29.0447598259132 0.0147096110106124 0.460710934545423 0.0129289030082685 0.887334156674475
1591949556.3206 43.5632899713101 -3.16267759414275 29.0614317023516 0.0145360736840048 0.458433243123635 0.0127687010682846 0.888518218402993
1591949556.3536 43.5865491650084 -3.16445879392145 29.078530917128 0.0143655549055965 0.456200339156343 0.0125475102224035 0.889672659674957
1591949556.3866 43.609854349738 -3.16624782540725 29.0957757168515 0.0139563601685267 0.453959105669101 0.0125432464627701 0.890824908362542
1591949556.4196 43.6328233940166 -3.1681050984669 29.1128327334436 0.0136653879819921 0.451647260318477 0.0124078036491555 0.892005636656361
1591949556.4526 43.6558287341771 -3.16991547330396 29.1302955599283 0.0135294955163053 0.449448835714377 0.0122078676259051 0.893120184966219
1591949556.4856 43.6788252726284 -3.17170450581956 29.1478336747103 0.0138694797169816 0.447157659936796 0.0119288100694105 0.894268062821522
1591949556.5186 43.7017931950717 -3.17349032549105 29.1653636079955 0.0139255289720338 0.44485411455218 0.011847724556676 0.895416399130412
1591949556.5516 43.7245885026751 -3.17529085202752 29.183099849045 0.014181387053587 0.44257998041829 0.011813245329172 0.896539065757302
1591949556.5846 43.747211814757 -3.17708888167739 29.2009959959759 0.014275596237458 0.440326142020806 0.0114498184389502 0.897651378689329
1591949556.6176 43.7699405471273 -3.17882329955457 29.2189392306315 0.0146302182014044 0.438099027163633 0.0109523736175541 0.89874092186002
1591949556.6506 43.792424393716 -3.18061433248204 29.2370673817877 0.0148648151166979 0.435851474175485 0.0106328453770669 0.89983302469391
1591949556.6836 43.8148926525293 -3.18246375435105 29.2553153757211 0.0145692473051223 0.433499456989614 0.0105302281774791 0.90097451246814
1591949556.7166 43.837305652722 -3.18432589212207 29.2736788168739 0.0144571612659627 0.431211757408213 0.0106365218425191 0.902072211723731
1591949556.7496 43.8596091296278 -3.18620927601495 29.2920928745954 0.0143935492869569 0.428974575839713 0.0107933382706609 0.903137388701762
1591949556.7826 43.8818971841929 -3.1881028220635 29.3106997973553 0.0143071140456937 0.426655721886136 0.0109603557918563 0.90423452271544
1591949556.8156 43.9040587718106 -3.18991599263516 29.3293989402656 0.0141976924713361 0.424375344741575 0.0108604574105822 0.905309915315629
1591949556.8486 43.9261766145374 -3.19178022313838 29.3481914369814 0.0139033535723647 0.422039283216104 0.0109005037043316 0.906405383479639
1591949556.8816 43.9482282130541 -3.19361267154865 29.3671585038349 0.013567979057056 0.419748128461895 0.0110111054611091 0.907472409582555
1591949556.9146 43.9701763814436 -3.19545792617537 29.3862056161849 0.013579710176283 0.417447975192695 0.0111709958153379 0.908530675503883
1591949556.9476 43.9919931132854 -3.19730951604419 29.4053359253614 0.0137531019945799 0.415161380201971 0.0111876777686741 0.909575019688022
1591949556.9806 44.0137640165805 -3.19914968545345 29.4246081855457 0.0139679478377509 0.412864784467581 0.0112641122935934 0.910615553323123
1591949557.0136 44.0353590186967 -3.2008638353289 29.44380047504 0.0140394610932631 0.410575811314115 0.0114450579575597 0.911646536407787
1591949557.0466 44.0569875957775 -3.20265367163975 29.4632595765258 0.0141890335350191 0.40824859083975 0.0116855817431874 0.912685710737285
1591949557.0796 44.0783544677841 -3.20456654225763 29.4827129804055 0.0144548689567525 0.405862821148933 0.0119782225581754 0.913741182916048
1591949557.1126 44.0997440815699 -3.20638438074793 29.502372328801 0.0148460851297604 0.403553743519369 0.0122889166691059 0.914752946087042
1591949557.1456 44.1210840960983 -3.20827476477496 29.5221354029249 0.0150816413848517 0.401303208782606 0.0123808443285687 0.915737404176347
1591949557.1786 44.1422652123273 -3.21009458325665 29.5420140119221 0.0153183017401767 0.399056138053573 0.0123944005316731 0.916714746880962
1591949557.2116 44.163384844106 -3.21206794866774 29.5620512672978 0.0153807936983897 0.396913620480337 0.0123794014942804 0.917643590660907
1591949557.2446 44.1843703990939 -3.21395726686952 29.5821308716433 0.0154987545652423 0.394782375601974 0.0121848665140385 0.91856311353604
1591949557.2776 44.2052738746296 -3.2158771842102 29.6023403383354 0.0157445186623488 0.392724229361399 0.0119905761003302 0.91944331847557
1591949557.3106 44.2260611614813 -3.21777853193509 29.622709136305 0.0158157103275521 0.390717687867933 0.0116830750973741 0.920300525616627
1591949557.3436 44.2465245445833 -3.21983797974422 29.6431366187 0.0158932155901586 0.388767298226007 0.0112491031109032 0.921130203178387
1591949557.3766 44.26708791092 -3.22177283556287 29.6636733055811 0.0157622646732292 0.386827312328868 0.0109934763026451 0.921951910311801
1591949557.4096 44.2878160372643 -3.22368432571088 29.6842360291395 0.0156417190293599 0.384951137813088 0.0108416583174667 0.922740709282485
1591949557.4426 44.3082658340288 -3.22564310664686 29.7050196938339 0.0156948302341153 0.383020806930618 0.0106210987127644 0.923545302637761
1591949557.4756 44.32858448515 -3.22764450719448 29.7258504462936 0.0157381209714819 0.381142135726785 0.0102948264233536 0.924325159492494
1591949557.5086 44.3488294148087 -3.22963656555006 29.7468310256703 0.0154909811262935 0.379241565684722 0.00997619039729614 0.925114230776882
1591949557.5416 44.3690564042725 -3.2316279596375 29.7678455482963 0.0152150497240778 0.377312609791002 0.00958346291849336 0.925911364004723
1591949557.5746 44.3891217142265 -3.23361724718968 29.7890014596734 0.0150529857457227 0.3754595417442 0.00924716326885593 0.926670399929151
1591949557.6076 44.4092193689623 -3.23558679178331 29.8101846897425 0.0150013516446349 0.373602090000019 0.00893607833070429 0.927424705461592
1591949557.6406 44.4291779768292 -3.23756598922728 29.83153043224 0.0148898154043456 0.371798563658088 0.00868209543912235 0.928153404711631
1591949557.6736 44.4490867721005 -3.23955860355478 29.8528617146365 0.0147116647693372 0.369985382285157 0.00827661890425991 0.928884213125907
1591949557.7066 44.4688964999069 -3.24152034518192 29.8743798721677 0.0146100238137187 0.368266909321733 0.00785642954935066 0.92957210974594
1591949557.7396 44.4887860089393 -3.24351381792838 29.8958655146999 0.0142012967518536 0.366513627980878 0.00776453000820359 0.930271893452991
1591949557.7726 44.5084348354306 -3.24547226366422 29.9174105173807 0.014554074425217 0.364847102481435 0.00752674057220446 0.930923261555369
1591949557.8056 44.5281063507766 -3.24749628898231 29.9390235726659 0.0145784745934018 0.363199820001198 0.00756693028295674 0.931566476637991
1591949557.8386 44.5477079031084 -3.24948326154428 29.9607475257243 0.0146128260526865 0.361613074272911 0.00762233567558582 0.932182573227207
1591949557.8716 44.5665783986403 -3.25150714257629 29.9819085664182 0.0145492242498665 0.360071978291684 0.0076223206000127 0.932779926215992
1591949557.9046 44.5859911515266 -3.25349819247167 30.0037651469562 0.0146001125385738 0.358604166060492 0.00751674642731765 0.933345266940947
1591949557.9376 44.6059643448601 -3.25547501796408 30.026138635339 0.0145601247931193 0.357169742070881 0.0075578317233248 0.933895420962471
1591949557.9706 44.6253161200214 -3.25747556529474 30.048110835691 0.0148132511213759 0.355729569260161 0.00751937357996602 0.934441277002552
1591949558.0036 44.6446439196676 -3.25950201799338 30.070130679046 0.0145845705166326 0.354315232626044 0.00774596993591562 0.934980217000205
1591949558.0366 44.6638634174068 -3.2614863507202 30.092204348599 0.0146078532562175 0.352928737448456 0.00778729726128385 0.935503754619749
1591949558.0696 44.6829344326541 -3.26356692211431 30.1142586313812 0.0146659030155269 0.351571115787957 0.00771174743482539 0.936014524878675
1591949558.1026 44.7020200064726 -3.26558499443611 30.1364204969386 0.0146923930245366 0.350188389517243 0.00768212496349377 0.936532546359483
1591949558.1356 44.7211897621794 -3.26761779097736 30.1587140407451 0.0148285310251333 0.348900721484063 0.00771350239945086 0.937010620588833
1591949558.1686 44.7401734931881 -3.26965289305857 30.1810377041551 0.014992871435818 0.347616251897257 0.0077368739904455 0.937485091083516
1591949558.2016 44.758333345901 -3.2719562317698 30.2026381293676 0.0152326892156484 0.34629465487003 0.00778559243171083 0.937969808543001
1591949558.2346 44.7771446200731 -3.27397044424278 30.2250257517137 0.0152987231554738 0.345063123888222 0.00773204788211115 0.938422935055331
1591949558.2676 44.7967912184368 -3.27579156146226 30.2483204278281 0.0152716053273197 0.343932921106988 0.00765885626458453 0.938838785825479
1591949558.3006 44.8155379876066 -3.27781481661779 30.2709081990524 0.0152524137698605 0.342737714357521 0.00745843627864015 0.939277698425473
1591949558.3336 44.8342884479926 -3.27991866802972 30.2935457237154 0.0154070065582173 0.341497509108309 0.00725009244686125 0.939728424376558
1591949558.3666 44.8528910949102 -3.28198020821509 30.316244150758 0.0151661510716568 0.340263940332672 0.00706739888834259 0.940181094600348
1591949558.3996 44.871514220243 -3.28405310176558 30.339064857636 0.0148414808811238 0.339039566741672 0.00681417348637494 0.940630357615877
1591949558.4326 44.8899993976285 -3.28614209147027 30.3618940529284 0.014687015810591 0.33782684138137 0.00659607261039555 0.941070565172976
1591949558.4656 44.9085375517659 -3.28824201145322 30.3848048295723 0.0146498333724571 0.336572950194615 0.00640697355919537 0.941521631333696
1591949558.4986 44.9269724683699 -3.29029974743592 30.4077225563871 0.0147298367218909 0.335369168608678 0.00632544413460661 0.941950392225286
1591949558.5316 44.9453511596707 -3.29239619486532 30.4307588642796 0.0146385762623877 0.334144300532064 0.0062551272296489 0.942387485003005
1591949558.5646 44.9637415623448 -3.29447206181731 30.4537886509711 0.0145679121125005 0.332961480718802 0.00619214798993073 0.942807554911126
1591949558.5976 44.9820182301257 -3.29655320796085 30.4768404738999 0.0145538148051994 0.331820237256174 0.00606584260034632 0.943210857748902
1591949558.6306 45.000202390226 -3.29862694708685 30.4999802234504 0.014614259222985 0.330678646057408 0.00587462584377368 0.943611967516414
1591949558.6636 45.0183912144764 -3.30072248563123 30.5231363631778 0.0147439790752492 0.329544712012754 0.0057666250074836 0.944007226615073
1591949558.6966 45.0365592437301 -3.30280365855578 30.5464660916421 0.0145630943074402 0.328443514981354 0.00564913245971055 0.944394441456184
1591949558.7296 45.0535987925709 -3.3051495065388 30.5687566959989 0.0142237977749531 0.327388492580392 0.00548508385819573 0.944766834916354
1591949558.7626 45.0716029111834 -3.30720632720773 30.5921867502564 0.0137491415648278 0.326321952115779 0.00517615665738749 0.945144513857979
1591949558.7956 45.0907253893514 -3.30895185722165 30.6167917416443 0.0134268435636342 0.325246064868867 0.00486935883065071 0.945521552638444
1591949558.8286 45.1086491169111 -3.31101657093827 30.6403321999783 0.0131388950595359 0.324206743564094 0.0045962327741615 0.945883836159846
1591949558.8616 45.1264483329446 -3.31305486356703 30.6638268071662 0.012681681538216 0.323187159815402 0.00433219594537834 0.946240173931602
1591949558.8946 45.1443028540658 -3.31511182047197 30.6874279506244 0.0122752344848512 0.322148924480133 0.00411478464632739 0.946600474129371
1591949558.9276 45.1619846576078 -3.31717507189164 30.7109257878501 0.0120775484372694 0.321139606825888 0.00365053829829306 0.946947812353771
1591949558.9606 45.1795501115192 -3.31921128299705 30.7345168420764 0.0121721783000243 0.320160216877372 0.00295291442694466 0.947280609904401
1591949558.9936 45.1971496644677 -3.32125303799951 30.7581388356075 0.0123722181640466 0.31920805426454 0.00216945174644493 0.947601413986634
1591949559.0266 45.2145619776056 -3.32329592614037 30.7817920777393 0.0124618446728794 0.318306263342606 0.00149857370091648 0.947904836690414
1591949559.0596 45.2319576435747 -3.32538127502078 30.8053764029547 0.0127631800195557 0.317411807694259 0.000810980065424749 0.948201554461595
1591949559.0926 45.2493281254338 -3.32742898853143 30.8290490645161 0.013021664671493 0.316591146419513 0.000246168113543855 0.948472678393649
1591949559.1256 45.2666584486182 -3.3295565519958 30.8526785813451 0.0132779125176815 0.315778856083148 -0.000213862758339159 0.948739882872388
1591949559.1586 45.2838801303408 -3.33165444091562 30.8763777684159 0.0133293206706439 0.315028117621317 -0.000769582966288808 0.948988420403793
1591949559.1916 45.3010475054419 -3.33384308420342 30.8999441833315 0.0130810212490527 0.314248244298889 -0.00123445284262734 0.949249916494243
1591949559.2246 45.3182665323589 -3.33602878061491 30.9237010186807 0.0128318826641871 0.313549724688798 -0.00159363209643208 0.94948374039349
1591949559.2576 45.3355321981115 -3.33819043037105 30.9476205041923 0.012592246523473 0.312890909827075 -0.00184951209121511 0.949703792337433
1591949559.2906 45.3527131361919 -3.34038571304889 30.9713267557582 0.0123239173978846 0.312186057575376 -0.00188823937323449 0.949939167035228
1591949559.3236 45.3698707022335 -3.34256589038119 30.9951274045152 0.0120596222325679 0.311520752258553 -0.00185670047816482 0.950161006928409
1591949559.3566 45.3869877743742 -3.34473680160487 31.0188631672396 0.0118058666336819 0.310801940984816 -0.00191456091261621 0.950399447311293
1591949559.3896 45.4038231953818 -3.34699379884705 31.0424311192582 0.0115945362756535 0.310117236325309 -0.00196292955106339 0.950625590529774
1591949559.42261 45.4207942049867 -3.34915633920681 31.0661448187742 0.0115406190400928 0.309432629015202 -0.00204415128513457 0.950849138222481
1591949559.45561 45.4378671132764 -3.35123215633921 31.0899505587782 0.0113691293196032 0.30878246770755 -0.00195253923038361 0.951062730909746
1591949559.48861 45.4547211076255 -3.35337892288691 31.1136443706333 0.0111223788158466 0.308155565648584 -0.00173433669443164 0.951269379369224
1591949559.52161 45.4714786590341 -3.35549189660669 31.1371598488515 0.0109624027548287 0.307513187635869 -0.00161363032866787 0.951479301589389
1591949559.55461 45.4882250920807 -3.35762010684948 31.1607711152213 0.0107022473108589 0.306928543161232 -0.00149348948299894 0.951671214645366
1591949559.58761 45.5048878493893 -3.35968605865407 31.1841948708101 0.0104119305709053 0.306405003354394 -0.00134194735946767 0.951843350976654
1591949559.62061 45.5215139389999 -3.36176196490013 31.2076582236759 0.0100960115016739 0.305946102435821 -0.00130919199184594 0.951994400704341
1591949559.65361 45.5364830432115 -3.36402279922806 31.2292897463613 0.00969605458909083 0.305551092473799 -0.00111441894600806 0.952125661078351
1591949559.68661 45.5528741561858 -3.36613057056339 31.2525735064304 0.00950929886813664 0.305231050767723 -0.000899767576281021 0.952230418176492
1591949559.71961 45.5692416661136 -3.36820535955742 31.2757879911288 0.00952089379449504 0.304912736077197 -0.000703294314300059 0.952332442656649
1591949559.75261 45.5870740440603 -3.3700939829736 31.300886902452 0.00940859016665918 0.304666320901565 -0.000509819965615372 0.952412542663621
1591949559.78561 45.6032826188436 -3.37215902585351 31.3239381025361 0.00934144372468331 0.304411113490845 -0.000287333990694398 0.952494897021281
1591949559.81861 45.6195061304305 -3.37417767005464 31.3469539986846 0.00949797480692838 0.304178537482284 -0.000139442266030657 0.952567680726971
1591949559.85161 45.6356288017209 -3.37620371708561 31.3699322577378 0.00949617041144345 0.303951733504994 9.22916588764286e-05 0.952640098845873
1591949559.88461 45.6516590332966 -3.37828772855029 31.392635355251 0.009624276775044 0.30370837724479 0.000380718523977502 0.952716353350408
1591949559.91761 45.6676734940681 -3.38034392505374 31.4153930316812 0.00954779462770745 0.30347454523108 0.000816054324145803 0.952791359149461
1591949559.95061 45.683518688023 -3.38238588182226 31.4379589007538 0.0093795597237104 0.303265580439467 0.0012334431093792 0.952859113509546
1591949559.98361 45.6994065026016 -3.38440669305606 31.4605801051626 0.00918100848094346 0.303059093706487 0.00164166202852044 0.952926125022743
1591949560.01661 45.7151256505085 -3.38643610396163 31.4829666100984 0.00891652391920101 0.302865279884597 0.00196845554759602 0.952989634269114
1591949560.04961 45.7308342132075 -3.38840937426162 31.5054768944085 0.00863115682133861 0.302675423742208 0.00223088169699939 0.953051999715259
1591949560.08261 45.7456257693673 -3.39047467418481 31.5270864618237 0.00824032789230669 0.302465895104052 0.00244729209958342 0.953121445596788
1591949560.11561 45.7611448435405 -3.39239491134105 31.5493845598951 0.0079114086787718 0.302289075900614 0.00271171253897793 0.953179610996257
1591949560.14861 45.7766267545104 -3.39431900821051 31.5716118139417 0.00767456932930619 0.302113586099483 0.00292619413419426 0.953236549586517
1591949560.18161 45.7930037519405 -3.39605067499783 31.5945455783618 0.00754550835433606 0.302004455782166 0.00309590850159047 0.953271624114524
1591949560.21461 45.8082992697892 -3.39788675366599 31.6165947643593 0.00741393132283581 0.301837300275672 0.00322081440180811 0.953325182788761
1591949560.24761 45.8235069786666 -3.39967447314103 31.6386034785811 0.00720075385245001 0.301692686119885 0.00312630186237742 0.953372906329098
1591949560.28061 45.8386757718025 -3.40144177562217 31.6605190949052 0.00699089625898084 0.301556368918964 0.0028983203666403 0.953418315050093
1591949560.31361 45.8537725440562 -3.40320502751252 31.6823653320818 0.00696571290805764 0.301402532428857 0.00265567756295976 0.953467849308951
1591949560.34661 45.8687561420448 -3.4049603458467 31.704110143598 0.00704266023560493 0.301279110443983 0.00240433495486281 0.953506957352862
1591949560.37961 45.8837323705998 -3.40675169699722 31.7259212436106 0.00710905079857993 0.301156304749646 0.0021407827198338 0.953545886969069
1591949560.41261 45.8986004909942 -3.40851702790389 31.7475300281 0.00733641507220132 0.301018605863176 0.00197802818691966 0.953587994546161
1591949560.44561 45.9133486858776 -3.41029843685681 31.7689691670688 0.00761665914280641 0.300863793001567 0.0017744572419358 0.953635053815509
1591949560.47861 45.9281706753138 -3.41215868511232 31.7904439421107 0.00795789747862901 0.300690962440724 0.00159710212827547 0.953687090317879
1591949560.51161 45.9427928251797 -3.41396408806428 31.8116975619018 0.00829047301634503 0.300506602310743 0.00128522444296597 0.953742836525103
1591949560.54461 45.9574384456478 -3.41577303372292 31.8330847823287 0.00856545064967862 0.300307507261058 0.00102983654662745 0.953803425017181
1591949560.57761 45.9719222389884 -3.41761191977689 31.8542732551234 0.00872084679957918 0.300116629482454 0.000824016870697995 0.953862294325228
1591949560.61061 45.9863821735732 -3.41950105724531 31.8753292086185 0.00888039719763054 0.299908010039663 0.000699993486660899 0.953926534943221
1591949560.64361 46.0008723572893 -3.42136130288442 31.8963145111827 0.00882577982016908 0.299652202287978 0.000757533191872043 0.954007384362403
1591949560.67661 46.015199573084 -3.42324592661968 31.9172624380611 0.00882980623680961 0.29945457773199 0.000935113800653011 0.954069240652562
1591949560.70961 46.0295730740708 -3.42508332293989 31.9380925466918 0.0086694986018248 0.299184164499496 0.00109848798679471 0.954155369335034
1591949560.74261 46.0438080274111 -3.42695302363329 31.9588953238209 0.00850260961478626 0.298920521923107 0.00125449191533012 0.95423930617691
1591949560.77561 46.0579650778028 -3.42872646302259 31.9795361392417 0.00830030778637668 0.298582642438221 0.00130064618116588 0.954346802187115
1591949560.80861 46.0720391038594 -3.43053590978633 32.0002007228808 0.00807928834839011 0.298297078455712 0.00135900532923844 0.954437913742474
1591949560.84161 46.0860826609342 -3.43231355006767 32.0208297009663 0.00785294583956078 0.297981870465456 0.0013840463166907 0.954538223714138
1591949560.87461 46.0999282256113 -3.43410479941019 32.0410065075306 0.00773770636400783 0.297608177579956 0.00136107524069929 0.95465577461824
1591949560.90761 46.1137553116272 -3.43582861287075 32.0613751583229 0.0078555125111221 0.29722201812604 0.00140393420537243 0.954775047764142
1591949560.94061 46.1274886380665 -3.43756836870344 32.0815976193361 0.0082287321449116 0.296763162319073 0.00140287100011538 0.954914627289072
1591949560.97361 46.141106894334 -3.43934778910708 32.1016365450872 0.0085744571796662 0.296294264012936 0.00119633384377857 0.955057462450528
1591949561.00661 46.1546374430931 -3.44104094463521 32.1217047023193 0.00875056797716207 0.295793419828343 0.000992094342961125 0.955211335828436
1591949561.03961 46.1680169557583 -3.44271259446295 32.1416531733891 0.00905305140548898 0.295315120139212 0.000738754048626301 0.95535672725944
1591949561.07261 46.1811378681547 -3.4444748138497 32.1613747650052 0.00940409878154881 0.294869147502415 0.000313199671447514 0.955491313766521
1591949561.10561 46.1943168394448 -3.44618133003494 32.1811487224328 0.00974598627582572 0.294367064389449 -4.02969121139713e-05 0.955642739485007
1591949561.13861 46.2074165089414 -3.44791190011822 32.200878009433 0.00980687677463794 0.293918122316202 -0.000225267265190816 0.955780263343361
1591949561.17161 46.2203506742219 -3.44945391396613 32.2203700778255 0.00982447459113995 0.293381483055795 -0.000284866447156974 0.955944927257893
1591949561.20461 46.2333415707702 -3.45121059110323 32.2399425838118 0.00972087181194829 0.29289528890481 -0.000192167610638242 0.956095088084963
1591949561.23761 46.2462576552429 -3.45298502122469 32.2594185333685 0.00951198326057338 0.292393975839598 -5.36668113677838e-05 0.956250637744643
1591949561.27061 46.2592328341469 -3.45494534738086 32.2790153344341 0.00926039576247202 0.291930257456178 0.000166514669903107 0.956394762702493
1591949561.30361 46.2719833045032 -3.45671061297914 32.2983181924353 0.00889625494861276 0.29135242383915 0.000404898167873772 0.956574334711326
1591949561.33661 46.2846592581934 -3.45844027157891 32.317605606798 0.008762626514037 0.290758166101303 0.000574777612917453 0.956756277665675
1591949561.36961 46.2971703470588 -3.46023150444771 32.336473845359 0.0086543286527154 0.290045293535748 0.000882283261516157 0.956973380961863
1591949561.40261 46.3095679672839 -3.46194454025589 32.3554235935204 0.00870124803128645 0.289284197190812 0.00113609409517961 0.957203035321437
1591949561.43561 46.3218939558402 -3.46365903714282 32.3743095420986 0.00886304208080999 0.288481812029823 0.00138303422984778 0.957443354893324
1591949561.46861 46.3339984705672 -3.46535695485923 32.3928580065733 0.00907222086958787 0.287580134499092 0.00164959419813207 0.957712190529576
1591949561.50161 46.3460365251092 -3.4669876330302 32.4115222014303 0.00927427251482422 0.2866962971743 0.00170564656714465 0.957975110232857
1591949561.53461 46.3579650799232 -3.46863372004726 32.4300933052383 0.00945992635968101 0.285768248905622 0.00158674617535211 0.95825075003741
1591949561.56761 46.3698309311173 -3.47023826822589 32.4486240538328 0.00974246581406847 0.284833419535168 0.0012420542173584 0.958526715734666
1591949561.60061 46.381489170849 -3.47182950200817 32.467078812638 0.00985729321008353 0.283963485438906 0.000974834533526124 0.958783928946241
1591949561.63361 46.3930696487901 -3.47346294103116 32.4854198428355 0.00979277094030116 0.283104850358694 0.00090979604345694 0.95903853812652
1591949561.66661 46.4046446716957 -3.47508215476604 32.5037731233412 0.00962620043512996 0.282284417035664 0.000875846024085525 0.959282063346209
1591949561.69961 46.4160261458935 -3.47668966758279 32.5219307484034 0.00947129397992349 0.281440761960571 0.000835503415311374 0.95953149715444
1591949561.73261 46.4273396203002 -3.47833283637943 32.5400326517605 0.00928925950936195 0.280593505901695 0.00086508967402439 0.959781353081742
1591949561.76561 46.4386175917864 -3.47994948055206 32.5580664456194 0.00908862722773082 0.279690367109404 0.000905007863821811 0.960046809464043
1591949561.79861 46.4496606871981 -3.48159149371103 32.5759500554475 0.00881953145107825 0.278716843971109 0.000973438015481293 0.960332332669372
1591949561.83161 46.4606557447804 -3.48320884064744 32.5938008286215 0.00854672630351316 0.277688485408313 0.000960460833794822 0.960632674884691
1591949561.86461 46.4715882678235 -3.48446322444372 32.6113059740749 0.00838350099332894 0.276586566336085 0.00078236701504295 0.960952119585239
1591949561.89761 46.482274917299 -3.48602089336272 32.6289130413539 0.00840438137764859 0.275467745313728 0.000839727474436739 0.961273209094688
1591949561.93061 46.4928516406821 -3.48757318961425 32.6464103107911 0.00841241697533607 0.2743139642734 0.000870387965629881 0.96160299639198
1591949561.96361 46.503202657967 -3.48939043626508 32.6640468363205 0.00838021534141587 0.273187199883767 0.000847604753353808 0.961924013307018
1591949561.99661 46.5134758077302 -3.49087494482012 32.6813156332186 0.00842989738908076 0.272058552723908 0.000577967488396231 0.962243600484495
1591949562.02961 46.523710095308 -3.49234790730297 32.6985434557213 0.00837781066004654 0.270882159385822 0.000352292580351764 0.962575993833711
1591949562.06261 46.5338800289154 -3.49381320851995 32.7157654024039 0.0084019276525188 0.26979661465187 6.35563267183549e-05 0.962880672926145
1591949562.09561 46.5438515491482 -3.49527421294304 32.732792788206 0.00842499484247505 0.268735023135271 -0.000190062077492867 0.963177278946507
1591949562.12861 46.5536856630151 -3.49673356620436 32.7497002057927 0.00840586218667363 0.2677210419186 -0.00053133688521392 0.963459652957005
1591949562.16161 46.5634539213553 -3.49816378131703 32.7665207370191 0.00848002172892036 0.266691972232371 -0.000717299718830954 0.963744243385868
1591949562.19461 46.5730811473843 -3.49965129340097 32.7831109811814 0.00868253528745268 0.265689862960476 -0.000732083975208672 0.96401917737879
1591949562.22761 46.5826691522556 -3.50112530049258 32.7996469730361 0.00892274948661766 0.26465071229776 -0.000550772284866687 0.964302899338054
1591949562.26061 46.5922183121469 -3.50259348346185 32.8160758858247 0.00912629904794513 0.263619307625008 -0.000299580164485571 0.964583579356773
1591949562.29361 46.6015324481993 -3.50403453151388 32.8323179735697 0.00929256073751117 0.262661309026171 -0.000110506869378116 0.964843341089024
1591949562.32661 46.6108191224443 -3.50547886151809 32.8485113849097 0.0094116357356734 0.261643559814719 0.0001415912773022 0.96511867077172
1591949562.35961 46.6200737343539 -3.50688606092194 32.8645964833307 0.00966405156876524 0.260613538311375 0.000412196002676761 0.96539474819918
1591949562.39261 46.6290123532235 -3.50826717074179 32.8803584510903 0.00990498761857149 0.259646133229569 0.000688004596160829 0.965652786134273
1591949562.42561 46.638020022566 -3.50965331021014 32.8962534780473 0.01001915129107 0.258647227578776 0.00102122113339294 0.965919347244177
1591949562.45861 46.6468577664099 -3.51103245838204 32.9120303020107 0.0101222343898623 0.257701183679609 0.00120482634578131 0.96617089000578
1591949562.49161 46.6555661085826 -3.5123579557431 32.9275935232322 0.0100907933029797 0.256701094639159 0.00124611366373982 0.966437360154455
1591949562.52461 46.6642321494613 -3.51371833802054 32.9432082259593 0.00990857541312148 0.255760057594163 0.00142874104454052 0.966688456417961
1591949562.55761 46.6728629787194 -3.51507476061719 32.9587401578469 0.00949080873455891 0.254799156699488 0.00177923653006248 0.966945783698426
1591949562.59061 46.6813800881348 -3.51642715196746 32.9742131844921 0.00908365215945045 0.253819057738776 0.00221519133784887 0.967206527128194
1591949562.62361 46.689843553228 -3.51777952703656 32.9894922520795 0.00859666749151955 0.252787052128909 0.00257860156091928 0.967480312150075
1591949562.65661 46.6981213845873 -3.51904829030543 33.0047092537338 0.00812975712780901 0.251805025970751 0.00290417045677977 0.967739480303904
1591949562.68961 46.7063103722334 -3.52030943647521 33.0198588713397 0.00766236572862283 0.250822976773877 0.00314572331397665 0.967997534551904
1591949562.72261 46.7144331175891 -3.52152065547651 33.0349405181082 0.00725375131975398 0.249853241002315 0.00331124542727478 0.968250885208039
1591949562.75561 46.722582284425 -3.52283704979804 33.0498182221505 0.00677491073141906 0.248867184317588 0.00357158588287135 0.968507340668463
1591949562.78861 46.7304602329002 -3.52401542865401 33.064629374449 0.00656459929116266 0.247941446294338 0.00374043723212413 0.968745557086551
1591949562.82161 46.7382526021853 -3.52519027860079 33.0793501722048 0.00645873874607991 0.247035393223412 0.00375399684958096 0.968977660576557
1591949562.85461 46.745954016978 -3.52638820582369 33.0938370812473 0.00638870106570485 0.246187280537438 0.00363018592320939 0.969194422781331
1591949562.88761 46.7535476369627 -3.52753590975346 33.1083412831848 0.00643327551562163 0.245349710188441 0.00344780212225477 0.969407161793802
1591949562.92061 46.7610077682446 -3.52868855922631 33.1226424676464 0.00655127742019143 0.244531759739589 0.00333870167281861 0.969613403534606
1591949562.95361 46.7684366645661 -3.52982431877227 33.1368378368737 0.00685768284491119 0.243755561500754 0.00317386620153207 0.969807261777713
1591949562.98661 46.7756711419424 -3.53102101320793 33.1507765508366 0.00722573614365256 0.243021095508285 0.00309374048241831 0.969989156972882
1591949563.01961 46.7828834602968 -3.53214554070114 33.1647268334798 0.00767392135181576 0.242331065969009 0.00289489718965226 0.970158948300572
1591949563.05261 46.7899722141925 -3.53325232204377 33.1785407760439 0.00806152730536909 0.241701725177057 0.00265481386173546 0.970313475010679
1591949563.08561 46.7970032718644 -3.53432704368821 33.1922580919977 0.0084236442860766 0.241120751957752 0.00238108263131726 0.970455643312858
1591949563.11861 46.8039747056775 -3.53546192249852 33.2058799792406 0.00871350111679665 0.240475988005082 0.00216721463659216 0.970613557123527
1591949563.15161 46.810853747273 -3.53654251024348 33.2193428476217 0.00884863829895964 0.239935158811176 0.00200771818802577 0.970746511832099
1591949563.18461 46.8176862007271 -3.53761346300224 33.2327389827369 0.00889802321545442 0.239447814785272 0.00190607641252615 0.970866590243029
1591949563.21761 46.8244371420786 -3.53869599678094 33.2460059532528 0.00896448185708044 0.239001843302484 0.00181186701131025 0.970976041980945
1591949563.25061 46.8312567247997 -3.5398452091271 33.2592959682834 0.0090512789025855 0.238554440159859 0.00182993201010484 0.971085220142436
1591949563.28361 46.8378667360669 -3.54095979341561 33.2722878603106 0.00904008618425694 0.238260499213514 0.00177743694024342 0.971157583543594
1591949563.31661 46.8443421833292 -3.54206491821695 33.2851143296351 0.00904442206610602 0.238050167952408 0.0014222228011437 0.971209706113785
1591949563.34961 46.8508094880066 -3.54318639811297 33.2978690751331 0.00894310536597416 0.237945320809501 0.000943222000483598 0.97123692037707
1591949563.38261 46.8571603376391 -3.54426986622871 33.3104113593759 0.00881960218883393 0.238059577129619 0.000483843529869312 0.971210388252482
1591949563.41561 46.863484510872 -3.54537680265087 33.3229405987716 0.00863033412815883 0.238208680403515 8.14087602843724e-05 0.971175645949725
1591949563.44861 46.8697445077489 -3.54645541477185 33.3353379386515 0.00837582410885151 0.238511886945191 -0.000293700786589938 0.971103413183267
1591949563.48161 46.8759652106339 -3.54750280729935 33.3476194759211 0.00823051853343631 0.238945544551631 -0.000804935618108274 0.970997753541297
1591949563.51461 46.8818910975417 -3.54843730705096 33.3594858870814 0.00803643834154235 0.239595538397891 -0.00146037398023483 0.970838431947585
1591949563.54761 46.8879957298635 -3.54945585419543 33.3714847176923 0.00789932552145914 0.240244357712936 -0.00220882542775397 0.970677789142017
1591949563.58061 46.8940471329878 -3.55042672068981 33.3833088013931 0.00789552946335592 0.240994559788264 -0.00287920448712142 0.970490078748091
1591949563.61361 46.9000841627829 -3.55138071135232 33.3949229798166 0.00806827133302675 0.241824414530424 -0.00348256858883102 0.970280231299566
1591949563.64662 46.9060473882811 -3.55225662600447 33.4061645452286 0.00835695292262814 0.24274087495663 -0.00395332702350966 0.970047112344851
1591949563.67962 46.9120341196082 -3.55319684730016 33.4174527442363 0.00873809041775745 0.243813973923889 -0.00438546583892753 0.969772736049363
1591949563.71262 46.9180527720379 -3.55420226213928 33.4285586849703 0.00902811615924112 0.244978513769618 -0.00469516503658598 0.969475103514847
1591949563.74562 46.9241337786355 -3.55521548077818 33.4395654829707 0.00917141014587951 0.246342727939299 -0.00486195677866046 0.969127188249119
1591949563.77862 46.9304907244667 -3.55615639211845 33.4507448961623 0.00934639242387329 0.247909593763479 -0.00504200791247989 0.968724964282895
1591949563.81162 46.9364800862032 -3.55719636459491 33.4614140704094 0.00949738738319527 0.249758814943952 -0.00510053514303822 0.968248066629591
1591949563.84462 46.9424755512795 -3.55824654429224 33.4718751455311 0.00990283123128066 0.25186959092399 -0.00526392466613658 0.967696199330397
1591949563.87762 46.948512471918 -3.55922461700119 33.4822618166553 0.0104543435107181 0.254227872404441 -0.00561924844184556 0.967071517335414
1591949563.91062 46.9545767470009 -3.56015018803488 33.4925874930913 0.0110029258394279 0.256843891112737 -0.00622942046520182 0.966370190735263
1591949563.94362 46.9605183059031 -3.56094428341127 33.5025661671407 0.0114533169858151 0.259788584107369 -0.00701441226508642 0.965572115959283
1591949563.97662 46.9664439155343 -3.56179158384034 33.512570142774 0.0121819784588268 0.262874125559241 -0.00784520302640675 0.964721330904302
1591949564.00962 46.97256582268 -3.56264690767287 33.5224722782755 0.0129057291486133 0.266148321908914 -0.00848022669725241 0.963808382748031
1591949564.04262 46.978845684873 -3.56347892180894 33.5322336802752 0.0137114795681797 0.269617489080213 -0.00892121875975803 0.962828550036803
1591949564.07562 46.9851514530599 -3.56435061284406 33.5418817183597 0.0143433511539633 0.273327148614566 -0.00926262366912963 0.961769588784481
1591949564.10862 46.9913243604944 -3.56539024410091 33.5515776381358 0.0148126875829561 0.277280333603592 -0.00959944906714701 0.960626905442929
1591949564.14162 46.997711592363 -3.56621171763735 33.5610768863413 0.0150800099518139 0.281424724937764 -0.00994681363163958 0.959413246933841
1591949564.17462 47.0045058278467 -3.56711492158384 33.5705704381894 0.0152390090497176 0.285705989698949 -0.0101614388857391 0.958142267731206
1591949564.20762 47.0112958730158 -3.56801644208685 33.5799457389451 0.0152881364472006 0.290201094043484 -0.0101216808214477 0.956790023713294
1591949564.24062 47.0179914309933 -3.56903823016037 33.5889787690691 0.0151644959604643 0.29492569290593 -0.00977862719933003 0.955349806184268
1591949564.27362 47.0247401488726 -3.57008572134551 33.5979895493498 0.0149797506746674 0.299803129255332 -0.00935226988580189 0.953837630735137
1591949564.30662 47.0315369464626 -3.57105768272648 33.6069832741418 0.0146933332355547 0.304889130661226 -0.00897252926015319 0.952232228861083
1591949564.33962 47.0392958826948 -3.57194670961709 33.6159568031684 0.0143224967232431 0.309920749083016 -0.00857070391328855 0.950615873215815
1591949564.37262 47.0468441893184 -3.57294805892523 33.6246262437947 0.0138575355070851 0.315298360651623 -0.00803125968037358 0.948857424141275
1591949564.40562 47.0542829153148 -3.5739568696876 33.6332024299918 0.0134016030547367 0.32074232820625 -0.00732090679173919 0.947043378233618
1591949564.43862 47.0618628621757 -3.57502044675228 33.64168952403 0.0129264453065102 0.3263367639092 -0.00669257280692614 0.945141488350942
1591949564.47162 47.0694793061717 -3.57598733376309 33.6500555858186 0.0124263362118107 0.332120217143091 -0.00614848068682264 0.943135167257812
1591949564.50462 47.0772226105815 -3.57692933922339 33.658323405624 0.0119063398671204 0.338031142996613 -0.00555333399343551 0.941043222130062
1591949564.53762 47.0846795951531 -3.57791100865584 33.6664618900439 0.0115404014906163 0.344047633139818 -0.00472960041694061 0.938869360531177
1591949564.57062 47.0925327320357 -3.57881736370894 33.6743701541857 0.0113583624874184 0.35008158483598 -0.00412745619324257 0.936641252383059
1591949564.60362 47.1005279788745 -3.57968321636634 33.6822204979266 0.0113942317127521 0.35610489295777 -0.00361358137139887 0.934369530070883
1591949564.63662 47.1086266887399 -3.58051214001845 33.6899519002496 0.0115569590477087 0.362131228740146 -0.00318326441311523 0.932050039802798
1591949564.66962 47.1167322620374 -3.58132748155921 33.6974051288342 0.0118844878212375 0.368173639451605 -0.00273149700210864 0.929677077853549
1591949564.70262 47.1249568262175 -3.58197625980894 33.7047139553639 0.0124433701266192 0.374271083833147 -0.00235009817257717 0.92723287009512
1591949564.73562 47.1331532149573 -3.58276120167058 33.7120406639169 0.0129619327749301 0.380532957018097 -0.00191513780051039 0.924674531480675
1591949564.76862 47.1416459571422 -3.58338506605269 33.7191061478347 0.0134814666157474 0.386791397222918 -0.00158382542427837 0.922067327579314
1591949564.80162 47.1507528048355 -3.58427485186946 33.7255327610577 0.0138602555017809 0.393094267211872 -0.00127857499709996 0.919392819010766
1591949564.83462 47.1594274440426 -3.58498452125801 33.7324286643039 0.0142031457255328 0.39946973475782 -0.000946566151225089 0.916635863184797
1591949564.86762 47.1681569249679 -3.5857420895857 33.7392822568512 0.0143822032514929 0.405910160737887 -0.000576591511640499 0.913799628573794
1591949564.90062 47.1770931120053 -3.58650111261921 33.7460113054715 0.01450025821276 0.412327471201655 -0.000154607220975868 0.910920290201519
1591949564.93362 47.1856564366362 -3.5872473357901 33.7530471217956 0.0145156110908794 0.418763015390333 0.000259697860643837 0.90797949675798
1591949564.96662 47.1946924669027 -3.58809852875918 33.7596631501503 0.0143157610876866 0.425203420742542 0.000521376674021229 0.904984440827402
1591949564.99962 47.2038863432779 -3.58890720771935 33.7660929661068 0.0139283643177788 0.431601828308515 0.000793079781593411 0.901956336799425
1591949565.03262 47.213241545443 -3.58973080612492 33.7724983017188 0.0134329952291713 0.437948993763909 0.00116231917672313 0.898898705369234
1591949565.06562 47.2229519870531 -3.59047314001513 33.7790153113366 0.0130729228944419 0.444162501048925 0.00156663383901176 0.895849494618027
1591949565.09862 47.2325909406578 -3.59127172609714 33.7851077201969 0.0128410941688735 0.450384740321395 0.00222281329922804 0.892739464282392
1591949565.13162 47.2423935540058 -3.59207424064887 33.7910743520339 0.0127111440918299 0.456541392299999 0.00292566828401366 0.889606555954792
1591949565.16462 47.252119588488 -3.5928440603863 33.7968764155989 0.0126526341664247 0.462715829592565 0.00349688059067736 0.886409467300102
1591949565.19762 47.2624319324767 -3.59360690128608 33.8027061500558 0.0126540146793774 0.468934588061333 0.0040607832257972 0.883132910762494
1591949565.23062 47.2725069951031 -3.59436251816057 33.8083030740829 0.0127518126988165 0.475229506424315 0.00447424325545002 0.879758085296116
1591949565.26362 47.2827589864943 -3.59510405867842 33.813788787232 0.0129298240438207 0.481566827009105 0.00478192836053241 0.876300943703551
1591949565.29662 47.2931198256669 -3.59587553971747 33.8191234215747 0.013170909393689 0.487922070146056 0.00513724369382664 0.872772701989104
1591949565.32962 47.3035879787417 -3.59658639061578 33.8244846946166 0.0134324911419129 0.494328450188287 0.00560511589657361 0.869153343312878
1591949565.36262 47.314150198537 -3.59727947208255 33.8295900284178 0.0136452379831625 0.500722639720366 0.00618253401270414 0.865478146359013
1591949565.39562 47.3249065075699 -3.5979980951255 33.8345520412787 0.0138844137544688 0.507083225964564 0.00665205684724846 0.86175958082273
1591949565.42862 47.3357638770484 -3.59869480818941 33.83932872698 0.0140101178373637 0.513408530551278 0.00717347800751749 0.857999964200836
1591949565.46162 47.3468647431214 -3.59933074853543 33.8440535922087 0.0140304220323193 0.519778450918635 0.00772856321207793 0.854150910863471
1591949565.49462 47.3579438284075 -3.59999035060362 33.8485710874128 0.0140319484024653 0.526069696189774 0.00831846970614952 0.850285000594846
1591949565.52762 47.3690909971266 -3.60063753432132 33.8529632614082 0.0141073991192966 0.532376491972309 0.00873768901905151 0.846345027087626
1591949565.56062 47.3803908839452 -3.60122602358259 33.8572717777765 0.0140861292496966 0.538753369985039 0.00906952433441088 0.842296937558764
1591949565.59362 47.391822697632 -3.60183210005601 33.8613934314056 0.0140319440990858 0.545076978045082 0.00936442444065205 0.838216260940419
1591949565.62662 47.4033058808301 -3.60243102853389 33.8654656496965 0.0138183854706882 0.551428210701993 0.00963589619432529 0.83405223467689
1591949565.65962 47.4155033101918 -3.60265363328326 33.8687177859136 0.0135359036099877 0.557604778948446 0.00995218561045811 0.829936529988222
1591949565.69262 47.4272450447051 -3.60329131603244 33.8724703643252 0.0130912363965963 0.563859542223658 0.0103140102314882 0.825702523531254
1591949565.72562 47.4391745268672 -3.6038934795771 33.8760630314702 0.0125474896352201 0.57008028329759 0.0107492390267422 0.821422841756631
1591949565.75862 47.4506573044299 -3.6048935804664 33.8801299854196 0.0119435713661365 0.576298806069266 0.0113810105489748 0.81707252421376
1591949565.79162 47.4628425619626 -3.60550153662468 33.8833776854109 0.0115112513673719 0.582391854897453 0.0121263876321434 0.81273622360767
1591949565.82462 47.475051703821 -3.60620105199942 33.8864164854562 0.0111534947968803 0.58842389076587 0.0129547818453597 0.808371880978743
1591949565.85762 47.4873674822683 -3.6068478069459 33.8892011225261 0.011000171986342 0.594346298358882 0.0138571361769348 0.80401458545249
1591949565.89062 47.4998155828275 -3.60742018063303 33.8918221182324 0.0110012425311878 0.600267212949382 0.0148075112100302 0.799586757852152
1591949565.92362 47.5123021139527 -3.60803501465369 33.8942718319584 0.0112796913548786 0.606159852361422 0.0157778181988668 0.795106321444498
1591949565.95662 47.524770190077 -3.6086880125341 33.8963908107718 0.0117756130765158 0.611930543967719 0.016716590371787 0.79064713994448
1591949565.98962 47.5373178667752 -3.60924219594634 33.8984112128318 0.0124666283172563 0.617673710537291 0.0175161832576143 0.786140543295905
1591949566.02262 47.5500269285785 -3.60977676310977 33.9003134085667 0.0130986981328383 0.623355429402976 0.018199710883813 0.781617043867904
1591949566.05562 47.5628879143797 -3.61029261167604 33.901817149873 0.0137671803563333 0.628899600702986 0.0188373327862436 0.777136353463253
1591949566.08862 47.5757899729549 -3.61073692123637 33.9034159117047 0.0145054182016453 0.634430224281588 0.019187957301933 0.772605789297096
1591949566.12162 47.588732411497 -3.6112161909414 33.9047909944392 0.015431195448639 0.639882683495617 0.0195486905852243 0.76806892806953
1591949566.15462 47.6018295765282 -3.61168865370205 33.9062332946828 0.0161208417052582 0.645331230608806 0.0199483738849435 0.763472189174553
1591949566.18762 47.6149892842695 -3.61212767168025 33.9074013156533 0.0165879285697524 0.650664146093756 0.0201892048246669 0.758915941078059
1591949566.22062 47.6282512778102 -3.61259648603565 33.9085142669262 0.0167345903312863 0.655914705097265 0.0199268079440567 0.754386356881388
1591949566.25362 47.6415534312919 -3.61305482644182 33.9095431218319 0.0171260372443467 0.661013866252379 0.0194835395586399 0.749925169037987
1591949566.28662 47.6549609721652 -3.61356720298911 33.9103572188731 0.0177832836713595 0.666046524185205 0.0193495376557526 0.745447099286851
1591949566.31962 47.6684565466973 -3.61406940767961 33.9109517855079 0.0182170868485417 0.67091685291856 0.019664106404451 0.741047931739859
1591949566.35262 47.6824458404337 -3.61453342990602 33.9114403561424 0.0189400248071095 0.675667519705683 0.0197388455740616 0.736698755428893
1591949566.38562 47.6961133361468 -3.61507702367223 33.9117255231727 0.0196535763716721 0.680282427609976 0.0195924517158793 0.73242452952959
1591949566.41862 47.709946413245 -3.61558320553918 33.9118863400644 0.0203364861037298 0.68478840922772 0.0194250564598978 0.728199099904588
1591949566.45162 47.7236488404482 -3.61608966243526 33.9118946197987 0.020812746229458 0.689158659490569 0.0192916397627756 0.724054558910317
1591949566.48462 47.7376492815029 -3.61662466757451 33.9117912911403 0.0211135764382541 0.693353884555992 0.0192390402060387 0.720030879194117
1591949566.51762 47.7518367949584 -3.6172197741542 33.9114623541201 0.0215284744848365 0.697380931385288 0.0193965488697067 0.716114610393119
1591949566.55062 47.7660942520315 -3.61770350432744 33.9108916959382 0.0223410875834346 0.701265133894523 0.0195920643334791 0.712281011121761
1591949566.58362 47.7804523300606 -3.61824449506195 33.9102172649655 0.0231145465816863 0.704986963400807 0.0199628546037235 0.708562335724461
1591949566.61662 47.7948748918538 -3.6187800360064 33.9094676365145 0.023841296191863 0.708539019268597 0.0201005011885914 0.704982283906308
1591949566.64962 47.8096575734889 -3.61930161443886 33.9087737261089 0.0242440370940037 0.711971856346497 0.0203248374452881 0.701494977472206
1591949566.68262 47.8242590700276 -3.61981582230239 33.9079348743057 0.0244962190381578 0.715216058532107 0.0203575365535297 0.698177266585001
1591949566.71562 47.8391024836478 -3.62036712913943 33.9069002870253 0.0247252570912368 0.71811677032101 0.0206775737625468 0.695175807827623
1591949566.74862 47.8540659040232 -3.62095605942114 33.9056348228437 0.0250834657191917 0.7208218534717 0.0214197083397191 0.692335086067273
1591949566.78162 47.8690635262871 -3.62153770643979 33.9044680373149 0.0250590122059977 0.723158028686015 0.0223342390297167 0.689866431435231
1591949566.81462 47.8841027836545 -3.62216664651833 33.9032170637432 0.0250855636959841 0.725221742493471 0.0232522947625815 0.687665230687914
1591949566.84762 47.899348384743 -3.62277722403528 33.9018932934449 0.0249862035239078 0.726998053422494 0.0244055451044749 0.685750602859027
1591949566.88062 47.9147091169932 -3.62341062639444 33.9006223015887 0.0251387623966562 0.728449964867964 0.0252079599629889 0.684173406428174
1591949566.91362 47.9300890114024 -3.62397497029459 33.899229552929 0.0251247707665826 0.729744138986707 0.0258569345545953 0.682769109175215
1591949566.94662 47.9455675291134 -3.62454842960603 33.8978870972852 0.0247776788901852 0.730850458498991 0.026740048108924 0.681563382061979
1591949566.97962 47.9611563617604 -3.62509883943494 33.8964829070205 0.024614314101382 0.731774406241524 0.027529971385051 0.680545703525282
1591949567.01262 47.9768056343305 -3.62567647815943 33.895040069489 0.0244072427379941 0.732547822194522 0.0281050112362377 0.679697052401585
1591949567.04562 47.9925725442966 -3.62623139717547 33.8938329809316 0.0239265431504843 0.733193091474466 0.0282347944329653 0.679012671111749
1591949567.07862 48.0084637130635 -3.6267682818198 33.892642896789 0.023175682905463 0.733655476173268 0.0282285296579233 0.678539372561529
1591949567.11162 48.0244112883714 -3.62728118263823 33.8915972416622 0.0221589820946822 0.733997004666291 0.0278911518115222 0.678217856078758
1591949567.14462 48.0406310906676 -3.62765836844797 33.8900556804516 0.0214660441400391 0.734215634948179 0.0273137294830907 0.678026968879811
1591949567.17762 48.0566201523959 -3.62817551582951 33.8890036974181 0.0209644429385707 0.734202084107645 0.0267522850991698 0.678079720288285
1591949567.21062 48.0727369860933 -3.62869103021505 33.887949157131 0.0206417708997984 0.734016622832258 0.0262357689696623 0.678310547704087
1591949567.24362 48.0888281613314 -3.62920392223895 33.8868953182932 0.0207048338805381 0.733659392920719 0.0258069004722619 0.678711432732053
1591949567.27662 48.1045102050922 -3.62989601270683 33.8862371328902 0.0208343869373165 0.73312289099515 0.0253356955424402 0.679304686831499
1591949567.30962 48.1206422416182 -3.63042035931417 33.8851988705504 0.0210881285042347 0.732522795274942 0.0248791924717955 0.679960786384572
1591949567.34262 48.136874961854 -3.63098037773339 33.8840563977294 0.021631244590476 0.731824740632933 0.024630331497697 0.680704036292809
1591949567.37562 48.1533386321078 -3.63149350533299 33.8830164038185 0.022059209128126 0.731087086144129 0.0246707346526759 0.681481047878535
1591949567.40862 48.1698942778068 -3.63200135237588 33.8818288298635 0.0226642364271872 0.730263520329623 0.0245183714481045 0.682349157487933
1591949567.44162 48.1865885990206 -3.63244688040635 33.880818406163 0.0229011062410039 0.729391417597306 0.024657639125868 0.683268395362371
1591949567.47462 48.2033195840324 -3.63297531423406 33.8798795825537 0.022530170513194 0.728486680933848 0.02516101327795 0.684226914502389
1591949567.50762 48.2202089210108 -3.63350142644749 33.8790145827918 0.0222913992740486 0.727544285694389 0.0252992095976236 0.685231607462457
1591949567.54062 48.2372117110446 -3.63417871522748 33.8783798076211 0.0219367122712716 0.726575297096621 0.0252406037128637 0.686272562636665
1591949567.57362 48.2543384589019 -3.63477492385145 33.8777204147068 0.0210719530103517 0.725541271043913 0.0254135473067475 0.68738634582133
1591949567.60662 48.2714553263966 -3.6354072021042 33.8772446344923 0.0199353784260631 0.724464493442951 0.0257595338647779 0.688542100994941
1591949567.63962 48.2886838557495 -3.63599522448006 33.8766683652979 0.0187302977567934 0.723281110551496 0.0262125014387064 0.689801794600205
1591949567.67262 48.3062037208432 -3.63625567869733 33.8759745141368 0.0175300905851855 0.722166228984414 0.0264302930837965 0.690992093475758
1591949567.70562 48.3235596976959 -3.63691544768035 33.8755473138821 0.0167175719437485 0.720910184425204 0.0268179955099487 0.69230760785734
1591949567.73862 48.3409154747388 -3.63756094373312 33.8752058227043 0.01606318289551 0.71959139550617 0.0274489814562393 0.693669050113787
1591949567.77163 48.3582049652876 -3.63810780697076 33.874892794289 0.0155983262820425 0.718197897766755 0.0278196012735042 0.69510757559215
1591949567.80462 48.3752632774085 -3.63898849938398 33.8748621099751 0.0154832243269843 0.716725041115017 0.0280510220395982 0.696619426491719
1591949567.83763 48.3925775086402 -3.63946917476658 33.8746656238233 0.0156801630107482 0.71519436337017 0.0282349824010089 0.698179017774316
1591949567.87063 48.4099589000614 -3.6399131761233 33.8744819545069 0.0162459183128345 0.713601050019251 0.028167256742368 0.699797268640858
1591949567.90363 48.4271676125459 -3.64039963951048 33.8743430729321 0.016823712608281 0.711940234741842 0.0282158490982279 0.701471261499336
1591949567.93663 48.4445670335194 -3.64083843544757 33.8742685171093 0.0170962502509267 0.710280499652788 0.028474198714422 0.703134802187969
1591949567.96963 48.4620239643078 -3.64118275957982 33.8742881406655 0.01753237218901 0.708572825825876 0.028500778687603 0.704843863590199
1591949568.00263 48.4794999769141 -3.64176186416114 33.8745520241312 0.0180288955280111 0.706860756039337 0.0284937117150263 0.706548610422693
1591949568.03563 48.4970422210289 -3.6422449743177 33.8748659092035 0.0185097297148701 0.705101426033693 0.0284312504570883 0.708294453535097
1591949568.06863 48.5146037515298 -3.64275405768236 33.8752885138043 0.0188368909448873 0.70328403622227 0.0284828978326697 0.710088346943884
1591949568.10163 48.5322943772205 -3.64325472807897 33.8757727909136 0.0188402924290714 0.7013728445652 0.0286133032546485 0.711970824658261
1591949568.13463 48.5499951274606 -3.64382755826324 33.876423247185 0.0187102131945668 0.699382561650559 0.0286049678025532 0.713929769794152
1591949568.16763 48.5675946948076 -3.64446750603536 33.877397710795 0.0187183625106163 0.697372840017535 0.0284383600627232 0.715899437482487
1591949568.20063 48.5854377017222 -3.64505959211983 33.8782460564274 0.0186935869944127 0.695263358638676 0.0283067473978433 0.717954135019435
1591949568.23363 48.6031894947986 -3.64563247958084 33.8791937425034 0.0186997119216818 0.693128091793762 0.0281525052233297 0.720021670222525
1591949568.26663 48.6210435584801 -3.64625147099122 33.8803144436219 0.0185964137302403 0.690986475646026 0.0280384943971831 0.722084279501082
1591949568.29963 48.6389448281494 -3.64691503092117 33.8818548977899 0.0185427869872614 0.688912242139393 0.0278925936439651 0.724070501333283
1591949568.33263 48.6571621581614 -3.64741110605074 33.8830040608204 0.0186037113542501 0.686744426237506 0.0275603629446314 0.726138018113586
1591949568.36563 48.6750141235647 -3.64806229372013 33.8845251849672 0.0186614589216959 0.684603180305374 0.0273855920911409 0.728162251708024
1591949568.39863 48.6929559555787 -3.6487265959412 33.8861799400977 0.0186307159201379 0.682441698951795 0.0274868904525092 0.730185383864497
1591949568.43163 48.7101124231994 -3.64926577469485 33.8877207720771 0.0186237977546242 0.680200476182296 0.027692628258723 0.732266061413948
1591949568.46463 48.7281329470262 -3.64986752131322 33.8894537062679 0.0186401110797299 0.677931116094828 0.027880809902704 0.734359999270471
1591949568.49763 48.746150070781 -3.65043898552246 33.8912829335664 0.0187696306560061 0.675625245025688 0.0279787288077033 0.73647499616981
1591949568.53063 48.7647494463259 -3.65131232105359 33.8934128259061 0.0190619645168886 0.673350436388788 0.0281476926827564 0.738541494244178
1591949568.56363 48.7828242917961 -3.65193492458849 33.8954616618437 0.0191859095130275 0.670965011383381 0.0283408528229544 0.740698758225451
1591949568.59663 48.8007769680687 -3.65263177545031 33.8975835784721 0.0193141885748824 0.668555009423906 0.0284802618939289 0.742866095724087
1591949568.62963 48.818725092689 -3.65330370532906 33.8998760015262 0.0194843915787718 0.666137206705833 0.0284188993786483 0.745032849265763
1591949568.66263 48.8364550368804 -3.654022547058 33.9024735394743 0.0196982458376056 0.663755378209117 0.0282417044696156 0.747156732645865
1591949568.69563 48.8544256353021 -3.6546927608096 33.9051113051345 0.0198010352997564 0.661331481481399 0.0278247231800394 0.749315938294809
1591949568.72863 48.8723514411137 -3.65537432574013 33.907928106371 0.0198241968131393 0.658912820086086 0.0274589189932372 0.751456522038792
1591949568.76163 48.8901955621128 -3.65607663951583 33.9108685335345 0.0198813192387706 0.656458628215885 0.0270982926096504 0.75361295445599
1591949568.79463 48.9079244358304 -3.65687344866144 33.9139325755224 0.019989434399807 0.653913303193539 0.0268028246281996 0.755830287174866
1591949568.82763 48.9258611814958 -3.65750607247449 33.9171747564452 0.0201119201610026 0.651401580133975 0.02645738960778 0.758004946290946
1591949568.86063 48.9437194645366 -3.65820562228861 33.9204155977637 0.0202272426468112 0.648864095209995 0.0263493616637948 0.760178897196004
1591949568.89363 48.961624538208 -3.65892348043497 33.9237659588118 0.0202686240219895 0.646298464135858 0.026434683125838 0.762357321512638
1591949568.92663 48.979125129756 -3.65984705616397 33.927146398741 0.0203752414499693 0.643651053496818 0.0266364937776131 0.764583983658778
1591949568.95963 48.9969379853565 -3.66064415912461 33.9307068512755 0.0204664030880985 0.641005309729685 0.0268702062236758 0.76679287376741
1591949568.99263 49.0147792587223 -3.6614732903942 33.934353330704 0.0206424187027611 0.638314394685337 0.0271729253159307 0.769019022012698
1591949569.02563 49.0325812283605 -3.6623227486862 33.9381377733375 0.0207615678970469 0.635623140201113 0.0274803460594123 0.771230841914266
1591949569.05863 49.0500755661011 -3.66341214723524 33.9419668264862 0.0208048533995785 0.632914172011128 0.0275150602651373 0.773453121010637
1591949569.09163 49.0678286475381 -3.66424301590127 33.9460537335339 0.020761383879504 0.630180801079754 0.0275613276796483 0.775681310917327
1591949569.12463 49.0854354840122 -3.66508783601329 33.9502976573191 0.0208554189486153 0.627465821707334 0.0275927132851095 0.777875527487004
1591949569.15763 49.1030650104003 -3.66592882207705 33.9546532959176 0.0210931733760289 0.62477113621042 0.0275215712643988 0.780037607112893
1591949569.19063 49.1209947293311 -3.66664451736265 33.9590230681056 0.0212566463593012 0.621977205895954 0.0274241854036869 0.782266210689406
1591949569.22363 49.1385966257908 -3.66743404476195 33.9638253765895 0.020994848295057 0.619318191658345 0.0270170700588063 0.78439420685746
1591949569.25663 49.1560474135575 -3.66826407542569 33.9686788071742 0.0207578542970278 0.616629998222094 0.0263581743451619 0.78653785886173
1591949569.28963 49.1737104226663 -3.66911601826159 33.9734435633547 0.0203109140283312 0.613868830080325 0.0259339863134281 0.788720454014628
1591949569.32263 49.1912000253582 -3.6699519031367 33.9785438097047 0.0200756607108287 0.611076909130372 0.025517855667163 0.790905062581372
1591949569.35563 49.2086012816514 -3.67076661369566 33.9836769310468 0.0203516789916688 0.60824311395383 0.025253230047701 0.793087887854887
1591949569.38863 49.2255440045444 -3.67200297732911 33.9883293679523 0.0199868147676694 0.605363526195591 0.0256518935290082 0.79528454577331
1591949569.42163 49.2429398469723 -3.67288434154682 33.9936005874806 0.019601538528478 0.602412684089305 0.0263926260131941 0.797507471455762
1591949569.45463 49.2602053654547 -3.67382278952207 33.9989721500477 0.0194729679502186 0.59946298073155 0.0268257506174138 0.799715772856499
1591949569.48763 49.2778707278625 -3.67457705344349 34.0047758303096 0.0196515289011828 0.596551773554845 0.0264861698065885 0.801896677689459
1591949569.52063 49.2950241774834 -3.67557179907497 34.0104592638568 0.0194809357738952 0.59353568598877 0.0264602410391273 0.804136641525161
1591949569.55363 49.3120311966238 -3.67651209669556 34.0162873157743 0.0194111003051423 0.590475245009205 0.0259723251832638 0.80640413722949
1591949569.58663 49.3288443620393 -3.67749630918283 34.0222169292595 0.0189953466374561 0.587487960779562 0.025125816020434 0.808619667157869
1591949569.61963 49.3457011581562 -3.67851808178556 34.0284263623264 0.0188243990526616 0.58447204038769 0.0242898415260709 0.810831720891576
1591949569.65263 49.3625006797349 -3.67948454572548 34.0347211749189 0.0189040848331438 0.581455403748878 0.023376388902734 0.813022627895263
1591949569.68563 49.3790101869203 -3.68047585319055 34.0411277401662 0.0193022774886229 0.578371197826757 0.0224314369183145 0.815236781705766
1591949569.71863 49.3955643094206 -3.6814056667613 34.047633186444 0.0194232917069666 0.575239890601325 0.0218765140847468 0.817461449936168
1591949569.75163 49.4121418080936 -3.68233417196001 34.0542190543939 0.0195180394606608 0.572045036380904 0.0213872250702847 0.819710991198346
1591949569.78463 49.4282657676217 -3.68340323910295 34.0608700793528 0.019889054854054 0.568786169973104 0.0207854672709379 0.821982166895772
1591949569.81763 49.4446710527246 -3.68437322172388 34.0676903967665 0.0201181462101236 0.565517131562626 0.0201076769414223 0.824245907135891
1591949569.85063 49.4609888630233 -3.68540614882785 34.0746438451722 0.0197575937230722 0.562255869314696 0.0197557471918725 0.826491188921177
1591949569.88363 49.4772139848231 -3.68646051984989 34.081597805068 0.019223944906106 0.558947281317394 0.0197065483393848 0.828746057971131
1591949569.91663 49.4933689397724 -3.68756652400168 34.0887724923437 0.0187404991806311 0.555704908842276 0.0197790663479648 0.830932991590454
1591949569.94963 49.5095000231998 -3.68866244735204 34.0960627011964 0.0183190875584814 0.552457207045175 0.0197857846315159 0.83310501627429
1591949569.98263 49.5252920651014 -3.68978284471074 34.1034543399604 0.0177109775000531 0.549196660733483 0.0197333253559853 0.835272377722129
1591949570.01563 49.5412315632534 -3.69086540483443 34.1110125088533 0.0169951629504995 0.545966719720433 0.0197421483904047 0.837401787059789
1591949570.04863 49.5570833119952 -3.6919649779362 34.1186513131753 0.0162379860199913 0.542692437271239 0.0197123926245056 0.839543130467777
1591949570.08163 49.5730146219903 -3.69292028497069 34.1264601760931 0.0155873159934521 0.539495503079545 0.0194529640041627 0.841619403250972
1591949570.11463 49.5886726221698 -3.69397911235285 34.1343213613054 0.0151836283909686 0.536226744418885 0.0190446518198936 0.843722488283836
1591949570.14763 49.604147918079 -3.69502145781555 34.1423131417338 0.0148620279890774 0.532969744594268 0.0186506959851767 0.845798157369973
1591949570.18063 49.6197306138672 -3.69595878607742 34.1504543121016 0.0145157292024151 0.529688097419818 0.0183281013501111 0.847870210444025
1591949570.21363 49.6349988054205 -3.69697606943672 34.1585842478447 0.0142876836228228 0.526438167262362 0.0180799316975501 0.849901073193787
1591949570.24663 49.6502285049584 -3.6979967315201 34.1667553346114 0.0141390960808417 0.52317390671728 0.0179007511627912 0.851920602169007
1591949570.27963 49.6654821950031 -3.6989726138111 34.1752257653733 0.0140090793043416 0.519989313867356 0.0177321213065732 0.853873779334376
1591949570.31263 49.6804825898446 -3.6999696043356 34.1836227840504 0.0138958083558647 0.516802867801574 0.0175034662428885 0.855812672850601
1591949570.34563 49.6953086997512 -3.70099179280289 34.1920251699568 0.0136707483630009 0.513629023929701 0.0173644524559109 0.85772770283297
1591949570.37863 49.7100158294102 -3.7018907703032 34.200705111899 0.0133312092453971 0.510530130198152 0.0170983617315816 0.859586476770086
1591949570.41163 49.7245254847177 -3.70294801798374 34.2093391753133 0.0129716508293408 0.507487152774984 0.0169086232559711 0.861395742096912
1591949570.44463 49.738926439017 -3.7039176238631 34.2179450135391 0.0127535870579983 0.504439436145933 0.0166804489741912 0.863191730671666
1591949570.47763 49.7532354118924 -3.70494478939162 34.2266363528599 0.0123563824491752 0.501428533655316 0.0164969651289404 0.864953522214104
1591949570.51063 49.7672671287374 -3.70599033382276 34.2353833835511 0.0119886651809562 0.498534945780407 0.0162438235451432 0.866634477700685
1591949570.54363 49.7811524693013 -3.70700117268791 34.2441184070831 0.0117791788948027 0.495674739183856 0.0161686945529559 0.868277822586777
1591949570.57663 49.7949762068932 -3.70806182852817 34.2528420774647 0.0116464697439369 0.492816313109632 0.0162151931161447 0.869904310132867
1591949570.60963 49.8086367951407 -3.70906752493353 34.2615715656175 0.0116823118152998 0.49003520838178 0.0162534119947345 0.871472802062924
1591949570.64263 49.8220455936967 -3.71006387152987 34.2702442539309 0.0117038423219427 0.487311076129531 0.016230166302864 0.872999150548363
1591949570.67563 49.8351627804705 -3.71124689538319 34.278930327421 0.0116438725459746 0.484649215124551 0.0160258075517252 0.874484266298488
1591949570.70863 49.8482135822077 -3.71222772334517 34.2876951541654 0.0113766860036822 0.481951341370296 0.0158637849129707 0.875980488307349
1591949570.74163 49.8611518969219 -3.71317687935994 34.2964533162218 0.0110112332021651 0.479260701287207 0.015727720203922 0.877462575704656
1591949570.77463 49.8739069277448 -3.71405715763906 34.3052425413778 0.0107285585236482 0.476587668856532 0.015543264313557 0.878924057504618
1591949570.80763 49.8862458483232 -3.71489819015405 34.3139582962016 0.0102741313465365 0.473942777715212 0.0157273014373955 0.880355233792678
1591949570.84063 49.8985558842261 -3.71579749202513 34.3226656004191 0.00989174005072638 0.471371012657871 0.0160815164949855 0.881732899880618
1591949570.87363 49.9107907199681 -3.71669176830499 34.3313886776237 0.00937723868298422 0.468834751555704 0.0161958557525031 0.883087615916353
1591949570.90663 49.9228606645526 -3.71756101579578 34.3401270606101 0.00873047353893939 0.466361764672093 0.0162773751493487 0.884401227012923
1591949570.93963 49.9346505426659 -3.7184781498885 34.3487190619539 0.00813465898779246 0.463978679654017 0.0161671588546113 0.885661467562091
1591949570.97263 49.9462519945842 -3.71942244685869 34.3573602758565 0.00745301508237967 0.461659877271798 0.0159390313430989 0.886882493661598
1591949571.00563 49.9576589939644 -3.72039989189678 34.3659890713886 0.00655146373832872 0.459462880123099 0.0155381671540137 0.888036882946517
1591949571.03863 49.9688619155183 -3.72134181558817 34.3745740735624 0.00590933823176408 0.457293478247427 0.0150477593620751 0.889168892512673
1591949571.07163 49.9799780694311 -3.72224631198491 34.383095592229 0.00582658670370084 0.455289040734233 0.0149797668341236 0.890198599673287
1591949571.10463 49.9908308159263 -3.72318251593654 34.3913896398415 0.00589267500105338 0.453349336995115 0.0148942699460865 0.891188989917511
1591949571.13763 50.0015290509713 -3.72408787476938 34.3996523922477 0.00621273129237081 0.451524629730756 0.0146363493785673 0.892116969905439
1591949571.17063 50.0121125884223 -3.72491705706165 34.4079263126778 0.00649412318324316 0.449777620463609 0.0142758075573172 0.893002866631883
1591949571.20363 50.0219503589088 -3.72552469777934 34.4160022436171 0.0068078095492525 0.4480930764621 0.0139796209811835 0.893851676036407
1591949571.23663 50.0321602796661 -3.72623826715862 34.4240118344311 0.00721178596618561 0.446476083614152 0.0136864173665433 0.894661823754325
1591949571.26963 50.0422612454569 -3.72691453137796 34.4319051243166 0.00790174520330984 0.444882199712786 0.0133326870255023 0.895454985054042
1591949571.30263 50.0521593066572 -3.72759639716885 34.4397989617909 0.00845383894023443 0.443386344034409 0.0130474800739559 0.896195763097937
1591949571.33563 50.0619128000078 -3.7282500150955 34.4475951461717 0.0087332109096365 0.441941300378286 0.0128853019420008 0.896908906768698
1591949571.36863 50.0719288985 -3.72912276641665 34.4552128015202 0.0087497323582062 0.440572436093201 0.0127962340641095 0.897583214600373
1591949571.40163 50.0814716510332 -3.72985437803901 34.4629320207071 0.00850439917206738 0.439266454615107 0.012688810201628 0.898226948571609
1591949571.43463 50.0907806767394 -3.73061710543115 34.470660238499 0.0080742602935917 0.438061306173078 0.0124258020380482 0.898822951308187
1591949571.46763 50.099941286731 -3.73135150295693 34.4783333967269 0.00751396345710467 0.436912517873903 0.0120701246603572 0.899391630030509
1591949571.50063 50.1089176449169 -3.73213622501516 34.4860006533928 0.00664682533573609 0.43588454740576 0.0114522161893871 0.899905177110446
1591949571.53363 50.1178044664965 -3.73292225690674 34.4935864073212 0.00573970427865851 0.434783960744956 0.0110684240082449 0.900448473408499
1591949571.56663 50.1265997017337 -3.733763600987 34.5009947464397 0.00478178150831902 0.433606250715823 0.0112386779344153 0.901019670164897
1591949571.59963 50.1353110517465 -3.73459255548941 34.508276424679 0.00427182710108098 0.432355294177319 0.0116605019185808 0.901617814700369
1591949571.63263 50.1438694943423 -3.73537322243865 34.5153346453584 0.0039412866547054 0.431072827880112 0.0121085612736049 0.902227280715249
1591949571.66563 50.1523872730366 -3.73610881832335 34.5223586235554 0.00375136882097273 0.429803295278733 0.0124698660229814 0.902828642124784
1591949571.69863 50.160651420918 -3.73680010709704 34.529238266757 0.00379989655281779 0.428585680463135 0.0127676153212097 0.903402935177404
1591949571.73163 50.1688108205977 -3.73742844439023 34.5360405049906 0.00412258760199815 0.42744009921471 0.0130334276474948 0.903940316402881
1591949571.76463 50.1767703958255 -3.73806948944023 34.5426897455544 0.00482264578185424 0.426345591331637 0.0131107885246561 0.904452478610126
1591949571.79763 50.18456193088 -3.73861371116533 34.5494450377155 0.00548833251900788 0.425396562443056 0.0130775680237353 0.90489591671218
1591949571.83063 50.1922372444685 -3.73919572695458 34.5560505859542 0.00592545887132092 0.424433892007576 0.0129098500134071 0.905347500148477
1591949571.86363 50.199740635278 -3.73977562130861 34.5625538556862 0.00626407658061549 0.423463502766222 0.0125813891053364 0.905804135460716
1591949571.89663 50.2070821011225 -3.74033206940855 34.5690693548832 0.00654003098342577 0.422517093822491 0.0121177665997649 0.906250347947611
1591949571.92963 50.2143612650707 -3.74093338197886 34.5754917710678 0.00676984937579047 0.42150648708375 0.0117196669178215 0.906724379231683
1591949571.96263 50.2214006382793 -3.74153463865081 34.5818077745355 0.00701376426179395 0.420485760092507 0.0113552409570574 0.907200965152217
1591949571.99564 50.2283885118464 -3.74212450852815 34.5881316651428 0.00701557082628262 0.419525252699656 0.0110510123639537 0.907649282068246
1591949572.02864 50.2352601647304 -3.74272163868265 34.5943769888672 0.00692795915709443 0.418582119173189 0.0106901740528727 0.908089606299466
1591949572.06164 50.2419692575911 -3.74332370553669 34.6005210008973 0.00683223507757599 0.417667126963057 0.0101868938987934 0.908517318938371
1591949572.09464 50.2485410961922 -3.74392666752466 34.6066104024708 0.0066858171430531 0.416753208015536 0.0094304658207404 0.908946164397151
1591949572.12764 50.2550257962221 -3.74449623801714 34.6126709886647 0.0067157770017501 0.415849143641151 0.00844871208560207 0.909369565873127
1591949572.16064 50.2613521386291 -3.74500475849137 34.6187363860221 0.00672290989272796 0.41494072666718 0.00743466375927766 0.909793230140933
1591949572.19364 50.2675497567248 -3.74554629820693 34.6245377031033 0.00686967543340939 0.414008519325428 0.00691993429347192 0.910220779808273
1591949572.22664 50.2737333299414 -3.74611719930096 34.6301438833233 0.0072572114940961 0.413018124067122 0.00719435358732787 0.9106654727999
1591949572.25964 50.2799309137293 -3.74662405579959 34.6356404405697 0.00782755099435789 0.412051697458636 0.00803771400860559 0.911091391255786
1591949572.29264 50.2860473232513 -3.74711392907875 34.6409971713351 0.00835231796053209 0.411096228104987 0.00868044834974745 0.911512358577209
1591949572.32564 50.2920442205861 -3.74762601380941 34.6463135741343 0.00862180177193544 0.410201728242188 0.00909315961147639 0.911908724121887
1591949572.35864 50.2974641681027 -3.74805443955472 34.6512677318619 0.00875332968043254 0.409306193049354 0.00946165578091971 0.91230603232733
1591949572.39164 50.3032694749493 -3.74855974782773 34.6564035661138 0.00902620342046006 0.408459292292516 0.0099525452253126 0.912677643549598
1591949572.42464 50.3089179672198 -3.74909477329313 34.661395656024 0.00932972462130199 0.407656770384457 0.0106646216712262 0.913025289706049
1591949572.45764 50.3145020534498 -3.74964423109657 34.6663313049128 0.00963210146005725 0.406874182821955 0.0113639867801594 0.913362732860767
1591949572.49064 50.319858683344 -3.75016750764558 34.6712472341537 0.00985308845070009 0.406153440658531 0.0117559747953381 0.913676144126479
1591949572.52364 50.3250497550227 -3.75066183458011 34.6762058382286 0.00991625876630852 0.405489429289628 0.0116533174028509 0.913971657514586
1591949572.55664 50.3300589526976 -3.7511731674583 34.6810890403703 0.00985666284136173 0.404816083946719 0.0111371008495822 0.914277173159399
1591949572.58964 50.3349200854583 -3.75166886041271 34.6858332011586 0.00980003155251939 0.404129285910139 0.0103565080588117 0.914590740381816
1591949572.62264 50.3402249293417 -3.75211535666455 34.6909721103612 0.00987558593520572 0.403517204666628 0.0094246413962957 0.914870217284953
1591949572.65564 50.3448541443795 -3.75253295782982 34.6957484340099 0.0100073742058164 0.402864999369787 0.00860605821773778 0.915164236902994
1591949572.68864 50.3493830377834 -3.75300144528782 34.7003111595761 0.0101658654193505 0.402155046229269 0.00792594549643299 0.915480831782183
1591949572.72164 50.3538614688725 -3.75338918013932 34.7048100967187 0.010396291359904 0.40141124020984 0.00731640153464055 0.915809698369559
1591949572.75464 50.3582503432188 -3.75381726163283 34.7092020137519 0.0105694517343603 0.40066024578923 0.00682169597424502 0.916140337829409
1591949572.78764 50.3625538202239 -3.75421166340373 34.7134764550912 0.0107402088965448 0.399923380709564 0.0063993327817346 0.916463303146744
1591949572.82064 50.3667782251538 -3.75463011552422 34.717610786789 0.0108366995953015 0.399206449929244 0.00616558675467352 0.916776287769673
1591949572.85364 50.3710061582791 -3.7550530564983 34.7216839898885 0.0108490873547317 0.398529360443216 0.00616885628419795 0.917070657790574
1591949572.88664 50.3751654091969 -3.75548004412117 34.7256614319784 0.0107628048748522 0.397924577559695 0.00641450322385925 0.917332571510221
1591949572.91964 50.3791964092164 -3.75590471600148 34.7295661628087 0.010555994787607 0.397397701802378 0.00680599406391453 0.917560524445682
1591949572.95264 50.3830175725525 -3.75640824668982 34.7332444712984 0.0102839650161404 0.396885214324806 0.00723053878758201 0.917782156082118
1591949572.98564 50.3868650331561 -3.75684111888493 34.7370404825742 0.0099810623948585 0.396473638226518 0.00746652416107353 0.917961482635219
1591949573.01864 50.3905184759686 -3.75725571856532 34.7406798339665 0.00972027443382501 0.396058890291605 0.00753902109446225 0.918142709412241
1591949573.05164 50.3941156094762 -3.75764740467524 34.7442310634126 0.00945360461247381 0.395601931518118 0.00749255861657047 0.918342856837435
1591949573.08464 50.3975001159888 -3.75801769325712 34.7476996745216 0.00929992529436158 0.395142816031436 0.00728529778179812 0.918543733724474
1591949573.11764 50.4008473033609 -3.75834147847057 34.7510771343243 0.00923964627368168 0.394601101227688 0.00700478406046978 0.918779371147883
1591949573.15064 50.4039942148965 -3.75863497464447 34.7543294251641 0.00944073886466663 0.394010092426295 0.00674085774538113 0.91903290493473
1591949573.18364 50.4071438101576 -3.75893797124139 34.757483814547 0.00988505798903448 0.393292883337969 0.00657234257893551 0.91933660748242
1591949573.21664 50.4102360766971 -3.75913805595597 34.7604343179791 0.0105238557998312 0.392512959667065 0.00653801138652402 0.919663024895323
1591949573.24964 50.4132035050766 -3.75935637922233 34.7632987129031 0.0111691151748369 0.391803908284828 0.00651195260427158 0.919957902728285
1591949573.28264 50.4161867810749 -3.75957819370184 34.7661049962593 0.011652118773599 0.391213666690853 0.00649003587012686 0.920203224595952
1591949573.31564 50.4190881160158 -3.75980958491352 34.7688421372188 0.0120950303729654 0.39081793093139 0.00651688087608969 0.920365462936562
1591949573.34864 50.4218533580859 -3.76008086141061 34.7714986692269 0.0124762342766782 0.390597080686239 0.00667791400263956 0.920452969793805
1591949573.38164 50.4245585680351 -3.76035150699349 34.7741032538302 0.0127335109535624 0.390501856335529 0.00696265866148295 0.920487739886668
1591949573.41464 50.4271964951156 -3.76063219622467 34.7766660468141 0.0128393651458228 0.390481447595975 0.00728990633053532 0.920492393804368
1591949573.44764 50.4297265594502 -3.76094214886706 34.7791270204824 0.0128343034312305 0.390406907982975 0.00757734079115795 0.920521760069333
1591949573.48064 50.4321756909179 -3.76122889530991 34.7815513339571 0.0127880093523605 0.390244412097817 0.00767833872793115 0.920590467448807
1591949573.51364 50.4345587776511 -3.76151749759158 34.78395913847 0.0127191625398825 0.389957359799136 0.007608703784335 0.92071362978371
1591949573.54664 50.4368198234215 -3.7617641122451 34.7862827510759 0.0126772553397791 0.389579911509876 0.0074254665082655 0.9208754759424
1591949573.57964 50.4390333929391 -3.76200052056486 34.7885577103347 0.0126825001834403 0.389117733139585 0.00721933377600484 0.921072432094913
1591949573.61264 50.441164859461 -3.76219571348203 34.7907808406239 0.0127595800027614 0.388670255311522 0.0070005362262565 0.921261970476788
1591949573.64564 50.4432673408821 -3.76242551072188 34.7928736932634 0.0128914749447795 0.388263754912589 0.00681978817611374 0.92143288251731
1591949573.67864 50.4452396595701 -3.76263716943135 34.7949998812449 0.0130617546307033 0.387990035505453 0.00658761409113403 0.921547462833592
1591949573.71164 50.4471405748563 -3.76281441632066 34.7969745211464 0.0132419662612871 0.387801510017383 0.00632160399403288 0.921626104491792
1591949573.74464 50.4490603449456 -3.76295430381323 34.7989958491944 0.0134055316699173 0.387718354113031 0.00602904823450822 0.921660686034679
1591949573.77764 50.4508523718927 -3.76312926411232 34.8009305717113 0.0135297745536621 0.387714691778729 0.00574101361606687 0.921662250361873
1591949573.81064 50.4526244306601 -3.7633158850746 34.8027841042426 0.0136491405927147 0.387701774326037 0.00551561178901044 0.921667300695927
1591949573.84364 50.4545268949709 -3.76351398037351 34.8046099373399 0.0137299848801141 0.387589509407449 0.00532987409626455 0.921714409215025
1591949573.87664 50.4562896337065 -3.76366138963625 34.8063968944971 0.0138568571395497 0.387452772953922 0.00523710357558562 0.921770529463092
1591949573.90964 50.4579646225963 -3.76384205076591 34.8081444185576 0.0139269063344897 0.387260318114804 0.0052339496451586 0.921850363705891
1591949573.94264 50.4596261643681 -3.76403090163653 34.8098548063369 0.013965492153539 0.386995901854218 0.00527122519404099 0.921960601740608
1591949573.97564 50.4613397069082 -3.76418698517958 34.8114642379682 0.0139942936704935 0.386670785866194 0.00531285183203058 0.922096327239023
1591949574.00864 50.4629654557705 -3.76436102809271 34.8130244898719 0.01402532897595 0.386380360001995 0.00534511927877384 0.92221740237958
1591949574.04164 50.4644529892724 -3.76453449371933 34.8146484814397 0.0140632618186097 0.386207453685596 0.00538619591825635 0.922289009084593
1591949574.07464 50.4661225725687 -3.76468602925911 34.8162087687572 0.0141584884962923 0.386033857860758 0.00544039600549991 0.922359907996843
1591949574.10764 50.4675701271689 -3.76484235561107 34.8177244932034 0.0142970226832875 0.385986810200571 0.00544190016042152 0.922377451597895
1591949574.14064 50.4691234566144 -3.76499399111803 34.8192664555477 0.0144636994881414 0.385963729770917 0.00541104178316631 0.922384692698909
1591949574.17364 50.4705780544905 -3.76513661167272 34.8207422264621 0.0146472296674925 0.385947629394727 0.0053503867637923 0.922388887286234
1591949574.23964 50.4735006052372 -3.76542060396984 34.8237619236443 0.0149416199610221 0.385833638322227 0.00509627324389868 0.922433292726903
1591949574.27264 50.4749668074725 -3.76557199651781 34.8252383580435 0.0150879934528503 0.385679024788118 0.00493901422393747 0.922496421906637
1591949574.30564 50.4763111499411 -3.76574449241963 34.8266825955159 0.015228996859306 0.385500798091994 0.00478638270985304 0.922569402736537
1591949574.33864 50.4777849375341 -3.76589425480638 34.828204788018 0.0153630680708313 0.385245016459081 0.004650447761117 0.922674713411241
1591949574.37164 50.4792213595398 -3.76603408877973 34.8296857668 0.0155242772462689 0.385011867216253 0.0045278485361946 0.92276993747427
1591949574.40464 50.4807832035054 -3.76614685895668 34.8310624354411 0.0156787934270621 0.384705819355456 0.00442982104618434 0.922895435396783
1591949574.43764 50.4823154554703 -3.76625854376628 34.8326269267526 0.015819931390908 0.384547446509695 0.00429807185756775 0.922959651193901
1591949574.47064 50.4837414339709 -3.76640957096395 34.8341185991264 0.0158694808344594 0.384485866889916 0.00421491785090471 0.922984838557744
1591949574.50364 50.4852751613809 -3.76659260122384 34.835683224574 0.0158743287115472 0.384457328584824 0.00414017122125919 0.922996981125961
1591949574.53664 50.4868020455612 -3.76674644201287 34.8372672785117 0.0158489816881036 0.384482218247845 0.00409937140751271 0.922987231106005
1591949574.56964 50.4883328394388 -3.76691433917419 34.8388270358648 0.015798209308146 0.384502948666658 0.00408988261852543 0.922979507849155
1591949574.60264 50.4899366139632 -3.76708834861646 34.8404565929952 0.0157364205199859 0.384508751778897 0.00409409020244329 0.92297812720566
1591949574.63564 50.4914869932229 -3.76727369828608 34.8420545151108 0.0156404891222126 0.384480234114711 0.00413676727715297 0.92299144732311
1591949574.66864 50.4930737307366 -3.76745413505477 34.8436614368353 0.0155827744364985 0.384398337696806 0.00419183533858259 0.923026285450901
1591949574.70164 50.4946909176802 -3.76765568747281 34.8453109767659 0.0155460188381974 0.384293993548838 0.00426606302436164 0.923070012797968
1591949574.73464 50.4963861928532 -3.76782712007402 34.8469894584413 0.0155392167457198 0.384170971856939 0.00431578688466027 0.92312110316523
1591949574.76764 50.4980768747711 -3.76798480101691 34.8486301209075 0.0155663157563152 0.38403614038743 0.00436619685950396 0.923176510216267
1591949574.80064 50.4996911623121 -3.76814271220707 34.8502666487647 0.0156018548147795 0.383956383134977 0.00441961465416604 0.923208830645892
1591949574.83364 50.5013458684565 -3.76829698597423 34.851907734378 0.0156574262877707 0.383906338242783 0.00445501797958954 0.923228531444876
1591949574.86664 50.5030780618262 -3.7684648558968 34.8536511750501 0.0156675808826782 0.383892726640084 0.00450699834590003 0.923233766880326
1591949574.89964 50.5047688877327 -3.76862813366632 34.8553273116191 0.0156657035933977 0.383890949917655 0.00454718160563153 0.923234340480081
1591949574.93264 50.5064426799327 -3.76879737260523 34.8570209094847 0.0156523885168845 0.383897707092488 0.00459521231339701 0.923231518767986
1591949574.96564 50.508185142812 -3.76894219044238 34.8587536108121 0.0156219089327535 0.383884807864857 0.00458101093478088 0.923237469230248
1591949574.99864 50.5098376398364 -3.7690836010575 34.8604461469033 0.0156123847048539 0.38382888554206 0.00458311968396207 0.923260870545985
1591949575.03164 50.5115761470445 -3.76929209615808 34.862192943462 0.0155304840088113 0.383754791182106 0.00463206132084695 0.92329280746638
1591949575.06464 50.5133622649767 -3.76948753766674 34.8639569089475 0.0154708870914121 0.383659838268253 0.00469788987008735 0.923332935610634
1591949575.09764 50.5150569615983 -3.76967323163485 34.8656986619678 0.0154316649039168 0.383569886249149 0.0047167096180891 0.923370867382921
1591949575.13064 50.5168260899603 -3.76981202073467 34.8674634855371 0.0153804259487637 0.383470562826714 0.00471947126603998 0.923412960995224
1591949575.16364 50.5185871928728 -3.76997678442019 34.8692539626426 0.0153647680219198 0.383393953508644 0.00472457032412005 0.923445005808087
1591949575.19664 50.5203820398882 -3.77016256512364 34.8710529543785 0.015341556333586 0.3833350154985 0.00473989400985822 0.923469780743692
1591949575.22964 50.5221738524864 -3.77035473087228 34.8728436289571 0.0153045777657854 0.383289763979019 0.00474407610428363 0.923489155578037
1591949575.26264 50.5239581556328 -3.77053498225438 34.8746591991228 0.0152798842869266 0.383271532334869 0.00474167420313516 0.923497143560071
1591949575.29564 50.5257595772039 -3.77070740036487 34.8765201634579 0.0152635375600594 0.383262156240156 0.00473173182979172 0.923501356105767
1591949575.32864 50.5275257454474 -3.77090528179328 34.8783657768442 0.0152156872044279 0.38324546583516 0.00473300338629928 0.923509065715455
1591949575.36164 50.5293833844552 -3.77114373952526 34.8801952727734 0.0151651806471887 0.383181956730708 0.00478576794970393 0.923535977510944
1591949575.39464 50.5312233875409 -3.77132027023136 34.8820311903262 0.0151256042917609 0.38309672442078 0.00483168134264766 0.923571746367483
1591949575.42764 50.5330437910448 -3.77147721156872 34.8838470826272 0.0150988993214416 0.383003607933014 0.00485268057953978 0.923610692359485
1591949575.46064 50.5349383568392 -3.77161982473482 34.8857135546837 0.0150745631476532 0.382892382721129 0.00486938804822327 0.923657117040777
1591949575.49364 50.5367055399895 -3.77178173010746 34.8875618517769 0.0150017037124657 0.38281631759498 0.00486682553704853 0.923689845065937
1591949575.52664 50.5386104465429 -3.77194855638904 34.8894470055278 0.0149842416236239 0.382720137089583 0.00488464012620146 0.9237298898812
1591949575.55964 50.5404592053466 -3.77212043733463 34.8913408485779 0.0149974515965887 0.382647740629821 0.00489117912847413 0.923759632914989
1591949575.59264 50.5422389126252 -3.77230862734217 34.8931731070516 0.0150209975089142 0.382592026793969 0.00488839094281955 0.923782341410308
1591949575.62564 50.5441348025568 -3.7727311518775 34.8951284936354 0.0149734341581019 0.382499339314552 0.00495255402615467 0.923821153634221
1591949575.65864 50.5460482017793 -3.77292616185844 34.8970741800375 0.0150333950830965 0.382405461563831 0.00495811329161013 0.92385901365469
1591949575.69164 50.5479625319062 -3.77312564829771 34.8990069655557 0.0151280274533486 0.382299006887843 0.0049511182877636 0.923901563233682
1591949575.72464 50.5498759892355 -3.77333051160339 34.9009553715591 0.0152213186610759 0.382161166782384 0.00492656136580317 0.923957186808379
1591949575.75764 50.5518452420706 -3.77352500038946 34.9029657184671 0.0153595915365728 0.382008021788871 0.00491630006192749 0.924018281329155
1591949575.79064 50.5538734908806 -3.77370927896974 34.9049845127671 0.0154964848749769 0.381783381967911 0.00492194186116796 0.924108804577675
1591949575.82364 50.5559124719522 -3.77387862412754 34.9070617748604 0.0156395822688134 0.381536645315615 0.0048919180245958 0.924208450992418
1591949575.85664 50.557941686538 -3.77409611745803 34.9091577295777 0.0157618875540956 0.381247646979525 0.00492148306669505 0.924325469506132
1591949575.88964 50.5598958194002 -3.77428868222409 34.9112946749434 0.0158886452931065 0.380937656841069 0.00491658688760765 0.924451123491428
1591949575.92264 50.5618034785518 -3.77444193253351 34.9133777440198 0.0160210120249135 0.38055183761384 0.00488009317466622 0.924607922718075
1591949575.95564 50.5641602151681 -3.77444143509865 34.9160210571255 0.016106470730897 0.38014858731096 0.00493622130595825 0.92477200805674
1591949575.98864 50.5663624990299 -3.77462891675107 34.9183572548373 0.016173878281347 0.37964777174018 0.00490989345470962 0.92497668512256
1591949576.02164 50.5685741701529 -3.77481412474811 34.9206596982077 0.0161969109981522 0.379063648322399 0.00488451938425898 0.925215948881674
1591949576.05464 50.5707142612001 -3.77498902401587 34.9230810419186 0.0161791926136108 0.378477607633509 0.00482784000347362 0.92545644209076
1591949576.08764 50.5730394051835 -3.77512218350878 34.9255269616524 0.0161900299854561 0.377765401267711 0.00472259569190971 0.925747741895192
1591949576.12064 50.575308641026 -3.77567054353243 34.9281159635146 0.0160373612092687 0.377034370222955 0.00485156599928726 0.926047703427517
1591949576.15364 50.5776091292244 -3.77591640082584 34.930667553728 0.0160221938458227 0.376206057974316 0.00480553628763101 0.926385016107655
1591949576.18664 50.5799658953683 -3.77617885389935 34.9332980734194 0.015974368124314 0.375314613820192 0.00476687619409984 0.926747558457738
1591949576.21965 50.5822657713233 -3.77646352204171 34.9359480328444 0.0159019577521253 0.374371585395599 0.0047511860538955 0.927130233580545
1591949576.25264 50.5847138332346 -3.77671872351539 34.9387106218132 0.0158677481010085 0.373360815366309 0.00465412312111622 0.927538816038003
1591949576.28565 50.5870370581421 -3.77698819446281 34.9414946234191 0.0158150425769764 0.372313053332133 0.00454259175885329 0.927961335189622
1591949576.31865 50.5895088314398 -3.77745190980217 34.9441550982839 0.0158281359850588 0.371144257306611 0.00438600707364114 0.928429950680994
1591949576.35165 50.592025231383 -3.77770887434468 34.9470395930397 0.0158516842678504 0.36992773379648 0.00424673597315042 0.928915583413072
1591949576.38465 50.5944864292597 -3.77800103291188 34.9500222143977 0.0158036289277233 0.368679871251972 0.00418191031784205 0.929412669094002
1591949576.41765 50.5970471619471 -3.77826872299753 34.9530453333896 0.0158349414558331 0.367322651929276 0.00410143077489132 0.929949731046971
1591949576.45065 50.5995999510795 -3.77855500755701 34.956159242966 0.0158582072521964 0.365915613939451 0.00400491898457096 0.9305042941126
1591949576.48365 50.6021581223234 -3.77884693343285 34.9592380705507 0.0159017204143317 0.364393819107157 0.0038767235991474 0.931101095960315
1591949576.51665 50.604818276181 -3.77914542858591 34.9625520612217 0.0159492211463687 0.362821049714639 0.0037426502484992 0.931714817311558
1591949576.54965 50.6074830827274 -3.77944775317979 34.9658065685691 0.0159969689103237 0.361161017876584 0.0036068500882527 0.932359269157803
1591949576.58265 50.6101890929017 -3.77977845543801 34.9691651972553 0.0160671072283152 0.359437278683557 0.00351310494509597 0.933024302390628
1591949576.61565 50.6128749471677 -3.78010082386694 34.972643952334 0.0161824774355423 0.357700896796761 0.00338804649083866 0.933689839826811
1591949576.64865 50.6157381607712 -3.78044504488775 34.9761791093817 0.0163451072472795 0.355868569256358 0.00329688078988923 0.934387248126581
1591949576.68165 50.6185165579824 -3.78071506898347 34.9798454452568 0.0164789291208476 0.354086686439963 0.00305756276294499 0.935062412190196
1591949576.71465 50.6214039398066 -3.78102704313597 34.9835621459527 0.0165575349241657 0.352214895516116 0.0028859031813189 0.935768233579573
1591949576.74765 50.6243037970584 -3.78136838468279 34.9873651963754 0.0166032332786129 0.350322398796756 0.00268927430592286 0.936478145687175
1591949576.78065 50.6272488364723 -3.78173361734945 34.991280554151 0.0166389025030453 0.348402192849261 0.00249972679356433 0.937194115595738
1591949576.81365 50.630225616541 -3.78209855236343 34.9952404669436 0.0167037809712644 0.346436073637446 0.00231756794689686 0.937921990073133
1591949576.84665 50.6331963712884 -3.78246597581739 34.9993221050453 0.0166917063187664 0.344455201235365 0.00218615099827101 0.938651810857405
1591949576.87965 50.6363342727505 -3.78285195408104 35.0034987440865 0.016658770832974 0.342400321283001 0.0021240497636698 0.939404063091188
1591949576.91265 50.6394723431605 -3.78320197981687 35.007738144134 0.0166450583658086 0.340298962323869 0.00204899160685442 0.940167729666729
1591949576.94565 50.6425687359708 -3.78365290866478 35.0120038986026 0.0166098273160832 0.338180349196856 0.0019728134940137 0.940932661278447
1591949576.97865 50.6457938279916 -3.78403829404605 35.0164335244396 0.0166347232914823 0.336027987443413 0.00182680795018888 0.941703318677628
1591949577.01165 50.649041150216 -3.78440401402896 35.0209600530393 0.0166460711483221 0.333857274565286 0.00173024663900066 0.942475057909615
1591949577.04465 50.6522944391797 -3.78478460365433 35.0255187880337 0.0166904314498222 0.331631086182302 0.00166427556085825 0.943260029028275
1591949577.07765 50.6555835643592 -3.78516315904122 35.030220030857 0.016710571162808 0.329378106004028 0.00161146121357846 0.944048845817508
1591949577.11065 50.6589371662519 -3.78556035176519 35.0349684546922 0.0167743275647255 0.327061135126999 0.00148373251401374 0.944853128460724
1591949577.14365 50.6622929635408 -3.78598445211681 35.0398454231033 0.0167904521246244 0.324729217752188 0.00132162689865195 0.945657056843465
1591949577.17665 50.6655218041189 -3.78638305011796 35.0448129855329 0.0168292808049727 0.322475164168586 0.00119678589806384 0.946427552169497
1591949577.20965 50.6689689797127 -3.78682136301655 35.049902371645 0.0167512452526684 0.320138315658344 0.000949341800400899 0.947222230197365
1591949577.24265 50.6723257180925 -3.78724698554125 35.0550466004099 0.0166422707793307 0.317831478810314 0.000666109140362361 0.948000918880973
1591949577.27565 50.6757378652664 -3.7876842166997 35.0602860724557 0.0165227873422968 0.315546840974397 0.00039615777139662 0.948766057418023
1591949577.30865 50.6792045632753 -3.78812884124488 35.0656122554097 0.0165076260316501 0.313279173714338 0.000138782299889373 0.949517581901006
1591949577.34165 50.6826724365479 -3.7885583252004 35.0710200432621 0.0164997684259745 0.311056731551686 -0.000127520440383642 0.950248099780688
1591949577.37465 50.6861385896958 -3.78900005554889 35.0764673404926 0.0164717689472119 0.308817969055834 -0.000285791387185815 0.950978475644566
1591949577.40765 50.6897234489868 -3.78945866878917 35.0820273256871 0.0164073988581594 0.306628272499317 -0.000480104621798534 0.951687800313919
1591949577.44065 50.6932582511211 -3.78991131389545 35.0876773042152 0.0163778055417999 0.304527777537726 -0.000661003296418976 0.952362411725815
1591949577.47365 50.6969542377479 -3.79036842651667 35.09340964879 0.016393421640402 0.302425509653341 -0.00081559012738876 0.953031689740998
1591949577.50665 50.7006379766355 -3.79085340914901 35.0992276232008 0.0163511079654921 0.30042080963434 -0.000884840627897647 0.953666186599909
1591949577.53965 50.7043500361341 -3.79135182953798 35.1051145936556 0.0162340244668085 0.298494110499904 -0.000922351231275266 0.954272954512852
1591949577.57265 50.707736097302 -3.79185085967913 35.1107826399072 0.016216994688529 0.296634509034257 -0.000842447771236804 0.954853008276683
1591949577.60565 50.7115536303465 -3.79237333099773 35.1168753783802 0.0161143428123099 0.294930358063044 -0.000973847003076889 0.955382365061522
1591949577.63865 50.7153883267208 -3.79288601646721 35.1230204773116 0.0160083668801334 0.293310578441855 -0.00110119741452649 0.955882536783778
1591949577.67165 50.7192674947072 -3.79340420024006 35.129235453576 0.0158994768554078 0.291771941767714 -0.00118073506550298 0.95635503161615
1591949577.70465 50.7231607222245 -3.79393465653915 35.1355425819421 0.0158125948729745 0.290342486991043 -0.0012073100606569 0.956791379817804
1591949577.73765 50.7275978328819 -3.79451203898374 35.1422840539313 0.0156868424447705 0.288998845042558 -0.00133794963015622 0.957199979329799
1591949577.77065 50.7316420389973 -3.79506484825651 35.1487323796319 0.0156106016472417 0.28768169306174 -0.00137129020199539 0.957597865576425
1591949577.80365 50.7356178376618 -3.79562590026946 35.1552414776317 0.0155285214443159 0.286464710914817 -0.00142134194473458 0.957963889825353
1591949577.83665 50.7396831558437 -3.7961867303403 35.1618530785967 0.0154584029438744 0.285300791659034 -0.00151940323018968 0.95831215554796
1591949577.86965 50.7437637054435 -3.79675313474414 35.1685265957597 0.0154145993229653 0.284209827640483 -0.00158999036420839 0.958636863432093
1591949577.90265 50.7478778123703 -3.79726686604285 35.1752576928651 0.0154468793381719 0.283202921501069 -0.0017655382427885 0.9589339821107
1591949577.93565 50.7520991228199 -3.79781878356532 35.1820757778784 0.0154935396669509 0.282258786445665 -0.00193408344620918 0.959211231702399
1591949577.96865 50.7562816587315 -3.7983840122044 35.1889704769105 0.0156073424725934 0.281429297322492 -0.00212284566467923 0.959452685126159
1591949578.00165 50.760541855142 -3.79897006840545 35.195980207 0.0157624181021423 0.280706604145603 -0.00228434585535036 0.959661466522768
1591949578.03465 50.7648593151036 -3.79955204029413 35.2030366598268 0.0157645219789396 0.280038306167186 -0.00235746677710409 0.95985648368711
1591949578.06765 50.7692119887475 -3.80014396141064 35.2101698690396 0.0157277651120242 0.279492370259887 -0.00245330257739927 0.96001595490781
1591949578.10065 50.7736541587835 -3.80073729351258 35.2174097495553 0.0159713830365451 0.279030025951586 -0.00263887843327402 0.96014592425421
1591949578.13365 50.7781239752277 -3.8013788108512 35.2247310358125 0.0160914474896241 0.27864877760946 -0.00287279230200672 0.960253961782419
1591949578.16665 50.7827063393009 -3.80199623296297 35.2321040080451 0.0159941815156083 0.27832079684604 -0.00295648908707261 0.96035044612522
1591949578.19965 50.7873516333027 -3.80263436304159 35.2395612705476 0.0159242037143913 0.278088914262322 -0.00293365809019007 0.960418850893023
1591949578.23265 50.7920331369678 -3.80328044421844 35.2471133474067 0.0160095277410555 0.27794549465321 -0.00290474011873116 0.960459035830437
1591949578.26565 50.7967467996591 -3.80392927147077 35.2547454677799 0.0161306280837627 0.27790378077695 -0.00291857385393406 0.960469038227761
1591949578.29865 50.8013899070766 -3.80466461053886 35.2623419780481 0.0163184698811726 0.27790611240104 -0.00301100178064995 0.960464905188709
1591949578.33165 50.8062757733906 -3.80529400062658 35.2701520218677 0.0163888355548504 0.278002957288403 -0.00312747561965547 0.960435307922562
1591949578.36465 50.8112356564175 -3.80595073086278 35.2780694063221 0.0164784794335714 0.278204093986677 -0.00319144228491841 0.960375320643316
1591949578.39765 50.8162692618991 -3.80661028299242 35.2860394294472 0.0166559703981215 0.278488296504288 -0.00322204469652 0.960289782195047
1591949578.43065 50.8213283272184 -3.80742082878054 35.2940343109086 0.0168569215898014 0.278890231539901 -0.003290737234146 0.960169388178248
1591949578.46365 50.8265649808067 -3.80807415833691 35.3022088479088 0.0170387729476953 0.27939115988926 -0.00330118113404475 0.960020500924481
1591949578.49665 50.8318202089819 -3.80874506578688 35.3104506480281 0.0170925102538329 0.279990594754955 -0.00333641484188499 0.959844769365335
1591949578.52965 50.8372267802642 -3.80945515928347 35.3188004486836 0.0170599888151799 0.280683280831755 -0.00332376636240939 0.959643061362044
1591949578.56265 50.8426360110611 -3.81015773808042 35.3272023826075 0.0169789804919883 0.281479842015808 -0.00333521174733824 0.959411115801151
1591949578.59565 50.8482162398833 -3.81093698625873 35.3357570467883 0.0169558768074612 0.282306841580813 -0.00337576051110802 0.959168363573011
1591949578.62865 50.8538795801162 -3.81167283363441 35.3443736389701 0.0167873368653464 0.283251101321479 -0.00328632462293316 0.958893215635407
1591949578.66165 50.8595557889418 -3.81240785125706 35.3530159563907 0.0166213876841805 0.284278626510976 -0.00323997421524743 0.958592141918329
1591949578.69465 50.8653139344463 -3.8131460748017 35.3617739100886 0.0164125572288568 0.285374582253559 -0.00320132032008064 0.958270174489963
1591949578.72765 50.8712218704143 -3.81395304487561 35.3706276768598 0.0162193369002486 0.286491885375585 -0.00305021737971114 0.957940514279668
1591949578.76065 50.8771894027154 -3.81473377466659 35.3795456210799 0.0161203531116179 0.287683745307723 -0.00289471993430525 0.957585410027628
1591949578.79365 50.8832812571484 -3.81552102009226 35.3885210852998 0.0159606921098105 0.288899069069436 -0.00271090326749064 0.957222667513502
1591949578.82665 50.8894632234101 -3.81630907005067 35.3975992775087 0.0156935320061322 0.290158449155526 -0.00259352025586531 0.956846414577342
1591949578.85965 50.8957279468095 -3.8171209380447 35.4066747867119 0.0154526875685586 0.291430548446296 -0.00239529111676861 0.956464172073197
1591949578.89265 50.9020306606311 -3.81794936449 35.4158884463388 0.0152386711398701 0.292768743264365 -0.00234647830778784 0.956058962569175
1591949578.92565 50.9084767478577 -3.81877920604284 35.4251721641682 0.015076653407872 0.29410159954655 -0.00236795406837717 0.955652309399035
1591949578.95865 50.9149445757011 -3.81962725693799 35.4345227069169 0.014987145562685 0.29548168242029 -0.00236680011103296 0.955227909495525
1591949578.99165 50.9215111808914 -3.82039426472893 35.4438032592038 0.0149088881961292 0.296843008461545 -0.00234520665971984 0.954807024160368
1591949579.02465 50.9282106396198 -3.82122098870664 35.4533021183958 0.0147405872063665 0.298248353310893 -0.00237035754976879 0.954371529458648
1591949579.05765 50.9349646681633 -3.82202767144617 35.4629054145218 0.0146185940180411 0.299669532396567 -0.00250434517050344 0.953927773113576
1591949579.09065 50.9418025786666 -3.8228293583728 35.4726039764533 0.0146366120298721 0.30110995196683 -0.0026240515282212 0.953473481942942
1591949579.12365 50.9493907615014 -3.82340929673553 35.4825928512489 0.0145765409889232 0.302483708095744 -0.00266343005876373 0.953039367985273
1591949579.15665 50.9564684118033 -3.82421661891382 35.4924236498622 0.0144572948803299 0.303891466124431 -0.0028453377319924 0.952592708083931
1591949579.18965 50.963605752656 -3.82503491539092 35.5023601004389 0.0143460546617574 0.30534593869751 -0.00308930618153458 0.952128407634125
1591949579.22265 50.9708679895593 -3.82585238551858 35.5123874458715 0.0142273249805591 0.306807343289377 -0.00331231255030018 0.951659532560454
1591949579.25565 50.9776933021485 -3.82698232145901 35.5222221341703 0.0142040597549296 0.3083236910495 -0.00357009149211364 0.951168755095976
1591949579.28865 50.985231256625 -3.82783059701518 35.5323383911538 0.0143122944612048 0.309777817517618 -0.0035826081977918 0.950694497154464
1591949579.32165 50.9928123738201 -3.82873380272641 35.5425101718877 0.0143602952878159 0.311282247816939 -0.00343664327208521 0.950202785512809
1591949579.35465 51.0005989246663 -3.82966623657046 35.5527081710486 0.0146790436449509 0.312735334637985 -0.003211931409777 0.949721443183819
1591949579.38765 51.0084775776735 -3.83065132514554 35.5629409856287 0.0150920242369416 0.314204706530627 -0.00299245060725306 0.949230571798969
1591949579.42065 51.0164921880463 -3.83159719927727 35.5732712752613 0.0154926518203185 0.315669473222079 -0.00281693309017819 0.948738544754684
1591949579.45365 51.0245415955599 -3.83257104192637 35.5837228686068 0.0156810554817519 0.317196763578421 -0.00285345138017425 0.948225804062289
1591949579.48665 51.0325926925886 -3.8334985791441 35.5942044410272 0.0157453773325924 0.318724910728354 -0.00316648404727956 0.947711183722465
1591949579.51965 51.0408141205364 -3.83441909575238 35.6047867000855 0.0159792207099448 0.320280785701815 -0.00339393631036311 0.947181800929501
1591949579.55265 51.0491635091009 -3.83540294867141 35.6154021831173 0.0162701023653764 0.321843831194494 -0.00333661296835249 0.946647082658036
1591949579.58565 51.0576019642889 -3.83634133416282 35.6260388598918 0.0165866957894414 0.323430886145861 -0.00303595803095214 0.946101541256818
1591949579.61865 51.0661943008731 -3.83728985391166 35.636752841126 0.0170032101182354 0.325026310436984 -0.00285689520934902 0.945547791768962
1591949579.65165 51.0747948590429 -3.83827440259081 35.6475533425495 0.0172507918718075 0.326647372172094 -0.00290290568826515 0.944984379538321
1591949579.68465 51.0834888310631 -3.83925253841629 35.6585200049968 0.0173506926537104 0.328279427598651 -0.00314193882991815 0.944416062495936
1591949579.71765 51.0923077226307 -3.84020329762488 35.6694613149049 0.0173406301790501 0.329871172738252 -0.00336306618031544 0.943860689788038
1591949579.75065 51.1011600514077 -3.84120394539797 35.6804873674685 0.0172322647912451 0.331478228795704 -0.00343130606190701 0.943299241504697
1591949579.78365 51.1103229167236 -3.84221738294724 35.6915973906101 0.0171315480999333 0.333011710822828 -0.00337499826335905 0.942761008899538
1591949579.81665 51.1195085365742 -3.84328320146406 35.7027409211203 0.0169710453631132 0.334543642078411 -0.00313299531161573 0.942222224055754
1591949579.84965 51.1287861535309 -3.84435840510541 35.7139404063731 0.0166341826363968 0.336081934087073 -0.00278863636733548 0.941681719614182
1591949579.88265 51.1383029952242 -3.8453086701177 35.7252817211552 0.0161559667130184 0.337520790482863 -0.00264090013557617 0.941175714932055
1591949579.91565 51.1477450053283 -3.84638084513778 35.7365981486591 0.0158907992746738 0.339070421029065 -0.00273201402427754 0.940622808665065
1591949579.94865 51.1573384639032 -3.84745338747062 35.7479889974377 0.0156975044884839 0.3406231150633 -0.00276788302270151 0.94006479599067
1591949579.98165 51.1669819677651 -3.84853969693367 35.7593186970673 0.0155591833300881 0.342136619599094 -0.00256582088023885 0.939517888018433
1591949580.01465 51.1769835532707 -3.8496790721973 35.7708487155419 0.0156286284332315 0.343607009300027 -0.00219694501299335 0.938980906390432
1591949580.04765 51.186958552863 -3.85080016008083 35.7823059406859 0.0154920499471479 0.344942099021354 -0.00169736157839734 0.938494573066275
1591949580.08065 51.1969969652991 -3.85187838003079 35.7938142477885 0.0153281217550736 0.346255256202422 -0.00125106501831301 0.938014275516091
1591949580.11365 51.2071068897315 -3.85300642107602 35.8053995517307 0.0153941616950671 0.347499580209347 -0.00101828259977218 0.937553211631522
1591949580.14665 51.217347730705 -3.85409002220586 35.8171041374922 0.0152852933396619 0.348677573222056 -0.00093057543739925 0.937117625364529
1591949580.17965 51.2276693492537 -3.85516911539178 35.8288320079988 0.0153839837135929 0.34982948040716 -0.000868061382509912 0.93668666807668
1591949580.21265 51.2380082618039 -3.85626705419021 35.8405297127316 0.0155440831487967 0.350961758331467 -0.000743765154047369 0.936260472561639
1591949580.24565 51.2484788866039 -3.85736908361172 35.8523095630791 0.0156424440933821 0.352092536272673 -0.000610342175552935 0.935834273430018
1591949580.27865 51.258794359021 -3.8584210808266 35.864097589632 0.0158896624806578 0.353215581695789 -0.00074139333840575 0.935406714648486
1591949580.31165 51.2694572130145 -3.85947641425209 35.876009280937 0.0162019843584599 0.354355186028154 -0.000764023429985881 0.934970220972839
1591949580.34465 51.2801035389721 -3.86059044359133 35.887954627491 0.0163008708839129 0.35551700285321 -0.000750101437466741 0.934527356281522
1591949580.37765 51.290907739763 -3.86171422484327 35.8999903841425 0.0164338281106832 0.356626664642598 -0.000807199227844918 0.934102082102878
1591949580.41065 51.3018661055408 -3.86253072997868 35.9125584868628 0.0163799277275826 0.357777904329972 -0.000859282386180559 0.933662642914813
1591949580.44365 51.3128817061672 -3.86364120508196 35.9247350954078 0.0164514773599589 0.358855457058938 -0.00100840446300172 0.933247605382481
1591949580.47665 51.3239316666862 -3.86476714429281 35.9369564063521 0.0164539153929389 0.359875892236111 -0.00112264205526487 0.932854410146793
1591949580.50965 51.3351256656758 -3.86593313669154 35.9492535960097 0.0163483001917815 0.360863499111319 -0.00121681217180925 0.9324745505686
1591949580.54265 51.3465202007458 -3.86745289251702 35.9613022103421 0.0163865555289902 0.361789809151382 -0.00131034556221387 0.932114744967919
1591949580.57566 51.3578756287948 -3.86864338792682 35.9737180723685 0.0162234255223923 0.36267281490223 -0.00129248607672653 0.931774414370213
1591949580.60866 51.3693641435295 -3.86980092279531 35.9861705824581 0.0161706395576143 0.363491672173607 -0.00119257285706661 0.931456328792023
1591949580.64166 51.3809863755803 -3.87098056097599 35.9986533106571 0.0160030604420592 0.364241044721299 -0.000886831531632393 0.931166782551149
1591949580.67466 51.3927109079233 -3.87220942858725 36.0112411393531 0.0159345337139152 0.364905456378574 -0.000557799180011975 0.930908044546044
1591949580.70766 51.4044518562421 -3.87342245489767 36.0238371306288 0.015912763246844 0.365523563282033 -0.000334805399027598 0.930665996239682
1591949580.74066 51.4162848882576 -3.87464252931753 36.0364811313993 0.0158254715559034 0.366074520352096 -6.40587745746683e-05 0.930450963724306
1591949580.77366 51.4282081554765 -3.87585442809542 36.0492240047913 0.0159620494661973 0.366607145308758 0.000149070491447746 0.930238889621043
1591949580.80666 51.4401507886213 -3.87706558278775 36.0619916846143 0.0159763401986496 0.367107317656686 0.000257430880454265 0.930041347256192
1591949580.83966 51.4521377257669 -3.87829765409048 36.0748415785235 0.0161877554806121 0.367622670747858 0.000187362898023505 0.929834121453852
1591949580.87266 51.4641106252711 -3.87967179408561 36.0875724436102 0.0163600921314601 0.36808709358118 0.000193376656326319 0.92964735331731
1591949580.90566 51.4762246888695 -3.88088552992834 36.1005178321424 0.0164559252976977 0.368612997794592 4.06183000283103e-06 0.929437281565024
1591949580.93866 51.4883453713823 -3.88213872428237 36.1134921198079 0.0165569227266824 0.369182909264618 -0.000216260824987761 0.929209234267498
1591949580.97166 51.50062790899 -3.88339801928197 36.1264384389559 0.016653102410143 0.369711587758564 -0.000353802068570996 0.928997250201127
1591949581.00466 51.5129328854215 -3.88461372190869 36.1394966475608 0.0168507205098607 0.370260293577818 -0.00061621417928458 0.928774993471536
1591949581.03766 51.5253395448926 -3.88585265079423 36.1527121489408 0.0168573969077605 0.370815066594897 -0.000855808655992732 0.928553327573199
1591949581.07066 51.5377569257699 -3.88714795294388 36.166030202591 0.0168257005971791 0.371361258074925 -0.000969616435940921 0.928335484425964
1591949581.10366 51.5502863822889 -3.88840035973093 36.1792784203987 0.0167888177932258 0.371834267920478 -0.000992121766986204 0.928146770985897
1591949581.13666 51.5628811767426 -3.88971934322825 36.192544072013 0.0166696282155087 0.372290799696457 -0.000969521454744208 0.927965917469321
1591949581.16966 51.575698029098 -3.89099662981469 36.2062117848207 0.0166138900883844 0.372690815441941 -0.000962209812499816 0.927806342343934
1591949581.20266 51.5885199463347 -3.89234814880655 36.2196125806494 0.0163394146277282 0.373057217502378 -0.000882175490254128 0.927664032807897
1591949581.23566 51.601442756905 -3.8936689449915 36.2331126525065 0.0162002135272892 0.373446854242145 -0.000692071349907051 0.927509849638031
1591949581.26866 51.6141479257299 -3.89511231974145 36.2462984035149 0.0160146658553547 0.373830666274984 -0.000414725273201675 0.92735860994164
1591949581.30166 51.6271073786439 -3.89649022743757 36.2598272739136 0.0159166778288062 0.374200605579244 -0.000213054368356523 0.927211152197199
1591949581.33466 51.6401869400976 -3.89784657279046 36.273446209625 0.0158858390904465 0.374584142558603 -6.29335441715737e-05 0.927056824741287
1591949581.36766 51.6533250924489 -3.89925322212931 36.2870523792716 0.0158853673105258 0.374923956533769 2.86712823887975e-05 0.926919457720266
1591949581.40066 51.6665303263751 -3.90058561816287 36.3007442365665 0.0158749544041213 0.37525125813233 4.06600157269788e-05 0.926787180230464
1591949581.43366 51.6797065629294 -3.90192473749253 36.314470333224 0.0159533028910028 0.375594403254691 2.59675672839017e-05 0.926646823604498
1591949581.46666 51.6929560493616 -3.90330920933069 36.3283177571377 0.0161365799882625 0.375903149718524 -3.36566872332518e-05 0.926518446489439
1591949581.49966 51.7062403291103 -3.90461009621794 36.3421823674477 0.0162907621396816 0.376226182535171 -0.000100068447607123 0.926384618088096
1591949581.53266 51.7196679484725 -3.90596028491501 36.356057273115 0.0163324719894335 0.376509372417981 -0.000112205635043818 0.926268821806082
1591949581.56566 51.7331922456067 -3.90730243014868 36.3703748632613 0.0163722763226192 0.376761227656956 -7.51404299727555e-05 0.926165708853635
1591949581.59866 51.7467767739835 -3.90867447024825 36.3843831098106 0.0162862292218219 0.377024158132637 -7.26584206319308e-05 0.92606022355075
1591949581.63166 51.7604000978088 -3.91006766356459 36.3984127357525 0.0163178386154894 0.37723168594514 -5.12788953514265e-05 0.92597515119596
1591949581.66466 51.7740000646262 -3.91158541412172 36.4122050311253 0.0162345033623019 0.377395578180899 -6.52374782683847e-05 0.925909830498713
1591949581.69766 51.7876961647681 -3.91298524867331 36.4263673261869 0.0161713718107186 0.377605877014026 -1.69602672855193e-05 0.925825193052434
1591949581.73066 51.8014796385516 -3.91440268924627 36.4406099126502 0.0160650240553027 0.377789262521108 0.000114511399966559 0.925752221176379
1591949581.76366 51.815388942975 -3.91576058390494 36.4547789781361 0.0156973166836808 0.377941815170086 0.000462692815323756 0.925696151288441
1591949581.79666 51.8292577130622 -3.91715386097817 36.4691509157583 0.0154461621445143 0.37812346103938 0.000206984709440015 0.925626286059302
1591949581.82966 51.8430736523516 -3.91854806342156 36.4836298428012 0.0151992455582855 0.378252562034133 -0.000587146991946117 0.925577461646232
1591949581.86266 51.857005526111 -3.91998078745652 36.4981365919854 0.0148650388392105 0.378446048245031 -0.0011854385462113 0.925503221995192
1591949581.89566 51.8709596564982 -3.92139591625769 36.5127752562648 0.014497994672682 0.378609186717543 -0.00206163832649856 0.925440782292936
1591949581.92866 51.8849166818667 -3.92281204917402 36.5275443563595 0.0142761784095205 0.378799806512356 -0.00303755522713192 0.925363534279617
1591949581.96166 51.8988594979455 -3.92427033599597 36.5419378872695 0.0139478764535506 0.37897090889053 -0.00360444890674074 0.925296447040191
1591949581.99466 51.9130380116605 -3.92565960155673 36.5565938228725 0.0140507657454476 0.379108345255896 -0.00368152798200663 0.925238285465437
1591949582.02766 51.9273400759229 -3.92709222500229 36.5711307106756 0.0144718462647596 0.379267897006745 -0.00321984095831801 0.925168125580412
1591949582.06066 51.9418315166464 -3.92853413080085 36.5856966841466 0.0148375747388559 0.379420353860371 -0.00210387300063564 0.925103029489547
1591949582.09366 51.9563405769782 -3.9299270542619 36.6001693106006 0.015375289570371 0.379529429844146 -0.000811623757409123 0.925051541061189
1591949582.12666 51.9709616922113 -3.93137368915153 36.614752879652 0.0152971020002492 0.379705089293225 0.000109301132759131 0.924981098124973
1591949582.15966 51.9857570367264 -3.9328107780838 36.6296226545009 0.0149770580499227 0.379838123195226 0.000647242771309835 0.92493149420727
1591949582.19266 52.0002958236981 -3.93430496739448 36.6444464833101 0.014655879161968 0.379965716626504 0.00070863262427035 0.924884185849397
1591949582.22566 52.0148463730532 -3.93577531993259 36.6594243316363 0.0137798498416677 0.380136195429712 0.000441640567883788 0.924827764297857
1591949582.25866 52.0287546368414 -3.93734120129986 36.673982120119 0.0131140391903389 0.380356529990847 0.000229695645582186 0.924746927169454
1591949582.29166 52.0433108621002 -3.93878579292938 36.6889956583545 0.0130940873050981 0.380504547551969 0.000127952585910484 0.924686334817409
1591949582.32466 52.0579067283255 -3.94025736817051 36.7039720316759 0.0131125943785531 0.380515123380803 0.000103779348435403 0.924681723609266
1591949582.35766 52.0729442884824 -3.9418265382578 36.7190621299738 0.0130786791875696 0.380291319955101 0.000484302450295399 0.924774148410655
1591949582.39066 52.0876673748259 -3.94329414898198 36.7339034386405 0.0136764949505491 0.380091401422457 0.000846339173610199 0.924847427287649
1591949582.42366 52.102360234146 -3.94474049840883 36.7486457101582 0.0146589848396554 0.379881964209198 0.00112901195197619 0.924918122194632
1591949582.45666 52.1171788874952 -3.9462233621416 36.7635661898511 0.0157918914311387 0.379649490114567 0.00132651508562548 0.924994660081076
1591949582.48966 52.1319489712532 -3.94772179348142 36.7784268936711 0.0165716376822822 0.379529387538778 0.0014457043298341 0.925030126405599
1591949582.52266 52.1468029134419 -3.94919315511356 36.7934522421215 0.0170436444733248 0.379522908503342 0.00152928478116405 0.925024073952829
1591949582.55566 52.161601715492 -3.95069067924297 36.8084913182169 0.0177951135397091 0.379622372690496 0.00160446566643043 0.924968979899798
1591949582.58866 52.1764217812033 -3.9522391391114 36.8235164606084 0.0183828696169085 0.379695906536711 0.00168897697609425 0.924927151737199
1591949582.62166 52.1912508455186 -3.95380429171324 36.8387232866671 0.0184135711499696 0.3798552866637 0.00175508194016073 0.924860974027192
1591949582.65466 52.2062020799816 -3.95539870410645 36.854074436957 0.0181500193019954 0.379965163438871 0.00170624859410052 0.924821139511822
1591949582.68766 52.2211076190136 -3.95705176467166 36.8693671075505 0.0176080896589338 0.380082504870966 0.00165518518661366 0.9247834908948
1591949582.72066 52.2362092611509 -3.95863325820295 36.8848798064142 0.016909203916024 0.38012948184357 0.00157638925463132 0.924777362857236
1591949582.75366 52.251319894937 -3.96027481737032 36.9004382272485 0.016421326017268 0.3802062542225 0.00149307390573801 0.924754732365421
1591949582.78666 52.2664232104303 -3.96190141735573 36.9158752110866 0.0158970086358826 0.38024008070312 0.00153541286610869 0.924749916815701
1591949582.81966 52.2816913574182 -3.96353394296869 36.9314236431376 0.0152590372257471 0.380222966716611 0.00175198168021114 0.924767315558003
1591949582.85266 52.2968148218092 -3.965097597222 36.9471560128966 0.0147315771967386 0.380267563990214 0.00198718047487898 0.924757055406448
1591949582.88566 52.3121110721323 -3.96669622201572 36.9626952865921 0.0144417020647845 0.380251284411038 0.00215335157470704 0.924767949824292
1591949582.91866 52.3274203278383 -3.96824631050194 36.9782977819497 0.0143541866243948 0.380225299660638 0.00232086860947496 0.924779591250384
1591949582.95166 52.3428019032865 -3.96974988054704 36.9939401822687 0.0145059859607288 0.380234769115177 0.00249270741232666 0.924772881921281
1591949582.98466 52.3581704675275 -3.97125461116673 37.0095821713406 0.0146123941552492 0.380226428508965 0.00270419155791785 0.924774041779064
1591949583.01766 52.3736724531271 -3.97272287239958 37.0252959556677 0.0147099943267873 0.38023932313866 0.00307232020655103 0.924766042874904
1591949583.05066 52.3887632949126 -3.97442687225177 37.0412821928417 0.0149021561940759 0.380321981934001 0.00340857041060856 0.924727796406227
1591949583.08366 52.4043181006567 -3.97587998125993 37.0570871126326 0.0152392451274924 0.38035893625395 0.00366792837850218 0.924706110783917
1591949583.11666 52.419991338576 -3.97735823956723 37.0729250830124 0.0153823374785651 0.380398559400901 0.00399546290750992 0.924686085098922
1591949583.14966 52.4360215670471 -3.97867886785823 37.0884615214699 0.0155307026504345 0.380356521980542 0.00426210597486538 0.924699706885813
1591949583.18266 52.4516996658387 -3.98018131904804 37.1044155373657 0.015666738686212 0.380428132111667 0.00452238614257634 0.92466671705028
1591949583.21566 52.4674463536916 -3.98171385506321 37.1204194977256 0.0156677597002127 0.380465922088943 0.00467779573202545 0.924650378068422
1591949583.24866 52.48316915069 -3.98326804491866 37.1362562341098 0.0157384183212576 0.380496983172454 0.00475915415927395 0.924635981582533
1591949583.28166 52.4989595622118 -3.98483097517148 37.1523716843612 0.0157827781677562 0.380539349188258 0.00491586805424011 0.924616970357973
1591949583.31466 52.5148148663886 -3.98639928845657 37.1684624080934 0.0158953355300685 0.380522749567139 0.0050848944493744 0.924620959755234
1591949583.34766 52.5305939824376 -3.98799421512236 37.1845773398071 0.016018067507026 0.380509405687502 0.00514549982699599 0.92462399791927
1591949583.38066 52.5465318727319 -3.98955738984046 37.2007953520573 0.0162367367622445 0.380411939973689 0.00518135017981341 0.924660087770139
1591949583.41366 52.5623876211625 -3.99116628376089 37.2169628151281 0.0165188037128909 0.380275661844137 0.00520125150903341 0.924711034386223
1591949583.44666 52.5782619295229 -3.99275720437079 37.2332563774533 0.0166078416566516 0.380093261051286 0.00513910734473481 0.92478477608285
1591949583.47966 52.5942478564942 -3.99435555701605 37.2495625664471 0.0169102535649709 0.379857704883236 0.00502063103761473 0.924876727261095
1591949583.51266 52.6103767214245 -3.99595011510525 37.2659472214936 0.0171958534139939 0.379535740277211 0.00507119673078369 0.925003355367596
1591949583.54566 52.6263752524737 -3.9975553406051 37.2824015269269 0.0173545424581806 0.379265175939534 0.00502329596358276 0.925111621737228
1591949583.57866 52.642450902092 -3.99920072134452 37.2989312220704 0.0175433972893857 0.379020922636332 0.00491102356570151 0.925208760909119
1591949583.61166 52.658637215479 -4.00086573673835 37.3154169913371 0.0176894480526884 0.378704910133054 0.00487162732063602 0.925335583297193
1591949583.64466 52.674763872307 -4.00252082862832 37.3320739709879 0.017640120630916 0.378472665913324 0.00478498805539233 0.925431991661137
1591949583.67766 52.6908814810643 -4.00422790994088 37.3487159419716 0.0177368135518012 0.378221135353303 0.00455601352593801 0.925534127386904
1591949583.71066 52.70707375341 -4.00590036087608 37.365518859596 0.0178167498496432 0.378031550650802 0.00428464554747597 0.925611339575028
1591949583.74366 52.723197875323 -4.00762286720399 37.3823379844946 0.0177778684730554 0.377850138258696 0.00395637385413801 0.925687618755034
1591949583.77666 52.7394215089003 -4.00935623949913 37.3991782733957 0.0177451230681822 0.377648390718479 0.00368673916098326 0.925771684352787
1591949583.80966 52.7556683122776 -4.0110715068381 37.4160963265436 0.0177541307950691 0.377452382651084 0.0034886904605954 0.925852212131937
1591949583.84266 52.771921881971 -4.01281286617062 37.4330381039641 0.0178913257713239 0.377234914104647 0.00312226562218882 0.925939507473349
1591949583.87566 52.7882589943334 -4.01458050804331 37.4500948692649 0.0178905266818112 0.37700788367477 0.00290673946094512 0.926032686014822
1591949583.90866 52.8045613665413 -4.01634201048122 37.4671392662324 0.0179401038604946 0.376775102637326 0.00269073038146555 0.926127115830285
1591949583.94166 52.8209977984254 -4.01808140098258 37.4841477779914 0.0180171792975776 0.376557172003066 0.00264897913492224 0.926214370636061
1591949583.97466 52.8373609521884 -4.01986688100373 37.5012318473378 0.0179298758781254 0.376330240032614 0.00275583416137542 0.926307980839022
1591949584.00766 52.8538162813117 -4.02158794623097 37.5182739017023 0.0178109687364359 0.376054620572052 0.00291261799637123 0.926421722756697
1591949584.04066 52.8702894307645 -4.02339090827967 37.5354488559428 0.0175780148442028 0.37582658649589 0.00307348319682526 0.926518183295948
1591949584.07366 52.8864189621969 -4.02529185113248 37.5522117127937 0.017230153235273 0.375577642523972 0.00306950348108207 0.926625671133713
1591949584.10666 52.9029652233035 -4.02708046329205 37.5694176313627 0.0169139989122166 0.375410460750387 0.00308701592391675 0.926699181467571
1591949584.13966 52.919769184223 -4.02871143737326 37.5868961865266 0.0165099127922262 0.375301625222772 0.00306997766430453 0.926750607295123
1591949584.17266 52.9362773264654 -4.03048004715988 37.6041208632484 0.0159838107888968 0.375301832251747 0.00297975360033011 0.926760040986677
1591949584.20566 52.9527566515739 -4.03222191079837 37.6214156367185 0.0155032086822374 0.37540747115668 0.00291281358236499 0.926725631801202
1591949584.23866 52.9692573768193 -4.03397706667353 37.6386193082086 0.0151216196394669 0.375508101961573 0.00300648357963938 0.926690867030199
1591949584.27166 52.9858401733616 -4.03572354567704 37.6558125173997 0.0147575885797813 0.375570972303199 0.00311849963070403 0.92667088726397
1591949584.30466 53.002392140217 -4.0374310929411 37.6730230234774 0.0145167857792099 0.375651335224865 0.00318832409809157 0.926641878971516
1591949584.33766 53.0189432592192 -4.0391164848951 37.6902762370518 0.0143124652555703 0.375730029600837 0.00313799880137498 0.926613323429997
1591949584.37066 53.0354626679302 -4.04078806855183 37.7074233705442 0.0141248310534302 0.37589076622498 0.00305635934169539 0.926551282812821
1591949584.40366 53.0520198629569 -4.04243508406121 37.7245839150267 0.0140672870448854 0.375918445124447 0.00306974591612935 0.926540884532585
1591949584.43666 53.0684624170183 -4.04412549382568 37.7419095967152 0.0140305193696082 0.375893513469401 0.00303846629043804 0.926551660071067
1591949584.46966 53.0850228405688 -4.04579299003058 37.7590861937417 0.0142250550907183 0.375930194919078 0.00310940025072326 0.926533576286284
1591949584.50266 53.1016198877998 -4.0474944185346 37.7763183022262 0.0145118269747204 0.375962636791493 0.00303479851242129 0.926516212816933
1591949584.53566 53.1181164944747 -4.04917715740923 37.7934416051013 0.0148351328531308 0.375942981745971 0.00293606051761221 0.926519386120882
1591949584.56866 53.1346289657373 -4.05086164301396 37.8106586384131 0.0151988557851183 0.375939723237385 0.00271748732479358 0.926515479923386
1591949584.60166 53.1513092730485 -4.05254175875247 37.8279595488549 0.0154857915558891 0.375908710812387 0.00258705200635125 0.926523684833353
1591949584.63466 53.1678631054956 -4.05420952862789 37.8451990668224 0.0158458292337928 0.375909618586019 0.00253785630581619 0.926517364994191
1591949584.66767 53.1844829037 -4.05591902064106 37.8624588369275 0.0160040620933967 0.37591980197492 0.00251277876268597 0.926510581926908
1591949584.70066 53.2011288410408 -4.05762916013054 37.8797196267219 0.0159762596171715 0.375928324700306 0.00260682045949917 0.926507343901687
1591949584.73366 53.2177452316656 -4.05933637587031 37.8970613747292 0.0158544935065157 0.375933888156853 0.00274317343975803 0.926506784524755
1591949584.76666 53.2343650720649 -4.06108969829089 37.9144027366764 0.0155252023527938 0.375922386092776 0.00279515475073659 0.926516872396903
1591949584.79967 53.2511897571222 -4.06287803296511 37.9318145209435 0.0151191619041507 0.375876022684046 0.00272919456989787 0.92654259373843
1591949584.83267 53.2678286653381 -4.06459947801526 37.9492379102877 0.0145518427574519 0.375854082328753 0.00290353072627072 0.926560047799653
1591949584.86567 53.2844654859823 -4.0664001917248 37.9666078898979 0.0139772036356812 0.375769375213205 0.00314756990579446 0.926602453716853
1591949584.89867 53.3014719196924 -4.06817963953577 37.9839328454543 0.0134342708014321 0.375621909407273 0.00348113673445398 0.926669079676399
1591949584.93167 53.3181175610536 -4.06987673793725 38.0013178647787 0.0130493624933074 0.375488988171289 0.00386770634036279 0.926726914872059
1591949584.96467 53.3349811721769 -4.07152613667569 38.0188279188848 0.0127328830896764 0.375280799580657 0.00416843629188627 0.926814339171124
1591949584.99767 53.3518969313176 -4.07310068759087 38.0367508882725 0.0123866926379945 0.37512134909686 0.00430875376552713 0.92688293648024
1591949585.03067 53.3685765956163 -4.07472146791159 38.0542701048926 0.0121964619247848 0.374927891286774 0.00438967728712853 0.926963350615916
1591949585.06367 53.3853388685715 -4.07638162201204 38.071733517991 0.0120415629872422 0.374702707436449 0.00442785836978653 0.927056242021419
1591949585.09667 53.4020228366369 -4.07794767983959 38.0893313626864 0.0121360903717708 0.374544813497449 0.00446684518091934 0.927118625250717
1591949585.12967 53.4186893272515 -4.07958731016763 38.1068673248193 0.0123385797551159 0.374354065784192 0.00445497876595661 0.927193046805608
1591949585.16267 53.4352993293971 -4.08123237655533 38.1243742411962 0.0127815907670332 0.374142627090562 0.00425919094244448 0.927273306433304
1591949585.19567 53.451850116159 -4.08288181823118 38.1417572919668 0.0132081894596632 0.373916133012585 0.00393556308174692 0.927360113735404
1591949585.22867 53.4684234657753 -4.08450064713632 38.1592858243935 0.0136703752848192 0.373689333538083 0.00358014580079173 0.927446270894159
1591949585.26167 53.4850178255337 -4.08612940330515 38.1766391454808 0.0142378140113548 0.373384404458563 0.00326907014883296 0.92756168761957
1591949585.29467 53.5015657712434 -4.08774440591323 38.1942095099329 0.0147242253999616 0.373178060988924 0.00283485353258632 0.92763855870073
1591949585.32767 53.5180619770961 -4.08938406033573 38.2118020904207 0.0151980105972862 0.37297319373349 0.00244439021920476 0.927714418442756
1591949585.36067 53.5344732267528 -4.09118368334413 38.2292723288167 0.015415131674845 0.372767001489119 0.002386641737382 0.927793856552993
1591949585.39367 53.5511208943598 -4.09293310775668 38.2468471521891 0.0155567720154095 0.372527166182324 0.00253344514304761 0.927887427954671
1591949585.42667 53.5677432770417 -4.09467786729479 38.2643205217701 0.0156918820120963 0.372288112995115 0.00262945140534148 0.92798082509649
1591949585.45967 53.5843224024931 -4.09644975008501 38.2819304242611 0.0156309064909125 0.372098833177239 0.00269303082587633 0.92805758479492
1591949585.49267 53.6011539566083 -4.09825945193093 38.2996392883056 0.0153476922657988 0.37184909596117 0.00294721842041168 0.928161630363245
1591949585.52567 53.617857723088 -4.10002374693294 38.317310988017 0.0149293666971983 0.37162996495865 0.00314560044915623 0.928255561983157
1591949585.55867 53.6344377522818 -4.10174132828357 38.33474501892 0.0144136317366606 0.371435661867198 0.00324441591342709 0.928341138848655
1591949585.59167 53.6511036301138 -4.10351577291597 38.3524208447489 0.0140587313885325 0.371253166795649 0.00347474521777937 0.928418744081365
1591949585.62467 53.6680946542325 -4.10530294073627 38.3704733843535 0.0137946178890933 0.370988522042622 0.00375113932463689 0.928527411541357
1591949585.65767 53.684767481519 -4.10703375414114 38.3882724384297 0.013540901880215 0.370804170130094 0.00392951237435853 0.928604043886792
1591949585.69067 53.7014610544637 -4.1087659717554 38.4059492948246 0.013440011339955 0.370573122444142 0.0040391964166328 0.928697266018098
1591949585.72367 53.7181536319096 -4.11047323129134 38.4237289556967 0.0132657959943787 0.370343034101875 0.00413518724205911 0.92879112612865
1591949585.75667 53.7349454579998 -4.11214677122038 38.4415364051001 0.0132887088667614 0.370126300025733 0.00417789104349683 0.928876998031679
1591949585.78967 53.7515927215729 -4.11379039826814 38.459273802011 0.0137309741785227 0.369878167076268 0.00403556596409163 0.928970029697277
1591949585.82267 53.7681058981765 -4.11552896344893 38.477090363212 0.013961138081387 0.369744030208425 0.00395679055175434 0.929020334845924
1591949585.85567 53.7847750135904 -4.11716326330206 38.4949007418353 0.0143560975498551 0.369508967463335 0.00379135261914627 0.929108524916565
1591949585.88867 53.8013934423948 -4.11883933128973 38.5126266873892 0.0146688571458939 0.369276089201956 0.00366986797537561 0.92919671041324
1591949585.92167 53.8172955243107 -4.12066224455151 38.5297626429812 0.0150500660108197 0.369114338650186 0.00342107091267453 0.929255829569939
1591949585.95467 53.8338678854356 -4.12236635622698 38.5475358812728 0.0153932069549828 0.368940629460106 0.00324346928927095 0.929319827088711
1591949585.98767 53.8505801666656 -4.12408623554197 38.5654050098762 0.0156617476468558 0.368760812254736 0.00322680638678314 0.929386765951838
1591949586.02067 53.8676335688262 -4.1258089196575 38.5837703439724 0.0157847995713378 0.368609087105021 0.00324175065919144 0.929444819265114
1591949586.05367 53.8842455314381 -4.12755699411545 38.601635252117 0.0156887368932162 0.368450266125254 0.0032909577313539 0.929509243915377
1591949586.08667 53.9008985954676 -4.1293390073785 38.6196291856407 0.0155053486062272 0.368262421973596 0.00334577239771339 0.92958656322787
1591949586.11967 53.9174857287201 -4.13110595950259 38.6375252604403 0.0149834185729503 0.368089468665047 0.00343991526037671 0.929663276250467
1591949586.15267 53.9341474833574 -4.13289390290962 38.6554487615589 0.0144683571801354 0.36790742067284 0.0034996731318823 0.929743270339902
1591949586.18567 53.9507988531486 -4.13471177465566 38.6733395686233 0.0139471878497052 0.367702711287698 0.00356440294783305 0.929831967128678
1591949586.21867 53.9673761488685 -4.13648936887586 38.6913609237061 0.0134313430304081 0.367537812655354 0.00373244316479505 0.929904094066124
1591949586.25167 53.9839592672871 -4.13828842132006 38.7092259101491 0.0129871113084672 0.367317421131415 0.00387594781246293 0.929996894673194
1591949586.28467 54.0005287708781 -4.14002178702283 38.7271042215224 0.0127369327380775 0.367103233904174 0.00403619122131798 0.930084241002904
1591949586.31767 54.0171495871237 -4.14172111486625 38.7450085075371 0.0125625877263411 0.366875644529833 0.0039572646937146 0.930176748202503
1591949586.35067 54.0335437585259 -4.143351468443 38.7631289503703 0.0116195321768345 0.366698469489485 0.00332176693487577 0.930261352959743
1591949586.38367 54.0500255907271 -4.1449857231939 38.7811426830063 0.0112378671625694 0.366459544981165 0.00288391550378671 0.93036164756787
1591949586.41667 54.0661746609047 -4.14666420481114 38.7987604260493 0.0107060440847679 0.366273313389291 0.002593532740339 0.930442106800208
1591949586.44967 54.0826506131273 -4.14825499341566 38.816799951995 0.0104438999221364 0.366031468904277 0.00213078543876981 0.930541427599872
1591949586.48267 54.0990347567095 -4.1498446412525 38.8347332247841 0.010235210704145 0.365780368992135 0.00187047881206918 0.930643037598645
1591949586.51567 54.1158599297463 -4.15137165771981 38.8530580848886 0.0102880906071237 0.365554914561957 0.00243668749409762 0.930729725637532
1591949586.54867 54.1323797592306 -4.15300226429562 38.8708992768041 0.0105637722244047 0.365249067930235 0.00306009995283341 0.930844864024486
1591949586.58167 54.1487635890769 -4.15465486666679 38.8886323365459 0.011313728406215 0.364850197581517 0.00326998346079399 0.930991750813317
1591949586.61467 54.1650260856791 -4.15632921854906 38.9063012892139 0.0122204568557375 0.364612782408792 0.00309427202102818 0.931073898688507
1591949586.64767 54.1813286238012 -4.15799685651145 38.923994361851 0.0132402302125059 0.364086838881644 0.00326026198956501 0.931265182828635
1591949586.68067 54.1975398992217 -4.15963396312804 38.9417972832415 0.0137648077861807 0.363606296242813 0.00331404541379882 0.931445118352224
1591949586.71367 54.213650627281 -4.16128332446116 38.959546523588 0.0143722188031427 0.363050720822375 0.00298789188638774 0.931653737146534
1591949586.74667 54.2298286254602 -4.16297389621126 38.9773509655794 0.0152967433157098 0.362424258164093 0.00291382219452221 0.931883134506875
1591949586.77967 54.2458932234705 -4.16478981147686 38.9950278929695 0.0152703968008219 0.361695262003696 0.00338092918349233 0.93216517943092
1591949586.81267 54.2620035557731 -4.16658009830415 39.0128393375761 0.0156231974891498 0.360964926455069 0.00373429249828744 0.932441039760176
1591949586.84567 54.2783271663199 -4.16841411045218 39.0307186769637 0.0153541504827487 0.360011046248621 0.00429933484622265 0.932811777563838
1591949586.87867 54.2944819891818 -4.17023877372265 39.0486516610153 0.0148851639981873 0.359203202678865 0.00503304218764375 0.933127086502332
1591949586.91167 54.3105194797146 -4.17213169994689 39.0664589595893 0.0145598160066884 0.358232767048205 0.00565517056351913 0.933501641892897
1591949586.94467 54.3265143691387 -4.17394825556545 39.0843893058787 0.0142709793984092 0.357287500368261 0.00618829961685891 0.933864918591261
1591949586.97767 54.3424776227305 -4.1757292607782 39.1023781481594 0.013988441303015 0.35636464327409 0.00646140145089715 0.934219896397702
1591949587.01067 54.3584682462526 -4.17747113200078 39.1204200505151 0.0135424054376023 0.355331007251398 0.00678661187569495 0.934617793774503
1591949587.04367 54.3740899047893 -4.17922415556975 39.1384222869192 0.013187200193475 0.354284186492372 0.00689315032310769 0.935019410189499
1591949587.07667 54.3897456923952 -4.1808876544982 39.1564547468567 0.0131642008144041 0.353169246273233 0.00688858149569068 0.935441465164279
1591949587.10967 54.405338636829 -4.18258422085736 39.1744596726232 0.0132812537877837 0.351911541820672 0.00690082678179265 0.935913593031402
1591949587.14267 54.4208697703035 -4.18421071970712 39.1925270430084 0.0135473328570682 0.350554640154564 0.0068844828941888 0.936418986316405
1591949587.17567 54.4357090571582 -4.18597644917907 39.210089271685 0.0137442540550688 0.349065710383077 0.00685471602182055 0.936972378559522
1591949587.20867 54.4510144941945 -4.18759205956728 39.22816230104 0.0138885641576545 0.347510581249335 0.00670882515050846 0.937549196240116
1591949587.24167 54.4664792793804 -4.18915787525052 39.2466269395474 0.0141227295403236 0.345971812424508 0.00652482784937388 0.938115920416858
1591949587.27467 54.4815379873639 -4.19079429859611 39.2647088117689 0.0143398636012154 0.344289958782789 0.00629929550146698 0.938732715670136
1591949587.30767 54.4964611746099 -4.19250237106253 39.2828349807651 0.0143067433874277 0.342611677815726 0.00609640837890369 0.939348385383622
1591949587.34067 54.5112103272621 -4.19421823307875 39.3009350730488 0.0141435280666865 0.340893808961965 0.0058491088108192 0.9399772122511
1591949587.37367 54.5259588697723 -4.19590718690426 39.3191111347598 0.0138775144144499 0.339164866183225 0.00554757542924354 0.94060822479258
1591949587.40667 54.5405914053049 -4.1976636123415 39.3373923608615 0.0135457708449429 0.33742870458717 0.00537047795059536 0.941238301058464
1591949587.43967 54.5550645987755 -4.19942160125011 39.3555543704318 0.0131242990616502 0.335729833159185 0.00524614035580926 0.94185227605629
1591949587.47267 54.56951531813 -4.20115911602962 39.3737600343065 0.0126981120843359 0.334047247423924 0.00495978476276401 0.942457741743947
1591949587.50567 54.5835195278663 -4.2027296732304 39.3917512021863 0.0122578625783181 0.332344795626933 0.00477267534957438 0.943066224182963
1591949587.53867 54.5976161279094 -4.20448607490589 39.4098965699414 0.0116462924212416 0.330661438518391 0.00469258326508388 0.943665913664411
1591949587.57167 54.6116658045762 -4.20620343643267 39.4280674783138 0.0114066668540166 0.328990418240487 0.00445162438242281 0.944253872482178
1591949587.60467 54.6259032976103 -4.20800725010853 39.4466452341254 0.0113775320226242 0.327412359403459 0.00407033078440928 0.944804281892414
1591949587.63767 54.6396491413003 -4.20971136715456 39.4647812166762 0.0112328628346097 0.325718945461963 0.00381559799394607 0.945392210974701
1591949587.67067 54.6533503623637 -4.21139865345787 39.4828753590939 0.0112569077492386 0.323956842780465 0.00368512188547824 0.945997709257442
1591949587.70367 54.6669691812337 -4.21298674903407 39.5009038366947 0.0113536358722886 0.32213457278636 0.00357542680938796 0.946619051303828
1591949587.73667 54.68035569148 -4.21463296931484 39.5189422641669 0.0117812673071375 0.32032347422815 0.00330633229480355 0.947229191782961
1591949587.76967 54.6937208537151 -4.21625555109781 39.5369977190403 0.0120859002636763 0.318387134974803 0.0032633644796119 0.947878111230356
1591949587.80267 54.7070122640594 -4.21787021223533 39.5550400362903 0.0122442507794279 0.31639216514012 0.00335443830360142 0.948543527680446
1591949587.83567 54.7201897348031 -4.21948549103109 39.5730796818121 0.0122517699790946 0.314272847431924 0.00352311751961554 0.949247101203029
1591949587.86867 54.7332567664558 -4.22111626478074 39.5911146595083 0.0123272666587281 0.312066382130797 0.00386124322334948 0.949972474570338
1591949587.90167 54.7461576752623 -4.2227177303129 39.6092015422412 0.0123811502059957 0.30973525369039 0.00417456398504494 0.950733060725492
1591949587.93467 54.7589941485689 -4.22438306944831 39.6272297280077 0.0123744815517205 0.307200729128457 0.00468673185506187 0.951552740931258
1591949587.96767 54.7716772017552 -4.22599238740381 39.6453916681971 0.0121196824219206 0.304523797287573 0.00528199068318053 0.952412972800125
1591949588.00067 54.7842521441315 -4.22762553512466 39.6636053557652 0.0118599897434387 0.301636400558387 0.00577679469830413 0.953331763419472
1591949588.03367 54.7965381971025 -4.22923443643918 39.6816338385606 0.0116428247335718 0.298482993635038 0.00627606480891165 0.954323298548979
1591949588.06667 54.8087899129677 -4.23085208653983 39.6998266631524 0.0116199930315052 0.295152026750221 0.00676652257239193 0.955355677765858
1591949588.09967 54.8207967041445 -4.23241213568944 39.7180658755074 0.011527184491266 0.291601203729432 0.00737981170184442 0.956442052808478
1591949588.13267 54.8326753939605 -4.23400221922604 39.7362817783874 0.0115599725397326 0.287847446991491 0.00798255310181336 0.957573231215941
1591949588.16567 54.8443250958582 -4.23551303295707 39.7546845114338 0.0117355688173862 0.283895955175715 0.00849145510791714 0.958745669220754
1591949588.19867 54.8557702102906 -4.23706391365694 39.773043531192 0.0121995030259642 0.279741900619342 0.00883817074495228 0.959957044821111
1591949588.23167 54.8668949865143 -4.23860399824584 39.7913749446892 0.0127233236590092 0.275398116195015 0.0090431683767789 0.961203524617453
1591949588.26467 54.8779122699081 -4.24014341366159 39.8099126227116 0.0132468681138566 0.270908764084844 0.00902039316538241 0.962471607131524
1591949588.29767 54.8878699543199 -4.24152241862192 39.8272980052857 0.013803825065526 0.266382428531235 0.00885399644423688 0.963727898802524
1591949588.33067 54.8983705761917 -4.24304915332783 39.846020815397 0.0143246977535408 0.261727870958203 0.00845083484566189 0.964998397920104
1591949588.36367 54.9086178130369 -4.24456473244247 39.8647845788998 0.0149518804747456 0.257037614072651 0.00797714735016515 0.966252798879394
1591949588.39667 54.9193985142952 -4.24637338047208 39.8846970100665 0.0153995726019597 0.252203004954323 0.00744186534794006 0.967523186335
1591949588.42967 54.9292591996764 -4.24796241610684 39.9036821649868 0.0157712645969754 0.247477415664325 0.00697678969218586 0.968740171746124
1591949588.46267 54.9388990645282 -4.24953197628742 39.9226896749404 0.0159295253850535 0.242773066380529 0.00649782314328486 0.969930547387596
1591949588.49567 54.9483608320598 -4.25110177456478 39.9418645624139 0.0159730572600183 0.238109553946778 0.00599228996690443 0.971088458494893
1591949588.52867 54.9575590303463 -4.25273794185164 39.9611366250788 0.0158790122706407 0.233486103818427 0.00543414485094176 0.972215288072934
1591949588.56167 54.9666365827794 -4.25436456034662 39.9804651498358 0.0155420513140343 0.228890643349194 0.00493903537644944 0.973315531550635
1591949588.59467 54.9755088734992 -4.25602685127632 39.9999402642976 0.0150553529754132 0.22437606882336 0.00440087378074348 0.974376389490287
1591949588.62767 54.9841969647967 -4.25770511502793 40.0194430151747 0.0145591576676086 0.219870358678793 0.00397037810456953 0.975412370436307
1591949588.66067 54.9926932118868 -4.25933131080473 40.0390307868359 0.0140155877942349 0.215393595211307 0.00368345041110134 0.976419784024166
1591949588.69367 55.0009765956259 -4.26098101717351 40.0585441240467 0.013463962759837 0.210914496628414 0.00343975084376471 0.977405731993074
1591949588.72667 55.0091545547888 -4.26259366248659 40.0782227616458 0.012930774610011 0.206462032270275 0.00321567464135284 0.978363881046011
1591949588.75967 55.0171047236113 -4.26417753142277 40.0979097182873 0.0124474372151089 0.202016167594503 0.00289663665780316 0.979298799566955
1591949588.79267 55.0247917986881 -4.26553255642494 40.1176926357371 0.0119600639680978 0.197580881316911 0.00256454408132373 0.980210270973308
1591949588.82567 55.0324382280515 -4.26708873920105 40.1374330079664 0.0115062395206869 0.193130057162498 0.00218396732882663 0.981103265593999
1591949588.85868 55.0398143420474 -4.26855987039479 40.1573014427833 0.0112543491973157 0.188718576630375 0.00182445044250773 0.981965024753597
1591949588.89167 55.0470323700855 -4.27016124102821 40.1771158113313 0.0109931367932945 0.184343295649217 0.00151637705106894 0.982799267853445
1591949588.92467 55.0541185337528 -4.271672229765 40.1970200668303 0.0108946904102412 0.179906165404229 0.00131035759615745 0.983622570060987
1591949588.95767 55.0609521431012 -4.2731194168243 40.2169051355064 0.0109814624301564 0.175492690322286 0.0012048704902123 0.984418747999774
1591949588.99068 55.0676863328187 -4.27455722827849 40.2368881832588 0.0110919065090379 0.171050786895324 0.00116800820282868 0.985199083266587
1591949589.02368 55.0742999719199 -4.27601075213878 40.2568937665562 0.0113886605017931 0.166593808568716 0.00101863580863035 0.985959311401659
1591949589.05668 55.0805903049134 -4.27747924393956 40.2769206998551 0.0115646737943882 0.162217211152524 0.000730177240492537 0.986687033241607
1591949589.08968 55.0858222564433 -4.27909578005958 40.2958449865751 0.0118156772071259 0.157849918156138 0.000385078472045909 0.987392345941981
1591949589.12268 55.0917897535126 -4.28053899768051 40.3159939960945 0.0122131221320633 0.153541717544814 -9.35403617727746e-05 0.988066683919348
1591949589.15568 55.0975012933196 -4.28201805486514 40.336212144673 0.0124935619673024 0.149307019568881 -0.000626432810533267 0.988711753949937
1591949589.18868 55.1037036196528 -4.28340598855145 40.3573722101772 0.0129331888107994 0.145247321610353 -0.00111511622742867 0.989310216619642
1591949589.22168 55.1091607771525 -4.28492289252987 40.3776952295808 0.0133437846554221 0.141040736120172 -0.0015239408713844 0.989912688963007
1591949589.25468 55.1143101572431 -4.28643510009939 40.3979881903007 0.0137458279270053 0.136897902049781 -0.00204019662876692 0.990487685045446
1591949589.28768 55.1192901040596 -4.28805288619892 40.4182811197159 0.0140117345025099 0.132733615849621 -0.00262932394005602 0.991049214305392
1591949589.32068 55.1241775956509 -4.28958806705078 40.4387296059521 0.0142466104817862 0.128553950374345 -0.00318355475465636 0.991595069023669
1591949589.35368 55.1288795182681 -4.29115816661123 40.4592424346301 0.0144920540468139 0.124391071480591 -0.00355986376366942 0.992121045576294
1591949589.38668 55.1333541327079 -4.29278755817054 40.4797145975848 0.0147841417094483 0.120257080328869 -0.00384396493751554 0.992625250393244
1591949589.41968 55.1377889024353 -4.29433942511512 40.5003465999834 0.014935959431776 0.11608708275658 -0.00416924614288118 0.993117980765387
1591949589.45268 55.1419618922164 -4.29599142030789 40.5208618778501 0.0149776758804628 0.111962027068742 -0.00440131432983334 0.993589856103638
1591949589.48568 55.1460428179288 -4.2976660541705 40.5415033311938 0.0150068083672375 0.107759349848762 -0.00449468942561 0.994053578027748
1591949589.51868 55.1500151150577 -4.29928109276867 40.5622700843483 0.0150330690856946 0.103622822295481 -0.00460694914647893 0.99449237983654
1591949589.55168 55.1537050678115 -4.30090739771935 40.5830123649459 0.0149393609353263 0.0995557282243982 -0.0047984466349735 0.994908260787117
1591949589.58468 55.1573590633461 -4.3025113452795 40.6038170575233 0.014582372064296 0.0955279868231029 -0.0049564549275776 0.995307586484226
1591949589.61768 55.1608245801276 -4.30411214998083 40.6247338696329 0.0141386663899096 0.0914969287283813 -0.00510607635015124 0.995691889155624
1591949589.65068 55.1640657168662 -4.30570376207059 40.6455910406579 0.0140220572052371 0.0875100151446522 -0.00509732448047079 0.996051904493062
1591949589.68368 55.1669054159138 -4.30729715719143 40.6653533326521 0.0139302422448024 0.0833890105497061 -0.00500244121986893 0.996407144119503
1591949589.71668 55.1698578173372 -4.30894074977824 40.6863051105452 0.0137400448170511 0.0794466374468981 -0.00487714130424077 0.996732489918687
1591949589.74968 55.1726694672175 -4.31052040145088 40.7073040143117 0.0136707488210755 0.0755364220380612 -0.00471961560045307 0.997038156140949
1591949589.78268 55.1756745554394 -4.31217429849784 40.7294651654779 0.0132698908987556 0.0718558729923738 -0.00506437666281812 0.99731389020762
1591949589.81568 55.1780058029321 -4.31369331363307 40.7506022432258 0.013081981171124 0.0679814198843671 -0.00619513641564369 0.997581579924136
1591949589.84868 55.1801344506517 -4.31523883954633 40.7716644392269 0.0125958266430395 0.0642309471129975 -0.00723127358661103 0.99782936380248
1591949589.88168 55.1822597417364 -4.31673100875928 40.7927300484961 0.0127217172067924 0.0604835182601315 -0.00752753947481469 0.998059736729041
1591949589.91468 55.1841925225728 -4.31828226862593 40.8137600616012 0.0127458104151441 0.0568735205301557 -0.00721429854526858 0.998273960832329
1591949589.94768 55.1860276238825 -4.31978744719466 40.8348934894048 0.0125001465065008 0.0531632032563891 -0.00718104530331895 0.998481773867299
1591949589.98068 55.1877170690407 -4.32128429431584 40.8560939268921 0.0124791911587172 0.049518785655943 -0.00716122479466962 0.998669553212986
1591949590.01368 55.1888268620854 -4.3228369651582 40.876286135436 0.0124629475428067 0.0456069639422228 -0.00730685307813024 0.99885498931357
1591949590.04668 55.1902349067178 -4.32437528209996 40.8975425655325 0.0121430489534852 0.0418871323323715 -0.0074832993047404 0.999020527686293
1591949590.07968 55.1914189267881 -4.32589129742883 40.9188444941939 0.0118734221904275 0.0382385511246146 -0.00810733561060603 0.999165204639691
1591949590.11268 55.1929048928164 -4.327338452715 40.9412954387378 0.0117652800579726 0.0350273787727444 -0.00894676943364543 0.999277046788412
1591949590.14568 55.1937602146591 -4.32875724345976 40.9626640654296 0.0119611823349764 0.031527429238193 -0.00952131306934689 0.999385959437202
1591949590.17868 55.1945007713376 -4.33024811620178 40.9840098004447 0.011781303367476 0.0280700440774744 -0.00956519546094153 0.999490760613747
1591949590.21168 55.1952631408429 -4.33177041734408 41.0054792385836 0.0113425413155914 0.0244640502657094 -0.00957414894843158 0.999590512496499
1591949590.24468 55.195682164326 -4.33322477152185 41.0268788137062 0.0110555773347085 0.0210835211499259 -0.00988134810939894 0.999667753958913
1591949590.27768 55.19607636402 -4.33470069051294 41.0483705865399 0.0109283538395843 0.0176435526050591 -0.010431800828047 0.999730190434056
1591949590.31068 55.1962104464073 -4.33614613987519 41.0697939691629 0.0108173939482857 0.0144018526669612 -0.0110892680544667 0.999776274354389
1591949590.34368 55.1961298349316 -4.3376272951083 41.0912745686135 0.0106705666697566 0.0112054880468836 -0.0118348674205159 0.999810237974045
1591949590.37668 55.1960085774837 -4.33907291027125 41.1128173971176 0.0106572471732373 0.00814523903168415 -0.012455561050723 0.999832454545619
1591949590.40968 55.1957205898318 -4.34052301498941 41.1343200655536 0.0108018219457539 0.00520766087788063 -0.0128644150621659 0.999845341908408
1591949590.44268 55.1954074878996 -4.34196593178538 41.1558842449398 0.0110192577876412 0.00224502504684046 -0.0131440812668058 0.999850373279922
1591949590.47568 55.1949133098344 -4.34341042251966 41.1774059140211 0.0113464442238049 -0.000529564230844718 -0.0134860490889001 0.999844540038687
1591949590.50868 55.1943634147117 -4.34483701858442 41.1989658151402 0.011502016132595 -0.00328605210010506 -0.0137493033809594 0.999833917279775
1591949590.54168 55.1937299190002 -4.34627856552042 41.2205583522962 0.0115469159126218 -0.00584805933806555 -0.0136880239632104 0.999822537721004
1591949590.57468 55.1929802304256 -4.34771774400848 41.2421507138517 0.0123542259351667 -0.00826270219022462 -0.0140912781655546 0.999790246368567
1591949590.60768 55.1920860664971 -4.349140973337 41.2638603573726 0.0124123362405299 -0.010655880976394 -0.0144935051186367 0.999761133680963
1591949590.64068 55.1911935862052 -4.35065821960778 41.2855546359433 0.0128554684733462 -0.0129137704081264 -0.0143648169161271 0.999730775508658
1591949590.67368 55.1901202836364 -4.35216373159805 41.3071698337247 0.0132531797685704 -0.0150884980818037 -0.0145402967452654 0.999692587859997
1591949590.70668 55.1886418063884 -4.35387944414252 41.328656462822 0.0134066095141113 -0.0172791907857468 -0.0144369221782437 0.99965657486216
1591949590.73968 55.1874557249268 -4.3554396333744 41.3503424239212 0.0138165388717223 -0.0193571731029655 -0.01459212140729 0.999610660755428
1591949590.77268 55.1861833275696 -4.35701252586493 41.3720890276345 0.0144811435568019 -0.0213068421142313 -0.014868290868282 0.999557526552155
1591949590.80568 55.1853850598946 -4.35855807737855 41.393785181039 0.0153738097870838 -0.023159082744255 -0.014828993931089 0.999503578681971
1591949590.83868 55.1839860716922 -4.36018359454885 41.4155605550763 0.0158303438180081 -0.0251141818445717 -0.0149643309094689 0.999447220660157
1591949590.87168 55.1824034069315 -4.36187078679305 41.4373460218151 0.0156654112929467 -0.0267352252611272 -0.0152958498998508 0.999402751444632
1591949590.90468 55.1808424677318 -4.36348722574588 41.4590214357919 0.016344720087012 -0.0284765554412216 -0.0153321324066023 0.999343215132492
1591949590.93768 55.1794320122591 -4.36512891098163 41.4808676965988 0.0166704838548077 -0.030110306404294 -0.0154010055982532 0.999288883878355
1591949590.97068 55.1776907124285 -4.3667845770136 41.5027252169183 0.0164446015678371 -0.0315703487054984 -0.0157364385088947 0.99924233930761
1591949591.00368 55.1759092586024 -4.36840476451469 41.5246726769213 0.0161768158713987 -0.0329322083229359 -0.0162505354176114 0.999194525796593
1591949591.03668 55.173969594614 -4.37007869242236 41.5465874699636 0.0157535011643955 -0.0340595482517031 -0.0168325085997283 0.999153862539796
1591949591.06968 55.1721163722198 -4.37175514029333 41.5687842406236 0.0153284959041812 -0.0351773743568509 -0.0173672397100727 0.999112590517969
1591949591.10268 55.170169961626 -4.37342320994726 41.5908258571013 0.0146715357107288 -0.0361012250589321 -0.0178388392812259 0.999081189594836
1591949591.13568 55.1682031814214 -4.37501200591016 41.6129689365921 0.0137976219756752 -0.0369126897707752 -0.0182936726024191 0.999055764461833
1591949591.16868 55.1662228713598 -4.37664222420353 41.6350233248156 0.0129516802221964 -0.0377205824187835 -0.0186184375190106 0.999030913148217
1591949591.20168 55.1644157581308 -4.37829239686521 41.6564627807983 0.0123729951777796 -0.0385330088862069 -0.0189503917196512 0.999001000435024
1591949591.23468 55.1623996117889 -4.37984348833642 41.6785459357728 0.0119694828160365 -0.0392740042948944 -0.0190702555170177 0.998974779172266
1591949591.26768 55.1603936212749 -4.38134203385025 41.7007328451221 0.0116162452120893 -0.0400072613117699 -0.0191763660212373 0.99894782089743
1591949591.30068 55.1582091260488 -4.38283698265222 41.7233507081816 0.0112086539643768 -0.0406285233126241 -0.0192592898118528 0.998925807518099
1591949591.33368 55.1561042845899 -4.38433991733478 41.7454447993731 0.0110417630023403 -0.0413641804700669 -0.0192520867530763 0.998897612971165
1591949591.36668 55.1540767128019 -4.38580549979628 41.7675779272466 0.0111841657027652 -0.0421477619945726 -0.0190765773914039 0.998866640143424
1591949591.39968 55.1520067323186 -4.38718939483872 41.789616048842 0.0112990986948304 -0.0428877817574957 -0.0188252440435483 0.998838614958046
1591949591.43268 55.1499292047148 -4.38862792005842 41.8117666244692 0.0115412546013762 -0.0436224156172069 -0.0184534691547806 0.998810969990868
1591949591.46568 55.1478391447439 -4.39005790779187 41.8339557148306 0.0112856036860776 -0.0443202108168751 -0.0180834983742329 0.998789938450092
1591949591.49868 55.1456846303536 -4.39146779966565 41.8561711437379 0.0110092112459475 -0.0449651771627456 -0.0177805036956987 0.99876963500038
1591949591.53168 55.1435523411938 -4.39284989249144 41.8781235653573 0.0110530599975244 -0.0456838885461818 -0.0176406678934877 0.99873901447188
1591949591.56468 55.141270136229 -4.39431787827018 41.9002821379007 0.0107911905688017 -0.0462798967124253 -0.0174616781964151 0.998717583284163
1591949591.59768 55.1390868483316 -4.39579432860185 41.9225753494887 0.0110576281481062 -0.0469150008760467 -0.0172889251702111 0.998688041692198
1591949591.63068 55.1367646187894 -4.39735998672368 41.9446918237709 0.0113317247345032 -0.0474916172472904 -0.017208063152453 0.998659111443099
1591949591.66368 55.1343989312046 -4.39892614528605 41.966848762497 0.0113777390681176 -0.0480642456506095 -0.0169988854500469 0.998634774698534
1591949591.69668 55.1320639153661 -4.40048257405802 41.9890367676334 0.0116951345357909 -0.0486662447100533 -0.0167686170433083 0.998605845134338
1591949591.72968 55.1297301334085 -4.40207990552165 42.0112859312968 0.0123163831533017 -0.0492898784720846 -0.0165493595913849 0.998571446258776
1591949591.76268 55.1273313284298 -4.40361614445127 42.0334752539591 0.0134801355810457 -0.049943180707455 -0.016389284880149 0.99852659252854
1591949591.79568 55.1249077476257 -4.40515759526607 42.0555968719419 0.0143396002330316 -0.0505310993223785 -0.0161410693727984 0.998489083438538
1591949591.82868 55.1226074287224 -4.40669492429759 42.0779547677165 0.0146727211135223 -0.0510753450245576 -0.0157094983120549 0.998463435509048
1591949591.86168 55.1201399885724 -4.40826331660944 42.1003041011431 0.0149669185317276 -0.0515545284898602 -0.015671677396928 0.998435035678045
1591949591.89468 55.1175475332944 -4.40982558360344 42.1226775433685 0.0148381375534305 -0.0519314379234312 -0.0161175632473437 0.998410326260761
1591949591.92768 55.1148976386624 -4.41138716253371 42.1452688443871 0.0139900439603791 -0.0522323823152884 -0.0169531863027814 0.998393032017872
1591949591.96068 55.1121945777252 -4.41299862941633 42.1678143715506 0.013286443191349 -0.0524021807065833 -0.0175710368004313 0.99838306303256
1591949591.99368 55.109532396751 -4.41460871853689 42.190441647317 0.012378377651668 -0.0524833131131583 -0.0181606769049489 0.998379921385508
1591949592.02668 55.1068229318032 -4.41618216338776 42.2130340544859 0.01074105087584 -0.0524624612837337 -0.0188499009975209 0.998387200045413
1591949592.05968 55.1041482569902 -4.41778118122612 42.2357116519197 0.0100379772188697 -0.0523557145135619 -0.0193010375714132 0.998391500424455
1591949592.09268 55.1015218395632 -4.41941019094029 42.2581605000249 0.00993046477059459 -0.0521767672498777 -0.0196513724613625 0.998395109357601
1591949592.12568 55.0993264319223 -4.42090672270753 42.2809701350497 0.00993363987647021 -0.0520085496741435 -0.0199377136880029 0.998398177648824
1591949592.15868 55.0966780136252 -4.42244237873833 42.3034976991659 0.00995997158534298 -0.0516676192720469 -0.020465745282803 0.998404932557325
1591949592.19168 55.0940367562094 -4.42388681430093 42.3259888630654 0.0102930784180227 -0.0512003990517816 -0.0211827659073566 0.998410668063064
1591949592.22468 55.0909415595235 -4.42533736720394 42.3480927751793 0.0118569123234105 -0.0505764515631134 -0.0214969696441832 0.998418407519391
1591949592.25768 55.0884208179222 -4.42678832447179 42.3705341772286 0.013125229267483 -0.0501274055954598 -0.0214078910486138 0.998427099875497
1591949592.29068 55.0859967169531 -4.42821374981033 42.3931225478989 0.0138852604097886 -0.0496487900302389 -0.02130596919244 0.998442914176197
1591949592.32368 55.0835127952025 -4.42966867696977 42.415781401111 0.0141955738430921 -0.0492727449002942 -0.0213101810830676 0.998457088950478
1591949592.35668 55.0810538907686 -4.43120553892075 42.4384835650321 0.0141171180158538 -0.0488276094990381 -0.0213417452269554 0.99847939459971
1591949592.38968 55.0786845645273 -4.43272441496048 42.4613216695143 0.0140964155050174 -0.0484976867382863 -0.0212667236763291 0.99849736700455
1591949592.42268 55.0762339985516 -4.43434268310265 42.4841486841312 0.0137984971420808 -0.0481042624270365 -0.0211143392350551 0.998523793452934
1591949592.45568 55.0739450080644 -4.43598350204689 42.5070417160752 0.0129917622670381 -0.0478099086378815 -0.0209166248723882 0.99855291374728
1591949592.48868 55.0715344407163 -4.43765151524485 42.5299540540072 0.0119799505196472 -0.047450453521715 -0.0206662401303617 0.998587923903051
1591949592.52168 55.0694154274357 -4.43932581397016 42.5528440230638 0.0111409861660324 -0.0472155387667814 -0.0203656080135322 0.998614947482988
1591949592.55468 55.0670606474102 -4.44093715829007 42.5758695399582 0.0105098827310862 -0.0469100007439221 -0.0201146734364624 0.998641273985673
1591949592.58768 55.0648389224062 -4.44257804129387 42.5986340623147 0.00999500145954503 -0.0466946541922577 -0.0199177592084841 0.998660599044441
1591949592.62068 55.0625008423865 -4.44411714308039 42.6215889832749 0.00941055643210781 -0.0464171939581209 -0.0198433019214821 0.998680694166832
1591949592.65368 55.0602888449065 -4.4456590553795 42.6444995816175 0.00882284607615257 -0.0461176468204965 -0.0196964945441633 0.998702842762315
1591949592.68668 55.0580249101583 -4.4471355603561 42.6674859428708 0.00863940975390451 -0.0458916035041121 -0.019533042195357 0.998718069121371
1591949592.71968 55.055845231641 -4.44858634650444 42.6902081050516 0.00877019211880368 -0.0456700304320065 -0.0194478395340275 0.998728748754134
1591949592.75268 55.0536397884213 -4.45000944351925 42.7131025127236 0.00893029361890056 -0.0454767269109923 -0.0193776517985033 0.998737514953814
1591949592.78568 55.0514221470022 -4.45146980607026 42.735823841761 0.009075332287963 -0.0452659685320738 -0.0194529485429459 0.998744318246518
1591949592.81868 55.0492362624189 -4.45292213241864 42.7585946174112 0.00911750728919262 -0.0450637287605631 -0.0196526830466571 0.998749169441504
1591949592.85168 55.0470400954864 -4.45425553162776 42.7815747710686 0.00932548443056513 -0.0448617959104845 -0.0198467431062479 0.998752502573033
1591949592.88468 55.0449023682297 -4.4556383940694 42.8044191429685 0.0096035150744664 -0.0446798903767221 -0.0199883022782329 0.998755199068407
1591949592.91768 55.0426966337202 -4.45707838833714 42.827304905295 0.00981571170722044 -0.0444809992560696 -0.0200784817272942 0.998760204994367
1591949592.95068 55.0401745830532 -4.45853114466684 42.8500002464977 0.00997764115537671 -0.0442375736046689 -0.0201928203180768 0.998767106870339
1591949592.98368 55.0381382152144 -4.45993215933634 42.8729132667127 0.00994312172239024 -0.0440942279592727 -0.0201785879918276 0.998774077545941
1591949593.01668 55.035908308775 -4.46142281890797 42.8957902736938 0.00993079813271105 -0.0439011026435926 -0.0203172109622794 0.998779897361695
1591949593.04968 55.0336702635238 -4.46288284430308 42.9187619914941 0.00988424446431339 -0.0436409805998646 -0.02040534027591 0.998789962210212
1591949593.08268 55.0314712151339 -4.46441580910749 42.9416880458374 0.00985879775317978 -0.0434441836550311 -0.0205545046679549 0.998795734547993
1591949593.11568 55.0294067099029 -4.46586410203773 42.9647080157982 0.00984055154749819 -0.043284493579053 -0.0205813484746795 0.998802294879127
1591949593.14868 55.0272125998268 -4.46734682769369 42.9872584269102 0.0097114761956083 -0.0430544818697703 -0.0206471092582154 0.998812142347252
1591949593.18168 55.0251296092718 -4.46879926800988 43.0101338059061 0.00963187143287615 -0.0428814384685018 -0.0205504353873098 0.99882235101792
1591949593.21469 55.0230367729706 -4.47025779019788 43.0331755827115 0.00959201194199335 -0.0427178030386011 -0.0204432474194982 0.998831945947568
1591949593.24769 55.0208287623765 -4.4718816441213 43.0566048527022 0.00974397059705793 -0.0425797565656483 -0.0203494945063768 0.998838283928459
1591949593.28069 55.0187797872382 -4.47327625499241 43.0795805355818 0.00976867620000896 -0.0424333405929748 -0.0204850483832812 0.998841502623992
1591949593.31369 55.0165169787448 -4.47485290298043 43.1025632764385 0.00967453843223353 -0.0422247429929265 -0.0206045930040422 0.998848799935427
1591949593.34669 55.0144136779033 -4.47628866114895 43.1254769634 0.00939818479818365 -0.042031991257009 -0.0206710756107923 0.998858194373237
1591949593.37969 55.0123561395417 -4.47779097975529 43.1484949808521 0.0093029474468184 -0.0418721995008655 -0.0206984068680024 0.99886523116529
1591949593.41269 55.0102543039833 -4.47932375249724 43.1719161901712 0.00914720383621331 -0.0417567641925173 -0.0205405540605221 0.998874760390429
1591949593.44569 55.0081834094546 -4.48079007252753 43.1950017721988 0.0087876176731183 -0.0416292774127937 -0.0204002012087849 0.998886186123505
1591949593.47869 55.0061677648062 -4.48224189572264 43.2180734147008 0.00862997073507135 -0.0416011029491843 -0.020183495667681 0.998893136597282
1591949593.51169 55.0040407644854 -4.48369513248625 43.2411908421882 0.0085584020723738 -0.0416181962950295 -0.0200631174631851 0.998895465406053
1591949593.54469 55.0019658456395 -4.48515271310297 43.2642439739412 0.00835341229204303 -0.0417575516496629 -0.0198786696502777 0.998895072505736
1591949593.57769 54.9997537265365 -4.48661608344789 43.2867515628275 0.0083281044904156 -0.0418070411904747 -0.0196700969348232 0.998897342707983
1591949593.61069 54.9976717017081 -4.48804017287616 43.3098671705413 0.00835758466010471 -0.0420801498936934 -0.0194616183999721 0.998889712216933
1591949593.64369 54.9956027669785 -4.48946140941266 43.3330406275618 0.00850224551022359 -0.0424315355740279 -0.0193258913192013 0.998876261873728
1591949593.67669 54.9934362974665 -4.49091471377913 43.3565326431751 0.00851421402741132 -0.0428510148430446 -0.0191497103235711 0.998861645715231
1591949593.70969 54.9912721356254 -4.49228589836703 43.3796483289657 0.00871691479854094 -0.0432112724639157 -0.0191281627406035 0.998844790104355
1591949593.74269 54.9890819605118 -4.49371813789938 43.4027238443091 0.0088218994262734 -0.0435272462854535 -0.0191871146053313 0.998829018178006
1591949593.77569 54.9867984232801 -4.49508325790886 43.4258838796019 0.00898456707696599 -0.0438418216857585 -0.0193785941025936 0.998810113242913
1591949593.80869 54.9845399234769 -4.49655991005545 43.4487268232899 0.00911952798912953 -0.0440984638815868 -0.0196415598361957 0.998792455327803
1591949593.84169 54.9822320158412 -4.49798726385717 43.4718172030791 0.00919761503960234 -0.0443726554642783 -0.0198869891651964 0.998774738860858
1591949593.87469 54.9799678074221 -4.49946566217633 43.4949370341671 0.0092337869013783 -0.0446300121731479 -0.0201077314006683 0.998758518527278
1591949593.90769 54.9776590371597 -4.50088557414027 43.5180806582563 0.00907951460341683 -0.0448409115220404 -0.0202562555627462 0.998747485192837
1591949593.94069 54.9753921558024 -4.50238235778819 43.5410631422766 0.00888564382954431 -0.0450389245445003 -0.0204417048176964 0.998736540491914
1591949593.97369 54.9731060744203 -4.5038190621913 43.5641486241846 0.00864069355085618 -0.0452111642936536 -0.0206288316615414 0.998727059983083
1591949594.00669 54.9707333398454 -4.50525400824485 43.5872160487823 0.0083698912403544 -0.0453496941460296 -0.0208934400523219 0.998717584867848
1591949594.03969 54.9683487266381 -4.50664373024753 43.6106213218536 0.00811347308606063 -0.0454554409227929 -0.0210913519838561 0.998710733554261
1591949594.07269 54.9660602254339 -4.50810513948278 43.6337374187851 0.00769917865479805 -0.0455797537301504 -0.0211256616499423 0.998707622439016
1591949594.10569 54.9637309563903 -4.50950752611843 43.6569279584141 0.00730797758584932 -0.0456883401229959 -0.0211342088282985 0.998705419159029
1591949594.13869 54.9614576195411 -4.51098893141671 43.6800842988753 0.00696762997071495 -0.0458315416875941 -0.0209759488952414 0.998704626747605
1591949594.17169 54.9591853430595 -4.51237846131429 43.7031695034207 0.0066343440170305 -0.045974301324968 -0.0208542660128173 0.998702883086963
1591949594.20469 54.9569229076507 -4.51376514006836 43.7262671448845 0.00645337297039089 -0.046126136662266 -0.0207885652636296 0.998698437491618
1591949594.23769 54.9541769670404 -4.51522325541131 43.747214509887 0.00611523397533066 -0.0460970144693459 -0.0206545670645918 0.99870469010104
1591949594.27069 54.9519096431803 -4.51657589681389 43.7701607320481 0.00611305822241082 -0.0462334784120462 -0.020576847370305 0.99869999967227
1591949594.30369 54.9496430169691 -4.51794842468832 43.7931013691164 0.00641629594132811 -0.0463861208216092 -0.0204429182492233 0.998693769898948
1591949594.33669 54.9476103408076 -4.51930131939976 43.8181879767304 0.00665128370752846 -0.046616507169007 -0.0202770599752576 0.998684886499823
1591949594.36969 54.9453021470385 -4.52065069733828 43.8411057957412 0.00678835636844752 -0.0467496751074635 -0.0201040708874018 0.998681236646066
1591949594.40269 54.9430072378345 -4.52205260484522 43.864054763487 0.00696430854374798 -0.0468937394987066 -0.0200341829004829 0.998674675316164
1591949594.43569 54.9407300727727 -4.52344298342209 43.8868728143263 0.00712235918605482 -0.0470672745401953 -0.0200595222714402 0.99866488835506
1591949594.46869 54.9382498372111 -4.52476803106488 43.9097558326883 0.00734031017162992 -0.047133862333878 -0.0200838878246614 0.998659679930016
1591949594.50169 54.9359580044759 -4.52618308810714 43.9325772169185 0.00746382191474987 -0.0473041808950554 -0.0200637116881509 0.998651116909989
1591949594.53469 54.9335728488878 -4.52756188480935 43.9554267661703 0.00748549250045466 -0.0474155459919536 -0.0199602243268879 0.998647747128651
1591949594.56769 54.9312304287055 -4.5289689946567 43.9783442585291 0.00730442481081735 -0.0475615613219695 -0.0198135836294782 0.998645064658389
1591949594.60069 54.9289034770871 -4.53038782394242 44.0012312568338 0.00711236602139922 -0.0477121516587854 -0.0197137195961213 0.998641243937658
1591949594.63369 54.9265139051466 -4.53176675347475 44.0240326089096 0.00684953433952687 -0.0478360873458418 -0.0197270343310522 0.998636889336296
1591949594.66669 54.9241936353053 -4.53313065025504 44.0468417911658 0.00662542149240722 -0.0479647219187115 -0.0197953672728471 0.998630879091891
1591949594.69969 54.9217970598261 -4.53452531839197 44.06961036513 0.00619862124574043 -0.0480764783142055 -0.0199774527334426 0.998624619519186
1591949594.73269 54.9193682656614 -4.5358779730701 44.0923464780212 0.00588355990491185 -0.0481967664694921 -0.020146453429551 0.998617332034119
1591949594.76569 54.9168740151207 -4.53707502448773 44.1130866726874 0.00559240199888153 -0.0482399455668673 -0.0203589244737842 0.998612611018837
1591949594.79869 54.9144663085887 -4.53841644843217 44.135861480748 0.00553236648424952 -0.048388033930618 -0.0204901482350692 0.99860309679007
1591949594.83169 54.9122536162935 -4.53990668302795 44.1606790156091 0.00555213651730939 -0.0485887960815645 -0.0204363153190338 0.998594341908474
1591949594.86469 54.9098697627292 -4.54123125722978 44.1833138874483 0.00546611142799245 -0.0487628250689881 -0.0204454245070851 0.998586147076893
1591949594.89769 54.9074428372816 -4.54254192331411 44.2058501343191 0.00552410357158746 -0.0488986084016721 -0.0205216959674941 0.998577623608064
1591949594.93069 54.9050116780172 -4.54383394261138 44.2285927346445 0.00571129187259226 -0.0490352848715869 -0.0206532256622124 0.998567156606131
1591949594.96369 54.9026094638869 -4.54512186403816 44.25115298086 0.00594979134097561 -0.0492123222478696 -0.0206261371848708 0.99855761465566
1591949594.99669 54.9001495477106 -4.5463655887753 44.2736907486208 0.00603395721786788 -0.0493012081454739 -0.0204849650168004 0.998555631121246
1591949595.02969 54.8977427185358 -4.54764496108238 44.2962200133853 0.00602066832561254 -0.0494328137217214 -0.0204488997844852 0.998549944158063
1591949595.06269 54.8952965735428 -4.54892809806111 44.3188116663874 0.00588112694357884 -0.0495365029938122 -0.0204391425350116 0.998545837039768
1591949595.09569 54.8928795498468 -4.55021713354751 44.3413568025656 0.00577625591637342 -0.049681474887998 -0.020512928608806 0.998537733728892
1591949595.12869 54.8903589471365 -4.5515170103042 44.3637882589581 0.00570686406562568 -0.0497837682064652 -0.0206681918436337 0.998529836295149
1591949595.16169 54.887877384438 -4.55277244894666 44.3863178938265 0.0050092330649193 -0.0499336659706484 -0.0212389924313482 0.998514116969477
1591949595.19469 54.8853268793631 -4.55405562131128 44.4088405212949 0.00463734721483363 -0.0500620572473649 -0.0212914332283937 0.998508367669521
1591949595.22769 54.8829326147422 -4.55540928891244 44.4311737288968 0.00428832285606535 -0.0501316185978159 -0.0205133442805517 0.99852272573551
1591949595.26069 54.8806777660454 -4.55670251146241 44.45361884277 0.00422236847724611 -0.0502788318910434 -0.0191896617143597 0.998541920778193
1591949595.29369 54.878295941776 -4.55805418455858 44.4759767591389 0.00388552783899975 -0.05042746514766 -0.0185286569201926 0.998548277403215
1591949595.32669 54.875813505913 -4.55930287395733 44.4983697671804 0.00266159399681613 -0.050563777303547 -0.0187112641388308 0.998541991573975
1591949595.35969 54.8732836686044 -4.56053646730341 44.5208443967131 0.00311017380805648 -0.0507997059870398 -0.0189636571800257 0.998523958849698
1591949595.39269 54.8709087061807 -4.56176246734788 44.5432398359366 0.00305338950535206 -0.0509240057849653 -0.0186563151182847 0.998523592286907
1591949595.42569 54.8684356077306 -4.56299814386803 44.5652831439864 0.00362155238052305 -0.0509755494533345 -0.0186550512221261 0.998519086838196
1591949595.45869 54.8658602924705 -4.56420346506497 44.5874310911733 0.00382555442328003 -0.0510602618029082 -0.0187552887735202 0.998512120077165
1591949595.49169 54.8635269293014 -4.56545095485102 44.6095105821401 0.00388863526517112 -0.0511652970780059 -0.0184520690151732 0.99851214916983
1591949595.52469 54.8610844429342 -4.56673663042256 44.6316201963769 0.00561462085808871 -0.0514570325807873 -0.018016989978857 0.998496889280433
1591949595.55769 54.8586923071002 -4.56810299571669 44.6537630435109 0.00659150570237291 -0.0516821943692327 -0.0178150541782584 0.998482912564047
1591949595.59069 54.8561573399551 -4.56938091826141 44.6758413680339 0.00717530461543915 -0.0518608487416981 -0.0182349881675873 0.998462043634106
1591949595.62369 54.8535178321129 -4.5706934291467 44.6979187980594 0.00778666492124032 -0.0519553689865966 -0.0188937281839203 0.998440300928495
1591949595.65669 54.8510447210212 -4.57203301042668 44.7197877721933 0.00850899351661938 -0.0521250315014628 -0.0187121789027995 0.998428982192031
1591949595.68969 54.8486505552299 -4.57337161224 44.7418508065383 0.00920861460800857 -0.0523441340702794 -0.0183794775536234 0.998417491758978
1591949595.72269 54.8461247212586 -4.57487343751727 44.7638050789975 0.00886829063070573 -0.0524038843137809 -0.0183283976971085 0.998418377318834
1591949595.75569 54.8435930870581 -4.57631233563774 44.7858255733905 0.00814837179919195 -0.052523306440396 -0.0184254407427951 0.998416450911655
1591949595.78869 54.8407309366261 -4.57764911691284 44.806253114598 0.00688478848724279 -0.0524888691566651 -0.018721401549637 0.998422269095676
1591949595.82169 54.8381366519679 -4.57915700280105 44.82816129995 0.00553423486194721 -0.0525350276514135 -0.0190644520685994 0.998421749453347
1591949595.85469 54.8358975597322 -4.5807662787274 44.8516090829514 0.00441405760938269 -0.0525656231174197 -0.0192892868284042 0.998421401400907
1591949595.88769 54.8332843692085 -4.5821750279148 44.8732918430354 0.00328840144224699 -0.052547726877829 -0.0196328837424162 0.998419988127183
1591949595.92069 54.8308226908371 -4.58353192640599 44.8950322114098 0.00232346384738864 -0.0525796676125271 -0.0198305637927907 0.998417111636798
1591949595.95369 54.8282435789534 -4.58483102347745 44.9164952560597 0.00152021224476626 -0.0525474189041623 -0.0200528781830634 0.99841591523664
1591949595.98669 54.8258686878153 -4.58611124198817 44.9377613693234 0.00111381845490631 -0.0526332786459518 -0.0200330035135797 0.998412327727203
1591949596.01969 54.8233625112897 -4.58731348620218 44.9589510620069 0.00110191107483218 -0.0526691530137438 -0.0201532528607813 0.998408029070243
1591949596.05269 54.8209413328785 -4.5884766976512 44.9800470009038 0.00108739878290542 -0.0527275300701816 -0.0202286131513923 0.998403439670836
1591949596.08569 54.8184709679226 -4.58962804017009 45.0009263254444 0.00109052488111765 -0.0527871118623711 -0.0203043970400973 0.998398749517221
1591949596.11869 54.8160860903989 -4.59073110753957 45.0217939787062 0.00117755484826266 -0.0528825364144946 -0.0202489007008717 0.998394727914443
1591949596.15169 54.8136621226901 -4.59182490649288 45.0425260575118 0.00148306264626392 -0.0529473007050929 -0.0202375732423012 0.998391118000603
1591949596.18469 54.8112975673822 -4.59296770485462 45.0630677028358 0.00181140212350229 -0.0530564203938345 -0.0202408232586325 0.99838471750681
1591949596.21769 54.8089136057718 -4.59410661141292 45.0836004092252 0.00210346625951238 -0.0531722155189227 -0.020355339611086 0.998375656291669
1591949596.25069 54.8063198442651 -4.59530494388015 45.1028129236647 0.00222233397433604 -0.0531984345807053 -0.0204780034784194 0.998371493565099
1591949596.28369 54.804018804149 -4.59651309158408 45.1230485674777 0.00202970736031849 -0.0532906444802927 -0.0204683916406403 0.998367183175885
1591949596.31669 54.8016033078337 -4.59769067928449 45.1432800843348 0.00188158183685387 -0.0533355607497282 -0.0204579927394357 0.998365287929411
1591949596.34969 54.79952145827 -4.59884500345909 45.1642762483855 0.00165559988913162 -0.053464046632392 -0.0203524522441654 0.998360972992407
1591949596.38269 54.7971999175315 -4.60004211863799 45.1841826804498 0.00144081804864302 -0.0535834644519768 -0.0202421233494821 0.998357146928382
1591949596.41569 54.7948437154879 -4.60119217693757 45.2040852169166 0.00119595122176448 -0.0537138884397932 -0.0200455666727476 0.99835442761883
1591949596.44869 54.7926277143909 -4.60235902107394 45.2238171220001 0.000923378447607658 -0.0539758825660155 -0.0199636503046533 0.99834222796593
1591949596.48169 54.7902902742342 -4.60349833363469 45.2434506753095 0.000888674490774991 -0.0542390921577472 -0.0199370038983638 0.998328526595884
1591949596.51469 54.7879773126862 -4.60465106821098 45.2628084253432 0.000855695298473058 -0.0545340443205346 -0.0199251409108404 0.998312723827201
1591949596.54769 54.785657740106 -4.60577700295187 45.2824040570389 0.000730493019886075 -0.0548326736048801 -0.0200570451625592 0.998293824094207
1591949596.58069 54.7834547042095 -4.60685017415869 45.3018495034833 0.000794094413870399 -0.0551887131378185 -0.0201592863892349 0.998272096438907
1591949596.61369 54.7809690062547 -4.6079837746164 45.3206804193062 0.000912627119719065 -0.0554444610942407 -0.0200641298073607 0.998259740518861
1591949596.64669 54.7786979492259 -4.60903562749513 45.3397055002301 0.00123612755801803 -0.0557612418881565 -0.0199688970582912 0.998243657150911
1591949596.67969 54.7763779299334 -4.61008489890181 45.358523601194 0.00168924002079397 -0.0560467326774736 -0.019902577095548 0.998228329416315
1591949596.71269 54.7740262675862 -4.6111783425866 45.3773350392928 0.00210464768417016 -0.0563184158496552 -0.0199358884926062 0.998211584206636
1591949596.74569 54.7717171490983 -4.61225388507792 45.3959594017089 0.00269801492785237 -0.0566355381170933 -0.0200101680720714 0.99819072812332
1591949596.77869 54.7693384654248 -4.61322079102966 45.4146496515992 0.00324777396246172 -0.0568829598997012 -0.0198587965798689 0.998178044757416
1591949596.81169 54.767201292706 -4.6142023606735 45.4333424202818 0.00215536388763249 -0.0572382450667201 -0.0193354116665391 0.998170967101268
1591949596.84469 54.7649588200286 -4.61519128621602 45.4519382653081 0.0017320236962026 -0.057614360231833 -0.0189558729925419 0.998157432706927
1591949596.87769 54.762486898364 -4.61611295081714 45.4704947456947 0.000655556776529852 -0.0580231304565484 -0.0194470787381536 0.998125592150551
1591949596.91069 54.7600534308626 -4.61711440329566 45.4888340599163 0.00151776337062816 -0.0587889570348822 -0.0196267018291938 0.998076323484537
1591949596.94369 54.7577606206984 -4.61821462139858 45.5074364914235 0.00134305839338571 -0.0596856230323581 -0.019695434621417 0.998021999984201
1591949596.97669 54.7553083035381 -4.61930578692254 45.5256567933445 0.00156763456475446 -0.0607046286890525 -0.0194904254240083 0.997964234777172
1591949597.00969 54.7528506891861 -4.62043426590574 45.5438322962396 0.00155607573863898 -0.0619027144739505 -0.0191274372112937 0.997897676976342
1591949597.04269 54.750413945273 -4.62161748507787 45.5619001510023 0.00165885567895068 -0.0632596157043636 -0.0186626679271453 0.997821213466929
1591949597.07569 54.7478787339065 -4.62282906576063 45.5799045878196 0.00228893872367909 -0.0648147905404034 -0.0180998456750483 0.997730524376829
1591949597.10869 54.7453063518982 -4.62393348280852 45.5978436107476 0.00275502612245045 -0.0666049963062591 -0.0175608512069918 0.997621070749307
1591949597.14169 54.7422717012276 -4.62470912808454 45.6165551108404 0.00448801260066195 -0.068574416252805 -0.0166002952033884 0.997497788156768
1591949597.17469 54.7396299847229 -4.62556984430733 45.634207004765 0.00561808424988312 -0.0708232067712553 -0.0157578603004067 0.997348585175088
1591949597.20769 54.7367865529227 -4.62642090900842 45.6518249647725 0.00656578843840551 -0.0732376777780413 -0.0157266865238033 0.997168894574457
1591949597.24069 54.7341085796312 -4.62747020027672 45.668369610868 0.00797108073439679 -0.0757669829867757 -0.0160716119320274 0.996964156552739
1591949597.27369 54.7309835940924 -4.62853120678805 45.6859879111849 0.00804764067545727 -0.0784591565755284 -0.0162268651527274 0.996752770287763
1591949597.30669 54.7276924217684 -4.6295962438946 45.7035432004565 0.00811743800082141 -0.0810567098512443 -0.0163466318090759 0.996542374722165
1591949597.33969 54.7242350323854 -4.63075700486402 45.7209573927933 0.00736512672364336 -0.0838591242916096 -0.0164600019559064 0.996314443595495
1591949597.37269 54.7206697233921 -4.63191816940175 45.7384815289458 0.00625544141721129 -0.0866931619762115 -0.0166403473204475 0.996076434798202
1591949597.40569 54.7170597749584 -4.63307961571232 45.7559925990232 0.00531557372802417 -0.0897324358209416 -0.0168447192493629 0.995809263900971
1591949597.43869 54.7132995445856 -4.63420154974033 45.7732934295629 0.00477150048509936 -0.0928987989679869 -0.0170754132162153 0.995517692558461
1591949597.4717 54.7094294479578 -4.63532363300113 45.7905594873155 0.0043210975040722 -0.0961731676137044 -0.0172998475847929 0.995204886051636
1591949597.5047 54.7055244914833 -4.63637726965154 45.8077418324004 0.00382429082882248 -0.0996778117227036 -0.0173726878113474 0.994860743203811
1591949597.5377 54.701444833813 -4.63739709478198 45.8247491606062 0.0033848869113961 -0.103193918296037 -0.0172678782890914 0.99450559482926
1591949597.5707 54.6973356410345 -4.6383795888624 45.8417410207841 0.00332905484009921 -0.106963035119929 -0.0169914671657009 0.994112225332413
1591949597.6037 54.6930938766065 -4.63935320514789 45.8585825315304 0.00360503556622132 -0.110852283012104 -0.0166257044491372 0.993691280539958
1591949597.6367 54.6889588417127 -4.64025689783614 45.8754575097458 0.00390413374015165 -0.114868740081682 -0.0163306725703869 0.993238762546642
1591949597.6697 54.6844745880834 -4.64116775075655 45.8921087345741 0.00412299357756304 -0.11901725404295 -0.016115074968741 0.992752838587121
1591949597.7027 54.679860005997 -4.64204876403073 45.9086473639254 0.00423307129601906 -0.123243245956332 -0.0159928728875471 0.992238585951158
1591949597.7357 54.6750984670354 -4.64288484488103 45.9253216384004 0.00455613171768159 -0.12753467727588 -0.0160951171534163 0.991693044726909
1591949597.7687 54.6701350429655 -4.64371601328816 45.9417442019145 0.00493280378874299 -0.131858089569513 -0.0162329064153242 0.991123405238304
1591949597.8017 54.665037849871 -4.64457178295082 45.958140765493 0.0051617821327706 -0.13622067527309 -0.0165302475328701 0.990527149829756
1591949597.8347 54.6596323474863 -4.64543382359224 45.9745592751293 0.0051362221544703 -0.140542274475828 -0.0169557317548913 0.989916153756366
1591949597.8677 54.6541432202329 -4.64629976991258 45.9907906143818 0.00503462929098744 -0.144884463074658 -0.0173864075531974 0.989283001824991
1591949597.9007 54.6484701664639 -4.64718490380136 46.007023932527 0.00503889106115625 -0.149225371638513 -0.0178854693988268 0.988628599637197
1591949597.9337 54.6429427247472 -4.64803368595552 46.0236426207422 0.00477420976371052 -0.153514491467924 -0.0182819653675227 0.987965726922132
1591949597.9667 54.6370049335699 -4.64892607339424 46.0397275130692 0.0045047757079885 -0.157896079617425 -0.0187025240665081 0.987268327574024
1591949597.9997 54.6309823160246 -4.64981008439487 46.0557629151172 0.0040756130878608 -0.162260697426002 -0.0190853415000749 0.986554917472216
1591949598.0327 54.6244960470133 -4.65080049859174 46.0713085288537 0.00371967359294732 -0.16667269712155 -0.0194454022140097 0.985813497774972
1591949598.0657 54.6181779107933 -4.65167460885624 46.0872257131163 0.00360387722235285 -0.171066011303058 -0.0196747878718351 0.985056513387951
1591949598.0987 54.611779690838 -4.65252188100648 46.1030202181712 0.00339956968594991 -0.175450259477052 -0.0199461190479967 0.98428034711169
1591949598.1317 54.6052435294335 -4.65337084449999 46.1186270354116 0.00327651826909052 -0.179823107604188 -0.0201735862239855 0.983486624626115
1591949598.1647 54.5986250493013 -4.65420134168267 46.1341940983748 0.00316689946839209 -0.18417510681323 -0.020327983507091 0.982678113048534
1591949598.1977 54.591848418073 -4.65498778940254 46.1497727510003 0.00307963483320627 -0.18853344512465 -0.0204626008251095 0.981848734727604
1591949598.2307 54.5849800867852 -4.65575944770831 46.1652465252857 0.00318877139205603 -0.192907673722508 -0.0206226357971722 0.980994988799003
1591949598.2637 54.5779677030409 -4.65652736625176 46.1805784914022 0.00308164857988877 -0.197255427382492 -0.0208574263339684 0.980125383599927
1591949598.2967 54.5707568198021 -4.6572458754994 46.1958877831439 0.0031737064070591 -0.201571938113035 -0.0210478762741449 0.97924239504698
1591949598.3297 54.5634754701056 -4.65795521912939 46.2111180436572 0.00336964342507192 -0.205956876804228 -0.0213561544432186 0.978322199005846
1591949598.3627 54.5560211701208 -4.65866690510296 46.2262386521824 0.00344148935322269 -0.210322611114757 -0.0216452787925105 0.977386329611222
1591949598.3957 54.5484617648714 -4.65942481055186 46.2411832418574 0.0038911137870069 -0.21468543849466 -0.021760349872222 0.976433053980298
1591949598.4287 54.5407659371268 -4.66012949760259 46.256166529937 0.00407712339672735 -0.219083842646378 -0.0217731049078036 0.975454549868306
1591949598.4617 54.532968589307 -4.66079333642422 46.2711608925012 0.0035553790591613 -0.223481118070223 -0.0217694853555652 0.974458638759585
1591949598.4947 54.525123495431 -4.66149503550111 46.2860530971275 0.00262714654216051 -0.227973926956921 -0.0212784507371809 0.973431155379317
1591949598.5277 54.5171840869707 -4.66218816568556 46.3009106258722 0.00176074570541599 -0.232506223541767 -0.0207735391695872 0.97237143924494
1591949598.5607 54.5090833749807 -4.66283376352599 46.3156904343261 0.00118009466056209 -0.23719171159639 -0.0201656561981221 0.971252822717477
1591949598.5937 54.5007570381146 -4.66352436734063 46.3303814765273 0.000613627003964198 -0.2419489932752 -0.0197063553218297 0.970088639081475
1591949598.6267 54.4923856441543 -4.66420968210042 46.3448779071312 0.000225273959341609 -0.246863588048106 -0.0194381299989788 0.968855240606047
1591949598.6597 54.4838554525222 -4.66488611346017 46.3591256297929 -0.000170514579066056 -0.251817041298117 -0.0194776313727172 0.967578818759872
1591949598.6927 54.4750802588931 -4.66561680153805 46.3732615826653 -0.00091209866937162 -0.256842549157812 -0.019761741498292 0.966250767964036
1591949598.7257 54.4663865603872 -4.66619051162112 46.3874920754541 -0.00173869019363626 -0.261935599697328 -0.0206456326350769 0.964862931416017
1591949598.7587 54.4572571949738 -4.66690873228474 46.4013636554108 -0.00203798672728809 -0.267220253290846 -0.0212839266546415 0.963398244397111
1591949598.7917 54.4480150154963 -4.66750008702331 46.4152169898083 -0.00231079150476499 -0.272622626378245 -0.0212177939094044 0.961884280488494
1591949598.8247 54.4386823177508 -4.66803995079137 46.4288928121916 -0.00279328636960819 -0.278155526219546 -0.0209955423506278 0.960302498167212
1591949598.8577 54.4289234576355 -4.66860209014569 46.4421582694681 -0.00229802258798668 -0.28386798608549 -0.020481313248715 0.958641852505701
1591949598.8907 54.419452751213 -4.6691008950618 46.455472853706 -0.00160105490426028 -0.289687514071564 -0.0199904459926142 0.956911157257165
1591949598.9237 54.4097798042271 -4.66959010374587 46.4686605181098 -0.00068605984164767 -0.295595779679526 -0.01958795836163 0.955112022877301
1591949598.9567 54.3998595112254 -4.67001111161704 46.4817904836408 0.000156986132725413 -0.301520162310651 -0.0193233570973094 0.953263958694549
1591949598.9897 54.3898842569301 -4.67053179859003 46.494710301256 0.000524708626001397 -0.307391089659042 -0.019272949655282 0.951387931440519
1591949599.0227 54.3796672242266 -4.67108064325155 46.507507538462 0.000668302617590764 -0.313196823798809 -0.0193368559462296 0.949491121041194
1591949599.0557 54.3690911859455 -4.67166078505369 46.520197064053 0.00103615536892853 -0.318945467200668 -0.0193602012217367 0.947574745306592
1591949599.0887 54.3585079089343 -4.67218803857297 46.5327022029826 0.00149674633065532 -0.324621288074343 -0.0197128197453845 0.945637448400317
1591949599.1217 54.3475684575556 -4.67269946295726 46.5450955689473 0.00197053477217734 -0.330097259965971 -0.0205534824586966 0.943721076544595
1591949599.1547 54.3366181148606 -4.67320626662151 46.5572968900525 0.00206894527239784 -0.335670264332594 -0.0211282288006744 0.941740299156882
1591949599.1877 54.3255151781792 -4.6737110921922 46.5693278961445 0.00200310775392831 -0.34117297371215 -0.0216304647564553 0.939749494579356
1591949599.2207 54.3142126558155 -4.67423677168844 46.581362833495 0.00196146974170234 -0.34673203238751 -0.0220932172544656 0.937701946305022
1591949599.2537 54.3027300321251 -4.6747405909712 46.5934150501412 0.00160176498554676 -0.35240553721361 -0.0224799706811019 0.935575984411899
1591949599.2867 54.2910171760474 -4.67522434260766 46.605282475502 0.00107652233919034 -0.357970449217827 -0.0230630887199539 0.933447423546252
1591949599.3197 54.2789987847633 -4.67565769885268 46.6172062585563 0.000431418571389593 -0.363644837371369 -0.0237690341420864 0.931234277261699
1591949599.3527 54.2670665449488 -4.67613264404841 46.6288722537182 -0.000435904983167782 -0.369224481607083 -0.0247100494668702 0.929011574537245
1591949599.3857 54.2549675107261 -4.67657843565302 46.6403198251007 -0.000922465568683902 -0.374707618485972 -0.0253986672901633 0.926794614467375
1591949599.4187 54.242898098153 -4.67700507272791 46.6516997280445 -0.00140031387578845 -0.380213643325073 -0.0258066286028345 0.924537528968229
1591949599.4517 54.2305653301248 -4.67740302151198 46.6629357424827 -0.0018228669715625 -0.385541836751925 -0.0261783232484282 0.9223171171901
1591949599.4847 54.2181152360945 -4.67772772539078 46.6740499977769 -0.00217726105564809 -0.390821326612823 -0.0267047753429921 0.920076521368071
1591949599.5177 54.2054576837717 -4.67806485908995 46.6848569307916 -0.00244395274736034 -0.395966488266082 -0.0274262633575719 0.917852040006142
1591949599.5507 54.1927456209403 -4.67838270753605 46.6956463638558 -0.00246467031603713 -0.40110914753761 -0.0279754909182557 0.915599666377051
1591949599.5837 54.1799224713877 -4.67863494394679 46.7063161048056 -0.00228130068599139 -0.406210825029734 -0.0283696847915434 0.913336040173972
1591949599.6167 54.1669471043033 -4.67895559680191 46.7168000330238 -0.00226576133762627 -0.411240779787455 -0.0286773709085893 0.911072717055636
1591949599.6497 54.1539081817356 -4.67918104440632 46.7272254437914 -0.00227847264385291 -0.416174976933329 -0.0289583264012054 0.908820451172285
1591949599.6827 54.1408100835392 -4.6794014990342 46.7375043515762 -0.00220984823225083 -0.421094520158494 -0.0293069996816296 0.906540468723233
1591949599.7157 54.1278117871714 -4.67962648647942 46.7479201735488 -0.00192056440942362 -0.425951705044339 -0.0296568469351924 0.904257666725603
1591949599.7487 54.1143516260949 -4.6797801475603 46.7579178941533 -0.00160167087897397 -0.430661015029636 -0.0301319281407802 0.902009197120827
1591949599.7817 54.1008432181285 -4.67995677108994 46.7677829902665 -0.00144975642504134 -0.435343810012762 -0.0306971006474072 0.899739603052863
1591949599.8147 54.0868800889463 -4.68018361465438 46.7771383246361 -0.00137830560480325 -0.439877762451726 -0.0313035155822793 0.897510860260929
1591949599.8477 54.0731128755182 -4.68039250062737 46.7867719108187 -0.00131284576538191 -0.444383474382739 -0.0317900475636482 0.895271465538483
1591949599.8807 54.0592493606567 -4.68060058806318 46.7962794332381 -0.00120758470774482 -0.448851902028298 -0.0323223931553529 0.893020590291995
1591949599.9137 54.04535555689 -4.6807620852229 46.8055588042769 -0.00115469650146814 -0.453217167062126 -0.0328868283929756 0.890792525044088
1591949599.9467 54.0312429655537 -4.68095472273776 46.8148449389844 -0.001219122759704 -0.457508058003604 -0.0334844424956193 0.88857396018127
1591949599.9797 54.0170032192342 -4.68113857440115 46.8240573683745 -0.00139559319903748 -0.461765577738566 -0.0338387145410268 0.886355202463213
1591949600.0127 54.0026679708269 -4.68131966910736 46.8331320918424 -0.00159152958264452 -0.465927051502286 -0.0338869960044768 0.88417256302928
1591949600.0457 53.9883559319225 -4.68151557684928 46.8422213583661 -0.00173342695515277 -0.470128260232143 -0.0336536508023454 0.881954560025495
1591949600.0787 53.9739559004836 -4.68172743555285 46.8511893599595 -0.00195756064506247 -0.474238762690126 -0.0333298005215963 0.879762972803271
1591949600.1117 53.9593708346903 -4.68186189192424 46.860123912817 -0.00207054663117287 -0.478328176669388 -0.0331713063484344 0.87755201137934
1591949600.1447 53.9447210221124 -4.68197844197986 46.8688164367354 -0.00207965377584686 -0.482302160802587 -0.0331663350051978 0.875374374166648
1591949600.1777 53.9299910443241 -4.68211033844597 46.8773416289394 -0.0020112022133473 -0.486203005912058 -0.033241809173823 0.873211070836019
1591949600.2107 53.9151122873526 -4.68226372156098 46.8857858069809 -0.00191574394347393 -0.490034747907674 -0.0332969488945241 0.871064629612821
1591949600.2437 53.9001364052562 -4.68235031927541 46.8941395013668 -0.00193591426979846 -0.49381667566494 -0.0334357107444254 0.868920822813093
1591949600.2767 53.8850014187831 -4.68240595325605 46.9023567513314 -0.00206404529196096 -0.497517409348791 -0.0335804363430383 0.866801315992836
1591949600.3097 53.869865354704 -4.68249804751549 46.9104173080078 -0.00204998539953235 -0.50108918132538 -0.0337443256021767 0.864735075273449
1591949600.3427 53.8545829244974 -4.68255413367222 46.9183889502123 -0.00208864361613007 -0.504722000745261 -0.0340476923144018 0.862607729028444
1591949600.3757 53.8392268155772 -4.68259038144629 46.9262443016088 -0.00222156450524555 -0.508344143994577 -0.0344561445025717 0.860461544767451
1591949600.4087 53.8234609841007 -4.6825483634781 46.9340386485004 -0.00242101066766544 -0.511839303649008 -0.0347260485579236 0.85837565639934
1591949600.4417 53.8077938711665 -4.68256696948245 46.9417267654088 -0.00283164927177612 -0.515482430628535 -0.0352256184405456 0.856171128502463
1591949600.4747 53.7921385397179 -4.68259357042869 46.9492485877232 -0.00321567561842261 -0.519122383874193 -0.0356803264108737 0.853948783182168
1591949600.5077 53.7763112601056 -4.68260978997667 46.9566111703619 -0.00380501335868698 -0.522688070581118 -0.0360507355880973 0.851752926152347
1591949600.5407 53.7604472138372 -4.68261015667135 46.9639352990994 -0.00442684339027185 -0.526281224655946 -0.0364404316170205 0.849517845943098
1591949600.5737 53.7444633537939 -4.68255450675178 46.9711367306503 -0.00480836747810188 -0.529858469002083 -0.0368483719418365 0.847271550280193
1591949600.6067 53.7283601928303 -4.68245317532249 46.9783255823862 -0.00511207285794684 -0.533471579449481 -0.0374136166415946 0.844974651643803
1591949600.6397 53.7122135949809 -4.68236252611934 46.985278951782 -0.00544294823726686 -0.537068760784122 -0.0378161133050768 0.842672808436816
1591949600.6727 53.6960327151952 -4.6822286776767 46.9920728482863 -0.00585897581785062 -0.540648340672642 -0.0382506639898123 0.840358215783379
1591949600.7057 53.6796744228963 -4.68220381139984 46.998692427026 -0.00626554209123677 -0.544271063836756 -0.0387397607628396 0.837991039921279
1591949600.7387 53.6633955681101 -4.68206750468322 47.0051932689659 -0.00644418469362099 -0.54783489944155 -0.038987012646507 0.835652684003589
1591949600.7717 53.6469695373545 -4.68188244973651 47.0116052629709 -0.0065354410598258 -0.551374066015712 -0.0391866230990353 0.833311667928362
1591949600.8047 53.63057737238 -4.68162727036349 47.0179184408895 -0.00650626318634471 -0.554939699406266 -0.0395255818840827 0.830925584477309
1591949600.8377 53.6140338478236 -4.68139070267518 47.0240349838767 -0.00635315905117748 -0.558463836086715 -0.0398406030676545 0.828547227079173
1591949600.8707 53.5974464742383 -4.68116325364558 47.0299685265051 -0.00621476694355237 -0.562015958204715 -0.0403099256244467 0.826120178479636
1591949600.9037 53.5807208514026 -4.6809453421461 47.0357576205013 -0.00588235750061433 -0.565530005619307 -0.0407903481541779 0.823697370465587
1591949600.9367 53.5639267905488 -4.68068235407895 47.0414785978587 -0.00549715502788252 -0.569128217472389 -0.0410898661318895 0.821203066399879
1591949600.9697 53.5471309565642 -4.68044165957442 47.0469981669234 -0.00514563641794166 -0.572691126269473 -0.0414447817562514 0.81870674015989
1591949601.0027 53.530288487567 -4.68022471557079 47.0521812623832 -0.00472973905506037 -0.576233622691739 -0.0418313991180129 0.816200083126592
1591949601.0357 53.5132948997131 -4.67997451749951 47.0574008068433 -0.00431295690286349 -0.579847293661814 -0.042011540006785 0.813629857454901
1591949601.0687 53.4962738305221 -4.67967152890578 47.0625552767358 -0.00400876775700738 -0.583483012836546 -0.0421691863927124 0.811019890774101
1591949601.1017 53.4790141356555 -4.67944001977346 47.0674517441702 -0.00373171426382978 -0.587097838001371 -0.0422095263780057 0.808406184294574
1591949601.1347 53.4617762878951 -4.67915922979781 47.072314098474 -0.00366948470276423 -0.590806738498681 -0.0421653822883805 0.805702186395843
1591949601.1677 53.444487832484 -4.67889467831348 47.0770345759279 -0.00371603674725694 -0.594539197901213 -0.0421163842856373 0.802954259845839
1591949601.2007 53.4271082149817 -4.6786829630127 47.081709558561 -0.00376593577446277 -0.598322318048845 -0.0421869601443166 0.800135289714297
1591949601.2337 53.4096771791883 -4.67840482009627 47.0861512210476 -0.00372808114044254 -0.602036573721429 -0.042119630644793 0.797348105928094
1591949601.2667 53.3921827822659 -4.67816509120319 47.090440190421 -0.00371020590623131 -0.605719793192889 -0.0420806851240828 0.794555839728074
1591949601.2997 53.3742298850859 -4.67785372698056 47.0947048561217 -0.00368180940769053 -0.609451993598759 -0.0421406557082097 0.791693676186987
1591949601.3327 53.3565807128386 -4.67760839585229 47.0986621669288 -0.00362935699417821 -0.613104396839353 -0.0422887899321695 0.788860877842307
1591949601.3657 53.3388538814518 -4.6773640296485 47.102383124538 -0.00350459297306927 -0.616693775938163 -0.0425952917282899 0.786042076271879
1591949601.3987 53.3213371039507 -4.67710835654644 47.1058270257284 -0.00333538081283829 -0.620335173854193 -0.0429313145127132 0.783153911787671
1591949601.4317 53.3034306636828 -4.6767864238794 47.1092909042229 -0.00317580778692472 -0.623954533675341 -0.0432002743257095 0.780259181585883
1591949601.4647 53.2854499173161 -4.67649664410914 47.1125599717339 -0.00310387269037473 -0.627556672886983 -0.0433982747072517 0.777354216584548
1591949601.4977 53.2674514490681 -4.67616617287039 47.1157337135092 -0.00314184507174396 -0.631200757057381 -0.0435302317539162 0.774390632706249
1591949601.5307 53.2493792980836 -4.67578233257701 47.1187487793779 -0.00312984722164695 -0.634819976956649 -0.0435656135311677 0.771424551223762
1591949601.5637 53.2312289766251 -4.6754091925638 47.1215840165016 -0.00326649027738125 -0.638423344008543 -0.0435686438859511 0.768444361770036
1591949601.5967 53.213062785969 -4.67508200877058 47.1243016302731 -0.00338415602089216 -0.642069298957346 -0.043526301004472 0.765402524130484
1591949601.6297 53.1948112265259 -4.67471650797682 47.1268982110723 -0.00353725138992352 -0.645689371230245 -0.0435697883059843 0.762347950269342
1591949601.66271 53.1764524056135 -4.6743543198601 47.1292378567607 -0.00365647506291327 -0.649244518171502 -0.0437174916333469 0.759313483838959
1591949601.69571 53.1566835774993 -4.67383128707039 47.1314394694852 -0.00368475594795041 -0.652737635073625 -0.0440010908779339 0.7562961763315
1591949601.72871 53.1382234924859 -4.67342023951884 47.1334325347294 -0.00349729670199666 -0.65627675669335 -0.0442869388892795 0.753211294779661
1591949601.76171 53.1196962736349 -4.67303815398201 47.1352406000899 -0.00341786240997673 -0.659772175131216 -0.0446637938415437 0.750129415940244
1591949601.79471 53.102332759834 -4.67277016785341 47.1369121457423 -0.00343234409865132 -0.66327567838223 -0.0447599809283734 0.74702753469191
1591949601.86071 53.0650054597034 -4.67186693946247 47.1398274130625 -0.00364480509800994 -0.670137211061693 -0.0449798545373811 0.740864121436617
1591949601.89371 53.0462281971142 -4.67142979741817 47.1410065541401 -0.00375519064453197 -0.673503254413665 -0.0451696827538837 0.737793307503761
1591949601.92671 53.0274113926189 -4.67091684208792 47.1420357579268 -0.00347666105275457 -0.676856495987099 -0.0452153146903176 0.734716797130327
1591949601.95971 53.0084911046183 -4.670410430292 47.142862500752 -0.00328236960522297 -0.680143603373285 -0.0454640098573533 0.731660391607929
1591949601.99271 52.9895708944693 -4.6699520849805 47.1436104624926 -0.00324282434439646 -0.683375016012929 -0.0459421139449051 0.728613336239376
1591949602.02571 52.9705612019893 -4.66943751507889 47.144137714484 -0.00303041099652732 -0.68650924596787 -0.0461673883884048 0.725647603220195
1591949602.05871 52.951503889529 -4.66893894994057 47.1444761658743 -0.00288580564775568 -0.689554177481176 -0.0465579052026354 0.722730288494377
1591949602.09171 52.9322471441828 -4.66839673588713 47.1446215592245 -0.00240965696637221 -0.692456861607501 -0.0469233680963682 0.719927694905876
1591949602.12471 52.9130879455633 -4.66784363857768 47.1446208320176 -0.00188414451051212 -0.695297884320651 -0.0473353877557089 0.717158743323058
1591949602.15771 52.8938701298103 -4.66730344496874 47.1445386418074 -0.00151053058170174 -0.69805805505053 -0.0475705275658261 0.714457636941157
1591949602.19071 52.8745914969925 -4.66671248611231 47.144260209452 -0.00107599912310364 -0.700734879655563 -0.0475854159315105 0.711832212568816
1591949602.22371 52.8551915988846 -4.66614248772757 47.1439208062416 -0.000757141400954429 -0.703275635302199 -0.0476628333060068 0.709317320984361
1591949602.25671 52.8356957707145 -4.66557320756597 47.1435452776002 -0.000444394117790083 -0.705771924804228 -0.0475573469387155 0.706840923705011
1591949602.28971 52.816003101935 -4.66498353963374 47.1429994613033 -0.000187212773225472 -0.708137434917338 -0.0474718721822018 0.704476940411528
1591949602.32271 52.7963040062413 -4.6643268285095 47.1423719413955 -4.36448972420087e-05 -0.710451100229575 -0.0475123047957312 0.702140878435879
1591949602.35571 52.7765420888866 -4.6637454433914 47.1416351330257 -8.82771622489796e-05 -0.71271438310763 -0.0477415064620272 0.699827799447399
1591949602.38871 52.756609384013 -4.66310028632294 47.1407863548037 -0.000176946290306095 -0.71486651758539 -0.0479201106090371 0.697617010776375
1591949602.42171 52.7366970644424 -4.662467144663 47.1397312745203 -0.000270185814862186 -0.716883103027406 -0.0482119017789629 0.69552437492893
1591949602.45471 52.7166966896531 -4.66188934869943 47.1386078526671 -0.000288560798749182 -0.718839960681941 -0.0484579727488808 0.693484572673769
1591949602.48771 52.6965746374872 -4.66125701128732 47.1374288178244 -0.00044801583892232 -0.720703394381675 -0.0488651713159344 0.691519060938168
1591949602.52071 52.6763698905 -4.66060596405827 47.1360844479773 -0.000744267166356943 -0.722501262381892 -0.0493110339631558 0.689608435166248
1591949602.55371 52.6563426098661 -4.65989672741456 47.134824753569 -0.000996505304343384 -0.724233943445956 -0.0495761708762218 0.687769151255819
1591949602.58671 52.6359392774283 -4.65923332289208 47.1333353127078 -0.00118815859209697 -0.725906998957767 -0.0498067277576236 0.68598608368783
1591949602.61971 52.6154934957005 -4.65855132880551 47.1316913672267 -0.00120053524004732 -0.727501674529538 -0.0498896593010281 0.684288604440176
1591949602.65271 52.5948853712915 -4.65802471370816 47.1300481056917 -0.00128996628844606 -0.72903040581099 -0.0502391496583109 0.682633892530724
1591949602.68571 52.5743340361511 -4.65729993506992 47.1282387442878 -0.00125774856660262 -0.730416679968203 -0.0505269191309946 0.681129152316873
1591949602.71871 52.5537274869549 -4.65655422839319 47.1263976787253 -0.000966877812993562 -0.73170936051765 -0.0507456856277131 0.679724467904694
1591949602.75171 52.5331106393812 -4.65587696319127 47.1244356968488 -0.000476502581793128 -0.732832331379125 -0.0509279572827165 0.678500471774144
1591949602.78471 52.5124058078179 -4.65509900747149 47.1224030382806 5.61235933364344e-05 -0.733869990238241 -0.0511494289818048 0.677361476755729
1591949602.81771 52.4916124206725 -4.65433706613388 47.1203264400884 0.000506925719852445 -0.734768406296182 -0.0514474635785462 0.676364022273966
1591949602.85071 52.4705752142271 -4.65361515397975 47.1181599706099 0.00086939978352134 -0.735563297053168 -0.0516763005213971 0.675481635676878
1591949602.88371 52.4496596777525 -4.65284291771147 47.1160221392002 0.00122932246184761 -0.73626925783154 -0.0516723212861233 0.674711819928614
1591949602.91671 52.4287030708124 -4.65215233914173 47.1138366205506 0.00155265145153877 -0.736909680767947 -0.0517013540624029 0.674009407688103
1591949602.94971 52.4071533128571 -4.65141316947771 47.1117412248121 0.0017183348298138 -0.737601124242545 -0.0516316737763722 0.673257602337022
1591949602.98271 52.3859780967405 -4.65065221439708 47.1095355678148 0.00199457296492062 -0.738151702362245 -0.0517370369472311 0.672645051261308
1591949603.01571 52.3647406639712 -4.64997785827148 47.1072999498655 0.00216932819855721 -0.738656908778214 -0.0519964509449313 0.672069664706355
1591949603.04871 52.3435812444583 -4.64918759329122 47.1048977628473 0.00237542000050902 -0.738995134989608 -0.0522921852736438 0.671674084062218
1591949603.08171 52.3221666112125 -4.64848960004669 47.102608682822 0.00246125562863721 -0.739343467553371 -0.0526483795571551 0.671262487658065
1591949603.11471 52.3006429151619 -4.64775208726833 47.100286112963 0.00243124331329204 -0.739625551425868 -0.0530369433312335 0.670921169271035
1591949603.14771 52.2790992399648 -4.64703944376923 47.0979183479715 0.00234223662513731 -0.739830676959461 -0.0533330161002769 0.670671807034517
1591949603.18071 52.2574671247151 -4.64632546475335 47.0955700459759 0.00229465548214294 -0.739938749660136 -0.0535449035514714 0.670535848863636
1591949603.21371 52.235751330482 -4.64556857243583 47.093225047838 0.00221385503913481 -0.739982123826006 -0.0538237550764225 0.670465926541605
1591949603.24671 52.2139272121361 -4.64481963556317 47.0909560765938 0.00209096638482751 -0.740046515939137 -0.054141947474305 0.670369623140557
1591949603.27971 52.1920988380703 -4.64409041582982 47.0886140197155 0.0020622852586251 -0.740063783689086 -0.0544461042053398 0.670326013808331
1591949603.31271 52.1702442366516 -4.6433751571317 47.0862635155288 0.00202858551444993 -0.740087063334152 -0.0545407068513598 0.67029272323545
1591949603.34571 52.1478797241532 -4.64254147796302 47.083955640097 0.00206929207276728 -0.740181888666887 -0.0544269686683727 0.670197131299001
1591949603.37871 52.1258932034186 -4.64178865687793 47.081638080764 0.00206531036165185 -0.740238473150841 -0.0543203279619783 0.670143297609194
1591949603.41171 52.1038304865104 -4.6410108608318 47.0792619321151 0.00207653898609032 -0.74029451847879 -0.0542916093551517 0.670083677647593
1591949603.44471 52.0818710699538 -4.63999614353371 47.0769108147681 0.00206297245385232 -0.740359653075167 -0.0542045239422837 0.670018804084828
1591949603.47771 52.0596983328253 -4.63919059298291 47.0745832513734 0.00232059321019922 -0.740424850490378 -0.0539615357357662 0.669965527683695
1591949603.51071 52.0374056263017 -4.63842222861561 47.0722188993219 0.00256871162100706 -0.740440762713021 -0.0537622033885637 0.669963061758165
1591949603.54371 52.0148335808381 -4.63775605356001 47.0698195590334 0.00277238839853926 -0.740385550616983 -0.0536914712230769 0.670028936851279
1591949603.57671 51.9924040375836 -4.63694114780275 47.0674454345953 0.0028641644389079 -0.740286364161008 -0.0537469515919792 0.670133688747187
1591949603.60971 51.969992370596 -4.63618752569042 47.0650854002052 0.00281185656522196 -0.740119360113148 -0.0537556591075677 0.670317652581425
1591949603.64271 51.9473254947303 -4.6354166044009 47.0627555258503 0.0027270887511428 -0.739937593103809 -0.0537537512135306 0.670518795806023
1591949603.67571 51.9246583903951 -4.63464450559371 47.0604123006932 0.00259537939300268 -0.739739364478186 -0.0538284421063889 0.670732014643416
1591949603.70871 51.902007498373 -4.63388867161962 47.0580961844212 0.00237156634896105 -0.7395271872845 -0.0539789735373373 0.670954682043418
1591949603.74171 51.879097450718 -4.6331261136794 47.0558069662321 0.00213536671512835 -0.739318044359519 -0.0543331374795892 0.671157343448638
1591949603.77471 51.8563119332138 -4.63234407202578 47.0534745199653 0.0019060260610215 -0.739146150646133 -0.0548616092326078 0.671304356370541
1591949603.80771 51.8331509380921 -4.63149644381547 47.0512771106974 0.000778521822764097 -0.738909000921166 -0.0550952854840959 0.671548502923565
1591949603.84071 51.810247913839 -4.63073833356281 47.0491820690055 -0.000117259098794883 -0.738730245527305 -0.0545016272236321 0.671794003563181
1591949603.87371 51.7873342844245 -4.62994324845598 47.0470179378303 -0.000575143531269505 -0.738612084994181 -0.0542941613606085 0.671940474411696
1591949603.90671 51.7647709685479 -4.62917625863553 47.0448464547598 -0.00124751043701422 -0.738436253267218 -0.0544761973962011 0.672118060682521
1591949603.93971 51.7418074547371 -4.62836659083108 47.0425972619914 -0.00122817923740158 -0.738356014242083 -0.0548586403485052 0.672175138923941
1591949603.97271 51.7187869361339 -4.62750664982134 47.0403730399089 -0.000753897563859707 -0.738261293164397 -0.0547451079280752 0.67228912516241
1591949604.00571 51.6958335083312 -4.62669137003154 47.0380200534806 -0.000198714295668895 -0.738136239341566 -0.0547530893745327 0.672426168354016
1591949604.03871 51.6727288490255 -4.62581394571799 47.0358218198535 -0.000130553326189571 -0.738024516467241 -0.0543517370565446 0.672581359188657
1591949604.07171 51.6496766891025 -4.62496306502285 47.0337762745361 -0.000970438937979234 -0.737856959905689 -0.0532790351334716 0.672850287495108
1591949604.10471 51.6264994969567 -4.62411056398182 47.0317258901016 -0.00160591118296946 -0.737839172631281 -0.0521440228861971 0.672957485475348
1591949604.13771 51.6034559868353 -4.62335712910954 47.0295826608207 -0.0013315259409688 -0.737738412784602 -0.051343072152545 0.673130113932413
1591949604.17071 51.5803096777024 -4.62255980232888 47.0273313143077 -0.000547549238057523 -0.737767476123658 -0.0511754245989792 0.673112120884087
1591949604.20371 51.556825867512 -4.62169283601009 47.0249591296277 -8.69364761546356e-05 -0.73758075266338 -0.0515887017145131 0.673285401295752
1591949604.23671 51.5335852679424 -4.62095057284948 47.0225575527507 0.000454312094552023 -0.737467000496006 -0.052185872167907 0.673363832950672
1591949604.26971 51.5102390007746 -4.6202138139053 47.0202148313334 0.00109967258018242 -0.737277502590119 -0.0524461761187405 0.673550349643749
1591949604.30271 51.4868214664702 -4.61946750641103 47.0179472903423 0.00139369103439175 -0.737112927224596 -0.0521944615307143 0.673749455160601
1591949604.33571 51.4633138278156 -4.61866973362949 47.0157731643701 0.00140155135383972 -0.737100695579038 -0.0516896055634256 0.673801740059639
1591949604.36871 51.4398322908703 -4.6179095662547 47.013506161437 0.00135737828832034 -0.737006794756644 -0.051490487066783 0.673919781389703
1591949604.40171 51.4164398087699 -4.61724978276811 47.0113606459135 0.00147730041316975 -0.737029093002671 -0.0517725698147204 0.673873530171597
1591949604.43471 51.3928149797311 -4.61653735065374 47.0090375160983 0.00156338860486361 -0.736929947109315 -0.0524253881914305 0.673931292894543
1591949604.46771 51.3692452394451 -4.61577856823946 47.0067320375559 0.00165063445397789 -0.736884070200161 -0.0527714945799875 0.673954235724457
1591949604.50071 51.34460180267 -4.61469422120224 47.005065895583 0.00154539284011662 -0.736740676984249 -0.0530580550139424 0.674088740030493
1591949604.53371 51.3209406428203 -4.61394497745885 47.0028178748376 0.00117930950618419 -0.736659936844919 -0.0534523362694198 0.674146567464427
1591949604.56671 51.2971121729229 -4.61317199619582 47.0005841024907 0.000730247570971633 -0.736551610837333 -0.0538667936932371 0.674232571038085
1591949604.59971 51.2741106102585 -4.61271491791764 46.9976880832286 0.00044807013753874 -0.736510702634113 -0.0543037935146232 0.674242450568397
1591949604.63271 51.2502977984033 -4.61190887780122 46.9954002047499 0.000430973607579129 -0.736445558773245 -0.0545717898916284 0.674291979021653
1591949604.66571 51.2264736050195 -4.61109109039771 46.9931410714405 0.000370586361364333 -0.736370976490005 -0.0549237288604159 0.674344890732459
1591949604.69871 51.2025389318831 -4.61033666127469 46.9908497175051 0.000238247372977035 -0.7362847246505 -0.0551690722901985 0.674419098889678
1591949604.73171 51.1787671286337 -4.60949837888763 46.9885995646679 0.000128042748446802 -0.736223646385811 -0.0552957872970673 0.674475427287483
1591949604.76471 51.1549269214959 -4.60859681494743 46.9864026111691 0.000203783111862156 -0.736187806792558 -0.0550972741209506 0.674530771712342
1591949604.79771 51.1310436934519 -4.60778137691259 46.9842228788596 0.000321366519097862 -0.736177345911478 -0.0549271309350653 0.67455601870974
1591949604.83071 51.1072174480753 -4.60689621619914 46.9820530024867 0.00033012483858951 -0.736177750298324 -0.0548102953538342 0.674565076554157
1591949604.86371 51.0833072802559 -4.60606943406067 46.9798312687915 0.000373679622442682 -0.736149052909056 -0.0547683246417286 0.674599779781003
1591949604.89671 51.0594199046347 -4.60520242235592 46.977626127487 0.000396210955509332 -0.736150337873147 -0.0546428345242581 0.67460854108237
1591949604.92971 51.0349759084704 -4.60420084783048 46.9756760855742 0.000409975527856382 -0.736124253620744 -0.0544502201149391 0.674652568868454
1591949604.96271 51.0110139826989 -4.60334104038402 46.9735173665287 0.000448477123832633 -0.736115217869556 -0.0542024326286639 0.674682355769188
1591949604.99571 50.9871962640175 -4.60266450728154 46.9710567743891 0.000191177282425195 -0.73610455607248 -0.0543753840481362 0.67468019356596
1591949605.02871 50.963181413004 -4.60182654496887 46.9688509653384 0.000129508469156963 -0.73608045336159 -0.0544250666145144 0.674702498535879
1591949605.06171 50.9389863350899 -4.60099946504569 46.9665460004514 0.000148320939859765 -0.736014772773483 -0.0547045213178868 0.674751545094547
1591949605.09471 50.9149173446983 -4.6001721929609 46.9643141646782 0.000186838018210323 -0.736010991958413 -0.0548406955522773 0.674744605698549
1591949605.12771 50.8906951803593 -4.59934764437493 46.961979687887 0.000142581234684355 -0.735961433069367 -0.0549009450500969 0.674793772153894
1591949605.16071 50.8665912822904 -4.59855660220165 46.9597498925802 0.000129344897222874 -0.735966715927886 -0.054872668127858 0.674790313066771
1591949605.19371 50.8424629225875 -4.59768101048948 46.957458115503 8.06039412038964e-05 -0.735972905828879 -0.0548336024559227 0.674786745150278
1591949605.22671 50.8182265665178 -4.59684064138022 46.9552011690307 0.000156739721746295 -0.735991229569816 -0.054826381869173 0.674767332700766
1591949605.25971 50.7942520334988 -4.59603376741069 46.9529397067135 0.000410012502566081 -0.736036353179154 -0.0546851059612701 0.674729470139318
1591949605.29271 50.7691653745707 -4.59483254883116 46.9507553641449 0.000746621626259675 -0.736042270557015 -0.0546140821376602 0.674728479124516
1591949605.32571 50.745046562236 -4.59397088614187 46.9484904426819 0.00104490439558373 -0.736088240337575 -0.0545228281870765 0.674685313177943
1591949605.35871 50.7209730570201 -4.5931639322717 46.9462024818351 0.00128842617722255 -0.736131960488333 -0.0543910113202578 0.674647830051464
1591949605.39171 50.6980303577675 -4.59272800790595 46.9439259205362 0.00136122815421135 -0.736215905932474 -0.0542196509418145 0.674569875077212
1591949605.42471 50.6738823126372 -4.59189433239111 46.9416959448315 0.00140454232012246 -0.736250401528334 -0.053958504758276 0.674553076691886
1591949605.45771 50.6496557605054 -4.59107169927186 46.9394332736927 0.000975834457717973 -0.736253476828551 -0.0540439504696101 0.674543636114536
1591949605.49071 50.6253898010405 -4.59022236631139 46.9372384772665 0.000968638441588126 -0.736293721821525 -0.0537885693612255 0.674520130723946
1591949605.52371 50.6011408813438 -4.58941756063515 46.9349375788661 0.000866486236248312 -0.736325786247662 -0.054062332151456 0.674463379251024
1591949605.55671 50.5769723614944 -4.58858638094881 46.9326874524542 0.000520337540573238 -0.736337548172697 -0.0544204965009572 0.674422088873469
1591949605.58971 50.5527904404386 -4.58780193442347 46.9303954166524 0.000450168540511423 -0.73639091815203 -0.0548438793526686 0.674329564759729
1591949605.62271 50.5285948696801 -4.58702471190655 46.9281621864189 0.000135246902239963 -0.736446203172641 -0.0548793743608103 0.67426643532853
1591949605.65571 50.5043697730343 -4.58621590881123 46.925882528841 -0.000102180617365643 -0.736543989547785 -0.054646230834077 0.674178559786488
1591949605.68871 50.4800663044241 -4.58545211643698 46.9236008721316 -0.000434098661404424 -0.736603366116454 -0.054655262318592 0.674112820590996
1591949605.72171 50.4558857362136 -4.58459404561045 46.9214124196871 -0.000657924169117017 -0.736803492262997 -0.0542976786645605 0.673922801971027
1591949605.75471 50.4316530502293 -4.5837585773691 46.9191612996078 -0.000710457772296061 -0.736965372473512 -0.0542354370868066 0.673750734610905
1591949605.78771 50.40745030321 -4.58288292915347 46.916854424499 -0.000588610042044759 -0.737135024860638 -0.054104474720726 0.673575767436091
1591949605.82071 50.3830172459767 -4.58207025145923 46.9145411475545 -0.000425903374730535 -0.737317584818665 -0.0539359407556016 0.673389569282369
1591949605.85372 50.3587850507612 -4.58121717485035 46.9121671327433 -0.000582083039090393 -0.737402352129875 -0.0541626431040629 0.673278427060192
1591949605.88672 50.3344474585508 -4.58030005809456 46.9098382502479 -0.000503269375565049 -0.737606826949505 -0.0540387946855479 0.673064427990629
1591949605.91972 50.310162666019 -4.57941102843944 46.907455202539 -0.00053625166921696 -0.737734027813129 -0.0540452079507538 0.672924462431204
1591949605.95272 50.2857618240229 -4.57851775612258 46.9050318345776 -0.000640747064167741 -0.737898455971817 -0.0542862405230124 0.672724655566812
1591949605.98572 50.2614108490978 -4.57763786325029 46.9026234178876 -0.000601452984236563 -0.738067861257481 -0.0543612627997297 0.672532767632875
1591949606.01872 50.236317880062 -4.57662974796344 46.900422873695 -0.000452275185062447 -0.738134046580607 -0.0545500107595617 0.672444957637298
1591949606.05172 50.2119596676195 -4.57575383685421 46.8979689588455 -0.000334094013705136 -0.738301939555521 -0.0546817731932439 0.672249981859567
1591949606.08472 50.1881269407278 -4.57508221750076 46.8951787341115 -0.000249918550840526 -0.738487429525245 -0.0548463748099764 0.672032833382505
1591949606.11772 50.1637658376783 -4.57420714418043 46.8927180865918 -0.000153052212269423 -0.738663109195627 -0.0547666147415489 0.671846266342398
1591949606.15072 50.1393953535092 -4.57335460688907 46.8902832783413 -9.89318987090089e-05 -0.738851974201042 -0.054581780024732 0.671653615877287
1591949606.18372 50.1150071507921 -4.5724559663208 46.8878065062225 5.19013273439918e-05 -0.739026438285722 -0.0543644181552484 0.671479285502996
1591949606.21672 50.0907109064258 -4.57169826544783 46.8852695217568 0.000161313894425353 -0.739155968806716 -0.0541999758445643 0.671349976073345
1591949606.24972 50.0663270255983 -4.57082601999283 46.8827979846231 0.000237102930655748 -0.739328993650896 -0.0538834708375297 0.67118488846208
1591949606.28272 50.0418640862766 -4.569971002655 46.8802914963864 0.000302978540362731 -0.739426408641155 -0.0537312728377046 0.671089744167863
1591949606.31572 50.0174370429543 -4.56908302573319 46.8777513167117 0.000367192766867008 -0.739576587237024 -0.0536788981724193 0.670928396083594
1591949606.34872 49.9930632220955 -4.56822817302308 46.8752457977737 0.000346142270388064 -0.739720458057859 -0.0538149164938041 0.670758882817787
1591949606.38172 49.9678222836755 -4.56702421164803 46.8725099555181 0.00025057150357067 -0.739758671475435 -0.0539733395361761 0.670704050837725
1591949606.41472 49.9432926086209 -4.56616899169682 46.8699767936941 9.4609513616946e-05 -0.739896245376176 -0.0541028679713955 0.670541882960749
1591949606.44772 49.9188070021731 -4.56532466514113 46.8674060530851 6.15947947476892e-05 -0.740017025292605 -0.054268189970287 0.670395228235191
1591949606.48072 49.8950037162563 -4.56485565583204 46.8647687944172 -0.000179490659069937 -0.740121975958631 -0.05455289102046 0.670256227548469
1591949606.51372 49.8705250162618 -4.56406142078174 46.8622055178726 -0.000458773976458775 -0.740246283735018 -0.0548684147041172 0.670093042801364
1591949606.54672 49.8460191089535 -4.56319222976389 46.8595901704836 -0.000693326693709521 -0.740361057768311 -0.0549163228425851 0.669962104095248
1591949606.57972 49.8214855652484 -4.56229321968057 46.8569938651545 -0.00074264078608814 -0.740503507227939 -0.0547782551136362 0.669815905331077
1591949606.61272 49.7969440754973 -4.56141450450024 46.8543503792557 -0.000818054879154505 -0.740585258515459 -0.0547036435975173 0.66973152608561
1591949606.64572 49.7724044982422 -4.56051382188361 46.851782383314 -0.000878503113063783 -0.740725374550033 -0.0546300156093027 0.669582488663287
1591949606.67872 49.7479457953751 -4.55966795900268 46.8491549814748 -0.000785378329392638 -0.740832044087762 -0.0545386271501966 0.66947203360723
1591949606.71172 49.7233804442187 -4.55870102146809 46.8465156515035 -0.000638984562157659 -0.740960519376502 -0.0544364300070023 0.669338311702032
1591949606.74472 49.6989750238097 -4.55783166017277 46.8438755206012 -0.000500544553860743 -0.741095867037631 -0.0542686672201733 0.669202194462211
1591949606.77772 49.6743973711237 -4.55690622558978 46.841248391633 -0.000452092937107431 -0.741227171482123 -0.054176930658023 0.669064224161675
1591949606.81072 49.6498607536496 -4.55608753287777 46.838500206061 -0.000431944659340093 -0.741325419861612 -0.0541064531244265 0.668961080348559
1591949606.84372 49.6253471337439 -4.55522273227081 46.8358448667819 -0.000512015931923716 -0.741449855872392 -0.0542298626275779 0.668813106230649
1591949606.87672 49.6007691480662 -4.55435688216309 46.8330846931902 -0.000485880181326074 -0.741563738291441 -0.0542926081535666 0.66868176188046
1591949606.90972 49.576224842735 -4.55351295604988 46.8303482609209 -0.000420921433189161 -0.741674182941868 -0.0544200654132527 0.668548940364935
1591949606.94272 49.5511912877766 -4.55246607595098 46.8272861018847 -0.000402546273238349 -0.741847547616218 -0.0542876034020415 0.668367346725709
1591949606.97572 49.5266293620109 -4.55162265388631 46.8245385706386 -0.000304283556020409 -0.74197753688443 -0.0543494649906835 0.668218061582938
1591949607.00872 49.5025449518679 -4.55090989511786 46.8220304268141 -0.000232344184900292 -0.742032471008596 -0.054442638469775 0.668149502058863
1591949607.04172 49.4780238301 -4.55005625404086 46.8192519903166 -0.000114859131845348 -0.742151312499443 -0.0543847200405061 0.668022243932678
1591949607.07472 49.4534818794987 -4.54925249252568 46.8164500356169 5.24278840723362e-05 -0.742274850992836 -0.0543260392573258 0.667889754595391
1591949607.10772 49.4289695684459 -4.54836982961926 46.8136348158915 0.000269023088131731 -0.742378974967677 -0.0541101583802147 0.667791491344857
1591949607.14072 49.4044579290816 -4.54755900752108 46.8109001016972 0.000318454336798253 -0.742541449147208 -0.0541383881182784 0.66760851538694
1591949607.17372 49.3799487087107 -4.54670616919214 46.8080816959046 0.000468641880665513 -0.742665930870811 -0.0540119822195743 0.667480187927171
1591949607.20672 49.3553094348805 -4.54583178552219 46.8052591582842 0.000542052962134885 -0.742809014182554 -0.0540380222913559 0.66731878946615
1591949607.23972 49.3308057449736 -4.54497924514867 46.8024144314794 0.000664056901565887 -0.742924623449927 -0.054017047438015 0.667191667728469
1591949607.27272 49.3061477778362 -4.54420064421794 46.7995213470211 0.000628361760450201 -0.743012706494545 -0.0543139327152388 0.667069501523007
1591949607.30572 49.2815606202542 -4.54338898461283 46.796668475834 0.000574789125197314 -0.743113745485363 -0.0546443457125355 0.666930001101934
1591949607.33872 49.256599263549 -4.54247037775051 46.7937235271238 -9.05202484675609e-05 -0.743170672889032 -0.0554329833808031 0.666801714992735
1591949607.37172 49.2319157002808 -4.54160031457099 46.7908599377189 -0.000469709857805181 -0.743263222570593 -0.0557839230837546 0.666669119782829
1591949607.40472 49.2081882928076 -4.54024039490336 46.7884933359621 -2.48524750506674e-05 -0.743490101329874 -0.0556609742756986 0.666426533497525
1591949607.43772 49.1834856518229 -4.53934215135047 46.7855970301246 -0.000471350222346375 -0.743590323123581 -0.0560779177327513 0.666279578201745
1591949607.47072 49.1588356799437 -4.53843108373597 46.7826751159089 -0.00101493396379667 -0.743683564096359 -0.0567557047843174 0.666117494423034
1591949607.50372 49.1330015623722 -4.53794172030177 46.7791593597082 -0.00113238524914404 -0.743731042430528 -0.0568389916126616 0.666057192184953
1591949607.53672 49.1082654997399 -4.53701292529163 46.7762336362833 -0.000828076952480364 -0.743842562240515 -0.056529586292278 0.665959430267077
1591949607.56972 49.0838284835548 -4.53608164776395 46.7734214550905 -0.000723263702293803 -0.744007279506296 -0.0563462123505619 0.665791070295331
1591949607.60272 49.059221310092 -4.53504341784891 46.7705416391735 -0.000456765988580722 -0.744168708109735 -0.0558378687208736 0.665653707006751
1591949607.63572 49.0346590807692 -4.53409435651425 46.7676010509817 7.74101396903126e-05 -0.744332026623181 -0.0554578828826464 0.665503006286878
1591949607.66872 49.0100511336541 -4.53309724383807 46.7645899663226 0.000323653641876527 -0.744394158934604 -0.0553829766152457 0.665439672166906
1591949607.70172 48.9851622303151 -4.53202089547676 46.7615324838853 -5.04390257326722e-06 -0.744510041971015 -0.0571349753553577 0.665161929134567
1591949607.73472 48.960479763547 -4.53099443183437 46.7584362651936 0.000527603755427192 -0.744600263570184 -0.0572365275184 0.665051989729469
1591949607.76772 48.9355181997118 -4.52997603788535 46.7553687322887 0.00021851630603018 -0.744709933114773 -0.0585233543619243 0.664817331877745
1591949607.80072 48.9107459570564 -4.5289072911622 46.7521040540763 -5.75861298961326e-05 -0.744652554905174 -0.0604464511861272 0.664709557397844
1591949607.83372 48.8861215930735 -4.52795853817932 46.748944333939 0.000466992001885218 -0.744797861852326 -0.0613556712514461 0.664463248422332
1591949607.86672 48.8614991228919 -4.52704726564824 46.7459491715714 -0.000667409656736035 -0.744748907319026 -0.0617920256567542 0.664477512920265
1591949607.89972 48.8368555684677 -4.52616333699479 46.7431497292499 -0.00167186908891224 -0.744803408001948 -0.0604712436510697 0.664536166791339
1591949607.93272 48.8123101566674 -4.52528764474375 46.7402843477214 -0.00130386725691197 -0.744936721930573 -0.0592481652992529 0.664497731492125
1591949607.96572 48.788009046185 -4.52429777294626 46.7374426159272 -0.00109630692282175 -0.744855520833507 -0.0578866722597955 0.664709097552954
1591949607.99872 48.7636354289422 -4.52326664459406 46.7345531239739 5.66387403666403e-05 -0.745002880810975 -0.0562087233582034 0.664688862396417
1591949608.03172 48.7394531707468 -4.52223159578677 46.731440093525 0.00260329760968993 -0.7449301343771 -0.0542980410665867 0.664924086249553
1591949608.06472 48.7150506817945 -4.52125341406683 46.7284197438456 0.00434859561804746 -0.744790201882385 -0.0540616202286772 0.665090960782356
1591949608.09772 48.6906691388358 -4.52045295378962 46.7253189360073 0.00498592293558645 -0.744650166425811 -0.0543216007983763 0.665222093665863
1591949608.13072 48.666204067343 -4.51964040495719 46.7223468052996 0.006095135623861 -0.744695491640693 -0.0530327284992014 0.665266114994355
1591949608.16372 48.6413772584968 -4.51901174167873 46.7192019660209 0.00649561318052734 -0.744715363467753 -0.0525474430712488 0.665278588751491
1591949608.19672 48.6166729294434 -4.51836934929007 46.7163062215567 0.00564306876736971 -0.744788581952344 -0.0530791198915487 0.665162183982104
1591949608.22972 48.5919542828525 -4.51782686524494 46.7134856809028 0.00436734192931653 -0.744811319063637 -0.0540625663852502 0.665067112579624
1591949608.26272 48.5676037670453 -4.51727991521465 46.7107736883403 0.00335112261670769 -0.744819295253253 -0.0543578059459692 0.665040011073316
1591949608.29572 48.5427648228222 -4.51667809331111 46.7079406470763 0.00245552959669221 -0.744861840879692 -0.0546145468762281 0.664975232354725
1591949608.32872 48.5179375920089 -4.51604442752732 46.705131300225 0.00130089872882462 -0.74470066310213 -0.0551266199765165 0.665116745998558
1591949608.36172 48.492995120903 -4.51521428934173 46.7023054609212 9.52318048959051e-05 -0.744549026246657 -0.0555973773144938 0.665248577662372
1591949608.39472 48.4683132656264 -4.51440594602699 46.6993889831677 -0.000572840607956675 -0.744384972369995 -0.0558777101976076 0.665408420645871
1591949608.42772 48.4435951803196 -4.51355868687204 46.6965417693845 -0.000840978899358496 -0.744221918970244 -0.0562183584515883 0.665561810992599
1591949608.46072 48.4192457899725 -4.51272008661744 46.6944057538496 -0.000625183818031875 -0.744083497336745 -0.0562527435432951 0.665713892734833
1591949608.49372 48.3947086911178 -4.51178567705549 46.6915241484361 -0.000552769917885327 -0.743964155639404 -0.0562155488184244 0.665850464924528
1591949608.52672 48.370098733944 -4.51080530520228 46.6886907530477 -0.00044376048299948 -0.743846396837468 -0.0562308798304226 0.665980802382506
1591949608.55972 48.3455937610038 -4.50981278505896 46.6850646845396 -0.000288805862518569 -0.743799461937674 -0.0561014944051337 0.666044217254313
1591949608.59272 48.32102463353 -4.50880991820161 46.6821524633308 0.000192127872190741 -0.743771357627593 -0.0558819335859364 0.666094092571301
1591949608.62572 48.2964959672501 -4.50782558293681 46.6792533655926 0.000706241476351963 -0.74374378373226 -0.0556245280414603 0.666146078021003
1591949608.65872 48.2719352096663 -4.50691041242378 46.6764092150019 0.0011155261505352 -0.743728814684252 -0.0554513147271995 0.666176671390398
1591949608.69172 48.2473988049912 -4.50597913432695 46.6734788289811 0.00111236366430574 -0.743658802286724 -0.0556332066926375 0.666239667643445
1591949608.72472 48.2229507167992 -4.50508493327915 46.6706862989324 0.00127655977560531 -0.743634309060312 -0.0552359541697765 0.666299762982462
1591949608.75772 48.1982000680283 -4.50422166857253 46.6678675687026 0.00106596095675088 -0.74361270725783 -0.055173080548126 0.666329450433304
1591949608.79072 48.1736368656024 -4.50337341137455 46.6650940085388 0.000921894582034595 -0.743608237681366 -0.0549474463230927 0.666353297512186
1591949608.82372 48.1491434871257 -4.50258369541681 46.6623197214941 0.000514747358146931 -0.743575939683427 -0.0552025227501578 0.666368695574067
1591949608.85672 48.124295811407 -4.50173785218199 46.6594113352597 0.000264682249237131 -0.743537591617488 -0.0553312532134542 0.666400954540734
1591949608.88972 48.0996639172146 -4.50093198502771 46.6565799549783 0.00017704606018536 -0.743503609047734 -0.0552023057632648 0.666449591061549
1591949608.92272 48.0750787265894 -4.50018266995105 46.6537622290745 -0.000125378444329432 -0.743455947995612 -0.0554086846348723 0.66648564525969
1591949608.95572 48.0507363752384 -4.49934124666334 46.650961603247 -0.000424455115539266 -0.743399453401743 -0.0553198281373451 0.666555915985072
1591949608.98872 48.0262396132532 -4.49855074892161 46.6481705270802 -0.000506426091018435 -0.743381111427127 -0.0553283334160071 0.666575608785224
1591949609.02172 48.0014167110551 -4.49766384125684 46.6453982855976 -0.000517138281570531 -0.743202498943377 -0.0555884295886091 0.666753106200631
1591949609.05472 47.9769468891953 -4.49681797747335 46.6425535869109 -0.000444058600029317 -0.743186376755303 -0.0556082936813407 0.666769472824854
1591949609.08772 47.9524433345724 -4.49595378643132 46.6397536841815 -0.000213042402639261 -0.743160812551659 -0.0554033648339039 0.666815138149677
1591949609.12072 47.9283375868719 -4.49504794673727 46.6368121484812 -0.000114977021405408 -0.743115223379005 -0.0554726029109835 0.666860211655288
1591949609.15372 47.9038861832603 -4.49417982122631 46.6339909742488 -0.000257330573460035 -0.74306746610246 -0.0557305729598932 0.666891878671954
1591949609.18672 47.8788554379593 -4.49329993641033 46.6316945054729 -0.000370775978076682 -0.743019863992528 -0.0557905238994443 0.666939848622591
1591949609.21972 47.8544060873071 -4.49240267352618 46.6288243625462 -0.000427585042676688 -0.742982541435157 -0.0559005125892934 0.666972183067511
1591949609.25272 47.830105770958 -4.49138884748804 46.6255701269599 -0.000123969041244429 -0.742934201791155 -0.055950184418054 0.667021988621216
1591949609.28572 47.8055875857961 -4.49048070258118 46.6227599101318 5.14227809833857e-05 -0.742897694212345 -0.0559989912871529 0.667058562844748
1591949609.31872 47.7810626192017 -4.48959072450832 46.6199291874994 -0.000137576264897619 -0.742852475365638 -0.0562919153243719 0.667084253438071
1591949609.35172 47.7566107011792 -4.48870132821419 46.6171451055763 -0.000265031968929409 -0.742790034352163 -0.0564818422696378 0.667137689026034
1591949609.38472 47.731930048661 -4.48778429339674 46.6143159365145 -0.00013971404464148 -0.742744871379489 -0.056370833334497 0.667197396329322
1591949609.41772 47.7074210866491 -4.48689486381222 46.6115299232071 -2.08247406980848e-05 -0.742715996127914 -0.0560779630072857 0.667254232453422
1591949609.45072 47.6829060806336 -4.48596542365862 46.6087892875789 0.000133669838069207 -0.742717939540833 -0.0557777524796327 0.667277218811578
1591949609.48372 47.6583921395911 -4.48505343194598 46.6060024352778 0.00028869350723799 -0.742702510023794 -0.0556949895477588 0.667301256105284
1591949609.51672 47.6337206958936 -4.48429795700475 46.6033426580518 0.00031614368934276 -0.742658579756793 -0.0556759516325393 0.667351723139007
1591949609.54972 47.6092508314054 -4.48341877432392 46.6006135626235 0.000494231368286651 -0.742665529423807 -0.0555641788608838 0.667353196717096
1591949609.58272 47.5851654376927 -4.48244225312035 46.5976997533109 0.000837812346246932 -0.742661885918416 -0.0553758626846141 0.667372560948162
1591949609.61572 47.5606786641677 -4.48155129260088 46.5949149751865 0.00108047126081916 -0.742661325327385 -0.0553336166044627 0.667376340094775
1591949609.64872 47.5365173750482 -4.48073368617635 46.5921732861337 0.00110800855023969 -0.74266522408798 -0.0553736491701691 0.667368635931434
1591949609.68172 47.5120860213334 -4.47987956472151 46.5894080797732 0.0010979638395635 -0.742663595653946 -0.0553959345766355 0.667368615233096
1591949609.71472 47.4876849213297 -4.47909718863815 46.5866013187647 0.00108075680333425 -0.742682901702702 -0.0554337195296113 0.667344020893496
1591949609.74772 47.4633181277504 -4.47823035700498 46.5838495274033 0.00114612965293139 -0.742691717118903 -0.05528451978249 0.667346477912496
1591949609.78072 47.4390627044599 -4.4774653705185 46.5812065810746 0.00130311515064086 -0.742655342841023 -0.0552572414710394 0.667388927766709
1591949609.81372 47.4147557031944 -4.47660354713408 46.5784296139786 0.00133357459768486 -0.742690699600691 -0.0552799110339447 0.667347643842029
1591949609.84672 47.3901611075507 -4.47580855540555 46.5755138314588 0.00134698222628576 -0.742721933646405 -0.0553802699430101 0.667304533642974
1591949609.87972 47.3658126733805 -4.47494799510981 46.5727339466277 0.00135909124467828 -0.74279552138328 -0.0554313039725684 0.667218357678977
1591949609.91272 47.3413119271445 -4.4741115038176 46.5699264095684 0.00142945249177008 -0.742909697276693 -0.0553717426094424 0.667096026429644
1591949609.94572 47.3168420111346 -4.47321946860376 46.5671300982056 0.00140906439106005 -0.74304086039406 -0.055228561918934 0.666961843189521
1591949609.97872 47.292208764026 -4.47256862841975 46.5645107590118 0.00109350124111123 -0.743196507747595 -0.0556778413996527 0.666751627747462
1591949610.01172 47.2677099822362 -4.47163864748906 46.5616118474941 0.00154576703706662 -0.743363217187001 -0.0559950230675784 0.666538292470373
1591949610.04472 47.243307420318 -4.470781462361 46.5587764568534 0.00125815373805247 -0.743484858788762 -0.0564719132573684 0.666362967769127
1591949610.07773 47.2193260579629 -4.46974981284582 46.5556289343124 0.0011123163186395 -0.743585218941675 -0.0563311506572962 0.666263151006788
1591949610.11073 47.1948891784504 -4.46894365562135 46.5528507721112 0.000829894492380759 -0.743733101430736 -0.0565644539990371 0.666078709804736
1591949610.14373 47.1704787222332 -4.46805560044767 46.5500364584353 0.00031433640211666 -0.743819352305115 -0.0566675676528894 0.665974067892535
1591949610.17673 47.1459350635547 -4.46706056713738 46.5471107829013 -0.000157489853198318 -0.74394849225868 -0.0568400887166341 0.665815154812256
1591949610.20973 47.1217344329046 -4.46620880498418 46.5442972056221 -0.000182945692506854 -0.744090130291621 -0.056654622429017 0.665672666023548
1591949610.24273 47.0974144012957 -4.46520520038522 46.541443368013 0.00029683766646251 -0.744228786943612 -0.0564858497020665 0.66553194765937
1591949610.27573 47.0732280465405 -4.46466379416283 46.5389464139196 0.000405887153873658 -0.744313983759411 -0.0568144257241123 0.665408633747304
1591949610.30873 47.0490141661557 -4.46379641635005 46.536069040509 0.000469913893827502 -0.744450545373603 -0.0567812090044871 0.665258640663815
1591949610.34173 47.024705795347 -4.46287584737362 46.533184484978 0.000515656498080708 -0.744532001053062 -0.0566907874368414 0.665175155974793
1591949610.37473 47.0002667382279 -4.46203928496133 46.5302991087718 0.000647332830800465 -0.744656660010523 -0.0564427183230826 0.665056583465257
1591949610.40773 46.9761416438179 -4.46069383241572 46.5269297588479 0.000755564764608565 -0.744736161068191 -0.0563499376041366 0.664975310858463
1591949610.44073 46.9519626766478 -4.45981547169362 46.524116317333 0.00074709548064753 -0.74481018269476 -0.056257134738118 0.664900269509344
1591949610.47373 46.9277851490245 -4.45889447637864 46.5213262004184 0.000619089434119201 -0.744897981971344 -0.0562642007925615 0.664801438696146
1591949610.50673 46.9040065755314 -4.4582364506266 46.5186282680253 0.00041023754311911 -0.744867301980795 -0.0562893452350991 0.664833846730154
1591949610.53973 46.8796709311924 -4.45744976182607 46.5157742855015 0.000227468081750236 -0.74490509241026 -0.0562419651402914 0.664795602359622
1591949610.57273 46.8557093073288 -4.456493857208 46.5129161910566 7.47766396577573e-05 -0.744907535882315 -0.0561996132533972 0.66479648078518
1591949610.60573 46.8315361843914 -4.45605542756937 46.5100777140302 -0.000203578774088571 -0.744900263938566 -0.0561803882930348 0.664806226889597
1591949610.63873 46.8069841849821 -4.45478485953766 46.5068428988733 -0.000306250449316069 -0.744884288330739 -0.0561903520895382 0.664823245337228
1591949610.67173 46.7826903059881 -4.45376568689728 46.5039781912307 -0.00048773091401481 -0.744899448054712 -0.0561289124430334 0.664811341355052
1591949610.70473 46.7585803272141 -4.45289440522252 46.5011652423611 -0.000478979263685439 -0.744907974798939 -0.0560774596300953 0.664806135787903
1591949610.73773 46.7345960314762 -4.45198822196318 46.4981262403999 -0.00042173137390199 -0.744884490765585 -0.0559816286511855 0.664840563453452
1591949610.77073 46.7104897752643 -4.4509860310307 46.4952836257676 -0.000317319799995536 -0.744936229197215 -0.0556766061648728 0.66480826503853
1591949610.80373 46.6864560019319 -4.4502679875219 46.4924383169936 -0.000327168472976624 -0.744947788175073 -0.0555625291690798 0.664804851972511
1591949610.83673 46.6623340703092 -4.44949099190167 46.4895625774609 -0.000174630314758074 -0.744951745160715 -0.0551943831959366 0.664831141681764
1591949610.86973 46.6383152949621 -4.44867901975764 46.4866864964158 -9.95678248674064e-05 -0.744993749028155 -0.0548877739230291 0.664809473660685
1591949610.90273 46.6144221484081 -4.44782887288531 46.4838491713029 6.21893666191617e-05 -0.745035639532223 -0.0545587569409371 0.664789616345167
1591949610.93573 46.5905154065815 -4.4470892695945 46.481019511954 0.000232863601668346 -0.745091078647636 -0.0542152978402217 0.664755542868461
1591949610.96873 46.5663384449337 -4.4460918650322 46.4781096064513 0.000388500583818178 -0.74510909606856 -0.0539250350365109 0.664758884573573
1591949611.00173 46.5425341960175 -4.44542145842875 46.4752969133239 0.000460884045493711 -0.74513601799322 -0.0536099596805873 0.664754145905198
1591949611.03473 46.5187717409063 -4.44479089910668 46.4725152946494 0.000392570915018065 -0.745169676962774 -0.0534763218449101 0.664727223321876
1591949611.06773 46.4941484150085 -4.44384086874242 46.4695656461873 0.000404499255204508 -0.745112488544022 -0.0533504909811254 0.664801429682699
1591949611.10073 46.4702807035531 -4.4431997199252 46.4667678943689 0.000263877653320025 -0.74511889200294 -0.0534487272793216 0.664786432398493
1591949611.13373 46.4461038119101 -4.44242767190235 46.4637769980548 0.00021330906785244 -0.745092621000808 -0.0534842034321484 0.664813041849072
1591949611.16673 46.4221354660245 -4.44185352809476 46.4609652572188 9.50303410096624e-05 -0.745110196543591 -0.0535983578916548 0.664784177013355
1591949611.19973 46.3980876495842 -4.44115779349247 46.458065564192 -0.000159316003813825 -0.745074843902095 -0.053701599113722 0.664815455487693
1591949611.23273 46.3740983004462 -4.4401441456111 46.4551586257564 -0.000353887082962457 -0.745066170814057 -0.0535967493542022 0.664833561375382
1591949611.26573 46.3502058547765 -4.43948395012556 46.452343731182 -0.000631646787339929 -0.745049320273643 -0.0537694759363755 0.664838292248308
1591949611.29873 46.3260693385685 -4.43868148855105 46.4493581271127 -0.000679137400944401 -0.745011674017105 -0.0540208480462046 0.66486005469346
1591949611.33173 46.3021237429302 -4.43791450963785 46.4464920260285 -0.000689198684634056 -0.745042942047635 -0.0542144942579985 0.664809241905171
1591949611.36473 46.2783704608931 -4.43709230389244 46.4435553766114 -0.000744490163728376 -0.745056452472527 -0.0542076172510691 0.66479460180977
1591949611.39773 46.2544674683001 -4.43630404687242 46.4407004683336 -0.000784087101970209 -0.745086224449186 -0.0540656018831425 0.6647727536809
1591949611.43073 46.2308355688742 -4.4355427508619 46.437884333313 -0.000818413510864442 -0.745053723526798 -0.0539543276343908 0.664818177991321
1591949611.46373 46.2070577908667 -4.4347512643962 46.4350541620908 -0.000828702938533995 -0.745075047397115 -0.0535996394829146 0.664822958121129
1591949611.49673 46.1831520848454 -4.43364118294774 46.432401625761 -0.000795145834784506 -0.745100233895119 -0.053256900841133 0.664822315889996
1591949611.52973 46.1593460595791 -4.43285190344795 46.4295639521902 -0.000517854360245116 -0.745137180651243 -0.0529104584946996 0.664808842615574
1591949611.56273 46.1359045552508 -4.43238126066539 46.4265271103131 -0.000243702289707273 -0.7451460915514 -0.0525695733709077 0.664826054551465
1591949611.59573 46.1122031209256 -4.43161378469351 46.4236605309485 2.78076563193047e-05 -0.745162452569445 -0.0523152489759384 0.664827822245737
1591949611.62873 46.0886422459405 -4.43090188584518 46.4208424569205 0.000311529454124779 -0.745168158474017 -0.0519859825028036 0.66484718256834
1591949611.66173 46.0649739738326 -4.43014721583957 46.4180065363501 0.000498561832353356 -0.745189603498744 -0.0516259613477916 0.664851085874424
1591949611.69473 46.0413409770265 -4.4294241508219 46.4152107319899 0.000608754864134954 -0.745181665368237 -0.0514409010227789 0.66487423526446
1591949611.72773 46.0176451302597 -4.42867279551868 46.4123753010844 0.000729821081229557 -0.745200925177583 -0.0512965917828328 0.664863676363155
1591949611.76073 45.994297935353 -4.42808088170109 46.4095613008987 0.000686248983255415 -0.745210188727603 -0.0514664389349718 0.66484021339135
1591949611.79373 45.9706778252388 -4.42738053803517 46.406669804656 0.000705938834546173 -0.745213426581204 -0.0515610339616859 0.664829233916698
1591949611.82673 45.9468247760603 -4.42669122659469 46.4037172677114 0.000541636287282419 -0.74522942210383 -0.051721691623121 0.664798978396151
1591949611.85973 45.9232013652401 -4.42604209444471 46.4008417993636 0.000370605759324261 -0.745199585005591 -0.0518306845550128 0.664824052887247
1591949611.89273 45.8995695385229 -4.42540269698806 46.3979961819284 0.000184355872386174 -0.74523132294852 -0.0521196217012314 0.664765963586458
1591949611.92573 45.8760321141605 -4.42475572722622 46.3950863564023 0.000151745378106878 -0.745219615519657 -0.0523532893299992 0.664760734937319
1591949611.95873 45.8522855029826 -4.42387317477002 46.3923964266446 8.89458911736122e-05 -0.745202732172303 -0.0525142727043389 0.664766975122785
1591949611.99173 45.8288160269747 -4.42321114133811 46.3895056080569 4.60500926242042e-05 -0.745184558376018 -0.0526220894496297 0.664778826031097
1591949612.02473 45.8053577157605 -4.42249231186467 46.3866460798571 0.000169237062963035 -0.745181562089663 -0.0524669208714545 0.664794429199505
1591949612.05773 45.7822494701964 -4.42196766328665 46.3837661923914 0.000144161046446462 -0.745206210650383 -0.0522477721916287 0.664784065036687
1591949612.09073 45.7589265718922 -4.4212353678841 46.3809410816418 0.000159231232908473 -0.745184531079944 -0.0519045609769228 0.664835247135989
1591949612.12373 45.7355821398053 -4.42051622871333 46.378116629107 0.000226224104039535 -0.745158226421613 -0.0518118636999007 0.664871940450787
1591949612.15673 45.7120634036035 -4.41984426554428 46.3753659101406 0.000523681745066329 -0.745151748460262 -0.051870997981165 0.664874422047113
1591949612.18973 45.6887376631066 -4.41911306316448 46.372488453582 0.000964154474026783 -0.745137261945515 -0.05192200738259 0.664886183053802
1591949612.22273 45.6654521233642 -4.41839542612467 46.3696492353686 0.00107486214970866 -0.745090334702976 -0.0521213723678882 0.664923003321478
1591949612.25573 45.6420996873889 -4.41769450050734 46.3668499813545 0.00118980019370291 -0.745085457968349 -0.0519928797673231 0.664938331842206
1591949612.28873 45.6188228352224 -4.4170356303708 46.364069564026 0.000961753154770074 -0.745062719829232 -0.0520647005834799 0.664958559238612
1591949612.32173 45.5953492740238 -4.41639770494354 46.3611290113372 0.000766215086366928 -0.744990354885564 -0.0520455599569888 0.665041384975917
1591949612.35473 45.5720730723484 -4.41573940622868 46.3583716167702 0.000734318723963718 -0.745015213526805 -0.0519595534397743 0.665020298333788
1591949612.38773 45.5489096359096 -4.4151189350344 46.3556470720314 0.000712427245007734 -0.745048722072409 -0.0520686488943414 0.664974247612649
1591949612.42073 45.5255732771659 -4.41451729481606 46.3528318548786 0.000866091432362691 -0.745047554878668 -0.0519569326772426 0.664984111089672
1591949612.45373 45.5024126128447 -4.41389254334616 46.3500911765403 0.000860476520793411 -0.745031694743042 -0.0521224041976831 0.664988938546441
1591949612.48673 45.4792191951443 -4.41323116373922 46.3473346440295 0.00089336747659179 -0.744992885071607 -0.0520813630273077 0.665035589057047
1591949612.51973 45.455902669756 -4.41256946281463 46.344533086094 0.000991152805977282 -0.744916102256861 -0.0519199195389077 0.66513407683687
1591949612.55273 45.4327734470869 -4.4119102102281 46.3418082482953 0.00108189405889635 -0.744833834877909 -0.051735302338383 0.665240442560635
1591949612.58573 45.4096782558245 -4.41134119840591 46.3389760629473 0.00124887780716401 -0.744678249840648 -0.0514910372616048 0.66543325555627
1591949612.61873 45.3865933667035 -4.41071950578777 46.3361651797685 0.00146035474243158 -0.744553979495899 -0.0514858630751862 0.665572268716366
1591949612.65173 45.3635753545698 -4.41006463218021 46.3334415685919 0.00170937123650282 -0.74444235983917 -0.0514853429475201 0.665696560295034
1591949612.68473 45.3404491313235 -4.40948247682442 46.330630801513 0.00174482845529692 -0.744379886065511 -0.0514416705172536 0.665769701420208
1591949612.71773 45.3174983586966 -4.40886448397594 46.3279324540729 0.0019059244536865 -0.744268138116264 -0.0511994443448735 0.665912849354705
1591949612.75073 45.2944764980095 -4.40827133651364 46.3252247875526 0.00217257977709027 -0.74414055739377 -0.0509085021229853 0.666076898826551
1591949612.78373 45.2714989294504 -4.40766790920222 46.3225038074356 0.00220422846288012 -0.744021516397667 -0.0508561949742186 0.666213758449151
1591949612.81673 45.2483178663455 -4.40709694391196 46.3197833018766 0.00213043733156216 -0.743867306982702 -0.0509698884189413 0.666377491601899
1591949612.84973 45.225355197919 -4.4065178124878 46.3170402512059 0.00216221899035109 -0.74376153561359 -0.05102277442654 0.66649139487361
1591949612.88273 45.2023959816936 -4.40591629084314 46.3143577888292 0.00220313614113406 -0.743658634723526 -0.0511026065950983 0.666599958589461
1591949612.91573 45.179022852877 -4.40508607447027 46.3119667646938 0.00203333416562271 -0.743580898745216 -0.0512359703212332 0.666676974192652
1591949612.94873 45.1561124223501 -4.40452610414453 46.3093008938455 0.00188105470211439 -0.743455653736019 -0.0512759883539224 0.666814011235131
1591949612.98173 45.1332195149984 -4.40396854788865 46.3066775616723 0.00160872004179961 -0.743331958762071 -0.0513293912252904 0.666948502284255
1591949613.01473 45.1108798955556 -4.40371169642168 46.3040332010785 0.00138806899489446 -0.743228317081543 -0.0514084386038029 0.667058404034401
1591949613.04773 45.0880474162882 -4.40314823249791 46.301417359794 0.00129244880438931 -0.743119368672389 -0.0514627869949404 0.66717577521576
1591949613.08073 45.0653016354664 -4.40257370103007 46.298840269873 0.00136556192219548 -0.743021778288528 -0.0513924104319038 0.667289736456053
1591949613.11373 45.0427068108282 -4.40196477069621 46.2962122201928 0.0015815007228705 -0.74291753392627 -0.0513947026068733 0.667405140214191
1591949613.14673 45.0199536076804 -4.40136064590102 46.2936133859143 0.00169639800973381 -0.742793617591932 -0.0512963809168055 0.667550331588055
1591949613.17973 44.9972697847737 -4.40077377777554 46.2910915430728 0.001639662001501 -0.742681214585787 -0.0511012132672184 0.667690490431398
1591949613.21273 44.9746775003864 -4.40022086779482 46.2885349357307 0.00157177122776466 -0.742581709501816 -0.0508827449276405 0.667817999545682
1591949613.24573 44.952078179225 -4.39962325870904 46.2859872046979 0.00150619358644863 -0.742476128981334 -0.0507434434281218 0.667946129731157
1591949613.27873 44.9295582583129 -4.39907944195247 46.2834408727143 0.00159818135409537 -0.742401321669002 -0.0506515370241463 0.668036035852535
1591949613.31173 44.9069372171792 -4.39851782469559 46.2810107745491 0.0016266696628446 -0.742337018077025 -0.0506053096521464 0.668110925051619
1591949613.34473 44.8845668643786 -4.39802757892194 46.2784727514773 0.00169997352103856 -0.742275038262658 -0.0504835198090918 0.668188814550111
1591949613.37773 44.862071143118 -4.39750089246241 46.275984320374 0.00169524639193388 -0.742204772104827 -0.0504101482561452 0.668272414032845
1591949613.41073 44.8387836572579 -4.3967974201697 46.2736095632063 0.00137206837519962 -0.742182839645775 -0.0505537169362983 0.668286668778924
1591949613.44373 44.8163789020522 -4.39626547982552 46.2711536406337 0.00119086142773471 -0.742113236214315 -0.0504453355911387 0.668372496892021
1591949613.47673 44.7940707576124 -4.39573090864503 46.2687105606744 0.00107705283674241 -0.742080808034319 -0.0503909888869719 0.668412793521573
1591949613.50973 44.7720493750996 -4.39529582384269 46.2661531643044 0.000986012621458881 -0.741982962761017 -0.050318460938539 0.668527010105255
1591949613.54273 44.7498228120788 -4.39476957889282 46.2636842633119 0.000894217117104659 -0.741966562954311 -0.0504171503148595 0.668537905273622
1591949613.57573 44.7276004417853 -4.39426317819112 46.2612361447664 0.000688668672730889 -0.741973378208755 -0.0506202838847609 0.668515234399616
1591949613.60873 44.7054263375732 -4.39380061658251 46.2588271698539 0.000441056792450207 -0.742004834492076 -0.0508509203100033 0.668463024379747
1591949613.64173 44.6832572821619 -4.39324301760402 46.2563774569602 0.000321539819366606 -0.742049675767819 -0.0509607559354971 0.668404949607273
1591949613.67473 44.6612712981418 -4.39269494640948 46.2539148035252 0.000308778158015627 -0.742090085963831 -0.0511114072862914 0.668348586454298
1591949613.70773 44.6393391812571 -4.39224507564294 46.2514106915686 0.000251344185816467 -0.742151164991386 -0.0513355999914981 0.668263601658464
1591949613.74073 44.6175027931183 -4.39169167493764 46.2488926876944 0.000192258989049346 -0.742172088624254 -0.0516472755487888 0.66821636677949
1591949613.77373 44.5956984779351 -4.39111596347407 46.2464203640021 0.000127145491933446 -0.742217464052008 -0.0517674178956458 0.668156683970645
1591949613.80673 44.573973553567 -4.39063328241081 46.2440028373937 7.09130965440826e-05 -0.742290734272619 -0.0519211324215863 0.668063362857453
1591949613.83973 44.5522857277648 -4.39006537503265 46.241568146086 0.00012538133399963 -0.742322820332403 -0.0519280845225273 0.668027161671657
1591949613.87273 44.5307848198429 -4.3895368166869 46.2390918143564 1.75109510161905e-05 -0.742342405602553 -0.0521104887424383 0.66799120465812
1591949613.90573 44.5094309772263 -4.38904136551987 46.2366404857844 -5.6307689884317e-05 -0.742369991381238 -0.0522625608280484 0.66794866379218
1591949613.93873 44.4880665319163 -4.38848390099468 46.2341632735488 4.0922669948923e-05 -0.742395717006903 -0.0524499471818267 0.667905383071409
1591949613.97173 44.46680497626 -4.38794913021646 46.2316765047975 0.000178480262582319 -0.742414753533457 -0.0527167285008647 0.667863195884321
1591949614.00473 44.4456915928487 -4.38743176472164 46.2292383552828 0.000252081300154058 -0.742487019947463 -0.0529465900768177 0.667764644364908
1591949614.03773 44.4245891205392 -4.38687539587503 46.2268002723006 0.000240688129901605 -0.742522497559284 -0.0530532295008649 0.667716734496804
1591949614.07073 44.4035746783807 -4.38636149052456 46.2243985840104 0.000104841748282239 -0.74256015952366 -0.0532061698462472 0.667662715738042
1591949614.10373 44.3827115474173 -4.38579197079462 46.2219878835262 5.46522272023532e-05 -0.742620519826194 -0.0532977233928543 0.667588281223799
1591949614.13673 44.3618934038321 -4.38527072708377 46.2196332916476 -8.02862611096465e-05 -0.742652752762202 -0.0533690399576443 0.667546723415552
1591949614.16973 44.3411960448308 -4.38473790428786 46.2173164177416 -0.000158549192570222 -0.742705755716804 -0.0531906316815934 0.667501979014743
1591949614.20273 44.3207243084124 -4.38428592790588 46.2149904053976 -0.000218484055693237 -0.742755553817131 -0.0530665560286053 0.66745642567121
1591949614.23573 44.3002220234632 -4.38374302817333 46.2126501633326 -6.45799340662244e-05 -0.742790711637857 -0.0528730295586845 0.66743269119758
1591949614.26873 44.2797008521462 -4.38318945685502 46.2103027507827 0.000172318341619084 -0.742827136178208 -0.0526561705433294 0.667409277555671
1591949614.30174 44.2600568907422 -4.38284788328939 46.2080148467612 0.000246761534458688 -0.742885260889176 -0.0524111890124246 0.667363840441381
1591949614.33474 44.2396948484582 -4.38226780228269 46.2056911034641 0.000381909764217785 -0.742906275596279 -0.0521606987230728 0.667360008790847
1591949614.36774 44.2195263770271 -4.38176168764616 46.2033601980552 0.000679927419054254 -0.742902738288461 -0.0518202314420168 0.667390232739068
1591949614.40074 44.1988574971525 -4.38120936461605 46.2010752760507 0.00100379333957732 -0.742957164792385 -0.0514428239087049 0.667358434089875
1591949614.43374 44.1788017265019 -4.38069101972791 46.1988197900162 0.00117773360920203 -0.742987655870117 -0.0512542406730409 0.667338713833691
1591949614.46674 44.1587535410714 -4.38020977330742 46.1965529486641 0.00120011773091484 -0.743026880576788 -0.0512002875352893 0.667299142075024
1591949614.49974 44.1387437260523 -4.37970881569319 46.1942417394351 0.00102119827537791 -0.743069751670079 -0.0512555674228099 0.667247456432181
1591949614.53274 44.1187697866681 -4.37921316602085 46.1919323150053 0.00101852024065814 -0.74311159294999 -0.0511450592189227 0.667209341929009
1591949614.56574 44.098846079075 -4.37870772138565 46.1896471137845 0.000949871344303222 -0.743124353674264 -0.051071952980086 0.667200830589588
1591949614.59874 44.0791432513904 -4.37830125256607 46.1875163433592 0.000800165129415759 -0.743124305326857 -0.0511991165962101 0.667191334646974
1591949614.63174 44.0594556768337 -4.37784137626857 46.185273465294 0.000572019372241669 -0.743069302288065 -0.0515212632613755 0.667228030153799
1591949614.66474 44.0397919381848 -4.37736833756669 46.1829994691526 0.000501841392829096 -0.742998597499413 -0.0518351131273935 0.667282513869644
1591949614.69774 44.0201767141564 -4.37695425695341 46.1806988528693 0.000464310634517548 -0.742899522826781 -0.0520432835072235 0.667376640317267
1591949614.73074 44.0007195671256 -4.3764816727814 46.1784730527253 0.000502455928001421 -0.742810291627615 -0.0522436945663049 0.667460271902531
1591949614.76374 43.9812792701099 -4.37597730713357 46.1762315374095 0.000417314435429683 -0.742688962141829 -0.052516945880856 0.66757389235702
1591949614.79674 43.9613583558954 -4.3755668711526 46.173925484617 0.000367470486394369 -0.742519294423373 -0.0527416275458354 0.667744923678402
1591949614.82974 43.9421458490148 -4.37508127214669 46.1717558497081 0.00035062521932359 -0.742395396241582 -0.0528843780854103 0.667871391254169
1591949614.86274 43.9233382602392 -4.3745772748469 46.1696426260331 0.000458231149325683 -0.74228036954067 -0.0529822645287576 0.667991409124537
1591949614.89574 43.9042811739469 -4.3740814913289 46.1674791689858 0.000568925642201728 -0.742159683756118 -0.0529503154694564 0.668127940010233
1591949614.92874 43.885314106225 -4.37356656588507 46.1653656900869 0.000606994891862982 -0.742069645056181 -0.0528962977239814 0.668232186541842
1591949614.96174 43.8664278283275 -4.3731299836686 46.1632889900139 0.000531392932602627 -0.741981098313869 -0.0529777001834015 0.668324120954626
1591949614.99474 43.8476003924343 -4.37263401728393 46.1611881437531 0.000554448450740215 -0.741894149288956 -0.0529897951855287 0.668419662670038
1591949615.02774 43.8288712953617 -4.37214982125041 46.159123630878 0.00052600326869895 -0.741805098414536 -0.0529863563992338 0.66851878456951
1591949615.06074 43.8103374637513 -4.37173993511488 46.1571561355313 0.000397911800125555 -0.741698233588133 -0.0530769801041425 0.668630246205978
1591949615.09374 43.7917984066351 -4.37127356843629 46.1551292669004 0.000434028184575888 -0.741604310474312 -0.0531059148399482 0.668732098911415
1591949615.12674 43.7733547218816 -4.37085987285759 46.1530998407986 0.000336911893586295 -0.741511591750909 -0.0532093782128349 0.668826739791115
1591949615.15974 43.754996755935 -4.37039729752516 46.1511017448947 0.000339998225603572 -0.74140274276898 -0.0532351772155565 0.668945344047381
1591949615.19274 43.7366083904963 -4.36997534121716 46.1490704113365 0.000269815096236331 -0.741270237389436 -0.0533026477097595 0.66908683301015
1591949615.22574 43.7184201512489 -4.36951776309345 46.147084723183 0.000323880599031219 -0.741165198881448 -0.0532570332449055 0.669206792761649
1591949615.25874 43.7002669534937 -4.36911856033085 46.145082627212 0.00033032324390888 -0.741043311181642 -0.0532928068377622 0.669338911597746
1591949615.29174 43.6822715787434 -4.36864832401335 46.1431034727818 0.000471531867011395 -0.740949905654361 -0.053288878724691 0.669442537020734
1591949615.32474 43.6645801593115 -4.36859096253644 46.1417441237808 0.000513643283892589 -0.74093938314129 -0.0532155183933628 0.669459987813243
1591949615.35774 43.6467056520711 -4.36811322928117 46.1398219010907 0.000530405544065103 -0.740862605797008 -0.0531075097633441 0.669553515716528
1591949615.39074 43.6286470380224 -4.36731375163248 46.1374354053688 0.000562344671834372 -0.740762679682142 -0.0530234189457265 0.66967070504981
1591949615.42374 43.6109493071003 -4.3668663870448 46.1355155890621 0.000583261934205096 -0.740680290682774 -0.0528559230634137 0.669775050443589
1591949615.45674 43.5933870374242 -4.36642416891989 46.1337108026084 0.00047776419450844 -0.740614162231112 -0.0528044845312317 0.669852312720852
1591949615.48974 43.5758698167756 -4.36597114774466 46.131844896961 0.000560388072541351 -0.740565030141297 -0.0527281467588643 0.669912579846359
1591949615.52274 43.5583594039348 -4.36555982347638 46.1300167219907 0.000498484260047049 -0.740498988571519 -0.0526753445039235 0.669989781652969
1591949615.55574 43.5410039468265 -4.36511282517286 46.1281896609639 0.000454738808402302 -0.740443443423894 -0.052741088312148 0.670046026707742
1591949615.58874 43.523725829571 -4.36467846773723 46.1263251752071 0.000417255970724864 -0.740401013117548 -0.0528242541173144 0.670086385363046
1591949615.62174 43.5065512786571 -4.36426236519599 46.1244873739915 0.000330576344214853 -0.740310807472302 -0.0530629993837982 0.670167230738257
1591949615.65474 43.4893411898155 -4.36382310736606 46.1226505360272 0.000288946092773227 -0.740232319544411 -0.0532959282426088 0.670235461345351
1591949615.68774 43.4722372220107 -4.36334255574276 46.1207869869392 0.000436700393817456 -0.740154269399646 -0.0533641868583606 0.670316142087588
1591949615.72074 43.45524860658 -4.36288953521897 46.118971445119 0.000453865104152364 -0.74007453222608 -0.0533981572451985 0.67040145999217
1591949615.75374 43.4384922156557 -4.36259686848801 46.1172250696975 0.000460258776390378 -0.740017247653207 -0.0534640352721548 0.670459438198948
1591949615.78674 43.4216830678045 -4.36216285179544 46.1154246394414 0.00054424884383078 -0.739961554410922 -0.0534440221308598 0.670522436824782
1591949615.81974 43.4050057954045 -4.36177540593985 46.1136219223958 0.000670013351683903 -0.739898514577266 -0.0534421532661456 0.670592033551504
1591949615.85274 43.3885257874544 -4.36143393552796 46.1117905468236 0.000807212813210663 -0.739884615725128 -0.0533918113538536 0.670611227389691
1591949615.88574 43.3720704439247 -4.36102298917229 46.1099896053962 0.0009803257005314 -0.739840991376258 -0.0532841081032478 0.670667689891617
1591949615.91874 43.3557178975455 -4.36064266357367 46.1082321794459 0.00120762334062026 -0.739811869915511 -0.0530663452691992 0.67071670754332
1591949615.95174 43.3392012489465 -4.3602485316397 46.1066821670037 0.00120376005012169 -0.739908552707653 -0.0528296115498715 0.670628747322465
1591949615.98474 43.3229681941259 -4.35983725563839 46.1048786137287 0.00120882207333401 -0.739853777140092 -0.0526910517425357 0.670700067293123
1591949616.01774 43.3069153068132 -4.35951188709853 46.1031712219841 0.00131650330004323 -0.739845349106465 -0.052509658732573 0.670723387071289
1591949616.05074 43.2908260900767 -4.35907277225194 46.1015002704708 0.0015674873323007 -0.739849565027602 -0.0521672759448229 0.670744913832694
1591949616.08374 43.2746397176363 -4.35880228385358 46.0998713044857 0.00181356948142129 -0.739937504864192 -0.0520715105177192 0.670654723127701
1591949616.11674 43.2586636430377 -4.35840012349503 46.0981318086563 0.00192433287639973 -0.739941910779571 -0.0520678882289903 0.670649834586002
1591949616.14974 43.2427575312271 -4.35800940209702 46.0963644171974 0.00202497256303812 -0.739944824221692 -0.0521416039893305 0.670640596539658
1591949616.18274 43.2269104589893 -4.35766215227554 46.0946596069717 0.00219486989500519 -0.739981189983955 -0.0520649164256719 0.670605894317715
1591949616.21574 43.2108941380874 -4.35713912375237 46.0931649397611 0.00229601324180912 -0.740035859530623 -0.0519634354740111 0.670553097305279
1591949616.24874 43.1950237951324 -4.35673640926245 46.0914604553512 0.00240161910445393 -0.74003811859335 -0.0519027055336103 0.670554937654465
1591949616.28174 43.1793109758807 -4.35636609239525 46.0897858898351 0.00243026175055123 -0.740035296254062 -0.0519073065169555 0.670557593094092
1591949616.31474 43.1635826169512 -4.35601762548969 46.0880962818977 0.00241190518180555 -0.740014635574306 -0.0520385598046796 0.670570287250096
1591949616.34774 43.1481363735923 -4.35576207941006 46.0864496281743 0.00251565099925971 -0.740009824305333 -0.0521109608889919 0.67056959309744
1591949616.38074 43.1325158913396 -4.355384184004 46.0847596983601 0.00257252103761323 -0.740006768029334 -0.0519808638403721 0.670582847380322
1591949616.41374 43.1169008761579 -4.35505599143662 46.0830988312032 0.00248258812578795 -0.740019107278991 -0.0520310236027518 0.670565679259723
1591949616.44674 43.1013543910207 -4.3547407626634 46.081436238231 0.00226747646653683 -0.740048697486973 -0.0521583674753384 0.670523891148269
1591949616.47974 43.0861573477651 -4.35424568347207 46.0803152631768 0.0021951831291653 -0.740054018060896 -0.0523051955687446 0.670506821769524
1591949616.51274 43.0707403596045 -4.35385301235566 46.0786452589422 0.00210349355917067 -0.740131628382538 -0.0523510716273041 0.670417864680031
1591949616.54574 43.0553345001985 -4.35348799075039 46.0770216007698 0.00198662197926963 -0.740239703101728 -0.0523396826923325 0.670299778383257
1591949616.57874 43.0400649953895 -4.35312422255945 46.0753672319829 0.00184068013213715 -0.740353204114086 -0.0523103658170107 0.670177118889289
1591949616.61174 43.0245316037674 -4.3529035632892 46.0731991314726 0.00175625834608651 -0.740516067158472 -0.0523172548024368 0.669996846773706
1591949616.64474 43.0094204741574 -4.35254648137111 46.0715061295036 0.00172604652508965 -0.740612055145056 -0.0524136080785569 0.66988328701752
1591949616.67774 42.9942747543535 -4.35216847523713 46.069826325675 0.00178492686624641 -0.740703142082907 -0.0524996475856401 0.669775676139388
1591949616.71074 42.9792646801503 -4.35182099643708 46.0681440240338 0.00185432775211579 -0.740797003250022 -0.0525895274493148 0.669664619826247
1591949616.74374 42.9639814403287 -4.35138987059334 46.0664384100111 0.00197652683812861 -0.740874593318713 -0.0525850967460497 0.66957877648317
1591949616.77674 42.9489835017744 -4.35100896973195 46.0647445759672 0.00206646042564251 -0.740958100672707 -0.0525682044480797 0.669487420845163
1591949616.80974 42.9341306196039 -4.35067372066758 46.0630972269563 0.00218929985148625 -0.741051109993348 -0.0525353928541513 0.669386653468268
1591949616.84274 42.9191076319976 -4.3502453190712 46.0613867654563 0.00235239523773571 -0.741147578166961 -0.0523957205991273 0.669290237547801
1591949616.87574 42.904260783636 -4.34987425126492 46.059754126418 0.00258218910640044 -0.74125810895753 -0.052257879337151 0.669177750863931
1591949616.90874 42.8894900944595 -4.34951423390323 46.0580654066349 0.00276281737784678 -0.741363868059149 -0.0521605501281412 0.669067454735951
1591949616.94174 42.8747090260411 -4.34915543372722 46.0564174945301 0.00288743594438888 -0.741478821763506 -0.0519833016409786 0.66895332867127
1591949616.97474 42.8600113827568 -4.34876051542637 46.0548335076486 0.0030166393331352 -0.741596885740942 -0.0517265509117357 0.668841777162017
1591949617.00774 42.8453064679692 -4.34836510323826 46.0531855716923 0.00315503205670522 -0.741713577068755 -0.0515118976358253 0.668728300407983
1591949617.04074 42.8306558136695 -4.34800266093662 46.0515086017639 0.00326172874159474 -0.7417987557516 -0.0513574580586677 0.668645181387518
1591949617.07374 42.8158891655599 -4.34762588606438 46.0498690816669 0.00334246173261802 -0.741897916058462 -0.051328190321469 0.668537004941387
1591949617.10674 42.8011885896801 -4.34732613641681 46.0482236800394 0.0034684287096093 -0.741993639664508 -0.0513626810802271 0.668427470778957
1591949617.13974 42.7864996601328 -4.34695876245911 46.0465197565456 0.00352282809995198 -0.742065399708004 -0.0512944652431778 0.668352758708898
1591949617.17274 42.7718833449156 -4.34662682756061 46.0448527379668 0.00346290989898894 -0.742136853372497 -0.0512897859566446 0.668274088213752
1591949617.20574 42.7572052285354 -4.34630085101256 46.0432178299064 0.0033145575953036 -0.742193298356039 -0.0513911559684988 0.668204362954593
1591949617.23874 42.7425766243401 -4.34615565117364 46.0419156932725 0.00307826537415645 -0.742227112125711 -0.0514791440638312 0.668161160225787
1591949617.27174 42.7279851351557 -4.34583599048565 46.0402910585427 0.00275796268213836 -0.742231573501495 -0.0516208627713812 0.668146669127428
1591949617.30474 42.7134228399744 -4.34549988715033 46.0386602832663 0.00263948106049251 -0.742231947098637 -0.0517387795000813 0.668137611979553
1591949617.33774 42.6988500178949 -4.34515570118915 46.0370201203381 0.00255699273865954 -0.742218368977161 -0.0518900840914977 0.668141282749386
1591949617.37074 42.6843424389742 -4.34463105888947 46.0351568512464 0.00249315475524053 -0.742218976865765 -0.0521685317705488 0.668119165158888
1591949617.40374 42.6698870130535 -4.34424871844355 46.0335536477829 0.00243779903590243 -0.742205349663706 -0.0522592605870539 0.66812741730102
1591949617.43674 42.6554940563389 -4.34388461233905 46.0319167505123 0.0024895252313485 -0.742210768956382 -0.0522058952288645 0.668125378362962
1591949617.46974 42.6410581991008 -4.34349584554428 46.0302974800897 0.00260284022339093 -0.742220961893328 -0.0521351229344119 0.668119149482731
1591949617.50274 42.6269142285354 -4.34326159059529 46.0287215941122 0.00270610010605433 -0.742233628330875 -0.0521947550208643 0.668100011633972
1591949617.53574 42.6125976077178 -4.34288030141277 46.0270874411563 0.00270786363094046 -0.742227094933527 -0.0522828564815772 0.668100374149888
1591949617.56874 42.5983393834476 -4.34253266408107 46.0254920225768 0.00275241087982039 -0.742254693074456 -0.0523333721941695 0.668065575372718
1591949617.60174 42.5841309137461 -4.34214518573293 46.0239408549892 0.00279315705598964 -0.742289805193404 -0.0521871662503118 0.668037830559288
1591949617.63474 42.5704404319345 -4.34145637053197 46.0242201329659 0.00279801573397105 -0.742276959215626 -0.0520513059487405 0.668062683042982
1591949617.66774 42.5562864560297 -4.3411012497866 46.022686364981 0.00269074411468205 -0.742308148375031 -0.0519757274318667 0.668034352791884
1591949617.70074 42.5421574913308 -4.34080640682884 46.0211554360571 0.00259365450123812 -0.742333575787648 -0.0519382524447264 0.668009396002512
1591949617.73374 42.5280548892089 -4.34042384511698 46.0196136802587 0.00255574500464724 -0.742343623097848 -0.0518995336073203 0.66800138609495
1591949617.76674 42.5134422451897 -4.34048071135856 46.0159739663713 0.00251857594722901 -0.742353873145096 -0.0519032461140204 0.667989847860355
1591949617.79974 42.4994425307695 -4.34014958602505 46.014445603367 0.00254339306840467 -0.742358072699131 -0.0518792163938191 0.667986953432845
1591949617.83274 42.4855397171438 -4.33982812744537 46.0128856290739 0.0025030459909298 -0.742353203181442 -0.0518982867517564 0.667991036106962
1591949617.86574 42.4715913207318 -4.33947637604993 46.0113511992043 0.0023762235783288 -0.742361026485406 -0.0519071933361494 0.667982112931929
1591949617.89874 42.4575745974243 -4.33914479284615 46.009687420639 0.00229388432445606 -0.742314192721142 -0.0520747739924526 0.66802140331961
1591949617.93174 42.443703744229 -4.33882439888821 46.008157379888 0.00226211898461207 -0.742316234350264 -0.0521917221664187 0.668010116072389
1591949617.96474 42.4299101752569 -4.33848778002595 46.0066164193509 0.00223020341764288 -0.74233675150342 -0.0522308924262995 0.667984361670554
1591949617.99774 42.4162052137231 -4.33818683784721 46.0050745553823 0.00223675142324733 -0.742337760385152 -0.0522469777435249 0.667981960659189
1591949618.03074 42.4023485899446 -4.33782515283666 46.0034077402723 0.00234906644619289 -0.742322435910076 -0.0523854835125215 0.667987757484014
1591949618.06374 42.3885943978822 -4.33753255087331 46.0017950632323 0.00240009064120355 -0.742299370198924 -0.0524896586148148 0.668005030149995
1591949618.09674 42.3749350962928 -4.33722059382773 46.0002628659356 0.00238505605440885 -0.742299208906558 -0.0525365043371071 0.668001580594203
1591949618.12974 42.3613487071181 -4.33688420093756 45.998743307137 0.00242169505571481 -0.742304611994019 -0.0524977123003519 0.66799849446589
1591949618.16274 42.3479025371794 -4.33665894927154 45.9972634664859 0.00252992434917426 -0.742298278883488 -0.0524716829851642 0.668007175960036
1591949618.19574 42.3343811634913 -4.33635060442742 45.995763886942 0.0026572716816859 -0.742309605871179 -0.0523375727529139 0.66800461556558
1591949618.22874 42.3208907503063 -4.33605304964528 45.9942542616318 0.00273534674258172 -0.742339502068349 -0.0522972432607531 0.667974235951088
1591949618.26174 42.3074123005218 -4.33575075573728 45.9927454710873 0.00276077392902032 -0.742363501915931 -0.0522988757733802 0.667947330815288
1591949618.29474 42.2949460477595 -4.33541291952079 45.9913404190255 0.00262183877942464 -0.742427539266802 -0.0521561952394972 0.667887869479448
1591949618.32774 42.2816338638882 -4.33514212169544 45.9898747762652 0.00260916963780914 -0.742450057535345 -0.0520096446009548 0.667874315397776
1591949618.36074 42.2684104690519 -4.33484743774716 45.9884422702166 0.00256860820863211 -0.742477081907067 -0.0518530412373763 0.667856606772047
1591949618.39374 42.2550801468602 -4.33453667011567 45.9870145434285 0.00242742447748586 -0.742491173632436 -0.051842696267889 0.66784227144739
1591949618.42674 42.2410308404583 -4.3342006300486 45.9854557694445 0.00242738390956096 -0.742426782512469 -0.0519275707040656 0.667907259891905
1591949618.45974 42.2279012051135 -4.33393242894092 45.9840220534295 0.00246881188314165 -0.742429274426385 -0.0518661446950675 0.667909110940304
1591949618.49274 42.2148232372942 -4.3336306284923 45.9825369203795 0.00251675617906727 -0.7424086379297 -0.0518589343252887 0.667932430112769
1591949618.52574 42.2017871643798 -4.33335281434488 45.981057318807 0.00264538632714293 -0.742403752819044 -0.051959184548846 0.667929571790619
1591949618.55875 42.188555367357 -4.33293646552114 45.9793667221721 0.00277936203679979 -0.742348420755317 -0.0521812269555363 0.667973215707165
1591949618.59175 42.1755795545012 -4.33265694908425 45.9779171677757 0.00274157349143488 -0.742359427256823 -0.0523789790076722 0.667945661783821
1591949618.62475 42.1626113284549 -4.3323728923485 45.9764611738837 0.00278500093272849 -0.742388935624225 -0.0524855552882019 0.667904318385967
1591949618.65775 42.149665574564 -4.33207650192933 45.9749054664756 0.00277356874430123 -0.742395656759629 -0.0526454738167418 0.667884309014271
1591949618.69075 42.1367690767229 -4.33175800144252 45.9734596644554 0.00266974935467068 -0.742469992000406 -0.0526935220832223 0.667798304990186
1591949618.72375 42.1239391581869 -4.33148085944132 45.971967742172 0.00268128795790278 -0.742482954192871 -0.0527093171921378 0.66778260033416
1591949618.75675 42.1111495784469 -4.33116054449835 45.9705477782076 0.00206533102738894 -0.742457824569563 -0.0533069550271785 0.667765289371131
1591949618.78975 42.0983982322381 -4.33084090947565 45.9691095087449 0.00210121427839512 -0.742469873819307 -0.0532392756574398 0.667757179592081
1591949618.82275 42.085654216685 -4.33043021270175 45.967660635524 0.00193190585141954 -0.742425867329623 -0.0534689345485113 0.667788269062796
1591949618.85575 42.0730716196065 -4.3301494430098 45.9662593778537 0.0018078740343839 -0.742418032140298 -0.0535152534315996 0.667793616916601
1591949618.88875 42.0605295687994 -4.32980583573916 45.9648563129394 0.00160104808160852 -0.742429779889113 -0.0536581958092184 0.667769613415693
1591949618.92175 42.0480731374487 -4.32951156087746 45.9634055436039 0.0014102563115464 -0.742389665027522 -0.0538649784860087 0.667797993805134
1591949618.95475 42.0355867100642 -4.32922068964651 45.962032308029 0.0016978148956568 -0.742463967675055 -0.0534878250513875 0.667745031205824
1591949618.98775 42.0232846318477 -4.32895085299607 45.9606101269937 0.00208973055485821 -0.742501530217044 -0.0531760392194358 0.667727054644702
1591949619.02075 42.0110301026658 -4.32871248796306 45.9591979080928 0.00244496290264057 -0.742516311324047 -0.0530681900341269 0.667717991955165
1591949619.05375 41.9988524129012 -4.3284440344508 45.9577577974809 0.00267339694731317 -0.742538422487704 -0.0530956400145421 0.66769034521227
1591949619.08675 41.9887632070524 -4.32750191865242 45.9605622484293 0.00268860109639994 -0.742726457646594 -0.0529927932587379 0.667489284107635
1591949619.11975 41.9766511845531 -4.32723339276386 45.9591222042748 0.00310039377094696 -0.742730972799946 -0.0525686373785703 0.667516013265802
1591949619.15275 41.9645681467893 -4.32697463352048 45.9576513733656 0.00360594867919691 -0.742742552053588 -0.0523908550674703 0.667514566738693
1591949619.18575 41.9525447414594 -4.32672844331542 45.9562311682217 0.00404978932852058 -0.742751794347957 -0.0525736302528356 0.667487366623012
1591949619.21875 41.9404492760132 -4.32638868212859 45.9547691236396 0.00428042835756444 -0.742743125099144 -0.0527549344292704 0.667481269358472
1591949619.25175 41.9261821260385 -4.32661324360046 45.9492008071839 0.00472836282954647 -0.742644101881704 -0.0523737698847495 0.667618430507523
1591949619.28475 41.9142037181749 -4.32623039057822 45.9478331599953 0.00509651993345201 -0.74264792937497 -0.0518917044599441 0.667649106558137
1591949619.31775 41.9022281704274 -4.32589694063805 45.9464745613884 0.00545281840029792 -0.742629512208697 -0.0512698247297367 0.667714818946194
1591949619.35075 41.8902305822998 -4.32551797991035 45.9451394535088 0.00564645864186255 -0.742602749949274 -0.0509674345881068 0.667766122144639
1591949619.38375 41.8783541154326 -4.32529263950171 45.9438991323137 0.00525985551988399 -0.742528984459176 -0.0512409784159287 0.667830370145678
1591949619.41675 41.8662989503558 -4.32504409716147 45.9426335262406 0.00493746762305373 -0.742492598665315 -0.0513885243207498 0.667861948241427
1591949619.44975 41.8543065534759 -4.32477995124011 45.941293716747 0.00465372162337049 -0.742432736774333 -0.0513456953856036 0.667933824421398
1591949619.48275 41.8422175963129 -4.3245586787913 45.9399597589358 0.0042624750735316 -0.742383546324227 -0.0515037601882368 0.667978939892408
1591949619.51575 41.8302472418712 -4.32440430385804 45.9386589495822 0.00377121294470492 -0.742316369235819 -0.0519411008540681 0.668022685213268
1591949619.54875 41.8181595739035 -4.32421388526675 45.9373603823376 0.00326341703972731 -0.742240728342954 -0.0524124061719518 0.668072594092447
1591949619.58175 41.8062599952578 -4.32402215071707 45.9360789097477 0.00285165499177607 -0.742165361293436 -0.0527332271462256 0.668132959308801
1591949619.61475 41.794365540851 -4.32382349476945 45.9347558523366 0.00264838147242804 -0.742087466256911 -0.0528599726711057 0.668210297577929
1591949619.64775 41.7825778456723 -4.32363133136373 45.9334450205103 0.00272569896025662 -0.742018943368421 -0.0529707163125434 0.66827730880296
1591949619.68075 41.7708651093615 -4.32329603382162 45.9320228159666 0.00306961980310038 -0.741888533259011 -0.0531166326354613 0.668409010255343
1591949619.71375 41.75896874988 -4.32290967324183 45.9306017260724 0.00343976866323238 -0.741832043495588 -0.0531741204659486 0.668465332046006
1591949619.74675 41.7472124747303 -4.32258482733141 45.929209223022 0.00389810950515488 -0.741748106208782 -0.0531132111648967 0.668560796396052
1591949619.77975 41.7356434456227 -4.32227256844775 45.9279034014222 0.0043061335072617 -0.741725039073836 -0.0528226055289431 0.668606906911877
1591949619.81275 41.7240318231696 -4.32195349382075 45.9266020444922 0.00460296966700189 -0.741736591416606 -0.0525465879399189 0.668613862943174
1591949619.84575 41.7123750459648 -4.32156177214915 45.9253065555732 0.00486730227762367 -0.741766720780448 -0.0523211091682769 0.668596248005147
1591949619.87875 41.7007065746418 -4.32118641586686 45.9240349383282 0.00497951345272111 -0.741806266685363 -0.0520753259852715 0.668570734908152
1591949619.91175 41.6886947811171 -4.32089683587967 45.9229142456559 0.00486680685368209 -0.741885355027846 -0.0519783077053185 0.668491353507543
1591949619.94475 41.6771002413399 -4.32059430688666 45.9216339171229 0.00471844408233519 -0.741869576921777 -0.0517177289532973 0.668530136669439
1591949619.97775 41.6654449645612 -4.32030399347781 45.9204523582534 0.00441390048091882 -0.741841063017773 -0.0514265279334966 0.668586319728359
1591949620.01075 41.6538905923056 -4.3200611110557 45.9192460868928 0.00409107640417778 -0.741771394105407 -0.0512880104272077 0.66867630582158
1591949620.04375 41.6423413901411 -4.31981132676471 45.9180213520694 0.00381536553750985 -0.74167879914291 -0.0512942212913225 0.668780161749631
1591949620.07675 41.6305933045575 -4.31958384793254 45.9168637665661 0.00361806338417038 -0.741670792132369 -0.0514353435294129 0.668779299284228
1591949620.10975 41.6190623709993 -4.31935449077794 45.9155836284077 0.00347082284020639 -0.741569899428204 -0.0515712703847 0.668881485557616
1591949620.14275 41.6076128293466 -4.31912194088759 45.9142859571446 0.00334137454856216 -0.741485318627167 -0.0517167179570368 0.668964676616223
1591949620.17575 41.5961243596865 -4.31883597699673 45.9130186678114 0.00334777267493585 -0.741423917228193 -0.0518394173976539 0.669023200034192
1591949620.20875 41.5846932262705 -4.31858228892132 45.9116787285233 0.00342304458631183 -0.741350664272876 -0.0519838382975356 0.669092785720921
1591949620.24175 41.5729168825586 -4.31833328566859 45.9112564550012 0.00354603039697452 -0.741055015519404 -0.0524097044837864 0.669386370131542
1591949620.27475 41.5615078436502 -4.31804148280753 45.9099523418301 0.0036838636234808 -0.741007778702927 -0.0525153576022368 0.669429636531328
1591949620.30775 41.5500961891188 -4.31776080178335 45.9086924096628 0.00381951715365236 -0.740978921546544 -0.0525670819010966 0.66945675813516
1591949620.34075 41.5387223148069 -4.31748053164288 45.9074495092042 0.00399388960730933 -0.740939651111665 -0.0526052881114328 0.669496203065441
1591949620.37375 41.5273163630327 -4.31716543108759 45.9061886924565 0.00414685574208193 -0.740903774694336 -0.0526098536549834 0.669534617125612
1591949620.40675 41.5159478655585 -4.31687371784513 45.9049710404791 0.00416685647647179 -0.740873607056559 -0.0525386464176491 0.669573465951802
1591949620.43975 41.5047066688498 -4.3166648946632 45.9027370932449 0.00412009893708857 -0.741008302131492 -0.0524443248058442 0.669432083002161
1591949620.47275 41.493413281933 -4.31640099785022 45.9015453087396 0.00408152662996917 -0.740979766124554 -0.0523176647379468 0.669473815239056
1591949620.50575 41.4821163805289 -4.3161467742894 45.9003487670609 0.00395682169364516 -0.740934953674881 -0.0522473804583908 0.6695296477529
1591949620.53875 41.4708402219171 -4.31588366690542 45.8991614859869 0.00380795848753921 -0.740892761619635 -0.052198884056855 0.669580982208282
1591949620.57175 41.4594779056273 -4.31559646072166 45.8979604519132 0.00364237449883769 -0.740837198865663 -0.0522049654388269 0.669642904441181
1591949620.60475 41.4482560598742 -4.3153528734911 45.8967641754938 0.00356419253000488 -0.740746106479105 -0.0523540215881896 0.669732453067043
1591949620.63775 41.4370370176419 -4.31508089390202 45.8955389691694 0.00352448632523092 -0.740704887083224 -0.0523368977102606 0.66977958865976
1591949620.67075 41.4257809165708 -4.31479954683804 45.8943438635365 0.00348116339586982 -0.740684140181591 -0.0522936588073036 0.669806135559697
1591949620.70375 41.4145324689636 -4.31451026305587 45.8931536794783 0.00334997515860042 -0.740674208259973 -0.0523381020265789 0.669814316031805
1591949620.73675 41.4034004973848 -4.31423350866483 45.8919438400713 0.00329870883808217 -0.740670402599903 -0.0523948379015986 0.669814343078561
1591949620.76975 41.392367433682 -4.31401735099183 45.8907680846699 0.00319496456819933 -0.740695607363435 -0.0524290590407652 0.669784296025235
1591949620.80275 41.3812426611194 -4.31376960311509 45.8895753772979 0.00313371325168427 -0.740716200840696 -0.0525544508766506 0.669751983458382
1591949620.83575 41.3701184303796 -4.31348930233136 45.8883314157166 0.0030526357388533 -0.740726552704351 -0.0527120875862766 0.669728520638079
1591949620.86875 41.3590452947147 -4.31320220177917 45.8871194122506 0.00299363041273892 -0.740734310615571 -0.052800074773306 0.669713275482695
1591949620.90175 41.3479195937678 -4.3129616351938 45.8857927767934 0.00289578925527755 -0.740692093937105 -0.0528841245510493 0.66975376501676
1591949620.93475 41.3369529873647 -4.31271692826864 45.8845472198935 0.00284011842439493 -0.740672430751633 -0.0529245241912132 0.669772557508097
1591949620.96775 41.3258848827716 -4.3124300909888 45.883374740725 0.00281150560927392 -0.740665161178243 -0.0529526558089776 0.66977849375431
1591949621.00075 41.3149397716547 -4.31218304174208 45.8822362412203 0.00280360607507432 -0.740674505828517 -0.0529550526401283 0.669768003571789
1591949621.03375 41.3039604835881 -4.31188198882137 45.8810217020637 0.00284399217375388 -0.740667700794874 -0.0529334247721122 0.669777068321726
1591949621.06675 41.2930120509499 -4.31161876168809 45.8796854618745 0.00292479810832461 -0.740614442273872 -0.0528741141768966 0.66984029551931
1591949621.09975 41.2821177710179 -4.31130507441175 45.8784870795051 0.0030645513058029 -0.740638051704813 -0.0527525668381232 0.66982314948364
1591949621.13275 41.2712807962185 -4.31104927933857 45.8773216010268 0.00315106797805659 -0.740668666313383 -0.0526084661842974 0.669800229021974
1591949621.16575 41.2603937164278 -4.31078238526528 45.8761754436023 0.00318627830333983 -0.740708223665899 -0.0524949849448692 0.66976522123795
1591949621.19875 41.2496569342343 -4.31053560913511 45.8749527278165 0.00321178760398775 -0.740715425008687 -0.0524608550266537 0.669759809382781
1591949621.23175 41.240915079312 -4.30996976584858 45.8748866145208 0.00336577541233054 -0.740394340893439 -0.0524327755059358 0.670116180659435
1591949621.26475 41.2301222909914 -4.30970209789384 45.8737576801077 0.00344323547997178 -0.740412669512124 -0.0523785081388892 0.670099779764554
1591949621.29775 41.219396848793 -4.30942615196259 45.872558967635 0.00353402811173523 -0.740408311116552 -0.0523917984273039 0.670103083810539
1591949621.33075 41.2085991425214 -4.30919522885475 45.8713911327037 0.00359005197094791 -0.740426271939773 -0.0523585025867301 0.670085542714578
1591949621.36375 41.197927548843 -4.30885363144311 45.8701942602217 0.00371020979213897 -0.74041779032215 -0.0522829830203856 0.670100156546955
1591949621.39675 41.1850420725054 -4.30884917186365 45.8678897058837 0.0036818412965137 -0.74076160168129 -0.0522727790360346 0.669721024077255
1591949621.42975 41.1743174062794 -4.30853869292407 45.8667719735211 0.00371843613496864 -0.740767012257649 -0.0522220629682082 0.669718793914977
1591949621.46275 41.1636679963681 -4.30823976599578 45.8655800442142 0.0037733336788976 -0.740752455065556 -0.0521920397277042 0.669736928395292
1591949621.49575 41.1530609303999 -4.30793645678693 45.8644430790499 0.00371823223086879 -0.740759354270792 -0.052133630981473 0.66973415496754
1591949621.52875 41.142377857466 -4.30763098808573 45.8632935481281 0.00358517649981727 -0.740763978211042 -0.0521237672660032 0.669730533857025
1591949621.56175 41.1317035535074 -4.30745510361753 45.8621881159047 0.00348499872540548 -0.740770031091944 -0.05208352668718 0.669727498366127
1591949621.59475 41.1210983708047 -4.30718563440079 45.8610238088435 0.00347009196629864 -0.740783557046964 -0.0520644651783376 0.669714096862449
1591949621.62775 41.1105612203226 -4.30693276232942 45.859894444248 0.00343653006147571 -0.740805534098048 -0.0521010636658322 0.66968711356553
1591949621.66075 41.1000306373968 -4.30671518486846 45.8587031909776 0.00346641386071737 -0.740832084602859 -0.0520828014635266 0.66965900889157
1591949621.69375 41.0894830878493 -4.30648158185972 45.8575636166534 0.00344801284407517 -0.740872092193703 -0.0520602849318625 0.669616592498099
1591949621.72675 41.0789550185258 -4.30619800915145 45.8563496641662 0.0034142193048756 -0.740840149538476 -0.0520590806122264 0.669652199327499
1591949621.75975 41.06851504369 -4.30595337698243 45.8551836860256 0.00338991461416913 -0.740861736545454 -0.0521306622810111 0.669622871362609
1591949621.79275 41.0580934398736 -4.30568475679957 45.8540240340433 0.00345712323704617 -0.740892439088376 -0.0520888360049136 0.669591812348579
1591949621.82575 41.0476957142782 -4.30545053720018 45.8528904534786 0.00340098064459638 -0.740916895063883 -0.0521514968429879 0.669560161088297
1591949621.85875 41.0371277806728 -4.30519275107335 45.8517187565056 0.00330852774030025 -0.740930661584794 -0.0522757616409065 0.669535699655047
1591949621.89175 41.0266648178253 -4.30500374949076 45.8505943328632 0.00331260318998361 -0.740940577579853 -0.0524499845930793 0.669511080021776
1591949621.92475 41.0162938376434 -4.30475885711059 45.8494174479068 0.00339806826184523 -0.740948010934781 -0.0525758368953857 0.669492553803722
1591949621.95775 41.0059797584434 -4.30451364183207 45.8483020061953 0.00350183636056534 -0.740978817715163 -0.0526732274976602 0.669450266968745
1591949621.99075 40.9955994830506 -4.30426226975272 45.8471477974435 0.00364120892108122 -0.741026101116792 -0.0527007837518944 0.669395015258685
1591949622.02375 40.9853816716758 -4.30402888592761 45.8459564021238 0.00377735795603187 -0.741054813242037 -0.0527185674939384 0.669361074442688
1591949622.05675 40.9751766741141 -4.30377219697375 45.8446454904983 0.00399188096728814 -0.741092544573148 -0.0526709036324529 0.669321806887375
1591949622.08975 40.9649587699028 -4.3034839819869 45.8435016248554 0.00413840761019807 -0.741163832877034 -0.0524468226747397 0.669259573864132
1591949622.12275 40.9547289996356 -4.30322023645888 45.8423616073995 0.004253080149858 -0.741230772689872 -0.0522556151156513 0.669199673950682
1591949622.15575 40.9445021365799 -4.30296853928369 45.8412381984566 0.00429436299590845 -0.741286293162869 -0.0521262016219753 0.66914800240289
1591949622.18875 40.9343248003554 -4.30271501772457 45.8401147080424 0.00433362010764845 -0.741329450506534 -0.0519790540763399 0.669111383467485
1591949622.22175 40.9243477861069 -4.30250191485488 45.8390293023917 0.00430176169349172 -0.741398490473961 -0.0518537683234238 0.669044811563414
1591949622.25475 40.9142086916135 -4.30226358627449 45.8378543793462 0.00421536126789754 -0.741417731941715 -0.0519079132357873 0.669019839791982
1591949622.28775 40.9040476193438 -4.30207576051932 45.8367776668871 0.00410191556286824 -0.741450636868207 -0.0519337678766043 0.668982070858842
1591949622.32075 40.8939228968243 -4.30183569763745 45.8356638563845 0.00392465957843805 -0.74146485188229 -0.0520100838567518 0.668961450045951
1591949622.35375 40.883735679053 -4.30163549979189 45.8345160686786 0.00379389145603453 -0.741471671014342 -0.0521947343151191 0.668940264284184
1591949622.38675 40.8736714428589 -4.30132137056726 45.8333519590678 0.00386034856973716 -0.741512198040617 -0.0522884779474257 0.668887638501292
1591949622.41975 40.8636402670503 -4.30107336744499 45.8321866970228 0.00398512610260824 -0.741521408119438 -0.0524525564738632 0.668863849665886
1591949622.45275 40.8536658338012 -4.30083757355851 45.8309879756576 0.00412865200516966 -0.741520393564346 -0.0526648889695442 0.668847418796413
1591949622.48575 40.8437745205328 -4.30059149949713 45.8297654376958 0.00419524186831472 -0.741510780421709 -0.0527440626691471 0.668851423200405
1591949622.51875 40.8338687838629 -4.30033449763797 45.8285897908951 0.00429897019326357 -0.741511207065849 -0.0526896535246427 0.668854579906932
1591949622.55175 40.8239766360411 -4.30009149558382 45.8274697841909 0.00434704768879241 -0.741526997892329 -0.0526509713906333 0.668839808762012
1591949622.58475 40.8140132330391 -4.29988513714342 45.8263522419601 0.00440558211997429 -0.741539970116803 -0.052585118676966 0.668830224241611
1591949622.61775 40.8041464326968 -4.29966231214877 45.8252060300526 0.0044179585127716 -0.741540929471736 -0.0525844202853296 0.668829133863073
1591949622.65075 40.7937091153711 -4.29939817274775 45.8240399269953 0.00450989168492174 -0.741487369481103 -0.0526808662859367 0.668880309251474
1591949622.68375 40.7838858788033 -4.29919854183228 45.822917105379 0.0045542373581068 -0.741487378233027 -0.0528453370922157 0.668867025043699
1591949622.71675 40.773993158214 -4.29900318418833 45.8218124274458 0.00449079806536636 -0.741504119562194 -0.0529260859570749 0.668842509736258
1591949622.74975 40.7642069229122 -4.29882711535704 45.820746907102 0.00429938994419448 -0.741514765552412 -0.0528342709939607 0.668839223971199
1591949622.78276 40.7543572179742 -4.2986420141389 45.8196491017716 0.00402484403413771 -0.741509289282179 -0.0526103377481429 0.668864655143898
1591949622.81576 40.7442490555558 -4.29837167823516 45.8185069622244 0.00371630111674117 -0.741486418101572 -0.0523786135625518 0.668909980279989
1591949622.84876 40.7344799907314 -4.2981535973285 45.8173998634153 0.00358202041544153 -0.741444047393458 -0.0522664721878294 0.668966448784683
1591949622.88176 40.7247187216466 -4.29792683600185 45.8163336158913 0.00349921057840609 -0.74140435661261 -0.0521803884161337 0.669017595124308
1591949622.91476 40.7149433831966 -4.29766932615186 45.8152326828716 0.00346852115571785 -0.741364555136996 -0.0520520911267386 0.669071853807085
1591949622.94776 40.7052619389347 -4.29744795177665 45.8141906421301 0.00355467915566661 -0.741328897798548 -0.0519698439665953 0.669117302767593
1591949622.98076 40.6952990870406 -4.29719367827277 45.8131000385857 0.00366527255097982 -0.741250661863918 -0.0518822373382404 0.669210172899523
1591949623.01376 40.6856447242216 -4.29690320731107 45.8119510935869 0.00390002617223206 -0.741200245101387 -0.0519040415133073 0.66926299534046
1591949623.04676 40.6759282071278 -4.29662819052811 45.8108183949313 0.00421554653661794 -0.74118395347834 -0.0520149445850849 0.669270514675065
1591949623.07976 40.6662284429376 -4.29636288784104 45.8096542822057 0.00458711414396815 -0.741179159918592 -0.0521744140156563 0.669260966894323
1591949623.11276 40.6565882592298 -4.29609522088539 45.8084559487687 0.00495658491827795 -0.741185579002314 -0.0523560403528873 0.669237039309331
1591949623.14576 40.6470173892024 -4.29584638540799 45.8073120078379 0.00515981388427866 -0.741202174010433 -0.0524767141148787 0.669207671831841
1591949623.17876 40.6375071741387 -4.29562344196631 45.8062843602075 0.00508286940968996 -0.741207174168754 -0.0523867754146275 0.669209769176296
1591949623.21176 40.6278833166432 -4.29538044705918 45.8051862473385 0.00510157112178477 -0.741239141830106 -0.0523704179852158 0.669175498588458
1591949623.24476 40.6183271889091 -4.29515826449047 45.8041066447347 0.00499966954445284 -0.741246209144834 -0.0523529600413017 0.669169805286949
1591949623.27776 40.6086915862393 -4.2949384075325 45.8031013773685 0.0048942493838683 -0.741267155702069 -0.0523820902945988 0.669145101466567
1591949623.31076 40.5991910865418 -4.29471638793418 45.8020074200346 0.00479035911431358 -0.741240527688716 -0.0524522202128543 0.669169856737475
1591949623.34376 40.5897711114006 -4.29453878630189 45.800958327276 0.00453153346178277 -0.741160769832472 -0.0523582624242723 0.669267353769578
1591949623.37676 40.5802791499274 -4.29433471559304 45.7999179072244 0.0042717389961584 -0.741140454511144 -0.0522622063818346 0.669299066723589
1591949623.40976 40.5707790235033 -4.29414166331381 45.7989154661787 0.00401096309788454 -0.741132405976931 -0.0521519360967745 0.669318193796665
1591949623.44276 40.5613242501489 -4.29392801482583 45.7979213769252 0.00383426525959463 -0.741166731860896 -0.0519786506468771 0.669294698820697
1591949623.47576 40.5518969993268 -4.29370518240409 45.7968981683941 0.00365488103715823 -0.741182672130599 -0.0518437478755362 0.669288513411195
1591949623.50876 40.5426715751704 -4.29349792757994 45.7958581446457 0.00345941364268929 -0.741189723303367 -0.0516319128385458 0.669298119004797
1591949623.54176 40.5332108262992 -4.29324305876783 45.794855732221 0.003363325555439 -0.741255396889752 -0.0514402758496245 0.669240631345363
1591949623.57476 40.52389520705 -4.29303645275118 45.793823522257 0.00337731389226408 -0.741338201381307 -0.0513580051631659 0.669155154078083
1591949623.60776 40.5145159322388 -4.2927974096952 45.7927894641842 0.00342296711510466 -0.741444227188491 -0.0512283912838322 0.669047377389271
1591949623.64076 40.5051172694664 -4.29254178139274 45.7917427755318 0.00351512715444238 -0.74155278476402 -0.0511901251207072 0.668929504791007
1591949623.67376 40.4957741335448 -4.29232877215867 45.790617241742 0.00365721479959969 -0.741653420418759 -0.0511821871051388 0.668817772255044
1591949623.70676 40.4862379329258 -4.29202149618384 45.7893683091354 0.00396024142082277 -0.741716823981401 -0.0512551979981169 0.668740139507871
1591949623.73976 40.4768190856256 -4.29176969419583 45.7882234089636 0.0042226601103766 -0.741802727632659 -0.0514246534673703 0.668630232216657
1591949623.77276 40.4674522624543 -4.2915308051932 45.7870548586396 0.00449634346996815 -0.741891523687805 -0.0515479635073316 0.668520424096253
1591949623.80576 40.4580204905452 -4.29131055312117 45.7859179001045 0.00469518043642203 -0.741980167260481 -0.0517232449909776 0.668407130871882
1591949623.83876 40.448577097342 -4.29106113584017 45.7847850454064 0.00480844304522389 -0.742072069416396 -0.0517856582634917 0.668299460022051
1591949623.87176 40.4390810104756 -4.29084088703508 45.7836774124055 0.00476349009539671 -0.742161988621987 -0.0517781490795905 0.668200505151456
1591949623.90476 40.4299573746115 -4.29054262779739 45.7829247834177 0.00464442902514811 -0.742502335425373 -0.0518249412690564 0.667819501534177
1591949623.93776 40.4205049321893 -4.29031745342096 45.7818470971316 0.00456105618197942 -0.742581595117192 -0.0518085584420273 0.667733213665361
1591949623.97076 40.4110515632695 -4.29008360781427 45.7807594295456 0.00456983249584144 -0.742663013426445 -0.0517684860158198 0.66764570617577
1591949624.00376 40.4015597363673 -4.28983819986552 45.7796875927368 0.00458181049851614 -0.742733043322635 -0.051795789922204 0.667565599409966
1591949624.03676 40.392125345707 -4.28961661993665 45.7786088236545 0.00454029959321099 -0.742799932759024 -0.0518029661511913 0.667490897519009
1591949624.06976 40.3827264916145 -4.28938961397828 45.7774727652337 0.00451371817681464 -0.742853779747747 -0.0517803656199059 0.667432904492261
1591949624.10276 40.3728689020796 -4.28926364582251 45.7759018010664 0.00448081435542854 -0.742660344612244 -0.0517456173146316 0.667651051022811
1591949624.13576 40.3634042718821 -4.2890207017487 45.7747570593356 0.0045633061974217 -0.742734915106262 -0.051654370848726 0.667574601142722
1591949624.16876 40.3539141067525 -4.28880513775463 45.7736364165552 0.00461636921689895 -0.742828097360918 -0.051582382395694 0.667476115477397
1591949624.20176 40.3443576747126 -4.28854127956664 45.7724828330596 0.00473411201943477 -0.742908617392631 -0.051454270760122 0.667395559175891
1591949624.23476 40.3349010311874 -4.28831359399673 45.7713758928832 0.00481229240125883 -0.742998214362088 -0.0514337279430495 0.667296835693437
1591949624.26776 40.3253543373979 -4.2880686478782 45.7702053597994 0.00481947587520065 -0.743198661745365 -0.0514451036167576 0.667072652074756
1591949624.30076 40.3158263207645 -4.28780444432599 45.76913804367 0.00478707373129873 -0.743282630649968 -0.0514244597430374 0.666980914149191
1591949624.33376 40.3063086203885 -4.28754707531401 45.768024422692 0.00478610043197529 -0.74335495572859 -0.051428980174422 0.666899964788288
1591949624.36676 40.2967133577295 -4.28732497994987 45.7669199229127 0.00469378427510901 -0.743423649030051 -0.0514781246015778 0.666820252496523
1591949624.39976 40.2870684591252 -4.28708942766448 45.7657898524366 0.00451962198449905 -0.743471544428968 -0.0516078285838294 0.666758027825975
1591949624.43276 40.2844958337757 -4.28715714873872 45.7638955054952 0.0043088351455305 -0.74323579109254 -0.0517896325886409 0.667008115943928
1591949624.46576 40.274948170104 -4.28694478217932 45.7627207672023 0.00423574326909468 -0.743258738042861 -0.0519028148747752 0.666974215850933
1591949624.49876 40.2653898268126 -4.28673094778405 45.7615571314032 0.00419725072079397 -0.743299892224122 -0.0519145036704717 0.666927685446214
1591949624.53176 40.2557823688979 -4.28647138397331 45.7604255090332 0.00411780667957062 -0.743354290813009 -0.0519655024991217 0.666863575664507
1591949624.56476 40.2462154553585 -4.28622173899919 45.7593070922337 0.00412236882400136 -0.743420868482834 -0.0518324931205688 0.666799678341565
1591949624.59776 40.2296991099176 -4.28570053745933 45.7587936863115 0.004354342272007 -0.743770165832183 -0.0517377801403473 0.666415922849608
1591949624.63076 40.2201635689113 -4.28544360292696 45.757641856351 0.00448675300015078 -0.743837422138889 -0.0516630299817535 0.66634577345879
1591949624.66376 40.2105065663489 -4.28518480315289 45.7565062291394 0.00463357400423309 -0.7439122694262 -0.0515833002468843 0.666267385157601
1591949624.69676 40.2008904621168 -4.28493364144682 45.7553612034331 0.00474554867959973 -0.743968723354734 -0.0515524033048669 0.666205950251984
1591949624.72976 40.1912204066876 -4.28467424481321 45.7542317342667 0.00483057567967916 -0.74402315587407 -0.0514981315464341 0.666148745783566
1591949624.76276 40.1815208984023 -4.28449153804623 45.7529510102873 0.00491099485965192 -0.74406600839482 -0.0514803553695777 0.666101666633488
1591949624.79576 40.1718288366199 -4.28424947167213 45.7518140858494 0.00491424963361756 -0.744092936831749 -0.051490377720978 0.666070786410718
1591949624.82876 40.1621980373027 -4.28404159417417 45.7506733013846 0.00486953027629681 -0.744103592875579 -0.0515467285731605 0.66605485173366
1591949624.86176 40.1524507849006 -4.2837894807909 45.7494946295997 0.00480359586209334 -0.744084860398641 -0.0516092243385056 0.666071418059284
1591949624.89476 40.1427303810901 -4.28356224543732 45.7483403430967 0.00472939862168268 -0.744058043366134 -0.0516277461317828 0.66610047043985
1591949624.92776 40.1331048670953 -4.28343123907694 45.747116905603 0.00465997106746209 -0.744023610710864 -0.0515850660755947 0.666142726697811
1591949624.96076 40.1233897181249 -4.28320441425747 45.7459950185163 0.00461152308828635 -0.743985074211363 -0.0515552108409358 0.666188414369888
1591949624.99376 40.1136733514898 -4.28300201701095 45.7448238531588 0.00460324447414365 -0.743923621804243 -0.0514882520929389 0.666262271900775
1591949625.02676 40.1039679543126 -4.28276516245559 45.7436268054813 0.00463437130541905 -0.74386409580103 -0.0514546559474376 0.666331109856091
1591949625.05976 40.0942592874912 -4.28251592366685 45.7424744111821 0.00477716429224071 -0.743820050527726 -0.0514332682611456 0.666380919632483
1591949625.09276 40.084626269748 -4.28223358323928 45.74132931569 0.00489626398021243 -0.743821561774916 -0.0513525810113027 0.666384591104295
1591949625.12576 40.0748879183645 -4.28195989990361 45.7401469214569 0.00499375339940684 -0.743783611259038 -0.0513765381107365 0.666424379341878
1591949625.15876 40.0651839658715 -4.28173235812197 45.7389781812833 0.00504445181377168 -0.743742305951939 -0.0514584024728518 0.666463778954365
1591949625.19176 40.0553828222863 -4.28146757941495 45.7378561212784 0.00507495058867038 -0.743713791488822 -0.0515085158619406 0.666491495834376
1591949625.22476 40.0456435607859 -4.28124348375645 45.7366493264056 0.00501868516124091 -0.743662865910826 -0.0516973372562187 0.666534125146767
1591949625.25776 40.0356563475171 -4.28099505661745 45.7354447233329 0.0048561411085658 -0.74367772977339 -0.0519487042274349 0.666499200495936
1591949625.29076 40.0259158950357 -4.28076286165441 45.7342688027985 0.00474015978688832 -0.743626143786179 -0.0521777105056168 0.666539703010469
1591949625.32376 40.0161290447887 -4.28052178957695 45.7331590815892 0.00456882114837103 -0.743587268392925 -0.0523154974826256 0.666573468479213
1591949625.35676 40.0063641381042 -4.28026142720892 45.7319780357831 0.00438967312490682 -0.743532437105221 -0.0524195972344253 0.666627655867958
1591949625.38976 39.9966213988573 -4.28004543660388 45.7308160580417 0.00418413847405776 -0.743469856257877 -0.0525289403377725 0.666690165105285
1591949625.42276 39.9869587342574 -4.27980102854681 45.7296704325952 0.00394299195737269 -0.743456964869356 -0.0525958105587922 0.666700738647659
1591949625.45576 39.9771889752924 -4.27954696413587 45.728613171168 0.00370192441425618 -0.743417739535121 -0.0526123812000095 0.666744552017178
1591949625.48876 39.9674035845867 -4.27933794387087 45.7275293949003 0.00347161647709646 -0.743377567780888 -0.0526086868563633 0.666790871013135
1591949625.52176 39.9576501783213 -4.27912570917843 45.7263900633157 0.00333735720699333 -0.743322353176657 -0.0526317057047894 0.666851291420655
1591949625.55476 39.9480167204954 -4.27886892076943 45.7252333918107 0.00326757565018635 -0.743251768703999 -0.0527233015802295 0.666923072579011
1591949625.58776 39.9383194093751 -4.27864068923906 45.7241144911048 0.00311617059652295 -0.743183224418484 -0.0527983220616398 0.666994244061546
1591949625.62076 39.9349571604004 -4.27862301871875 45.721484159605 0.00302156541882465 -0.742745294810563 -0.0529101027329552 0.667473458804151
1591949625.65376 39.9252705162098 -4.27834501266566 45.7203239202476 0.00311951692868152 -0.742668683074285 -0.0529273923024742 0.66755687917877
1591949625.68676 39.9156099100053 -4.27806316799466 45.7191973372853 0.00329777139269789 -0.742606794694065 -0.0530274948795098 0.667616924564419
1591949625.71976 39.9059097989814 -4.27777215582001 45.7180223997691 0.00349015417037429 -0.742532540459431 -0.0531062339963874 0.667692274250235
1591949625.75276 39.8961698202322 -4.27740056756281 45.7168326715588 0.00366794394866864 -0.742456696769081 -0.0532043645425651 0.66776784529023
1591949625.78576 39.8864569318676 -4.27709534987049 45.7156598459574 0.00383039748713233 -0.742373988219693 -0.053295794214941 0.667851591290218
1591949625.81876 39.8706201058307 -4.27684239581922 45.7160403345602 0.00389292738606227 -0.742885266636757 -0.0532124082956393 0.667289116750588
1591949625.85176 39.8609708700492 -4.27651830888637 45.7149550278456 0.00411283892939562 -0.742823430176983 -0.0532362185113035 0.667354734136694
1591949625.88476 39.8514398494954 -4.27624940471574 45.7138045812606 0.00422839796099648 -0.742743564111834 -0.0532334499666385 0.667443119992845
1591949625.91776 39.8418213533271 -4.27596782724587 45.712698719092 0.00418339939972545 -0.742660137331133 -0.0531753103459046 0.667540864635554
1591949625.95076 39.8320912021241 -4.27565006645589 45.7115887914389 0.00411747781819456 -0.742561507242942 -0.0530628289049408 0.66765993628951
1591949625.98376 39.8225214718746 -4.27558134079734 45.7105245335644 0.00381935403871635 -0.742547848188711 -0.052910992658951 0.667688948943208
1591949626.01676 39.8129244748099 -4.27534160741785 45.7094043859996 0.00372949413357009 -0.742450738549502 -0.0528371703292635 0.667803283259677
1591949626.04976 39.8033167926287 -4.27507685080048 45.7083625014359 0.00368828552101339 -0.742369119119453 -0.0527911653058278 0.667897881710502
1591949626.08276 39.7936310205823 -4.27481532240555 45.7072412852448 0.00363274814073906 -0.742282791372879 -0.0527720192975543 0.667995639770119
1591949626.11576 39.784007405054 -4.27456867520446 45.7061962479932 0.00359751165897154 -0.742218267663067 -0.0527307578375519 0.668070780857072
1591949626.14876 39.7744395599313 -4.27429965348684 45.7051198916954 0.00373656150227173 -0.742155188774614 -0.0526431822893192 0.66814699673164
1591949626.18176 39.7646847793483 -4.2740007505243 45.7039796462824 0.00395615446297882 -0.742074972396444 -0.0526107761914471 0.668237375797864
1591949626.21476 39.7550865342984 -4.27370070189942 45.7028784386395 0.00411760640439352 -0.741992165363153 -0.0526126535187975 0.668328198228167
1591949626.24776 39.7454586704793 -4.27342426530155 45.7017342509267 0.00430355213220283 -0.741915627888615 -0.052640464859233 0.66840980094033
1591949626.28076 39.7358669707087 -4.27320737215764 45.7006473275174 0.00444971586920024 -0.741830710015562 -0.052655128138668 0.668501933570271
1591949626.31376 39.7262174457828 -4.27294807821127 45.6995467142468 0.00455165748492911 -0.741754861593284 -0.0527114706138091 0.668580966362786
1591949626.34676 39.71659203419 -4.27266667321559 45.698453562969 0.00465762102292275 -0.741686851012055 -0.0527060097116166 0.668656113516139
1591949626.37976 39.7066984003306 -4.2723644390391 45.6973959044793 0.00455982916860121 -0.741685430222478 -0.0527099509895572 0.668658052834429
1591949626.41276 39.6970899233836 -4.27211954707607 45.6962912705391 0.00450314612276719 -0.7416257768579 -0.0527152851842236 0.668724178927949
1591949626.44576 39.6874411763076 -4.27185223696836 45.6951773744418 0.00452864085661785 -0.74155544489311 -0.0526935231850389 0.668803712740683
1591949626.47876 39.6778618939765 -4.27165739862847 45.6941183889103 0.00438603933694501 -0.7414639558759 -0.052749069864587 0.668901712080495
1591949626.51176 39.6682896944108 -4.27142629521424 45.6930657278571 0.00424907716140651 -0.741383919007527 -0.0526753896540672 0.668997110087263
1591949626.54476 39.6584051919469 -4.27116152498747 45.6920638941486 0.00416206007685887 -0.741373354831603 -0.0525771337847538 0.669017093208112
1591949626.57776 39.6487971611779 -4.27091566510685 45.690964587892 0.00414100804848895 -0.741276392530337 -0.0525038396781474 0.669130412362646
1591949626.61076 39.6392220085826 -4.27064457267826 45.6898668948765 0.00419028569509874 -0.741182452873537 -0.0524717691744831 0.669236674501525
1591949626.64376 39.6295842939511 -4.27038129189875 45.6888194415273 0.00428322118743387 -0.741102383008102 -0.0524616892425025 0.669325543422478
1591949626.67676 39.6198710511282 -4.27009444960833 45.6877846048441 0.00439248481298419 -0.7410280132274 -0.0524079381682307 0.669411381518402
1591949626.70976 39.610201806383 -4.26984913903802 45.6867452338754 0.00450102141168972 -0.740959464522766 -0.0523531735754567 0.669490819919859
1591949626.74276 39.6003362550109 -4.26964864489233 45.6856031597167 0.00459248086526218 -0.740881902293816 -0.0523399578487259 0.669577064112409
1591949626.77576 39.5906779323951 -4.26938107449045 45.6845422752007 0.00473472235440023 -0.74081349824292 -0.0523167621569501 0.669653566870757
1591949626.80876 39.5809590388228 -4.26907185055468 45.6834289356261 0.00482119971624554 -0.740733741295968 -0.0523788796955695 0.669736316396842
1591949626.84176 39.5712973627038 -4.26879308487988 45.6823601563574 0.00487892560134242 -0.740661533398997 -0.0524461001231414 0.669810492310994
1591949626.87476 39.5616480912938 -4.26853869315134 45.6813556525565 0.00491116229880943 -0.740603616972281 -0.052547337231783 0.669866360076619
1591949626.90776 39.5518755398348 -4.26826619286422 45.6801582208176 0.00494152977429939 -0.740513579159894 -0.0527102009887767 0.669952875264384
1591949626.94076 39.5421676812831 -4.26799761744492 45.6791005393506 0.00496421200815359 -0.740454829068135 -0.0527370252128679 0.670015528835351
1591949626.97377 39.5324287793854 -4.2677746919408 45.6780054723967 0.00493344781113086 -0.740379643537683 -0.0527421410313795 0.670098433879034
1591949627.00677 39.5227033662669 -4.26755142143415 45.6769455222072 0.00483385367818467 -0.740312257300055 -0.0526151788892581 0.670183585669155
1591949627.03977 39.5129985725609 -4.26730160673954 45.6759652959236 0.00473306214790039 -0.740241573405813 -0.0524419911179039 0.670275949659526
1591949627.07277 39.5033028976342 -4.26708011465831 45.6749563731576 0.00469961166156688 -0.740162900915006 -0.0523367208111803 0.670371286239235
1591949627.10577 39.4936032581495 -4.26684745750245 45.6739188871085 0.0046721548936377 -0.740086274728951 -0.0523125177078294 0.670457960962163
1591949627.13877 39.4837965335658 -4.26657665440494 45.672907778247 0.00465109882774 -0.740000470421233 -0.0522337875067803 0.670558947817972
1591949627.17177 39.4739157480686 -4.26635688943009 45.6718500498171 0.00462863927926023 -0.739916083127176 -0.0521197201785821 0.670661092055195
1591949627.20477 39.4642050111154 -4.26613840852791 45.6707902613298 0.0046354977384227 -0.739835013211035 -0.0520403461908958 0.670756638249728
1591949627.23777 39.4543983545963 -4.26586294645413 45.6697269901633 0.004719808799298 -0.739753824307206 -0.052000110114889 0.670848709751909
1591949627.27077 39.444318305598 -4.2655060173215 45.6687218151512 0.00483820303241054 -0.739694171896859 -0.0520222029882204 0.670911927341801
1591949627.30377 39.4344320740255 -4.2652441202503 45.6676592357141 0.00490412064083133 -0.739633404446979 -0.0521007828057522 0.670972342990335
1591949627.33677 39.4245807723697 -4.26496051400111 45.6666135949123 0.00502740021928218 -0.739578172151535 -0.0521187943867466 0.671030911207302
1591949627.36977 39.4146765897951 -4.26466427609491 45.6656004521835 0.00515669406568344 -0.739528548046213 -0.0520461224912667 0.671090259402263
1591949627.40277 39.4047238178119 -4.26437383207982 45.664662520302 0.0051989178578481 -0.739510299306506 -0.0519652281475254 0.671116311481314
1591949627.43577 39.3947900024852 -4.26409859945954 45.6636151474513 0.00532289097079578 -0.739461125926064 -0.0518495398002354 0.671178467546729
1591949627.46877 39.3849595662777 -4.2639919387747 45.6623188935747 0.0054126893343363 -0.739302250917422 -0.0518592804781098 0.67135199382358
1591949627.50177 39.3749716801495 -4.26376009230649 45.6612524196513 0.00550201579456643 -0.739239204537294 -0.0517710444101879 0.671427498139557
1591949627.53477 39.3649777049959 -4.26350456314796 45.6602200680697 0.00550486584759549 -0.739156301841436 -0.0516097191807884 0.671531156973504
1591949627.56777 39.3549539716355 -4.26321338547279 45.6591735918727 0.00549244539536331 -0.739069782253123 -0.051420278505698 0.671641008993865
1591949627.60077 39.3449719794892 -4.26299905016426 45.6580943016699 0.00541838739899796 -0.738969588629367 -0.0513196851486974 0.671759538879187
1591949627.63377 39.3388768372947 -4.26304190441815 45.6566007936993 0.00551269583597275 -0.738596843474815 -0.0514097038439958 0.672161703271119
1591949627.66677 39.328838538819 -4.26278978424669 45.6555177235368 0.00563661337684847 -0.738502293280001 -0.0514652847587612 0.672260303658128
1591949627.69977 39.3188454396194 -4.26254620958135 45.6544139728815 0.00583385717146106 -0.738406551987347 -0.0515305927602483 0.672358779300485
1591949627.73277 39.3088360264308 -4.26228072309981 45.6532981920964 0.00609036516509623 -0.738324213807551 -0.0515081244216075 0.672448641813028
1591949627.76577 39.298741183952 -4.26207634473327 45.6521651746835 0.00626183109012694 -0.738252340023308 -0.0515738131986004 0.672520939238077
1591949627.79877 39.2848777807148 -4.26163334190778 45.6514285241558 0.00616540219642759 -0.738342620394386 -0.0515781012961062 0.672422383767522
1591949627.83177 39.2748483582318 -4.26138809766852 45.6503903922973 0.00600996352830534 -0.738259008601258 -0.0514320769372411 0.672526771228773
1591949627.86477 39.264764390742 -4.26113958066119 45.6493240185153 0.00590836186095651 -0.738152705586151 -0.0513555034529504 0.672650196432781
1591949627.89777 39.2547395442779 -4.26089750467217 45.6482634555738 0.00586147718422598 -0.738046231587875 -0.0514353322786627 0.672761331913138
1591949627.93077 39.2445529941562 -4.26060879258674 45.6472084583763 0.00579936228976462 -0.737938286172705 -0.0516954616032481 0.672860336509108
1591949627.96377 39.2343504283966 -4.26043195044956 45.6460311286801 0.00565721494170214 -0.737762065531335 -0.0520880164419233 0.673024493703749
1591949627.99677 39.2243116559953 -4.26023213558565 45.6449791618131 0.00553896020914924 -0.737652735580999 -0.0522252205482667 0.673134672965489
1591949628.02977 39.2142357269806 -4.25998521513875 45.6439208993232 0.00536712607971447 -0.737538478565959 -0.0523228869432413 0.673253668459504
1591949628.06277 39.2041403325284 -4.25978955894825 45.6428423576392 0.00516037275278927 -0.737423674273981 -0.0524648268435067 0.673369985310896
1591949628.09577 39.1941135066299 -4.25959500443515 45.6418035828489 0.00505878664873881 -0.737310654203942 -0.0526261083252656 0.673481922992396
1591949628.12877 39.1840869115276 -4.25932308340145 45.6406431156406 0.00503139361311375 -0.737183837534115 -0.0528198836063818 0.673605770946623
1591949628.16177 39.174115651128 -4.25910674004501 45.6395913893751 0.00511521663847045 -0.73708743954197 -0.0527463732336634 0.673716380340347
1591949628.19477 39.1641908426702 -4.25890899076591 45.6385087154968 0.00517607743651944 -0.736978070036056 -0.0527123829088898 0.67383821292382
1591949628.22777 39.1542362101998 -4.25869900880164 45.6374493901099 0.00535393169551871 -0.736891267022593 -0.0526046354703736 0.673940166727186
1591949628.26077 39.1443532051569 -4.25847673240136 45.6364259570293 0.00563081207413858 -0.736804900973411 -0.0525844438444089 0.674033907249867
1591949628.29377 39.1344838225797 -4.25822928353642 45.63532203686 0.00578457566727445 -0.736732249236352 -0.0526828309958807 0.674104332383166
1591949628.32677 39.1246946062511 -4.25802040878668 45.6342562782458 0.00600924460164118 -0.736612351858746 -0.0527162811091217 0.674230765965532
1591949628.35977 39.1148485289166 -4.25781712308935 45.6332222075568 0.00617650952457324 -0.736497080465776 -0.0528555602798202 0.674344267376084
1591949628.39277 39.1050293356767 -4.25759293369274 45.6321356765701 0.00631086302071104 -0.736375484099663 -0.0528991360962121 0.674472386999791
1591949628.42577 39.0952003405059 -4.25735355753651 45.6311146615985 0.00633278778579425 -0.736305729034097 -0.0528459246655836 0.674552501616195
1591949628.45877 39.0854526835828 -4.25715547176287 45.6301748981268 0.00628216485912683 -0.736321196546779 -0.052771177260125 0.674541942929558
1591949628.49177 39.075798568822 -4.2569503984569 45.6291406914559 0.00632854954221292 -0.736265053514085 -0.052654628298289 0.674611896243582
1591949628.52477 39.066059899812 -4.25668221347349 45.6281581561972 0.00645838020674664 -0.73621800492039 -0.0524733575235382 0.674676133642175
1591949628.55777 39.0563762494111 -4.25642885888562 45.6271753936511 0.00651447108365978 -0.736150247238815 -0.0523106611992457 0.674762158009494
1591949628.59077 39.0466475961606 -4.25620105669722 45.6261721837616 0.00644747990863704 -0.736040708654532 -0.0521703496812228 0.674893146964985
1591949628.62377 39.0369659359234 -4.25604610956846 45.6252477672912 0.00621897282970475 -0.735945017559753 -0.0519366408822508 0.675017659650314
1591949628.65677 39.02733294386 -4.25583211454315 45.624212320351 0.00616927750155478 -0.735779433041189 -0.0518147928912654 0.675207962902046
1591949628.68977 39.0176821568076 -4.25561967707831 45.6231710813371 0.00622934123100233 -0.735610428973673 -0.0518369425263192 0.675389830751485
1591949628.72277 39.0081075408396 -4.25543065104724 45.6221531053611 0.00624841745457387 -0.735464458363206 -0.0519960417755762 0.675536379037801
1591949628.75577 38.9983958675418 -4.25518059604494 45.6211482665153 0.00628970780193445 -0.73535839499272 -0.0521968997433997 0.67563596273931
1591949628.78877 38.9888987098965 -4.25510972484666 45.6204570762417 0.0060593973359598 -0.735527305227662 -0.0523454469320353 0.675442685321223
1591949628.82177 38.9793742816916 -4.25494520627475 45.6194383210814 0.00594767244620021 -0.735461543056211 -0.0525156195909413 0.675502075183215
1591949628.85477 38.9699444197852 -4.25477576276324 45.6184257275133 0.005849460999926 -0.735413400729513 -0.052585556273497 0.675549904229784
1591949628.88777 38.9602041922326 -4.25456352939885 45.6174881289353 0.00576964123039917 -0.73539989057444 -0.0526191113099137 0.675562684958346
1591949628.92077 38.9508038688104 -4.25445781876077 45.6165044223109 0.00560106708339783 -0.73536330348015 -0.0526568503037119 0.675600988793223
1591949628.95377 38.9439131363892 -4.25435103553147 45.6163315377112 0.0052482724920152 -0.736081858007215 -0.0524769968886 0.674834882579472
1591949628.98677 38.934503150431 -4.25417026164397 45.6152852016236 0.00517415470015569 -0.736032986247922 -0.052449972061725 0.67489085910896
1591949629.01977 38.9250774465655 -4.25393991406362 45.6142688973669 0.00518706954086338 -0.736008953111354 -0.052449660651223 0.674916993671873
1591949629.05277 38.9156935911903 -4.25369704047672 45.6132476802809 0.00524590156124566 -0.735966020589448 -0.0524028991442335 0.674966986759961
1591949629.08577 38.9063025547239 -4.25347865405472 45.6122392341429 0.00518790245231684 -0.735930214000153 -0.0524434184132189 0.675003328625104
1591949629.11877 38.8969426221624 -4.25326303032784 45.6112628594106 0.00512467557763998 -0.735900462013765 -0.0523922637869339 0.675040219841331
1591949629.15177 38.8849636085105 -4.2529245551652 45.6101019265374 0.00522986572726733 -0.735508748636049 -0.0525976761834019 0.675450230323755
1591949629.18477 38.8757361779675 -4.2527291006909 45.6090993874206 0.00528868840632502 -0.735461030509607 -0.0526018573580591 0.675501404128201
1591949629.21777 38.8664785789201 -4.2525395052357 45.6081169468113 0.00531947671165106 -0.73541897036274 -0.0527010948638019 0.675539218549359
1591949629.25077 38.8572151824422 -4.25235233089504 45.6071254285051 0.0052672743830085 -0.735370863968538 -0.0528005468913411 0.675584229015683
1591949629.28377 38.8479282587431 -4.25212642017369 45.6061646309721 0.00520781708597961 -0.7353535926834 -0.052870241367417 0.675598038737951
1591949629.31677 38.8387843890491 -4.25196930455313 45.6052156354443 0.00518100185073904 -0.735344178700338 -0.0529094704570632 0.675605420350741
1591949629.34977 38.8292762032951 -4.25161222984671 45.6045528974446 0.00522901923024588 -0.735573550180374 -0.0528454852597238 0.675360321843529
1591949629.38277 38.8201811358985 -4.25142535998343 45.6036057212694 0.00528524716302527 -0.735573317475043 -0.0527985677795601 0.675363807159972
1591949629.41577 38.8110074352433 -4.25122994524704 45.6026701352961 0.00528445849167245 -0.735567572993128 -0.0528227727881755 0.675368177170362
1591949629.48177 38.7925937659131 -4.25077621077309 45.6007581160741 0.00519449591330639 -0.73552570807713 -0.0529683520206314 0.675403067548602
1591949629.51477 38.7832146810169 -4.25059744094311 45.5999850315773 0.00502308953622585 -0.735650857103577 -0.05297955089581 0.675267170978393
1591949629.54777 38.7741036677594 -4.25042899715808 45.599080564759 0.00487185392171814 -0.7356452510794 -0.0530155301370267 0.675271562534646
1591949629.58077 38.7649957686825 -4.25021228299737 45.59817378162 0.0047589847155144 -0.735642040565767 -0.0530645596284286 0.675272013878964
1591949629.61377 38.7559228318818 -4.2500112185011 45.5972656326962 0.00460151468083829 -0.735632319768302 -0.0531683855188561 0.675275528178142
1591949629.64677 38.7468348786445 -4.24981874431344 45.5963890248874 0.00444204148615591 -0.735631431899514 -0.0532334193400822 0.675272439637714
1591949629.67977 38.7378017832661 -4.24961080659061 45.5954848533738 0.00437661127123205 -0.735622036171636 -0.0531890299837036 0.675286600090561
1591949629.71277 38.7285410271355 -4.24937662630189 45.5946279919994 0.00442646599744985 -0.735748160609297 -0.0531524681317329 0.675151735308674
1591949629.74577 38.7195407157296 -4.24916369319009 45.5937676516164 0.00441556258189566 -0.73574369285007 -0.0532026160253712 0.675152725601019
1591949629.77877 38.7105671949503 -4.24895279625748 45.5928485237437 0.00444994859654217 -0.735729186805894 -0.0531975879192613 0.675168703568966
1591949629.81177 38.7016308609042 -4.24874570033886 45.5919513163852 0.004513692386641 -0.735725395467983 -0.0532015556565921 0.675172099186746
1591949629.84477 38.6927327395118 -4.24851648153791 45.5910027902513 0.00467103208876471 -0.735712432186382 -0.0531895198317519 0.675186102912146
1591949629.87777 38.6835562735087 -4.24819202666743 45.5900840819883 0.00481712468223755 -0.7358189247808 -0.0531650690812806 0.675070944918982
1591949629.91077 38.6746577894813 -4.2479678555966 45.5891772058424 0.00497982456946559 -0.735843920022968 -0.053142265239745 0.675044314365863
1591949629.94377 38.6658032274728 -4.24777447145408 45.5882585023974 0.00507332122576304 -0.735847480443682 -0.0530747148069032 0.675045051522187
1591949629.97677 38.6569285924162 -4.24755267786969 45.5873665070997 0.00507287188375701 -0.735861218038366 -0.0530177716999901 0.675034554405855
1591949630.00977 38.6480499442684 -4.24733312631478 45.5864495862524 0.00499857029594377 -0.73585725483764 -0.052987251009763 0.675041825391758
1591949630.04277 38.6391946351348 -4.24709124354888 45.5857094497646 0.0048366624362426 -0.735986620405492 -0.0529252204200848 0.674906824920348
1591949630.07577 38.6303529087146 -4.24686500548938 45.5848186993449 0.00478786203371009 -0.736001707142759 -0.0529261432972605 0.674890648042902
1591949630.10877 38.6214781356396 -4.24665214808163 45.5839456505111 0.00470942030274487 -0.736013712193445 -0.0529896424812111 0.674873124826697
1591949630.14177 38.6126327226739 -4.24645285537424 45.5830843742588 0.00459248262795219 -0.736042071861436 -0.0530247110750137 0.674840245960959
1591949630.17477 38.6039081223696 -4.24626117231879 45.5822530239177 0.00443754560856869 -0.736068241293794 -0.0530186449202997 0.674813215370334
1591949630.20777 38.5951158432144 -4.24607823629886 45.5815415561198 0.00424060231268064 -0.736307152484859 -0.0529075797236493 0.67456251192862
1591949630.24077 38.5863914140664 -4.24587146462321 45.5806472992725 0.00422503955091499 -0.736354292692373 -0.052727548423845 0.674525248090477
1591949630.27377 38.5776725070722 -4.24565703704607 45.5797609794916 0.00421888333811362 -0.736418342927128 -0.0526445849340299 0.674461839469785
1591949630.30677 38.5690062317747 -4.24544297548796 45.5788329692095 0.00430565112785387 -0.736482566651137 -0.052645209237 0.67439111228701
1591949630.33977 38.5603505149266 -4.24522860361857 45.5779281129372 0.00440634680456241 -0.736567769189726 -0.0526509114013651 0.674296957599035
1591949630.37277 38.5517840321674 -4.24507535814647 45.5770861070222 0.00444498692652573 -0.736769538418914 -0.0527058145246409 0.67407194457602
1591949630.40577 38.5431415522832 -4.24484181111314 45.5761333813833 0.0045541765584318 -0.736850033030589 -0.0527419778803145 0.673980394424027
1591949630.43877 38.5345043048334 -4.24463838285518 45.5751862702981 0.00460418621608887 -0.736930451751898 -0.0527601501903514 0.673890701302461
1591949630.47177 38.525866401917 -4.24441133301298 45.5742571656388 0.00460342024779941 -0.737007655369978 -0.0528398032948472 0.673800029412163
1591949630.50477 38.5172244733528 -4.24420042716854 45.5733133206982 0.00447682664095842 -0.737068161065502 -0.0529424372875677 0.673726637666048
1591949630.53777 38.5085301699253 -4.24394578095912 45.5724197400522 0.00414642552016935 -0.737204166635859 -0.0529259931177966 0.673581222350081
1591949630.57077 38.4998875643901 -4.24368581089478 45.5715422027841 0.00347591224940578 -0.737205882501873 -0.0530417256529085 0.673574034667631
1591949630.60377 38.4912483641381 -4.24343175257546 45.5706217603247 0.00303252495741359 -0.737188093829198 -0.053415536609432 0.673566105558752
1591949630.63677 38.4826503060136 -4.2431266177553 45.5697452441772 0.00280307942634495 -0.737215165535099 -0.0539570543434282 0.673494304903439
1591949630.66977 38.4740815294538 -4.24284938373528 45.5688531366264 0.00265618616424982 -0.737253435920579 -0.0544520362553317 0.673413165631627
1591949630.70277 38.46553976069 -4.24257747313472 45.5678944801042 0.00272280936694647 -0.73732320258099 -0.0549265933292681 0.67329796568095
1591949630.73577 38.4570842412657 -4.24234923501353 45.5669072336842 0.0028963301262097 -0.737495009860019 -0.0552605688173473 0.673081712154886
1591949630.76877 38.4486492248002 -4.24211893501576 45.5659812985707 0.00295529369196611 -0.737632522783597 -0.055283264404712 0.672928887957605
1591949630.80177 38.440187743565 -4.24185221357314 45.5650843376395 0.00287225743045225 -0.737794417846869 -0.0548772305512015 0.672784985488145
1591949630.83477 38.4318543069951 -4.24174770010037 45.5643696684302 0.0026470640539577 -0.737972921018786 -0.0542189063376976 0.672643494795303
1591949630.86777 38.4234995860438 -4.24155968574649 45.5635279724272 0.00248706108719452 -0.738100293732924 -0.0536381257679682 0.672550906907886
1591949630.90077 38.4151674691966 -4.24135439827818 45.5626923337579 0.00266868429765025 -0.738186988358178 -0.0532538242378262 0.672485597278373
1591949630.93377 38.4069321865127 -4.24127657615967 45.561786857078 0.0032273250120186 -0.738317224370948 -0.0531792129557927 0.672346065564341
1591949630.96677 38.398739477701 -4.24112599051911 45.560912164105 0.00383585148811532 -0.738393249061938 -0.0531795431615895 0.672259348891662
1591949630.99977 38.3904818261113 -4.24099072326086 45.5600640888632 0.00420222681700334 -0.738476028129287 -0.0528941871357556 0.672188739964765
1591949631.03277 38.382273556567 -4.24081818456871 45.5591979492366 0.00443159928088747 -0.738573255502205 -0.0525319175084198 0.672108848943069
1591949631.06577 38.3740251770342 -4.2406876983689 45.5583381964704 0.00454716966886024 -0.738655237162309 -0.0522737226698519 0.672038110362003
1591949631.09877 38.3657807929778 -4.24045084906836 45.5573476057711 0.00472638872667096 -0.73873653798659 -0.052207050003901 0.671952686297988
1591949631.13177 38.3576083667443 -4.24021062662003 45.5564235287189 0.00510929444951185 -0.738925933105432 -0.0523815575300157 0.671728020053671
1591949631.16477 38.3493816264868 -4.23996896105927 45.5554999587794 0.00551965037817125 -0.739049298112802 -0.0526276325161352 0.671569803307462
1591949631.19778 38.3411906492495 -4.2397121760915 45.5545511446603 0.00581351725011539 -0.739145435217644 -0.052796016604976 0.671448292309057
1591949631.23078 38.3330342236906 -4.23947983546332 45.5537003466772 0.00584525426251931 -0.739263127049617 -0.0528283515772633 0.671315892301871
1591949631.26378 38.3248741398816 -4.23916584331115 45.5528580191158 0.00578304036114828 -0.739387954758027 -0.052519822824255 0.671203156289831
1591949631.29678 38.3167369161168 -4.23886706217519 45.5519896213908 0.00568816376588747 -0.739534965764436 -0.0519558554999383 0.671085887412362
1591949631.32978 38.3085641552734 -4.23857988914316 45.5511774869895 0.00575895787385718 -0.739783566298513 -0.0512575973647781 0.670864940320517
1591949631.36278 38.3005085216014 -4.23825522959147 45.5503717315852 0.00602778579154684 -0.739894956550703 -0.0508103093449783 0.670773755847344
1591949631.39578 38.2925009197258 -4.23795137348513 45.5494634138284 0.00632374424450297 -0.739924765888443 -0.0506221360112736 0.670752376387381
1591949631.42878 38.2844355899493 -4.23766006079903 45.548537944825 0.00660045637628642 -0.739900465059108 -0.0505385224164136 0.670782821435453
1591949631.46178 38.2763867536864 -4.23741592462275 45.5476153363524 0.00681436241118542 -0.739848879059305 -0.0506301956027718 0.670830667093302
1591949631.49478 38.2682802801907 -4.23724150082055 45.546610135943 0.00686652854389301 -0.739774884439057 -0.0508294189982669 0.670896669617039
1591949631.52778 38.2600615554207 -4.23716085056896 45.5458932812503 0.00667023608188589 -0.739926079607436 -0.0510806485979758 0.670712808887823
1591949631.56078 38.2519831291664 -4.23706668269837 45.5449802878864 0.00635297045894767 -0.739995248134572 -0.0513237446829765 0.670621014982619
1591949631.59378 38.2439179967137 -4.23698266977765 45.544064397103 0.00603584823543956 -0.74010738414041 -0.0515492929153963 0.670482884850047
1591949631.62678 38.2358755565989 -4.2369179010613 45.5431942110856 0.00585572467350538 -0.74029286325062 -0.0517409521530365 0.670264918505396
1591949631.65978 38.2278910264354 -4.23684615097933 45.5423049417498 0.00583512213656304 -0.740441383100662 -0.0520815046923563 0.670074642417253
1591949631.69278 38.2198820960385 -4.23678675697188 45.5413891987064 0.00570308802536243 -0.740516074258954 -0.0525750112912889 0.669954690064039
1591949631.72578 38.2102015161263 -4.23708355621438 45.5434440866963 0.00505405250135758 -0.741952346768931 -0.0528111026649993 0.66835032663469
1591949631.75878 38.2022004200408 -4.2369950716831 45.5425420042438 0.00478984056879426 -0.74193735795221 -0.0528454112061157 0.668366199636604
1591949631.79178 38.1942172364396 -4.23682857553744 45.5416130362718 0.00460127775346814 -0.741898180284504 -0.0527436673430609 0.668419048119353
1591949631.82478 38.1862554555169 -4.23663251407949 45.5406963485995 0.00455843472984502 -0.741876695949952 -0.0526807713307225 0.66844814683803
1591949631.85778 38.1783060861285 -4.23641569179057 45.5397301920063 0.0047327522175089 -0.741883337330231 -0.0526520481251955 0.668441827443816
1591949631.89078 38.1703877854844 -4.23618479247865 45.5387766971341 0.00505450719624942 -0.741937550810208 -0.0527382893650416 0.668372497556267
1591949631.92378 38.16420472671 -4.23559443802315 45.5354808196082 0.00569200024972459 -0.740903637780984 -0.0527311909525463 0.669513870025699
1591949631.95678 38.1563167375476 -4.23531914527134 45.5345678810279 0.00607564028873436 -0.74101481093954 -0.0526217720105708 0.669396060396076
1591949631.98978 38.1483931053845 -4.23506398765165 45.5336390663569 0.00625887976924089 -0.741117987179324 -0.0524520810368736 0.669293459327225
1591949632.02278 38.1404559831259 -4.23479337170781 45.5328211538884 0.00635628412055207 -0.741234925337385 -0.0522284881807187 0.669180519840959
1591949632.05578 38.1325881241995 -4.23457987375376 45.5319712349638 0.00640109241503215 -0.741320042849585 -0.052087273043359 0.669096806203924
1591949632.08878 38.124686496916 -4.23436421268285 45.5310932350199 0.00641700921784134 -0.741379874255307 -0.0519802536043982 0.669038681450561
1591949632.12178 38.1168046715302 -4.23425316007177 45.5304673480645 0.00635346905606776 -0.741631426259633 -0.0519133277446683 0.668765629662239
1591949632.15478 38.1088709796913 -4.23412189360261 45.5296190153297 0.00629786877910246 -0.741682099745002 -0.0519517418129422 0.668706973411589
1591949632.18778 38.1008896016589 -4.23393600588235 45.5287138958928 0.0062131516029286 -0.741699792423971 -0.0520368254268803 0.668681526187833
1591949632.22078 38.0929447879869 -4.23378158583223 45.5278368562447 0.00604737854845889 -0.74173661816857 -0.0521191618141862 0.668635783855704
1591949632.25378 38.0849366353066 -4.23362271873223 45.5269694409068 0.00587216966764711 -0.741780345314772 -0.0521907154591733 0.668583252967013
1591949632.28678 38.076947762759 -4.23350185762559 45.5260899507528 0.00576272583512339 -0.741814331076584 -0.0523509729766789 0.668533966847418
1591949632.31978 38.068631407376 -4.23332819393749 45.5257504281937 0.00552017932603951 -0.742528235092087 -0.0523693494464696 0.667741565989262
1591949632.35278 38.0605611106308 -4.2331297204476 45.5248258625127 0.00550466115655977 -0.742567744047868 -0.0525182471097537 0.667686062401883
1591949632.38578 38.0525137889003 -4.23296606579196 45.5238897853821 0.00552359623987155 -0.742581301803475 -0.0527121343956358 0.667655548156302
1591949632.41878 38.0444777125787 -4.23278406926561 45.5229695121346 0.00564183116786244 -0.742609705944805 -0.052811635369799 0.667615102845352
1591949632.45178 38.0364622268368 -4.23258534037546 45.5220270545391 0.00579698733115358 -0.742635288889213 -0.0528687037894337 0.667580798700759
1591949632.48478 38.0284257738798 -4.23234855586635 45.5207500839634 0.00607286338968749 -0.742281542423124 -0.0529725260711509 0.667963429829687
1591949632.51778 38.0203201365034 -4.23211798235521 45.5198716641904 0.0062543798023522 -0.742333983292168 -0.0529983509735131 0.6679014259432
1591949632.55078 38.0122597458356 -4.23190317533897 45.51891395894 0.00641549815740863 -0.742347854301626 -0.0530667639215339 0.667879048304452
1591949632.58378 38.0041633179014 -4.23169489153799 45.5179817698663 0.00651347492156896 -0.742371071475291 -0.0531026426836005 0.667849441282309
1591949632.61678 37.9960830371826 -4.23148971820766 45.5171033106278 0.00651108693351958 -0.742405221255117 -0.0530928202946955 0.667812283230281
1591949632.64978 37.9879556212166 -4.23126601830336 45.5162407942798 0.00640521570319073 -0.742430613060266 -0.0530409789411776 0.66778919769319
1591949632.68278 37.9800036161765 -4.23110626383057 45.5152957970915 0.00625680452006971 -0.742576295760764 -0.0529657453214902 0.667634576092311
1591949632.71578 37.9718330869188 -4.23089494151416 45.5144157538299 0.00618503487877442 -0.74260191623071 -0.0528548036769352 0.667615539874783
1591949632.74878 37.9635812028819 -4.23067076283191 45.5135209465493 0.00612114071949517 -0.742605221218196 -0.0526769513172686 0.667626509251755
1591949632.78178 37.9553234270406 -4.23046060828218 45.5126754878451 0.00608312554137174 -0.742616603620886 -0.0524549452389484 0.667631675649237
1591949632.81478 37.9470728666391 -4.23029992790897 45.5117979332421 0.00602690460495307 -0.742615368847309 -0.0522896248803367 0.667646527364991
1591949632.84778 37.9387399587969 -4.23009785800939 45.5108919311112 0.0060756962261488 -0.742614000914849 -0.0521142274485679 0.667661320474721
1591949632.88078 37.9304910578669 -4.22993385158554 45.5099904655767 0.00608842483470224 -0.742737217560826 -0.0518582898091186 0.667544061849933
1591949632.91378 37.9221105832838 -4.22972013997637 45.5091090456199 0.00620071849963696 -0.742763649649618 -0.0516868761124767 0.667526912331631
1591949632.94678 37.9136616276008 -4.22951741232349 45.5082007545475 0.00628528640978929 -0.742786429659855 -0.051608815915632 0.667506812854894
1591949632.97978 37.9052096741433 -4.22935225843397 45.5072372485942 0.00636153213352765 -0.742797819051968 -0.0515540603859972 0.667497647769841
1591949633.01278 37.896592643801 -4.22913499621959 45.5062571278239 0.00648454781602181 -0.742821007388861 -0.0514684137347244 0.667477268533582
1591949633.04578 37.8879289892601 -4.22890961522125 45.5051270768335 0.0066795554198114 -0.742776940241371 -0.0513657723860014 0.667532289864879
1591949633.07878 37.8793107777509 -4.22868979434799 45.5041560365097 0.00684329240961049 -0.742814717072835 -0.0513259078417411 0.667491660347319
1591949633.11178 37.8706097578116 -4.22850163028487 45.5031095880784 0.00692450493805447 -0.742814689898143 -0.0513552739916023 0.667488594311645
1591949633.14478 37.8619017202727 -4.22827821540328 45.5020821519428 0.00706146728867231 -0.74282491435229 -0.0513714203743079 0.667474538440209
1591949633.17778 37.8530274181771 -4.22807476780865 45.5010450313653 0.00724527248382888 -0.742828301094884 -0.0514113070379171 0.66746572842939
1591949633.21078 37.8430303993576 -4.22770088875423 45.500802070079 0.00731034494971414 -0.743441226163756 -0.0513134732695036 0.666789794131454
1591949633.24378 37.8341063412043 -4.22749637885312 45.4997405547252 0.00748738726274674 -0.743443345877773 -0.0511686437435714 0.666796595971728
1591949633.27678 37.8251688084527 -4.22732445753588 45.4986705785716 0.00761190065202493 -0.743421692037507 -0.0511102979154541 0.666823802982128
1591949633.30978 37.8161449813023 -4.22712079197408 45.497644013143 0.00773716444106882 -0.743416149338931 -0.0510045099027382 0.66683664053355
1591949633.34278 37.8069544236443 -4.22686427905003 45.49657736313 0.00794110655977865 -0.743399638888582 -0.0508436218442015 0.666864935234036
1591949633.37578 37.7978128976004 -4.22663242438686 45.4955421897471 0.00814669587288664 -0.743367884241726 -0.0506947822582072 0.666909183529607
1591949633.40878 37.78964076994 -4.22655804660461 45.4937972259488 0.00842460260337383 -0.742852154188886 -0.0504765473556809 0.667496682579739
1591949633.44178 37.7802844850205 -4.22629781836551 45.4927568174331 0.00850651329696559 -0.742822010880322 -0.0503548007958353 0.667538383480722
1591949633.47478 37.7709312028312 -4.22606513021441 45.4917208272884 0.00853441540196606 -0.742771683331582 -0.0502806624770563 0.667599614421236
1591949633.50778 37.7614130109161 -4.22583166811817 45.4906788371203 0.00859879754302738 -0.742740463382314 -0.0502298240005182 0.667637348802714
1591949633.54078 37.7518896508775 -4.22560699478527 45.4896086631904 0.00867369763535876 -0.742707781870733 -0.0501794378118549 0.667676524777434
1591949633.57378 37.7423068865739 -4.22541274049793 45.4885355620404 0.00866883947829783 -0.742661447535109 -0.0502530455024972 0.66772258984168
1591949633.60678 37.7324701890596 -4.22516502260667 45.4874446832463 0.00859700278933851 -0.74267040651335 -0.0502812830743344 0.667711428241822
1591949633.63978 37.7226915656937 -4.22496152740063 45.4863648053534 0.00852548185699186 -0.742633385749173 -0.0503473708254201 0.667748540081364
1591949633.67278 37.7128170639242 -4.22472743204418 45.4852854087249 0.00847420198487293 -0.742582291971238 -0.0503276164081176 0.667807501139467
1591949633.70578 37.7029314568836 -4.22454998367302 45.4841905234458 0.00846654469605412 -0.742546064859581 -0.0503032809119452 0.667849712968385
1591949633.73878 37.6928843854577 -4.22432024522078 45.4831059527361 0.00853805538437105 -0.742495939755303 -0.0503616838259531 0.667900128656492
1591949633.77178 37.6825574931008 -4.22400855991774 45.4818063975574 0.00848359268572862 -0.742564164556829 -0.0505221390729635 0.667812850755848
1591949633.80478 37.6723486762903 -4.22378349185164 45.4806720812995 0.00842186239241047 -0.742498194705028 -0.0506541758799648 0.667876977863094
1591949633.83778 37.6621550948598 -4.22356461700489 45.4795265396086 0.00838581105091165 -0.742421093518912 -0.0506790360032647 0.667961251406832
1591949633.87078 37.6518037226089 -4.22335250026828 45.4783740482463 0.00824253152407031 -0.74234186186143 -0.0506932472146919 0.668050009721586
1591949633.90378 37.6414239024173 -4.2231586341026 45.477274402679 0.00819336124927274 -0.742267971937818 -0.0507377419715767 0.668129334939265
1591949633.93678 37.6313264858201 -4.22312893864781 45.4761914753493 0.00809344020186545 -0.74209126005189 -0.0508196615166211 0.668320596707623
1591949633.96978 37.6209093042728 -4.22292941122015 45.4750603801952 0.00810467855923955 -0.742010620626888 -0.0508877297644014 0.668404811489098
1591949634.00278 37.6102591667422 -4.22266912601958 45.4739440024735 0.00816583442943344 -0.741935211627412 -0.0509041904338393 0.668486517658908
1591949634.03578 37.5996032223996 -4.22242528417572 45.4727684009328 0.00815081542640963 -0.741852265596797 -0.0509374906085189 0.66857621277405
1591949634.06878 37.5888920010768 -4.2221844918338 45.4716294178597 0.00815052673675492 -0.741760430303111 -0.0509219967952708 0.668679282760308
1591949634.10178 37.5781696506767 -4.22191075164278 45.4704368408411 0.00818390162492466 -0.741692650373348 -0.0509849535042875 0.668749258431378
1591949634.13478 37.5673172142985 -4.22165696078117 45.4692700685254 0.00821580802402917 -0.74158153929627 -0.0509995608203753 0.668870963542009
1591949634.16778 37.5563980544352 -4.22135150405934 45.4681069193182 0.00820170199646005 -0.741464215561573 -0.0510142329637012 0.669000072616699
1591949634.20078 37.5453773374342 -4.22107008953179 45.4669125972372 0.00824332026125975 -0.741352558801136 -0.051026178279591 0.669122380704948
1591949634.23378 37.5342845371953 -4.22083382101942 45.4657273193015 0.00825830705258948 -0.741243293720251 -0.0511674006659907 0.669232453627636
1591949634.26678 37.5230893211337 -4.22049246039835 45.4645745678974 0.00819143191255637 -0.74117796079918 -0.0512298501846934 0.669300854114833
1591949634.29978 37.5119053792431 -4.22026822926146 45.4633679363718 0.00806101700766012 -0.741061474178995 -0.0513016693431158 0.669425910922984
1591949634.33278 37.5006331535897 -4.22000419618602 45.4621992992544 0.00782254548955533 -0.740947319611121 -0.0513628057464306 0.669550401037154
1591949634.36578 37.4892585307944 -4.21973862387725 45.4610222277715 0.0076145202834832 -0.740825838667723 -0.0513600117911021 0.669687423378948
1591949634.39878 37.4779012179696 -4.21950921235411 45.4598787278759 0.00739532723187073 -0.740703053154547 -0.0513312144730149 0.669827890284804
1591949634.43178 37.4662739536002 -4.21921102130703 45.4587000422697 0.00719587586257994 -0.740557112482392 -0.0514008362680493 0.6699860719099
1591949634.46478 37.4543853438872 -4.2187293843511 45.4574457372524 0.00702066625436436 -0.740534625257812 -0.0515584237779256 0.670000677594547
1591949634.49778 37.442745771261 -4.21844642313081 45.4562832625438 0.00687581798576913 -0.740390575320032 -0.0516440956371852 0.670154763088435
1591949634.53078 37.4311256768469 -4.21816645522404 45.4550878076224 0.00671448055746347 -0.740210590824703 -0.0516566290378818 0.670354227001091
1591949634.56378 37.4194225253875 -4.21790218922159 45.4538828020556 0.00659095520156112 -0.740029322350535 -0.0516462798451958 0.67055635344771
1591949634.59678 37.4076187885646 -4.21756473527329 45.4527362100966 0.00655875421731923 -0.739884193330051 -0.0515883897051101 0.670721254509719
1591949634.62978 37.3960793981806 -4.21758219860299 45.4515877836511 0.00654924654910636 -0.739596363180226 -0.0516415802061381 0.671034629608663
1591949634.66278 37.3842210035024 -4.21728803371676 45.4503642159979 0.006610229447643 -0.739447139640877 -0.051620951822065 0.671200052053454
1591949634.69578 37.3723029437502 -4.21697468783831 45.4491798838122 0.00658352071874897 -0.739311084319143 -0.0516383052588295 0.671348838747633
1591949634.72878 37.3602312115632 -4.21666722700179 45.4480126965978 0.00662665436077288 -0.739178503178284 -0.0516109602710381 0.671496490438331
1591949634.76178 37.34820238795 -4.21643407398031 45.4467329175758 0.00674950755516683 -0.739025587573248 -0.0516640776416443 0.671659473350311
1591949634.79478 37.3359013265977 -4.21605610718496 45.4455120869748 0.00683289824757955 -0.738917960762909 -0.0516082732397665 0.671781322229735
1591949634.82778 37.3237353035362 -4.21575338340334 45.444259580154 0.00683040595708425 -0.738744910572928 -0.0516019133400663 0.671972131264908
1591949634.86078 37.3114299286555 -4.21546318209717 45.4430326814617 0.00683410992235873 -0.738590849758859 -0.0515179231988825 0.672147867052578
1591949634.89378 37.2990945568249 -4.2151723386163 45.4418221851471 0.00682704485876674 -0.73843296516908 -0.0513892717598526 0.672331235447297
1591949634.92678 37.2866797849222 -4.21486109074507 45.4406593179299 0.00686720754376649 -0.738295788438196 -0.0511067180180634 0.672502991523752
1591949634.95978 37.2745771908002 -4.21458379529552 45.4396645906448 0.00687789078130628 -0.738212196360271 -0.0508148215801089 0.672616756906284
1591949634.99278 37.262125929237 -4.21427197001079 45.4384676459033 0.00690559822190111 -0.738075120896313 -0.0505195198395818 0.672789125017838
1591949635.02578 37.2496683289073 -4.21402877888046 45.4372225208277 0.00684032239921422 -0.737932782401441 -0.050288877274925 0.672963184334158
1591949635.05878 37.2370109028464 -4.2137270521568 45.4360743065175 0.0066795082627141 -0.737819899838635 -0.0500040746108806 0.673109777149155
1591949635.09178 37.2242472318289 -4.21338262154802 45.4350243979023 0.00642689161208891 -0.737705829660128 -0.0497116286302305 0.673258908540094
1591949635.12478 37.2115758333606 -4.21315130552865 45.4342206710945 0.00604695603727584 -0.737772609643956 -0.0497331487940091 0.673187659343859
1591949635.15778 37.1986250137869 -4.21279563712235 45.4329772470723 0.00572438315216616 -0.737609332935295 -0.0498487801404403 0.673360826394576
1591949635.19078 37.185795207989 -4.21246392111265 45.4317806285188 0.00538842396688728 -0.737458436397154 -0.0500803812698372 0.673511673904532
1591949635.22378 37.1727183357434 -4.21211855027427 45.4305501786197 0.00523222278995866 -0.737299896272598 -0.0503775430716279 0.673664300638797
1591949635.25678 37.1595987789285 -4.21173340763207 45.4292432697219 0.00513471042227638 -0.737128374443867 -0.0506936937680074 0.673829016702885
1591949635.28978 37.1465732546431 -4.21140443488545 45.4279703558225 0.00507261170793047 -0.736818613490061 -0.0510155714592563 0.674143909631861
1591949635.32278 37.1335017795816 -4.21104359953999 45.4266813137049 0.00506209033588587 -0.736681351613157 -0.0513669798178903 0.674267302196415
1591949635.35578 37.1202992215874 -4.21070189064898 45.4254410529566 0.00497551936945589 -0.736568577838633 -0.0517334859510237 0.674363122345174
1591949635.38878 37.1071081163429 -4.21037748580422 45.42414013116 0.00498693914226474 -0.736467291265358 -0.0520381898837231 0.674450210266024
1591949635.42179 37.0936446520546 -4.20999709871998 45.4228931564893 0.00505000382160039 -0.736406627379356 -0.0523336928398421 0.674493114276869
1591949635.45479 37.0801869482711 -4.20965071139765 45.4216261576137 0.005044116938654 -0.736363870724757 -0.0525404855005399 0.674523761003962
1591949635.48779 37.0667735901743 -4.2093477527246 45.4204247321034 0.00486930859197158 -0.736328149198632 -0.0526028879124675 0.674559176584843
1591949635.52079 37.0533040578532 -4.20905065425161 45.41922267989 0.00467416539427835 -0.736307498351457 -0.0525259802590902 0.67458909081537
1591949635.55379 37.0397516041992 -4.20866413829403 45.4180668207247 0.00456206203400726 -0.736298541500683 -0.052202402128999 0.674624750943758
1591949635.58679 37.0262437334481 -4.20832398535377 45.416894107546 0.00448980570578176 -0.736294716342412 -0.0518538595702004 0.674656289957075
1591949635.61979 37.0127356621728 -4.20797924981341 45.41570522272 0.0045984838946692 -0.73630676521085 -0.0513856490152914 0.674678231845286
1591949635.65279 36.9991202881615 -4.20758751969075 45.4145216521741 0.00491505236585081 -0.736344394670238 -0.0508247803271938 0.674677416550054
1591949635.68579 36.9852123983417 -4.20718769592743 45.4131335690479 0.00523032490751361 -0.736363606757799 -0.0504470782238906 0.674682425028754
1591949635.71879 36.9715305755539 -4.206770966453 45.4118668702619 0.00539985847653077 -0.736399671870234 -0.0502539168957074 0.6746561410337
1591949635.75179 36.9576509543777 -4.20635194089555 45.4105269281044 0.00581988113682756 -0.736450338627815 -0.0499050605873312 0.674623237552861
1591949635.78479 36.94374381609 -4.20595069615404 45.4092157403543 0.00622195976487567 -0.736520253597722 -0.0495881563882322 0.674566689070137
1591949635.81779 36.9307240719179 -4.20612823447186 45.4079178689317 0.0064493421210891 -0.736684788017912 -0.049615551492682 0.674382848343051
1591949635.85079 36.9167406648493 -4.20571990787196 45.4066129845373 0.00656064051461941 -0.736716385679281 -0.0496503869767883 0.674344692379757
1591949635.88379 36.902573422388 -4.2053138525436 45.4052874006209 0.00651283912375553 -0.736727196017458 -0.0498396357195501 0.674319384480488
1591949635.91679 36.8883973018318 -4.2050029232331 45.4038962750349 0.00640910459342262 -0.736719048628731 -0.0501670524282685 0.674305000438635
1591949635.94979 36.8741948107337 -4.20468922924708 45.4025304705859 0.00624727646505501 -0.736709179773415 -0.0505745665448825 0.674286859721549
1591949635.98279 36.8591165788542 -4.20395957905493 45.4012067553921 0.00616076028830288 -0.736571656726229 -0.0508363695144147 0.674418195984392
1591949636.01579 36.8448478709572 -4.20364541549739 45.3998537973866 0.00580580197168058 -0.736547866674584 -0.0513242374614596 0.674410376113524
1591949636.04879 36.8304774481471 -4.20333277896373 45.3984985311527 0.00537461110732505 -0.736535886592546 -0.0517916792546656 0.674391298340036
1591949636.08179 36.8162417375668 -4.2030235861652 45.397137503724 0.00502146201608084 -0.736533601773592 -0.0521404395278974 0.674369641178693
1591949636.11479 36.8018864393197 -4.20268574698304 45.3958080402276 0.00472873961972818 -0.736582154314765 -0.0524131789916318 0.674297580920041
1591949636.14779 36.7874761790385 -4.20235908632905 45.3944331215556 0.00452844402469821 -0.736600214642435 -0.0525971083274334 0.674264904306183
1591949636.18079 36.7731084115394 -4.20201281294989 45.3930586740391 0.00438569009121062 -0.736630171069368 -0.0527967558457373 0.674217516358707
1591949636.21379 36.7587044851912 -4.2016507857136 45.3917552620987 0.0041995389125452 -0.736675723956235 -0.0529180595142496 0.674159417781674
1591949636.24679 36.7443928238811 -4.20124313772335 45.3905092730784 0.00403416367446478 -0.736755650319443 -0.0528521583183089 0.674078249617149
1591949636.27979 36.7300317270899 -4.20083988993196 45.389162509281 0.00391383861917386 -0.736817653569657 -0.0527517591516874 0.674019049554069
1591949636.31279 36.7156660146136 -4.20048465113844 45.3878155274535 0.00381440488869877 -0.73688577517584 -0.0525655602475005 0.67395969206972
1591949636.34579 36.7013266956529 -4.20011954828496 45.3864588097394 0.00385103220606838 -0.736973501644272 -0.0523585815748679 0.673879667567287
1591949636.37879 36.6867642945832 -4.19970311806786 45.385070702276 0.00393025045116969 -0.737074729472234 -0.0522081293409328 0.67378016261652
1591949636.41179 36.6724209106338 -4.19928222990442 45.3837406388411 0.00396529457811154 -0.737227237254512 -0.0520951949834511 0.67362182843835
1591949636.44479 36.6580169487729 -4.19888401795769 45.3823403578179 0.00391633935505517 -0.73739242003235 -0.0520885219658331 0.67344180672446
1591949636.47779 36.6434883547085 -4.19846353691385 45.3808856062297 0.00394506185543869 -0.73757970578441 -0.052039050081922 0.673240337003445
1591949636.51079 36.6289067469432 -4.19802369794826 45.3794563285702 0.00383691153107437 -0.737776223677006 -0.0520895357060734 0.673021695160509
1591949636.54379 36.6144137244984 -4.19759804865612 45.378085312422 0.00362214847863175 -0.737989486839469 -0.052232839012672 0.672777918694938
1591949636.57679 36.5998088032434 -4.19718262127382 45.3766202864115 0.0033168546697924 -0.738165337490586 -0.0525520189727866 0.672561683642766
1591949636.60979 36.5853084177612 -4.19677836895291 45.3752118294916 0.00311615152752833 -0.73834553300968 -0.0528477607670385 0.672341637611579
1591949636.64279 36.5708447910908 -4.1964660339385 45.373621813084 0.00286511522516818 -0.738437521838032 -0.0532366123492599 0.672211038708848
1591949636.67579 36.5563768436644 -4.19608443137656 45.3721483834012 0.00265577469883238 -0.738589181160933 -0.0535490906411494 0.67202043363597
1591949636.70879 36.5419200709798 -4.19571178625791 45.3706606954031 0.00247036160798647 -0.738736923590351 -0.0537737051059084 0.671840787446679
1591949636.74179 36.5275097293211 -4.19534073963963 45.3692287815168 0.00222314327552448 -0.738891732716908 -0.0540653263905042 0.671647977320612
1591949636.77479 36.512865637729 -4.19492983087686 45.3676805006524 0.00200753182277461 -0.739026480533008 -0.0543727619350986 0.671475564444846
1591949636.80779 36.4984994953607 -4.1945235695264 45.3662344546183 0.00190191911877466 -0.739209592463783 -0.0544958354582096 0.671264303408802
1591949636.84079 36.4841926059132 -4.19413531363581 45.3647134049926 0.00190763408613193 -0.739388581042825 -0.0546179299439569 0.671057202393588
1591949636.87379 36.4698854852402 -4.19372105708053 45.3632370099931 0.00194229145916646 -0.739591348027436 -0.0547008371136405 0.670826865775302
1591949636.90679 36.4555015472318 -4.19327821216022 45.3617203033442 0.00200511357414136 -0.739764788647293 -0.0547790790653298 0.670629025239689
1591949636.93979 36.4413127383053 -4.19286777202568 45.360158495632 0.00198111586001896 -0.739935987722081 -0.0548749668760931 0.670432358455382
1591949636.97279 36.4270705274152 -4.19245231023831 45.3586565231223 0.00195572275877814 -0.74012663003926 -0.0548723498298088 0.670222180981333
1591949637.00579 36.4128554570108 -4.19202184785599 45.3572072215732 0.00192623684577996 -0.740333491952705 -0.0547383752528117 0.670004716833703
1591949637.03879 36.3988236682998 -4.19156465702829 45.3556510483617 0.00202538239998805 -0.740471397916651 -0.0545543176970022 0.669867026441897
1591949637.07179 36.3847184857322 -4.19112496065799 45.3541382175946 0.00209831869363194 -0.740651120597426 -0.0544199395461394 0.66967901624303
1591949637.10479 36.3706254684023 -4.19072348877211 45.3525981658025 0.002111208210252 -0.740827527635874 -0.0543700329975364 0.669487876371677
1591949637.13779 36.3565722032131 -4.19033834058771 45.3510623396068 0.00222830043845553 -0.741023331297727 -0.054262372550282 0.669279502207254
1591949637.17079 36.3423994449048 -4.18990159914469 45.3495365363588 0.00232479135977417 -0.741209259965125 -0.0541999952411977 0.669078312907346
1591949637.20379 36.3284257128578 -4.18949616555787 45.3479978994223 0.00245326866112829 -0.741415277905421 -0.0540838759046351 0.668858954883939
1591949637.23679 36.3144276617754 -4.18906306831407 45.3464745205126 0.00248765826970375 -0.741629680288961 -0.0540235849282804 0.668625965052452
1591949637.26979 36.3004019949114 -4.18864535169312 45.3449774378619 0.00240143390705788 -0.741859788707647 -0.0540250929610391 0.668370837443097
1591949637.30279 36.2865281845308 -4.18807552832603 45.3427574005554 0.00241815666176189 -0.74213749664374 -0.0538836647171874 0.668073827709458
1591949637.33579 36.2725496476219 -4.18763490054263 45.3412452429873 0.00244338636443178 -0.74239131277814 -0.0538384762944262 0.667795318226265
1591949637.36879 36.2584213854616 -4.1871756546334 45.339673723604 0.0017218500748127 -0.742605729828266 -0.0546638831222635 0.667492041256331
1591949637.40179 36.2444149305191 -4.1867094535631 45.3381209473313 0.00126285512291516 -0.74283267148493 -0.0545659726017168 0.66724851592606
1591949637.43479 36.2304191446908 -4.18637266567434 45.3371213822808 0.000574550799306441 -0.742901918327854 -0.0549046783443217 0.667144576484048
1591949637.46779 36.2164718871077 -4.18591780051504 45.3355366756183 -8.20313703479311e-05 -0.743109355326535 -0.0553455042499132 0.666877315895779
1591949637.50079 36.2025195371549 -4.18545840710076 45.3339640271897 -0.000727293035869864 -0.74332449856696 -0.0556821546484172 0.666609074742256
1591949637.53379 36.1885474655794 -4.18498614842573 45.332330929129 -0.00110045839663533 -0.743554695325506 -0.0561989707257885 0.666308396870454
1591949637.56679 36.1746435242391 -4.18445210754429 45.3305138467814 -0.00171647363390073 -0.743653114410847 -0.0575950555805695 0.666078004979885
1591949637.59979 36.1609064925201 -4.18401230281655 45.328755209964 -0.00129888189086645 -0.743947712967275 -0.0578675822520901 0.665726262213601
1591949637.63279 36.1471102239587 -4.18357545743522 45.3270841829947 -0.00114830024285517 -0.744194430026247 -0.0582289393996612 0.66541920797408
1591949637.66579 36.1332724382679 -4.18316675043831 45.3253861583362 -0.000992437611148215 -0.744440499473226 -0.058231388427713 0.665143941724964
1591949637.69879 36.1197713386236 -4.18290926713278 45.3236056359627 -0.000744888471139439 -0.744653024097377 -0.0583824014101327 0.664893084675561
1591949637.73179 36.1060700174644 -4.18250586365238 45.3219269724054 -0.000201414817430933 -0.744873574151692 -0.0579485581754381 0.664684348069024
1591949637.76479 36.0924386276604 -4.18207248270387 45.3202315803009 0.0003807102722836 -0.745155494313879 -0.0574055825069726 0.664415339565969
1591949637.79779 36.0788689525914 -4.18162539032438 45.3185889395705 0.00125969663872884 -0.745438695015966 -0.0566238547741533 0.664163612529162
1591949637.83079 36.0652624705777 -4.1811426518261 45.3165547862927 0.00232992575124595 -0.745757715097019 -0.0553782598248515 0.663907561455688
1591949637.86379 36.0518072313743 -4.18070234861823 45.3149014909976 0.00319350954153369 -0.74606815856239 -0.0542846447307799 0.663645448731916
1591949637.89679 36.0381862806716 -4.18021421517615 45.3132267334754 0.00371969002822912 -0.746324373060724 -0.0538720169729303 0.663388196962292
1591949637.92979 36.0247977553089 -4.17980379667833 45.3115507951404 0.00413464884002728 -0.746575575936836 -0.0533914808178651 0.663141888188061
1591949637.96279 36.0112502215686 -4.17934778776729 45.3099134336726 0.00469478010331898 -0.746795253328115 -0.0528411571785231 0.662934854080258
1591949637.99579 35.9980969012674 -4.1788102509313 45.3084716597098 0.00529145419392169 -0.746902504527523 -0.0525078466817216 0.662836009341584
1591949638.02879 35.984688511511 -4.17836952390408 45.3068132804348 0.00600688190970577 -0.746952069830716 -0.052130131829617 0.662803871519139
1591949638.06179 35.9709461846676 -4.17790346240579 45.3049583651363 0.00555303193346654 -0.746849921995718 -0.053110425288721 0.662845110547696
1591949638.09479 35.9572666931385 -4.17750056179218 45.3031554875253 0.0057768609452207 -0.746749762543888 -0.0534140455080786 0.662931640337619
1591949638.12779 35.9435851631254 -4.17712326128353 45.30131269293 0.00557898602287319 -0.746568068214548 -0.0542427446087349 0.663070674283418
1591949638.16079 35.9297900737458 -4.17668935823416 45.2995126188122 0.00505652572524591 -0.746408354547534 -0.055311786245887 0.663166348747825
1591949638.19379 35.9159711793419 -4.17628609115323 45.2977519890874 0.00449252448966244 -0.746229719073593 -0.0563219004416494 0.663286414097031
1591949638.22679 35.9022378628703 -4.17599640808031 45.2959952923986 0.00411020239913958 -0.746070715259431 -0.0570381605058946 0.663406543768317
1591949638.25979 35.8885773898758 -4.1757078778854 45.2942302023108 0.00387858355646761 -0.745907493484765 -0.0575815394757786 0.663544523046096
1591949638.29279 35.8749921773709 -4.17532336178348 45.2925574528624 0.00353308244296194 -0.74572355298806 -0.0580540909737306 0.663712002579831
1591949638.32579 35.861314667596 -4.17487837034998 45.2908752017563 0.0032239109910566 -0.745536934589137 -0.0583277110767247 0.663899211990725
1591949638.35879 35.8477357674727 -4.17443241023964 45.2892589116855 0.00308176925077565 -0.745366771793452 -0.0583623930539473 0.664087877679987
1591949638.39179 35.8341759016555 -4.17397756180681 45.2876435230795 0.00305831277532321 -0.745180565471452 -0.058233840118094 0.664308205151581
1591949638.42479 35.8206419754136 -4.17355150793412 45.2859974692265 0.00314869555376905 -0.745003900573727 -0.0580250454799006 0.664524166560779
1591949638.45779 35.8071258223338 -4.17308387946254 45.284412343109 0.0032182727543234 -0.744829886225656 -0.0578140762702569 0.664737253274233
1591949638.49079 35.7936486079759 -4.17264513088502 45.2827652280589 0.00335070193563788 -0.744621591992721 -0.0577405443319817 0.664976305649315
1591949638.52379 35.7801175352813 -4.17221295200211 45.2811554611079 0.00352554663652457 -0.744445976302285 -0.0575850561185001 0.665185478043591
1591949638.55679 35.7665677083888 -4.17177002588068 45.27963884764 0.00371197217348696 -0.744335885905316 -0.0573563248828831 0.665327409785634
1591949638.58979 35.7531055081198 -4.17128322480594 45.2780255786497 0.00389666503924562 -0.744173289953557 -0.0572662195052486 0.665515973230431
1591949638.62279 35.7395949787968 -4.17084205436964 45.2764476097411 0.00408347296170568 -0.744035111709584 -0.0571720343905698 0.665677426593032
1591949638.65579 35.7281201523099 -4.17123598442156 45.2731192803641 0.00434736579628885 -0.743905166461415 -0.0571463976086849 0.665823169439903
1591949638.68879 35.7146206831771 -4.17085734927005 45.271502334553 0.00442940418691496 -0.743734169979773 -0.0572461439509201 0.666005062883007
1591949638.72179 35.7010828773841 -4.17041631245025 45.2699111272421 0.00447897820743388 -0.743566546802378 -0.0573175262720095 0.666185732669698
1591949638.75479 35.6875814626462 -4.17006069706991 45.2683259601854 0.00438524489391572 -0.743369819147201 -0.0574080134161959 0.666398080432322
1591949638.78779 35.6715069370022 -4.16889889583542 45.2687283083495 0.0040594296318265 -0.743266647182886 -0.0573329496752351 0.666521676390283
1591949638.82079 35.6579092727458 -4.16851975424891 45.2671813538313 0.00389360771610729 -0.743071115991467 -0.0573783086896422 0.666736744217734
1591949638.85379 35.6443577863072 -4.16811116126061 45.2656301108347 0.00372904741898566 -0.742890181290366 -0.0574531429716507 0.666932837031132
1591949638.88679 35.6307578600323 -4.16767972181173 45.2640850038808 0.00359052720180016 -0.742745277533094 -0.0573901150513115 0.667100393877187
1591949638.91979 35.6171401358597 -4.16711285667547 45.2628008700828 0.00347238830353128 -0.742733594720076 -0.0572151895345329 0.667129051893403
1591949638.95279 35.6035712784381 -4.16667956588385 45.261293476071 0.00332717342187952 -0.742663711609849 -0.0570921897930094 0.667218122685186
1591949638.98579 35.5900438677633 -4.16626135124569 45.2598148584935 0.00315508738531995 -0.742617147325739 -0.0570361856089351 0.667275573846785
1591949639.01879 35.5764612363755 -4.16578813272348 45.2583111796634 0.0029674951541642 -0.742586555000088 -0.0570083688160302 0.667312856305457
1591949639.05179 35.5629313440662 -4.1652638917226 45.256948628041 0.00290571756025352 -0.742623625470438 -0.0569649935876833 0.66727557815655
1591949639.08479 35.5493468564792 -4.16484671617058 45.2554188752749 0.00276870266767128 -0.742587252662522 -0.0571840463463584 0.66729790297297
1591949639.11779 35.5357835198095 -4.16441446619687 45.2538846372315 0.00274271792530011 -0.742536995117725 -0.0574292060809051 0.667332881453356
1591949639.15079 35.5221467620512 -4.16401234177187 45.2523328950237 0.00269049707040927 -0.742487758951335 -0.0576109790708868 0.667372208084388
1591949639.18379 35.5085804764683 -4.16348205883748 45.2508244189728 0.00259310812880823 -0.74243360120127 -0.057739977608105 0.667421694720333
1591949639.21679 35.4950225416963 -4.16304217750459 45.2493107045941 0.00240473708929344 -0.742369708322705 -0.0578408345944561 0.667484734850027
1591949639.24979 35.4814449411827 -4.16261206756882 45.2478005026129 0.00220379268705193 -0.742331123760437 -0.0578067822101729 0.667531289098021
1591949639.28279 35.4679551940514 -4.16221226395213 45.2462563038597 0.00208757292543384 -0.742289074551519 -0.0577707286226323 0.667581541652509
1591949639.31579 35.4545785622337 -4.16189676927273 45.2442899614101 0.00223276963144652 -0.742253227703607 -0.0577322508638033 0.667624256534729
1591949639.34879 35.4410284901851 -4.16143975211811 45.2427445161966 0.0022467868716326 -0.74226816089484 -0.0578357357807084 0.66759864959214
1591949639.38179 35.4274821123879 -4.16097837532298 45.2412014802005 0.00219742459783989 -0.742298874214507 -0.0578723585372337 0.667561489888647
1591949639.41479 35.4139560384428 -4.16054025091783 45.2396487806731 0.00212372731794824 -0.742328788688019 -0.0578464274979606 0.667530710973646
1591949639.44779 35.4003370692006 -4.15975138648625 45.2386715324411 0.00197921380408754 -0.742451970232103 -0.0577455022791145 0.667402885502992
1591949639.48079 35.3868135013845 -4.15927339917776 45.2371111104435 0.00185717620016835 -0.742464715342604 -0.0580764973111368 0.667360335821554
1591949639.51379 35.3733158605729 -4.1587815866227 45.2355512679108 0.00192916644138935 -0.742479935686629 -0.0581864682342945 0.667333618465338
1591949639.54679 35.3598572501402 -4.15830664545851 45.2340203586539 0.00213102846284592 -0.742502332147376 -0.058118024497576 0.667314049531326
1591949639.57979 35.3464079854777 -4.15773296871126 45.2325812331371 0.00237372326704074 -0.742553340973795 -0.0580044295638614 0.667266354162622
1591949639.61279 35.3329539416022 -4.15720098126521 45.2310173463532 0.00236980904063301 -0.742561351517292 -0.0581805509563522 0.667242120019667
1591949639.6458 35.3195309056972 -4.1566584407308 45.2295738525347 0.00230533080084331 -0.742583149361893 -0.0581268586655637 0.667222766424636
1591949639.6788 35.3060422105064 -4.15614145345658 45.2280869115589 0.00197482405817829 -0.742587626359559 -0.0581117027346396 0.667220164003529
1591949639.7118 35.2926938267062 -4.15576132865736 45.2266468355472 0.00160573873382634 -0.74262402126591 -0.0581198624682122 0.667179935421206
1591949639.7448 35.2793024842151 -4.15527674516563 45.2251478508718 0.00147804746439027 -0.742645826674825 -0.0579933746245367 0.667166965607424
1591949639.7778 35.2658269886301 -4.15478491665944 45.2236893976785 0.00153732781461399 -0.742695293452677 -0.057800743343758 0.667128482209643
1591949639.8108 35.2523277967365 -4.15427895511798 45.2222246817215 0.00151839396670864 -0.742723862362412 -0.0576752103222555 0.667107584180772
1591949639.8438 35.2400290388101 -4.15413161716034 45.2190825474788 0.00143303419875383 -0.742749246067844 -0.0581162146046459 0.66704123521613
1591949639.8768 35.2266541995308 -4.15363639745745 45.2175410274162 0.00164389736867808 -0.742782573447448 -0.0584085401472593 0.666978102055902
1591949639.9098 35.2132428930434 -4.15312798015712 45.2159640307079 0.00177865922212493 -0.742750078106049 -0.0583951985351663 0.667015111247765
1591949639.9428 35.1998156854971 -4.15263914826064 45.2144453311768 0.00166582945198428 -0.742741502361936 -0.0583232181774257 0.667031249569913
1591949639.9758 35.1864091388772 -4.15219289218527 45.2129106689482 0.00163022659112933 -0.74273122689307 -0.0582226175682476 0.667051567543828
1591949640.0088 35.1719642761793 -4.1515297170573 45.2128464623256 0.00168800725443864 -0.742596227757581 -0.0583946513232186 0.6671866739141
1591949640.0418 35.1586676385112 -4.15114774695374 45.2112665833827 0.00166951176594765 -0.742568250276944 -0.0586296402912498 0.667197250961378
1591949640.0748 35.145316553999 -4.15068157222735 45.2097474576686 0.00200641448602991 -0.742590348975848 -0.0584455949610363 0.667187874843727
1591949640.1078 35.1320350546719 -4.15029295636408 45.2082465820969 0.00226923665891381 -0.742627160931641 -0.0579754079639728 0.667187082071443
1591949640.1408 35.1186551720393 -4.14982843585227 45.206798559537 0.00234797282284883 -0.742706433740023 -0.0574632277476149 0.667142876572646
1591949640.1738 35.1053562971581 -4.14944841622296 45.2053147683393 0.00229491837628147 -0.742779023550892 -0.0570083045440566 0.66710127322277
1591949640.2068 35.0919991888186 -4.14904505906322 45.2038360916769 0.00212787251584802 -0.742816216641297 -0.0568048377372108 0.667077769726225
1591949640.2398 35.0786953602566 -4.14868209505806 45.202329315719 0.00196973062335777 -0.742866933792443 -0.0566174569053558 0.667037706889691
1591949640.2728 35.0652273198744 -4.14797928805647 45.2009533539184 0.00218723670153357 -0.742921405906428 -0.0562268143590432 0.667009404722799
1591949640.3058 35.0518879088477 -4.14753700435808 45.1993436917291 0.00260688480397706 -0.742867641481237 -0.0559587511375658 0.667090315896466
1591949640.3388 35.0385555748087 -4.14714972786096 45.1977910764015 0.00273296553436199 -0.742826037236051 -0.0559489699916867 0.667136958997507
1591949640.3718 35.025190866166 -4.14667429737557 45.1962817045877 0.00266840308517202 -0.742777180437619 -0.0558977359940259 0.667195910476719
1591949640.4048 35.0117581333286 -4.1459619420218 45.1949268951162 0.00274325821942708 -0.742821678339561 -0.0555513185807387 0.667174999327073
1591949640.4378 34.9982822938008 -4.14549740193572 45.1933923257836 0.00264754450190711 -0.74283870641166 -0.0556113998293302 0.667151421323364
1591949640.4708 34.9848142549157 -4.14506117367523 45.1918037433484 0.00263231543595964 -0.742812235320417 -0.0558161429691999 0.667163857052953
1591949640.5038 34.9714313839273 -4.14465822166313 45.1902959231987 0.00264718631785598 -0.742856656664056 -0.0560127749475474 0.667097855713219
1591949640.5368 34.9586159365318 -4.14433608520317 45.188390876963 0.00218509228527813 -0.743115890746652 -0.0563003691016808 0.666786522607146
1591949640.5698 34.9451831439366 -4.14391322621533 45.1868765925926 0.00185855281010739 -0.743105449042531 -0.056497989944962 0.666782434169444
1591949640.6028 34.9317417193478 -4.14350306003426 45.1853095795226 0.0016986254617216 -0.743126749449846 -0.05640120337565 0.666767315621744
1591949640.6358 34.9184383603311 -4.14305947484796 45.1837792307481 0.00162660062947822 -0.743107336146373 -0.0562795237246974 0.666799412376132
1591949640.6688 34.904413198857 -4.14256936875015 45.1827534463159 0.00183617282329674 -0.742960568907721 -0.0561514816812661 0.666973187334151
1591949640.7018 34.8910093295815 -4.14212258758682 45.1811704614184 0.0018787627203138 -0.742930192236682 -0.0561442046446224 0.667007517197993
1591949640.7348 34.8776523124329 -4.14166285949509 45.1796362191692 0.00188569643221073 -0.742894538173535 -0.0561204088086123 0.667049210340624
1591949640.7678 34.864389118858 -4.14124374855621 45.1780757213621 0.0020586151808869 -0.742859150153265 -0.0559629616644158 0.667101335674613
1591949640.8008 34.850864757875 -4.14078385063706 45.1766606747706 0.00216856344986822 -0.742966232331685 -0.0556856521839432 0.667004934830526
1591949640.8338 34.8375840274276 -4.14032470657737 45.1751027680025 0.00232957530883916 -0.742948638997027 -0.0555732071288701 0.667033366137525
1591949640.8668 34.8242086371091 -4.13984008306293 45.1735198937341 0.00242693173009572 -0.742922085426763 -0.0556208765239196 0.667058620424201
1591949640.8998 34.8105850974674 -4.13934177500578 45.1720906473969 0.00237638262863794 -0.74297329215406 -0.0556900361125705 0.666995996861406
1591949640.9328 34.7971955998 -4.13887801557347 45.1705209660651 0.00237182913850464 -0.742981951031568 -0.0557618449439604 0.666980368164092
1591949640.9658 34.7838743919075 -4.13841080330905 45.1689905793448 0.00236080031746123 -0.742985394545833 -0.055833475090217 0.666970578940918
1591949640.9988 34.7706244579909 -4.13802798373491 45.1674773466962 0.0023116990033202 -0.742998193138897 -0.0559470880852635 0.666946972685859
1591949641.0318 34.7572677283259 -4.13757238221355 45.1658961901405 0.00213750133697613 -0.742961807934158 -0.0560947547024129 0.666975682865664
1591949641.0648 34.743857486945 -4.13712664935681 45.1643194556203 0.00192678953913993 -0.742932973934214 -0.0562853065803035 0.666992389751561
1591949641.0978 34.7319731587294 -4.13734037578485 45.1616373511387 0.00163357689892621 -0.742933691508325 -0.0566029530775561 0.666965491724444
1591949641.1308 34.7185523759743 -4.13687016759169 45.1600938057009 0.0014613625052988 -0.7428930480204 -0.0567172491518972 0.667001452225728
1591949641.1638 34.7051834289952 -4.13641556703844 45.1585539647832 0.00130611611075617 -0.742866392315107 -0.056940018190243 0.667012482310442
1591949641.1968 34.6901444190074 -4.13537503717084 45.1583073823445 0.0012036181272412 -0.742905581488476 -0.0571077264676901 0.666954688021881
1591949641.2298 34.6768746881742 -4.13495392277021 45.1567824179359 0.00114210019665905 -0.742897848713371 -0.0572962232091593 0.666947242883688
1591949641.2628 34.6636140245501 -4.13449141559593 45.155272491343 0.0011252902583071 -0.742912432102145 -0.0573669761354839 0.666924944801873
1591949641.2958 34.6504188441824 -4.13406861337783 45.1537281078608 0.00117893606937509 -0.74293017981321 -0.0573738107701467 0.666904493814645
1591949641.3288 34.6370113149928 -4.13356021452934 45.1522324231945 0.00125270543803697 -0.742975342886699 -0.0572530735300794 0.666864421125342
1591949641.3618 34.623810812353 -4.13308045908203 45.150706350667 0.00138246766496091 -0.743009701424294 -0.0571889221698249 0.666831387648775
1591949641.3948 34.6105595580063 -4.13259774736563 45.1491599527397 0.00150909747031849 -0.74304777110378 -0.0570639654749086 0.666799397365361
1591949641.4278 34.5972314487768 -4.13214309207429 45.1477064102157 0.00160584388201833 -0.743121773611933 -0.0568592550974523 0.666734186883382
1591949641.4608 34.5839996184718 -4.13166281761074 45.146181744569 0.00181203841937807 -0.743156390549494 -0.0565795804052448 0.666718866377261
1591949641.4938 34.5707576465235 -4.13117973579366 45.1445933170844 0.00203755424884392 -0.743186146968829 -0.0563630839705148 0.666703383890949
1591949641.5268 34.5575464982575 -4.13074670942834 45.1431426167487 0.00212568284465611 -0.743289767274889 -0.0561590730239873 0.666604801853371
1591949641.5598 34.5443734492967 -4.13024561623145 45.1415769500622 0.00235358326202533 -0.743324274837512 -0.0559788733457469 0.666580714409033
1591949641.5928 34.5311184923748 -4.12980734402998 45.140029338262 0.00258746171749291 -0.743385228518988 -0.0557758216144156 0.666528892685733
1591949641.6258 34.5178391877225 -4.12940763144543 45.1385924737566 0.00272996616627088 -0.743489865848789 -0.0555801956059627 0.666427946983981
1591949641.6588 34.5047168576733 -4.12899010704692 45.1370614139386 0.00286510502197239 -0.743541463360391 -0.055455217999568 0.666380223471346
1591949641.6918 34.4914364116799 -4.1285258687058 45.1355342457829 0.0029354403579525 -0.743584953656069 -0.055341836072623 0.666340814498345
1591949641.7248 34.4781861023172 -4.12812739957682 45.1341218183251 0.00295076380622729 -0.743672929787276 -0.0552249360159478 0.666252259235647
1591949641.7578 34.4648810202158 -4.12764854889521 45.1325722059412 0.00299120814681097 -0.743707515647995 -0.0551525352682286 0.666219469616429
1591949641.7908 34.4515887157893 -4.12715829067956 45.1309978893186 0.00310431792988392 -0.743730055491762 -0.0551784226373906 0.666191646182734
1591949641.8238 34.4382043608224 -4.12673783425259 45.1296483005606 0.00312993375638113 -0.743881974476838 -0.0552272722375077 0.666017837572183
1591949641.8568 34.424943170424 -4.12628461525526 45.1281024088444 0.00318930935635294 -0.743910519250475 -0.0552046017827671 0.665987552133164
1591949641.8898 34.4116419917142 -4.12587899764021 45.1265756656298 0.00324593786270599 -0.74394157702933 -0.0550829253822133 0.665962660504208
1591949641.9228 34.3982744970368 -4.12550120552772 45.1250943406679 0.00329015221244096 -0.744035115799634 -0.0550362029517405 0.66586180076657
1591949641.9558 34.3850152918158 -4.12504919016217 45.1235212136451 0.00338026691968828 -0.744048436253812 -0.0550278371061627 0.665847156220725
1591949641.9888 34.3716485724258 -4.1246387290648 45.1220110125298 0.00342565024656913 -0.744082928972453 -0.0550479514188512 0.66580671577925
1591949642.0218 34.3584753704952 -4.12524454282366 45.1196417707044 0.00351847474837744 -0.744013857072501 -0.0551542669893745 0.665874618567498
1591949642.0548 34.3450322130777 -4.12478777828209 45.1180769235734 0.00358204787092931 -0.744050935460856 -0.0551967137406968 0.665829330358091
1591949642.0878 34.3315753687747 -4.12431522149225 45.1165476022281 0.00354493829580185 -0.744100895725549 -0.0552646092105089 0.66576806273786
1591949642.1208 34.3181335983433 -4.12385792425087 45.1149056612556 0.00347421110013784 -0.744119473652755 -0.0553113025531644 0.665743793510575
1591949642.1538 34.3042515951271 -4.12230373343276 45.1142163391914 0.0032577449101971 -0.744456444441123 -0.0554324411208917 0.665357974251125
1591949642.1868 34.2906420754053 -4.12178474484328 45.1126250059937 0.00320650026387584 -0.744503732130588 -0.0554591314455407 0.665303085772936
1591949642.2198 34.2770007075859 -4.1213001256669 45.1110629166105 0.0031108510348014 -0.744536252543906 -0.0555107102651219 0.665262844520553
1591949642.2528 34.2633525194825 -4.1208107706186 45.1094747443674 0.0030038185043983 -0.744549494034495 -0.0555930763013562 0.665241638710868
1591949642.2858 34.2497350904436 -4.12031900172559 45.1079711676242 0.00287970245072556 -0.744545001717914 -0.055712713046621 0.665237206818479
1591949642.3188 34.2361310722956 -4.11985168660603 45.1063573207157 0.00287660671492578 -0.744559350777383 -0.0558285400923083 0.665211449401565
1591949642.3518 34.222331931266 -4.11934155215595 45.1047825961794 0.00292595950497561 -0.744587555437389 -0.0559869884235505 0.665166346244313
1591949642.3848 34.2084801060422 -4.11881158251202 45.1031883816686 0.00294603560130037 -0.744630034079295 -0.0561636730928379 0.66510380772179
1591949642.4178 34.1946852875652 -4.11845302801033 45.1015721730557 0.00292387687515156 -0.74462696914605 -0.0563290425561143 0.665093351890619
1591949642.4508 34.1808393315992 -4.11795068777966 45.0999746175552 0.00301302545897492 -0.744686487523044 -0.0563817488053523 0.665021845791419
1591949642.4838 34.1669120606523 -4.11744700480883 45.0983464867794 0.00307828017712162 -0.74474354995009 -0.0564505654059368 0.664951804768014
1591949642.5168 34.1529862026819 -4.11693989186628 45.0967505621837 0.00312858823740411 -0.744817459748124 -0.056461428150534 0.664867859594066
1591949642.5498 34.1392220795234 -4.11670392769414 45.0951656277128 0.00309377509507404 -0.744866487776216 -0.0564349750978232 0.664815340925052
1591949642.5828 34.1252529342409 -4.11619701992399 45.0935566537534 0.0031843907950059 -0.744947771424717 -0.0563158138982532 0.664733936706703
1591949642.6158 34.1112216220913 -4.11568330503464 45.0919420260209 0.00322543902735369 -0.745061988043079 -0.0561130499244437 0.664622867605796
1591949642.6488 34.0972552458707 -4.11518093130702 45.0903498122207 0.00323755016458844 -0.74521526265278 -0.0559346824663212 0.664465982481926
1591949642.6818 34.0832402320978 -4.11467533323732 45.0886978000957 0.00328954765928341 -0.745424305088465 -0.055821542579145 0.664240724168326
1591949642.7148 34.069210027788 -4.11415562208433 45.0870696864906 0.00313749347530005 -0.745724162328366 -0.0557351779479532 0.663912057273747
1591949642.7478 34.055119556405 -4.1136381120393 45.0853995712942 0.00302050498190235 -0.74608693285191 -0.0556318880508503 0.663513570478541
1591949642.7808 34.0410701453617 -4.11311150295401 45.0837290304483 0.0029086662857885 -0.746471174396548 -0.055690605547942 0.663076829567419
1591949642.8138 34.026863319795 -4.11258492780344 45.0819749238429 0.00286205106910295 -0.746909679249948 -0.0557835590629333 0.662575229120958
1591949642.8468 34.0126666817636 -4.11205342734445 45.0801833094345 0.00277752583961404 -0.747251978670697 -0.0559689894674708 0.662173872892105
1591949642.8798 33.9984718262772 -4.11155055926246 45.0784855310852 0.00269616353357506 -0.74757378572948 -0.0561912132397895 0.661792046754065
1591949642.9128 33.9843784320473 -4.11107859644222 45.0767078221642 0.00278823559245026 -0.747803650254277 -0.0564617233339517 0.661508881427015
1591949642.9458 33.9704323854278 -4.11065841407593 45.074831980381 0.00318420131908095 -0.748003308913749 -0.056908132689393 0.661243053006872
1591949642.9788 33.9562291665001 -4.11015219443284 45.0730404552506 0.00338939309115637 -0.748085755808659 -0.0572363042909369 0.661120427336637
1591949643.0118 33.941965422628 -4.10961572880234 45.071204684676 0.00352960428536494 -0.748091681056824 -0.0575626213047691 0.661084656648214
1591949643.0448 33.9277528368885 -4.10913689016835 45.0694125928266 0.00372898028359688 -0.748043913823936 -0.0578384974319945 0.661113534812155
1591949643.0778 33.9135132555023 -4.1087246960535 45.0676577203396 0.00417525499874486 -0.747985647147823 -0.0579999581424896 0.661162645467829
1591949643.1108 33.8993105222864 -4.10823235696908 45.0658015034664 0.00456974462234053 -0.747845010063517 -0.0581354329993561 0.661307212864916
1591949643.1438 33.8850271716055 -4.10773631214837 45.0639624470941 0.00493906239788305 -0.747685965777826 -0.0581382978042063 0.661484119665725
1591949643.1768 33.8707936321154 -4.10728201215269 45.0623958655443 0.00514841558150784 -0.747547422108608 -0.0580336899041928 0.661648272386379
1591949643.2098 33.8566005478286 -4.10681295988119 45.0606734856197 0.00512729259670145 -0.747370106402538 -0.0578589581052619 0.661864016164544
1591949643.2428 33.8424065493621 -4.10636350139483 45.0589514207582 0.0050964220178217 -0.747193544357088 -0.0575745066427482 0.662088370188264
1591949643.2758 33.8261884471799 -4.10652525278745 45.0546111324849 0.00494036308235237 -0.74700281646823 -0.0571704952823659 0.662339731157897
1591949643.3088 33.8119782596989 -4.10607532000123 45.0529201727379 0.00470483759092382 -0.746853136158574 -0.0569035395061625 0.66253320271894
1591949643.3418 33.797659991087 -4.10559434607686 45.0512564247896 0.00450938586112773 -0.746712026802624 -0.0567012512434228 0.662710934401193
1591949643.3748 33.7852336786462 -4.1044418277528 45.0524115173731 0.00442084171904889 -0.746694014880615 -0.0567371228813058 0.662728755364602
1591949643.4078 33.7709344958875 -4.10400866020919 45.0507344899061 0.00420409936580557 -0.746565979404109 -0.0565888014491184 0.662887072958478
1591949643.4408 33.7567733375364 -4.10357603609367 45.0491097182442 0.0039819743239807 -0.74646192633618 -0.0564335856484017 0.663018843489253
1591949643.4738 33.7424507901598 -4.10311910367019 45.0474511330507 0.00395280202506171 -0.746394620264415 -0.0563297023032981 0.663103619983267
1591949643.5068 33.7283370621168 -4.10274239798737 45.0457539014305 0.00400733667586072 -0.746269605626958 -0.056434541395184 0.66323507107787
1591949643.5398 33.7140876141887 -4.10229588744655 45.0441150605695 0.00387693603187577 -0.746173330413771 -0.0566828949134419 0.663322982995809
1591949643.5728 33.6998985976521 -4.10186249547947 45.0424095779261 0.00383805465176255 -0.746057846884125 -0.0568722037503277 0.663436892914236
1591949643.6058 33.6857164413923 -4.1014372924027 45.0407536027438 0.0037700041143656 -0.745949531951895 -0.0571234270496665 0.663537487209147
1591949643.6388 33.67147665334 -4.10091623374681 45.0389422992008 0.00397893163638904 -0.745784200102403 -0.0572251371904886 0.663713325656628
1591949643.6718 33.657417990989 -4.10051580029226 45.0372953642336 0.00424716433259661 -0.745689093462268 -0.0575375152488787 0.663791512318091
1591949643.7048 33.6432540630781 -4.10004091550155 45.0355809399914 0.00429750856478201 -0.745571252661022 -0.0578482379851512 0.663896543135769
1591949643.7378 33.6290785203721 -4.0995052950669 45.0338552634909 0.00426199502852154 -0.745418308691372 -0.0578419538971987 0.664069039208594
1591949643.7708 33.6150193927395 -4.09907219178792 45.032177346336 0.00403626619342737 -0.745298708649948 -0.057886476050569 0.664200797447868
1591949643.8038 33.6008880231941 -4.09862331287251 45.0304940742172 0.00387438704780905 -0.745190868981982 -0.0580069469412903 0.664312239852189
1591949643.8368 33.5869443102728 -4.09818136573922 45.028848273994 0.00375295444036296 -0.745048360593461 -0.0581301321927298 0.664461995482978
1591949643.86981 33.5728525360649 -4.09770712304654 45.0271687151159 0.00358656839170122 -0.74493510168207 -0.0583858556693879 0.664567470364634
1591949643.90281 33.5588947879554 -4.09724544735625 45.0254893957048 0.00335493395593337 -0.744805180291305 -0.0586115750250641 0.664694419340549
1591949643.93581 33.5448623260426 -4.09685431923518 45.0239206793504 0.00303548203229727 -0.74465000036735 -0.058622684026289 0.664868816925032
1591949643.96881 33.5309344095227 -4.09644204719737 45.0222691890804 0.00274486399903017 -0.744523119801375 -0.0586027809490885 0.665013912537089
1591949644.00181 33.5170500577537 -4.09603890907244 45.0206591380138 0.00253134039623904 -0.744401785971005 -0.0584944664152513 0.66516010911492
1591949644.03481 33.5030656659958 -4.09557030177745 45.0189846643725 0.00242083292498877 -0.744262879197481 -0.0584780951216057 0.6653173818619
1591949644.06781 33.4885250499004 -4.09559284386124 45.017739549355 0.00225007227585482 -0.744080397065421 -0.0583370160890609 0.665534441206121
1591949644.10081 33.4746161864235 -4.09514943228104 45.0161025078637 0.00232860178960251 -0.743940981225742 -0.0584186419750478 0.665682849663695
1591949644.13381 33.4608064962018 -4.09474712077353 45.0145187643951 0.0023792578362612 -0.743833718062064 -0.0583723558429972 0.665806583836067
1591949644.16681 33.4470166011567 -4.09434538331232 45.0129597848334 0.00242725200257104 -0.743753821426907 -0.0581286303611705 0.665916979730148
1591949644.19981 33.4335935473496 -4.09340338223194 45.0110147907076 0.00281056575880295 -0.74364950717121 -0.0578964819453874 0.666052181576248
1591949644.23281 33.4198917884695 -4.09301954564503 45.0094528797999 0.00297039502517951 -0.743618894209152 -0.0576634121659651 0.66610588334433
1591949644.26581 33.4060616876555 -4.0925925135146 45.0077993779026 0.00322770850706912 -0.743571409174391 -0.0575827564876656 0.666164669966433
1591949644.29881 33.3924083560105 -4.09221897657995 45.0061377981255 0.00339941849711428 -0.743510141302187 -0.0575132332570026 0.666238201948078
1591949644.33181 33.3787432272817 -4.0917993887703 45.0045505773549 0.00325312792859474 -0.743418382182078 -0.0572647448800624 0.666362720435562
1591949644.36481 33.3649615424878 -4.09135267880925 45.00289458921 0.00325234845815056 -0.743339362637001 -0.0571351214516376 0.666461995976238
1591949644.39781 33.3512877376272 -4.09090266032169 45.0012774111299 0.00320388800667392 -0.743281788909031 -0.0570260721835641 0.666535778836475
1591949644.43081 33.3374909561454 -4.09042340806576 44.9996884369521 0.00314378270712339 -0.743244587608014 -0.0569913559359744 0.666580516494641
1591949644.46381 33.3260063145264 -4.09069054930975 44.9968795502766 0.00304413802574401 -0.742752848897735 -0.0572688821209996 0.667105099529744
1591949644.49681 33.3124676699613 -4.09027916576344 44.995320117835 0.00304047034895401 -0.742721164833714 -0.0574375543685549 0.66712589081542
1591949644.52981 33.2987748908182 -4.08984867074435 44.993700204159 0.00299267358689777 -0.742696023370208 -0.0575343026532485 0.667145759780489
1591949644.56281 33.2850330659583 -4.08943950668312 44.9921540962887 0.00291688226292521 -0.742681942644112 -0.0576124192744996 0.667155029220024
1591949644.59581 33.2692071828273 -4.08813366061219 44.9913720429821 0.00291928913719506 -0.742988281371574 -0.0574024005111082 0.666831954776472
1591949644.62881 33.2555892952013 -4.08768645323776 44.989819887714 0.00278238543358885 -0.742938991795725 -0.0575296580102195 0.666876488751912
1591949644.66181 33.2418734077072 -4.08723979884726 44.9882237932764 0.00255895137227589 -0.742884822679334 -0.0576753322916608 0.666925144259546
1591949644.69481 33.228328132079 -4.08683182549441 44.9866857533543 0.00240080972803562 -0.742833043394555 -0.0577629652267459 0.666975820852635
1591949644.72781 33.2146307920453 -4.08634532574437 44.9849848920187 0.00242190827904471 -0.742732263087015 -0.0577304242960334 0.667090786805311
1591949644.76081 33.2011452348386 -4.08594199072419 44.9834317576006 0.00237604246469522 -0.74267164751733 -0.0577363178253563 0.667157924332815
1591949644.79381 33.1875384669247 -4.0855084160171 44.9818678432014 0.00241200476651132 -0.742638167767805 -0.0575936168611252 0.667207396020412
1591949644.82681 33.1740642109144 -4.08512342557684 44.9803231171839 0.00245432232540535 -0.742585544972215 -0.0576041676639922 0.66726489834846
1591949644.85981 33.1605061564541 -4.08452049712193 44.9786763827351 0.00261975758422722 -0.742522734974062 -0.0575272539963475 0.66734079746744
1591949644.89281 33.1470342253783 -4.08407996179202 44.9770661853462 0.00284096875551274 -0.742455718323479 -0.0575142962486288 0.667415568407212
1591949644.92581 33.1334918631713 -4.08364010909293 44.9754799624408 0.00299326914343258 -0.742401255868029 -0.0574949380309725 0.667477151463796
1591949644.95881 33.1200161108337 -4.08324392101931 44.9739912717023 0.00305768278776036 -0.742362100827235 -0.0574396388644637 0.667525167853965
1591949644.99181 33.1064974543844 -4.08275037605305 44.9724406676807 0.00303376865962294 -0.742327060609422 -0.0573414806115848 0.667572682137283
1591949645.02481 33.0930568527492 -4.08233125364181 44.970919176119 0.00293855495531567 -0.742252987833254 -0.0573246136155711 0.667656914606003
1591949645.05781 33.0795649965561 -4.08191292917066 44.9693989217972 0.00290714510588793 -0.74219319119117 -0.0573804529808417 0.6677187275137
1591949645.09081 33.0660270227802 -4.08145564384143 44.9678721088032 0.00298688589611924 -0.742139382928352 -0.0573918520522076 0.667777200971541
1591949645.12381 33.0487448479016 -4.08056007749201 44.9634151780494 0.00307943079618087 -0.741989443503348 -0.0574467456033281 0.667938660548369
1591949645.15681 33.0353413367298 -4.0801484957719 44.9618508260236 0.00300683393389226 -0.741884221737014 -0.0574752739131842 0.668053406080655
1591949645.18981 33.021915521979 -4.0797024285423 44.9603620738525 0.00289152489325663 -0.741797417311012 -0.0575127927229123 0.668147071704812
1591949645.22281 33.008478544266 -4.07929464092521 44.9588319487578 0.00279646991921847 -0.741695437640696 -0.0575322327288789 0.668259006475931
1591949645.25581 32.999243967109 -4.0792386104701 44.9600808833879 0.00267109757464839 -0.741621864947393 -0.0576077473858987 0.66833466325698
1591949645.28881 32.9858893682456 -4.07880314187208 44.9585281631562 0.00262023002105975 -0.741498239489129 -0.0576468223905224 0.668468652292263
1591949645.32181 32.9724871045042 -4.0784081618065 44.9570434103874 0.00250612046111568 -0.741380705141607 -0.0577131974163457 0.668593715381733
1591949645.35481 32.9591691112715 -4.0779885333473 44.9555404452589 0.00245369100903283 -0.741274226234718 -0.0578136104617203 0.668703287987978
1591949645.38781 32.9458817017446 -4.07745290253726 44.9540951051162 0.00236813267675376 -0.741170598073491 -0.0579879039255857 0.668803363850187
1591949645.42081 32.9325996347314 -4.07700247281253 44.9525841091323 0.00237097066453453 -0.741066568768387 -0.0581860157240639 0.668901417793471
1591949645.45381 32.9193278800667 -4.07654634102932 44.9510758578892 0.00236232858080316 -0.740965974860868 -0.0582224504305876 0.669009708276358
1591949645.48681 32.9060776632635 -4.0761037505828 44.9495716253735 0.00234027072544944 -0.740856957458951 -0.0582057369376001 0.669131962997695
1591949645.51981 32.8927276852004 -4.07561286152341 44.9480058743721 0.002374625920048 -0.740714518244273 -0.0581629147011759 0.669293238399552
1591949645.55281 32.8795057611212 -4.07514448688407 44.946485940657 0.00242110637162601 -0.740597481928699 -0.058075202628457 0.669430189672136
1591949645.58581 32.8662445790652 -4.07468730316143 44.9450111608093 0.00242479774430146 -0.740492584482971 -0.0580260967194382 0.669550464700858
1591949645.61881 32.8531518549909 -4.07423136246716 44.9435750278439 0.00256089519620513 -0.740404979775373 -0.0578803978792547 0.66965944126919
1591949645.65181 32.8398945543957 -4.07374669386539 44.9420781807124 0.00269547333723302 -0.740278584077527 -0.0577310735336529 0.66981152239142
1591949645.68481 32.8267184344219 -4.07324488280463 44.9405693554432 0.00282809581219903 -0.740186414386366 -0.0575213035870212 0.66993087215442
1591949645.71781 32.8135864736562 -4.07278263791279 44.9391422183816 0.00296491153756705 -0.740119120468512 -0.0573143263022096 0.670022361430583
1591949645.75081 32.8004810883779 -4.07238272012069 44.9377091288414 0.00295450011331516 -0.740036944697848 -0.0571988600602802 0.670123034837006
1591949645.78381 32.7874018791918 -4.07200410393188 44.9362748962512 0.00295215075606336 -0.739957205504964 -0.0570303694817694 0.670225451459411
1591949645.81681 32.7742029115788 -4.07156786864845 44.9348002599713 0.00314794342839452 -0.739872896887184 -0.056898842175178 0.670328806380169
1591949645.84981 32.7610779051774 -4.07117427018409 44.933392609346 0.00333565927911846 -0.739790950023317 -0.056800159519906 0.670426704061887
1591949645.88281 32.7480468176341 -4.0707506931726 44.9320135842703 0.00340769940065514 -0.739695838188949 -0.0567840747002918 0.670532641570248
1591949645.91581 32.7350807072242 -4.07032818532804 44.9305769655268 0.00354585306104407 -0.739528477338032 -0.056700090843538 0.670723607628728
1591949645.94881 32.7220129781185 -4.06991786604163 44.9291541264947 0.00359396094280361 -0.739419486727083 -0.0566840829664877 0.670844856007145
1591949645.98181 32.7090113119948 -4.06944834314221 44.9277092026527 0.00359157083478089 -0.739320847305035 -0.0566507414472225 0.670956391170532
1591949646.01481 32.6960001830595 -4.06900071042869 44.9263152980933 0.00357749790583294 -0.739275527687696 -0.056609243279401 0.671009902494849
1591949646.04781 32.6794976914139 -4.06799101136966 44.9212077273468 0.00353036575603171 -0.739384155655561 -0.0565723865211815 0.670893562322996
1591949646.08081 32.6665786611271 -4.06748704570638 44.9197805646204 0.00347181433732606 -0.739359218620616 -0.0565831848080251 0.670920439055855
1591949646.11381 32.6535161927803 -4.06708492802822 44.9183128739728 0.00333739311786247 -0.739344426945041 -0.0565194529474482 0.670942793083738
1591949646.14681 32.6405584540212 -4.06668378122845 44.9169206384122 0.00328579572869111 -0.739357304725689 -0.056431264241076 0.670936280067898
1591949646.17981 32.6316121324541 -4.0667367918301 44.9193513374754 0.00311474249664255 -0.739145933553759 -0.0565275408027455 0.671161846666597
1591949646.21281 32.6187136232116 -4.06632535618251 44.9179484269711 0.00296722879197116 -0.739136852715819 -0.0563650440302997 0.671186181563739
1591949646.24581 32.6058896099689 -4.06597252443363 44.9165709385124 0.00282406569254884 -0.739116493299605 -0.056280160088928 0.6712163418495
1591949646.27881 32.5930790031374 -4.06560172642803 44.9151914192809 0.00278770814575211 -0.739089929338189 -0.0562836515826884 0.671245451082303
1591949646.31181 32.5801707465072 -4.06511430879568 44.9136827839784 0.00289683916982817 -0.739052870080573 -0.0562668223835763 0.671287202505267
1591949646.34481 32.5673689250607 -4.0647336094342 44.912285710238 0.00296471113616591 -0.739038752283448 -0.0563999865906002 0.671291274056042
1591949646.37781 32.554621148513 -4.06434909237658 44.9108601053139 0.00307395533408649 -0.739027129140251 -0.0564720359903208 0.671297521479434
1591949646.41081 32.5417541952315 -4.06391605741509 44.9095001149565 0.00323908442537724 -0.739046739378488 -0.0564635020745188 0.67127587345263
1591949646.44381 32.5286254511275 -4.06344635375097 44.9081599515037 0.0034196109806148 -0.739153282631329 -0.0564017353065846 0.671162853032315
1591949646.47681 32.515841232289 -4.06299870700611 44.9067781882707 0.00357025653476421 -0.739193507361862 -0.0564628958434114 0.671112623436127
1591949646.50981 32.5030656416993 -4.06256325317734 44.9054284621316 0.00365447514192953 -0.739234855428219 -0.0565733080461045 0.671057325530523
1591949646.54281 32.4902320319417 -4.0621038315074 44.9040756541601 0.00365866489858442 -0.739272998905929 -0.0565309247363655 0.671018853541572
1591949646.57581 32.4774298903255 -4.06168424851816 44.9027404265334 0.00353128880490178 -0.739304100632604 -0.0565267306250187 0.670985622433178
1591949646.60881 32.4640319576314 -4.06135193677115 44.9015667913537 0.00328192355711217 -0.739490331558022 -0.0564750274041302 0.670785994032132
1591949646.64181 32.4512523757869 -4.06098815833972 44.9001788253795 0.00308368439466296 -0.739515374074748 -0.0566017091217082 0.670748648095649
1591949646.67481 32.43850221481 -4.06057428030495 44.8988198534574 0.00282903933929311 -0.739536806811741 -0.0566416302461404 0.670722769577841
1591949646.70781 32.4256415801733 -4.06015669629575 44.8974745634964 0.00266242515666742 -0.739591544796286 -0.056688278355816 0.67065915147352
1591949646.74081 32.412710578718 -4.05975748025294 44.8962612942864 0.0025397725960568 -0.739789558128237 -0.056674839940009 0.670442332909671
1591949646.77381 32.3998908965598 -4.05933336138214 44.8949625679154 0.00249494716916942 -0.739884215015593 -0.0567146449661617 0.670334672127099
1591949646.80681 32.3870733035599 -4.05890228830472 44.8936732836562 0.00244179937003041 -0.739982903587776 -0.0568249206587131 0.67021658320708
1591949646.83981 32.3744105873358 -4.05851270454696 44.8923028842394 0.00235848117739623 -0.740076830042104 -0.0569221580118253 0.670104910539121
1591949646.87281 32.3614023964106 -4.05808483116926 44.8911295872918 0.00230876977581297 -0.740326287531227 -0.0569436736944857 0.669827646188577
1591949646.90581 32.3486463657429 -4.05765450549769 44.8897993991799 0.00233115658814105 -0.740445777299867 -0.0569712477119194 0.669693133847066
1591949646.93881 32.3358332858269 -4.05721571562441 44.8885281133547 0.00232897308180291 -0.740571918638795 -0.0570135053203009 0.669550049973211
1591949646.97181 32.3230065401957 -4.05674043319425 44.8872496056611 0.00229827187517931 -0.740707115984715 -0.0570560920197912 0.669396958940973
1591949647.00481 32.3107535235839 -4.05643398679743 44.8858403874537 0.00229272778121583 -0.74086166537324 -0.0571091624878171 0.669221398148364
1591949647.03781 32.2980993927548 -4.05601616934253 44.884504122245 0.0022256644113774 -0.74098405221763 -0.0570801976085491 0.669088582938042
1591949647.07081 32.2853576797388 -4.05556689111839 44.8832607330784 0.00212769191221966 -0.74112880032506 -0.0570293480877403 0.668932902249958
1591949647.10381 32.2727364428905 -4.0551500848815 44.8819017974816 0.00217709353137004 -0.741248029485904 -0.0570134363907625 0.668801979002707
1591949647.13681 32.2600779850334 -4.05478822081607 44.880640810456 0.00223227760662703 -0.741495715704828 -0.0569265516449127 0.668534582685062
1591949647.16981 32.2475251525769 -4.05435643466453 44.8793158474486 0.00226586123336087 -0.741630440272956 -0.0568401521462959 0.6683923645864
1591949647.20281 32.2349300276277 -4.05396243715621 44.8780495547317 0.00226088510733965 -0.741772575774745 -0.0567656911348349 0.668240967418951
1591949647.23581 32.2224146574087 -4.05353782053058 44.8767332656619 0.00231544477734229 -0.741898099911917 -0.0567725226428236 0.66810083725089
1591949647.26881 32.2096709952354 -4.05313089466135 44.8754259187857 0.00252229407517952 -0.742073092534649 -0.0567014563614556 0.667911751816922
1591949647.30181 32.1971854660176 -4.05268757386393 44.8740853479262 0.00274082727993649 -0.742223811049454 -0.0565300371751496 0.667757932992205
1591949647.33481 32.184576927247 -4.05228857938978 44.8728055918728 0.00269808935914079 -0.742364385631689 -0.0564521865695113 0.667608410590382
1591949647.36781 32.1721142952445 -4.05189274749802 44.8714669944755 0.00258854499062574 -0.742487516501687 -0.0564544562469612 0.667471708496958
1591949647.40081 32.1595106502958 -4.05143187934056 44.8701389442567 0.00261146158083931 -0.742637876418697 -0.0563715301298403 0.667311333162835
1591949647.43381 32.1470518881905 -4.05102140690162 44.8687691078727 0.00265024431570864 -0.742748121103027 -0.0562527586895193 0.667198495159281
1591949647.46681 32.1345260514893 -4.05058359911002 44.8674888712556 0.00269067657815436 -0.742878008318313 -0.0561544597970213 0.667061992367631
1591949647.49981 32.1220763177329 -4.0501258360495 44.8661008227771 0.00271155898003782 -0.742955988272362 -0.0561351772208577 0.666976677865515
1591949647.53281 32.1056289173528 -4.0497744927877 44.8646792318556 0.00219328729549113 -0.743938324635331 -0.0560016849067778 0.665893962967992
1591949647.56581 32.0931427960222 -4.04931642873717 44.8632471934841 0.00211947471421425 -0.74398573497396 -0.0562526050991947 0.6658200796024
1591949647.59881 32.0805786459012 -4.04883926673887 44.8619104245775 0.0021630830963895 -0.744043820002391 -0.0565275254013637 0.665731743166695
1591949647.63181 32.0680865103127 -4.0483655895759 44.8604684261559 0.00215861665068 -0.744070403687652 -0.0568922164150746 0.665670977617044
1591949647.66481 32.0598248866934 -4.04788205507455 44.8594481004573 0.00255217002737043 -0.743273300115237 -0.0572137365064867 0.666531976816508
1591949647.69781 32.0474333466578 -4.04747274279801 44.8580826595509 0.00240179058809374 -0.74328551161982 -0.0573970091143275 0.666503160504707
1591949647.73081 32.0350036265906 -4.04702634060538 44.8567144442453 0.00226025098797123 -0.7432807419407 -0.0574983676310287 0.666500238293522
1591949647.76381 32.0227051970976 -4.04660529341468 44.8553484763708 0.0021850275661803 -0.743275913516082 -0.0575149774235196 0.66650444065538
1591949647.79681 32.0101789179943 -4.04627749380474 44.8540843581538 0.00209187566703812 -0.743341712893999 -0.0573431683652769 0.666446159093022
1591949647.82981 31.9978265708003 -4.04587703547947 44.8527795388032 0.00203784319608493 -0.743376342293712 -0.057278867196572 0.666413229374843
1591949647.86281 31.9855283369072 -4.04551243366604 44.8514587329621 0.00195224096465622 -0.743413818629832 -0.0572030031534864 0.666378195513366
1591949647.89581 31.9732935949461 -4.04514658854923 44.8501420014928 0.00193263097748732 -0.743463036421134 -0.0570746193987219 0.666334350182747
1591949647.92881 31.9609795999478 -4.04478276220497 44.8487872390545 0.00188802304439613 -0.743524076753106 -0.0568731084086756 0.666283597424821
1591949647.96181 31.9487774914092 -4.04442327648668 44.8474518105654 0.00187419361376577 -0.743559270504835 -0.0566898698056481 0.666259977265658
1591949647.99481 31.9365828530445 -4.04406005435285 44.8461098746608 0.00178434155359498 -0.743563943472319 -0.0566207790282133 0.666260883945135
1591949648.02781 31.9245380326999 -4.04370429102845 44.8447548991062 0.00164552653239492 -0.74358717096435 -0.0566904233033048 0.666229395422746
1591949648.06082 31.9125276910771 -4.04329959851661 44.8433703209527 0.00165615090037889 -0.74356434053778 -0.0568557752359979 0.666240759385919
1591949648.09382 31.9005624865295 -4.04285509461726 44.8419830077116 0.00177122359124771 -0.743543414985424 -0.0569904449940846 0.666252311049035
1591949648.12682 31.888669608673 -4.04241296947684 44.8406801910045 0.0017985767843553 -0.74353894318628 -0.0572038930980868 0.666238935894176
1591949648.15982 31.8767757169094 -4.04197231343495 44.8396387901173 0.0017102784853539 -0.743684280529615 -0.0573551033331125 0.666063929335841
1591949648.19282 31.865055014439 -4.04158302775958 44.8383362391599 0.00138706834407187 -0.743673660963398 -0.0578250924792538 0.666035900466688
1591949648.22582 31.8534262963802 -4.04127214642511 44.8370287366306 0.000865486535802666 -0.743649501601941 -0.0585062679674262 0.666004268986893
1591949648.25882 31.8419195276908 -4.04094345360949 44.8357281329197 0.000363358478422686 -0.743642686781171 -0.0591548716233936 0.665955046178582
1591949648.29182 31.8307070163056 -4.04068179754771 44.8346738618827 -0.000176926253670871 -0.743788543701972 -0.05980628846486 0.66573401506522
1591949648.32482 31.8195087446535 -4.04036589250103 44.8334094314298 -0.000594235606361468 -0.743810809202189 -0.0603919162062436 0.665656024876938
1591949648.35782 31.8084528112867 -4.04001756391116 44.8321914321052 -0.000975235158591239 -0.743826563506384 -0.0608202930271619 0.665598966566776
1591949648.39082 31.7974903294534 -4.03967462310581 44.8310785613695 -0.00140021163825182 -0.743874767542003 -0.0611746253426584 0.665511859275163
1591949648.42382 31.7866119551073 -4.03933120349978 44.8301133790943 -0.00165570770551783 -0.744041758949937 -0.0613895384838058 0.665304775373981
1591949648.45682 31.7760426446206 -4.03899955096857 44.8289660161897 -0.00181146341021636 -0.744088715747822 -0.0613826695648838 0.665252485582849
1591949648.48982 31.765651040763 -4.0386638656298 44.8278639391637 -0.00193345503130044 -0.744141505811073 -0.061329464717183 0.665197998973519
1591949648.52282 31.7554097550844 -4.0383169960212 44.8267876816074 -0.00186589620938414 -0.744203049751655 -0.0611538056861002 0.665145511314463
1591949648.55582 31.745330371977 -4.03800710829141 44.825938202808 -0.00180399763897493 -0.744791130687771 -0.0609151956069616 0.664509033938228
1591949648.58882 31.7354128828232 -4.03771313290639 44.8248353591421 -0.00175155773588896 -0.74485869966078 -0.0607789959614475 0.664445906929276
1591949648.62182 31.7255414586247 -4.03738219563366 44.8238097427524 -0.00159966201023771 -0.744935835964815 -0.0604867374811387 0.664386480872197
1591949648.65482 31.7158232858115 -4.03702767650198 44.822734007156 -0.00144407476475781 -0.745007703634361 -0.0601550380737361 0.664336366284338
1591949648.68782 31.706164829093 -4.03666700236082 44.8216816494773 -0.00128921036232899 -0.745065117788326 -0.0597894305807344 0.66430530043237
1591949648.72082 31.6966439571361 -4.03636429449242 44.8211087920323 -0.00114477928931615 -0.745350206131278 -0.0594665395257701 0.664014676326714
1591949648.75382 31.687174200878 -4.03602285314416 44.8200840640836 -0.000950855346789668 -0.745415707284788 -0.0592352219857909 0.663962128199736
1591949648.78682 31.6778394565429 -4.03569342811688 44.8190443493027 -0.000736043965990617 -0.745487536576489 -0.0589763274386964 0.66390480029161
1591949648.81982 31.6685671420372 -4.03532884173037 44.8179694734765 -0.000420235393303386 -0.745548621610363 -0.0587642924802263 0.66385528102622
1591949648.85282 31.6593678255999 -4.03499124782669 44.8169500997528 -0.000115834302883625 -0.745626880959028 -0.0586283501248117 0.663779524793714
1591949648.88582 31.6501166142477 -4.03478091661666 44.8161450555023 2.1475323514532e-05 -0.745833754170116 -0.0584570068157735 0.663562196808605
1591949648.91882 31.641036479491 -4.03446245743644 44.8151190498553 0.00022296349035979 -0.745903609906916 -0.0583539114469363 0.663492709857431
1591949648.95182 31.6320058268717 -4.03414136508006 44.8140882953371 0.000372813737281931 -0.745977690750223 -0.058195462246343 0.663423269177994
1591949648.98482 31.6230377806395 -4.03383792580918 44.813090579721 0.000476827208664836 -0.746050989515056 -0.0579920697564287 0.663358585928293
1591949649.01782 31.6138647637721 -4.03349854338182 44.8120604611558 0.000471191998077254 -0.746318945808212 -0.0577281293407735 0.663080140095173
1591949649.05082 31.6050065945383 -4.03320578845748 44.8110430389893 0.000579846955349154 -0.746379534713173 -0.0575759125724016 0.663025088688438
1591949649.08382 31.5960772893002 -4.0329048694244 44.8100677389888 0.000582410662582293 -0.746456610337381 -0.0574261968568081 0.662951296549008
1591949649.11682 31.5872158473411 -4.03258811459492 44.8091155478935 0.000524253534664404 -0.746523945856462 -0.057219900733894 0.662893359735285
1591949649.14982 31.5783431187805 -4.03228699262448 44.8081682430695 0.000464711482819432 -0.746589253423085 -0.0569401301641444 0.662843942639056
1591949649.18282 31.5696446039211 -4.03202044872172 44.8073082906017 0.000380767623755912 -0.746596074235804 -0.0566845126439023 0.662858222380944
1591949649.21582 31.560851932116 -4.03172062071264 44.8063474466224 0.000358039110219661 -0.746641832749605 -0.0564695355551911 0.662825042488957
1591949649.24882 31.5520407237443 -4.03143698543432 44.8054287861206 0.000313289283739987 -0.74669956960799 -0.0562899983175739 0.662775294263806
1591949649.28182 31.5433730609858 -4.03114318404452 44.8044447736842 0.00025234057951615 -0.746737491251579 -0.0561321024017298 0.662745986455967
1591949649.31482 31.5346107272481 -4.03084325148057 44.8035274213034 0.000168410693150366 -0.746803574774343 -0.0559376657374371 0.662687988342891
1591949649.34782 31.5259619632539 -4.0306404933078 44.8026759853966 7.42324589663068e-05 -0.746848155838577 -0.0558552761370541 0.662644712298915
1591949649.38082 31.5173200953143 -4.03035070209188 44.801730360319 9.41139269197565e-05 -0.746915707881554 -0.0557485643746647 0.662577553221152
1591949649.41382 31.508659049973 -4.03005349900535 44.8008019789037 0.000188916506043751 -0.746989803117513 -0.0556143749899668 0.662505275181631
1591949649.44682 31.5000527897746 -4.02973920305329 44.7998307114552 0.00031525765307608 -0.747045260243689 -0.0554949127873428 0.662452711078139
1591949649.47982 31.4914727095203 -4.02945047741244 44.7988640403435 0.000478996996903803 -0.747103822231282 -0.0553398641858995 0.662399538648067
1591949649.51282 31.4831014973257 -4.02922924647028 44.7977590947597 0.000605282976795267 -0.747073291066967 -0.0552573810217598 0.662440754520361
1591949649.54582 31.4745533346117 -4.02893980353745 44.7968218508696 0.000757855391126574 -0.747139653956627 -0.0551688358897563 0.662373129502811
1591949649.57882 31.4660352424904 -4.02866486077808 44.7958661851082 0.000858213020514481 -0.747187976821839 -0.0551236783855148 0.662322256038969
1591949649.61182 31.4574122437112 -4.0283663881261 44.7949324565508 0.000947768205024374 -0.747242476026415 -0.055082071450445 0.662264108314855
1591949649.64482 31.4488533815853 -4.02807731003009 44.7939522984998 0.00102821718757143 -0.747281981577229 -0.0550886015026551 0.662218867719659
1591949649.67782 31.4400491160363 -4.0277140508323 44.7927660394247 0.00110337282301606 -0.747174340399074 -0.0550629107406687 0.66234233103312
1591949649.71082 31.4314571928705 -4.02741128866413 44.7918103754578 0.00109317948037282 -0.74721011364282 -0.0549745373343979 0.662309332014412
1591949649.74382 31.4228987292664 -4.02713940987144 44.7908628605263 0.00105927041108098 -0.747233259172067 -0.0548489490915765 0.662293686454005
1591949649.77682 31.4143570002341 -4.02688393761203 44.7899206310466 0.000960276498268443 -0.747241933821258 -0.0547631455204836 0.662291150552999
1591949649.80982 31.4057971574247 -4.02661303053196 44.7889250113337 0.000838546364565554 -0.747130383579518 -0.0546521077919723 0.662426323364502
1591949649.84282 31.3971822618056 -4.02632607336859 44.7879917303394 0.000763295173573131 -0.747130418706315 -0.054446369040284 0.662443316610964
1591949649.87582 31.3886132599349 -4.02605504120017 44.7870445165615 0.00073142120293875 -0.7471229781251 -0.0542735131059108 0.662465928448889
1591949649.90882 31.3799686831141 -4.02578103385938 44.7860770426181 0.000733392824675085 -0.747103763809119 -0.0540803442898017 0.662503392141285
1591949649.94182 31.3713425359797 -4.0255190594369 44.785090525653 0.000754899918868826 -0.747085609116133 -0.0539153702114864 0.662537286220668
1591949649.97482 31.3628382044741 -4.02525124282214 44.7840919382828 0.000837747841214543 -0.747015735321107 -0.0537894938841395 0.662626199081283
1591949650.00782 31.3541358814963 -4.02491762377591 44.7831146042887 0.000932929961898253 -0.747027582979619 -0.0536091791823431 0.662627328003238
1591949650.04082 31.3453996583638 -4.02462434708485 44.7821398252201 0.000983055395621564 -0.747043138592605 -0.0534497367363053 0.662622598714093
1591949650.07382 31.3366301071541 -4.0243098864812 44.7811530449724 0.00107593100156442 -0.747051526210646 -0.0533439575621596 0.66262152225115
1591949650.10682 31.3278999193211 -4.02402532867324 44.7801269224522 0.00113313518595598 -0.747052882658533 -0.0533130839173118 0.662622382356235
1591949650.13982 31.3198157548956 -4.02381790003794 44.7776878709794 0.00120719955449288 -0.745913012757275 -0.053559020815635 0.66388534503924
1591949650.17282 31.31098072357 -4.02349983350557 44.7766941111911 0.00115965014387681 -0.74587946878417 -0.053632501789229 0.663917184601828
1591949650.20582 31.3020871399788 -4.02319142912417 44.7756807363038 0.00109472626311295 -0.745831453415618 -0.0537065246024604 0.663965250510508
1591949650.23882 31.29321298124 -4.02291573579136 44.7746856561938 0.000991365728686545 -0.745776859216988 -0.0537347564352549 0.664024449400231
1591949650.27182 31.2837693693752 -4.02257831740337 44.7748221569263 0.000934243283901114 -0.746615901399618 -0.0537025545187154 0.663083598503904
1591949650.30482 31.2748546381981 -4.02230410710137 44.7737814087836 0.00088432251393863 -0.746554014698089 -0.0538135285538283 0.663144347224979
1591949650.33782 31.2658762342837 -4.02200982062291 44.772759835057 0.000889226369033241 -0.746505360636696 -0.0539297563678286 0.663189669095687
1591949650.37082 31.256922766715 -4.02171640927656 44.7717224661846 0.000891968366079053 -0.746464548842352 -0.0539497653353869 0.663233974200866
1591949650.40382 31.2477193556949 -4.0214054165955 44.7705394555826 0.000878201819229821 -0.746320594669778 -0.0539299573322555 0.663397586998517
1591949650.43682 31.2386164507443 -4.0211077869031 44.7695017451104 0.000817000396749152 -0.746281942213384 -0.053883828645975 0.663444894657441
1591949650.46982 31.2296240803872 -4.02080361457313 44.7684389143251 0.000754370736207717 -0.746235777923437 -0.0539012573033098 0.663495477854158
1591949650.50282 31.2205615119513 -4.02048902984682 44.7674076916215 0.000769358689978214 -0.746204052445593 -0.0539785436752463 0.663524857879251
1591949650.53582 31.2114770715577 -4.02017956339551 44.7663168558078 0.000887700539257541 -0.746167720052239 -0.0541066101250545 0.663555137332665
1591949650.56882 31.2024375059733 -4.01977338104016 44.7651451125953 0.000948403760605544 -0.746008628720847 -0.0541920845565597 0.663726935098888
1591949650.60182 31.1932577278549 -4.01946449155974 44.7640548962234 0.00101840065319344 -0.745959702681587 -0.0542133709066748 0.663780080486183
1591949650.63482 31.1841256652654 -4.01919345904566 44.7629618378285 0.00094310426360522 -0.745898141244673 -0.0542188590311564 0.663848920137293
1591949650.66782 31.1750001197298 -4.01891697108517 44.7618512749501 0.000873627455135319 -0.745834232374005 -0.0541704462261448 0.663924767838804
1591949650.70082 31.1656778968173 -4.01860868171835 44.7608447969108 0.000811756581756021 -0.745789530428397 -0.0540916979273866 0.663981479839593
1591949650.73382 31.1567546473815 -4.01831099095141 44.7596854692439 0.00077786295518605 -0.745579774094337 -0.0540768236093747 0.664218256704061
1591949650.76682 31.1474999247259 -4.01799141937095 44.7586180577331 0.000716730821409323 -0.745513634333791 -0.0540343948225205 0.664296011952138
1591949650.79982 31.1382754986528 -4.01770148891329 44.7575815317764 0.000579138646450501 -0.745463917428831 -0.0540419660978371 0.664351321448501
1591949650.83282 31.1290350221448 -4.0174141855531 44.7565011223901 0.00043758816974298 -0.745401906181743 -0.0540409250402533 0.664421090271833
1591949650.86582 31.1197412574592 -4.01712441136079 44.7554944363195 0.000285095002450521 -0.745375354746518 -0.0539448052333218 0.664458770162364
1591949650.89882 31.1106443133226 -4.01684766920812 44.7543057298383 0.000118167256757518 -0.745178702581384 -0.0539452948378298 0.664679315475128
1591949650.93182 31.1014683837545 -4.01656534398067 44.7532206084936 -5.01851018319068e-05 -0.745122968045226 -0.0539325080582739 0.664742840914796
1591949650.96482 31.0921847918398 -4.01623674661928 44.7521622217832 -0.000162961152713189 -0.745074861306727 -0.0539311656737694 0.66479685157309
1591949650.99782 31.0830029699359 -4.01594343084086 44.7510684561892 -0.000270918860944213 -0.745010006301442 -0.0539715660520856 0.664866217499116
1591949651.03082 31.0737822664302 -4.01564391309236 44.7499894100738 -0.000295213550754452 -0.744947966991507 -0.0539945548978842 0.664933851872169
1591949651.06382 31.0649244875641 -4.01535637020075 44.7487775619665 -0.000178199423565708 -0.744732541000174 -0.0541143991373713 0.6651654248579
1591949651.09682 31.0557506114801 -4.01505011310992 44.7476920071791 -0.000130059575576916 -0.744680487591968 -0.0542198845572765 0.665215122049169
1591949651.12982 31.0466464587406 -4.01475272768418 44.7466159074433 -5.94253808841472e-05 -0.744642450863486 -0.0543342567106319 0.665248378719068
1591949651.16282 31.0375208811531 -4.01445540792891 44.7454986062109 9.64553846631512e-05 -0.744598428022505 -0.0543521385743745 0.66529618720925
1591949651.19582 31.0284606998659 -4.01415115016578 44.7444136727792 0.00023100029640442 -0.744563055314451 -0.0544155716968034 0.66533055608215
1591949651.22882 31.019400088085 -4.01373410683373 44.7432711995405 0.000522667905392162 -0.743901406953179 -0.0545759438973497 0.6660569719619
1591949651.26182 31.0104020470863 -4.01344607211735 44.7421867911446 0.000643299535983412 -0.743863200657301 -0.054621450294484 0.666095805452422
1591949651.29482 31.0013570257848 -4.01316199836527 44.7411019059548 0.000722942969005111 -0.743825299890656 -0.0545670449447502 0.6661425059265
1591949651.32782 30.9923722052963 -4.01287453550835 44.7400146778337 0.000725583319546507 -0.743780974665441 -0.0545182499702824 0.666195988936252
1591949651.36082 30.983336997943 -4.01263496661232 44.7389926277853 0.000656360869881633 -0.743763223293943 -0.0543569108724855 0.666229062039637
1591949651.39382 30.9742887620375 -4.01233712640621 44.7380242746324 0.000592762880464086 -0.743757185754045 -0.0541762710326169 0.666250575180533
1591949651.42682 30.9653693183392 -4.01196522616032 44.7370352171796 0.000557824173071584 -0.743623505573795 -0.054055335990599 0.666409627362387
1591949651.45982 30.9563670629807 -4.01169641341382 44.7360799128105 0.000486608652217891 -0.743590321252306 -0.053914521703058 0.66645811698969
1591949651.49282 30.9474420755994 -4.01144637579289 44.735048993971 0.000427342496852254 -0.743536147333318 -0.0538590041730985 0.666523084863982
1591949651.52582 30.938483164945 -4.01118745962499 44.7340092331812 0.00037051686378332 -0.743467186054123 -0.0538211858545899 0.66660309475071
1591949651.55882 30.9295558964676 -4.01090819376147 44.7329717032263 0.000322554370388525 -0.743408622326673 -0.0537501488087258 0.666674161575261
1591949651.59182 30.9206200557676 -4.01054651776802 44.7318253784371 0.000391849680144081 -0.743216429214529 -0.0537563182180563 0.666887879670243
1591949651.62482 30.9117008489383 -4.01025728019739 44.7307900106725 0.000387172115937262 -0.743169816333755 -0.0537445362049885 0.666940776243525
1591949651.65782 30.9028060577928 -4.00996044177222 44.7297957324409 0.000368099507295911 -0.743146731555957 -0.0536785794748544 0.666971820983475
1591949651.69082 30.8939532853127 -4.00969693894948 44.7288199704371 0.000382765869767242 -0.743139024405591 -0.0536095294593545 0.66698595356045
1591949651.72382 30.8851734928214 -4.00939631312775 44.7277727312384 0.000476622108836403 -0.743120575780595 -0.0535613301748713 0.667010319704861
1591949651.75682 30.8763034421756 -4.00920779944724 44.726572724016 0.000563241040872332 -0.742991444774715 -0.0535974020260652 0.667151192944424
1591949651.78982 30.8675394355298 -4.00889727621084 44.7255519602047 0.000673574996176009 -0.742973401307168 -0.0535391576979674 0.667175861253818
1591949651.82282 30.8587840756633 -4.00861040220093 44.724474153089 0.000690446143870723 -0.742935631049881 -0.0534638346679584 0.667223942753282
1591949651.85582 30.8500211485795 -4.00833666783821 44.7234950955951 0.000627042847086076 -0.742927656927461 -0.0534168390629633 0.667236648194674
1591949651.88882 30.8413306360197 -4.00806758491505 44.7225148164705 0.000500221141207909 -0.742903439715749 -0.0534469476835199 0.667261307750295
1591949651.92182 30.8325823859264 -4.00771582144461 44.7211975203 0.000518104829120494 -0.742737120357289 -0.0534969472134015 0.66744241568063
1591949651.95482 30.8238809954509 -4.00745810105655 44.7201468979765 0.000494266431423685 -0.742712406006506 -0.053572177501143 0.667463901242987
1591949651.98782 30.8151998160767 -4.00720275761903 44.7191264128188 0.000416640452921147 -0.742698667643533 -0.0536282917906234 0.667474734960712
1591949652.02082 30.8065067935795 -4.00691113901837 44.7181425438084 0.000260965075298625 -0.742694725272747 -0.0536856120917933 0.667474592777582
1591949652.05382 30.7978821825085 -4.00667528599952 44.717151482332 7.93962430584766e-05 -0.742672902102989 -0.0537135679118065 0.66749667175226
1591949652.08682 30.7894607208304 -4.00673087326995 44.7155850830178 1.92711421549813e-06 -0.742376320265086 -0.0537613536380403 0.667822668049657
1591949652.11982 30.7808788101556 -4.00646111702089 44.7145732981275 7.20010914009305e-05 -0.74234892463434 -0.0537198737895639 0.667856454689266
1591949652.15282 30.7723250884679 -4.00617976581826 44.7135324255598 0.00017216338059801 -0.742305360162102 -0.0538691030685618 0.667892837488898
1591949652.18582 30.7638025683868 -4.00592735033575 44.7124704968009 0.000260602035024722 -0.742269639969914 -0.0540840012719757 0.667915140172707
1591949652.21882 30.7552751237579 -4.00563324247057 44.7114521012797 0.000307631665635092 -0.742235800642172 -0.0541738107194941 0.667945446754419
1591949652.25182 30.7467203119581 -4.00532748955167 44.7105451682291 0.00029283286760287 -0.742239593141925 -0.0541314219250369 0.667944675689383
1591949652.28483 30.7380565676369 -4.00476667729076 44.7099632152668 0.000229747551158392 -0.742371818614154 -0.0539298895714499 0.667814043843335
1591949652.31783 30.7296459522177 -4.00450221549692 44.7089266975528 9.13225487353132e-05 -0.742366898884332 -0.0539217691463931 0.667820201785762
1591949652.35083 30.7212883864976 -4.00424241133708 44.7079267938789 -8.21760396076056e-05 -0.742396628576221 -0.0539237722494015 0.667786991421781
1591949652.38383 30.7129571881056 -4.00398506785761 44.7069683504952 -0.000269068965086514 -0.74245404338036 -0.0538897305830707 0.667725855428506
1591949652.41683 30.7046074978024 -4.00375133183382 44.7060391685635 -0.000488277323040237 -0.742540554025657 -0.0538471149168329 0.667632964605299
1591949652.44983 30.6963188112318 -4.00348482300427 44.7051463234131 -0.000741046426248637 -0.742640504150518 -0.0536877510038934 0.667534387007443
1591949652.48283 30.6879419582435 -4.00333463176512 44.7043645878368 -0.0011110258621447 -0.742780012041362 -0.0534851370757014 0.667394905168867
1591949652.51583 30.6797410562749 -4.00310219598275 44.7033989510938 -0.00140997138976242 -0.742870627637255 -0.0533202726656812 0.667306669453684
1591949652.54883 30.6716010017716 -4.00286686137139 44.7024611112788 -0.00158206556289194 -0.742987192421123 -0.0531558142001688 0.667189619511162
1591949652.58183 30.6634512510502 -4.00261121446636 44.7015000082195 -0.00156846383709194 -0.74309556647192 -0.0530310792309662 0.667078873632322
1591949652.61483 30.6553425238924 -4.00234677962278 44.7004999873162 -0.00143883219454367 -0.743191795801641 -0.0529454094410841 0.666978761306658
1591949652.64783 30.6473233923181 -4.00210610889307 44.6994892975922 -0.00128984971914822 -0.743287445053614 -0.0529094899182692 0.666875322822761
1591949652.68083 30.6392743581241 -4.0018208178804 44.6985036262428 -0.001117594986039 -0.743397089180767 -0.052966818883765 0.666748854424471
1591949652.71383 30.6312648069484 -4.00154147621331 44.6974674840876 -0.000899282693713991 -0.743479145161928 -0.0529842054940912 0.666656302728839
1591949652.74683 30.6233365568852 -4.0012945454873 44.6964178366545 -0.000641640177985273 -0.743579972558758 -0.0530215419388264 0.666541168119291
1591949652.77983 30.6153940526054 -4.00101408137534 44.6953797155235 -0.000352357387365435 -0.743697474575153 -0.0530583650577561 0.666407346937449
1591949652.81283 30.6074413297444 -4.00075674174596 44.6943544229662 -0.000129409564606408 -0.743828274156507 -0.0531010251530908 0.666258030305232
1591949652.84583 30.599441813938 -4.00048141710314 44.6933593908375 9.08469641730599e-05 -0.743961134970039 -0.0531119804631822 0.666108804124521
1591949652.87883 30.5915775748825 -4.00020432848056 44.6925255173244 0.000257650465955196 -0.744183663906769 -0.0531706364137977 0.665855458349548
1591949652.91183 30.5836217797488 -3.99992985447801 44.6914917963834 0.000375561487590745 -0.744294620729594 -0.0531999109076045 0.665729033455791
1591949652.94483 30.5756989571626 -3.9996481091773 44.6904498816614 0.000436369867058498 -0.744416936664662 -0.0532409044647059 0.665588942275877
1591949652.97783 30.5678150837519 -3.99940503378696 44.6894648150013 0.000389324746179263 -0.744568027720928 -0.0531786033774852 0.665424929398373
1591949653.01083 30.559868067708 -3.99911982662855 44.6884827113923 0.000261282102154605 -0.744728774346139 -0.0531555311602488 0.665246927012544
1591949653.04383 30.5519491555034 -3.99885356011479 44.6875682497828 0.000110651874537638 -0.744928059993438 -0.0530890846111689 0.665029113863238
1591949653.07683 30.5441902679134 -3.9986186509372 44.6866411401025 -8.48625635970951e-05 -0.744926534907043 -0.0530819314070436 0.665031396963955
1591949653.10983 30.5363475682443 -3.99838521406016 44.6856014567166 -0.0002342892177816 -0.74511512385536 -0.0530418695046723 0.664823252744685
1591949653.14283 30.528460288723 -3.99814456824525 44.6846382693904 -0.000447955339711412 -0.745330968605533 -0.0530347757846956 0.664581717421581
1591949653.17583 30.5205576317723 -3.99789824322273 44.6836764823155 -0.000692131103340565 -0.745550320084719 -0.05305518020333 0.664333793382288
1591949653.20883 30.5126919814261 -3.99765471227351 44.6826902884887 -0.000917979905866057 -0.745758965307025 -0.0530470311941489 0.664099943877859
1591949653.24183 30.5048510978575 -3.99741393419216 44.6817029387203 -0.00114248039129712 -0.745977388581908 -0.0530596147835673 0.663853227560198
1591949653.27483 30.497080372735 -3.99718912216755 44.6806864064408 -0.00134956178753702 -0.746227655833481 -0.0531060849807337 0.663567787110156
1591949653.30783 30.4893301700983 -3.99696294762056 44.6795783674246 -0.00141678256707381 -0.746461214633458 -0.0532496154119271 0.663293393781049
1591949653.34083 30.4815287683552 -3.99669155058962 44.6784688671267 -0.0014395875206466 -0.746715871546271 -0.0534573971987246 0.662989925604757
1591949653.37383 30.4737727823644 -3.99642572584346 44.6774043510513 -0.00142191612660418 -0.74700185688871 -0.0536885152868033 0.662649037791233
1591949653.40683 30.4659624711126 -3.99614217153752 44.6763049356084 -0.00137259883265976 -0.74730428075741 -0.0539313536961495 0.662288333750939
1591949653.43983 30.4582125855116 -3.99587331830644 44.6751616057375 -0.00128568816993637 -0.747617647736006 -0.0541685682536442 0.661915376776338
1591949653.47283 30.4504959317727 -3.99562818392912 44.6739615910384 -0.00120988073400685 -0.747916756758994 -0.0544010980906986 0.661558449174556
1591949653.50583 30.4427968061254 -3.99535584439626 44.6727612809664 -0.00106873660323782 -0.74822400076663 -0.0546355142008066 0.661191850423812
1591949653.53883 30.4350865590323 -3.99504542247924 44.671511903502 -0.000846563403489162 -0.74848613728351 -0.0550549202853655 0.660860606616242
1591949653.57183 30.4273543294243 -3.99473783301751 44.6703489710009 -0.000629670337632172 -0.748779249976914 -0.0555421072548361 0.660487935272832
1591949653.60483 30.4196233959665 -3.99442997099447 44.6691758126722 -0.000584065408932627 -0.749051146283767 -0.055870262284523 0.660151916539543
1591949653.63783 30.41194651685 -3.99414153784963 44.6680320834967 -0.000640261382285973 -0.749300117269921 -0.0559258100672457 0.659864552838662
1591949653.67083 30.404317191928 -3.99385382516186 44.6670588572903 -0.000789132426381142 -0.749669577442083 -0.0558942214166749 0.659447297318024
1591949653.70383 30.3966963012457 -3.99359763010621 44.6658618960469 -0.00086151947215485 -0.749895403294003 -0.0558292528436407 0.659195901405375
1591949653.73683 30.3890481615286 -3.99335009351123 44.664730540579 -0.000953345437294981 -0.750135013295607 -0.0558376387257831 0.658922386220112
1591949653.76983 30.3813733249506 -3.99308850061186 44.663635372597 -0.00106230041628259 -0.750389824529109 -0.0558145640494567 0.658633978170705
1591949653.80283 30.3737347968857 -3.9928187552918 44.662566035075 -0.00117562567537309 -0.750660192115267 -0.0557414350190246 0.658331820816647
1591949653.83583 30.3660621354021 -3.99258966854577 44.6614885371965 -0.00130337691222881 -0.750937559939914 -0.0556152669309773 0.658025853872254
1591949653.86883 30.3603022405385 -3.99306633441117 44.6595200511179 -0.00154178704451966 -0.75161332367999 -0.055371484641266 0.657273940794895
1591949653.90183 30.3526975225058 -3.99282025966184 44.6583458613343 -0.00165577106323062 -0.751863554507376 -0.0552845226723945 0.656994730099569
1591949653.93483 30.3450772396556 -3.99256259529204 44.6572011622025 -0.00172178610549757 -0.752120553104129 -0.0552767360225501 0.656700990943092
1591949653.96783 30.3374395499024 -3.99227337104761 44.6560359998865 -0.00159812318455668 -0.752377842708535 -0.0552972477617127 0.656404785321921
1591949654.00083 30.3298167359029 -3.99198678034261 44.6548315894898 -0.00136885572385208 -0.752628148540658 -0.0554154368785348 0.656108318506807
1591949654.03383 30.3222328881277 -3.99168958131766 44.6536060732627 -0.00101880056363726 -0.752884522053756 -0.0554739968061188 0.655809800304672
1591949654.06683 30.3126012463934 -3.99068112485784 44.6535373308123 -0.000670013987083374 -0.752990589880018 -0.0555709391278667 0.655680252377518
1591949654.09983 30.305065263344 -3.99039031248193 44.6522251319444 -0.000354397336768668 -0.753237194326577 -0.0556182192193399 0.655393177547969
1591949654.13283 30.2974969999244 -3.99009893672919 44.6509143007199 -4.00933711633715e-05 -0.753491509565058 -0.0556366635317747 0.655099309324124
1591949654.16583 30.2898944286439 -3.98979228321713 44.649654629443 0.000218347790762664 -0.753753283968275 -0.0557231249915202 0.65479070898453
1591949654.19883 30.2822576500614 -3.98949743098145 44.6483732705747 0.000502957730457662 -0.754016257718852 -0.0557788139218756 0.654482966964495
1591949654.23183 30.2746002308663 -3.98920325463302 44.6471390005231 0.000714799322101858 -0.754287369831956 -0.0558257044451072 0.654166296515746
1591949654.26483 30.2668196794067 -3.98886852164289 44.6460590528475 0.000794761428788284 -0.75464039656708 -0.0557823821738015 0.653762622105583
1591949654.29783 30.2591621674463 -3.98857433694317 44.6447870613879 0.000817287055974267 -0.75486918585046 -0.0558032722388835 0.653496625165551
1591949654.33083 30.2515012044025 -3.98824442201281 44.6434904699698 0.00092030634282648 -0.755079004723976 -0.0558180763740726 0.653252778035565
1591949654.36383 30.2438159620201 -3.98791178311603 44.6422609554923 0.000965077633770802 -0.755303594622429 -0.0556358953673816 0.653008572472268
1591949654.39683 30.2360785587229 -3.98759269796174 44.6410610495962 0.000815261594241319 -0.755541643846953 -0.0555141174475788 0.652743703551091
1591949654.42983 30.2283382864215 -3.98728565280895 44.6398585407467 0.000631100897070295 -0.755791041422408 -0.0553933191795124 0.652465388819641
1591949654.46283 30.2207422103001 -3.98718811054121 44.6386506958773 0.000365953579063921 -0.756383107456289 -0.0552871181236403 0.651788152241453
1591949654.49583 30.2129878045872 -3.98690127676084 44.6373430049725 0.000243087078256782 -0.756629202579955 -0.0553605933968477 0.651496274287614
1591949654.52883 30.2052392346674 -3.9866118889814 44.6360543806359 0.000156580448647142 -0.756894270263998 -0.0554085722619887 0.651184251378963
1591949654.56183 30.1974778108688 -3.98633743821847 44.6347614821858 8.449454526895e-05 -0.757152263201494 -0.0553808869784364 0.650886626492671
1591949654.59483 30.1897311219113 -3.9860568502674 44.6335188477239 -4.49393129383073e-05 -0.757407336573509 -0.0553583067049024 0.650591717103628
1591949654.62783 30.1819774823707 -3.98577083464105 44.6322520669406 -8.38337883971876e-05 -0.757653657164555 -0.0553472815480376 0.650305779754657
1591949654.66083 30.1738353122183 -3.98529187210086 44.6310531536169 2.6347860409647e-05 -0.757675612403815 -0.055470840643952 0.650269675990313
1591949654.69383 30.1660806785532 -3.98500114806201 44.6296783438152 0.00013846053472641 -0.757898270612218 -0.0555433012899798 0.650003949152234
1591949654.72683 30.1583263205561 -3.98469870782964 44.6282714509616 0.000309408463042379 -0.758117327489602 -0.0556709424479959 0.649737460974337
1591949654.75983 30.1505099667143 -3.9843812226899 44.6269549326935 0.000501893050099484 -0.758358776384803 -0.0558067126166398 0.649443858397656
1591949654.79283 30.1427298729511 -3.98408545502167 44.6255571987267 0.000708289386651801 -0.758587875349103 -0.0559764940678702 0.649161432781822
1591949654.82583 30.1349253967436 -3.98379204763688 44.6242415388277 0.000849206282644226 -0.75887306170477 -0.0561464436271319 0.648813171826485
1591949654.85883 30.1271468837876 -3.98351528088967 44.6228176906266 0.000984415887812882 -0.759113850451534 -0.0563018708568733 0.648517765613265
1591949654.89183 30.1193488841638 -3.98322726225813 44.6213938439146 0.00108896719398792 -0.75937251181875 -0.0564216854528303 0.64820428558842
1591949654.92483 30.1114974051671 -3.98293888146118 44.6200535554452 0.00114697889867487 -0.759643262535823 -0.0565237951134858 0.647877965908168
1591949654.95783 30.1036532170252 -3.98266507604944 44.6186400783419 0.00116480018327799 -0.759898116833753 -0.0565943222351565 0.647572836029888
1591949654.99083 30.0958201006926 -3.98238844409773 44.6172952840468 0.00111183569140083 -0.76017792302647 -0.0566101977498392 0.647243056876844
1591949655.02383 30.0878530276134 -3.98212094521996 44.615879496417 0.000909967955955244 -0.760624873672913 -0.0565347483441456 0.646724667643077
1591949655.05683 30.0800539000709 -3.98183726055717 44.6144567004952 0.000772945943083624 -0.760891222683553 -0.0564254522553319 0.646421006879788
1591949655.08983 30.0722441708268 -3.98152937248644 44.6130511706574 0.000657933722788723 -0.761163477782644 -0.0563033990279448 0.646111178104006
1591949655.12283 30.0643471597153 -3.98122913211173 44.6117470961129 0.000534721207049373 -0.761461928487103 -0.0561714088071531 0.645771026270575
1591949655.15583 30.0564739181865 -3.98090067120583 44.610391428192 0.00040640890185748 -0.761763654705968 -0.0560422457298349 0.645426398510603
1591949655.18883 30.0511673625407 -3.98173844193104 44.6076637608657 0.000359906188304039 -0.762149108863014 -0.0559830049281325 0.644976363509599
1591949655.22183 30.0434020666964 -3.98140066352675 44.6061874647085 0.000346752269258481 -0.762426813599888 -0.0559615391433338 0.644649935859374
1591949655.25483 30.0356508546439 -3.9810732201437 44.6047024579812 0.000384223485675461 -0.762707165675372 -0.0559760756779903 0.644316933466323
1591949655.28783 30.0278759059609 -3.98075436153127 44.6032482638182 0.000400932494278193 -0.762995862098146 -0.0560518788114848 0.64396843133491
1591949655.32083 30.0200236560518 -3.98045758946927 44.6017489459266 0.000431645838711699 -0.763278465712186 -0.0561662154091463 0.643623456462344
1591949655.35383 30.012093851176 -3.98014130041809 44.6003263233451 0.000447656756394467 -0.763584619968306 -0.0562499814129861 0.643252879777717
1591949655.38683 30.0015260514849 -3.97852616672742 44.6004775702075 0.000524879794311573 -0.763919390146202 -0.0563160213746074 0.642849434623996
1591949655.41983 29.993800225348 -3.97820931048688 44.5988925706436 0.00056795366280291 -0.764216492576891 -0.0564459234454822 0.642484776184229
1591949655.45283 29.986046677479 -3.97787557708448 44.5973668773158 0.000596536495221309 -0.764535217835532 -0.0564973266647568 0.642100924242538
1591949655.48583 29.9781075038283 -3.97756060468306 44.5959302401361 0.000593555129134083 -0.764894150185612 -0.0565352940668733 0.641669967529189
1591949655.51883 29.9703018236178 -3.97725444594651 44.5944125806737 0.000598881536838625 -0.765234061535373 -0.0566687727392191 0.641252775902929
1591949655.55183 29.9624483157538 -3.97692514621099 44.5929106798135 0.000575310017785005 -0.765596372670337 -0.0567457203155825 0.640813378760362
1591949655.58483 29.9545750101134 -3.97669194188256 44.5914709037265 0.000429805557594709 -0.766048058650613 -0.0567881302676572 0.640269705175494
1591949655.61783 29.9468697087113 -3.97643866658538 44.5898735682639 0.000283152273993634 -0.766389431737953 -0.0567722220390215 0.639862542699539
1591949655.65083 29.9391722030459 -3.97611578269946 44.5883550771038 0.000224502664599733 -0.766758251287286 -0.0567606056276634 0.639421588101463
1591949655.68383 29.9314505963715 -3.97589304313825 44.5866840480363 0.00022427994952434 -0.767102634977316 -0.0568410389095589 0.639001246794594
1591949655.71683 29.9234246496485 -3.97551321729764 44.5852062498369 0.000313956222616227 -0.767500198483063 -0.0568650168346494 0.638521508345917
1591949655.74983 29.9155423977191 -3.97518136759698 44.5836960670673 0.000409912017188162 -0.767920788219309 -0.0568924631479393 0.638013121048254
1591949655.78283 29.9100378256987 -3.97569895425455 44.5811313197752 0.000539411010939614 -0.768364500584152 -0.0568352191265556 0.637483694806907
1591949655.81583 29.9024707787137 -3.97542126067253 44.5794710706786 0.000579268513589841 -0.768784507610334 -0.0567970151555553 0.63698048979207
1591949655.84883 29.8948928277112 -3.97515087513836 44.5777762445243 0.000627763539686234 -0.769214147761253 -0.0567287892687971 0.63646763096403
1591949655.88183 29.8872191470231 -3.9748839883787 44.5761395757804 0.000690621117338291 -0.769672639676751 -0.0565991186751032 0.635924595011623
1591949655.91483 29.8791580642975 -3.97445526006778 44.5746538039106 0.00077834713815633 -0.770173423334975 -0.0564491751177848 0.635331238640711
1591949655.94783 29.871461597745 -3.97416783103692 44.5730084590298 0.000815015969538005 -0.770658273104791 -0.0563633630240591 0.634750607051879
1591949655.98083 29.8615094308831 -3.97283012471465 44.5724762369004 0.000834973600937701 -0.771194196954349 -0.056048194077775 0.634127284812475
1591949656.01383 29.8539260386965 -3.97251642095309 44.5707820728112 0.00080013750139265 -0.771735917615079 -0.0558402642271196 0.633486304614264
1591949656.04683 29.8463279953811 -3.97222938176152 44.5690694949665 0.000770301012357433 -0.772302367754128 -0.0556397442164656 0.632813304428126
1591949656.07983 29.8386950431177 -3.97193707383924 44.5673767078079 0.000666602973800172 -0.772899434977423 -0.0554833993887217 0.632097786299182
1591949656.11283 29.831041457205 -3.97162903488411 44.5656337753073 0.0005877833219813 -0.77351086868121 -0.0553597362016956 0.631360348889987
1591949656.14583 29.8233457011823 -3.97128875391781 44.5639820319604 0.000551655692112131 -0.774154129222625 -0.0551756382570091 0.630587605988643
1591949656.17883 29.815708688212 -3.9709691791449 44.5621906150299 0.000505428555941648 -0.77478322776817 -0.0550334905700404 0.629826967846557
1591949656.21183 29.8079856545789 -3.97063707977058 44.560463380551 0.00043888105243338 -0.775435918480347 -0.0548696827596734 0.629037567739651
1591949656.24483 29.8002640993021 -3.97031241068614 44.5586959813486 0.000387957515071636 -0.776082903971186 -0.0547490869545544 0.628249721950006
1591949656.27783 29.7924544027944 -3.9699468387539 44.5569358765604 0.000385265336796344 -0.776741800535236 -0.0546462079712259 0.62744387703305
1591949656.31083 29.7849372243789 -3.96970180582545 44.5550681544011 0.000400051750327038 -0.777492115150807 -0.0545937679467595 0.626518452512212
1591949656.34383 29.7773722419041 -3.96940830191858 44.553175847368 0.000346459863603664 -0.778164357468404 -0.0545200228370882 0.625689763254276
1591949656.37683 29.7698451971699 -3.96916000579246 44.5512568734115 0.000244203477721387 -0.778857306370174 -0.054446231725039 0.624833453433314
1591949656.40983 29.7624285781086 -3.96893767478472 44.5492358522234 0.000187208530424542 -0.779547011063832 -0.054405710769215 0.623976314558581
1591949656.44283 29.7547710494391 -3.96862573419703 44.5473128325037 0.000201929571454508 -0.780258046147699 -0.0544017414150337 0.623087306223802
1591949656.47583 29.7465200136023 -3.96815463107071 44.5455406047702 0.000268091996680436 -0.780893496971299 -0.054446119990641 0.622286826578051
1591949656.50884 29.7391599221913 -3.96792525869718 44.5434402859647 0.000276812835287859 -0.781585976048329 -0.0544797904156636 0.621413902206493
1591949656.54184 29.7318304373492 -3.96773712056773 44.5412826878962 0.000262246006392002 -0.78229610529863 -0.0544598894353544 0.620521438231038
1591949656.57484 29.7245153408539 -3.96750119543613 44.5391451750691 0.000286517813206778 -0.78303152805005 -0.0544707224487919 0.619592191996521
1591949656.60784 29.7173480521209 -3.96734463189153 44.536881333918 0.000255158919671853 -0.783767356987907 -0.0545403352751444 0.618655006317893
1591949656.64084 29.7155274562971 -3.96903045280415 44.5348719773605 0.000391263541290393 -0.784614210071428 -0.0544958452139797 0.617584480958876
1591949656.67384 29.7080153390152 -3.96870843200597 44.5326783621486 0.00041427628435099 -0.785406001477412 -0.0545443406042252 0.616572912254888
1591949656.70684 29.7007506955617 -3.96852254398272 44.5303829036653 0.000283912373360343 -0.786216795320899 -0.0545312572642775 0.615539935447146
1591949656.73984 29.6931972437707 -3.9682534927064 44.5282845997095 0.000153541615159768 -0.787054505005105 -0.0545039568282186 0.614470911651812
1591949656.77284 29.6855249381621 -3.96777352398712 44.5260446856366 4.05595274494852e-05 -0.787902162120107 -0.0543996425288883 0.613392908480457
1591949656.80584 29.6778133896527 -3.96754035333531 44.5239284922927 -0.000132743328993745 -0.788751194538045 -0.0543571121304433 0.612304531956816
1591949656.83884 29.6624256687338 -3.96458326999721 44.5226447798137 -0.000393792723890924 -0.789858175644755 -0.0541655498454376 0.610892789697481
1591949656.87184 29.6550288964779 -3.96428933072614 44.5203282222042 -0.000575368440697462 -0.790736180694651 -0.0540284228359898 0.609767899300586
1591949656.90484 29.6474173171575 -3.96401619196265 44.518081665853 -0.000759297697288993 -0.791659211998394 -0.0539131803454154 0.608579070055923
1591949656.93784 29.6400774536258 -3.96382059124793 44.5157438661873 -0.000944955255221955 -0.792600559701427 -0.0538051706568061 0.607361888359109
1591949656.97084 29.6325976131253 -3.96361555102548 44.513413503891 -0.00115113652806463 -0.793573006613684 -0.0537420139054757 0.606095994047309
1591949657.00384 29.6245363798784 -3.96305485125763 44.5114835432781 -0.00122971721087072 -0.794616805195363 -0.0536217599531422 0.604737403801206
1591949657.03684 29.6171703933312 -3.9628022456317 44.50903307786 -0.00127846130505937 -0.795643944229459 -0.0535401113429078 0.603392522347658
1591949657.10284 29.6021801298299 -3.96215733426975 44.5040906379882 -0.00135007452117262 -0.797793032057314 -0.053445620042622 0.600556426156481
1591949657.13584 29.5952091985828 -3.96213887405005 44.5016714651502 -0.00145723477077116 -0.798930453223883 -0.0534847334413331 0.599038722176633
1591949657.16884 29.5882065055459 -3.9620929952898 44.4988614845272 -0.00153773261927478 -0.800036730372999 -0.0535160812774137 0.597557440316144
1591949657.20184 29.5867102672913 -3.96374467077935 44.4971541536241 -0.00145276185943421 -0.801355407000847 -0.053590793735472 0.595781359208468
1591949657.23484 29.5794436491575 -3.96349574153935 44.4944478844131 -0.00144801845982773 -0.80252799166029 -0.053617641687628 0.594198514256051
1591949657.26784 29.5719917825256 -3.96320627282181 44.4917673087478 -0.00146140836254204 -0.803706823148172 -0.0536837205091026 0.592597051007657
1591949657.30084 29.5645021490388 -3.9628755160393 44.4890410676552 -0.00144476275941615 -0.804887796623661 -0.0537985871313805 0.590981606760773
1591949657.33384 29.5571647324946 -3.96256377419834 44.4863722066554 -0.00143390980787971 -0.806098482527015 -0.0539010145500749 0.58931982912573
1591949657.36684 29.5426555358423 -3.95968050541357 44.483602305466 -0.00123626269568081 -0.807166779052278 -0.0539382787860408 0.587852808558842
1591949657.39984 29.5354814013216 -3.95941517109308 44.480850899323 -0.00125787880632169 -0.808391465786662 -0.053964434755981 0.586165075354774
1591949657.43284 29.5281706137372 -3.95912815740599 44.4779906034895 -0.00134777252894788 -0.809612146600207 -0.0539324154815114 0.584480667042928
1591949657.46584 29.5209403432915 -3.95885714484424 44.47516926266 -0.00148885332260414 -0.810869420820784 -0.0539179566935043 0.582736149247279
1591949657.49884 29.5138709416472 -3.95864258422427 44.4724056843816 -0.00165079315161121 -0.812156345462204 -0.0539045124979208 0.580942035783097
1591949657.53184 29.5059686503394 -3.95807140007385 44.4694926477406 -0.00166817564599438 -0.813428438391402 -0.0538942048758491 0.579160433288515
1591949657.56484 29.4989279681573 -3.95781107320206 44.4665030756934 -0.00180027041535462 -0.814736702386719 -0.0538663265521 0.577320780566774
1591949657.59784 29.4916891835234 -3.95757638845062 44.4636570888287 -0.00202258971910133 -0.816073983092004 -0.0538798258208537 0.575426909016857
1591949657.63084 29.4850332643236 -3.95747849752702 44.4605044676173 -0.00226519740951312 -0.817393874777205 -0.0539292624882142 0.573544904087622
1591949657.66384 29.4770110439046 -3.9569198776747 44.4576860703111 -0.00236056113170594 -0.818792979787171 -0.0538081944805274 0.571556788262666
1591949657.69684 29.4691366155569 -3.95635142833774 44.4546928033583 -0.00235248035732234 -0.820150829540916 -0.0538079667341395 0.56960669356623
1591949657.72984 29.4621472850833 -3.95611104070716 44.4514744849336 -0.00244709617784078 -0.821557793852286 -0.0538424587965488 0.567571839251741
1591949657.76284 29.455149538935 -3.95586023291523 44.4482834677807 -0.00247441351636405 -0.822998432536273 -0.0539396970532542 0.565471454984591
1591949657.79584 29.4480301161963 -3.95557783025662 44.4450973824633 -0.00250152437297167 -0.824484791172924 -0.0540321031014769 0.563293088307306
1591949657.82884 29.4404869656896 -3.9550808787682 44.4418178668518 -0.00239647139000657 -0.826002472250846 -0.0540767253318615 0.561061387494943
1591949657.86184 29.4428958724894 -3.95749392169473 44.4393620689521 -0.00207238459573289 -0.827295095599667 -0.0542486071229275 0.559138282220104
1591949657.89484 29.4361010283731 -3.9572285295617 44.4359726903057 -0.00199125412217555 -0.828860455046284 -0.0543166483434322 0.556808838543555
1591949657.92784 29.4295802943501 -3.9570491215206 44.4325215442714 -0.00199363133224833 -0.830451727498384 -0.0543604975414524 0.554428435450515
1591949657.96084 29.423028960762 -3.9569295024406 44.4291189847245 -0.0020835941381626 -0.832090399272137 -0.0544345751826091 0.551958425154731
1591949657.99384 29.4158453671875 -3.95648445293697 44.4257107884939 -0.0020952036734441 -0.833780789263453 -0.0543998872913758 0.549405003471451
1591949658.02684 29.4078560600324 -3.95588196953522 44.4220158431647 -0.00210654851912613 -0.835484852829006 -0.054345218470501 0.546815526824198
1591949658.05984 29.3908507241997 -3.95243909444785 44.4178303987 -0.00221839860365031 -0.837481381496841 -0.054204403447968 0.543766399293508
1591949658.09284 29.3849306551183 -3.95236481494883 44.4141870515151 -0.0023344408894126 -0.839224739395978 -0.0542044182829741 0.541071407681178
1591949658.12584 29.3773914530923 -3.95196290861747 44.4104624785273 -0.00258143977764758 -0.841027490941528 -0.0541701000609693 0.53826730897265
1591949658.15884 29.3705983715957 -3.95161636953832 44.4066372521696 -0.00276039308607813 -0.842841078356427 -0.0540675437005097 0.535432533175917
1591949658.19184 29.3638216262709 -3.9513529772317 44.4029479618548 -0.00289058591049754 -0.844714933225839 -0.0540085641850832 0.53247666718179
1591949658.22484 29.3555312625165 -3.95040841639607 44.3990815415675 -0.00282537488343754 -0.846633175656344 -0.0537896589094443 0.529444006226558
1591949658.25784 29.3489793808011 -3.95010889849611 44.3951411668477 -0.0027112651736758 -0.848545125072445 -0.053772648341283 0.526376597169091
1591949658.29084 29.3421258169962 -3.94974441682599 44.3910780218028 -0.00269390539720421 -0.850481274814951 -0.0537485690089535 0.523245100686415
1591949658.32384 29.3349064489182 -3.94922541363415 44.386961067321 -0.00269558379227483 -0.852435028282929 -0.0537023897273982 0.520060871169777
1591949658.35684 29.3276288946854 -3.94867963502264 44.3826479806454 -0.00270942519529549 -0.85440244777018 -0.0537002939437232 0.516822401497646
1591949658.38984 29.3209332468229 -3.94830578469184 44.3785731482345 -0.00271316957583419 -0.856331707356417 -0.0537541847658696 0.513613797816076
1591949658.42284 29.3142815682514 -3.94791790429946 44.3742774914783 -0.00269617893242953 -0.858323616058272 -0.0539385124563456 0.510258696750789
1591949658.45584 29.3076754344406 -3.94755455531719 44.3699219789862 -0.00271311820899201 -0.860324672281154 -0.0540868140517554 0.506861631808564
1591949658.48884 29.3012844093098 -3.94726043321792 44.3655631518729 -0.00276726243774534 -0.862351362212255 -0.0543197579365479 0.503380407094858
1591949658.52184 29.2944290828151 -3.94680575906038 44.3610388828027 -0.00291774653947732 -0.864363141649297 -0.054516887899296 0.499895744177788
1591949658.55484 29.2975900918728 -3.94972323207493 44.3569569320233 -0.00311892627357385 -0.866051856312681 -0.0547096454183353 0.496941957550838
1591949658.58784 29.2910674152445 -3.94933639931415 44.3523246711825 -0.00324447013311373 -0.868058252613352 -0.054924174295623 0.493404173635928
1591949658.62084 29.2847748141368 -3.94901836597897 44.3477379879072 -0.00331227421663454 -0.87007489031896 -0.0550904990544501 0.489820121054551
1591949658.65384 29.2784909585047 -3.94873659153665 44.3429663238596 -0.00327786664588455 -0.872067787809847 -0.0553184834723182 0.486237487696099
1591949658.68684 29.2720651335597 -3.94830037628335 44.3382046181456 -0.00315752298258487 -0.874055982227082 -0.055478385234578 0.482636839407674
1591949658.71984 29.254473666497 -3.94391657128753 44.3327574043842 -0.002950031175438 -0.87638585977363 -0.0552728165054586 0.478418266645885
1591949658.75284 29.2485210794108 -3.94360408336284 44.3279413129944 -0.00285007590853889 -0.878346528474764 -0.0554387989238485 0.474790261649844
1591949658.78584 29.2424916456711 -3.94334608014138 44.3229429091042 -0.00276591258445387 -0.880299075095029 -0.0555907924113584 0.471142814774341
1591949658.81884 29.2354481527819 -3.94268963728506 44.3177783900017 -0.0026907109077662 -0.882279091685535 -0.0555654097060777 0.467427908552275
1591949658.85184 29.2296648705302 -3.94229605714438 44.3129635961878 -0.00255143216502025 -0.884241835652055 -0.0555632850012084 0.463705281009895
1591949658.88484 29.223928684604 -3.94205306465628 44.3078253330449 -0.002440712615233 -0.886155053483999 -0.0557300745174626 0.46001893754603
1591949658.91784 29.2184419319687 -3.94196356154439 44.3026448395785 -0.00240834750295643 -0.888056051579374 -0.0559526360425129 0.456311244257087
1591949658.95084 29.2121311558304 -3.94151294733145 44.2973727930915 -0.00239739628923523 -0.889975871912599 -0.0560560171636197 0.452542730406968
1591949658.98384 29.2066202710491 -3.94127294413873 44.2921868218255 -0.00252914597153893 -0.89184159691724 -0.0559937697793517 0.448861746169864
1591949659.01684 29.2011747940548 -3.94106177944639 44.2868044312082 -0.00257507798853252 -0.893696987114801 -0.0561504533460941 0.445136148593112
1591949659.04984 29.1959090335699 -3.94104666069244 44.2812747715383 -0.00272601350638469 -0.895512765154645 -0.0563757794107078 0.441442213422415
1591949659.08284 29.1906936591653 -3.94101647418511 44.2757512065914 -0.00295966772551787 -0.897314391249096 -0.0565823828412699 0.437740285530385
1591949659.11584 29.1969949419745 -3.94742834931414 44.2714409990783 -0.00351459532450705 -0.898986464735946 -0.0565559433347376 0.434295301741556
1591949659.14884 29.1919286479423 -3.94725915214756 44.2657316189727 -0.00378231416513112 -0.900749305316437 -0.0566278933498746 0.430615448824434
1591949659.18184 29.186946127733 -3.94705903496098 44.259957607428 -0.00393801350132042 -0.902499377371887 -0.0567086985812796 0.426923282801767
1591949659.21484 29.1817529704037 -3.9467329370353 44.2539697241723 -0.00416552071150609 -0.904232434789549 -0.0567828283863732 0.423228144990631
1591949659.24784 29.1635373494238 -3.93949376363229 44.2473522648543 -0.00431477385831925 -0.906016420394351 -0.056609192822022 0.419417486510037
1591949659.28084 29.1587156534957 -3.93928743183025 44.2411812691009 -0.00451229497416198 -0.907660178333646 -0.056662495120393 0.415838912931596
1591949659.31384 29.1539342484683 -3.93921308681085 44.235058881447 -0.0047231726945079 -0.909295302536104 -0.0568599954750105 0.41222164588975
1591949659.34684 29.1493084369996 -3.93892252453275 44.2289027591015 -0.00480899687714578 -0.910913547419317 -0.0570142074933452 0.408610771787648
1591949659.37984 29.1439407750173 -3.93863362347956 44.2228388728673 -0.00490692845809745 -0.9124874349821 -0.0572845136472726 0.405044550079482
1591949659.41284 29.1394652529447 -3.93849156241896 44.2165164450908 -0.00487390925641611 -0.914036478819592 -0.0576877470259265 0.401479369630266
1591949659.44584 29.1350338983314 -3.93838580515131 44.2101929876027 -0.004872249574738 -0.9156171056821 -0.0580325203613152 0.397811266239317
1591949659.47884 29.130748265669 -3.93818804681752 44.2036817029764 -0.00495682678129494 -0.917172218812189 -0.0583203902713959 0.394169104555365
1591949659.51184 29.1354514453992 -3.94408148492707 44.1987039376174 -0.0053108351054368 -0.918427172317012 -0.0591500308002795 0.391106888249986
1591949659.54484 29.1311244266064 -3.94406328261041 44.1921829539483 -0.00555138554690248 -0.919938905084107 -0.0595993968175634 0.387465488695634
1591949659.57784 29.1266334866525 -3.9439575994839 44.1854884738557 -0.00567138729131138 -0.921462786770382 -0.0600526756295653 0.3837549271518
1591949659.61084 29.1223657250137 -3.94385398335867 44.1787787466736 -0.00570136644388208 -0.92294058686987 -0.0605022623759163 0.380115303265165
1591949659.64384 29.1071018218587 -3.93794904282313 44.1698234354423 -0.00565408469877123 -0.924108894686887 -0.0610262190131722 0.377182426260498
1591949659.67684 29.1032385544122 -3.93812193860065 44.1628981366559 -0.0058548330664603 -0.92547659606015 -0.0614885491636053 0.37373513267612
1591949659.70984 29.0990050904005 -3.93806415804631 44.155949027003 -0.00604097282471316 -0.926898335791979 -0.0618161500041563 0.370137468181828
1591949659.74284 29.095095435303 -3.93806515426616 44.1488961140114 -0.00629139216242918 -0.928278591692771 -0.062040993539223 0.366619952689716
1591949659.77584 29.0905967955858 -3.93796516444657 44.1416538350461 -0.00642592539828672 -0.929551666824797 -0.0623978494968722 0.363316548706748
1591949659.80884 29.0866466553269 -3.93796040020768 44.1344793676624 -0.00666829867977911 -0.930912140055998 -0.0625736363501882 0.359781407694998
1591949659.84184 29.0828149696162 -3.93807440230881 44.127216647499 -0.00696862058913133 -0.93223933510941 -0.0629098688533612 0.356263398067643
1591949659.87484 29.0784222378792 -3.93807194657666 44.1199772890585 -0.00732656545082567 -0.933633465661642 -0.0632283878425586 0.352529494093979
1591949659.90784 29.0755942678385 -3.93848582408389 44.1126717152032 -0.00787468238719285 -0.934793199835293 -0.0639072484006176 0.349307209374294
1591949659.94084 29.0719005462047 -3.93891422656967 44.105309063827 -0.00865789526047396 -0.936041645112643 -0.064400855217376 0.345837547573636
1591949659.97384 29.0682370239493 -3.93927140737126 44.097979399061 -0.00926303184203602 -0.937290367461374 -0.0648573255365652 0.342336808756318
1591949660.00684 29.0647143427564 -3.9394585751852 44.0907011517175 -0.00961324489830112 -0.938507279976405 -0.0652730259013741 0.33889689146331
1591949660.03984 29.0688871912625 -3.94518483877774 44.0850741097923 -0.01029936561712 -0.939876418142218 -0.0652737994076272 0.335060550944052
1591949660.07284 29.065564086448 -3.94540821867959 44.0775865783358 -0.0105660741414067 -0.941049595696471 -0.0656310235061511 0.331672406555447
1591949660.10584 29.0624009878602 -3.9456498087608 44.0701271643722 -0.0108777068646542 -0.942211545213204 -0.0658731083389649 0.328298359968607
1591949660.13884 29.0593144899049 -3.94570477354251 44.0625485408107 -0.0111152536802947 -0.94333769740998 -0.0660743397522111 0.324999417548968
1591949660.17184 29.0445746246255 -3.9390661941478 44.054501511652 -0.0113716777633594 -0.944814274016782 -0.0661617150800627 0.320654486974145
1591949660.20484 29.0413986021351 -3.93933705963628 44.0468695947696 -0.011839468707425 -0.945910921450839 -0.0664850208823791 0.317320181613179
1591949660.23784 29.0379954552095 -3.93923792684391 44.0391270804484 -0.0120726531869378 -0.947007035819733 -0.0667652033181629 0.313965496159746
1591949660.27084 29.0344389343686 -3.93951897539124 44.0314367560653 -0.0126003897630511 -0.948100578844596 -0.0673274519471262 0.310505292687048
1591949660.30384 29.030661663013 -3.93963362963467 44.0246732273544 -0.0128313515072183 -0.949631299125805 -0.0670773523582508 0.305837180440413
1591949660.33684 29.0276365325071 -3.94010164325216 44.0170220028603 -0.0134980498582997 -0.950606332010143 -0.067758286816763 0.302612324203595
1591949660.36984 29.0237816104887 -3.93986156720262 44.0091159395219 -0.0138138033325828 -0.951653592353644 -0.0681518220239427 0.29919884383585
1591949660.40284 29.0198624857095 -3.9395752671115 44.0009692292642 -0.0141066944358405 -0.952667843034901 -0.0685772827888542 0.295841407353028
1591949660.43584 29.0159929730232 -3.93964260118954 43.9931842254618 -0.0146308534887531 -0.953677824459835 -0.0691555780187282 0.292407337952799
1591949660.46884 29.0103555653408 -3.93870162491322 43.986797156269 -0.0144286453689673 -0.955242945985476 -0.068674791998099 0.28737867228071
1591949660.50184 29.0069554658585 -3.93894045036534 43.9789136448233 -0.0149293241600509 -0.95617456700209 -0.0690815491790031 0.284139142431167
1591949660.53484 29.0037913531945 -3.93925475501358 43.9709461115637 -0.0155190288106782 -0.957069180989712 -0.0695109124435922 0.280973264912722
1591949660.56784 29.000787969698 -3.9394655376264 43.9630750236766 -0.0160380785161359 -0.95795333160866 -0.0698384690854414 0.277832292459284
1591949660.60084 28.9970495004058 -3.9389435540479 43.9577406493942 -0.015371731316834 -0.959380435992886 -0.0689892432782623 0.273117874227076
1591949660.63384 28.9938748139357 -3.93913706187139 43.9496173191747 -0.0159800268512911 -0.960258226645804 -0.0693496048207613 0.269887771512702
1591949660.66684 28.9906455662054 -3.93933767595226 43.9414931080875 -0.0165407010517572 -0.961136305915315 -0.0697892464769363 0.266594950695546
1591949660.69985 28.9862637564503 -3.93864359928809 43.9330370642438 -0.0167455456358341 -0.962137521291263 -0.0698929201293693 0.262918155593434
1591949660.73285 28.9826976665175 -3.93846336634549 43.9246935621817 -0.0172419211481111 -0.963050998044273 -0.0701428061325907 0.259452265491938
1591949660.76585 28.9729747311307 -3.93350016297448 43.9144736530525 -0.0163529620212884 -0.964527292894666 -0.0687914796673447 0.254337205732064
1591949660.79885 28.9695546570862 -3.93332170737099 43.9061274809477 -0.0169363103089788 -0.965419763049914 -0.0689578035138857 0.250843903334936
1591949660.83185 28.9661582509617 -3.93298455796248 43.8975855751647 -0.0173100795888268 -0.966312469237869 -0.0690410416408905 0.247333595593444
1591949660.86485 28.9626956805999 -3.93268584249608 43.8889140920692 -0.0176286632100014 -0.967201076213275 -0.0691486734255709 0.243782217088932
1591949660.89785 28.9587011444423 -3.9319805314544 43.8801437706002 -0.017744089097762 -0.968142054925931 -0.0690173737732343 0.240047309719007
1591949660.93085 28.9540359019673 -3.929838019233 43.8723076818309 -0.0161444369355021 -0.969484247527412 -0.0673783063920413 0.235159126507954
1591949660.96385 28.9507192960867 -3.92946539957634 43.8635220177587 -0.016227685197871 -0.970317172797283 -0.0674241807496332 0.231679145064998
1591949660.99685 28.9472095507572 -3.92888106216293 43.8545903355843 -0.0162673866941031 -0.971135256298881 -0.0674901789345972 0.228203334442832
1591949661.02985 28.9438299016388 -3.92852409455019 43.845653646075 -0.0164203852696114 -0.971900579621784 -0.0676928262493137 0.224849539810111
1591949661.06285 28.9405050184918 -3.92814412227345 43.8366001250926 -0.0164728644064116 -0.972618876554578 -0.0680141924315855 0.221619573449273
1591949661.09585 28.9358246710693 -3.92571978377818 43.8277823373527 -0.0158975617361862 -0.973368124615546 -0.0678805099188674 0.218389555351014
1591949661.12885 28.9325018765722 -3.92522209845735 43.818630002075 -0.0158823299479065 -0.974019028567123 -0.0682850805467762 0.215341197543119
1591949661.16185 28.9292420874882 -3.9246761447448 43.8093846115494 -0.0159274576573759 -0.974640486730725 -0.0686844583560518 0.212378630982977
1591949661.19485 28.9256989121577 -3.92408557241644 43.8001446943724 -0.0160146828501541 -0.975272982730698 -0.0690036074907724 0.209343357291403
1591949661.22785 28.9221205564198 -3.92342986368221 43.7906173646993 -0.0161087892800356 -0.975870208483223 -0.0693403506826295 0.206421313991682
1591949661.26085 28.916728728023 -3.92087478015667 43.7802592636121 -0.014878601390453 -0.976753168179527 -0.0684269579677124 0.202607075629667
1591949661.29385 28.9134503125516 -3.92031309410612 43.7708496757247 -0.015093074255809 -0.97731415199129 -0.0686293706632172 0.199798040304266
1591949661.32685 28.9100312787314 -3.91973134422472 43.761337827103 -0.0153770956819158 -0.977865214729038 -0.0688339543582431 0.196989983193888
1591949661.35985 28.9064373769631 -3.91888250036486 43.7517530588268 -0.0155502012583558 -0.978437405132343 -0.0688122934626212 0.194121878589523
1591949661.39285 28.902459631372 -3.91679804653546 43.7415611736159 -0.0155215664588804 -0.978949868180623 -0.068572506132045 0.191609101993028
1591949661.42585 28.8990515343367 -3.91591086273194 43.731805956394 -0.0157147791088214 -0.97948221965335 -0.0685414809060272 0.188864217086553
1591949661.45885 28.8955943721231 -3.91496657397208 43.7219423070414 -0.0159833809975571 -0.980000092873818 -0.0685182173737904 0.186144039354242
1591949661.49185 28.8922771779696 -3.91409474119653 43.7120557364952 -0.0163290224385502 -0.98049992755928 -0.06849538619533 0.183471079880186
1591949661.52485 28.8887094078779 -3.9125461270158 43.7022810085631 -0.0167097862809958 -0.981010166564283 -0.0684581130616023 0.180702304622841
1591949661.55785 28.8853266248306 -3.91151893342394 43.692207688951 -0.0169706921555636 -0.981500951546548 -0.0683728832006647 0.178025353710672
1591949661.59085 28.8820418499807 -3.91052420596909 43.6820646498549 -0.0172292812566172 -0.981974124531169 -0.068402887915923 0.175359674792658
1591949661.62385 28.8786365730897 -3.90947220509898 43.6718174944597 -0.0175015336226119 -0.982462992811564 -0.0683162716365884 0.172606636912598
1591949661.65685 28.87494640878 -3.90851436448219 43.6611264813917 -0.0177080644334239 -0.982989242293959 -0.0681449468259464 0.169631483547303
1591949661.68985 28.8717879896767 -3.90746234650172 43.6507824578695 -0.0178349563595503 -0.983460488385842 -0.0680314062135884 0.166910484644123
1591949661.72285 28.8686045612308 -3.90639570211947 43.6403267933172 -0.0178493741560703 -0.983930125715883 -0.0679438013587954 0.164154035612531
1591949661.75585 28.8655424271375 -3.90535796808099 43.6297819765176 -0.0177422688581631 -0.984383242067512 -0.0679440484335753 0.161426301806351
1591949661.78885 28.8623006288605 -3.9042502715896 43.6191418890819 -0.0177529273842954 -0.984843460898793 -0.0679529424293559 0.158589371363177
1591949661.82185 28.8593371979056 -3.90318645862828 43.608476746998 -0.0177185380515104 -0.985280975694257 -0.0679688961425126 0.155845056069989
1591949661.85485 28.856424172228 -3.90213682457173 43.5977965353218 -0.0177226880385722 -0.985714906073629 -0.0679545360317008 0.153082367716408
1591949661.88785 28.8535679481659 -3.90110501194954 43.5870389943533 -0.0176989686905728 -0.986139791614624 -0.0680120797798454 0.150297754160121
1591949661.92085 28.8503707408473 -3.8999658905653 43.5760249238652 -0.0177713197372201 -0.986574182810236 -0.0680186526590148 0.147407682627347
1591949661.95385 28.8476281686914 -3.8989124672802 43.5651130269757 -0.0177492246046569 -0.986983606198609 -0.0680199238429612 0.144643064408634
1591949661.98685 28.8447682368885 -3.89778912987988 43.5541337627939 -0.0178966609794054 -0.987396444252137 -0.0679020609541736 0.141835402922543
1591949662.01985 28.8419474395407 -3.89667506386242 43.5430314650131 -0.0180785286412052 -0.987796630464052 -0.0677055526166894 0.13909328449247
1591949662.05285 28.8391660620301 -3.89563639512943 43.5322336356378 -0.0184092553048221 -0.988167989369443 -0.0676233174989551 0.13642657745143
1591949662.08585 28.8364376360464 -3.89450169717 43.5210860731346 -0.0186769899483227 -0.988550737609937 -0.0674928704289181 0.133653737914752
1591949662.11885 28.83378832773 -3.89342365612626 43.5099264521611 -0.018946091370323 -0.988918758939356 -0.0674821639120979 0.130869749726103
1591949662.15185 28.8310908727583 -3.89229738806759 43.4986699323358 -0.0191310602616401 -0.989277831243277 -0.0675011784353189 0.12808967973146
1591949662.18485 28.8284961327548 -3.89121678481246 43.4872160761706 -0.0192229115878875 -0.989645946553528 -0.0674838658213768 0.125209057156658
1591949662.21785 28.82595847293 -3.89014310432887 43.4758734461156 -0.019340058632514 -0.989976786977043 -0.0676358394367814 0.122463531724282
1591949662.25085 28.8235906554575 -3.88902544054009 43.4643904382689 -0.0194139917883866 -0.990292521326688 -0.0678403117737818 0.119756048806346
1591949662.28385 28.8212194780992 -3.88791303807499 43.452869142287 -0.0195210998219265 -0.990599020959845 -0.0679883919134581 0.11709007174035
1591949662.31685 28.8189447039186 -3.88672059771623 43.441327824704 -0.0197109313614377 -0.990872202993645 -0.0681928834153279 0.114601427438272
1591949662.34985 28.8166774048061 -3.88566705268943 43.4298698440942 -0.0198058129427775 -0.991172379340146 -0.068263752549586 0.111915612381463
1591949662.38285 28.8145143264714 -3.88457777318092 43.4183428555058 -0.0198096404300881 -0.99147143080243 -0.0682585418608746 0.109237134307158
1591949662.41585 28.8123823825272 -3.88347719648509 43.4067491680382 -0.0198310826583196 -0.991772181662224 -0.0681376895571592 0.106545403952327
1591949662.44885 28.8106657014755 -3.8810692783186 43.3944086581666 -0.0199735751423788 -0.992064546737902 -0.0680273084496387 0.103832926891477
1591949662.48185 28.8086619587952 -3.87997567554287 43.3828305089439 -0.0200812759287542 -0.99235864056232 -0.0677613115478196 0.101140869660571
1591949662.51485 28.8067245917916 -3.87890810555236 43.3712542451227 -0.0202143328249197 -0.992637924788646 -0.0676029226933789 0.0984437700570599
1591949662.54785 28.8048215506137 -3.87778626144762 43.3595245734936 -0.020389044110876 -0.992909629500416 -0.0674426665324035 0.0957404891181888
1591949662.58085 28.8025506015125 -3.87798371260372 43.3484308515898 -0.0204825233589362 -0.993180147904317 -0.067186446486708 0.0930571945316401
1591949662.61385 28.8007710249361 -3.87688789493797 43.3366835972631 -0.0205837755694577 -0.993439837916418 -0.0669022861370833 0.0904305298753711
1591949662.64685 28.7990828845118 -3.87577587690232 43.3248895002889 -0.0205704791484428 -0.993682074243593 -0.0667082427912881 0.0878794689233632
1591949662.67985 28.7973972088638 -3.87468477531977 43.3131194365983 -0.0205193631183871 -0.993916247728746 -0.0665274876892507 0.0853436677192971
1591949662.71285 28.7957198114701 -3.87348578742156 43.3011469553769 -0.0204631697668816 -0.99413885007034 -0.0663938527760787 0.0828315264706714
1591949662.74585 28.7941663402173 -3.8723611225678 43.2892903957031 -0.0203691855379285 -0.994347372333016 -0.066286619274612 0.0804020119156858
1591949662.77885 28.7926773547685 -3.87123585021869 43.27730624041 -0.0203845110194774 -0.994540399164313 -0.0661961333506876 0.0780508684769417
1591949662.81185 28.791183799814 -3.8701137050277 43.265318018437 -0.0203939309771433 -0.994724910439767 -0.0661174476769307 0.0757292759940665
1591949662.84485 28.7896422422795 -3.8684137359472 43.2530168667387 -0.020415754672782 -0.994883707486157 -0.0662185584595443 0.0735167195628308
1591949662.87785 28.788233804124 -3.86733013555481 43.2409621194523 -0.0203633730176128 -0.995039946456091 -0.0662900017349258 0.0713195181278559
1591949662.91085 28.7868637246283 -3.86623933708661 43.2288280660743 -0.0203364986248246 -0.995180529182648 -0.0664245410567716 0.0692092588085249
1591949662.94385 28.7855471996319 -3.86517887208314 43.2166896283519 -0.0203303765769133 -0.995313620001281 -0.0665126020979408 0.0671829397268889
1591949662.97685 28.7842585942794 -3.86464573549852 43.2046742564839 -0.0202688761752756 -0.995447519193996 -0.0664662147313746 0.0652353545893101
1591949663.00985 28.7830255485849 -3.8636144736458 43.1924668135742 -0.020283809172381 -0.995561640458062 -0.066510739335084 0.063418520063248
1591949663.04285 28.7817974695975 -3.86252102275771 43.180155854607 -0.0202324394937465 -0.995670895960866 -0.0665055107904959 0.0617019640134248
1591949663.07585 28.7806411658743 -3.86137470782774 43.1678991436894 -0.0201177098938661 -0.995771720647035 -0.0665573289826954 0.0600339909298015
1591949663.10885 28.7795319243223 -3.86027657649331 43.1555860987718 -0.0199347039581208 -0.995872714514317 -0.0664541303867318 0.058514892279923
1591949663.14185 28.7783746280952 -3.85917774080184 43.1433018194255 -0.0198456132183516 -0.995972444445413 -0.066222492746208 0.0570931081295688
1591949663.17485 28.7771905345385 -3.85809006217072 43.1309862173175 -0.0199422410227475 -0.996064940062985 -0.0659252568065342 0.0557745705075909
1591949663.20785 28.7759811633728 -3.85697111026024 43.1186098773979 -0.0201226415727217 -0.996146336064479 -0.065623035092788 0.0546001255187219
1591949663.24085 28.774831063982 -3.85584562592472 43.106306613418 -0.0202950664335226 -0.996222307940975 -0.0653403104432002 0.0534777268627063
1591949663.27385 28.7737514371947 -3.85472970262051 43.0939236847337 -0.0204632579035036 -0.996289951178919 -0.0650913557867752 0.052447151092526
1591949663.30685 28.7726681366225 -3.85362852717248 43.0815101395581 -0.0206758506405075 -0.996343930776091 -0.064981283761718 0.0514656542426027
1591949663.33985 28.7712767740552 -3.85235564565431 43.0689725127175 -0.0210047054242743 -0.996399566789479 -0.0649099976883814 0.0503328704910802
1591949663.37285 28.770159762596 -3.85127339133179 43.0565550803488 -0.02127779072435 -0.996438730988375 -0.0649543142236595 0.04937659437327
1591949663.40585 28.769103220011 -3.85019171260778 43.0441002209122 -0.0216295215804191 -0.996469617420699 -0.0650338418088717 0.0484877796277326
1591949663.43885 28.7680036269655 -3.84912155877189 43.0316365277716 -0.021999176876652 -0.99649693262622 -0.0651469225323984 0.0476001887374769
1591949663.47185 28.7669506687449 -3.84817931276039 43.0189465089854 -0.0222845270285607 -0.996520618472829 -0.0652731640661278 0.0467917820395868
1591949663.50485 28.7659376617244 -3.84708685874734 43.0064088873269 -0.0224793087975747 -0.996550040184475 -0.0653638187177714 0.0459376674085108
1591949663.53785 28.7649490100434 -3.84602530297516 42.9939034741748 -0.0225477513894591 -0.996584263218589 -0.0654146681785014 0.0450813309412866
1591949663.57085 28.76402017213 -3.84496215330434 42.9814026599065 -0.0225951229268484 -0.996613343240209 -0.0655063384417646 0.0442744183411491
1591949663.60385 28.7621904322301 -3.84164298085979 42.9696988118747 -0.0228744441917106 -0.996651747227403 -0.0655036525154005 0.0432588263667215
1591949663.63685 28.7612388867027 -3.84061245899765 42.9571890078336 -0.0231265840271451 -0.996685758355826 -0.0654283453570162 0.0424475184875444
1591949663.66985 28.7602979078195 -3.83960397852528 42.9446672302811 -0.0234498111304507 -0.996721877545293 -0.0652757671082487 0.0416494826974201
1591949663.70285 28.759361159298 -3.83860154834934 42.9321215775744 -0.0236576282308002 -0.99676557025926 -0.0650335341694512 0.0408577288362553
1591949663.73585 28.7594077051468 -3.83980788983145 42.9188041584235 -0.0236814606220869 -0.996803818803283 -0.0647901537495416 0.0402935629984171
1591949663.76885 28.7585138630345 -3.83879498430308 42.9062982906161 -0.0238106219172107 -0.996845227017513 -0.0645672474464607 0.0395438770672053
1591949663.80185 28.7576596942906 -3.83778146769591 42.893772765316 -0.0239363526416227 -0.99688914791175 -0.0642552887401608 0.0388630372837567
1591949663.83485 28.7568386068909 -3.83664484281471 42.8811755808903 -0.0241152426530029 -0.996932750646674 -0.0639093288686963 0.0381987361492034
1591949663.86785 28.7559683355178 -3.8355615344082 42.8685356192097 -0.0244029170772787 -0.996949928840483 -0.0638656146933105 0.0376366879908566
1591949663.90085 28.7551496890624 -3.83446703517665 42.8559552066022 -0.0245730325319333 -0.996965126621517 -0.0638651775614953 0.0371206339892749
1591949663.93385 28.754207626237 -3.8330246966806 42.8432949798748 -0.0245946189107475 -0.996988531595296 -0.0639111045496236 0.0363915279060509
1591949663.96685 28.7534460066338 -3.83188596742882 42.8306259279613 -0.0245559682501245 -0.997003914983703 -0.0639551744123489 0.0359156455650526
1591949663.99985 28.7527022370453 -3.83076263076095 42.8179103735546 -0.0245098301498276 -0.996999680949499 -0.0643134397873117 0.03542154535516
1591949664.03285 28.7520710696929 -3.82979429737806 42.8049857209613 -0.0246615616846784 -0.996985876333202 -0.0646446048649836 0.0351004961395065
1591949664.06585 28.7512571155245 -3.82863484737432 42.7922031375655 -0.0249994744475982 -0.996964807009375 -0.0650965238278761 0.0346214160257759
1591949664.09885 28.7504428955849 -3.82751662411627 42.7794403770137 -0.0254686754110756 -0.996939520041827 -0.0655499186725323 0.0341489108699048
1591949664.13185 28.7496808536496 -3.8264261308687 42.766595892941 -0.0258912602473868 -0.996901649476365 -0.0661997299273783 0.0336799594959309
1591949664.16485 28.748905380734 -3.82536470641701 42.7537398987361 -0.0262349631565315 -0.996860157207578 -0.0669309282906034 0.0331934408944961
1591949664.19785 28.7481475671964 -3.824312243301 42.7408563374811 -0.0265075068168922 -0.996824817128451 -0.0675929694268219 0.0326929124313951
1591949664.23085 28.7473080288931 -3.82319380934762 42.7280405088904 -0.0269383098605634 -0.996796600546175 -0.0680885812813719 0.0321684581622355
1591949664.26385 28.7465656024836 -3.82214204590151 42.7152055222379 -0.0274315915069669 -0.996763154560853 -0.0685864417114205 0.0317272991390556
1591949664.29685 28.7458419146484 -3.82108180883064 42.7023537881776 -0.0279195065768829 -0.996741213307184 -0.0689012324405221 0.0313061498048522
1591949664.32985 28.7449670094425 -3.82001261996286 42.6895573364386 -0.0284437341544996 -0.996724120273401 -0.069157039496524 0.0308104842649248
1591949664.36285 28.7442893116066 -3.81887569631199 42.676680952163 -0.0287732423261754 -0.996730681189448 -0.0691000211331049 0.0304177050590946
1591949664.39585 28.7436277514973 -3.81775564005856 42.6638198067375 -0.0289302398628241 -0.996753015056177 -0.0688903189818673 0.0300098675184936
1591949664.42885 28.742846044033 -3.81546843881636 42.6507191158289 -0.0290081812636618 -0.996791952696729 -0.0685216390661553 0.0294807299520373
1591949664.46185 28.7422319448137 -3.81426286604745 42.6378714096662 -0.0290886660288923 -0.996826032508666 -0.0681455709407003 0.0291185779676556
1591949664.49485 28.7416354166764 -3.81305543514015 42.6250557496318 -0.0291421614932213 -0.996871893743083 -0.0676143487823878 0.028730849749291
1591949664.52785 28.7410578228827 -3.81284842459277 42.6124173062313 -0.0293278615461986 -0.996908056607601 -0.0671520757410223 0.028369031207551
1591949664.56085 28.7404896888722 -3.81160915234005 42.5994846065591 -0.0294377931022892 -0.996945702917328 -0.0667099225521397 0.0279726295694533
1591949664.59385 28.7398674189118 -3.81039927458723 42.5865845051079 -0.0295071823265424 -0.996984133925863 -0.0662761507675096 0.0275578433605945
1591949664.62685 28.7392002213606 -3.80917143320665 42.5736293627871 -0.0295828642307959 -0.997012393081961 -0.0660355499507763 0.0270268075728951
1591949664.65985 28.7386466144912 -3.8079888513164 42.56067094285 -0.029697212121547 -0.997029928936559 -0.0658588339886988 0.0266835226800488
1591949664.69285 28.7379934921818 -3.80678875065276 42.5475954608 -0.0299242849458843 -0.99704302387114 -0.0657036280742257 0.0263206948664734
1591949664.72585 28.7373450064708 -3.80559237572708 42.534450116704 -0.0302181538547792 -0.997051239996281 -0.0655583149318468 0.0260345029294591
1591949664.75885 28.7367210043981 -3.80444070825449 42.5213500405248 -0.0305496928530602 -0.997051290699646 -0.0655184791814745 0.0257442977472686
1591949664.79185 28.7360983098457 -3.80333349171618 42.5082207628696 -0.0308042307939998 -0.997045772768442 -0.0655897366539215 0.0254718043224251
1591949664.82485 28.7354824019506 -3.80220930672131 42.4950580475428 -0.0310476081854264 -0.997045075520438 -0.0655849667832 0.0252145897935065
1591949664.85785 28.7348896203389 -3.80111918510178 42.4818628347687 -0.0311931689015156 -0.997054964672845 -0.0654331429939702 0.0250377202045821
1591949664.89085 28.734287625201 -3.7999865357732 42.468651524216 -0.0313884624456634 -0.997068067530464 -0.0652267692180847 0.0248093069982703
1591949664.92386 28.733682975636 -3.79883152058765 42.4554028682913 -0.0315517957830865 -0.997078197564664 -0.065071371448948 0.0246022101002389
1591949664.95686 28.7324992231927 -3.79577038434345 42.4426111643608 -0.0315581143807641 -0.997093699996396 -0.0649219257468566 0.0243594417330737
1591949664.98986 28.7318723640908 -3.79459728745276 42.4292801026678 -0.031659052661152 -0.997109748478629 -0.0646992604503844 0.0241631862687129
1591949665.02286 28.7313095541013 -3.79341155270047 42.4158910811673 -0.0316641384703725 -0.997131037881493 -0.0644252215813909 0.0240097157937034
1591949665.05586 28.7307748967104 -3.79222368550711 42.4023999628397 -0.0316160707173035 -0.997147784407996 -0.0642378168001305 0.0238793428589529
1591949665.08886 28.7309333841509 -3.79287595179846 42.3884534959527 -0.031682628537806 -0.997154763002954 -0.0641269528931378 0.0237975541200971
1591949665.12186 28.7303837150125 -3.79169081751238 42.3748544861799 -0.0316886335570369 -0.997160612672796 -0.0640653804421195 0.0237101258138588
1591949665.15486 28.7298069653665 -3.7904777046214 42.3612731562356 -0.0317095784423515 -0.997163482602276 -0.064031734720786 0.0236522419266224
1591949665.18786 28.7292440118468 -3.78925964323046 42.3475640645516 -0.0317560264857406 -0.997165619563232 -0.0639914874321108 0.0236087161687916
1591949665.22086 28.7286891994411 -3.78808812080609 42.3338007843836 -0.0316983208320995 -0.997164421760176 -0.064044933658008 0.0235919245688167
1591949665.25386 28.7281134818786 -3.786917570644 42.3200027534458 -0.0317287169566092 -0.997155760896467 -0.0641564180528142 0.0236142129639865
1591949665.28686 28.7275554954456 -3.78570367670339 42.3061144046398 -0.0317109407800894 -0.997149618641871 -0.0642361601493573 0.0236805828998825
1591949665.31986 28.7270335522384 -3.78447884032011 42.2921608879807 -0.0316915484932997 -0.997137969077677 -0.0643844371498647 0.0237941301719157
1591949665.35286 28.7263986150659 -3.78318820102032 42.2780601777975 -0.0317606648351317 -0.997130139949372 -0.0644393896587993 0.0238811480916984
1591949665.38586 28.7257675090413 -3.78195961572293 42.2639167095644 -0.031824826390852 -0.997126163624447 -0.0644337677515661 0.0239767348511344
1591949665.41886 28.7251589680769 -3.78067707635678 42.2497159440245 -0.0319270904342974 -0.997108248585103 -0.0646145770386498 0.0240989197696654
1591949665.45186 28.7245739122832 -3.77943584902282 42.2354347769851 -0.0319963594268471 -0.997107774079762 -0.064534571614127 0.024240646025061
1591949665.48486 28.7239215670953 -3.77808100840831 42.2211745525284 -0.0320264079342802 -0.997110883062615 -0.0644310641069134 0.02434818373041
1591949665.51786 28.7232871912523 -3.77678477743136 42.2067180594857 -0.0320847408327923 -0.997110463171224 -0.0643622620133475 0.0244702445571082
1591949665.55086 28.7226487165621 -3.77548073461301 42.1921570660695 -0.0321534777125312 -0.997110708696069 -0.0642832813294058 0.0245773923787331
1591949665.58386 28.7219422583169 -3.77414503993956 42.1774878669577 -0.0323256233682091 -0.997106246549458 -0.0642616329620527 0.0245892190799092
1591949665.61686 28.7213592702572 -3.77284311054181 42.1627727932526 -0.0323827392587551 -0.997099956910487 -0.0642793630107057 0.0247224112526036
1591949665.64986 28.7206874438762 -3.77152819112687 42.1478633505152 -0.0324442900912707 -0.997100966045738 -0.0641979788781419 0.0248123166812485
1591949665.68286 28.7199529211156 -3.77006700605972 42.132658144688 -0.0325914666146238 -0.997111112652223 -0.0639763352497717 0.0247841452820697
1591949665.71586 28.7192910015872 -3.76869054811748 42.1175307407609 -0.0326580658727091 -0.997118050459212 -0.063794284178492 0.0248864117146115
1591949665.74886 28.71859239425 -3.76734448284659 42.1023777677713 -0.0327735850820352 -0.997120338467912 -0.0636581174978243 0.0249913347210782
1591949665.78186 28.7178990122271 -3.76585757857204 42.0868683302015 -0.0329031544289536 -0.997121548677691 -0.0635357633093257 0.0250839863643894
1591949665.81486 28.7172193846693 -3.76447512374913 42.0713861235378 -0.0329818457796271 -0.997125789592791 -0.0633755100211813 0.025217103471196
1591949665.84786 28.7165030292433 -3.76308199047835 42.0558222561954 -0.032998380455551 -0.997131945395764 -0.0632298823709895 0.0253174314242402
1591949665.88086 28.7149826990762 -3.76050672732981 42.04147631032 -0.0329480044861159 -0.997130484265619 -0.0631898259522146 0.0255396210763509
1591949665.91386 28.714326458121 -3.75911888656911 42.0256881049383 -0.0328583895876064 -0.997136733712948 -0.0630959243778403 0.0256430271397383
1591949665.94686 28.7136179691423 -3.7577230778791 42.0097808186088 -0.0328899804483714 -0.997128065986087 -0.0631647750804516 0.025769757429748
1591949665.97986 28.7136623136535 -3.75728139184502 41.9926336954308 -0.0330645551853656 -0.997110825887292 -0.0633053813857988 0.0258682194276247
1591949666.01286 28.7128981845315 -3.75587579262957 41.9765906731653 -0.0331994438580949 -0.997096115459534 -0.0634279454618279 0.0259620722884978
1591949666.04586 28.7121360652956 -3.75445683495319 41.9604053130286 -0.033341141306936 -0.997075444377708 -0.0636224971054843 0.0260979765003034
1591949666.07886 28.7113872585594 -3.752993949355 41.9442139212304 -0.0334899603354826 -0.99704212082521 -0.0640240424032286 0.0261983558920014
1591949666.11186 28.7106674723473 -3.75146853972083 41.9279246662711 -0.033688582292255 -0.997011137698073 -0.0643468603860631 0.026331583461491
1591949666.14486 28.7099103745203 -3.75005938919937 41.9116508494268 -0.0337672644279686 -0.996982899966985 -0.0646919973996912 0.0264540072373015
1591949666.17786 28.7090529739405 -3.74854783182094 41.8952537153147 -0.0338082142599318 -0.996955486097103 -0.0650723470559093 0.0265019440433772
1591949666.21086 28.7083481323664 -3.74703319583768 41.8790018117422 -0.0339133609059389 -0.996923059798652 -0.0654632259900059 0.0266244781496004
1591949666.24386 28.7075323633367 -3.74557516484469 41.8626433018006 -0.0339084519115776 -0.996894747594246 -0.0658642850785206 0.0267015928187937
1591949666.27686 28.7067342632657 -3.74414298599051 41.8462488222861 -0.0338885305056892 -0.996869044096943 -0.0662409452654629 0.0267546928920934
1591949666.30986 28.7059531496848 -3.74273910559351 41.8298427759634 -0.0339403130346402 -0.996846616400789 -0.0665399458183144 0.0267827207711309
1591949666.34286 28.7052156892302 -3.74132645556334 41.8133376360064 -0.0340476988339082 -0.996834079091703 -0.0666584660698229 0.0268183121529126
1591949666.37586 28.7030242665964 -3.73860237705358 41.7974920284131 -0.0343243950401614 -0.996840984955776 -0.0665615649678417 0.026447016590856
1591949666.40886 28.702194508947 -3.73708541614848 41.7810005481633 -0.0343986205696754 -0.996851234905722 -0.0664147986221254 0.0263329621163775
1591949666.44186 28.7013680166206 -3.73562730258316 41.764462884066 -0.0344757403574189 -0.996861414786545 -0.0662767330239413 0.0261942302091136
1591949666.47486 28.7005781430362 -3.73415083615242 41.7480026187757 -0.0346052341075806 -0.99687217990776 -0.0661118594956164 0.0260299199449672
1591949666.50786 28.6998627289288 -3.73266001647422 41.7314128694615 -0.0347122852976819 -0.996890199064984 -0.0658441359893149 0.0258754326226726
1591949666.54086 28.7007377070511 -3.73240420480881 41.7140396241466 -0.0347912277724419 -0.996899744631844 -0.0655346198970892 0.0261855536125123
1591949666.57386 28.6999440729998 -3.73092786604632 41.6973853362185 -0.0349566310706047 -0.996912058105899 -0.0653243093629483 0.0260214710096776
1591949666.60686 28.6992245113836 -3.72946667332952 41.6807657465164 -0.0351057847527738 -0.996916984490832 -0.0652347264678997 0.0258561476878763
1591949666.63986 28.6984676229787 -3.72799235764342 41.6640201949709 -0.0352324054059901 -0.996915756662644 -0.0652336618913606 0.0257336566251046
1591949666.67286 28.6978549330886 -3.72654681196218 41.6471662478377 -0.0353647001292243 -0.996916691421334 -0.0651779989759598 0.0256569054992963
1591949666.70586 28.6971216833815 -3.72505023746831 41.630319192321 -0.0353064587876755 -0.996922232656514 -0.0651836150569163 0.0255071035426933
1591949666.73886 28.6964409775049 -3.72359522258703 41.613492515531 -0.0351302325788366 -0.996933183217826 -0.0651648251483421 0.0253700713738683
1591949666.77186 28.6956738577498 -3.72212086548369 41.5965575885083 -0.0348601690121232 -0.996948198413031 -0.0651661783803791 0.0251481111170373
1591949666.80486 28.695032476275 -3.72065556520977 41.5797342911505 -0.0345888590916159 -0.996961872618436 -0.0651633854678628 0.0249873681336998
1591949666.83786 28.6944360161609 -3.71912577541746 41.5625787229042 -0.034300734616783 -0.996976128811471 -0.0651759058245875 0.0247822413188607
1591949666.87086 28.6937585898016 -3.71760163856491 41.5455146739922 -0.034174865466158 -0.996985366000508 -0.0651716541593158 0.0245950004135234
1591949666.90386 28.6930544270756 -3.71610162443985 41.5285075797582 -0.0341368767828543 -0.996994003036398 -0.0651377159332496 0.0243866667662823
1591949666.93686 28.6923706421267 -3.7146020765176 41.5114715008876 -0.0342340885698967 -0.996996443775975 -0.0651211904826281 0.024193983301063
1591949666.96986 28.6916666260953 -3.71312651605188 41.4941737814708 -0.0343207472490834 -0.99699932266359 -0.0651311284738694 0.0239243185969549
1591949667.00286 28.6909196374828 -3.71158595303129 41.4770215829163 -0.0345039642171061 -0.997001285164686 -0.065080145413882 0.0237168401389708
1591949667.03586 28.6902192099529 -3.71006079889868 41.4598313657633 -0.0345781209888315 -0.996998240324726 -0.0651632584972476 0.023507702573883
1591949667.06886 28.6895124392767 -3.70854590240949 41.4426563013554 -0.0345283850209027 -0.997007760077091 -0.0651248295107591 0.0232824731312079
1591949667.10186 28.6888023781802 -3.70700900769659 41.4254044590526 -0.0345334647520248 -0.997014508016275 -0.0650834484983187 0.0231009815560415
1591949667.13486 28.6880629601233 -3.70550421495785 41.4081878649704 -0.0345526075527303 -0.99701468546694 -0.0651388412026251 0.0229077637788016
1591949667.16786 28.6875310671121 -3.70390386771885 41.3906786665161 -0.034461087267705 -0.997008846266024 -0.0653206398967592 0.0227817456551613
1591949667.20086 28.6868444622974 -3.70233268394756 41.3733142731311 -0.0344585846435227 -0.997017781595279 -0.0652334291469459 0.0226439583316422
1591949667.23386 28.6861715768365 -3.70079051868801 41.3559081147495 -0.0344665880696987 -0.997022538509031 -0.0652122117392706 0.0224828701885479
1591949667.26686 28.6834716466331 -3.69814844355063 41.338928490104 -0.0346131115148873 -0.997047944633949 -0.0650631226736761 0.0215434138526371
1591949667.29986 28.6828128957037 -3.69659892875152 41.3214843853426 -0.0345499297477504 -0.997054573716316 -0.0650519002889145 0.0213712342788721
1591949667.33286 28.6822327643223 -3.69505196182637 41.3039709254304 -0.0343490578413111 -0.997069616814605 -0.0649957002009842 0.0211631851566573
1591949667.36586 28.6816383719722 -3.69353381565606 41.2864358075395 -0.0342170011197481 -0.997083040684574 -0.0649302199136109 0.0209445304446102
1591949667.39886 28.6830456845546 -3.69306960492863 41.2684003681127 -0.0339003263260787 -0.997086579020781 -0.0649666136609347 0.0211768959257837
1591949667.43186 28.682395187392 -3.69150256930586 41.2508274188149 -0.033918322465451 -0.99709587741314 -0.0648894516385746 0.0209455893422784
1591949667.46486 28.6817630613565 -3.68997144208045 41.2332333804343 -0.0339668726246443 -0.997101728446254 -0.0648346261458944 0.0207573106667433
1591949667.49786 28.6811386586582 -3.68844115454497 41.2156244920641 -0.0340268610425968 -0.997097029922486 -0.0649602879139096 0.0204901596257273
1591949667.53086 28.680524785877 -3.68686823732098 41.1979920464273 -0.0341737676527386 -0.997099566555541 -0.0649006641450519 0.0203103858333588
1591949667.56386 28.6799289493832 -3.68531887248693 41.1803471967031 -0.0342654904572464 -0.997102668467395 -0.0648519242624127 0.0201586859290724
1591949667.59686 28.6792682845642 -3.68357136412118 41.1628294762391 -0.0344270937289147 -0.997111887973764 -0.0648772510233623 0.0193287448746466
1591949667.62986 28.6786610046793 -3.68202944295607 41.1451839019588 -0.0344176742944309 -0.997108869302437 -0.0649961733699472 0.0191003639190977
1591949667.66286 28.6780710582536 -3.68048992780954 41.1275124098094 -0.034342721491404 -0.997108495460075 -0.0651014717443676 0.0188950823927301
1591949667.69586 28.6774334640624 -3.67922954072406 41.1097482277887 -0.0341658337998102 -0.997098536690409 -0.065291283821241 0.0190853919944668
1591949667.72886 28.6768317343018 -3.67770965311741 41.0920758958956 -0.0342637385279485 -0.9971015176053 -0.065236566277548 0.0189407030389835
1591949667.76186 28.6762516612697 -3.67620147576412 41.0743585964495 -0.0342426171157934 -0.99709510625937 -0.0653890154387466 0.0187901279034307
1591949667.79486 28.6756380709523 -3.674639002461 41.056643678304 -0.0343501226635061 -0.99708504896514 -0.0655737818326451 0.0184811617424792
1591949667.82786 28.6750509274718 -3.67312099596232 41.0389071264001 -0.0343309552720705 -0.997080560135347 -0.0656985976330985 0.0183149223130818
1591949667.86086 28.674460684099 -3.67157695414748 41.0211309606432 -0.0343569607533399 -0.997091680119177 -0.0655587557388775 0.0181612287822042
1591949667.89386 28.6713444236058 -3.66862456738917 41.0045123171893 -0.03438399009355 -0.997097468016509 -0.0655837260386591 0.017696196743947
1591949667.92686 28.6708336688873 -3.66711641719327 40.9867908617964 -0.0343317830424344 -0.997098489924705 -0.0656262454925172 0.0175819784312491
1591949667.95986 28.6702599668087 -3.66555755157953 40.9689311726733 -0.0342920527333341 -0.997085731878074 -0.0658846853139208 0.0174157011224007
1591949667.99286 28.6721550031873 -3.66545883159526 40.9498422445173 -0.0341805941000285 -0.997088333865346 -0.0659288867359954 0.0173182952495466
1591949668.02586 28.6716510331801 -3.66391585364699 40.9320687896858 -0.0342152548197616 -0.997097664705755 -0.06579650454645 0.017215788260121
1591949668.05886 28.6711146592369 -3.6623603298239 40.9142430891869 -0.034229376936219 -0.997111254412639 -0.0656156209627312 0.0170905343359055
1591949668.09186 28.6704966170859 -3.66079644350695 40.8963019739555 -0.0343021280504312 -0.997109427739481 -0.0656985401000915 0.0167288658603592
1591949668.12486 28.6699454161104 -3.6592501415385 40.8784804588741 -0.0342408826205271 -0.997099379164499 -0.0659035911260547 0.01664652227425
1591949668.15786 28.6694638747497 -3.65766256768994 40.8605696537984 -0.0340823944167742 -0.997095806410122 -0.0660457746521838 0.016622240545738
1591949668.19086 28.6687430376864 -3.65609234254279 40.8426420636963 -0.0339868993253378 -0.997095371138805 -0.0661560711293122 0.0164038343246915
1591949668.22386 28.6682138036404 -3.65452501439087 40.8246921124496 -0.0339765050903423 -0.997088666374646 -0.0662409773953891 0.0164900395020846
1591949668.25686 28.6676767655054 -3.65298159157569 40.8067456173081 -0.0339603015708647 -0.997081948510013 -0.066319483043692 0.0166136101287401
1591949668.28986 28.6672402445937 -3.6515557000927 40.7889488902568 -0.033960193222987 -0.997078049989581 -0.0663461732449494 0.0167407527006319
1591949668.32286 28.6667097970214 -3.6500167642974 40.7709986696143 -0.0339961646686493 -0.997060553990465 -0.0665354302241182 0.0169572695013134
1591949668.35586 28.6661629071845 -3.6484673742799 40.7530640198958 -0.0339790383597192 -0.997058625163833 -0.0665285360661847 0.017131165384925
1591949668.38886 28.6655023391289 -3.6468535323306 40.7350963462842 -0.0340128732804402 -0.997060222652904 -0.0664649213303774 0.0172177549958407
1591949668.42186 28.6649677737326 -3.6453104482833 40.7171938354375 -0.0340084221540894 -0.997057979564135 -0.0664563536744355 0.017388664881849
1591949668.45486 28.664371429058 -3.6437809317284 40.6992430118349 -0.0340025577253465 -0.997057340943101 -0.0664354092110281 0.0175163164669624
1591949668.48786 28.6623297755713 -3.64123004733527 40.6814039512138 -0.033829241894689 -0.997048471707574 -0.0664115961500701 0.0184235543590502
1591949668.52086 28.6617347690923 -3.63964995471299 40.6634624030446 -0.0338936050366368 -0.99704509414491 -0.0663831650562544 0.0185897599850755
1591949668.55386 28.6610862332935 -3.63810279346687 40.6456190409358 -0.0340873220454591 -0.997037289369277 -0.0663635816085253 0.0187235979187152
1591949668.58686 28.6604283670561 -3.63650994610195 40.6277164179195 -0.0342624782647544 -0.997032100163484 -0.0663101252416541 0.018869051835896
1591949668.61986 28.661264241368 -3.6358637164647 40.6097795317039 -0.0344603635119962 -0.997035872380893 -0.0662946931679433 0.0183566388552538
1591949668.65286 28.6606256071793 -3.63431188087566 40.5919969798837 -0.0345514453884101 -0.997035513951271 -0.0662159398817723 0.0184886680718297
1591949668.68586 28.6599766825372 -3.63277480590598 40.5742029414713 -0.0346205745994156 -0.997035046272679 -0.0661422516693105 0.018647650322655
1591949668.71886 28.6594293480113 -3.63116984879871 40.5563645339811 -0.0345278877575702 -0.997039517951489 -0.0660261469122926 0.0189887475621361
1591949668.75186 28.6587846052905 -3.62963786958868 40.5385931727455 -0.0345780587261526 -0.997035570349293 -0.0660096970738803 0.0191611378891171
1591949668.78486 28.6581605928969 -3.62812218994863 40.5208004740206 -0.0345903379908835 -0.997029622219425 -0.0660409963181411 0.0193397967924755
1591949668.81786 28.6575742948959 -3.6265593546871 40.5031169674987 -0.0345605460018857 -0.997029686420252 -0.0659782045972273 0.0196022849410779
1591949668.85086 28.6569476060858 -3.62502731944101 40.4854042377818 -0.0345829308276399 -0.997027816311649 -0.0659394531861187 0.0197874432333024
1591949668.88386 28.6563314324462 -3.62352340070633 40.4676940090908 -0.0345826237782562 -0.997031908732041 -0.0658221021121964 0.0199716292847024
1591949668.91686 28.6555800146833 -3.62197298346161 40.449945390307 -0.034682344255078 -0.997026039246712 -0.0657778458475079 0.0202357865339365
1591949668.94986 28.65486275464 -3.6204622584298 40.4322293110717 -0.0347442855316161 -0.997020421412771 -0.06578495851332 0.0203826676909407
1591949668.98286 28.6542209102887 -3.61893863251573 40.414519525664 -0.0347573752119917 -0.997011156970913 -0.0658667322489895 0.0205487548706485
1591949669.01586 28.65367863129 -3.61738080600142 40.3966629138082 -0.0347335766214968 -0.996995236059557 -0.0660178752306872 0.020873861158239
1591949669.04886 28.6529974950097 -3.61587706271282 40.3789395570703 -0.0348994091307208 -0.996969856022472 -0.0662572081424652 0.0210504107804333
1591949669.08186 28.6522554131081 -3.61434430488391 40.361245049378 -0.0351024819811711 -0.996945235897556 -0.0664819337970647 0.0211699045470407
1591949669.11486 28.6516617210742 -3.61273970929349 40.3433460029446 -0.0351470502755127 -0.996916337973516 -0.0668042672465205 0.0214403781697048
1591949669.14786 28.6509913739449 -3.61121740118709 40.325661334808 -0.0352332528897443 -0.996887856404635 -0.0671434043688301 0.0215634620027487
1591949669.18087 28.6503047321165 -3.60966126163235 40.3079403435632 -0.0353014572790334 -0.996867989610199 -0.0673715543427585 0.0216585334207439
1591949669.21387 28.6481739323377 -3.60668152986696 40.2902562604256 -0.0353797380182784 -0.996859815618893 -0.0673340316816503 0.0220206793609723
1591949669.24687 28.6475341951081 -3.605149440095 40.2725332834948 -0.035399562779132 -0.996840042480797 -0.0675825779301915 0.0221222924272992
1591949669.27987 28.646864724084 -3.60359218872011 40.2547957083211 -0.0354544775460735 -0.996822510974564 -0.0677811509864999 0.0222165975623219
1591949669.31287 28.647835341069 -3.60337469813894 40.2371835981949 -0.0354494584554502 -0.996796432354655 -0.0681220711424137 0.0223515494656463
1591949669.34587 28.6472336956926 -3.60180183039376 40.2194930827473 -0.0354725825147144 -0.996795511146439 -0.0680872213438844 0.0224618596228353
1591949669.37887 28.6465648540096 -3.6002004588536 40.2018292940105 -0.0355666161530062 -0.996801237867845 -0.0679340151499919 0.0225228236719563
1591949669.41187 28.6457919453392 -3.59863780389399 40.1842066367343 -0.0356616568664559 -0.996801904612239 -0.0678204957117343 0.0226845663913975
1591949669.44487 28.6451659533673 -3.59703741684926 40.1665983677098 -0.0357059261520696 -0.996811239416697 -0.0676455655200488 0.0227270164263539
1591949669.47787 28.6444962325874 -3.59548632971948 40.1490470457361 -0.0358272735853301 -0.996814023906397 -0.0675382852743774 0.0227329767777232
1591949669.51087 28.6437763673119 -3.59389744254421 40.1313665513275 -0.0359656528107402 -0.996826508447446 -0.0673061611719792 0.0226553424750567
1591949669.54387 28.6431132215615 -3.59232997417872 40.1138262620587 -0.0360276559592988 -0.996843149548474 -0.0670463898297848 0.0225947961962616
1591949669.57687 28.6424733304599 -3.5907539761961 40.0962367170188 -0.0361229436949434 -0.99685279702483 -0.066879939959505 0.0225101673382864
1591949669.60987 28.6418048865196 -3.58919157373278 40.0785289756331 -0.0361527532798278 -0.996850708306585 -0.0668877718159115 0.0225315281428281
1591949669.64287 28.6411682236443 -3.58762338184268 40.0609360114676 -0.0360677482974406 -0.996862050284781 -0.0668051380977159 0.0224107955798412
1591949669.67587 28.640565433099 -3.58603004365137 40.0433262563242 -0.0360476494112925 -0.996875396210891 -0.0666392938609589 0.0223431402227148
1591949669.70887 28.6398674406331 -3.58454258164464 40.0257467810072 -0.0361008966163636 -0.996876969414424 -0.0665982939744553 0.0223091988717654
1591949669.74187 28.6392650690457 -3.58299806797752 40.0081491105586 -0.0360979963037473 -0.996884948408394 -0.0664929049147468 0.022271683718281
1591949669.77487 28.6386213071002 -3.58144263118304 39.9905742425729 -0.036108443522611 -0.996886337365871 -0.0664766208320582 0.0222411681883724
1591949669.80787 28.634137733472 -3.57801032096926 39.9731987509285 -0.0361824109345504 -0.996898280528883 -0.0664355385778149 0.0217018577867281
1591949669.84087 28.6335263466106 -3.57648803105671 39.9556136549843 -0.0361764002224417 -0.996905027681378 -0.0663575382083675 0.0216404938359069
1591949669.87387 28.6329259364796 -3.57496085551557 39.9380090367523 -0.0361949562514431 -0.996903828776948 -0.0663896030411856 0.0215662217333326
1591949669.90687 28.6362380330339 -3.57542484691486 39.9202746134235 -0.0361068993884402 -0.996885999754979 -0.066474720931054 0.0222644736341945
1591949669.93987 28.635571531345 -3.57392384240366 39.9027456154325 -0.0362023090150512 -0.996884738837771 -0.0664597151522548 0.0222107306545614
1591949669.97287 28.6349036084305 -3.57238778288844 39.8851647833561 -0.0363130876190067 -0.996882848606227 -0.0664441058071351 0.0221613768931039
1591949670.00587 28.6343691177449 -3.57081131006424 39.867588229904 -0.0364642882411053 -0.996874709579455 -0.0664764837810781 0.022182114147457
1591949670.03887 28.6337279119459 -3.56928090647568 39.8500641372307 -0.0366514925248441 -0.996861915776034 -0.0665779440458186 0.0221442167996349
1591949670.07187 28.6330387087905 -3.56774991986859 39.8325023657186 -0.0369139003519044 -0.996853016579508 -0.0665780183452518 0.0221087034980617
1591949670.10487 28.6323134379143 -3.56615838618101 39.8148324224308 -0.037411292522015 -0.996843287581901 -0.0665088331478974 0.0219187204928668
1591949670.13787 28.6316428921123 -3.56469409468363 39.7973446294793 -0.0379990085187793 -0.996819321087371 -0.066534357074014 0.0219202141242036
1591949670.17087 28.6309089880832 -3.56318981572904 39.7798574409045 -0.0385734615526881 -0.996816299235134 -0.0662493037647693 0.0219176502777705
1591949670.20387 28.6302128909876 -3.56164675444806 39.762396654222 -0.0388925539974741 -0.996849134225074 -0.065637797435017 0.0216991333042285
1591949670.23687 28.6296255738676 -3.56015981304262 39.7448955709839 -0.038626676675692 -0.996878047147973 -0.0653687086207467 0.0216580446183776
1591949670.26987 28.6290806312681 -3.558723551738 39.7274819648833 -0.0383481168951568 -0.996922167185924 -0.0648698291875905 0.0216222053705952
1591949670.30287 28.6285194339243 -3.55723886254087 39.710124281206 -0.03846115085411 -0.996933742632319 -0.0646470479981124 0.0215548570216535
1591949670.33587 28.6279181518606 -3.55573094683687 39.6926704168595 -0.038734511344987 -0.996936101406243 -0.0644368751469081 0.0215855614957776
1591949670.36887 28.6273159510272 -3.55418673184207 39.6751407632406 -0.0390597674391039 -0.996916818024765 -0.064544310976874 0.0215690618131923
1591949670.40187 28.6266312735771 -3.55258418615855 39.6576440311087 -0.0393126830907863 -0.996901997288845 -0.0646293019870498 0.0215400574368151
1591949670.43487 28.6260038720979 -3.55099891844102 39.6400577251313 -0.0392769998456162 -0.996876770377698 -0.0650832022036573 0.0214055776697329
1591949670.46787 28.6254010897475 -3.54939505130772 39.6223992757356 -0.0392733040034164 -0.996825761288309 -0.0659204960968267 0.0212249244754082
1591949670.50087 28.6247243410751 -3.54790882646371 39.6047805002776 -0.0393881807669291 -0.996758219855518 -0.0669464266068902 0.0209713693138752
1591949670.53387 28.6240883737224 -3.5463776709529 39.5871502837541 -0.0395083123067964 -0.996676786823639 -0.0681252338857607 0.0208189426625029
1591949670.56687 28.6234738472233 -3.5448673982893 39.5696228088163 -0.0393396397322173 -0.996607465035894 -0.0692658330209786 0.0206929397713138
1591949670.59987 28.6229607322601 -3.54332042605627 39.5520957139926 -0.0391643354847617 -0.996550416427546 -0.0702028586490858 0.0206150668594227
1591949670.63287 28.6223556124814 -3.54181159764203 39.5345555349194 -0.0392037034949483 -0.996487070014709 -0.0710927524463085 0.0205526026426925
1591949670.66587 28.6217435479692 -3.54027333720449 39.5170549578764 -0.039281440720157 -0.996465794133315 -0.0713601243712026 0.0205090757211781
1591949670.69887 28.6212032028228 -3.53871747719287 39.4997519339188 -0.039403985215157 -0.996457099272879 -0.0714547705334684 0.0203664190729174
1591949670.73187 28.6206100208669 -3.5371404778609 39.4824408041695 -0.0393360870142366 -0.996468391340714 -0.0713641815511806 0.0202625494148363
1591949670.76487 28.6200402063738 -3.535593050896 39.4652301705064 -0.0390992124030949 -0.99652484799563 -0.0707229108804209 0.0201927906279681
1591949670.79787 28.6160794323127 -3.53211878481711 39.447696197233 -0.0388181512257983 -0.99662497585206 -0.0697100009529351 0.0192957096379915
1591949670.83087 28.6155255226604 -3.53049242682083 39.4305086211441 -0.0386800702693492 -0.996710496485241 -0.0685683307417724 0.0192463601594925
1591949670.86387 28.614989628125 -3.52888109522686 39.4133383285883 -0.0386032971888599 -0.996785040870246 -0.0675276905096906 0.0192192288575219
1591949670.89687 28.6180404116452 -3.52907741710101 39.3962743485516 -0.0385012702907042 -0.996818040007174 -0.0668297844700124 0.0201302560825853
1591949670.92987 28.6174249409119 -3.52749235696153 39.3790604746203 -0.0384330381132132 -0.996873691702545 -0.0660547504146617 0.0200627595405939
1591949670.96287 28.6169102136565 -3.52591258668716 39.3618267877675 -0.0382942574580188 -0.996916542683898 -0.0655065188053288 0.0199963187344591
1591949670.99587 28.6163496260868 -3.5242953854751 39.3444137855365 -0.0380650938406316 -0.996950848095793 -0.0651479163888321 0.0198948260152189
1591949671.02887 28.6158260784098 -3.52275566307084 39.3270673987267 -0.0380207828923999 -0.996960204338995 -0.0650521464373309 0.019823957135113
1591949671.06187 28.615300747515 -3.52124463915141 39.30969546658 -0.038014383428603 -0.996954203477716 -0.065164262024571 0.0197697186487154
1591949671.09487 28.6147545552774 -3.51964942240299 39.292247447264 -0.0379985273071557 -0.996949838198315 -0.0653095389962696 0.0195396047794307
1591949671.12787 28.614180992964 -3.51814358551681 39.2748205150369 -0.0379633648895084 -0.996934350825316 -0.0655920603958731 0.0194515984895064
1591949671.16087 28.6136532922392 -3.51664636381515 39.2573999024929 -0.0379220519618959 -0.99691590867092 -0.0659159998935803 0.0193822076106431
1591949671.19387 28.613088800351 -3.51516021951852 39.2400539933263 -0.0379385118237899 -0.996897575696946 -0.0662695093491054 0.0190852042372169
1591949671.22687 28.6125313387474 -3.51371574907937 39.2227318019701 -0.0378857961920383 -0.996879413461656 -0.0666037264167628 0.0189748541665449
1591949671.25987 28.6120061465196 -3.51224867467425 39.2053393337839 -0.0378368612679715 -0.996868365802142 -0.0668286218075987 0.0188618265194988
1591949671.29287 28.6113899540869 -3.51077953438321 39.1880348760929 -0.0378685838277589 -0.996857060706969 -0.0670705200590504 0.0185341904746632
1591949671.32587 28.6108665284662 -3.50933317602623 39.170770300119 -0.0378963468055749 -0.996851780964762 -0.0671474713582568 0.0184827156112466
1591949671.35887 28.6103979870743 -3.50785339083418 39.153534882858 -0.0379499692018722 -0.996850091574045 -0.0671516335701196 0.0184486551070716
1591949671.39187 28.6097748545716 -3.50626474956447 39.1362416628079 -0.0379469176165137 -0.996855482779126 -0.0671403839616059 0.0182029321288958
1591949671.42487 28.6092418121389 -3.50473293673142 39.1189369563728 -0.0379259551139485 -0.996858988982999 -0.0671230243923643 0.0181184328491572
1591949671.45787 28.6087456718887 -3.50317193341449 39.1017084715698 -0.0377951533295335 -0.996870577988432 -0.0670457927800908 0.0180399222918502
1591949671.49087 28.6082768248932 -3.50168138428359 39.0845377075104 -0.0376641699533698 -0.996884132195457 -0.0669419200394154 0.0179503933124083
1591949671.52387 28.6075807308102 -3.50029442158555 39.0672976514415 -0.0375306397048381 -0.996900746918054 -0.0668371927962766 0.0176958056240765
1591949671.55687 28.6071355100752 -3.49879436425486 39.0501087383468 -0.0373616595647735 -0.996909691539962 -0.0668254750637607 0.0175934416975987
1591949671.58987 28.6066710541563 -3.497276078199 39.0328503797446 -0.0372688976202888 -0.996920079487667 -0.0667385902542954 0.0175312565248976
1591949671.62287 28.6061862754677 -3.4957997667302 39.0157016233738 -0.037274025444675 -0.99692653130065 -0.0666589752216772 0.0174562091646427
1591949671.65587 28.6056536028741 -3.49434539967389 38.998719302565 -0.0373520930014174 -0.996941573610458 -0.0664508258280282 0.0172223024677193
1591949671.68887 28.6051752589978 -3.49286007587174 38.9815688348131 -0.0373773709376646 -0.996955082223327 -0.0662548836078556 0.0171402032945354
1591949671.72187 28.604677633069 -3.49140148219311 38.9644295750452 -0.0374266911382617 -0.99696067860226 -0.0661631319852277 0.017061303504337
1591949671.75487 28.6041613794145 -3.48991892924828 38.9472482275391 -0.0374605766176494 -0.996968866543942 -0.066045447539812 0.0169641740390545
1591949671.78787 28.6029366839894 -3.48816933252232 38.9298469752827 -0.0375580646782542 -0.996989390751566 -0.0659084669305168 0.0160505605296104
1591949671.82087 28.6024294099531 -3.486667185914 38.9127143116739 -0.0376574068114832 -0.996981500631128 -0.065995229877363 0.0159510734739766
1591949671.85387 28.6020002725827 -3.48517727803622 38.8955317079231 -0.0377173532631729 -0.996974483728516 -0.066081591512052 0.0158903530581931
1591949671.88687 28.6014994536325 -3.48374636068975 38.8784576373643 -0.0378177437304669 -0.996959376607929 -0.0662642126854171 0.0158389952284809
1591949671.91987 28.6015316989456 -3.48268127916553 38.8618329604207 -0.0379640948787808 -0.996931303408062 -0.0665102590408068 0.0162200255074453
1591949671.95287 28.6010451121888 -3.48121889848288 38.8447812620143 -0.0381253193760351 -0.996911408712851 -0.0667253459973812 0.0161812052136102
1591949671.98587 28.6005269895119 -3.47976390672883 38.8277425337644 -0.038191107810644 -0.996890295956471 -0.0670231665309424 0.0160957217974807
1591949672.01887 28.6000833821166 -3.47830517334788 38.81059531378 -0.0381850117418301 -0.996872095022975 -0.0673369169659847 0.0159270416680939
1591949672.05187 28.599580481022 -3.4768519085155 38.7935465268828 -0.0382083284187343 -0.996858429290136 -0.0675548934365887 0.0158029100301406
1591949672.08487 28.5991526112207 -3.47535696648204 38.776438459085 -0.0381845634847317 -0.996849253942824 -0.0677274672926475 0.0157001337331671
1591949672.11787 28.5987190611453 -3.47384311106309 38.7593219416257 -0.0381379741336454 -0.996843898723645 -0.0678736350687399 0.0155211523083653
1591949672.15087 28.5982308134405 -3.47234760561599 38.7423139977411 -0.0381630247061212 -0.996843680693708 -0.0678926756857591 0.0153897496577593
1591949672.18387 28.5977436376079 -3.47084299972224 38.7253484895812 -0.0382145199445253 -0.99684942870249 -0.0678024032203314 0.015287284862807
1591949672.21687 28.5964464257364 -3.46857307410861 38.70847415708 -0.0379179496773939 -0.996886594996212 -0.0673825742361862 0.0154575062162762
1591949672.24987 28.5959790783213 -3.46705576094571 38.69149722847 -0.0379966665746801 -0.996901309775403 -0.0671392420550667 0.0153738112896464
1591949672.28287 28.5955278823694 -3.46555106417771 38.6745800252772 -0.0380835180499992 -0.99691998364149 -0.0668316861756245 0.0152878249633051
1591949672.31587 28.5959593233947 -3.46485093895185 38.6574031119198 -0.0383867881683461 -0.996924075022673 -0.0667836459673186 0.0144494901508231
1591949672.34887 28.5955084578274 -3.4633735954806 38.6404528982395 -0.0384106507724899 -0.996937495341262 -0.0665843268484676 0.0143798368579773
1591949672.38187 28.5950773006969 -3.46194226764966 38.6235678087427 -0.0383859135120265 -0.996945661265018 -0.0664895031476849 0.0143183832843183
1591949672.41487 28.5945677378761 -3.46039937035021 38.606677572608 -0.0384808326292338 -0.996955215744163 -0.0663146950165777 0.0142086081488675
1591949672.44787 28.5941248608448 -3.45896314388339 38.5897305172912 -0.0384860202019469 -0.996949288181242 -0.0663955766359192 0.0142327245147628
1591949672.48087 28.5937196656439 -3.45753707971146 38.5728344410914 -0.0384281296239159 -0.996939977402045 -0.0665541144737992 0.0143007048017278
1591949672.51387 28.5933096535331 -3.45600002011385 38.5559438885592 -0.0383038980783943 -0.996939128476151 -0.0666256345259389 0.0143600253909667
1591949672.54687 28.5928561164248 -3.45453914067782 38.5390520536362 -0.0383135753598872 -0.996926732650779 -0.0667907484260861 0.0144275983472236
1591949672.57987 28.5924295140612 -3.45310822644061 38.5222173195698 -0.0382938533138412 -0.996916808485386 -0.0669358062840822 0.0144932948217846
1591949672.61287 28.5919335856516 -3.45170366401209 38.5055359257832 -0.0382659749691479 -0.996904085197226 -0.0671362605388902 0.0145149094932577
1591949672.64587 28.5914673476571 -3.45026431501142 38.4887134556093 -0.0383513088388099 -0.996883391925912 -0.0673917378407383 0.0145269984319989
1591949672.67887 28.5909824168723 -3.44882041116472 38.4719832835616 -0.0385215104180332 -0.996857282372868 -0.0676770485267744 0.0145419709117303
1591949672.71187 28.5905498582686 -3.44736480477731 38.4552134874728 -0.0385952745630399 -0.996838797111895 -0.0679063377801776 0.0145446431100304
1591949672.74487 28.5900362446101 -3.44593897864857 38.4385072832632 -0.0388938101462225 -0.996803670547423 -0.0682417939024234 0.0145866884683847
1591949672.77787 28.5895349915886 -3.44449582064133 38.4218629287544 -0.0391575342590508 -0.996774801919834 -0.0685050184258053 0.0146199938066801
1591949672.81087 28.5891807938797 -3.4430962997932 38.4054681177996 -0.0392974634901085 -0.99675453319994 -0.0687027185183323 0.0146985161429393
1591949672.84387 28.5887428669863 -3.4417071240054 38.3890060957995 -0.0394980951113099 -0.996733851579589 -0.0688734357838232 0.0147641268359044
1591949672.87687 28.5882747741783 -3.44031408306552 38.3724986872729 -0.0396914125615419 -0.996709739824106 -0.0690984863055472 0.0148217913531223
1591949672.90987 28.5878339316476 -3.43882992276321 38.3560732028902 -0.0397553294495452 -0.996700302605008 -0.0691828943710008 0.0148911951801861
1591949672.94287 28.5875258663959 -3.4375533193888 38.3399663687382 -0.0397282212468605 -0.99669609730574 -0.0692406998303785 0.0149760989268254
1591949672.97587 28.5871564963846 -3.43611147183204 38.3234612957406 -0.0396866869691757 -0.996693131126425 -0.0692968468011021 0.0150238565700737
1591949673.00887 28.5866349237915 -3.4347052945308 38.3073253410026 -0.0396421584910941 -0.99669819653385 -0.069249701804997 0.0150227526192065
1591949673.04187 28.586362741929 -3.43343174221039 38.2914165581356 -0.0395986009171686 -0.996702419022068 -0.0691984771353085 0.0150933589076326
1591949673.07487 28.5858529365742 -3.43197438705048 38.2751222396058 -0.0396168710984706 -0.996713631999533 -0.0690218901753994 0.015113503474743
1591949673.10787 28.5854751934915 -3.43048784027259 38.2590631585387 -0.0394775065254275 -0.996740869444563 -0.0686954698464288 0.0151689841455943
1591949673.14087 28.5850763296847 -3.4291439112283 38.2431393797489 -0.0394059128489209 -0.996761550745631 -0.0684262311601886 0.0152130166936437
1591949673.17387 28.5846962917281 -3.42784384197139 38.2272588320516 -0.0393932191300422 -0.996786608616329 -0.0680566197470564 0.0152619683636774
1591949673.20687 28.5842333933509 -3.42642048696497 38.2114184529668 -0.0392410223206235 -0.996815293199678 -0.0677069534205544 0.0153356404815497
1591949673.23987 28.5838735245297 -3.42508377123315 38.195596120889 -0.0392000978863298 -0.996835236705155 -0.067427711924659 0.0153742269166902
1591949673.27287 28.5834592897705 -3.42377456825638 38.1798647726215 -0.0391568991487604 -0.996844850457977 -0.0673097041383712 0.0153780718320503
1591949673.30588 28.5830946600836 -3.42236421751798 38.1639989660511 -0.0390572633237191 -0.996851770238876 -0.0672480133367635 0.015452606755459
1591949673.33887 28.5827798728258 -3.42105702337007 38.1483518076274 -0.038920520779758 -0.996855230198324 -0.0672613480387331 0.015516254331867
1591949673.37188 28.5824190175828 -3.41976010750976 38.1327500787177 -0.0388476920151629 -0.996848984030295 -0.0673814070721805 0.0155790193477019
1591949673.40488 28.5826959557469 -3.41774988503947 38.1167233012666 -0.0384609295202637 -0.996828780645793 -0.067475033822316 0.0173279770122135
1591949673.43788 28.5822866432463 -3.41650020933309 38.1012220526957 -0.0383557776143258 -0.996807910452693 -0.067825798831817 0.0173920957725771
1591949673.47088 28.5818939719662 -3.41515434335881 38.0857130760958 -0.0382025189574447 -0.996787638789815 -0.0681985149060952 0.0174336819328239
1591949673.50388 28.5814586598246 -3.41386630546481 38.0703018107818 -0.0380318122252233 -0.996770120169567 -0.0685504508330083 0.0174282668846856
1591949673.53688 28.5808464732822 -3.41322430919904 38.0554281501652 -0.0382361126840613 -0.996751976166459 -0.0690411190805962 0.0160256535332853
1591949673.56988 28.5805469677746 -3.41198093757125 38.040174841096 -0.0380580845156448 -0.996736273694076 -0.0693569510784272 0.0160622614395387
1591949673.60288 28.5802319236697 -3.41068646390468 38.0249935403371 -0.0378704879063069 -0.996725674292031 -0.069606454169908 0.0160840881223439
1591949673.63588 28.5798935292879 -3.40941139975214 38.0098705388427 -0.0376864559600538 -0.996716102836077 -0.0698376776504468 0.0161071463899243
1591949673.66888 28.5796759737631 -3.40808872519871 37.9948785314375 -0.0374933176958257 -0.996721414137068 -0.0698124178128927 0.0163370758669398
1591949673.70188 28.5793583835576 -3.40682333463593 37.9799731959019 -0.037338225306615 -0.996732914315569 -0.0697209096366463 0.0163813677812169
1591949673.73488 28.5790754739851 -3.40556432080347 37.9651865831893 -0.0372274444551114 -0.99674661129648 -0.0695683473079771 0.0164485653223085
1591949673.76788 28.5787856077292 -3.40431253768029 37.950568118901 -0.0372383455767149 -0.996753934025456 -0.0694504786574495 0.0164782170679001
1591949673.80088 28.5784665038418 -3.40311370123374 37.9359326180945 -0.0373524976392831 -0.996763138541385 -0.0692102359069127 0.0166727265600041
1591949673.83388 28.5782067834426 -3.4018868112497 37.9214710892698 -0.037402829590749 -0.996772727694448 -0.0690446551245174 0.0166731299374793
1591949673.86688 28.5779342912238 -3.40069226512848 37.9070537378927 -0.0374725711556416 -0.996777198527255 -0.0689471384446353 0.0166527777694554
1591949673.89988 28.5776389071887 -3.39947705644715 37.8927196908117 -0.0375460071803872 -0.996778403810291 -0.0689075288149807 0.0165790082583574
1591949673.93288 28.5773045887649 -3.398248803147 37.8785076876053 -0.0375656753976879 -0.996774410073549 -0.0689335343715479 0.0166662321323635
1591949673.96588 28.5770517763268 -3.39705155111908 37.8643145162879 -0.037578866424962 -0.996764979348461 -0.0690744760767771 0.0166169039653894
1591949673.99888 28.5767709500208 -3.39584162033858 37.8501626156323 -0.0375149318309016 -0.996749821113796 -0.0693395721731393 0.016566464021745
1591949674.03188 28.5765279748588 -3.39466897669701 37.836170499632 -0.037412845948279 -0.996737261000236 -0.0695368293601998 0.0167254552801799
1591949674.06488 28.5762610041807 -3.3934987718108 37.8221987831276 -0.0373479043979328 -0.9967199241672 -0.0698226518796823 0.0167129916443373
1591949674.09788 28.5759978311916 -3.39233111536589 37.8082540366394 -0.0373141014592596 -0.996694574240207 -0.0701991829000114 0.0167229851579105
1591949674.13088 28.5757362886081 -3.39118663602784 37.7944363874589 -0.0372646579892298 -0.996670027670498 -0.0705733369299483 0.0167214031350871
1591949674.16388 28.5755564330596 -3.39004772196586 37.7807305634283 -0.0371634511759629 -0.996649555540126 -0.0708678547675726 0.0169200620271896
1591949674.19688 28.5752927204437 -3.38887212348772 37.767120713466 -0.0369706057608678 -0.996642952242892 -0.0710663489391742 0.0168989379164269
1591949674.22988 28.5750262948307 -3.38771339860336 37.7535874754751 -0.0368662820485975 -0.996641520029254 -0.0711422863436958 0.0168917996520046
1591949674.26288 28.5748771488255 -3.38657609010782 37.7401065354086 -0.0368361785610915 -0.996638828678676 -0.0711409053398616 0.0171205346422648
1591949674.29588 28.5745852901723 -3.385397872926 37.7267688565721 -0.0368220059110388 -0.996648139777499 -0.0710242645905919 0.0170932500743209
1591949674.32888 28.5743098447005 -3.38423861240845 37.7135320104165 -0.0368424709896341 -0.996659124086268 -0.0708591463713363 0.0170939779600023
1591949674.36188 28.5742501849221 -3.38322856952671 37.7004136872959 -0.0368557923926943 -0.996658105608342 -0.0707914268811854 0.0174024415650301
1591949674.39488 28.5739815284336 -3.38211770790371 37.6873910525984 -0.0369996196374025 -0.996668953780611 -0.0705544392974548 0.0174383431544378
1591949674.42788 28.5737710142575 -3.38102834622154 37.674380004532 -0.0371021784154907 -0.996682438914377 -0.0702927713998268 0.0175063018780972
1591949674.46088 28.5736099883828 -3.37986407210891 37.6612718256628 -0.0371019096437382 -0.996697556343233 -0.0700036380413273 0.0178022510148117
1591949674.49388 28.5733388054057 -3.37877241113466 37.6483946777951 -0.0371543160666436 -0.996712945084772 -0.0697485538461451 0.0178325863079828
1591949674.52688 28.5730607357993 -3.37768409221688 37.6354444144298 -0.0371834505365983 -0.996721433647782 -0.06960162320287 0.0178714509995233
1591949674.55988 28.5728193367716 -3.37659963178034 37.6225445943263 -0.0371482223359715 -0.996729377648473 -0.0694985055693079 0.0179029336534177
1591949674.59288 28.5728155093608 -3.37550098949369 37.609726447894 -0.037015876822655 -0.996742779705571 -0.0693463440423277 0.0180205586990486
1591949674.62588 28.5725993407634 -3.37444393635322 37.5969436265082 -0.0369065938864966 -0.996747861073727 -0.0693271297173431 0.0180375679569675
1591949674.65888 28.572340030712 -3.37337112076543 37.584107127738 -0.036811355286911 -0.996753507878971 -0.0692905805629326 0.0180605674926887
1591949674.69188 28.5720535843372 -3.37230978353303 37.5713667626553 -0.0366528061413698 -0.996753765741509 -0.0693696601145984 0.0180652300751686
1591949674.72488 28.5709194931602 -3.37091740056072 37.5582365823603 -0.036622944007866 -0.996771459205524 -0.0693300804066585 0.0172846184885015
1591949674.75788 28.5706771507084 -3.36985868775173 37.5455718153212 -0.0366014558509011 -0.996767690383448 -0.0693878858546519 0.0173154882652006
1591949674.79088 28.5703842713556 -3.36879029610277 37.5329568213679 -0.0365701301160897 -0.996772912313724 -0.0693239826773333 0.0173370206973948
1591949674.82388 28.5702001219541 -3.36774057167708 37.5204108454646 -0.0364349767790042 -0.996781928031615 -0.0692563308807152 0.0173735733121083
1591949674.85688 28.5708156463373 -3.36692218142528 37.5082731075462 -0.0362087085346103 -0.996795099327095 -0.0690539659771937 0.0178888000314176
1591949674.88988 28.5705696895181 -3.36591334652692 37.4958708446214 -0.0361145823945259 -0.99680945306515 -0.0689026743122277 0.0178626059422548
1591949674.92288 28.5702902460564 -3.36486893862518 37.4834431102108 -0.036042468255372 -0.996828462931001 -0.068673253087898 0.0178308800400899
1591949674.95588 28.5699682400643 -3.36381292077214 37.4710731939565 -0.0360726584742747 -0.996847338486028 -0.0683901983996603 0.0178024668733494
1591949674.98888 28.5685926572546 -3.36247419091224 37.4579550371833 -0.0362713050651965 -0.996882549323786 -0.0680270634956901 0.0167896966836922
1591949675.02188 28.5683245443811 -3.36146735635607 37.4456725758805 -0.03634703521774 -0.996897465510472 -0.0677685044984981 0.0167858895419539
1591949675.05488 28.5680799778956 -3.36048038863371 37.4333902298967 -0.0362954947767317 -0.996906012820849 -0.0676660463145682 0.0168031198502956
1591949675.08788 28.5678291580777 -3.35945292400649 37.4211059085717 -0.0361775369115296 -0.996911425516117 -0.0676476662388765 0.0168103762858346
1591949675.12088 28.5678584022002 -3.35849527098964 37.4090511180093 -0.0359819610663483 -0.996919710687355 -0.06752048227721 0.0172445177929894
1591949675.15388 28.5676108109234 -3.35746909850491 37.3968175100864 -0.0359387112125724 -0.996925350135415 -0.0674601248692504 0.0172449078392892
1591949675.18688 28.5673337682082 -3.35644188963175 37.3846092993878 -0.03584763775921 -0.996931236448062 -0.0674274141302437 0.0172220929312458
1591949675.21988 28.5670244655469 -3.35539007560039 37.3724358739101 -0.0357667229929297 -0.996935431950502 -0.067418720013296 0.0171814504562844
1591949675.25288 28.5664076892532 -3.35428017387194 37.3602101359625 -0.0358236061789182 -0.996936608159217 -0.0674450847450009 0.0168887268931999
1591949675.28588 28.5661215269155 -3.3532387972335 37.3481304619511 -0.0357215124905845 -0.996938854537333 -0.0674787744368789 0.016837721332551
1591949675.31888 28.5657805959398 -3.352229579743 37.336065880489 -0.0355550360897468 -0.996944958691525 -0.0674909285607802 0.0167798483370164
1591949675.35188 28.5654085822424 -3.35123712905993 37.324087053055 -0.0354173575761016 -0.996946799487683 -0.0675467867845563 0.0167368267205745
1591949675.38488 28.5651071926605 -3.35027604766213 37.3122051320014 -0.0352783082404411 -0.996938982166115 -0.0677391921249117 0.0167185123605006
1591949675.41788 28.5640752177166 -3.34890728431662 37.2997461900981 -0.0353709156752622 -0.996943995307029 -0.067822410214366 0.0158647161420366
1591949675.45088 28.5637620820307 -3.34795456204477 37.2879306671485 -0.0353131553188547 -0.99693756709051 -0.0679661485432756 0.0157819845797197
1591949675.48388 28.5634773500161 -3.34695092813551 37.2761493142834 -0.0351235841904191 -0.996946375759673 -0.0679535344194162 0.015702702098065
1591949675.51688 28.5631073507423 -3.34597466854182 37.2644633318957 -0.034954305684188 -0.996951221262245 -0.0679935544506106 0.0155992144362108
1591949675.54988 28.562789163562 -3.34499622732555 37.2527600769287 -0.0348839728041479 -0.996949711834353 -0.0680680566489157 0.0155280449136262
1591949675.58288 28.562353739355 -3.3440711088424 37.2412490940505 -0.0348272385686253 -0.996947089021011 -0.0681571350998752 0.0154327599991985
1591949675.61588 28.562648489142 -3.34323074892913 37.2299459734581 -0.0347727345349308 -0.99694910347038 -0.0681855627351025 0.0152993809373399
1591949675.64888 28.5623327911688 -3.34223115710403 37.2184020139986 -0.034704497351494 -0.996954666579939 -0.0681564211741105 0.015221461848339
1591949675.68188 28.5619750975236 -3.34124353860544 37.2069812565429 -0.0346427616803122 -0.996960232808616 -0.0681236723752826 0.0151439269496633
1591949675.71488 28.5616989026578 -3.3402378784183 37.1955539456949 -0.0345470897329603 -0.996960363946943 -0.068181949184406 0.0150914914828766
1591949675.74788 28.5613762389737 -3.3392790022454 37.1842828239627 -0.0344434399681508 -0.996953833781845 -0.068347129799572 0.0150124148291479
1591949675.78088 28.5611151476328 -3.33833137033893 37.1730356529686 -0.0343617943476094 -0.996950724927109 -0.0684449427471014 0.0149602462837553
1591949675.81388 28.5609490829093 -3.33724658542066 37.1620030359856 -0.0343605883488663 -0.996953114988032 -0.0684248018025374 0.014895737050034
1591949675.84688 28.5606482951081 -3.33634428170747 37.150921250224 -0.0343332798650679 -0.996941855848034 -0.0686313451694257 0.014761450207203
1591949675.87988 28.5603270048249 -3.33535617755209 37.1398448695012 -0.0343175228785166 -0.996938675782629 -0.0687186417881047 0.0146059105521785
1591949675.91288 28.5600659266607 -3.33433566803009 37.1287969238489 -0.0342682201431505 -0.996936439797567 -0.0688045641436787 0.0144691411276396
1591949675.94588 28.5597866472815 -3.33342139768026 37.1179396693991 -0.0342491956700852 -0.996938869949455 -0.0688060940544718 0.0143388842251572
1591949675.97888 28.5595060206988 -3.33251543226349 37.1072852970918 -0.0341595058170984 -0.996942165720929 -0.0688149724786712 0.0142809639995075
1591949676.01188 28.5591723208776 -3.33165449329352 37.0966118937264 -0.0340635475905448 -0.996941373400456 -0.0689011476785652 0.0141493666479075
1591949676.04488 28.5589027191511 -3.33073758610032 37.0859414941661 -0.0339873567777628 -0.996945679148248 -0.0688949620497224 0.0140590401901111
1591949676.07788 28.5586136326683 -3.3298379381271 37.0753503091948 -0.0339463942785111 -0.996950070507217 -0.0688655384344487 0.0139905985317392
1591949676.11088 28.5583817451611 -3.32896370570224 37.0648824081671 -0.0338683373881667 -0.99695223337705 -0.0688831092173705 0.0139390584912363
1591949676.14388 28.5584553672959 -3.32796553467441 37.0543742267991 -0.0337303889746983 -0.996958777656871 -0.0688469227385601 0.0139841961500538
1591949676.17688 28.558217147521 -3.32710695820902 37.0440250433281 -0.0335334492681863 -0.996961709916061 -0.068915141077525 0.0139125868078662
1591949676.20988 28.5580247481842 -3.32622403601938 37.0337156115142 -0.0333019550607834 -0.996968650787619 -0.0689382643178613 0.0138565814212593
1591949676.24288 28.5578123863941 -3.32538732179815 37.0234829229565 -0.0331086579074386 -0.99697237387023 -0.0689916185776851 0.0137861915393245
1591949676.27588 28.557510551012 -3.32451132547187 37.0133554643931 -0.0329930522459715 -0.996974298508448 -0.0690382424017593 0.0136904237757334
1591949676.30888 28.557542554612 -3.32366873585781 37.0034477942904 -0.0329914557108385 -0.996972999882989 -0.0690440388629343 0.0137594350133816
1591949676.34188 28.5573304318071 -3.32286263806686 36.9935553348258 -0.0329704412754797 -0.996969208248447 -0.0691249522052383 0.013678040400132
1591949676.37488 28.5571099097282 -3.32203684057683 36.9836661171296 -0.0328525799284778 -0.996969982482054 -0.0691856895475076 0.0135978815854562
1591949676.40788 28.5568878548928 -3.32121743988622 36.9738949668427 -0.0327215570629584 -0.996971476033509 -0.0692409340754073 0.0135228964096599
1591949676.44088 28.5568234583271 -3.32032396244837 36.9641207306715 -0.032608734918047 -0.996975576166649 -0.0692383425085291 0.0135064007379455
1591949676.47388 28.5564652472426 -3.31950640230058 36.9544518105379 -0.0325853305859715 -0.996973704027102 -0.0692625062322132 0.0135770003872985
1591949676.50688 28.5562754522229 -3.3187094944348 36.9449249855317 -0.0325604999386098 -0.996976937226502 -0.0692375140652671 0.0135265342298965
1591949676.53988 28.5560011542284 -3.31794958613603 36.9354637967468 -0.0325347779566267 -0.996980678650408 -0.0692084610479038 0.0134611864434453
1591949676.57288 28.5558062212028 -3.31713751932823 36.9259617046077 -0.0324134338657838 -0.996995158390326 -0.069069009425395 0.013397588897686
1591949676.60588 28.5556540066767 -3.31631800483793 36.9165737851206 -0.0323051073835864 -0.997015916016898 -0.0688258670980442 0.0133657496656094
1591949676.63888 28.555638077966 -3.31551913792871 36.9072735645486 -0.0323400265804876 -0.997041085769335 -0.0684746024204682 0.0132069978434739
1591949676.67188 28.5554613217397 -3.31474486439283 36.8979916500166 -0.0322567993187909 -0.997070567833854 -0.0680973832994716 0.0131349931461419
1591949676.70488 28.5552531714423 -3.3139540666908 36.8887065357069 -0.0321196645362 -0.997109114951396 -0.0676152063219131 0.0130354863726612
1591949676.73788 28.5550469553994 -3.31315095622329 36.879449098003 -0.0320042178688843 -0.997144794877377 -0.067162005970454 0.0129326347500761
1591949676.77088 28.5549445205528 -3.31237634994855 36.8701231733699 -0.0319237795384113 -0.997170924840695 -0.0668271024057764 0.0128513554297968
1591949676.80388 28.5548027673209 -3.31156145093337 36.8608450225415 -0.0318616927818506 -0.997196337017401 -0.0664933721418892 0.012764381432423
1591949676.83688 28.5546774005607 -3.31078512434912 36.8515758455112 -0.0317893562919624 -0.997212049573828 -0.0663020955644894 0.0127120861807251
1591949676.86988 28.5544471231655 -3.31003304723802 36.8423201763333 -0.0316996536777123 -0.997219659457211 -0.0662480199539885 0.0126207210940322
1591949676.90288 28.5543211244851 -3.30920200801306 36.8330298581416 -0.0315872674919791 -0.997222138292188 -0.0662756492421436 0.0125614390050951
1591949676.93588 28.5541603994684 -3.30842256081352 36.8236722640222 -0.031461679860819 -0.997219125184968 -0.0663929680874302 0.0124961135639473
1591949676.96888 28.5539196443547 -3.30756948082683 36.8143546215234 -0.0313630216236021 -0.997214522259421 -0.0665237215741681 0.0124157938721491
1591949677.00188 28.5538243351517 -3.30688952100887 36.8051750888608 -0.0313043333193284 -0.997206141892714 -0.0666836917133709 0.0123787942206312
1591949677.03488 28.5534238698883 -3.30584766850783 36.7957897656692 -0.0313331369300353 -0.997200722650033 -0.0667459426711448 0.0124069502020809
1591949677.06788 28.5532828596087 -3.30509035783987 36.7865987135765 -0.0314159796361625 -0.997194728520902 -0.0668051736598213 0.0123603562208714
1591949677.10088 28.553120103304 -3.30432026803597 36.7773740851337 -0.0314607877598693 -0.997187210890216 -0.0669052931581671 0.0123112557418114
1591949677.13388 28.5529290764891 -3.3035255028764 36.768152242758 -0.0314284784282986 -0.997183457481138 -0.0669829256423656 0.0122756076034779
1591949677.16688 28.5527647315866 -3.30274510391036 36.7589833642077 -0.0312740663872348 -0.997185235919834 -0.0670244127086504 0.0122990298874694
1591949677.19988 28.5528565260352 -3.30206799630392 36.7498102261334 -0.0308795299655106 -0.997197974404843 -0.0670091359695343 0.0123462613208616
1591949677.23288 28.5527538532755 -3.30135679749375 36.7406758921634 -0.0305538085826186 -0.997201169956156 -0.067086858841187 0.0124757681123633
1591949677.26588 28.5526627930502 -3.30062403280774 36.7315531783306 -0.0303236728593139 -0.997198724335591 -0.0671956876944455 0.0126458927348929
1591949677.29888 28.5524602239981 -3.29983755990256 36.7223683711928 -0.0301621971052472 -0.997203259279929 -0.0671722505682583 0.0127980584803384
1591949677.33188 28.5523176485697 -3.29908078978895 36.71327636331 -0.0300334461948243 -0.997206332919642 -0.0671481283523708 0.0129865527910857
1591949677.36488 28.5520937875031 -3.29822709440839 36.7041474016381 -0.0299167854794809 -0.99721261601035 -0.0670679425034116 0.0131861861327412
1591949677.39788 28.5519359663817 -3.2974925672981 36.6950869500956 -0.0299107923700269 -0.997213259297873 -0.0670257189684083 0.0133646166079777
1591949677.43088 28.5517129672475 -3.2967097620043 36.6859891330093 -0.0299735825575767 -0.997220050572252 -0.0668672320811542 0.0135103056643216
1591949677.46388 28.5514761476817 -3.29590318428421 36.676963230923 -0.0301314011977135 -0.997223102739602 -0.0667356850588913 0.0135841953749495
1591949677.49688 28.5499977653517 -3.29521971405191 36.6672765918367 -0.0304475238231593 -0.997223450386359 -0.0665842475458668 0.013596921391062
1591949677.52988 28.5497117367951 -3.29445129940454 36.6582387118157 -0.0308487879758121 -0.997221241332586 -0.0664416601515966 0.0135518969823332
1591949677.56288 28.5494338495099 -3.29363502209834 36.649199034861 -0.0312764168751978 -0.997223767998784 -0.0662223511238781 0.0134589188786681
1591949677.59588 28.5492187139383 -3.29285807357979 36.6401915224608 -0.031644623116441 -0.997229728166989 -0.0659880373224506 0.0133066155780425
1591949677.62889 28.5489985697473 -3.29205527323454 36.631099317102 -0.03193093850187 -0.997236922758846 -0.0657891668997727 0.0130660082462735
1591949677.66189 28.5498764122784 -3.29100613535119 36.6226381230504 -0.0321218692085395 -0.997245181575393 -0.0656108426882258 0.0128627627262445
1591949677.69489 28.5496709281205 -3.29022568468074 36.6135859809784 -0.0323861910966066 -0.997258002739963 -0.0653645690875702 0.0124532608320235
1591949677.72789 28.5495490604945 -3.28945198015821 36.604460495058 -0.0326113726157634 -0.997268322605016 -0.0651850692232468 0.0119707082102368
1591949677.76089 28.5493738541107 -3.28869007022739 36.5952746658578 -0.0327779412576549 -0.997287676145274 -0.0649090141385766 0.011389357278938
1591949677.79389 28.5492863553441 -3.28780517745218 36.5860026598293 -0.032808406671846 -0.997325687739368 -0.0644241447426533 0.0107056340787872
1591949677.82689 28.5491927958128 -3.28701959704903 36.5767636685933 -0.032740870947252 -0.997365360820742 -0.0639551738262409 0.0100054058079667
1591949677.85989 28.5491290266935 -3.28618280434524 36.5672767905565 -0.0326132892647379 -0.997405508182169 -0.0635056050992762 0.00925547039205223
1591949677.89289 28.5491763556215 -3.28537301701535 36.5577558456317 -0.0324415084152294 -0.997450151100379 -0.0629985392285261 0.00848107638494083
1591949677.92589 28.5492121016547 -3.28452008939252 36.5481198400637 -0.0322756812816246 -0.997506151186451 -0.0623016288478669 0.00763320286011415
1591949677.95889 28.5494939360289 -3.28373743451884 36.5384410810608 -0.0321107503780925 -0.997553369340507 -0.0617200409170795 0.00684189862183241
1591949677.99189 28.5495532270967 -3.28280725955514 36.528576388436 -0.0320017626398463 -0.997594676782226 -0.0612099796890727 0.00583835851688984
1591949678.02489 28.5495883778486 -3.2819157095979 36.5185176224957 -0.0319559051820846 -0.997628297272423 -0.0607809529138296 0.00471978476267713
1591949678.05789 28.5497599942905 -3.28094369763734 36.508232925488 -0.0319454182504761 -0.997664083089011 -0.0602747320968302 0.00358109447250056
1591949678.09089 28.5490277078958 -3.28070673992407 36.4993403062595 -0.0320190826772607 -0.997681958960525 -0.0600019265368107 0.00229257956614842
1591949678.12389 28.54913574385 -3.27973297304016 36.4888287456336 -0.032130302252176 -0.997703157368081 -0.0596232612579793 0.00105838174100222
1591949678.15689 28.5492414943598 -3.27871993031942 36.478124712771 -0.0323098897565018 -0.997706171167268 -0.0594846983562509 -0.000194165235351644
1591949678.18989 28.5493629984061 -3.27774324875472 36.4671693367732 -0.0324921302025482 -0.997692614763532 -0.0595945920700776 -0.00148071510064712
1591949678.22289 28.5496756597291 -3.27683800344254 36.4560703976568 -0.0326407903923761 -0.997679028492591 -0.059695600110223 -0.00275140620786056
1591949678.25589 28.5509398938547 -3.27554700686624 36.4432836234882 -0.0327677247754534 -0.997649799291276 -0.0600419151048319 -0.0040152979541301
1591949678.28889 28.5511703464772 -3.27453196274568 36.4318698669571 -0.032780380438748 -0.997617917160118 -0.0604553318667287 -0.00539359511670509
1591949678.32189 28.5515796124424 -3.27360339306157 36.4203407704313 -0.0327995746652863 -0.99758429641842 -0.0608625687848794 -0.00674589964708131
1591949678.35489 28.5519504058768 -3.2726049798152 36.4086392023655 -0.03288410567647 -0.997537254825901 -0.0614101779136036 -0.00817623855353563
1591949678.38789 28.5523659965983 -3.27161830187338 36.3969702285536 -0.0330144764237985 -0.997491050396627 -0.0618822632287957 -0.00960386499169134
1591949678.42089 28.5528175836963 -3.2705695593987 36.385033904762 -0.0330366810667789 -0.997454286335722 -0.0622067859333548 -0.0111283493128592
1591949678.45389 28.5533518319118 -3.26953031915536 36.3729251923409 -0.0330217882172211 -0.997418695372068 -0.062487866288865 -0.0126796763319527
1591949678.48689 28.5539427693353 -3.26848064119082 36.3606644124781 -0.0330376496250228 -0.997387579630489 -0.0626350109992599 -0.0142613149187746
1591949678.51989 28.5549266453657 -3.26764753460046 36.3482033540231 -0.0329868354663884 -0.997344999873902 -0.0629639296269384 -0.0158228783214022
1591949678.55289 28.5554719273079 -3.26651194756969 36.3357831527865 -0.0329041580905396 -0.997328824574279 -0.0628177510099475 -0.0175060621412106
1591949678.58589 28.556263594143 -3.26542008793848 36.3231358262843 -0.0328215252184177 -0.997309284412534 -0.0627003723159572 -0.0191207222232146
1591949678.61889 28.5571301510633 -3.26434759524064 36.3104048056262 -0.0326503684829168 -0.997293336247669 -0.0625281167064271 -0.020741010946231
1591949678.65189 28.557260399152 -3.26332289653981 36.2960001345406 -0.032394732379845 -0.997263591558743 -0.062539581773444 -0.0224657734564913
1591949678.68489 28.558133518214 -3.26214833557782 36.2829629710152 -0.0320221121717814 -0.997262817321601 -0.0621410591555524 -0.0240820739735313
1591949678.71789 28.5591853161257 -3.26100139698073 36.2698052563857 -0.0315471880861109 -0.997252467052049 -0.0619482714047574 -0.0255871755460652
1591949678.75089 28.5602604929176 -3.25978746223592 36.2565637759717 -0.0310606618705866 -0.997244295074726 -0.0617088438595877 -0.0270383027312667
1591949678.78389 28.5622339807063 -3.25871146769092 36.244745589256 -0.0306321086913994 -0.99722448031606 -0.061689476441125 -0.0282739857802442
1591949678.81689 28.5632260466329 -3.25750782355553 36.2314236599858 -0.0301984764653222 -0.997223283765715 -0.0613144663430961 -0.0295687428166764
1591949678.84989 28.5639725055343 -3.2563714096768 36.2179643317276 -0.0299129258702574 -0.997212552073278 -0.0610338231439643 -0.0307768628325142
1591949678.88289 28.5650501952115 -3.25515218924509 36.2043677270383 -0.029476430538163 -0.997192877397422 -0.0609973306918904 -0.0318877869887961
1591949678.91589 28.5662177611535 -3.25396804869625 36.1905340704118 -0.0289568585116401 -0.997179418485138 -0.0609307642509984 -0.0328960432661381
1591949678.94889 28.5673728016314 -3.25282881028145 36.1764795545255 -0.0285537682462397 -0.997164659887128 -0.0608396875703945 -0.0338504919826312
1591949678.98189 28.5685408381868 -3.25210045434226 36.1629688837824 -0.0281198502757473 -0.997159528057513 -0.0606899160752144 -0.0346249001640689
1591949679.01489 28.5696745799393 -3.25092802884103 36.1487996142485 -0.0278720148961166 -0.997144339883142 -0.0605643179897407 -0.0354722371874359
1591949679.04789 28.5709281644563 -3.24973923222088 36.1343784029439 -0.0276207046906123 -0.997117276870528 -0.0606776202479803 -0.0362278793160704
1591949679.08089 28.5729674663075 -3.24824444341144 36.1187343050693 -0.0273728515329331 -0.997093099359448 -0.0608073047892046 -0.0368585118120492
1591949679.11389 28.5740549278276 -3.24714218416566 36.1043214617566 -0.0271436839283412 -0.997068440084708 -0.0608924065409044 -0.0375481162710363
1591949679.14689 28.5751409029864 -3.24602280827493 36.0897194520501 -0.0268869030188895 -0.997047885821576 -0.0609548320953596 -0.0381721923526243
1591949679.17989 28.5758858635341 -3.24531555812413 36.075847100597 -0.026534206026303 -0.997040543633563 -0.0608952083115701 -0.0387022462672832
1591949679.21289 28.5769646582884 -3.24422957166438 36.0611618127478 -0.0261796213986809 -0.997025125728623 -0.0609896487819806 -0.039189141744831
1591949679.24589 28.5779144254724 -3.24319163664803 36.046470048608 -0.0257416341482506 -0.997017092879217 -0.0610122730263994 -0.0396457730181318
1591949679.27889 28.5791105823894 -3.24215960296692 36.0316739327025 -0.0251955631096378 -0.997016530537493 -0.0610576551291178 -0.0399397569434602
1591949679.31189 28.581960621517 -3.24013686873227 36.0144028235071 -0.0246799656856346 -0.997040214810743 -0.0608740069601275 -0.0399507774708176
1591949679.34489 28.5831166431 -3.23905734998456 35.9992771358538 -0.0239785101578041 -0.997056236030543 -0.0607966634226899 -0.0400956227023041
1591949679.37789 28.5842329142791 -3.23805008299404 35.9841724220107 -0.0231384276619685 -0.997073658950909 -0.0608514711400231 -0.0400728118763091
1591949679.41089 28.5860285856398 -3.23655977130483 35.9680871143927 -0.0224524264064216 -0.997097724305091 -0.0608479034572356 -0.0398691532256613
1591949679.44389 28.5871471355161 -3.23546645505237 35.9526405036989 -0.0215660852337175 -0.997118476763622 -0.0610376159333343 -0.0395481567896886
1591949679.47689 28.5881970876065 -3.23445073193382 35.9370958399265 -0.0206207261808282 -0.99714646877054 -0.0612098885524219 -0.0390775512745768
1591949679.50989 28.5901257403911 -3.23277067353087 35.9202092115799 -0.0199807797196372 -0.997204584020717 -0.0610183426935559 -0.038217115338505
1591949679.54289 28.5911863323394 -3.23163192530863 35.9042579290527 -0.0191587495854278 -0.997241432987713 -0.0611629852926136 -0.0374373593757929
1591949679.57589 28.5922572393829 -3.23054915108932 35.8882569843823 -0.0183409537628449 -0.997284464510583 -0.0613193958996632 -0.0364312770488331
1591949679.60889 28.59442122535 -3.22851427864837 35.8706347135263 -0.0179969347051819 -0.997331795036865 -0.0613150937380961 -0.0352967453124412
1591949679.64189 28.5954818912572 -3.22724187287199 35.8542070219133 -0.017412867801057 -0.997387789229031 -0.0612823860766449 -0.0340420194542371
1591949679.67489 28.5965422501936 -3.22596618097698 35.8374920303844 -0.0168687329771496 -0.997447722381627 -0.0612146327878047 -0.0326535709548609
1591949679.70789 28.5978755781683 -3.22433231269329 35.820262064794 -0.0165534583904022 -0.997508686358364 -0.0610878838766048 -0.0311556431229738
1591949679.74089 28.5988497277689 -3.22298178473835 35.803260280825 -0.0161969759798326 -0.997563607086633 -0.0610580338877503 -0.0296044639062673
1591949679.77389 28.5997823277529 -3.22159015176572 35.7859959288533 -0.015900112519964 -0.997618525277851 -0.061006118247765 -0.0279770974305306
1591949679.80689 28.600602547174 -3.21997228936944 35.7687742712415 -0.015904744100856 -0.997688794452164 -0.0606455292793581 -0.0261959599576082
1591949679.83989 28.6013928294406 -3.21855720510027 35.7514197133806 -0.0156623445075365 -0.9977471571632 -0.0604463455094206 -0.0245263256896605
1591949679.87289 28.6020037960387 -3.21719647404353 35.7339077433161 -0.0154605681014858 -0.99779741165836 -0.0603124627246306 -0.0228845572809798
1591949679.90589 28.6030759657122 -3.21559191061443 35.7153982446426 -0.0152184124235927 -0.997837723231411 -0.0602676925002127 -0.0213561059268859
1591949679.93889 28.6036825312981 -3.21418476737866 35.6975990394062 -0.0149704777004575 -0.997879967584875 -0.0601752208784434 -0.0197584888708693
1591949679.97189 28.6042123544287 -3.21273902684728 35.6795012698037 -0.0148176654679003 -0.997928140921002 -0.0599107478227037 -0.0181814367792568
1591949680.00489 28.605000188945 -3.21105203614819 35.6610525534781 -0.0148702807940816 -0.997965762988557 -0.059741062396999 -0.0165594720764277
1591949680.03789 28.6054419593926 -3.20964552171644 35.6428012036089 -0.0147847892608685 -0.99799113022337 -0.0597611026887088 -0.014957426497261
1591949680.07089 28.6058696150745 -3.20813305454756 35.6242253271026 -0.0147164607234853 -0.997999179459168 -0.0600201964913066 -0.0133656124344241
1591949680.10389 28.6063048167565 -3.20652380043274 35.6056346904421 -0.0147181578429772 -0.998019090180726 -0.0600297138343915 -0.0117347740287621
1591949680.13689 28.6065896643357 -3.20506634955014 35.5869372983558 -0.0144025586243958 -0.998037312414139 -0.0601019037382714 -0.010092100934312
1591949680.16989 28.6068878753415 -3.20353037883027 35.5679742888202 -0.0141545049244843 -0.998051308090547 -0.0601777383786455 -0.00847798400102454
1591949680.20289 28.6074361476978 -3.2001028670984 35.5471149895436 -0.0140203636713671 -0.99805597058164 -0.0603520583586861 -0.00673335285969807
1591949680.23589 28.6076286956629 -3.19856958723462 35.5279831048295 -0.0136734806780789 -0.998056132431445 -0.0605899888101041 -0.00508386645419662
1591949680.26889 28.607832112591 -3.19692033760268 35.5085306522489 -0.0134508117632276 -0.99806485901965 -0.0606107252854584 -0.00345728699522988
1591949680.30189 28.6078393166464 -3.19691673682961 35.4904495897327 -0.0132461805052287 -0.998076100835307 -0.0605400775863783 -0.00188006628856381
1591949680.33489 28.6077361814942 -3.19537662991646 35.4709588489157 -0.0132606204670702 -0.998071647291361 -0.0606384470508287 -0.000348650542313284
1591949680.36789 28.6077185057844 -3.19368714032835 35.4511758179641 -0.0134412596906174 -0.998068242766132 -0.0606452350820395 0.0011272894473172
1591949680.40089 28.6075812027637 -3.1919343380334 35.4312487454682 -0.0138231583031584 -0.99806638718968 -0.0605500436773035 0.00246966948053547
1591949680.43389 28.6072731317478 -3.190304501758 35.4112904448552 -0.0141926663186912 -0.99807141495454 -0.0603223818406676 0.0036371860657901
1591949680.46689 28.6069847419991 -3.18857689206085 35.3910698040703 -0.0146527345352002 -0.998077310806482 -0.0600386373406633 0.00472663201633215
1591949680.49989 28.6066616290444 -3.18676561569372 35.3707595560944 -0.0152347944061828 -0.998069204718854 -0.0599530373813392 0.00560329724602288
1591949680.53289 28.6062630230555 -3.18502716429893 35.3502215081983 -0.0157955174395116 -0.998053231829832 -0.0599922484950067 0.0064170229358407
1591949680.56589 28.6058817414033 -3.18330937876075 35.3295773219175 -0.0162302215163657 -0.998033004411233 -0.0601291059633909 0.00715490261711507
1591949680.59889 28.6055195461171 -3.18146726292593 35.3086537677469 -0.0166646615662395 -0.998014702525232 -0.0602288823606488 0.00783736741148443
1591949680.63189 28.6051612250381 -3.17965836211721 35.2875972948656 -0.0167477550499076 -0.998009014825445 -0.0602149117162683 0.00846660704980689
1591949680.66489 28.6047941811594 -3.17787829131935 35.2664682867418 -0.0166581969502579 -0.997994693409946 -0.060399384510337 0.00900059724282013
1591949680.69789 28.6044384840609 -3.17596042188035 35.2448294018558 -0.0165919077422993 -0.997966539844029 -0.0607988221399077 0.00953924397459076
1591949680.73089 28.6040688827783 -3.17421764713109 35.2234840123788 -0.0163672146743413 -0.997933928006817 -0.0613088554612482 0.0100605098639079
1591949680.76389 28.6037301498647 -3.17241578316872 35.2019766752554 -0.0159290027138133 -0.997926485632918 -0.0614550492130303 0.0105958987868614
1591949680.79689 28.6035824240442 -3.17034275168065 35.1797086638708 -0.0155345073553018 -0.997909501513771 -0.0617234910956505 0.0112034154046698
1591949680.82989 28.6032392630828 -3.16858114195917 35.1579472646017 -0.0148684190877196 -0.997939488108426 -0.0613000098241184 0.0117480629589512
1591949680.86289 28.6029089163712 -3.16667825202043 35.1358413232564 -0.0144437363589618 -0.99796660830868 -0.0608368344124245 0.0123655472801477
1591949680.89589 28.6032046578201 -3.16368949915132 35.111850628961 -0.0144163087282147 -0.997949726773713 -0.0609823058150392 0.0130257918149359
1591949680.92889 28.6026388771193 -3.1616934132518 35.0893920815318 -0.0148544796865978 -0.997896617858744 -0.0615998441365943 0.0136800475754657
1591949680.96189 28.602133751981 -3.15963409138611 35.0667483563451 -0.0151959155115949 -0.997846978159733 -0.0621902573620711 0.0142430410549865
1591949680.99489 28.6009374505861 -3.15842544230772 35.0454463336998 -0.0152764056805743 -0.997843011704147 -0.0621041704018279 0.0147995757162183
1591949681.02789 28.6004165698285 -3.15637547979615 35.0225533585155 -0.0153642868351594 -0.997781344600552 -0.0629178905486397 0.0154164232580249
1591949681.06089 28.5999324509459 -3.15435209557417 34.9994645341086 -0.015357563808091 -0.997705435163349 -0.0639662985676553 0.0160100757945629
1591949681.09389 28.5990520588011 -3.15250090215309 34.9767842227614 -0.0152843654343027 -0.997576882244718 -0.0658038209037502 0.0166315765532064
1591949681.12689 28.5985474622099 -3.15047492709372 34.9535904071076 -0.0153060461847638 -0.997482173221308 -0.0670357600819323 0.0173564375988932
1591949681.15989 28.5978363080831 -3.14837524658755 34.9301891728462 -0.0157513815606632 -0.997438224234404 -0.0673960963921946 0.0180734337120304
1591949681.19289 28.5967804612852 -3.14640431809058 34.9073201986379 -0.0162949677514979 -0.99741988639574 -0.0673516333151339 0.0187563785968946
1591949681.22589 28.5960878514309 -3.14421455631113 34.8840999728713 -0.0165880841635084 -0.997413793900929 -0.0671550761047465 0.0195129432250883
1591949681.25889 28.5952710917571 -3.14204302803483 34.8607723276765 -0.0171440776370393 -0.997418612255828 -0.0667081399586459 0.0203031177628031
1591949681.29189 28.593748881834 -3.13835812166409 34.837077190192 -0.0174681828098335 -0.997401147455898 -0.0666483074896275 0.0210669587683578
1591949681.32489 28.5931399305887 -3.1361276403539 34.8135538808893 -0.017350009762847 -0.997454670791196 -0.0656256758551679 0.0218272203133656
1591949681.35789 28.5923521669493 -3.13395467077013 34.7899666427387 -0.0170257972080072 -0.997509652091765 -0.0646401503945997 0.022500381555922
1591949681.39089 28.5915658959971 -3.13322315874798 34.7671389904873 -0.0167834188952687 -0.997486251391711 -0.0648589100479588 0.0230828274283777
1591949681.42389 28.5908350640519 -3.13109392838269 34.7432573123712 -0.0165518143679978 -0.997481608609224 -0.0647433652161245 0.0237649865973871
1591949681.45689 28.5900092625609 -3.12903852012132 34.7191406258725 -0.0163163938623615 -0.997509309388424 -0.0641066659039106 0.024480366856781
1591949681.48989 28.5888023389066 -3.12681559336433 34.6959310209244 -0.0164098514747464 -0.997527848520933 -0.0635111360561865 0.0252040432595123
1591949681.52289 28.58784227755 -3.12481290752916 34.6719543427765 -0.0165780860348237 -0.997484828331698 -0.0639317093342748 0.0257278225488035
1591949681.55589 28.5869308194296 -3.12263169589677 34.6478002596551 -0.0165137197348016 -0.997475331707927 -0.0638256317045695 0.0263922040040983
1591949681.58889 28.5853529836847 -3.12054500006551 34.6242663538816 -0.0165020016084303 -0.997470044998504 -0.0637032164497296 0.0268903976831433
1591949681.62189 28.5843232951934 -3.1184508049872 34.6001700474492 -0.0164374723599455 -0.997455221548383 -0.0636990148976203 0.0274831950354093
1591949681.65489 28.5832594028577 -3.11636251805366 34.5760011697198 -0.0162642978143022 -0.997433475600579 -0.06384006773917 0.0280424699164368
1591949681.68789 28.5818046655219 -3.11431068575683 34.5521290565829 -0.0162550861564838 -0.997404826175799 -0.0640896612214299 0.0284938628443531
1591949681.72089 28.580575839743 -3.11221310167193 34.5279286255299 -0.0163701991278069 -0.997355419098531 -0.0646216711339981 0.0289521017399356
1591949681.75389 28.579293038124 -3.11008745056381 34.5036306497453 -0.0165767949655262 -0.997302373139286 -0.065196521271607 0.0293700530047181
1591949681.78689 28.5778414493131 -3.10811145209416 34.4799417101672 -0.0167650264155817 -0.997250182067917 -0.0658041434962403 0.0296786615856738
1591949681.81989 28.5765135746437 -3.10604102365303 34.4557711772986 -0.0171056567849526 -0.997212656128202 -0.0661469897548933 0.029981506133929
1591949681.8529 28.5751737455219 -3.10391482672169 34.4315722009375 -0.0174881873333179 -0.997179451486729 -0.066447591828052 0.0301997082216626
1591949681.8859 28.5734209401413 -3.10139786804942 34.4077115334917 -0.017801164271674 -0.997162212801617 -0.0665603830525624 0.0303373584718941
1591949681.9189 28.5720471174444 -3.09923929920586 34.3835557771334 -0.0181055244797389 -0.997151443545498 -0.0665808453405787 0.0304660409665725
1591949681.9519 28.5706627347174 -3.09714199252006 34.3595972882645 -0.0184352852305175 -0.997158914797908 -0.0663523531280794 0.030522190810868
1591949681.9849 28.5694483252206 -3.09555658240379 34.335790308523 -0.0188011015677194 -0.997189815187726 -0.0657829776423915 0.0305219743498001
1591949682.0179 28.5680889159396 -3.09339065206028 34.3117390310565 -0.0190980710888177 -0.997218075294743 -0.0652753396706159 0.0305041639292271
1591949682.0509 28.5667018316831 -3.0912739588311 34.2877119299575 -0.0194293483447169 -0.997241355206221 -0.0648515075110541 0.0304378360417417
1591949682.0839 28.5652294471514 -3.08913161073521 34.263509835086 -0.0197072610699362 -0.997270311040887 -0.064346834697592 0.0303814983490692
1591949682.1169 28.563830367377 -3.08703381568634 34.2394685174183 -0.0198678287343338 -0.997286204411884 -0.0641136792873279 0.0302478428877774
1591949682.1499 28.562588833129 -3.0849007669544 34.2152696377115 -0.0198884102776802 -0.997294301956365 -0.0640449158102691 0.0301127079627285
1591949682.1829 28.5605469574962 -3.08184107688264 34.1904184400564 -0.0200030037627483 -0.997294715392268 -0.0641762148607884 0.0297412833829464
1591949682.2159 28.5592414774608 -3.07975375496882 34.16617022587 -0.0199206499926021 -0.997283463866993 -0.0644812026754957 0.0295133004397515
1591949682.2489 28.5579675777269 -3.07767232345758 34.1418991154423 -0.0198451393390541 -0.997277900359488 -0.0646852976568061 0.029304814727876
1591949682.2819 28.5574009224667 -3.07660008534498 34.1174896649006 -0.0198089176512589 -0.997260676521545 -0.064990019957524 0.0292411892917527
1591949682.3149 28.5561425140277 -3.07452599626347 34.0931344540544 -0.0197934498581924 -0.997245795195506 -0.0653184511608126 0.0290265954866781
1591949682.3479 28.5548776017411 -3.07246285584854 34.0686030602286 -0.0197600984514988 -0.997239067765934 -0.0655558907621318 0.0287437891883127
1591949682.3809 28.5536236499318 -3.07036259147031 34.0441087724344 -0.0196607503392744 -0.997245220964034 -0.0656108086021921 0.028471844953521
1591949682.4139 28.5523827233419 -3.06826722868596 34.0196561165799 -0.019721701444833 -0.997261523993494 -0.0654783043969161 0.0281620117818118
1591949682.4469 28.5511325853306 -3.06613319935127 33.9951642685173 -0.0198408356536239 -0.997275295465983 -0.0653537727476045 0.0278784985509839
1591949682.4799 28.5499449237775 -3.06407427337 33.9706110135381 -0.0200232123202212 -0.997286508073715 -0.0652508019284366 0.0275866748668798
1591949682.5129 28.5487142143407 -3.06192754636086 33.9460933762359 -0.0202665631996224 -0.997309994940271 -0.0649645249596541 0.0272332683510135
1591949682.5459 28.5474791016278 -3.05979508795961 33.9216040803386 -0.0205615705319399 -0.99732454089809 -0.0648262299406068 0.0268056309636956
1591949682.5789 28.5461910975646 -3.05764998451304 33.8970629805894 -0.0209778263429951 -0.997330179623478 -0.0648157193863079 0.0262938421414487
1591949682.6119 28.5449963770462 -3.05550493155491 33.8724341768191 -0.0215644111470594 -0.997321464491162 -0.0649575611382956 0.0257951136467601
1591949682.6449 28.5432997637109 -3.05246130301878 33.8474164310364 -0.0221952589132993 -0.997307228916822 -0.0652124038693268 0.0251595710139406
1591949682.6779 28.5420658328812 -3.0503107987607 33.8227214068737 -0.0228387684422444 -0.997299842962617 -0.0653719128903276 0.0244525435863033
1591949682.7109 28.5409756414859 -3.04813093989051 33.798001875079 -0.023372790675572 -0.997280063008964 -0.0657653695926352 0.0236876495924864
1591949682.7439 28.5404566217347 -3.04686776981268 33.7736738510151 -0.0239004727479386 -0.997244123016452 -0.0664282683152387 0.0228081494253893
1591949682.7769 28.539448978288 -3.04467431344522 33.7489069252168 -0.0243836177516925 -0.997232262425019 -0.0667744986331803 0.0217811913426347
1591949682.8099 28.5385075016454 -3.04246552887201 33.7241808727454 -0.0248916921800789 -0.997203546399297 -0.0673752412284827 0.0206414044696908
1591949682.8429 28.5376202395895 -3.04029557265764 33.6995281531242 -0.0254136431809917 -0.997192209056505 -0.0677113302486603 0.0194170207095085
1591949682.8759 28.5367216415465 -3.0380584780459 33.6747856784715 -0.0260201807475969 -0.997190159896768 -0.0678840275762158 0.0180691449424627
1591949682.9089 28.5360190707502 -3.03580200900314 33.6499212793271 -0.0263671664578217 -0.997203481999896 -0.0679014756480805 0.0167145931772787
1591949682.9419 28.5354873365901 -3.03366773229101 33.6251861906289 -0.0263217742521799 -0.997236197777146 -0.0677680243382639 0.0153174710865573
1591949682.9749 28.5349174664635 -3.03144705464321 33.6004599379612 -0.0261445591026671 -0.997295766660469 -0.0672758953257271 0.0138408720302144
1591949683.0079 28.5346355259176 -3.02923652210754 33.5756112158775 -0.0257213351962436 -0.997359473162876 -0.0667687660801507 0.0124268292064534
1591949683.0409 28.5343137176107 -3.0270540813294 33.5508985540213 -0.025425480582459 -0.997469657648162 -0.0654690487194693 0.0110286294786753
1591949683.0739 28.5341378539673 -3.02489736387942 33.5261255871147 -0.0250102943300992 -0.997551822175751 -0.0645895566303588 0.00964553915833548
1591949683.1069 28.5339652258491 -3.02275824613182 33.5013208434449 -0.0247876485275054 -0.997639013292139 -0.0635162763544526 0.0082252219440196
1591949683.1399 28.5338935914525 -3.0207040050018 33.4765459268005 -0.024512037955502 -0.997718837153229 -0.0625257110114296 0.00684232762964295
1591949683.1729 28.53385128002 -3.0186634887391 33.4517100158882 -0.0242130085960409 -0.997778915404382 -0.0618175081790849 0.00543708301492717
1591949683.2059 28.5339848258105 -3.0166389254022 33.4267595336636 -0.0241266428712094 -0.997813164502746 -0.0614062520532928 0.00400824868851911
1591949683.2389 28.5339919583854 -3.01466985351515 33.4018749067876 -0.0243953893498188 -0.997845651871127 -0.0608436079745414 0.00264109617348316
1591949683.2719 28.5335738240722 -3.01201828852195 33.3751063397482 -0.0245042092635281 -0.997851229970566 -0.0607534349366826 0.00121931045781183
1591949683.3049 28.5338433111854 -3.01016688566944 33.3500514471834 -0.0240482569312377 -0.997863322735495 -0.0607484589689592 -0.000308562382147515
1591949683.3379 28.5341485405032 -3.00836262110049 33.3250559600332 -0.0240404940794271 -0.997842033637071 -0.0610755234950449 -0.00176379739682323
1591949683.3709 28.5351178135333 -3.00737550247417 33.3018005474577 -0.0242267457914198 -0.997823900914227 -0.0612390949824918 -0.00320948569075808
1591949683.4039 28.5355564768318 -3.005498992655 33.2767461009333 -0.0244259610664029 -0.997800842401159 -0.0614431986531257 -0.00464593034731466
1591949683.4369 28.5360247137666 -3.00356620705891 33.2516898777318 -0.0247245328521226 -0.997761035336754 -0.0618402004618351 -0.00611583565936516
1591949683.4699 28.5364848882246 -3.00156710317529 33.2265982765973 -0.0251875569606859 -0.997698009055122 -0.062497037372575 -0.00764133636535727
1591949683.5029 28.5371215133967 -2.99962853939265 33.2014840473456 -0.0253718669969834 -0.997626339780377 -0.0633558691722806 -0.00916451760433537
1591949683.5359 28.5378369014183 -2.99769645915477 33.1764606502372 -0.0252322238504368 -0.997559205309397 -0.064231435936538 -0.0106437502590086
1591949683.5689 28.5385775277239 -2.9957245716918 33.1513828086054 -0.0253744339308527 -0.997496584144259 -0.0648842544582904 -0.0121134737633783
1591949683.6019 28.5393984273472 -2.99367822909754 33.1263266314229 -0.0256897528417985 -0.997399104938014 -0.0659536728882262 -0.0136079058024549
1591949683.6349 28.5402934820628 -2.99155928849612 33.1012761310145 -0.0259150606489426 -0.997334535678113 -0.0665227624019029 -0.0150650475507156
1591949683.6679 28.5413596585878 -2.98952056210518 33.0764390876573 -0.0258880260110052 -0.997295596699303 -0.0667832861150232 -0.0164710536734382
1591949683.7009 28.5424043078087 -2.98738030098567 33.0515417303899 -0.0257752561532179 -0.997241438045604 -0.0672605110849393 -0.0179213298492085
1591949683.7339 28.5436575424397 -2.98521371484784 33.0266546685814 -0.0256114086181765 -0.997201930693399 -0.0675205638349729 -0.0193219727087279
1591949683.7669 28.5449634861533 -2.98310306269696 33.0018766003059 -0.0255033116760273 -0.997159675814483 -0.0677886176237802 -0.0206607198269709
1591949683.7999 28.5463173952722 -2.98094871131866 32.9770728489797 -0.025373792032614 -0.9971256748896 -0.067916250999487 -0.0219986818700789
1591949683.8329 28.5477266532843 -2.97878180151992 32.9522120490913 -0.0253056653826999 -0.997089367866973 -0.0680285837318624 -0.0233351147761589
1591949683.8659 28.5492802789415 -2.97662618315934 32.927397842086 -0.0251981540268594 -0.997069718596241 -0.0679127275306766 -0.0245945264519504
1591949683.8989 28.5507717092405 -2.9745186803919 32.9027092233412 -0.0253159904908602 -0.997049693598043 -0.0676772884078956 -0.0258996863932833
1591949683.9319 28.5523339074295 -2.97239986391146 32.8779857813431 -0.0253211166160696 -0.997040719153995 -0.067306133800818 -0.0271759039405671
1591949683.9649 28.5539196152133 -2.97033375827308 32.853362062508 -0.025512104568167 -0.997022438534496 -0.0669731257041838 -0.0284603234809645
1591949683.9979 28.5554558445738 -2.96794499859644 32.8285279684021 -0.0258570041515324 -0.997003234631469 -0.0665304216966734 -0.0298273106323347
1591949684.0309 28.557112418608 -2.96590978065288 32.8039443521992 -0.0264022603464028 -0.996968206611512 -0.0662365384084496 -0.0311454111241644
1591949684.0639 28.5588347344154 -2.96389295455784 32.7793157855566 -0.0270159124501255 -0.996924746597346 -0.0659771454997097 -0.0325300840456106
1591949684.0969 28.5607186733015 -2.96215063921008 32.7548152966905 -0.0276976054243653 -0.996868090051768 -0.065862901317648 -0.0338958982816348
1591949684.1299 28.5625228705984 -2.96017052925001 32.7302391310846 -0.0282504537580414 -0.996802606878807 -0.0658230534788782 -0.0354090442231295
1591949684.1629 28.5644381209859 -2.95817228000611 32.7055886036342 -0.0289139670275467 -0.996724085204477 -0.0659124416102985 -0.0368867255933305
1591949684.1959 28.5663485999428 -2.95615183231317 32.6812111245582 -0.0296648698219545 -0.996633702126994 -0.0661200113814501 -0.0383327976803905
1591949684.2289 28.5683311489447 -2.95415587770272 32.6566617429576 -0.0304115926027361 -0.9965358008191 -0.066366884893408 -0.0398367833885293
1591949684.2619 28.5703922882787 -2.95215956593237 32.6321367799478 -0.0312496349100258 -0.996437711825435 -0.0665170070920661 -0.0413622356455217
1591949684.2949 28.5718078075517 -2.94945014949199 32.6062790167993 -0.0319862081768678 -0.996330363816163 -0.0667994267644197 -0.042901342733794
1591949684.3279 28.5739813757606 -2.94745997959687 32.5819029690307 -0.0327229580581163 -0.996223889051691 -0.0669608385557587 -0.0445355700374472
1591949684.3609 28.5762787604716 -2.94548299671599 32.5575993559632 -0.0333878434598769 -0.99612898611316 -0.0669172947079839 -0.0461992489466131
1591949684.3939 28.5795008418002 -2.94456662173555 32.5349080605071 -0.0341749765354565 -0.996031015718321 -0.0667484788611083 -0.0479471300044042
1591949684.4269 28.5819879610077 -2.94255979849701 32.5106538607444 -0.0348822529667091 -0.995933687420639 -0.0665218288780107 -0.0497409787943432
1591949684.4599 28.5845628265505 -2.94059020667561 32.4864647863955 -0.0353639722814738 -0.99583643994363 -0.0663005399959075 -0.0516082623338888
1591949684.4929 28.5874092872084 -2.93869044854498 32.4622854212694 -0.0356076373038984 -0.995739233531646 -0.0660906733247144 -0.0535490230623286
1591949684.5259 28.5901909399999 -2.9367052159457 32.4381623674417 -0.0360881751461092 -0.995629903935658 -0.0658771374087957 -0.0554882038862316
1591949684.5589 28.5931221236026 -2.93478736211468 32.4141239476157 -0.0365092282771091 -0.995531827196261 -0.0654483911564537 -0.057445325178955
1591949684.5919 28.5961202418998 -2.93288539785501 32.3900476670268 -0.0368549637069277 -0.995396634162131 -0.0655514545258429 -0.059415984031301
1591949684.6249 28.5993015124875 -2.93102546416481 32.3660068959588 -0.0368917061974323 -0.995276234375668 -0.0655700851045967 -0.0613578294939499
1591949684.6579 28.6026347783652 -2.92914883515006 32.3419128862629 -0.0367414433622049 -0.995146367752035 -0.0657372448437776 -0.0633434111012621
1591949684.7239 28.6096107878323 -2.92539054546855 32.2938562076141 -0.0360694357750185 -0.99490140081847 -0.0659414898147491 -0.0672452107835921
1591949684.7569 28.6131927215032 -2.92350821009795 32.2698563573368 -0.0359176172653853 -0.994760439295292 -0.0661432468724143 -0.0691857216207886
1591949684.7899 28.6169208715634 -2.92162335897855 32.2457550246215 -0.0362529560269394 -0.994562413625051 -0.0669108976183352 -0.0710933215114445
1591949684.8229 28.6206230030866 -2.91975159762797 32.2218091081911 -0.0365156036969491 -0.994387339581126 -0.0672879744607908 -0.0730257356031581
1591949684.8559 28.6240105729728 -2.91728841036171 32.1962366378871 -0.0365744286913147 -0.994214934160893 -0.0675885748861687 -0.0750383928546725
1591949684.8889 28.6279474804887 -2.91540121785449 32.172345688522 -0.0366351747183077 -0.99401764420731 -0.068283200944954 -0.0769687692939157
1591949684.9219 28.6319495568328 -2.91346220105317 32.1485027206178 -0.0366823886485069 -0.993826986669786 -0.0686600399038443 -0.0790450621499837
1591949684.9549 28.6364360041979 -2.91207342160242 32.1264977134524 -0.0370058549955312 -0.993610705857706 -0.0693559993697242 -0.0809819563386066
1591949684.9879 28.6406210508363 -2.91013091907236 32.1026279286603 -0.0371890872620386 -0.99340882192184 -0.0697254761547912 -0.0830315740635259
1591949685.0209 28.6448279219412 -2.90808445785644 32.0788837788021 -0.0376677963979377 -0.993241736650444 -0.0693743929346698 -0.0850833902420386
1591949685.0539 28.6490528646159 -2.90611625729221 32.0552616277779 -0.038369656997068 -0.993022536212217 -0.0695212469995975 -0.0871826141624819
1591949685.0869 28.6534780470329 -2.90412921145237 32.0316609066122 -0.0388822674871423 -0.992835158032544 -0.069227780712205 -0.0892974390854182
1591949685.1199 28.6578645553622 -2.90212456180639 32.0080497687058 -0.0393389940857226 -0.992626532560478 -0.0690714962217424 -0.091510320789382
1591949685.1529 28.6625066202902 -2.90019722538796 31.984662641974 -0.0397064330106874 -0.992404706314894 -0.0692369674779527 -0.0936084419060227
1591949685.1859 28.6668526773054 -2.8977102709203 31.9598065162642 -0.0401661476436322 -0.992179092972999 -0.0692405461283593 -0.0957761704318697
1591949685.2189 28.671640707825 -2.89573327989328 31.9363249917881 -0.0404969370694565 -0.991938492317702 -0.0695534720354242 -0.0978792116554593
1591949685.2519 28.6765936627664 -2.89380408246894 31.9129766692716 -0.0407078977211156 -0.991705073111529 -0.0698044849762925 -0.0999562349489917
1591949685.2849 28.6820075894261 -2.8924860467437 31.8910891187472 -0.0408378520931926 -0.991471654162818 -0.0699824767002681 -0.102071944151939
1591949685.3179 28.687078892817 -2.89055276634709 31.8676896636954 -0.0410168964496003 -0.991210534185185 -0.0704421192247548 -0.104197883688147
1591949685.3509 28.6923208325336 -2.88862846827724 31.844473317172 -0.0413107704652378 -0.990933023604825 -0.0710301577983254 -0.10630089207581
1591949685.3839 28.6974648736877 -2.88668158359851 31.8208989698964 -0.0417906200582794 -0.990658886122986 -0.071428262590657 -0.108381357824998
1591949685.4169 28.7027041973133 -2.88460475728253 31.7974269607552 -0.0421044980319791 -0.990391993148386 -0.0716931643294425 -0.110503399682878
1591949685.4499 28.7083492800955 -2.88285297110539 31.77482614604 -0.0422793405488703 -0.990165415523663 -0.0716707759036946 -0.112464248296812
1591949685.4829 28.7137403963154 -2.88078907523097 31.7514491156413 -0.0422989040911144 -0.989933076907892 -0.0714783653185554 -0.114604316008392
1591949685.5159 28.7196222335317 -2.87893042817368 31.7290316868678 -0.0419449080912821 -0.989746741953826 -0.0711713357717617 -0.116518893066596
1591949685.5489 28.7250869106155 -2.87675650795104 31.7053651251236 -0.0419787667061856 -0.989499702556741 -0.071084182217082 -0.118638782969474
1591949685.5819 28.7312036979092 -2.87508864530947 31.683402199431 -0.0420590083928479 -0.989274965873517 -0.071097391106063 -0.120462619458793
1591949685.6149 28.7365072333941 -2.8728225254909 31.6594302737605 -0.0424777935584375 -0.989030079935122 -0.0705758401623119 -0.122613982984474
1591949685.6479 28.7431230657576 -2.8713310663017 31.6378875714304 -0.0425911210897187 -0.98883244777992 -0.0704015660654067 -0.124257821151953
1591949685.6809 28.7491337325508 -2.86952840759266 31.6155002742922 -0.0428987364300854 -0.988590980621931 -0.0702372467296808 -0.126151895021461
1591949685.7139 28.7552148957419 -2.86772499142193 31.5931489929138 -0.0430489416098316 -0.988346496311894 -0.0701333878149022 -0.128059750772368
1591949685.7469 28.7612087908371 -2.86617640488417 31.5715374532918 -0.0431012152325587 -0.988075711583544 -0.0703366147731195 -0.130005515446105
1591949685.7799 28.7673998056815 -2.86445320941653 31.5493582310399 -0.0431688459405897 -0.987813263701267 -0.0705518171708976 -0.131847820952393
1591949685.8129 28.7736844507061 -2.86267374903015 31.5270534643474 -0.0433558724575044 -0.987552729943638 -0.0706780172213141 -0.13365811530162
1591949685.8459 28.7799340303305 -2.86089683736594 31.5047944057035 -0.0434029720423792 -0.987297920376088 -0.0708206948891097 -0.135437910550792
1591949685.8789 28.7865098680153 -2.85936105992038 31.4833402349587 -0.0431897172805355 -0.987058838366285 -0.0711897156352976 -0.137045694248277
1591949685.9119 28.7928063305602 -2.85755609612135 31.4611716773786 -0.0432964262721138 -0.986793901319845 -0.0715010659005341 -0.13874730038855
1591949685.9449 28.7993920684102 -2.85598616213004 31.4397914366475 -0.0433545793673834 -0.986550175969548 -0.0718350366358824 -0.140281353906542
1591949685.9779 28.8059401964278 -2.85430495390609 31.4181716771465 -0.0434054181817423 -0.986310251700676 -0.072080987712986 -0.14181815212778
1591949686.0109 28.8124549886122 -2.85249353146167 31.3961223216491 -0.0436589952163133 -0.986049018164199 -0.0727483341433165 -0.14320930763569
1591949686.04391 28.8190761725334 -2.85079476804483 31.3747221904782 -0.0436820406157837 -0.985801833086868 -0.0732149311590645 -0.144658905932489
1591949686.07691 28.8257512197847 -2.84905115308676 31.3533899604343 -0.0435512438991103 -0.985563802116379 -0.0735644162139848 -0.146135409055584
1591949686.10991 28.8323569460437 -2.84755899192522 31.3327959260489 -0.043524519145574 -0.985309303964163 -0.07396926200555 -0.147647350240894
1591949686.14291 28.8390656525658 -2.84589655759653 31.3117824677603 -0.0435149402180096 -0.985083358386066 -0.0741146066506787 -0.149078006726904
1591949686.17591 28.8457973120975 -2.84422847912459 31.2908606060466 -0.0434534475744895 -0.984875091758736 -0.0740891191534723 -0.150478084617581
1591949686.20891 28.8526333691692 -2.84260345103295 31.27007646773 -0.0433935877608728 -0.98468273523832 -0.07394417736032 -0.151819518176439
1591949686.24191 28.8594259858583 -2.84100933473399 31.2494701219126 -0.043524183307009 -0.984500258427179 -0.0735861620562259 -0.153133808736381
1591949686.27491 28.8661380111439 -2.8394402340357 31.2290341801033 -0.0438470871224722 -0.984320080180843 -0.0730483652682485 -0.154451769285071
1591949686.30791 28.8728681280028 -2.83783533722004 31.2087928480413 -0.0440743076086325 -0.984194848466302 -0.0720698088621235 -0.15564028499007
1591949686.34091 28.8796859679614 -2.83630268433094 31.1886623932736 -0.0442100587588097 -0.984065869921946 -0.0711721124326609 -0.156825905931318
1591949686.37391 28.8865078912822 -2.83478579545205 31.1686751864252 -0.0442458031771276 -0.98393817524427 -0.0703770079617514 -0.157971684008679
1591949686.40691 28.893305467561 -2.83328239604264 31.1487004291355 -0.0442639787524866 -0.983805202346765 -0.0697441060978752 -0.159071630673256
1591949686.43991 28.9002041174419 -2.83183689711123 31.1287878037265 -0.0442098972085699 -0.983655684287195 -0.0694198327029545 -0.160149513223713
1591949686.47291 28.9070896779168 -2.83046023998175 31.1090512881965 -0.0441240292206624 -0.983513527520369 -0.0691391512378562 -0.161164478083362
1591949686.50591 28.9138211470892 -2.82909062028033 31.0894816515041 -0.0440052036558893 -0.983344675373287 -0.0692615929788087 -0.16217158568703
1591949686.53891 28.9207046278058 -2.82780788630394 31.0698912025975 -0.0437852420546188 -0.9831703668948 -0.069475536626572 -0.163193235302855
1591949686.57191 28.9276415160133 -2.82651425727963 31.0504333105906 -0.0434986328761542 -0.982996058327241 -0.0697793573440885 -0.164187269724726
1591949686.60491 28.9345739672632 -2.8252755853663 31.031102083742 -0.0431824582957463 -0.982810969074887 -0.0702239227244624 -0.16518618295368
1591949686.63791 28.9415758933913 -2.82403506791362 31.0120441104608 -0.0427453959005007 -0.982646759035048 -0.0705079002953114 -0.166152983973122
1591949686.67091 28.9485184746609 -2.82276567011143 30.9929146751105 -0.042441845623697 -0.982487244828832 -0.0706874021556488 -0.167095166492604
1591949686.70391 28.9553738168235 -2.82146345270556 30.9740160761349 -0.0422639822895585 -0.982338467299388 -0.070727300834586 -0.167995655841365
1591949686.73691 28.9621649425997 -2.82021119546265 30.9554335558822 -0.0423306635617739 -0.982184811019815 -0.0707266527681635 -0.168875257253989
1591949686.76991 28.9690044311711 -2.81888028648909 30.9368150551338 -0.042367820749651 -0.982052532055133 -0.0704775254079839 -0.169737180550978
1591949686.80291 28.9757646321052 -2.81757223918983 30.9184181811094 -0.0423958629529728 -0.981920947353558 -0.0702251788021872 -0.170593869218576
1591949686.83591 28.9825823191961 -2.8162942714015 30.9001307111259 -0.0423108805236059 -0.981805130988036 -0.0699395010251194 -0.171397025502893
1591949686.86891 28.9892538687929 -2.81497542746525 30.8818510268015 -0.0420974382867173 -0.981682530581505 -0.0697148909171188 -0.172241251810368
1591949686.90191 28.9960349529847 -2.81370899761658 30.8637958629248 -0.0418624685779132 -0.981574963749453 -0.0694563012152358 -0.173014295612594
1591949686.93491 29.0027903587803 -2.81247273953401 30.846003808052 -0.041559967188467 -0.981470143926986 -0.0693674358972284 -0.173716103295804
1591949686.96791 29.0095416277842 -2.81129247040487 30.8282958712203 -0.0412786419283283 -0.981352692582219 -0.069400356343907 -0.174432098598622
1591949687.00091 29.0162566795937 -2.8101103228223 30.8107331614395 -0.0410011002732305 -0.981243432554298 -0.0694811117707509 -0.175078870662752
1591949687.03391 29.0229196975821 -2.80895040731726 30.7933228742756 -0.0407338494106151 -0.981127369364021 -0.0695965572536008 -0.175744581183819
1591949687.06691 29.0295669822468 -2.80778894898554 30.7760111013976 -0.0404730080314068 -0.981021602717546 -0.0695795371896152 -0.176400789756923
1591949687.09991 29.0361482405865 -2.80667406884939 30.7589343537067 -0.0402873394805646 -0.980916769189939 -0.0696132457829351 -0.177011915449537
1591949687.13291 29.042683963164 -2.80555247491952 30.7419694739197 -0.0401304106193504 -0.98079981770841 -0.0698259840588225 -0.177610809572193
1591949687.16591 29.0492144940398 -2.8044326753688 30.7250589915669 -0.039963355040221 -0.980691039177549 -0.0700904126601594 -0.17814418313242
1591949687.19891 29.0556631512628 -2.80333720970636 30.7084100372671 -0.0398111002688034 -0.98058961545685 -0.0703292869334784 -0.178641746949037
1591949687.23191 29.0620998567086 -2.80221583474335 30.6919068706821 -0.0397397270763577 -0.98050094498019 -0.0704745939869052 -0.179086522628676
1591949687.26491 29.068326647188 -2.80116162155216 30.6757657095956 -0.0396577308021502 -0.980399408150546 -0.0706692610922836 -0.179583185243928
1591949687.29791 29.0745499686229 -2.80012096441321 30.6597369188751 -0.0396446796575815 -0.980298877819815 -0.0708380292824188 -0.180067718171366
1591949687.33091 29.0807654624608 -2.79903097132534 30.6437994996021 -0.0396516629937828 -0.980195794276324 -0.071016735643129 -0.180556289736545
1591949687.36391 29.0869755608312 -2.79791049886402 30.6280248747605 -0.0396693420235702 -0.980100868495627 -0.0711643555532297 -0.181009020151563
1591949687.39691 29.0930415056464 -2.79686230455957 30.6124741334242 -0.0396493983417819 -0.979996145544775 -0.0713780101563671 -0.181495618665123
1591949687.42991 29.0990712036868 -2.79580256213311 30.5971044524976 -0.0397746265892838 -0.979899446965467 -0.0715663010974809 -0.181915687788819
1591949687.46291 29.1050376603984 -2.79472793503486 30.5818779613776 -0.0400069829267989 -0.979814826237531 -0.071690574085551 -0.182271251681375
1591949687.49591 29.1108821859028 -2.79373146102717 30.5668913607809 -0.0401746128894598 -0.979717521542216 -0.0719527439670353 -0.182653719091546
1591949687.52891 29.1167349047889 -2.79271048191312 30.5520702087679 -0.0402521378984943 -0.979646048059009 -0.0720107467589811 -0.182996825841818
1591949687.56191 29.1225354992882 -2.79170580951271 30.5374610178035 -0.040267919284358 -0.979578282029532 -0.0720520488763945 -0.18333953830337
1591949687.59491 29.1283260994161 -2.7907080521076 30.5230315554793 -0.0402495640498376 -0.979524561843397 -0.0719035971490202 -0.18368853545154
1591949687.62791 29.1340039491038 -2.78976227300605 30.5088295987929 -0.0401265113387515 -0.979466582893967 -0.0718189809828174 -0.184057355333565
1591949687.66091 29.1396210575103 -2.78882636819887 30.4948632163148 -0.039938808163159 -0.979414372433934 -0.0717515836386033 -0.184401976447384
1591949687.69391 29.1452017085694 -2.78787244631326 30.4809963481928 -0.0398054214811326 -0.979372801087727 -0.0715668703418393 -0.1847231116557
1591949687.72691 29.1507285283158 -2.78692983265383 30.4672426639233 -0.039695774105394 -0.979350549280627 -0.0712752369444989 -0.18497726276603
1591949687.75991 29.1561813375418 -2.78602017861969 30.4538267591742 -0.039412767926508 -0.979337750017491 -0.0710452577905542 -0.18519388883147
1591949687.79291 29.1615523474493 -2.78508487637734 30.4405181859676 -0.0392504052325024 -0.979311533187844 -0.0710188681713789 -0.18537704015874
1591949687.82591 29.1667979328601 -2.78420997086834 30.4274745541308 -0.0392274581020014 -0.979291788636631 -0.0709826153041426 -0.185500047343142
1591949687.85891 29.1719929021906 -2.7833163226933 30.4145479704191 -0.0392672257605721 -0.979283881826681 -0.0708840953244067 -0.185571034392696
1591949687.89191 29.1771132685748 -2.78245225032592 30.4018136675019 -0.0393424972533506 -0.97928434702621 -0.0706297545997476 -0.18564959828801
1591949687.92491 29.1821196975424 -2.78162257391124 30.3892671532021 -0.0394544546954869 -0.979268476420916 -0.0706402943048814 -0.185705535494934
1591949687.95791 29.1869969624381 -2.78083558364761 30.3769327925986 -0.0395226433056521 -0.979233818080038 -0.070834060365644 -0.185799962558238
1591949687.99091 29.1918774364948 -2.780031319066 30.3647293182704 -0.0395073456575973 -0.979205798172516 -0.0710044834031916 -0.185885819257585
1591949688.02391 29.1966902270268 -2.77923522274514 30.3527830420207 -0.0394587860555901 -0.979188224046774 -0.0711128246011472 -0.185947283573573
1591949688.05691 29.2014069952272 -2.77845375796279 30.3409876977951 -0.0393330014458019 -0.979175596024867 -0.0711418869081953 -0.186029296278172
1591949688.08991 29.2061313450596 -2.77766185806321 30.3293382652797 -0.0391634861755156 -0.979173933073609 -0.0711851832778726 -0.186057248774232
1591949688.12291 29.2107820981649 -2.77690747951151 30.3179223682873 -0.0389049425798689 -0.979163272120145 -0.0714145411386004 -0.18607970143944
1591949688.15591 29.2153461890167 -2.77611032334166 30.306674058134 -0.0387083879855808 -0.979169689029331 -0.0714461217375629 -0.186074803437818
1591949688.18891 29.2198061373793 -2.77540891819703 30.2956394489225 -0.0385701637540806 -0.979182596652116 -0.0714695563156938 -0.186026577137895
1591949688.22191 29.2241929335683 -2.77461717043783 30.2848641448504 -0.0383737318547142 -0.979196627838361 -0.0714335119453145 -0.186007188314548
1591949688.25491 29.228539586677 -2.77386546961743 30.2741645763487 -0.0382552679049224 -0.979221839409896 -0.071185034387883 -0.185994125120713
1591949688.28791 29.2327610202118 -2.77318067817602 30.2636878973064 -0.0383297894064836 -0.97923005986066 -0.0709933300662398 -0.186008774511979
1591949688.32091 29.2368586033489 -2.77247537790553 30.2533909676086 -0.038446087535719 -0.97922009189687 -0.0709806608311522 -0.186042080634073
1591949688.35391 29.2408821909717 -2.77181547356473 30.2432141035489 -0.038598109016899 -0.979214339946354 -0.070885875847882 -0.18607701370407
1591949688.38691 29.2448216606496 -2.77113908066879 30.2331991206434 -0.0388352563535769 -0.979205597406036 -0.0708401864411803 -0.186091076781287
1591949688.41991 29.2487005367158 -2.77050697766631 30.2233107016136 -0.0391034071570239 -0.979213655775662 -0.0706494073617937 -0.186065045429289
1591949688.45291 29.2524986142141 -2.76985347827214 30.213645642949 -0.0393144432840499 -0.97923177558949 -0.0704637286140196 -0.185995610633505
1591949688.48591 29.2562260261967 -2.76920272109408 30.2041369778313 -0.0393952738688277 -0.97924431792045 -0.0705111851168441 -0.185894461968963
1591949688.51891 29.2598967357382 -2.76855419805058 30.1948410748294 -0.039471720764397 -0.97927173724253 -0.0704944141777812 -0.185740101937158
1591949688.55191 29.2635208552357 -2.76793111919003 30.1857442516041 -0.0395274693819555 -0.979322028936269 -0.0703109381338399 -0.185532516781148
